Vehicle_Make,Vehicle_Model,Vehicle_Year,Vehicle_Value,Severity,Damage_Type,Num_Vehicles_Involved,Road_Type,Time_Hour,Injuries,Repair_Cost,Medical_Cost,Total_Cost
Subaru,Outback,2018,10979,4,Severe,4,Rural,13,6,20928,95365,249721
Mercedes-Benz,C-Class,2016,13721,3,Moderate,4,Highway,22,6,11586,13821,90747
Toyota,Corolla,2016,5812,2,Severe,3,Highway,17,4,17615,13686,65599
Tesla,Model Y,2023,45606,1,Minor,2,Highway,3,0,9709,1373,19700
Mazda,CX-5,2019,15939,4,Severe,1,Residential,17,1,23128,124462,134391
Honda,Accord,2015,6665,3,Severe,3,Urban,23,1,18399,37911,139160
Chevrolet,Silverado,2021,22199,3,Severe,2,Highway,22,1,30983,24985,110065
BMW,3 Series,2018,16072,4,Total Loss,2,Residential,12,0,15268,88123,119632
Jeep,Wrangler,2017,10641,4,Total Loss,3,Rural,7,1,10108,89359,161415
Nissan,Altima,2022,21510,2,Severe,1,Rural,17,1,25324,13087,37022
Nissan,Altima,2015,5263,4,Total Loss,3,Highway,5,5,4999,141030,381437
Tesla,Model Y,2021,31229,3,Moderate,1,Urban,14,2,21863,14604,48032
Ford,F-150,2016,11216,3,Total Loss,3,Highway,10,6,10655,19449,59302
Honda,Civic,2022,16574,2,Moderate,1,Rural,4,0,8977,7510,22621
Toyota,Corolla,2016,6377,3,Total Loss,2,Highway,9,3,6058,22364,50531
Hyundai,Elantra,2021,14901,3,Severe,4,Urban,20,6,21705,21094,94185
Toyota,Camry,2020,10929,1,Minor,3,Rural,11,0,2374,1368,5746
Nissan,Altima,2016,8475,3,Severe,2,Highway,2,3,19068,29625,114311
Tesla,Model 3,2022,34501,1,Minor,4,Urban,14,0,7710,2358,24013
Subaru,Outback,2018,13881,4,Severe,2,Highway,9,0,22495,96289,183931
Mercedes-Benz,C-Class,2019,17848,1,Minor,1,Residential,9,0,4355,3171,7029
Subaru,Outback,2023,26197,1,Minor,3,Residential,4,0,3857,1829,10728
Mazda,CX-5,2018,11188,1,Moderate,3,Urban,6,0,7852,2912,18949
Hyundai,Elantra,2021,12864,2,Severe,1,Urban,6,2,20788,10579,35773
Tesla,Model Y,2023,52180,1,Minor,1,Residential,8,0,10892,1369,10695
Mazda,CX-5,2021,19350,1,Minor,4,Rural,10,0,3144,1959,8906
Nissan,Altima,2023,25907,1,Minor,1,Rural,21,0,3572,2768,5928
Toyota,Camry,2024,28557,2,Moderate,3,Highway,8,4,11853,4775,33122
Hyundai,Elantra,2020,9589,2,Moderate,2,Residential,18,1,7157,12840,21669
Nissan,Altima,2015,6682,2,Moderate,2,Residential,3,4,6603,10884,26516
Nissan,Altima,2024,31763,1,Minor,4,Urban,19,0,4041,3327,14233
Chevrolet,Silverado,2017,18987,1,Minor,2,Highway,19,0,3778,3524,10598
Toyota,Corolla,2016,6761,2,Minor,2,Rural,2,3,2007,6477,12292
Honda,Civic,2019,11040,4,Total Loss,3,Urban,21,4,10488,73966,166118
Toyota,Corolla,2018,9733,2,Moderate,4,Residential,17,2,7189,11425,35811
Hyundai,Elantra,2017,8524,1,Minor,2,Rural,16,0,2139,2664,6326
Hyundai,Elantra,2020,13589,4,Total Loss,4,Highway,10,4,12909,91860,288887
Toyota,Camry,2018,10207,2,Moderate,2,Highway,2,2,7449,12782,44702
Mercedes-Benz,C-Class,2021,35004,3,Severe,1,Residential,8,1,48603,29703,80725
Subaru,Outback,2016,9706,2,Moderate,3,Residential,19,2,7620,5653,17963
BMW,3 Series,2022,38862,1,Minor,3,Residential,19,0,7329,2985,13508
Tesla,Model Y,2021,32340,2,Severe,3,Urban,18,0,49927,8328,114693
Tesla,Model 3,2022,32235,1,Minor,2,Urban,19,0,7302,2219,12616
Tesla,Model Y,2020,33829,4,Total Loss,4,Rural,11,2,32137,109755,238173
BMW,3 Series,2019,19974,4,Total Loss,1,Highway,18,0,18975,111124,182401
Jeep,Wrangler,2016,8087,4,Total Loss,1,Rural,15,0,7682,121163,116910
Chevrolet,Silverado,2015,14076,4,Total Loss,2,Urban,14,0,13372,48095,93150
Nissan,Altima,2018,10840,4,Total Loss,1,Rural,13,1,10298,80504,98639
Tesla,Model 3,2018,16882,2,Severe,2,Highway,2,1,33232,8031,93967
Toyota,Corolla,2017,7246,3,Moderate,4,Highway,13,7,6630,40097,132020
Honda,Civic,2018,8207,2,Moderate,2,Highway,17,3,6969,13470,32519
Toyota,Corolla,2024,21710,3,Moderate,3,Rural,20,1,9884,38697,93384
Hyundai,Elantra,2024,19251,1,Minor,1,Highway,9,0,2943,1200,5719
Ford,F-150,2020,19109,1,Minor,1,Residential,0,0,3793,1051,4926
Nissan,Altima,2023,24621,2,Minor,3,Rural,21,4,3469,10039,20910
Subaru,Outback,2016,9499,3,Moderate,3,Urban,5,6,7564,27168,80910
Jeep,Wrangler,2020,15724,3,Total Loss,1,Highway,4,1,14937,31934,81475
Mazda,CX-5,2022,17852,1,Moderate,1,Urban,0,0,9552,1891,16646
Nissan,Altima,2018,8416,4,Total Loss,3,Highway,23,0,7995,111870,272599
Tesla,Model 3,2019,19998,4,Total Loss,4,Urban,22,2,18998,47622,153157
Tesla,Model Y,2022,45102,2,Severe,4,Rural,1,2,63710,13672,165988
BMW,3 Series,2016,13388,4,Severe,4,Highway,21,2,27049,75700,261414
BMW,3 Series,2022,38376,2,Severe,3,Residential,17,5,49538,7454,78548
Chevrolet,Silverado,2021,27315,1,Minor,1,Urban,14,0,4777,3522,9884
Toyota,Camry,2016,7041,3,Severe,1,Residential,21,2,18379,22107,39849
Subaru,Outback,2018,13183,4,Total Loss,2,Residential,11,4,12523,92247,127909
Toyota,Corolla,2023,22938,4,Severe,4,Highway,3,7,25322,118366,497256
Ford,F-150,2020,22818,4,Severe,3,Urban,21,4,31428,143093,296314
BMW,3 Series,2022,28943,3,Severe,2,Highway,10,2,41048,34693,134599
Nissan,Altima,2020,14870,4,Total Loss,3,Urban,7,4,14126,61051,126888
Nissan,Altima,2024,25537,2,Severe,3,Highway,1,0,27257,9007,96363
Ford,F-150,2023,33529,4,Total Loss,1,Urban,23,1,31852,112997,215537
Jeep,Wrangler,2018,12066,1,Minor,1,Highway,15,0,2827,1828,6245
BMW,3 Series,2019,22743,1,Moderate,4,Highway,14,0,15234,1933,39602
Toyota,Camry,2016,7831,4,Total Loss,3,Urban,17,2,7439,78423,138815
Honda,Accord,2020,14375,3,Moderate,1,Residential,11,1,8665,18591,30369
Chevrolet,Silverado,2018,14928,3,Severe,1,Urban,0,2,25748,33699,93488
Nissan,Altima,2020,11015,4,Total Loss,4,Highway,16,2,10464,118855,323965
Ford,F-150,2024,58668,2,Minor,3,Urban,14,5,8540,13501,36089
Honda,Accord,2018,12950,4,Total Loss,4,Highway,20,5,12302,70556,181382
Subaru,Outback,2019,16081,1,Minor,1,Residential,18,0,2947,1701,4375
Mercedes-Benz,C-Class,2024,47002,3,Total Loss,1,Residential,19,1,44651,12688,50570
BMW,3 Series,2020,19408,2,Severe,3,Highway,0,6,32467,7918,112313
Ford,F-150,2019,20425,4,Total Loss,3,Urban,15,1,19403,131019,233596
Subaru,Outback,2021,18157,4,Total Loss,4,Rural,6,0,17249,96717,229525
BMW,3 Series,2024,51347,4,Severe,1,Residential,23,1,61212,84835,177830
Chevrolet,Silverado,2018,13221,3,Moderate,3,Urban,20,1,9759,35158,96126
Subaru,Outback,2024,32077,4,Total Loss,3,Residential,5,4,30473,90571,185903
BMW,3 Series,2020,23888,4,Total Loss,4,Rural,12,8,22693,59227,174668
Toyota,Camry,2017,8650,4,Severe,1,Highway,12,2,19152,50533,107923
Toyota,Camry,2018,11748,2,Moderate,2,Highway,1,2,7819,4299,21237
Toyota,Camry,2021,15290,3,Moderate,4,Rural,10,8,8669,24736,79287
Jeep,Wrangler,2024,40578,1,Minor,3,Urban,16,0,5963,3173,17072
Tesla,Model Y,2021,39067,2,Moderate,3,Residential,6,5,26096,13642,54999
Honda,Accord,2016,8704,3,Severe,1,Urban,17,0,19439,43992,69787
Subaru,Outback,2016,9802,3,Severe,2,Rural,5,2,20293,24319,74695
Ford,F-150,2015,13157,3,Total Loss,3,Highway,14,4,12499,38239,117899
Subaru,Outback,2021,16184,3,Severe,1,Highway,19,2,23739,36535,86458
Honda,Civic,2015,5003,2,Moderate,2,Urban,8,4,6200,14059,28264
Toyota,Camry,2015,7005,1,Minor,2,Highway,12,0,2060,1742,5677
Toyota,Corolla,2024,24448,4,Total Loss,4,Rural,7,6,23225,88170,226656
Mercedes-Benz,C-Class,2019,19992,3,Severe,2,Residential,1,3,34192,34463,100127
Subaru,Outback,2019,16615,4,Severe,2,Rural,17,0,23972,46443,97483
Hyundai,Elantra,2020,10220,4,Severe,2,Residential,4,4,19599,111287,212138
Toyota,Camry,2024,33820,1,Minor,2,Urban,16,0,4205,2684,10466
Tesla,Model Y,2024,49209,1,Minor,2,Residential,1,0,10357,1713,15490
Jeep,Wrangler,2022,32216,1,Moderate,2,Residential,13,0,15631,3246,25245
Hyundai,Elantra,2022,14285,4,Total Loss,3,Highway,0,0,13570,93967,296019
Tesla,Model Y,2020,27685,2,Moderate,3,Highway,4,0,19949,8121,73996
Tesla,Model Y,2022,43045,4,Total Loss,3,Rural,15,0,40892,80231,199955
Toyota,Corolla,2020,10596,2,Severe,3,Rural,2,5,19768,14289,58177
Ford,F-150,2017,18264,1,Moderate,3,Highway,11,0,11575,1461,26118
Hyundai,Elantra,2019,9375,4,Total Loss,1,Highway,23,1,8906,84911,173146
Honda,Accord,2021,13634,3,Severe,2,Residential,1,0,21953,41114,106198
Toyota,Corolla,2021,14600,4,Total Loss,1,Urban,14,1,13870,93926,136341
Tesla,Model 3,2022,30324,4,Total Loss,1,Highway,21,2,28807,67691,131903
Mazda,CX-5,2022,25640,1,Minor,1,Urban,7,0,3679,3163,7506
Toyota,Camry,2020,13585,4,Total Loss,1,Rural,12,0,12905,98353,100810
Toyota,Corolla,2016,5526,3,Total Loss,2,Residential,16,3,5249,40889,62394
Honda,Accord,2024,28345,4,Total Loss,3,Urban,2,3,26927,47922,164993
BMW,3 Series,2021,32818,3,Moderate,2,Rural,6,0,19768,39103,67228
Honda,Civic,2022,15797,1,Minor,3,Rural,8,0,2763,3564,10312
Ford,F-150,2015,13134,2,Minor,1,Highway,22,0,3076,5099,13602
Hyundai,Elantra,2021,13396,4,Severe,1,Residential,18,2,21028,86493,105057
Toyota,Corolla,2017,7079,3,Severe,4,Residential,8,4,18185,13430,61798
Tesla,Model 3,2021,24977,1,Minor,1,Highway,4,0,5995,1459,12180
Honda,Accord,2015,5339,1,Minor,4,Urban,9,0,1953,1097,7098
Subaru,Outback,2018,11845,2,Moderate,4,Rural,12,8,8198,6047,24510
Tesla,Model Y,2020,29607,4,Total Loss,4,Highway,4,2,28126,42249,217619
Toyota,Camry,2021,20163,1,Minor,3,Residential,5,0,3113,2890,10387
Mercedes-Benz,C-Class,2018,20977,2,Moderate,1,Rural,0,0,15068,6025,27447
Honda,Civic,2022,18749,1,Minor,4,Urban,3,0,2999,2114,10996
Jeep,Wrangler,2021,24611,2,Minor,2,Residential,19,1,4207,13353,23103
Ford,F-150,2023,38616,4,Total Loss,1,Rural,23,2,36685,143857,205488
Toyota,Corolla,2020,13907,3,Moderate,3,Urban,10,3,8129,41974,100274
BMW,3 Series,2017,17356,2,Severe,2,Rural,23,1,30620,13687,63661
Honda,Civic,2018,8441,2,Minor,2,Highway,16,1,2175,10884,25234
Chevrolet,Silverado,2022,24324,2,Moderate,4,Residential,20,4,13756,7573,35287
Jeep,Wrangler,2015,9765,3,Moderate,3,Rural,15,2,8222,31457,75920
Chevrolet,Silverado,2021,29520,2,Minor,3,Residential,14,1,5042,9552,20335
Subaru,Outback,2020,14321,2,Minor,1,Residential,12,1,2788,9658,10911
Honda,Accord,2024,33815,3,Moderate,2,Residential,4,1,13622,25022,68640
Ford,F-150,2019,28577,1,Moderate,1,Urban,17,0,15287,3116,21900
Tesla,Model Y,2023,48141,4,Total Loss,2,Rural,7,1,45733,140083,224710
BMW,3 Series,2022,35934,2,Minor,1,Urban,22,2,6890,13017,24608
Tesla,Model 3,2023,35828,1,Minor,2,Highway,9,0,7949,3268,21321
Chevrolet,Silverado,2018,20665,4,Total Loss,1,Rural,16,0,19631,140629,185585
Chevrolet,Silverado,2023,56455,3,Severe,3,Urban,7,5,55647,31485,170499
BMW,3 Series,2015,11770,1,Minor,1,Residential,4,0,3265,2580,5908
Toyota,Corolla,2017,5888,1,Minor,1,Residential,22,0,1941,1043,3107
Tesla,Model Y,2023,48314,4,Total Loss,2,Urban,0,3,45898,141716,356728
Tesla,Model Y,2024,64719,4,Total Loss,3,Highway,22,0,61483,63886,322134
Honda,Accord,2017,10463,3,Moderate,4,Rural,6,1,7668,30577,81041
Tesla,Model 3,2021,30727,2,Severe,2,Urban,7,2,48185,9384,86649
Ford,F-150,2022,37627,4,Total Loss,2,Residential,11,2,35745,74869,123230
Tesla,Model 3,2022,31701,4,Total Loss,4,Urban,22,1,30115,101540,295775
Subaru,Outback,2023,24117,3,Severe,2,Rural,8,3,28023,39983,105719
Subaru,Outback,2020,19811,3,Severe,3,Residential,17,5,25697,20173,67701
Mercedes-Benz,C-Class,2023,49282,4,Total Loss,2,Rural,15,3,46817,60068,131688
Mercedes-Benz,C-Class,2016,13728,4,Total Loss,1,Urban,17,0,13041,88180,128958
Chevrolet,Silverado,2017,21069,1,Minor,1,Residential,12,0,4028,1654,4443
Chevrolet,Silverado,2015,8729,1,Moderate,4,Residential,21,0,8142,1802,17139
Tesla,Model Y,2022,42118,3,Severe,2,Residential,20,0,60487,25926,117237
Tesla,Model Y,2022,34407,3,Severe,1,Urban,17,0,52159,14737,81674
Hyundai,Elantra,2022,19204,2,Minor,4,Urban,11,4,2940,9899,27753
Toyota,Corolla,2020,11078,4,Total Loss,2,Urban,14,2,10524,135566,202050
Honda,Accord,2019,13246,2,Minor,2,Highway,11,4,2625,4034,12492
Mazda,CX-5,2019,15839,2,Moderate,4,Urban,6,8,9038,5353,31678
Hyundai,Elantra,2020,9590,3,Moderate,4,Urban,16,6,7157,41434,94362
Tesla,Model Y,2023,54444,3,Severe,1,Urban,6,0,73799,39821,133596
BMW,3 Series,2021,29688,3,Severe,3,Rural,10,2,41719,14043,86389
Honda,Civic,2015,5071,1,Moderate,4,Rural,7,0,6217,2560,18134
Jeep,Wrangler,2020,15808,1,Moderate,1,Rural,2,0,10216,2913,14055
Honda,Civic,2019,9536,1,Minor,2,Rural,0,0,2262,3187,9071
Honda,Civic,2023,24440,4,Total Loss,4,Rural,4,2,23218,80240,252998
Subaru,Outback,2017,10637,4,Total Loss,3,Highway,16,0,10105,74737,180748
Hyundai,Elantra,2017,8908,3,Total Loss,1,Urban,21,0,8462,31744,51938
Hyundai,Elantra,2018,9701,1,Minor,4,Residential,19,0,2227,2854,9391
Tesla,Model Y,2024,49646,2,Severe,4,Highway,19,0,68617,8528,206231
BMW,3 Series,2023,43644,2,Moderate,3,Residential,3,2,24639,5878,58883
Mazda,CX-5,2016,8899,2,Severe,2,Rural,17,4,19538,11210,35056
Honda,Civic,2021,12460,1,Minor,4,Residential,14,0,2496,1858,6547
Tesla,Model Y,2021,27735,4,Severe,4,Rural,23,5,44953,129782,353437
Mercedes-Benz,C-Class,2023,34274,1,Minor,4,Rural,3,0,6983,1077,16757
Nissan,Altima,2020,12630,2,Severe,3,Rural,19,0,21062,13280,61042
Hyundai,Elantra,2017,6325,4,Total Loss,3,Residential,5,1,6008,42696,90813
Chevrolet,Silverado,2016,18049,2,Severe,4,Highway,9,2,27995,10200,98443
Tesla,Model 3,2023,43700,3,Severe,4,Rural,11,1,62196,37659,204688
Toyota,Corolla,2024,24090,2,Minor,2,Urban,3,1,3306,8916,17836
Honda,Accord,2022,19099,2,Moderate,1,Rural,5,1,9870,12915,26641
Nissan,Altima,2021,19106,1,Moderate,3,Residential,17,0,9585,2475,17325
Nissan,Altima,2016,6549,1,Minor,1,Urban,10,0,2023,1161,3854
Chevrolet,Silverado,2024,54796,3,Severe,1,Highway,5,2,54453,42037,161276
Toyota,Corolla,2022,18011,3,Total Loss,3,Urban,2,0,17110,37047,114890
Mercedes-Benz,C-Class,2020,22029,1,Minor,3,Residential,6,0,5024,2606,12233
Tesla,Model Y,2020,30712,1,Minor,4,Highway,4,0,7028,3564,27846
Nissan,Altima,2020,13164,3,Severe,2,Urban,23,1,21318,38095,119660
Toyota,Corolla,2022,16462,4,Total Loss,1,Highway,13,1,15638,138385,216754
Tesla,Model 3,2024,52877,1,Minor,1,Urban,15,0,11017,1614,15869
Mazda,CX-5,2021,20344,2,Severe,1,Urban,8,0,25375,7106,35341
Tesla,Model Y,2023,41497,1,Moderate,4,Highway,12,0,27408,2253,63560
Jeep,Wrangler,2021,22779,1,Minor,3,Rural,13,0,4005,3064,12960
Mazda,CX-5,2023,26205,2,Minor,3,Urban,6,3,3727,4946,13229
Jeep,Wrangler,2024,41616,3,Moderate,4,Rural,20,8,18733,38152,95821
Chevrolet,Silverado,2023,28971,1,Minor,4,Highway,22,0,4976,3270,23659
Toyota,Corolla,2019,9442,1,Minor,4,Highway,14,0,2208,1631,8968
BMW,3 Series,2015,10354,1,Minor,4,Residential,16,0,3053,1702,7400
Chevrolet,Silverado,2018,16416,4,Total Loss,1,Highway,8,2,15595,69015,121231
Hyundai,Elantra,2019,11568,2,Moderate,4,Rural,17,1,7602,8860,28531
Toyota,Camry,2023,25847,3,Total Loss,3,Rural,18,6,24554,13122,71319
Tesla,Model 3,2020,24690,4,Total Loss,2,Rural,14,4,23455,45482,94407
Toyota,Corolla,2022,17918,1,Minor,4,Residential,21,0,2843,1461,8321
Honda,Civic,2015,5655,3,Severe,3,Rural,15,6,17714,29588,87672
Honda,Civic,2016,6339,3,Severe,3,Urban,0,6,18042,28334,111699
Ford,F-150,2019,24092,1,Moderate,3,Rural,23,0,13673,1804,29558
Jeep,Wrangler,2016,8994,3,Moderate,2,Urban,2,4,7968,19655,44452
Mazda,CX-5,2021,16900,2,Minor,3,Residential,3,2,2936,4192,11977
Honda,Civic,2024,30201,3,Moderate,1,Urban,2,0,12248,40558,72024
Nissan,Altima,2023,26344,3,Total Loss,4,Rural,5,6,25026,34071,122576
Toyota,Corolla,2017,8613,1,Minor,3,Residential,13,0,2145,3334,8736
Mazda,CX-5,2015,7872,4,Total Loss,1,Residential,22,0,7478,75552,105710
Jeep,Wrangler,2015,6532,1,Minor,2,Highway,2,0,2218,1928,7581
BMW,3 Series,2019,23553,4,Total Loss,4,Residential,1,2,22375,48435,155768
Toyota,Camry,2024,34614,4,Total Loss,3,Highway,12,5,32883,123959,338014
Mazda,CX-5,2020,13662,4,Severe,2,Rural,2,1,21967,139031,223239
Subaru,Outback,2020,18037,1,Minor,1,Urban,16,0,3123,1811,5651
Honda,Accord,2018,9914,1,Minor,3,Highway,8,0,2342,3016,10876
Toyota,Camry,2016,6646,4,Total Loss,4,Rural,4,6,6313,119752,255131
Subaru,Outback,2015,7371,4,Total Loss,3,Urban,11,0,7002,115762,197267
Hyundai,Elantra,2018,10105,4,Severe,1,Urban,23,0,19547,82051,147783
Ford,F-150,2023,50752,1,Minor,2,Urban,6,0,7590,2428,15788
Jeep,Wrangler,2022,26457,2,Moderate,3,Residential,3,5,13730,8446,41963
Mercedes-Benz,C-Class,2023,38846,2,Moderate,3,Highway,18,2,23646,5912,56686
Honda,Civic,2019,8906,1,Minor,1,Highway,9,0,2212,2789,7076
Ford,F-150,2019,14204,2,Severe,2,Urban,6,4,25226,8511,50976
Toyota,Corolla,2017,8454,4,Severe,2,Rural,20,1,18804,46534,76760
Mercedes-Benz,C-Class,2020,29013,4,Total Loss,4,Highway,23,5,27562,99614,394271
Jeep,Wrangler,2018,10606,4,Severe,2,Urban,16,0,21999,70501,121620
Honda,Accord,2024,22020,4,Total Loss,3,Residential,17,5,20919,76490,130327
Mercedes-Benz,C-Class,2017,18177,4,Total Loss,3,Highway,4,5,17268,100750,325599
Hyundai,Elantra,2023,22528,3,Total Loss,3,Urban,3,5,21401,18208,91932
Hyundai,Elantra,2016,5548,1,Minor,2,Highway,12,0,1916,2014,7256
Subaru,Outback,2024,30980,1,Minor,1,Rural,12,0,4288,1051,5958
Honda,Civic,2016,5944,2,Moderate,4,Rural,20,0,6426,10828,37171
Tesla,Model 3,2020,22896,2,Moderate,4,Residential,19,7,17363,13227,55497
Nissan,Altima,2021,15585,1,Moderate,1,Highway,2,0,8740,1633,15638
Toyota,Camry,2019,14529,2,Moderate,1,Residential,19,1,8486,12982,21726
Mercedes-Benz,C-Class,2020,30986,2,Minor,2,Urban,19,4,6457,11054,25171
Jeep,Wrangler,2021,21787,2,Severe,4,Residential,22,1,29379,6673,76683
Tesla,Model 3,2019,18159,2,Minor,1,Rural,14,2,4768,9680,15921
Nissan,Altima,2020,11367,4,Total Loss,3,Urban,8,2,10798,104109,194926
Jeep,Wrangler,2016,8666,1,Moderate,3,Highway,20,0,7859,1031,20784
Chevrolet,Silverado,2023,37328,2,Severe,2,Highway,23,1,41876,8865,97314
Nissan,Altima,2024,31375,2,Minor,3,Highway,18,5,4010,14357,37684
Tesla,Model 3,2020,25733,1,Minor,2,Rural,14,0,6131,3464,11239
Nissan,Altima,2016,6854,4,Severe,4,Residential,20,0,18289,85929,163664
BMW,3 Series,2018,19328,3,Severe,3,Residential,2,4,32395,14110,99225
Mazda,CX-5,2023,22446,1,Minor,3,Urban,21,0,3407,2391,9001
Hyundai,Elantra,2021,13449,3,Severe,3,Residential,12,3,21052,33869,75812
Honda,Civic,2019,14021,4,Severe,2,Residential,16,4,21730,56949,88963
Hyundai,Elantra,2019,9748,3,Total Loss,2,Residential,16,4,9260,22902,35850
Mercedes-Benz,C-Class,2015,10514,1,Moderate,1,Rural,18,0,10046,1162,12144
Tesla,Model Y,2024,59785,3,Severe,3,Rural,9,6,79567,34866,185906
Ford,F-150,2023,40647,2,Moderate,3,Urban,21,1,19632,6907,42814
Honda,Civic,2024,30165,4,Severe,1,Highway,23,2,29479,70872,156773
Honda,Civic,2024,23459,1,Minor,3,Urban,22,0,3376,1281,10873
Chevrolet,Silverado,2021,29892,4,Severe,4,Residential,8,5,36522,118013,302334
Hyundai,Elantra,2023,18847,2,Severe,2,Urban,18,0,23481,13833,61854
Honda,Civic,2020,11306,2,Moderate,1,Rural,12,1,7713,7220,15622
Honda,Civic,2024,29606,4,Severe,3,Rural,0,5,29210,69171,210707
Honda,Accord,2018,9022,4,Total Loss,1,Urban,21,1,8570,52237,76409
BMW,3 Series,2023,45296,4,Severe,2,Urban,16,0,55766,82101,221644
Subaru,Outback,2017,8645,1,Moderate,1,Urban,23,0,7334,2053,12283
Ford,F-150,2018,12787,1,Minor,4,Urban,5,0,3034,2631,16285
Honda,Accord,2024,37541,3,Severe,4,Highway,0,3,34145,14440,156744
Nissan,Altima,2018,7612,2,Moderate,3,Rural,4,3,6826,7771,26135
Jeep,Wrangler,2015,10379,2,Minor,2,Highway,7,1,2641,12055,26702
Honda,Civic,2020,12707,3,Severe,4,Rural,1,5,21099,41519,145724
Nissan,Altima,2017,6645,1,Moderate,1,Urban,6,0,6594,1211,8038
Nissan,Altima,2019,12886,2,Severe,2,Highway,23,0,21185,10291,60168
Tesla,Model Y,2022,42853,2,Moderate,3,Urban,3,6,28140,12121,72938
Nissan,Altima,2022,15327,1,Moderate,4,Highway,16,0,8678,1882,27252
Nissan,Altima,2020,11670,3,Severe,2,Highway,11,0,20601,25480,79130
Chevrolet,Silverado,2018,13636,4,Severe,4,Rural,12,4,24817,42412,157586
Honda,Accord,2020,16312,3,Total Loss,2,Highway,6,4,15496,30917,93872
Jeep,Wrangler,2016,9660,4,Total Loss,2,Highway,7,2,9177,51505,91463
Subaru,Outback,2016,9184,4,Total Loss,4,Residential,9,1,8724,137561,277732
Toyota,Camry,2021,13422,4,Total Loss,2,Rural,14,0,12750,41382,80232
Mercedes-Benz,C-Class,2020,31212,1,Minor,4,Urban,10,0,6493,2486,18806
Ford,F-150,2022,27770,2,Moderate,3,Highway,8,5,14997,9964,59780
Honda,Accord,2017,11769,4,Severe,1,Rural,1,2,21002,129805,186890
Chevrolet,Silverado,2015,13398,2,Minor,2,Residential,12,4,3107,11812,19015
Toyota,Corolla,2016,5580,1,Minor,1,Urban,13,0,1918,1213,3360
Honda,Civic,2015,6272,4,Severe,3,Urban,17,6,18010,59631,148872
Hyundai,Elantra,2016,7366,4,Total Loss,4,Rural,1,8,6997,103167,223634
Toyota,Camry,2024,27272,1,Minor,1,Urban,21,0,3681,2618,7047
Nissan,Altima,2020,11165,4,Severe,1,Rural,8,2,20359,87809,124107
Chevrolet,Silverado,2022,31408,4,Severe,4,Residential,1,5,37613,94032,294235
Toyota,Camry,2017,7095,4,Total Loss,2,Residential,13,0,6740,110201,154798
Subaru,Outback,2017,10643,3,Moderate,2,Rural,4,2,7873,21509,55689
Toyota,Corolla,2020,12875,2,Moderate,4,Rural,20,0,7896,9752,35193
Subaru,Outback,2015,7101,1,Moderate,1,Urban,15,0,6917,3432,12684
Jeep,Wrangler,2017,11430,3,Total Loss,3,Residential,6,0,10858,31374,63499
Jeep,Wrangler,2023,27353,2,Minor,4,Residential,6,4,4508,10216,27816
Honda,Civic,2020,11473,3,Severe,3,Rural,9,6,20507,21247,77215
Mercedes-Benz,C-Class,2022,35639,3,Severe,3,Residential,23,4,49213,30025,142748
Chevrolet,Silverado,2022,36630,3,Severe,3,Residential,14,4,41373,21238,83819
Nissan,Altima,2019,11008,1,Minor,1,Rural,10,0,2380,1855,3920
Honda,Civic,2021,13319,1,Minor,3,Residential,0,0,2565,1983,8017
Chevrolet,Silverado,2022,30833,4,Total Loss,1,Urban,14,0,29291,58782,94880
Mercedes-Benz,C-Class,2019,23390,1,Minor,4,Urban,16,0,5242,2955,16241
Mazda,CX-5,2017,8548,1,Minor,1,Residential,14,0,2226,2413,4019
Tesla,Model 3,2018,17881,4,Total Loss,3,Residential,2,0,16986,114235,224249
Mercedes-Benz,C-Class,2015,11982,3,Moderate,1,Urban,16,1,10751,23349,38969
Honda,Accord,2019,15437,1,Minor,4,Urban,16,0,2812,3153,10744
BMW,3 Series,2020,24190,3,Severe,1,Urban,14,0,36771,22155,77187
Toyota,Corolla,2020,12616,4,Total Loss,3,Rural,18,1,11985,99991,158209
Honda,Civic,2020,12703,1,Minor,4,Highway,0,0,2516,2421,14775
Toyota,Camry,2024,33284,3,Severe,3,Highway,13,6,30976,32657,145168
Subaru,Outback,2021,17477,3,Severe,1,Rural,12,2,24437,43957,80101
Tesla,Model Y,2020,29141,4,Total Loss,3,Rural,8,2,27683,136880,302568
Honda,Accord,2018,13936,2,Minor,1,Residential,17,1,2684,6844,8227
Mercedes-Benz,C-Class,2017,17686,1,Minor,1,Urban,16,0,4329,1876,6791
Mercedes-Benz,C-Class,2023,49715,2,Minor,2,Residential,20,2,9454,8633,19848
Mercedes-Benz,C-Class,2024,44207,2,Moderate,4,Rural,9,4,26219,10386,73083
Tesla,Model Y,2020,32347,3,Moderate,3,Urban,16,3,22467,16335,67154
Subaru,Outback,2023,30485,4,Severe,1,Urban,9,1,31461,105904,135743
Subaru,Outback,2019,12788,1,Minor,1,Residential,16,0,2650,2745,5172
Jeep,Wrangler,2021,22062,1,Minor,2,Residential,13,0,3926,1720,7346
Tesla,Model 3,2019,24129,4,Total Loss,4,Highway,19,0,22922,86720,304245
Mercedes-Benz,C-Class,2021,30714,4,Total Loss,1,Rural,13,2,29178,122394,154723
Mazda,CX-5,2017,11487,2,Moderate,4,Highway,4,2,7929,13093,67307
Mazda,CX-5,2017,8038,2,Moderate,1,Rural,16,2,7049,11574,16964
Hyundai,Elantra,2020,13649,4,Total Loss,1,Residential,20,2,12966,55047,65424
Ford,F-150,2015,12786,4,Severe,1,Rural,0,2,24205,97895,138407
Chevrolet,Silverado,2016,12533,2,Minor,4,Rural,16,2,3003,10094,28333
Ford,F-150,2018,21266,2,Minor,4,Highway,5,1,4051,6163,26248
Hyundai,Elantra,2015,6262,3,Total Loss,3,Rural,21,0,5948,42467,93994
Hyundai,Elantra,2021,16260,3,Total Loss,1,Urban,20,1,15447,22679,49047
Tesla,Model Y,2022,39405,1,Minor,2,Rural,9,0,8592,2522,14065
Mazda,CX-5,2018,9225,3,Total Loss,1,Rural,9,0,8763,42289,55230
Nissan,Altima,2020,15126,1,Minor,3,Rural,19,0,2710,3451,10643
Tesla,Model Y,2022,40538,1,Moderate,1,Urban,6,0,26890,3580,36731
Ford,F-150,2021,28102,2,Severe,3,Rural,0,4,35233,13948,96547
Subaru,Outback,2021,20684,4,Total Loss,4,Highway,19,4,19649,113831,380732
Ford,F-150,2022,45346,1,Moderate,3,Urban,12,0,21324,2501,39923
Hyundai,Elantra,2018,9615,1,Moderate,1,Highway,22,0,7163,1462,12356
Toyota,Corolla,2022,18852,3,Severe,4,Highway,13,5,23483,32713,157370
Toyota,Corolla,2015,5332,2,Moderate,4,Highway,15,6,6199,7111,37808
Toyota,Camry,2016,7703,2,Moderate,1,Urban,13,1,6848,5970,12944
Hyundai,Elantra,2016,7433,1,Moderate,2,Highway,5,0,6672,2591,20718
Honda,Civic,2017,7270,3,Moderate,2,Residential,18,2,6744,26386,44703
Toyota,Camry,2018,10249,4,Total Loss,4,Residential,16,4,9736,143610,241512
BMW,3 Series,2019,17961,4,Severe,3,Rural,17,3,31164,130073,299921
Jeep,Wrangler,2016,8089,1,Minor,3,Highway,18,0,2389,2919,12180
Nissan,Altima,2017,9392,4,Total Loss,3,Rural,18,0,8922,91689,159583
Ford,F-150,2018,23000,3,Severe,2,Rural,2,1,31560,27925,110215
Tesla,Model 3,2024,51461,3,Severe,3,Rural,0,2,70577,41247,238040
Jeep,Wrangler,2017,12691,3,Total Loss,3,Highway,7,6,12056,34974,101968
Hyundai,Elantra,2024,18942,2,Moderate,2,Rural,1,2,9261,9317,25353
Toyota,Corolla,2024,27503,3,Total Loss,2,Highway,0,2,26127,20194,93116
Toyota,Corolla,2023,23482,1,Minor,1,Urban,3,0,3261,1792,6153
Mercedes-Benz,C-Class,2023,39882,4,Total Loss,3,Residential,21,0,37887,113748,203610
Subaru,Outback,2017,9765,3,Severe,3,Rural,2,0,20273,23143,98676
Chevrolet,Silverado,2017,19911,4,Total Loss,3,Urban,7,6,18915,55682,137219
Mercedes-Benz,C-Class,2015,9974,2,Moderate,2,Urban,7,4,9787,12655,35593
BMW,3 Series,2016,10972,2,Moderate,3,Rural,6,4,9937,11843,36175
Nissan,Altima,2020,11262,4,Total Loss,4,Residential,16,5,10698,136918,279452
Hyundai,Elantra,2018,7479,4,Severe,1,Highway,12,0,18365,113454,195790
Hyundai,Elantra,2021,13931,3,Moderate,1,Urban,19,2,8134,26740,36329
Ford,F-150,2024,47341,4,Total Loss,2,Highway,23,1,44973,128024,394945
Mercedes-Benz,C-Class,2016,14031,3,Severe,1,Urban,23,0,28469,34534,82588
Toyota,Camry,2015,5368,4,Total Loss,3,Residential,19,2,5099,116254,198550
BMW,3 Series,2024,45936,4,Severe,1,Rural,17,2,56342,58818,100193
Mercedes-Benz,C-Class,2017,13836,1,Minor,4,Highway,8,0,3713,2225,14545
Hyundai,Elantra,2016,5337,3,Moderate,1,Highway,9,2,6200,43881,71434
Nissan,Altima,2017,9487,3,Moderate,1,Highway,20,1,7276,32118,55937
Toyota,Camry,2018,7963,3,Severe,3,Residential,23,6,18822,18705,65030
Honda,Civic,2015,6230,4,Total Loss,4,Residential,5,0,5918,88483,215588
Tesla,Model Y,2022,34095,2,Severe,3,Rural,0,0,51822,10248,105890
BMW,3 Series,2024,49434,2,Moderate,4,Residential,10,7,27245,5264,52481
Tesla,Model 3,2019,24375,4,Severe,2,Urban,18,3,41325,90572,173687
Tesla,Model 3,2020,25204,3,Severe,2,Rural,23,2,42220,31215,104558
Mercedes-Benz,C-Class,2020,26399,1,Minor,3,Highway,3,0,5723,1673,21186
Mercedes-Benz,C-Class,2020,28633,3,Moderate,2,Highway,1,4,18743,19363,93043
Honda,Civic,2018,11782,3,Total Loss,4,Urban,18,4,11192,22670,77944
Ford,F-150,2021,35755,3,Total Loss,4,Residential,3,1,33967,40233,165980
Tesla,Model Y,2021,36964,2,Moderate,1,Rural,16,2,24960,10682,34126
Jeep,Wrangler,2017,11240,4,Severe,2,Residential,5,0,22418,139915,216538
Tesla,Model Y,2024,63234,1,Minor,3,Residential,23,0,12882,1647,23178
Toyota,Camry,2020,17303,2,Moderate,4,Urban,23,4,9152,12221,49833
Subaru,Outback,2019,14413,4,Total Loss,4,Urban,23,2,13692,101869,283673
Tesla,Model Y,2020,28388,3,Severe,2,Rural,8,4,45659,23886,81028
Ford,F-150,2022,45815,3,Severe,2,Rural,2,3,47986,18930,108539
Honda,Civic,2022,23117,2,Minor,3,Rural,18,1,3349,9095,19608
BMW,3 Series,2023,37581,4,Total Loss,4,Rural,18,6,35701,75313,242469
Mazda,CX-5,2018,12209,2,Minor,4,Urban,7,7,2537,7443,20043
Subaru,Outback,2018,10815,1,Minor,3,Highway,1,0,2473,3072,12093
Chevrolet,Silverado,2015,11245,4,Severe,1,Residential,11,2,23096,47040,57719
Subaru,Outback,2022,27032,1,Minor,1,Highway,17,0,3932,3591,9162
Tesla,Model 3,2019,18585,3,Severe,4,Rural,12,7,35071,20677,127968
Subaru,Outback,2016,9918,4,Severe,4,Rural,19,2,20355,91796,218921
Subaru,Outback,2022,20289,1,Minor,1,Rural,8,0,3326,1884,5765
Tesla,Model Y,2022,46739,4,Severe,2,Highway,3,0,65478,94289,299924
BMW,3 Series,2015,12520,3,Severe,2,Rural,4,4,26268,22664,88167
Tesla,Model 3,2019,21624,4,Total Loss,2,Highway,9,2,20542,61557,163596
Honda,Civic,2018,11451,1,Minor,3,Residential,18,0,2416,1629,5826
Hyundai,Elantra,2016,6090,3,Severe,1,Highway,14,1,17740,15663,56741
BMW,3 Series,2015,10647,2,Minor,3,Urban,1,4,3097,4018,16225
Honda,Accord,2017,10350,2,Minor,1,Rural,21,1,2379,4068,6290
Jeep,Wrangler,2015,8867,4,Severe,4,Rural,14,0,20852,79353,202589
Jeep,Wrangler,2019,13050,4,Total Loss,3,Residential,12,4,12397,64287,106805
Tesla,Model Y,2020,31446,4,Severe,4,Rural,8,5,48961,118080,347505
Mazda,CX-5,2015,7761,1,Minor,3,Highway,10,0,2159,3276,11350
Tesla,Model 3,2024,45294,3,Total Loss,1,Residential,15,0,43029,28228,61902
Nissan,Altima,2020,14099,2,Minor,4,Residential,5,1,2627,8640,24497
BMW,3 Series,2021,30166,2,Moderate,3,Rural,13,6,18574,12973,58327
Jeep,Wrangler,2023,36219,2,Minor,1,Rural,1,1,5484,6980,15105
Ford,F-150,2024,37913,2,Moderate,2,Rural,23,2,18648,9404,44415
Toyota,Corolla,2018,10363,3,Moderate,2,Residential,17,2,7331,40542,50786
Nissan,Altima,2024,28856,1,Minor,2,Residential,17,0,3808,1791,5740
Mazda,CX-5,2023,30278,1,Minor,1,Highway,8,0,4073,2244,7439
Chevrolet,Silverado,2023,37229,2,Moderate,2,Urban,22,1,18402,9632,44647
Nissan,Altima,2022,21870,4,Total Loss,3,Residential,23,1,20776,43057,102591
Mazda,CX-5,2020,18477,2,Moderate,4,Residential,16,4,9711,11034,31262
Tesla,Model Y,2023,53821,4,Severe,4,Highway,21,1,73126,84375,425432
Tesla,Model Y,2023,42377,1,Minor,3,Highway,20,0,9127,2909,23137
Chevrolet,Silverado,2017,14622,2,Moderate,4,Urban,21,4,10263,13268,43013
Nissan,Altima,2019,11976,3,Severe,1,Rural,13,2,20748,35135,55450
Mazda,CX-5,2018,11958,2,Minor,3,Highway,11,2,2516,11798,33537
Hyundai,Elantra,2017,8641,2,Moderate,3,Residential,10,3,6944,11476,27370
Toyota,Corolla,2016,5057,4,Total Loss,1,Highway,7,0,4804,113555,146813
Toyota,Camry,2016,6019,3,Severe,2,Urban,6,3,17889,36973,72993
Honda,Accord,2016,10038,2,Minor,4,Urban,12,0,2353,13832,32889
Hyundai,Elantra,2016,6990,4,Total Loss,3,Urban,1,2,6640,102541,247526
Toyota,Corolla,2018,8850,3,Severe,3,Urban,11,0,18982,35111,112660
Toyota,Camry,2019,15053,3,Total Loss,4,Residential,8,1,14300,33579,71478
Chevrolet,Silverado,2023,54921,3,Severe,1,Highway,5,0,54543,29525,114339
Mercedes-Benz,C-Class,2017,18250,4,Total Loss,3,Highway,19,1,17337,48768,148153
Nissan,Altima,2020,11570,1,Minor,2,Highway,17,0,2425,2102,7717
Chevrolet,Silverado,2024,66589,3,Severe,4,Rural,16,4,62944,14171,130126
Mercedes-Benz,C-Class,2024,44413,4,Total Loss,1,Rural,15,2,42192,138037,173204
Hyundai,Elantra,2017,8476,2,Minor,3,Highway,17,4,2135,6395,15181
Mazda,CX-5,2016,9762,3,Severe,3,Highway,1,4,19978,19181,108156
Honda,Civic,2017,6980,2,Minor,3,Residential,9,6,2058,6231,11852
Tesla,Model Y,2020,31010,2,Moderate,4,Highway,19,3,21745,12196,85778
Honda,Civic,2017,6796,4,Severe,3,Urban,15,2,18262,133252,267431
Honda,Accord,2016,6272,3,Total Loss,3,Highway,3,5,5958,25641,93718
Toyota,Camry,2023,26254,3,Moderate,2,Highway,23,1,11300,32512,106607
Ford,F-150,2015,7089,2,Minor,3,Rural,16,2,2350,7696,15115
Toyota,Corolla,2024,23795,3,Severe,1,Highway,0,1,25707,21851,89255
Hyundai,Elantra,2016,4908,1,Minor,3,Residential,4,0,1868,2462,8433
Toyota,Camry,2016,6095,2,Moderate,3,Highway,15,3,6462,5559,24558
Mazda,CX-5,2016,8199,2,Severe,3,Rural,7,2,19181,6978,46247
Toyota,Camry,2015,6820,1,Minor,1,Highway,20,0,2045,1732,4925
Chevrolet,Silverado,2024,51733,4,Total Loss,3,Highway,19,1,49146,64658,210349
BMW,3 Series,2023,45422,4,Severe,3,Residential,23,6,55879,64526,200163
Hyundai,Elantra,2020,11776,1,Minor,2,Rural,11,0,2383,2304,5875
Ford,F-150,2017,10409,3,Severe,2,Residential,9,4,22494,16577,40130
Ford,F-150,2022,44836,4,Total Loss,2,Rural,19,1,42594,139066,267664
Jeep,Wrangler,2015,8963,4,Total Loss,1,Rural,12,1,8514,41017,58974
Honda,Civic,2016,8362,2,Moderate,1,Rural,21,1,7006,5332,12087
Hyundai,Elantra,2024,20632,3,Severe,1,Residential,16,2,24284,32166,53298
Hyundai,Elantra,2023,16240,1,Minor,4,Rural,6,0,2718,3429,10391
Honda,Accord,2020,19244,2,Moderate,3,Urban,22,2,9907,12797,53435
BMW,3 Series,2021,27756,1,Minor,4,Urban,15,0,5663,2420,15449
Hyundai,Elantra,2022,16701,2,Minor,1,Highway,2,1,2752,6818,13864
Hyundai,Elantra,2015,6084,2,Moderate,1,Residential,0,2,6368,4585,10899
Mazda,CX-5,2020,17069,3,Total Loss,3,Highway,10,3,16215,26381,81329
Tesla,Model Y,2021,37508,4,Severe,2,Urban,3,4,55508,41749,189275
Jeep,Wrangler,2020,22891,2,Moderate,1,Residential,7,0,12554,8066,17039
Toyota,Corolla,2018,9395,2,Minor,4,Residential,9,7,2204,10756,24037
Nissan,Altima,2015,5988,2,Minor,2,Residential,2,1,1979,11367,18514
Tesla,Model 3,2023,44410,2,Moderate,2,Rural,9,4,28981,6073,50822
Tesla,Model 3,2019,22445,3,Moderate,1,Highway,21,1,17120,42460,90194
Hyundai,Elantra,2015,6242,1,Minor,2,Residential,8,0,1968,1283,3574
Tesla,Model Y,2024,53637,1,Minor,1,Urban,11,0,11154,2775,16356
Tesla,Model 3,2019,24128,3,Severe,1,Rural,15,1,41058,34670,78094
Honda,Civic,2019,12733,3,Severe,2,Highway,4,0,21111,22803,91769
Jeep,Wrangler,2016,7642,4,Total Loss,3,Highway,10,1,7259,71612,164488
Mercedes-Benz,C-Class,2019,25447,2,Moderate,3,Rural,8,5,17214,6329,43543
Ford,F-150,2022,45937,1,Minor,2,Rural,16,0,7012,2742,13243
Tesla,Model Y,2020,30157,4,Severe,4,Residential,1,0,47569,42721,217268
Nissan,Altima,2016,7804,4,Total Loss,4,Rural,2,8,7413,129862,272606
Mercedes-Benz,C-Class,2023,49137,3,Severe,1,Residential,19,2,62171,39756,90595
Jeep,Wrangler,2023,32572,3,Severe,1,Rural,3,0,36497,36684,99229
Toyota,Corolla,2015,5926,2,Severe,3,Rural,13,6,17666,6906,36173
BMW,3 Series,2021,28470,4,Severe,2,Urban,14,4,40623,114000,194727
Tesla,Model 3,2021,33319,4,Severe,2,Residential,13,1,50984,116649,222344
BMW,3 Series,2020,28708,1,Minor,4,Rural,12,0,5806,1404,15531
Honda,Civic,2020,10779,1,Minor,1,Urban,6,0,2362,1726,4438
Tesla,Model 3,2018,18236,4,Total Loss,3,Highway,16,4,17324,52795,151640
Tesla,Model 3,2021,26444,2,Moderate,1,Rural,12,2,19279,13731,34922
Nissan,Altima,2022,22469,3,Severe,4,Urban,9,7,25785,42557,174096
Hyundai,Elantra,2024,19911,4,Total Loss,2,Urban,20,1,18915,124449,188375
Mercedes-Benz,C-Class,2022,33989,1,Minor,4,Urban,13,0,6938,2700,22131
Toyota,Camry,2018,10910,3,Severe,3,Highway,17,3,20236,24661,95522
Honda,Civic,2021,12749,3,Moderate,2,Urban,4,2,8059,22486,62394
Subaru,Outback,2016,7359,1,Minor,2,Highway,7,0,2162,1473,5888
Mazda,CX-5,2017,7890,3,Severe,2,Rural,4,3,19023,23791,74094
Mazda,CX-5,2015,6308,3,Severe,4,Rural,1,0,18217,19781,89926
Jeep,Wrangler,2023,30536,3,Total Loss,1,Highway,16,0,29009,33464,96428
Subaru,Outback,2021,15579,2,Moderate,4,Urban,18,6,9206,6496,30727
Tesla,Model 3,2023,38474,2,Moderate,3,Residential,18,1,25775,7361,53215
Jeep,Wrangler,2019,17921,1,Minor,3,Highway,21,0,3471,1174,10825
Subaru,Outback,2019,16174,1,Minor,4,Highway,5,0,2955,3322,20575
Ford,F-150,2017,17577,2,Moderate,1,Rural,2,1,11327,9964,26070
Subaru,Outback,2015,6076,3,Total Loss,4,Rural,21,1,5772,34904,75166
Mazda,CX-5,2022,19321,2,Moderate,4,Residential,4,6,9926,5264,34024
Toyota,Corolla,2020,12884,4,Severe,1,Urban,8,0,20797,77287,118790
Toyota,Corolla,2018,9011,3,Severe,1,Urban,10,1,19054,43792,83243
Subaru,Outback,2021,15512,2,Moderate,2,Residential,4,0,9188,7452,20664
Toyota,Camry,2017,9261,4,Total Loss,3,Highway,5,6,8797,123073,295878
Tesla,Model 3,2021,28282,3,Total Loss,4,Residential,23,2,26867,41970,141065
Nissan,Altima,2019,12122,4,Severe,2,Residential,23,3,20818,141171,247980
Mazda,CX-5,2020,18672,1,Moderate,3,Urban,8,0,9761,3442,26557
Mercedes-Benz,C-Class,2018,17571,3,Severe,2,Residential,2,1,31868,19213,81781
Nissan,Altima,2016,6252,1,Minor,4,Residential,12,0,2000,1243,5999
BMW,3 Series,2017,15847,3,Total Loss,3,Highway,20,1,15054,41896,124909
Honda,Accord,2021,18314,1,Minor,4,Rural,23,0,3056,2273,11346
Mazda,CX-5,2021,16340,2,Moderate,3,Residential,20,2,9166,11053,32993
BMW,3 Series,2023,36737,3,Total Loss,1,Highway,1,1,34900,20907,83989
BMW,3 Series,2020,24194,3,Severe,3,Urban,14,5,36774,39277,119196
Hyundai,Elantra,2016,5814,3,Severe,2,Highway,18,3,17616,22915,71131
Toyota,Corolla,2024,26173,4,Total Loss,3,Residential,8,6,24864,94512,181692
Subaru,Outback,2016,8254,1,Moderate,3,Highway,23,0,7228,2982,25507
Tesla,Model Y,2021,38244,2,Severe,1,Residential,9,1,56303,5362,49813
Mercedes-Benz,C-Class,2018,22426,2,Moderate,1,Highway,5,2,15764,13594,48285
Nissan,Altima,2022,21965,4,Total Loss,2,Residential,4,0,20866,122714,235061
Tesla,Model Y,2020,32868,4,Total Loss,3,Residential,19,2,31224,42869,118557
BMW,3 Series,2022,28103,3,Total Loss,1,Residential,21,0,26697,42874,65277
Toyota,Corolla,2023,20172,1,Minor,4,Highway,0,0,3012,1809,13096
Honda,Civic,2016,6233,4,Total Loss,3,Highway,1,1,5921,95115,227665
Ford,F-150,2016,10130,2,Minor,3,Highway,22,5,2715,12743,34716
Honda,Civic,2020,11724,3,Total Loss,1,Residential,23,1,11137,21448,33950
BMW,3 Series,2016,13900,2,Moderate,2,Residential,15,0,11255,8817,21875
Ford,F-150,2021,21972,3,Severe,2,Highway,8,2,30819,37345,118833
Subaru,Outback,2016,8558,2,Minor,1,Highway,15,1,2270,13097,19750
Jeep,Wrangler,2017,10050,3,Severe,4,Rural,21,6,21633,28641,102204
Subaru,Outback,2016,9668,4,Total Loss,2,Highway,18,0,9184,67395,141677
Mazda,CX-5,2019,15006,2,Moderate,3,Residential,19,0,8826,13321,36709
Ford,F-150,2016,13991,2,Severe,3,Highway,0,0,25073,6366,67349
Jeep,Wrangler,2023,28551,2,Minor,4,Highway,13,1,4640,8976,30368
Toyota,Corolla,2015,5861,1,Minor,1,Highway,10,0,1939,3536,7564
Mercedes-Benz,C-Class,2017,13422,3,Severe,2,Rural,4,3,27885,17619,66811
BMW,3 Series,2024,42464,1,Minor,4,Urban,17,0,7869,3265,26084
Tesla,Model Y,2023,47736,4,Severe,1,Highway,18,1,66554,88056,220963
Nissan,Altima,2017,10102,2,Moderate,2,Urban,20,2,7424,8207,25040
Hyundai,Elantra,2021,11829,4,Total Loss,4,Rural,19,1,11237,106899,245720
BMW,3 Series,2022,32115,1,Minor,2,Highway,8,0,6317,2921,14237
Hyundai,Elantra,2022,16931,3,Severe,4,Urban,5,3,22618,18997,109691
Subaru,Outback,2022,19668,3,Total Loss,4,Residential,23,5,18684,16734,93138
Chevrolet,Silverado,2018,23178,2,Minor,4,Urban,10,3,4281,8944,26039
Tesla,Model Y,2024,46753,2,Moderate,3,Highway,12,2,30246,12263,96796
Ford,F-150,2022,22901,4,Total Loss,3,Rural,1,3,21755,48149,134606
Subaru,Outback,2023,26049,2,Minor,1,Rural,3,0,3844,12442,19030
Toyota,Corolla,2015,4527,1,Minor,3,Highway,11,0,1839,2755,9123
Subaru,Outback,2016,10144,2,Severe,4,Highway,0,2,20477,11369,91184
Nissan,Altima,2017,7961,3,Severe,2,Urban,22,2,18821,38308,114884
Honda,Civic,2021,14021,2,Moderate,3,Rural,12,3,8365,4973,22982
Mercedes-Benz,C-Class,2017,18023,4,Total Loss,1,Highway,14,2,17121,122897,171460
Honda,Civic,2019,9314,1,Minor,3,Highway,7,0,2245,2497,9452
Honda,Accord,2015,7884,3,Total Loss,2,Rural,2,2,7489,19574,52814
Tesla,Model 3,2024,50101,2,Minor,2,Highway,12,3,10518,14030,45001
Ford,F-150,2016,8961,4,Total Loss,1,Highway,20,0,8512,80999,138204
Jeep,Wrangler,2022,32443,3,Moderate,3,Residential,9,6,15706,19339,48964
Jeep,Wrangler,2016,7756,2,Moderate,2,Rural,17,2,7559,7610,19360
Toyota,Camry,2017,8494,1,Minor,2,Rural,4,0,2179,1776,5505
Honda,Civic,2020,15891,2,Minor,1,Rural,16,0,2771,6587,9765
Hyundai,Elantra,2020,13358,1,Moderate,2,Highway,5,0,8005,2833,19369
Honda,Civic,2019,11951,4,Total Loss,1,Residential,4,2,11353,85374,105700
Subaru,Outback,2021,22391,3,Severe,2,Residential,2,2,27091,16217,73047
Mercedes-Benz,C-Class,2016,14122,4,Total Loss,1,Highway,23,0,13415,84760,176295
Toyota,Corolla,2021,15066,1,Minor,3,Residential,2,0,2629,1693,6897
Nissan,Altima,2023,17969,2,Moderate,3,Urban,7,1,9312,13324,37743
Jeep,Wrangler,2020,20324,1,Minor,4,Urban,15,0,3735,3107,13458
Subaru,Outback,2015,7889,2,Severe,1,Residential,5,0,19260,6487,30459
Toyota,Corolla,2015,5554,3,Total Loss,1,Urban,13,1,5276,29332,38777
Jeep,Wrangler,2021,21258,3,Total Loss,4,Residential,12,3,20195,30861,79867
Toyota,Camry,2021,17476,4,Severe,4,Rural,3,4,23388,116971,286359
Nissan,Altima,2022,18363,4,Total Loss,2,Rural,13,0,17444,113698,192812
Honda,Civic,2019,9967,1,Minor,2,Residential,9,0,2297,1337,4606
Nissan,Altima,2023,19854,2,Severe,3,Residential,15,1,24529,10372,47636
Jeep,Wrangler,2021,27140,3,Severe,4,Urban,4,0,32912,38910,166536
Chevrolet,Silverado,2019,25614,3,Total Loss,2,Urban,16,3,24333,29666,75862
Mercedes-Benz,C-Class,2020,23887,2,Minor,1,Highway,17,2,5321,10229,18716
Honda,Civic,2015,5046,4,Severe,3,Urban,12,3,17422,121269,235406
Hyundai,Elantra,2023,19120,3,Severe,2,Highway,22,0,23604,39179,117811
Tesla,Model Y,2022,45477,4,Total Loss,4,Rural,4,3,43203,98359,281319
Toyota,Camry,2016,6934,4,Total Loss,2,Rural,7,4,6587,91124,146148
Toyota,Corolla,2015,4611,3,Total Loss,3,Rural,18,3,4380,15852,38341
Mercedes-Benz,C-Class,2020,25295,4,Total Loss,3,Rural,1,2,24030,97799,203816
Honda,Civic,2016,5941,3,Severe,3,Urban,5,3,17851,24169,107012
Subaru,Outback,2021,20765,3,Total Loss,4,Residential,9,6,19726,41806,96232
Chevrolet,Silverado,2020,27916,4,Total Loss,4,Rural,13,5,26520,73666,224706
Toyota,Corolla,2016,7182,4,Total Loss,3,Rural,2,6,6822,107092,230659
BMW,3 Series,2019,21304,4,Severe,1,Rural,23,1,34173,126762,175224
BMW,3 Series,2015,8850,3,Total Loss,4,Highway,17,2,8407,29352,109941
Ford,F-150,2015,11958,2,Severe,1,Rural,19,1,23609,4754,32106
Tesla,Model 3,2020,22236,3,Total Loss,4,Highway,21,2,21124,19952,125855
Hyundai,Elantra,2015,4636,3,Total Loss,4,Rural,16,4,4404,38412,81390
Tesla,Model 3,2019,18292,2,Minor,2,Residential,15,3,4792,11575,19943
Nissan,Altima,2018,11853,2,Moderate,3,Rural,23,0,7844,11362,34184
Mercedes-Benz,C-Class,2020,30594,4,Severe,2,Highway,20,1,44370,41269,133422
Mercedes-Benz,C-Class,2016,16125,4,Total Loss,1,Residential,2,0,15318,85205,105789
Nissan,Altima,2019,11278,4,Severe,4,Residential,12,1,20413,60056,125003
BMW,3 Series,2022,27869,3,Moderate,2,Residential,17,3,17541,34072,64300
Tesla,Model Y,2023,39907,3,Total Loss,2,Residential,7,2,37911,15071,59993
BMW,3 Series,2024,46718,4,Total Loss,3,Urban,19,3,44382,99288,269170
Tesla,Model Y,2024,46140,3,Moderate,1,Rural,8,2,29915,37242,63726
Hyundai,Elantra,2018,7647,1,Minor,2,Urban,5,0,2073,2360,8509
Subaru,Outback,2021,17482,4,Total Loss,4,Highway,5,2,16607,47573,192902
Nissan,Altima,2017,6633,3,Severe,1,Highway,1,0,18183,21309,58935
Subaru,Outback,2021,20777,4,Total Loss,1,Residential,5,2,19738,91161,128742
Subaru,Outback,2024,35806,3,Severe,3,Rural,10,1,34335,28235,94065
Honda,Accord,2020,15267,3,Severe,1,Urban,11,0,22786,25917,64744
Honda,Civic,2023,22251,3,Moderate,1,Highway,22,2,10340,35655,68809
Honda,Civic,2015,4648,2,Minor,2,Urban,22,2,1871,13355,24184
Mazda,CX-5,2024,35343,3,Severe,2,Rural,23,0,33024,33826,104092
Chevrolet,Silverado,2023,49074,1,Moderate,2,Highway,1,0,22666,1737,48168
Jeep,Wrangler,2016,11719,1,Moderate,3,Highway,12,0,8867,3532,27390
Mercedes-Benz,C-Class,2024,57917,4,Total Loss,1,Residential,8,2,55021,114216,163093
Ford,F-150,2016,13461,3,Severe,1,Highway,4,0,24691,32585,100328
Tesla,Model Y,2023,45773,2,Moderate,2,Highway,10,0,29717,4229,54423
Honda,Civic,2023,20385,2,Minor,2,Urban,0,0,3130,9043,19699
Toyota,Camry,2017,9651,2,Minor,2,Residential,6,4,2272,11194,15210
Ford,F-150,2022,46194,4,Severe,1,Urban,6,0,48259,115761,200918
Chevrolet,Silverado,2023,56684,3,Moderate,4,Highway,12,7,25406,25999,137487
Nissan,Altima,2022,22035,3,Severe,1,Rural,14,0,25576,38997,74069
Tesla,Model Y,2024,49105,1,Minor,1,Residential,5,0,10338,2873,15105
Subaru,Outback,2021,19327,1,Moderate,3,Residential,8,0,10218,2528,20628
Mazda,CX-5,2015,6624,4,Total Loss,2,Rural,15,2,6292,107706,133371
Toyota,Corolla,2021,15324,1,Minor,2,Urban,6,0,2649,1738,5950
Toyota,Camry,2019,12452,2,Moderate,4,Highway,11,0,7988,12207,49753
Honda,Accord,2019,10779,3,Total Loss,4,Urban,2,1,10240,31126,126092
Tesla,Model Y,2022,36478,3,Severe,4,Urban,18,1,54396,37795,217596
Nissan,Altima,2015,5345,2,Severe,2,Rural,9,2,17565,5895,28014
Honda,Civic,2020,11626,3,Severe,3,Residential,12,5,20580,43881,106015
Tesla,Model 3,2024,53514,3,Severe,2,Highway,8,3,72795,28829,154162
Chevrolet,Silverado,2018,25491,4,Total Loss,3,Highway,17,4,24216,119672,342553
Ford,F-150,2021,29423,3,Moderate,2,Highway,22,2,15592,26658,97076
Hyundai,Elantra,2021,11558,3,Severe,4,Urban,9,0,20201,13923,73167
Mazda,CX-5,2018,11835,4,Severe,4,Rural,22,7,21035,70129,199551
Nissan,Altima,2017,9081,2,Minor,2,Rural,2,0,2226,7296,16429
Chevrolet,Silverado,2019,25312,4,Total Loss,2,Highway,1,3,24046,130482,362784
Honda,Civic,2024,28990,2,Minor,3,Urban,17,4,3819,5669,17630
Nissan,Altima,2016,6375,1,Minor,1,Urban,6,0,2010,2721,4911
Jeep,Wrangler,2024,36532,3,Moderate,4,Residential,0,7,17055,30437,118474
BMW,3 Series,2023,34306,4,Severe,3,Highway,2,5,45875,94213,388706
Tesla,Model 3,2023,40416,4,Total Loss,4,Highway,9,4,38395,135291,494115
Ford,F-150,2016,8692,2,Minor,1,Urban,18,2,2543,11833,17525
Toyota,Camry,2020,11366,4,Total Loss,1,Highway,4,1,10797,114811,184094
Honda,Accord,2022,17006,3,Severe,2,Urban,16,2,23673,44968,91599
Mazda,CX-5,2021,19107,3,Total Loss,4,Highway,7,0,18151,20180,92866
Toyota,Corolla,2024,25233,3,Severe,4,Rural,11,3,26354,29788,97895
Ford,F-150,2017,15356,3,Severe,3,Residential,23,0,26056,18458,86199
Honda,Accord,2015,5622,4,Severe,2,Highway,12,4,17867,120914,252602
Toyota,Camry,2015,7492,4,Severe,3,Highway,20,2,18596,103261,292992
Tesla,Model Y,2023,53119,4,Total Loss,2,Highway,19,0,50463,73146,231219
Mazda,CX-5,2015,6096,4,Total Loss,4,Highway,16,7,5791,77363,216102
Tesla,Model Y,2024,56113,2,Minor,3,Highway,10,0,11600,8747,46824
Mazda,CX-5,2021,21461,2,Moderate,4,Rural,7,8,10472,6135,36308
Toyota,Corolla,2020,13079,3,Severe,4,Urban,12,7,20885,39311,145026
Toyota,Corolla,2021,14279,1,Moderate,2,Highway,23,0,8212,1057,17419
Chevrolet,Silverado,2015,10058,4,Total Loss,4,Highway,18,6,9555,48890,151065
Honda,Accord,2017,9091,4,Total Loss,1,Urban,18,1,8636,70614,95538
Mazda,CX-5,2017,11031,3,Severe,4,Residential,6,4,20625,30378,88641
Toyota,Corolla,2015,4373,4,Total Loss,4,Highway,6,1,4154,48472,147267
Jeep,Wrangler,2022,30676,3,Moderate,3,Highway,15,5,15123,21230,80624
Toyota,Camry,2018,10819,4,Total Loss,4,Rural,13,5,10278,136911,282047
Mercedes-Benz,C-Class,2020,30582,2,Moderate,1,Rural,15,0,19679,7748,27181
Nissan,Altima,2021,16815,2,Minor,2,Residential,6,3,2845,5747,11337
BMW,3 Series,2015,10454,2,Moderate,1,Residential,8,0,9704,14147,19970
Honda,Accord,2022,16881,4,Total Loss,2,Rural,0,0,16036,139207,244223
Jeep,Wrangler,2020,20169,4,Total Loss,3,Urban,7,5,19160,138345,266116
Nissan,Altima,2021,17517,3,Severe,1,Rural,21,2,23408,31948,50317
Mazda,CX-5,2019,14091,2,Moderate,3,Urban,6,6,8593,10491,30624
Toyota,Corolla,2016,6736,4,Severe,1,Residential,3,1,18031,139074,190993
Mazda,CX-5,2017,10471,1,Minor,3,Rural,9,0,2390,1368,6846
Subaru,Outback,2015,7894,4,Severe,2,Rural,12,2,19262,115117,201761
Hyundai,Elantra,2017,8639,4,Severe,4,Highway,23,8,18887,128838,399500
Nissan,Altima,2022,17445,4,Severe,3,Urban,4,4,23373,131653,338077
Chevrolet,Silverado,2021,37774,2,Minor,2,Urban,3,2,6032,7322,19648
Mercedes-Benz,C-Class,2021,26455,3,Severe,4,Highway,23,8,40396,33621,214174
Nissan,Altima,2023,20334,3,Severe,2,Highway,4,4,24760,31155,109997
Honda,Accord,2024,25887,4,Total Loss,2,Urban,19,2,24592,119060,220243
Nissan,Altima,2015,6484,2,Minor,3,Residential,8,0,2018,11232,16591
Subaru,Outback,2022,20381,1,Minor,4,Highway,0,0,3334,1521,12993
Mercedes-Benz,C-Class,2015,9538,4,Total Loss,1,Highway,4,0,9061,61995,127160
Mazda,CX-5,2018,9886,1,Minor,4,Urban,21,0,2340,3016,10107
Mazda,CX-5,2020,18683,1,Minor,3,Residential,11,0,3088,3193,8583
Subaru,Outback,2015,7265,4,Total Loss,1,Residential,20,2,6901,129963,112277
Toyota,Corolla,2023,17650,1,Moderate,4,Urban,11,0,8971,2548,25919
Nissan,Altima,2024,25308,3,Total Loss,4,Residential,2,3,24042,26832,108988
Chevrolet,Silverado,2021,35545,3,Severe,1,Residential,23,1,40592,32716,86801
Tesla,Model 3,2022,31699,2,Minor,3,Residential,18,0,7205,7471,19582
Tesla,Model 3,2019,21174,4,Severe,4,Highway,5,0,37867,137662,455714
Jeep,Wrangler,2022,28048,1,Minor,4,Urban,12,0,4585,1360,13325
Tesla,Model 3,2019,24314,2,Minor,2,Rural,3,0,5876,13306,27031
Toyota,Camry,2019,12545,3,Moderate,3,Highway,2,0,8010,31640,97668
Tesla,Model Y,2022,34273,2,Severe,1,Highway,3,2,52014,6241,92302
Hyundai,Elantra,2023,22213,3,Moderate,1,Urban,17,0,9997,39565,61916
Mercedes-Benz,C-Class,2020,30752,4,Total Loss,1,Rural,17,1,29214,126561,161993
Mercedes-Benz,C-Class,2021,30526,2,Minor,2,Rural,20,3,6384,6104,18479
Nissan,Altima,2022,19097,3,Moderate,1,Urban,17,2,9583,22326,36039
Mercedes-Benz,C-Class,2016,13988,2,Minor,1,Rural,20,1,3738,8956,13423
Tesla,Model Y,2022,44881,3,Total Loss,3,Urban,17,6,42636,22742,138038
Toyota,Camry,2015,6822,1,Moderate,2,Rural,21,0,6637,1552,10927
Hyundai,Elantra,2019,11344,3,Severe,4,Urban,16,3,20104,14601,75460
Tesla,Model Y,2024,52472,1,Moderate,1,Urban,3,0,33334,1680,42240
Chevrolet,Silverado,2018,22092,2,Minor,1,Urban,23,2,4151,4068,11424
Toyota,Camry,2016,5703,3,Severe,4,Residential,22,0,17737,44955,134248
Honda,Accord,2018,9123,4,Severe,1,Rural,0,1,19652,72421,98253
Tesla,Model Y,2022,45551,2,Severe,3,Rural,15,5,64195,4822,110614
Tesla,Model Y,2020,26164,2,Minor,4,Urban,8,3,6209,12250,39614
Tesla,Model 3,2019,21693,1,Minor,1,Residential,15,0,5404,2000,6038
Nissan,Altima,2018,8804,1,Moderate,1,Residential,1,0,7112,2327,10334
Subaru,Outback,2023,22719,3,Severe,4,Urban,13,7,27268,33928,140744
Tesla,Model 3,2023,37388,1,Minor,3,Residential,15,0,8229,2998,14875
Nissan,Altima,2019,12973,4,Severe,3,Residential,12,2,21227,63683,121900
Mercedes-Benz,C-Class,2015,10543,4,Total Loss,3,Highway,7,4,10015,115422,279352
Mazda,CX-5,2022,22696,2,Minor,1,Highway,6,0,3429,9286,17991
Toyota,Camry,2022,17001,2,Minor,3,Highway,10,4,2860,5941,17747
Hyundai,Elantra,2015,5272,4,Total Loss,3,Highway,19,1,5008,130654,302076
Chevrolet,Silverado,2019,26775,3,Severe,1,Rural,10,1,34278,17361,50872
Honda,Civic,2024,30496,1,Minor,4,Residential,13,0,3939,1704,10271
Ford,F-150,2021,23932,2,Severe,2,Urban,22,2,32231,9944,66749
Hyundai,Elantra,2021,13699,3,Severe,2,Urban,22,0,21164,32250,107346
Jeep,Wrangler,2024,31768,3,Severe,4,Rural,9,8,35966,34689,132066
Tesla,Model 3,2022,29595,4,Total Loss,3,Highway,18,6,28115,109742,276368
Ford,F-150,2024,56693,1,Moderate,1,Urban,19,0,25409,3132,31363
Honda,Accord,2022,17004,2,Moderate,3,Residential,2,5,9336,10003,38512
Toyota,Corolla,2022,15918,2,Severe,4,Residential,14,7,22163,14059,60151
Honda,Accord,2020,14307,4,Severe,4,Rural,6,2,22296,142873,313712
Honda,Civic,2024,29907,2,Moderate,2,Highway,5,2,12177,4192,38103
Ford,F-150,2024,56802,4,Total Loss,4,Urban,13,4,53961,63988,239742
Chevrolet,Silverado,2024,64140,2,Moderate,2,Rural,7,3,28090,7401,45721
Toyota,Corolla,2015,4749,3,Severe,4,Rural,5,7,17137,21702,92767
BMW,3 Series,2022,32163,2,Moderate,2,Residential,2,0,19473,7381,39698
Tesla,Model 3,2018,18452,3,Total Loss,3,Residential,11,2,17529,44218,86933
Toyota,Corolla,2023,16898,2,Minor,1,Urban,3,1,2767,11924,21284
BMW,3 Series,2019,17127,3,Severe,4,Rural,6,5,30414,16062,103775
Honda,Accord,2018,10355,3,Moderate,3,Residential,7,4,7640,16783,36150
Tesla,Model 3,2021,30285,4,Severe,1,Residential,13,1,47707,66475,99458
Chevrolet,Silverado,2016,12443,1,Minor,2,Highway,7,0,2993,2591,8600
Toyota,Camry,2020,16894,4,Severe,1,Rural,20,2,23109,88372,112307
Toyota,Corolla,2024,18190,2,Moderate,1,Rural,5,2,9092,12292,26426
Jeep,Wrangler,2021,25994,1,Minor,1,Highway,0,0,4359,1036,8754
Tesla,Model 3,2021,26392,1,Minor,4,Residential,14,0,6250,1561,13445
Tesla,Model 3,2019,20433,4,Severe,2,Highway,7,0,37067,129990,257606
Toyota,Camry,2016,8008,3,Moderate,1,Highway,2,1,6921,14757,35574
BMW,3 Series,2024,52192,2,Moderate,2,Highway,2,4,28486,11071,69490
Toyota,Camry,2019,9627,1,Minor,3,Rural,7,0,2270,1799,6448
Chevrolet,Silverado,2023,48234,4,Total Loss,1,Highway,2,2,45822,84353,182129
Mazda,CX-5,2015,8287,4,Total Loss,1,Highway,3,1,7872,108066,175042
Tesla,Model Y,2020,25077,2,Moderate,3,Urban,15,6,18541,11800,57597
Toyota,Camry,2021,17160,4,Total Loss,3,Highway,15,0,16302,143593,367163
Tesla,Model 3,2018,20702,1,Minor,2,Residential,17,0,5226,1755,8100
Ford,F-150,2017,16785,2,Moderate,1,Highway,20,0,11042,12499,33488
Tesla,Model Y,2023,44221,3,Total Loss,4,Urban,14,7,42009,40492,155189
Tesla,Model 3,2024,44172,3,Severe,1,Highway,14,2,62705,15271,96920
Honda,Civic,2023,26775,3,Total Loss,4,Residential,16,3,25436,30086,88539
Tesla,Model Y,2023,40426,1,Minor,3,Highway,12,0,8776,1249,23394
Mazda,CX-5,2024,31822,1,Moderate,2,Residential,16,0,13114,3273,19323
Toyota,Corolla,2016,5607,2,Severe,3,Highway,18,5,17523,12749,71083
Hyundai,Elantra,2023,22555,4,Total Loss,4,Rural,2,1,21427,96342,289862
Tesla,Model Y,2023,50530,3,Severe,1,Highway,2,0,69572,28515,171891
Ford,F-150,2022,32624,4,Total Loss,1,Rural,20,0,30992,57288,78153
Chevrolet,Silverado,2020,19499,2,Minor,2,Residential,11,2,3839,10518,17235
Honda,Accord,2024,35729,2,Minor,3,Rural,2,6,4536,5251,16287
Toyota,Camry,2016,5674,3,Total Loss,3,Residential,11,2,5390,22540,45778
Nissan,Altima,2024,28479,2,Minor,3,Residential,19,0,3778,4135,12626
BMW,3 Series,2023,43053,3,Severe,4,Highway,20,4,53747,31960,222740
Mercedes-Benz,C-Class,2016,15255,2,Minor,3,Residential,23,6,3940,9412,19788
Toyota,Corolla,2016,6297,2,Minor,1,Highway,15,1,1972,6555,12673
Chevrolet,Silverado,2021,33348,3,Severe,3,Rural,0,4,39010,19255,113970
Jeep,Wrangler,2022,31541,2,Moderate,3,Highway,8,5,15408,8122,45931
Tesla,Model Y,2023,39045,1,Minor,2,Residential,2,0,8528,2386,16285
BMW,3 Series,2020,28655,4,Total Loss,4,Residential,22,1,27222,98883,263619
Honda,Civic,2020,12279,4,Total Loss,4,Highway,18,1,11665,104312,298194
Hyundai,Elantra,2017,7758,2,Moderate,1,Urban,10,2,6745,7998,17882
Hyundai,Elantra,2022,15146,4,Total Loss,1,Highway,5,2,14388,114753,222247
Toyota,Camry,2021,20073,4,Total Loss,1,Highway,2,2,19069,54586,131121
Mercedes-Benz,C-Class,2016,14756,2,Minor,3,Urban,19,3,3860,11748,30465
Tesla,Model 3,2019,23246,3,Severe,3,Urban,11,1,40105,28631,146997
Mercedes-Benz,C-Class,2023,47301,3,Severe,2,Highway,13,1,60408,29301,132026
Honda,Accord,2015,5418,4,Severe,2,Rural,19,2,17763,124575,206395
BMW,3 Series,2023,40392,4,Total Loss,4,Residential,12,4,38372,71941,216993
Nissan,Altima,2016,5518,2,Moderate,3,Urban,19,6,6324,6899,24087
Chevrolet,Silverado,2016,18526,1,Minor,2,Residential,0,0,3723,1145,7075
Ford,F-150,2024,36699,3,Severe,2,Highway,15,4,41423,41646,145052
Subaru,Outback,2019,14596,2,Moderate,4,Highway,22,5,8940,10958,65330
Nissan,Altima,2018,9128,1,Minor,1,Highway,9,0,2230,3451,8305
BMW,3 Series,2017,12982,4,Severe,2,Highway,18,0,26683,65036,152548
Mazda,CX-5,2017,8288,3,Total Loss,1,Urban,15,2,7873,38645,56465
BMW,3 Series,2022,36723,4,Severe,3,Rural,15,2,48050,47722,170920
Tesla,Model Y,2023,51607,4,Total Loss,4,Urban,1,6,49026,95618,376710
Mazda,CX-5,2018,10662,3,Moderate,1,Urban,1,0,7718,23266,48886
Honda,Civic,2023,17190,3,Severe,3,Urban,3,1,23251,37601,147272
BMW,3 Series,2023,36375,3,Total Loss,4,Rural,22,4,34556,32498,156692
Jeep,Wrangler,2018,11907,1,Minor,1,Residential,2,0,2809,2337,5077
Hyundai,Elantra,2016,5052,3,Severe,3,Urban,23,3,17273,21684,81328
Honda,Accord,2023,26375,1,Minor,1,Urban,6,0,3741,3308,8196
Toyota,Corolla,2015,6108,2,Moderate,4,Highway,6,4,6374,8201,34478
Tesla,Model Y,2021,28047,3,Total Loss,2,Residential,15,2,26644,24832,70327
Subaru,Outback,2021,18876,3,Severe,1,Rural,13,2,25193,36498,56816
Nissan,Altima,2018,11589,3,Moderate,1,Rural,16,1,7781,36396,40953
Honda,Civic,2020,11435,1,Minor,3,Highway,1,0,2414,1026,7793
Honda,Accord,2021,15440,3,Severe,4,Urban,17,3,22874,29507,107493
Honda,Accord,2021,14465,4,Total Loss,2,Rural,12,4,13741,84100,152360
Tesla,Model Y,2021,38874,2,Moderate,2,Urban,23,1,25991,6140,56515
Honda,Accord,2016,7644,4,Severe,2,Rural,10,1,18898,119358,200773
Nissan,Altima,2022,22539,1,Minor,3,Urban,19,0,3303,3481,12472
Chevrolet,Silverado,2022,42894,4,Total Loss,3,Urban,19,3,40749,69955,231173
Honda,Civic,2023,17837,3,Severe,3,Highway,10,2,23561,43841,145576
Mazda,CX-5,2019,15042,3,Severe,3,Highway,23,2,22671,24262,136350
Tesla,Model 3,2022,29248,2,Severe,1,Rural,6,0,46587,6930,51794
Mercedes-Benz,C-Class,2024,44434,2,Severe,3,Residential,10,5,57656,13495,102531
Hyundai,Elantra,2019,11893,1,Moderate,4,Residential,16,0,7675,1524,15200
Honda,Accord,2016,7855,2,Moderate,2,Urban,9,3,7003,8812,22482
Ford,F-150,2021,36016,3,Total Loss,3,Urban,10,5,34215,43017,143369
Toyota,Corolla,2016,7428,2,Severe,3,Residential,4,6,18342,11488,46003
Tesla,Model Y,2023,50660,3,Moderate,2,Rural,3,0,32356,36615,106787
Toyota,Corolla,2019,9583,4,Total Loss,1,Residential,21,0,9103,112048,100135
Tesla,Model Y,2022,33195,4,Total Loss,4,Rural,6,2,31535,67844,174576
Tesla,Model 3,2021,30157,1,Moderate,3,Urban,4,0,21284,3356,53440
Hyundai,Elantra,2015,4527,2,Moderate,4,Rural,8,6,6018,8251,30792
Subaru,Outback,2019,15247,3,Total Loss,1,Highway,9,1,14484,36497,73765
Mercedes-Benz,C-Class,2021,30362,1,Minor,3,Urban,11,0,6357,2399,16117
Honda,Civic,2015,7240,3,Severe,3,Residential,12,5,18475,14901,42868
Honda,Accord,2024,31985,4,Severe,2,Urban,18,1,31312,111525,220969
Jeep,Wrangler,2024,33031,2,Minor,1,Highway,6,0,5133,10581,20563
Ford,F-150,2020,28981,2,Moderate,1,Rural,14,2,15433,8715,26324
Nissan,Altima,2024,22069,2,Moderate,2,Urban,1,3,10296,6122,28693
Honda,Accord,2022,21443,4,Total Loss,3,Rural,22,6,20370,69036,176038
BMW,3 Series,2020,23005,4,Severe,4,Rural,1,8,35704,114242,325033
Chevrolet,Silverado,2019,23120,4,Total Loss,3,Urban,0,0,21964,68584,215959
Hyundai,Elantra,2017,6973,2,Severe,4,Highway,9,2,18137,7151,70696
Subaru,Outback,2024,29677,4,Total Loss,3,Residential,6,4,28193,110138,195679
Jeep,Wrangler,2024,44694,3,Moderate,2,Highway,1,0,19749,44033,122054
Toyota,Camry,2023,20309,4,Severe,4,Rural,18,1,24748,134890,296679
Ford,F-150,2018,13501,1,Moderate,2,Rural,17,0,9860,1397,14751
Toyota,Camry,2017,10063,4,Total Loss,4,Residential,10,2,9559,114058,209470
Toyota,Corolla,2015,5850,1,Minor,3,Rural,20,0,1938,1945,5613
BMW,3 Series,2023,38625,2,Severe,4,Rural,17,3,49762,8286,107747
Honda,Accord,2020,14584,2,Minor,2,Urban,14,1,2739,7884,13814
Mercedes-Benz,C-Class,2018,15907,4,Total Loss,3,Rural,5,3,15111,60667,159328
Nissan,Altima,2021,16198,1,Moderate,3,Urban,10,0,8887,2440,21479
Tesla,Model Y,2023,42290,1,Minor,2,Residential,14,0,9112,3379,15195
Mercedes-Benz,C-Class,2020,30281,1,Minor,1,Rural,18,0,6344,1203,6535
Tesla,Model Y,2023,44021,4,Total Loss,3,Highway,20,5,41819,80627,229296
Jeep,Wrangler,2015,7136,2,Minor,1,Residential,4,2,2284,9454,11174
Nissan,Altima,2021,18970,3,Total Loss,1,Highway,16,1,18021,17483,47387
Toyota,Corolla,2021,13594,1,Minor,2,Residential,17,0,2519,1176,4718
Nissan,Altima,2017,8756,4,Total Loss,1,Highway,22,1,8318,64859,130260
Toyota,Camry,2022,17931,3,Moderate,2,Highway,6,1,9303,26404,74107
Honda,Civic,2020,11889,2,Minor,1,Highway,18,0,2451,10358,15322
Honda,Accord,2015,5918,4,Total Loss,2,Rural,3,3,5622,86077,136593
Honda,Accord,2020,14679,1,Minor,3,Urban,0,0,2747,2597,12376
Ford,F-150,2023,30945,1,Minor,1,Highway,9,0,5213,3398,9888
Hyundai,Elantra,2015,5307,1,Moderate,3,Residential,2,0,6194,3354,18708
Hyundai,Elantra,2015,4678,4,Total Loss,1,Highway,8,0,4444,101968,139949
Tesla,Model Y,2020,24234,2,Minor,1,Highway,19,1,5862,13281,22574
Toyota,Corolla,2022,19840,2,Moderate,2,Highway,0,2,9464,6129,33250
Ford,F-150,2017,14608,1,Moderate,3,Urban,6,0,10258,1727,23677
Toyota,Corolla,2021,14180,4,Severe,1,Urban,4,2,21381,51137,111705
BMW,3 Series,2024,50342,1,Minor,4,Highway,16,0,9051,2127,30760
Jeep,Wrangler,2023,27043,3,Severe,3,Highway,3,0,32848,41760,208246
Chevrolet,Silverado,2022,24639,3,Total Loss,1,Urban,0,2,23407,43781,79820
Toyota,Corolla,2024,18317,2,Minor,3,Residential,1,4,2873,12935,28496
Tesla,Model 3,2022,31819,3,Moderate,2,Rural,19,1,22182,16700,62470
Toyota,Camry,2023,19398,2,Severe,1,Residential,6,1,24311,6981,32421
Honda,Civic,2018,8592,1,Minor,1,Residential,1,0,2187,1067,3787
Tesla,Model Y,2023,50553,2,Minor,3,Rural,15,4,10599,10094,37246
Hyundai,Elantra,2020,9700,2,Moderate,2,Urban,7,2,7182,12925,31172
Jeep,Wrangler,2018,12176,4,Total Loss,2,Residential,1,2,11567,108071,182604
Nissan,Altima,2024,31413,1,Minor,2,Urban,14,0,4013,1634,9071
Toyota,Corolla,2022,13202,2,Moderate,2,Rural,8,1,7970,7013,21161
Tesla,Model 3,2019,24333,3,Severe,1,Highway,16,0,41279,15835,87324
Mercedes-Benz,C-Class,2022,29067,4,Total Loss,4,Residential,19,0,27613,130598,249225
Hyundai,Elantra,2017,8028,2,Moderate,3,Urban,16,2,6806,10718,31427
Toyota,Camry,2021,12693,2,Minor,2,Residential,14,0,2515,5879,10826
Jeep,Wrangler,2019,19509,4,Severe,4,Residential,17,5,27875,93815,195099
Hyundai,Elantra,2023,17833,2,Minor,1,Residential,4,0,2837,6273,11130
Toyota,Camry,2017,8890,4,Total Loss,2,Highway,14,1,8445,80133,149689
Toyota,Camry,2015,5253,1,Minor,1,Rural,10,0,1920,3097,4301
Honda,Civic,2019,9391,2,Severe,3,Urban,19,5,19507,9961,52619
BMW,3 Series,2022,36236,1,Minor,4,Residential,23,0,6935,2476,20644
Ford,F-150,2022,35960,4,Total Loss,2,Highway,15,4,34162,133524,328346
Mazda,CX-5,2022,25421,2,Moderate,3,Rural,19,1,11482,8381,29286
Tesla,Model 3,2021,27576,4,Total Loss,4,Rural,21,0,26197,83321,210197
Hyundai,Elantra,2018,9133,1,Minor,4,Rural,3,0,2184,1281,6732
Tesla,Model 3,2022,29581,2,Minor,1,Rural,9,2,6824,14377,21837
Honda,Civic,2020,14507,1,Moderate,3,Residential,13,0,8481,3042,18277
Mazda,CX-5,2016,7400,3,Moderate,2,Highway,6,0,6887,44278,91406
Honda,Civic,2015,6144,4,Total Loss,1,Urban,8,0,5836,119597,161536
Jeep,Wrangler,2018,12581,1,Minor,3,Residential,7,0,2883,1282,6800
Subaru,Outback,2021,19055,2,Minor,2,Rural,10,3,3214,11913,16882
Mercedes-Benz,C-Class,2021,34938,4,Total Loss,2,Rural,16,1,33191,119318,201268
Ford,F-150,2018,22687,1,Minor,2,Residential,13,0,4222,1731,6482
Jeep,Wrangler,2016,8526,4,Severe,2,Urban,12,2,20627,88583,179653
Toyota,Corolla,2020,10363,3,Severe,3,Urban,21,4,19663,36170,112911
BMW,3 Series,2019,22420,3,Total Loss,1,Rural,18,0,21299,12948,44133
BMW,3 Series,2015,8886,3,Severe,3,Rural,14,5,22997,26707,93458
Chevrolet,Silverado,2020,27781,2,Minor,2,Highway,9,4,4833,14332,32579
Honda,Accord,2019,13789,4,Total Loss,2,Rural,9,4,13099,82514,139372
Mazda,CX-5,2015,6200,4,Total Loss,3,Highway,1,0,5890,83443,250513
Toyota,Camry,2023,17875,2,Moderate,2,Rural,23,4,9290,4362,19211
Mercedes-Benz,C-Class,2023,43415,3,Severe,3,Rural,22,2,56678,14188,137641
Toyota,Camry,2021,12759,2,Moderate,2,Rural,2,3,8062,9776,27018
Toyota,Corolla,2021,15840,3,Severe,2,Urban,19,2,22128,28791,86818
Toyota,Corolla,2022,15839,3,Severe,1,Highway,19,1,22127,20927,56872
Hyundai,Elantra,2019,12094,3,Severe,1,Rural,7,2,20442,22580,44709
Tesla,Model 3,2018,16142,3,Severe,4,Rural,9,8,32433,16081,98037
Nissan,Altima,2024,21574,3,Severe,1,Urban,18,2,25355,16640,48149
Hyundai,Elantra,2024,27877,1,Moderate,3,Highway,20,0,11272,1535,23244
Mercedes-Benz,C-Class,2020,23060,2,Moderate,2,Residential,3,4,16068,11827,38946
Hyundai,Elantra,2019,8382,3,Severe,4,Residential,7,8,18771,39056,97703
Hyundai,Elantra,2023,22013,4,Total Loss,2,Rural,1,4,20912,142983,269922
Tesla,Model Y,2020,28838,4,Severe,2,Rural,21,1,46145,85286,184279
Toyota,Camry,2015,5911,4,Total Loss,3,Residential,3,1,5615,66633,135954
Tesla,Model 3,2022,36502,4,Total Loss,1,Residential,5,0,34676,51624,107044
Mazda,CX-5,2023,24610,2,Moderate,2,Urban,21,1,11275,9475,28017
Honda,Civic,2022,22227,2,Moderate,1,Residential,23,0,10334,12692,27980
Tesla,Model 3,2024,48739,2,Severe,1,Highway,19,2,67638,11634,107744
Subaru,Outback,2024,29463,2,Moderate,3,Rural,6,0,12955,6357,29269
Tesla,Model Y,2021,27745,4,Severe,2,Highway,15,4,44964,47958,156187
Toyota,Corolla,2023,18887,4,Total Loss,2,Highway,23,4,17942,50067,156482
Hyundai,Elantra,2021,16427,1,Moderate,2,Urban,13,0,8696,2156,14546
Jeep,Wrangler,2016,11253,3,Severe,1,Highway,17,2,22426,19884,55611
Honda,Accord,2023,22293,3,Severe,4,Residential,10,8,26369,23082,90605
Honda,Civic,2023,22103,2,Moderate,3,Urban,2,3,10304,10540,39739
Ford,F-150,2019,24942,1,Moderate,3,Urban,14,0,13979,2574,28180
Toyota,Camry,2018,12061,3,Moderate,2,Residential,12,2,7894,33877,46550
Mazda,CX-5,2018,11044,3,Severe,4,Highway,10,8,20632,25433,139727
Nissan,Altima,2015,5407,4,Severe,2,Urban,21,2,17595,43195,80325
Subaru,Outback,2016,8784,1,Minor,1,Urban,13,0,2290,1314,3794
Tesla,Model 3,2021,33506,2,Moderate,3,Rural,18,3,23093,4957,51665
Tesla,Model 3,2024,42232,3,Severe,4,Residential,0,1,60610,21950,178478
BMW,3 Series,2018,15613,4,Severe,4,Highway,8,6,29051,93325,340784
Honda,Accord,2017,11421,3,Severe,4,Rural,1,3,20824,23601,102509
Ford,F-150,2019,14497,2,Moderate,3,Residential,5,4,10218,4788,30372
Jeep,Wrangler,2017,13689,3,Severe,1,Rural,19,0,24034,21098,45138
Toyota,Corolla,2022,17237,4,Severe,2,Urban,8,1,22756,75336,140177
Toyota,Camry,2017,9947,3,Severe,4,Urban,18,7,19774,29934,109653
Toyota,Camry,2019,15039,2,Severe,3,Urban,10,4,22218,10290,62843
BMW,3 Series,2017,14165,1,Moderate,4,Urban,18,0,11374,2184,33213
Ford,F-150,2024,31562,3,Total Loss,4,Highway,22,5,29983,38682,193101
Mercedes-Benz,C-Class,2018,20038,2,Moderate,1,Residential,14,2,14618,8271,21592
Subaru,Outback,2021,21572,3,Moderate,1,Highway,22,2,10824,44004,86825
Honda,Civic,2020,11750,4,Total Loss,1,Urban,22,1,11162,117978,180562
Subaru,Outback,2023,27999,3,Moderate,1,Highway,2,0,12559,33435,68463
Nissan,Altima,2017,9338,2,Minor,2,Residential,20,1,2247,5205,9414
Mercedes-Benz,C-Class,2024,50518,4,Total Loss,4,Urban,8,8,47992,101882,347889
Honda,Accord,2015,7925,4,Total Loss,3,Urban,5,4,7528,94368,199554
Jeep,Wrangler,2019,18123,1,Minor,2,Urban,12,0,3493,1822,7129
Ford,F-150,2016,9922,4,Total Loss,1,Residential,13,0,9425,61457,56625
Toyota,Camry,2022,20667,4,Total Loss,4,Residential,9,0,19633,112003,239274
BMW,3 Series,2022,33625,4,Total Loss,4,Rural,7,2,31943,91003,259437
Mercedes-Benz,C-Class,2016,13990,4,Total Loss,1,Rural,14,1,13290,113970,133705
Subaru,Outback,2017,10299,2,Severe,3,Urban,23,4,20561,8672,66171
Nissan,Altima,2016,6677,1,Moderate,3,Urban,22,0,6602,1267,16000
Honda,Accord,2016,9009,4,Severe,4,Rural,1,1,19594,125530,371916
Hyundai,Elantra,2024,24954,4,Total Loss,2,Urban,15,0,23706,72596,146244
Mercedes-Benz,C-Class,2016,14175,3,Severe,3,Urban,10,4,28608,29350,101156
Honda,Accord,2016,8747,2,Moderate,2,Highway,13,0,7230,11788,34449
BMW,3 Series,2015,10985,1,Moderate,3,Residential,10,0,9943,2378,19099
Hyundai,Elantra,2021,16005,1,Minor,4,Highway,1,0,2700,1171,9932
Nissan,Altima,2024,21465,4,Total Loss,1,Urban,3,0,20391,70220,110078
Tesla,Model 3,2021,31023,4,Total Loss,2,Highway,6,2,29471,42978,124476
Nissan,Altima,2018,9132,4,Total Loss,2,Rural,7,3,8675,125297,156382
Nissan,Altima,2021,19012,1,Moderate,4,Rural,19,0,9562,1207,18825
BMW,3 Series,2023,32245,3,Severe,2,Highway,9,4,44020,43838,153130
Tesla,Model Y,2022,33926,2,Minor,1,Urban,19,0,7606,8511,15321
Subaru,Outback,2019,12326,1,Moderate,4,Urban,19,0,8328,1553,21190
Honda,Civic,2016,5240,3,Severe,3,Residential,23,2,17515,40287,99954
Jeep,Wrangler,2022,22725,4,Severe,3,Rural,23,1,29998,92824,276892
Toyota,Camry,2023,23705,4,Severe,1,Residential,12,1,26378,137788,141291
Toyota,Camry,2020,18048,4,Total Loss,4,Highway,15,3,17145,63982,190574
Subaru,Outback,2020,15607,3,Severe,3,Rural,11,1,23427,33397,112128
Nissan,Altima,2024,28969,3,Total Loss,3,Residential,5,2,27520,31228,118483
Toyota,Corolla,2020,12307,3,Severe,2,Urban,17,4,20538,18387,56859
Mazda,CX-5,2017,8651,2,Minor,4,Residential,2,0,2235,11249,29246
Tesla,Model 3,2018,19298,3,Severe,2,Highway,17,3,35841,15763,88354
Honda,Accord,2024,22664,1,Minor,1,Urban,16,0,3426,2368,7327
Honda,Accord,2023,31105,2,Severe,3,Rural,7,5,30863,7064,67730
Nissan,Altima,2020,16205,2,Severe,3,Rural,4,3,22778,13451,79201
Ford,F-150,2019,18621,1,Moderate,1,Urban,12,0,11703,2619,16853
Jeep,Wrangler,2024,41761,1,Minor,3,Rural,1,0,6093,2094,17201
Tesla,Model Y,2020,24241,1,Minor,1,Urban,1,0,5863,2509,11408
Mazda,CX-5,2022,20857,3,Severe,4,Rural,19,7,25637,37618,146126
Chevrolet,Silverado,2022,29977,2,Moderate,3,Urban,15,1,15791,4514,31566
Nissan,Altima,2019,9919,1,Minor,2,Urban,8,0,2293,1102,4796
Tesla,Model Y,2023,44046,2,Minor,1,Residential,4,0,9428,12684,20491
Hyundai,Elantra,2021,11277,3,Severe,4,Urban,7,8,20074,44105,130016
Toyota,Corolla,2021,14992,1,Minor,3,Urban,6,0,2624,3055,11340
Toyota,Camry,2015,5623,4,Total Loss,4,Urban,17,3,5341,60313,134871
Mercedes-Benz,C-Class,2016,14070,1,Minor,4,Urban,10,0,3751,3013,13066
Honda,Accord,2020,13871,2,Moderate,4,Rural,16,7,8537,11824,40009
BMW,3 Series,2023,35837,4,Severe,4,Highway,23,7,47253,109505,488784
Toyota,Corolla,2015,5517,4,Severe,1,Highway,2,1,17482,66093,136275
Subaru,Outback,2017,10382,2,Severe,2,Residential,9,3,20606,13625,37292
Nissan,Altima,2024,30140,4,Total Loss,4,Urban,15,1,28633,94434,236165
Ford,F-150,2021,35294,2,Moderate,1,Urban,12,2,17705,4358,23478
BMW,3 Series,2024,36644,4,Total Loss,2,Highway,6,1,34811,111318,256094
Ford,F-150,2023,49089,4,Total Loss,2,Rural,7,4,46634,71158,179065
Subaru,Outback,2022,25272,4,Total Loss,4,Highway,12,0,24008,117126,320576
Mazda,CX-5,2015,5701,3,Moderate,2,Urban,8,0,6453,22523,48519
Honda,Accord,2017,12178,3,Severe,4,Residential,16,6,21210,30896,92186
Mercedes-Benz,C-Class,2023,43662,3,Severe,1,Urban,14,1,56915,30599,105612
Honda,Accord,2020,19518,4,Total Loss,1,Rural,8,1,18542,90635,109410
Ford,F-150,2018,17735,3,Severe,1,Highway,11,1,27769,14832,55492
Mercedes-Benz,C-Class,2022,42177,1,Minor,3,Residential,3,0,8248,1396,18924
Ford,F-150,2024,51169,2,Minor,2,Residential,22,2,7640,10668,22481
Mercedes-Benz,C-Class,2024,52713,1,Minor,3,Residential,14,0,9934,2185,16895
Hyundai,Elantra,2021,14717,1,Minor,4,Rural,9,0,2603,2685,10145
Honda,Civic,2017,9097,1,Minor,4,Rural,16,0,2227,2285,7845
Honda,Accord,2018,11074,4,Total Loss,2,Rural,8,0,10520,54486,94074
Mercedes-Benz,C-Class,2018,16861,4,Total Loss,1,Rural,5,2,16017,134567,172197
Subaru,Outback,2022,18835,1,Moderate,1,Residential,18,0,10085,2971,11221
Tesla,Model 3,2023,45403,2,Minor,1,Highway,4,0,9672,13700,32894
Toyota,Corolla,2018,9461,4,Severe,1,Highway,4,0,19257,48312,110185
Chevrolet,Silverado,2018,18910,3,Severe,2,Residential,21,0,28615,19810,52051
BMW,3 Series,2024,48117,4,Total Loss,3,Highway,7,1,45711,66909,214784
Subaru,Outback,2024,28749,1,Minor,2,Rural,3,0,4087,2160,9351
Honda,Accord,2016,9623,2,Minor,4,Rural,12,7,2317,8841,18110
Mazda,CX-5,2022,20838,3,Severe,2,Rural,3,1,25627,15466,75447
Chevrolet,Silverado,2024,35584,2,Moderate,3,Rural,15,1,17810,10242,46731
Mercedes-Benz,C-Class,2024,44841,4,Total Loss,2,Urban,19,0,42598,127097,263289
Honda,Civic,2020,10068,1,Moderate,3,Highway,1,0,7416,1833,25353
Toyota,Corolla,2021,16594,3,Severe,4,Highway,11,4,22467,24557,108640
Tesla,Model Y,2022,43463,1,Minor,2,Rural,3,0,9323,1313,16603
Tesla,Model Y,2020,33330,4,Total Loss,4,Rural,3,4,31663,56457,225766
BMW,3 Series,2015,12383,4,Total Loss,2,Urban,14,4,11763,133575,233506
Honda,Civic,2023,21352,2,Moderate,2,Rural,18,4,10124,12948,30339
Ford,F-150,2016,12008,1,Minor,4,Urban,3,0,2940,1737,13153
Chevrolet,Silverado,2016,17274,3,Moderate,3,Residential,19,4,11218,30970,69648
BMW,3 Series,2024,46799,3,Severe,2,Rural,1,0,57119,44144,147791
Mercedes-Benz,C-Class,2017,13547,1,Minor,2,Urban,11,0,3667,2915,10509
Mercedes-Benz,C-Class,2017,16196,1,Minor,2,Residential,6,0,4091,1278,6122
Nissan,Altima,2015,6554,4,Total Loss,2,Residential,15,1,6226,81783,107411
Nissan,Altima,2022,18423,4,Total Loss,2,Urban,17,4,17501,73294,149758
Toyota,Corolla,2020,13644,2,Minor,1,Highway,19,1,2523,5854,12304
Ford,F-150,2016,17253,2,Minor,3,Rural,11,3,3570,10771,24632
Nissan,Altima,2016,5992,1,Moderate,4,Urban,13,0,6438,1645,20208
Tesla,Model 3,2023,40107,4,Total Loss,3,Rural,4,2,38101,126816,337141
Chevrolet,Silverado,2023,39211,1,Minor,4,Rural,11,0,6205,1926,17338
Toyota,Camry,2019,10610,3,Severe,1,Urban,7,0,20092,16897,40343
Ford,F-150,2024,47331,1,Minor,3,Residential,20,0,7179,1792,12787
Tesla,Model Y,2022,46711,3,Moderate,2,Rural,2,3,30223,23291,87359
Subaru,Outback,2020,15444,4,Severe,3,Highway,15,6,23339,59631,182606
Toyota,Camry,2020,12620,2,Moderate,3,Residential,18,4,8028,13605,28766
Tesla,Model 3,2019,19150,3,Severe,3,Highway,3,5,35682,22945,169701
Honda,Civic,2022,19338,2,Minor,2,Rural,15,1,3047,14231,21010
Mercedes-Benz,C-Class,2016,13215,1,Minor,4,Urban,18,0,3614,2490,12563
Mazda,CX-5,2015,6872,4,Total Loss,3,Highway,19,5,6528,92292,238373
Toyota,Camry,2021,16680,4,Total Loss,4,Residential,7,6,15846,43684,102720
BMW,3 Series,2022,38994,1,Minor,4,Residential,21,0,7349,2967,16907
Toyota,Camry,2020,18245,3,Severe,3,Urban,12,0,23757,27575,87350
Jeep,Wrangler,2017,9387,3,Severe,1,Residential,8,0,21195,22269,37959
Mazda,CX-5,2017,10728,1,Minor,2,Urban,21,0,2411,1992,5650
Mazda,CX-5,2016,8701,4,Total Loss,2,Rural,15,2,8265,87107,126844
Mercedes-Benz,C-Class,2017,17611,1,Minor,4,Residential,8,0,4317,3187,14529
Ford,F-150,2015,14716,2,Moderate,4,Rural,13,3,10297,4664,26415
Mercedes-Benz,C-Class,2024,53765,1,Minor,2,Urban,6,0,10102,2853,20989
Mercedes-Benz,C-Class,2020,28552,2,Minor,3,Highway,2,1,6068,11770,49670
Tesla,Model 3,2018,17489,1,Minor,1,Highway,8,0,4648,2713,9669
Hyundai,Elantra,2019,11666,2,Moderate,3,Rural,12,1,7624,10106,24399
Toyota,Camry,2022,19285,3,Severe,3,Rural,22,2,24256,17149,82088
Jeep,Wrangler,2024,37533,4,Total Loss,4,Urban,13,0,35656,139598,323683
Ford,F-150,2019,21291,3,Severe,3,Highway,2,3,30329,31407,144099
Honda,Accord,2015,8145,3,Severe,3,Highway,1,6,19153,35174,135109
Mercedes-Benz,C-Class,2016,13588,1,Moderate,1,Highway,15,0,11522,3299,19154
Honda,Civic,2016,6441,4,Severe,2,Urban,4,0,18091,130671,244278
BMW,3 Series,2024,45688,4,Total Loss,1,Residential,13,2,43403,58384,102018
Toyota,Camry,2018,9870,4,Total Loss,1,Urban,6,2,9376,130224,152504
Ford,F-150,2019,20627,3,Total Loss,1,Highway,4,2,19595,31424,87863
Hyundai,Elantra,2024,18910,3,Severe,3,Rural,0,0,23509,21109,108907
Honda,Civic,2018,11963,2,Moderate,1,Highway,11,1,7871,14212,26657
Hyundai,Elantra,2016,6263,2,Minor,2,Rural,12,4,1969,13014,16846
Nissan,Altima,2022,21707,4,Total Loss,4,Urban,22,8,20621,55092,198625
Toyota,Corolla,2017,6646,2,Moderate,1,Highway,3,1,6495,14341,34766
Toyota,Camry,2021,21250,3,Severe,4,Residential,10,1,25200,40910,132990
Chevrolet,Silverado,2024,64765,3,Severe,2,Urban,6,4,61630,31792,117097
Mercedes-Benz,C-Class,2016,13574,3,Severe,3,Residential,1,3,28031,29236,92583
Jeep,Wrangler,2019,19735,2,Moderate,4,Highway,3,4,11512,7094,64939
Jeep,Wrangler,2024,35425,4,Total Loss,4,Rural,3,6,33653,130213,342286
Tesla,Model 3,2019,22018,4,Total Loss,4,Rural,11,4,20917,61999,160238
Hyundai,Elantra,2022,19736,2,Moderate,3,Residential,2,6,9440,10154,34032
BMW,3 Series,2016,14608,1,Moderate,1,Residential,16,0,11573,2420,11293
Jeep,Wrangler,2018,10831,4,Total Loss,3,Rural,3,4,10289,134027,270995
Toyota,Corolla,2019,10281,2,Moderate,4,Residential,3,5,7313,9057,36865
Subaru,Outback,2017,11449,3,Severe,4,Highway,1,8,21182,25682,155716
Honda,Civic,2023,23239,4,Severe,2,Urban,21,0,26154,104228,212074
Tesla,Model Y,2021,33086,4,Severe,3,Highway,7,2,50732,66291,267096
Hyundai,Elantra,2024,25760,3,Total Loss,4,Residential,16,4,24472,37731,115689
Honda,Accord,2022,21777,2,Severe,3,Highway,20,1,26106,13465,85355
Jeep,Wrangler,2019,13919,2,Moderate,1,Residential,3,1,9593,12808,26649
Tesla,Model 3,2022,31267,3,Severe,1,Highway,11,0,48768,37659,129486
Tesla,Model Y,2024,49460,2,Moderate,2,Residential,15,0,31708,14330,51922
BMW,3 Series,2020,19419,2,Minor,1,Highway,1,2,4412,7670,16425
Honda,Accord,2023,20367,3,Total Loss,4,Rural,19,7,19348,39709,124488
Honda,Civic,2019,10071,3,Moderate,4,Rural,22,4,7417,38834,122108
Mercedes-Benz,C-Class,2024,49055,2,Minor,3,Rural,19,0,9348,12378,30999
Hyundai,Elantra,2021,13984,4,Total Loss,1,Urban,13,1,13284,74107,92132
Jeep,Wrangler,2018,10687,3,Severe,1,Urban,21,1,22053,43520,68747
Honda,Accord,2018,8433,1,Minor,2,Highway,11,0,2216,2375,8781
Subaru,Outback,2017,10679,3,Total Loss,2,Highway,5,4,10145,36760,100029
Nissan,Altima,2021,15600,4,Severe,1,Rural,0,0,22488,132201,212060
Tesla,Model Y,2022,39561,2,Moderate,3,Urban,0,0,26362,6701,78343
Tesla,Model 3,2018,17551,3,Severe,1,Rural,11,1,33955,20905,57756
Mazda,CX-5,2017,9119,2,Minor,2,Urban,19,0,2275,11316,17617
BMW,3 Series,2021,27520,4,Total Loss,3,Rural,18,1,26144,51146,111752
Hyundai,Elantra,2022,17558,3,Moderate,4,Rural,20,5,8950,15504,54119
Jeep,Wrangler,2016,11972,1,Minor,3,Urban,6,0,2816,1743,8963
Mazda,CX-5,2018,9759,2,Minor,2,Residential,16,3,2329,9670,13632
Tesla,Model 3,2024,50295,3,Severe,2,Rural,2,2,69318,41618,184309
Mazda,CX-5,2018,9346,4,Total Loss,2,Rural,19,3,8878,99665,153478
Mazda,CX-5,2022,21666,4,Total Loss,1,Urban,7,1,20582,96711,131417
Toyota,Corolla,2015,4588,1,Minor,4,Rural,5,0,1844,1543,6694
Tesla,Model Y,2023,50370,3,Severe,3,Highway,13,3,69399,29881,204643
Ford,F-150,2022,41264,4,Total Loss,4,Highway,21,1,39200,116023,336063
Toyota,Camry,2015,5022,4,Total Loss,4,Residential,1,8,4770,46544,116935
Hyundai,Elantra,2023,21718,1,Minor,2,Rural,17,0,3128,1625,5342
Jeep,Wrangler,2022,22942,3,Severe,3,Highway,12,1,30141,35377,145000
Jeep,Wrangler,2017,11898,1,Minor,2,Residential,8,0,2808,1246,5020
Tesla,Model 3,2023,45820,4,Total Loss,1,Rural,20,2,43529,124415,172299
Mercedes-Benz,C-Class,2018,15964,1,Moderate,3,Highway,7,0,12662,2334,35454
Toyota,Camry,2016,5665,2,Minor,2,Highway,13,0,1953,10990,23986
Hyundai,Elantra,2019,11909,4,Severe,1,Urban,6,1,20359,60349,87898
Tesla,Model 3,2021,25253,2,Moderate,3,Rural,4,1,18636,7840,48342
Ford,F-150,2017,20381,4,Total Loss,1,Urban,7,0,19361,50905,88676
Jeep,Wrangler,2018,16585,3,Severe,1,Residential,18,0,25946,39595,53291
Nissan,Altima,2021,16129,4,Total Loss,2,Highway,11,4,15322,41113,113905
Honda,Civic,2015,5097,3,Severe,2,Urban,18,3,17446,34956,71294
Chevrolet,Silverado,2021,36746,3,Severe,3,Rural,16,6,41457,33344,133244
Chevrolet,Silverado,2017,10469,2,Minor,4,Residential,17,5,2756,7985,20989
Chevrolet,Silverado,2018,20206,3,Severe,1,Urban,4,1,29548,39197,95092
Toyota,Corolla,2019,12321,1,Minor,1,Highway,1,0,2424,1415,5325
Hyundai,Elantra,2021,14909,2,Minor,2,Residential,13,3,2618,11191,17934
Tesla,Model Y,2023,41922,3,Severe,3,Rural,18,2,60275,19479,132350
Ford,F-150,2017,15803,3,Severe,2,Highway,6,3,26378,26450,109969
Ford,F-150,2023,45385,3,Severe,3,Residential,18,5,47677,40038,141728
Subaru,Outback,2021,21043,1,Minor,2,Residential,3,0,3393,3274,9481
Honda,Accord,2022,17962,3,Moderate,3,Highway,0,5,9580,16806,85510
Nissan,Altima,2018,11530,2,Moderate,2,Rural,23,4,7767,10145,28280
Toyota,Camry,2021,13824,3,Moderate,4,Residential,18,7,8317,13976,38601
Ford,F-150,2017,9754,1,Minor,1,Highway,23,0,2670,1298,5667
Toyota,Corolla,2018,9829,2,Severe,1,Highway,12,1,19423,5814,28724
BMW,3 Series,2017,13947,4,Severe,1,Urban,17,1,27552,137952,209379
Honda,Accord,2023,27369,4,Severe,1,Rural,21,0,28958,93680,128746
Ford,F-150,2019,19759,2,Moderate,2,Rural,16,4,12113,5782,20462
Jeep,Wrangler,2017,12647,1,Moderate,3,Residential,20,0,9173,3346,18288
Toyota,Corolla,2021,13787,1,Minor,4,Urban,11,0,2534,3555,14047
Subaru,Outback,2023,24604,3,Total Loss,3,Urban,4,1,23373,40087,122061
Subaru,Outback,2023,32217,3,Severe,3,Rural,5,1,32397,39845,141097
Mazda,CX-5,2024,29291,3,Moderate,3,Residential,13,2,12469,25265,62562
Honda,Accord,2018,11254,1,Minor,3,Urban,6,0,2456,1629,7990
Ford,F-150,2019,27121,1,Minor,3,Residential,17,0,4754,3343,11276
Mazda,CX-5,2015,6901,2,Severe,2,Rural,15,2,18519,4676,31557
Ford,F-150,2016,13200,2,Moderate,1,Residential,9,0,9752,6027,14854
Hyundai,Elantra,2021,13815,2,Severe,2,Urban,20,0,21216,10065,50925
Hyundai,Elantra,2016,4920,2,Severe,2,Urban,1,2,17214,5589,35776
Chevrolet,Silverado,2021,21673,3,Severe,1,Rural,3,1,30604,37517,89288
Mazda,CX-5,2022,24405,4,Total Loss,1,Urban,19,2,23184,133744,160064
Toyota,Camry,2017,9679,4,Total Loss,2,Rural,8,2,9195,98154,139998
Ford,F-150,2019,22201,2,Moderate,3,Residential,1,2,12992,4258,31289
Subaru,Outback,2022,27137,2,Minor,1,Residential,8,2,3942,6820,8480
Mazda,CX-5,2020,13434,4,Total Loss,2,Rural,5,1,12762,60788,129061
BMW,3 Series,2021,21570,4,Total Loss,3,Residential,12,3,20491,134222,256059
Tesla,Model Y,2020,27188,1,Moderate,4,Highway,19,0,19681,1140,48814
Honda,Civic,2016,7701,4,Total Loss,2,Urban,11,3,7315,65693,92439
Tesla,Model Y,2024,51762,2,Severe,3,Urban,11,0,70902,13246,133979
Tesla,Model 3,2020,21890,1,Minor,2,Rural,23,0,5440,2551,11986
BMW,3 Series,2016,9653,3,Moderate,1,Rural,4,2,9343,15301,30988
Honda,Civic,2023,24999,1,Minor,2,Highway,8,0,3499,1586,7415
Tesla,Model 3,2020,21639,2,Moderate,3,Highway,19,2,16685,9973,56661
Jeep,Wrangler,2019,17825,3,Severe,3,Highway,7,0,26764,16767,101996
BMW,3 Series,2017,12926,1,Minor,2,Rural,18,0,3438,2389,6517
Toyota,Camry,2023,28226,4,Total Loss,4,Highway,22,8,26814,132167,547238
Toyota,Corolla,2015,4691,4,Total Loss,1,Highway,19,1,4456,55139,87846
Mercedes-Benz,C-Class,2020,29524,2,Moderate,2,Highway,1,3,19171,13513,75947
Toyota,Corolla,2022,15061,4,Severe,3,Urban,11,4,21777,132162,311980
Chevrolet,Silverado,2019,14794,1,Moderate,4,Highway,16,0,10325,1707,33425
Honda,Accord,2016,8500,4,Total Loss,4,Urban,22,0,8075,91978,258846
Mercedes-Benz,C-Class,2017,18288,4,Severe,1,Residential,14,2,32556,81874,112767
Ford,F-150,2022,34349,2,Moderate,4,Highway,16,3,17365,13826,87962
Subaru,Outback,2015,6416,1,Minor,2,Rural,5,0,2077,2196,5905
Ford,F-150,2016,15506,3,Severe,2,Urban,1,4,26164,17011,68215
Toyota,Corolla,2015,5045,4,Total Loss,4,Residential,9,7,4792,98204,163392
Nissan,Altima,2022,21628,1,Minor,2,Residential,20,0,3230,1494,6088
Ford,F-150,2019,26601,3,Severe,3,Urban,15,0,34152,23916,93792
Tesla,Model Y,2021,37379,4,Total Loss,2,Urban,13,0,35510,105001,185689
Toyota,Corolla,2024,23575,3,Severe,2,Highway,2,4,25608,31609,123435
Honda,Civic,2015,7358,2,Severe,4,Residential,5,5,18531,11161,68975
Toyota,Corolla,2015,5945,4,Total Loss,1,Highway,1,0,5647,80916,123270
Tesla,Model 3,2019,19602,2,Minor,2,Urban,5,1,5028,11609,26069
Honda,Accord,2019,12977,3,Severe,4,Highway,7,5,21618,32742,133511
BMW,3 Series,2017,15155,1,Minor,2,Highway,18,0,3773,3369,10678
Honda,Accord,2015,5404,1,Moderate,4,Urban,13,0,6378,1158,13992
Tesla,Model 3,2020,28353,1,Minor,1,Urban,2,0,6603,1216,11691
Nissan,Altima,2020,16322,4,Severe,2,Residential,11,2,22834,133719,189195
Nissan,Altima,2019,10735,4,Severe,4,Residential,0,6,20152,55396,171425
Toyota,Camry,2015,6889,3,Moderate,4,Highway,0,5,6653,38766,151589
Mazda,CX-5,2022,25885,3,Total Loss,4,Urban,23,5,24590,21869,141540
Hyundai,Elantra,2017,6726,1,Minor,3,Highway,8,0,2004,1728,8638
Honda,Accord,2018,10614,1,Minor,4,Rural,13,0,2402,2715,8329
BMW,3 Series,2019,21973,2,Severe,2,Rural,16,3,34775,8080,60458
Toyota,Camry,2019,14241,1,Minor,4,Rural,8,0,2639,2373,10698
Subaru,Outback,2015,6079,2,Moderate,4,Rural,4,2,6641,7889,36217
Subaru,Outback,2023,27382,2,Minor,3,Residential,1,5,3964,9809,22241
BMW,3 Series,2016,12244,2,Moderate,2,Residential,17,0,10509,13960,26602
Jeep,Wrangler,2015,8196,3,Severe,2,Urban,17,1,20409,25574,65287
Nissan,Altima,2019,13748,4,Severe,3,Highway,7,6,21599,73337,237716
Ford,F-150,2022,45757,2,Minor,1,Urban,13,1,6990,12718,18689
Toyota,Camry,2019,10602,4,Total Loss,2,Rural,21,2,10071,142413,192599
Mercedes-Benz,C-Class,2023,49052,2,Moderate,1,Rural,1,2,28544,13806,46931
Mazda,CX-5,2023,30454,4,Total Loss,1,Rural,9,2,28931,51125,88064
Tesla,Model 3,2023,46581,2,Severe,2,Highway,6,3,65307,12451,124624
Chevrolet,Silverado,2024,47113,3,Severe,3,Highway,5,0,48921,29782,207206
Honda,Civic,2016,5398,2,Minor,4,Urban,1,6,1931,4893,18457
Honda,Accord,2020,12882,4,Severe,2,Residential,16,1,21569,47231,77218
Jeep,Wrangler,2024,41776,3,Severe,4,Urban,5,1,42572,22023,152256
Tesla,Model Y,2021,30419,4,Total Loss,4,Highway,19,3,28898,59889,251266
BMW,3 Series,2016,10130,1,Minor,3,Highway,19,0,3019,3316,12545
Tesla,Model 3,2024,42258,3,Severe,1,Residential,0,0,60638,29379,89612
Honda,Civic,2017,8927,4,Total Loss,3,Urban,14,2,8480,130531,222663
Chevrolet,Silverado,2019,30049,4,Total Loss,4,Urban,21,5,28546,113367,331772
Jeep,Wrangler,2019,18609,2,Severe,3,Residential,12,6,27281,13132,56791
Chevrolet,Silverado,2018,20928,3,Severe,2,Rural,7,3,30068,34688,101549
Mazda,CX-5,2016,8887,3,Severe,4,Urban,3,2,19532,33717,130770
Toyota,Camry,2022,24050,1,Moderate,4,Residential,7,0,10772,2957,26950
Tesla,Model 3,2020,26635,2,Minor,2,Urban,17,0,6294,10806,26623
Nissan,Altima,2023,19045,1,Minor,1,Highway,16,0,3023,1362,5577
Honda,Civic,2017,8045,4,Total Loss,4,Highway,4,5,7642,84969,309074
Subaru,Outback,2017,9015,1,Moderate,1,Highway,8,0,7434,3052,12626
Honda,Civic,2017,8961,1,Minor,3,Rural,9,0,2216,2041,7622
Subaru,Outback,2015,6332,2,Minor,1,Highway,9,0,2069,7327,12133
Subaru,Outback,2015,6495,4,Total Loss,3,Residential,5,0,6170,127351,229705
Nissan,Altima,2022,18788,2,Minor,3,Rural,10,1,3003,9308,20319
Toyota,Camry,2019,10576,2,Minor,1,Highway,22,2,2346,13272,27692
Chevrolet,Silverado,2023,51565,3,Total Loss,1,Residential,6,2,48986,28971,74832
Nissan,Altima,2019,9639,1,Minor,3,Residential,2,0,2271,1863,6677
Toyota,Camry,2018,12584,2,Moderate,1,Urban,14,0,8020,12468,25874
Jeep,Wrangler,2020,17326,4,Total Loss,1,Urban,22,2,16459,125563,182108
Honda,Civic,2017,10163,1,Minor,2,Rural,5,0,2313,1322,4973
Tesla,Model 3,2018,20270,3,Moderate,4,Residential,12,3,15945,34467,94376
Subaru,Outback,2019,11128,4,Total Loss,3,Residential,19,0,10571,93674,149779
Toyota,Camry,2015,6589,4,Total Loss,3,Residential,14,5,6259,69207,102755
Jeep,Wrangler,2022,25698,1,Minor,1,Highway,10,0,4326,3514,11515
BMW,3 Series,2019,16756,2,Minor,2,Rural,15,2,4013,8481,16714
BMW,3 Series,2020,25315,4,Total Loss,3,Highway,23,1,24049,115606,386802
BMW,3 Series,2023,44403,1,Minor,3,Residential,20,0,8160,3513,16526
Subaru,Outback,2018,9947,2,Moderate,4,Highway,23,3,7685,13985,65684
Honda,Accord,2019,10681,3,Severe,2,Urban,9,2,20447,31259,77377
Subaru,Outback,2019,14110,2,Minor,1,Rural,7,0,2769,14346,18440
Honda,Civic,2019,8783,2,Severe,1,Rural,11,1,19215,4473,24989
Tesla,Model Y,2022,43607,4,Total Loss,4,Highway,23,4,41426,82830,328850
Honda,Accord,2020,14465,3,Severe,1,Residential,21,2,22377,27794,44659
Jeep,Wrangler,2024,44764,1,Minor,4,Rural,4,0,6424,1978,16858
Hyundai,Elantra,2016,5582,4,Total Loss,4,Rural,22,2,5302,63539,162058
Nissan,Altima,2020,12147,2,Moderate,3,Highway,7,0,7915,9385,39385
Toyota,Camry,2016,8038,2,Severe,1,Urban,5,2,18858,6014,34659
Honda,Accord,2017,7947,2,Moderate,3,Residential,2,1,7026,13034,33567
Honda,Accord,2022,24806,3,Severe,2,Urban,3,3,27651,44885,143521
Chevrolet,Silverado,2020,23135,3,Severe,2,Highway,10,2,31657,15034,82428
Mercedes-Benz,C-Class,2017,18235,4,Severe,1,Rural,9,1,32505,108255,132202
Nissan,Altima,2020,14996,2,Moderate,3,Urban,12,2,8599,5753,28755
Mercedes-Benz,C-Class,2023,37002,1,Minor,3,Highway,7,0,7420,3427,21289
Mercedes-Benz,C-Class,2020,26885,3,Severe,4,Urban,10,3,40809,37203,172409
Chevrolet,Silverado,2023,40703,1,Moderate,2,Urban,21,0,19653,1673,34133
Tesla,Model Y,2024,59680,4,Total Loss,3,Urban,7,5,56696,77663,267365
Nissan,Altima,2019,13465,1,Minor,3,Urban,7,0,2577,2449,8562
Ford,F-150,2016,12830,2,Severe,4,Rural,6,4,24237,13045,81031
Toyota,Camry,2023,26984,4,Total Loss,3,Rural,23,2,25634,76328,173075
Subaru,Outback,2022,21604,2,Moderate,3,Rural,18,0,10833,7801,33150
Jeep,Wrangler,2018,16525,4,Total Loss,2,Rural,21,1,15698,119672,155857
BMW,3 Series,2021,26954,1,Minor,3,Highway,5,0,5543,1899,18003
Tesla,Model 3,2018,16380,3,Severe,2,Highway,14,3,32690,25449,88092
Honda,Accord,2024,31508,3,Severe,1,Rural,1,0,31069,31024,89063
Hyundai,Elantra,2017,7287,2,Minor,4,Residential,11,8,2046,9544,17281
BMW,3 Series,2017,15058,3,Total Loss,1,Highway,6,1,14305,29547,58901
Honda,Civic,2018,8206,2,Minor,1,Rural,7,1,2156,11874,13889
Mercedes-Benz,C-Class,2021,25770,3,Severe,1,Urban,18,1,39739,40533,105459
Toyota,Camry,2015,5774,1,Minor,1,Highway,18,0,1961,1452,4774
Subaru,Outback,2018,12142,3,Severe,1,Urban,13,1,21556,38878,74576
Subaru,Outback,2023,30202,1,Moderate,1,Urban,8,0,13154,1150,17710
Mazda,CX-5,2017,8207,1,Minor,1,Highway,16,0,2197,2535,6827
Chevrolet,Silverado,2015,12989,2,Moderate,3,Urban,10,3,9676,13044,44023
Toyota,Corolla,2021,11928,2,Moderate,4,Urban,18,7,7683,6531,33829
Subaru,Outback,2020,18940,1,Minor,2,Rural,2,0,3204,1538,7886
Toyota,Corolla,2023,21593,2,Moderate,4,Highway,12,4,9858,7346,46184
Honda,Civic,2024,22988,3,Moderate,2,Rural,12,0,10517,21299,49561
Chevrolet,Silverado,2023,31295,3,Moderate,1,Highway,13,2,16266,19917,44928
Honda,Civic,2021,13924,1,Moderate,2,Rural,5,0,8341,3046,16619
Honda,Civic,2020,12408,3,Total Loss,3,Highway,12,4,11787,39843,105537
BMW,3 Series,2020,21383,2,Severe,1,Highway,21,0,34244,9149,53349
Toyota,Corolla,2015,5176,2,Minor,2,Residential,10,4,1888,14302,16675
Ford,F-150,2019,18987,2,Severe,4,Urban,15,1,28670,7287,72650
Jeep,Wrangler,2023,29394,4,Total Loss,2,Highway,13,4,27924,80150,195058
Jeep,Wrangler,2024,44425,1,Moderate,3,Residential,12,0,19660,1729,29152
BMW,3 Series,2020,22855,4,Total Loss,2,Rural,6,2,21712,67439,105025
Honda,Accord,2024,35465,3,Severe,4,Residential,12,2,33087,16916,96050
Tesla,Model Y,2023,48743,4,Total Loss,3,Rural,0,6,46305,135352,306126
Tesla,Model Y,2022,45687,4,Total Loss,2,Highway,18,3,43402,56619,153101
Jeep,Wrangler,2019,12874,3,Severe,1,Urban,23,1,23496,13021,49391
Honda,Civic,2023,23511,3,Severe,1,Highway,21,1,26285,15254,53811
BMW,3 Series,2020,19930,2,Moderate,2,Highway,10,2,13968,11613,42999
Chevrolet,Silverado,2015,11824,2,Moderate,4,Rural,12,1,9256,7021,27343
BMW,3 Series,2019,19553,4,Severe,1,Highway,18,0,32597,45963,111627
Toyota,Corolla,2017,7768,2,Severe,3,Residential,23,5,18495,13761,49113
Mazda,CX-5,2019,15882,3,Total Loss,2,Rural,9,2,15087,20475,55749
Mercedes-Benz,C-Class,2020,30128,2,Severe,4,Highway,14,1,43922,7453,125780
Honda,Accord,2022,25251,1,Minor,4,Residential,18,0,3646,3360,12573
Mercedes-Benz,C-Class,2021,32433,3,Severe,1,Rural,11,0,46135,21733,66003
Toyota,Camry,2018,10203,2,Severe,2,Rural,6,2,19897,9323,41380
Honda,Accord,2023,30207,2,Severe,3,Highway,16,1,30405,8744,85829
Toyota,Corolla,2023,17970,2,Moderate,2,Urban,16,2,9043,4827,22458
Mercedes-Benz,C-Class,2018,21224,2,Severe,2,Highway,16,2,35375,12524,87683
Subaru,Outback,2020,16694,2,Moderate,2,Rural,23,3,9507,12525,37952
Nissan,Altima,2017,10200,1,Minor,4,Highway,18,0,2316,2212,10247
Honda,Accord,2017,8934,1,Minor,1,Residential,6,0,2259,2456,4386
Hyundai,Elantra,2023,18299,3,Total Loss,1,Rural,19,2,17384,28454,49334
Mercedes-Benz,C-Class,2018,20101,2,Moderate,3,Rural,0,4,14648,9427,44151
Tesla,Model 3,2021,30790,2,Severe,4,Highway,23,3,48253,7972,155276
Ford,F-150,2021,24536,1,Minor,3,Residential,10,0,4444,2832,9608
Chevrolet,Silverado,2018,23901,3,Severe,2,Urban,20,0,32208,24153,99691
Mercedes-Benz,C-Class,2019,26345,3,Severe,2,Highway,13,1,40291,19333,107334
Tesla,Model Y,2022,35812,2,Minor,1,Urban,12,0,7946,10210,22797
Tesla,Model Y,2020,25196,1,Moderate,2,Rural,10,0,18605,3512,27944
Toyota,Camry,2019,12834,4,Total Loss,4,Urban,13,6,12192,103569,252787
Honda,Accord,2018,10550,1,Minor,2,Rural,6,0,2396,2576,5844
Toyota,Camry,2017,9947,3,Moderate,4,Highway,18,2,7387,37088,119865
Toyota,Corolla,2017,5979,1,Minor,4,Residential,7,0,1948,3061,8915
Nissan,Altima,2015,5033,3,Severe,4,Rural,21,1,17415,29814,97365
Toyota,Camry,2024,21858,2,Minor,2,Urban,5,1,3248,12981,24168
Mercedes-Benz,C-Class,2018,15767,2,Moderate,3,Urban,8,2,12568,10379,36781
Mercedes-Benz,C-Class,2018,22013,3,Severe,3,Residential,14,4,36132,14684,79124
Hyundai,Elantra,2019,9608,3,Moderate,1,Highway,11,2,7161,37202,66845
Honda,Civic,2021,11703,3,Severe,1,Rural,1,1,20617,39477,71609
Honda,Civic,2021,15537,4,Total Loss,3,Rural,5,1,14760,126742,291974
Honda,Civic,2015,6539,2,Moderate,3,Highway,11,5,6569,9516,29606
Subaru,Outback,2023,22943,1,Minor,3,Residential,8,0,3564,1697,8385
Jeep,Wrangler,2015,9837,1,Minor,1,Residential,17,0,2582,2584,4901
Subaru,Outback,2015,6853,2,Severe,4,Residential,15,6,18700,6956,48439
BMW,3 Series,2024,53795,4,Total Loss,2,Residential,9,4,51105,66658,156484
Nissan,Altima,2016,7766,1,Minor,1,Urban,0,0,2121,1226,4382
Toyota,Corolla,2016,6461,2,Minor,3,Rural,6,4,1984,8858,15832
Nissan,Altima,2018,9625,2,Minor,1,Urban,4,2,2270,4620,9783
Toyota,Camry,2017,6588,1,Moderate,3,Urban,7,0,6581,1016,12169
Nissan,Altima,2021,18285,2,Severe,3,Residential,9,5,23776,8026,44365
Chevrolet,Silverado,2024,67154,4,Severe,4,Rural,9,2,63350,77756,255897
Jeep,Wrangler,2022,27414,2,Moderate,3,Rural,10,0,14046,11610,46585
Toyota,Camry,2015,6601,1,Minor,3,Highway,14,0,2028,1412,6124
BMW,3 Series,2018,20739,4,Total Loss,1,Residential,6,1,19702,67321,87372
Tesla,Model 3,2020,28584,2,Minor,3,Highway,3,3,6645,4001,25456
Toyota,Camry,2018,12372,4,Severe,2,Highway,12,2,20938,83428,156857
Jeep,Wrangler,2022,24565,2,Moderate,4,Residential,21,2,13106,13644,44112
Honda,Accord,2023,27076,4,Total Loss,4,Residential,12,4,25722,77244,193640
Tesla,Model 3,2018,19662,3,Moderate,2,Urban,4,2,15617,16846,71360
Honda,Accord,2022,23671,3,Severe,2,Urban,12,1,27072,39831,88305
BMW,3 Series,2024,46513,4,Total Loss,3,Highway,1,3,44187,143161,495059
Tesla,Model 3,2023,46214,1,Minor,4,Residential,3,0,9818,2795,22432
Subaru,Outback,2024,31034,4,Total Loss,3,Rural,22,2,29482,60146,193381
Toyota,Corolla,2018,9785,2,Moderate,2,Highway,8,2,7201,10280,33812
Subaru,Outback,2020,14705,3,Severe,3,Residential,18,0,22940,21836,73572
Hyundai,Elantra,2022,15764,3,Moderate,3,Highway,6,4,8546,38602,92355
Nissan,Altima,2024,24625,3,Total Loss,1,Highway,0,1,23393,18874,78278
Jeep,Wrangler,2015,8561,3,Moderate,3,Urban,2,2,7825,38474,88132
Chevrolet,Silverado,2015,14179,2,Minor,3,Residential,23,5,3201,14301,34476
Ford,F-150,2016,10862,1,Minor,2,Highway,1,0,2803,1546,8610
Toyota,Corolla,2018,9354,4,Total Loss,1,Highway,9,1,8886,72458,100087
Hyundai,Elantra,2017,6549,3,Severe,2,Rural,22,0,17947,31806,72395
BMW,3 Series,2016,10883,4,Total Loss,1,Highway,5,2,10338,47433,102901
Tesla,Model Y,2022,36383,4,Total Loss,4,Residential,23,1,34563,70213,253908
BMW,3 Series,2022,38919,2,Moderate,2,Residential,10,3,22513,4380,36613
Mercedes-Benz,C-Class,2016,15710,3,Severe,4,Rural,4,8,30081,12608,113184
Subaru,Outback,2017,9762,2,Moderate,4,Residential,16,8,7635,12171,31079
Honda,Accord,2017,10406,1,Minor,4,Residential,4,0,2384,3525,10678
Nissan,Altima,2019,9966,1,Minor,4,Highway,8,0,2297,1058,7257
BMW,3 Series,2018,15830,1,Minor,1,Highway,1,0,3874,2991,11016
Nissan,Altima,2019,11623,4,Total Loss,3,Highway,0,4,11041,93918,240419
Tesla,Model 3,2018,19995,4,Severe,3,Urban,4,6,36594,91332,305467
Chevrolet,Silverado,2024,61777,2,Moderate,2,Rural,13,4,27239,4406,46689
Nissan,Altima,2018,11076,2,Moderate,3,Residential,23,6,7658,12767,37675
Nissan,Altima,2019,12525,1,Minor,4,Rural,2,0,2502,1966,9197
Honda,Accord,2016,9141,1,Minor,4,Urban,5,0,2276,2402,12583
Tesla,Model 3,2022,37432,1,Minor,2,Rural,8,0,8237,1359,14250
Subaru,Outback,2018,9703,3,Severe,4,Highway,9,0,20239,28726,137843
Jeep,Wrangler,2022,30642,3,Severe,1,Highway,13,2,35223,18439,66531
Ford,F-150,2015,13402,1,Minor,2,Residential,21,0,3108,3342,8475
Hyundai,Elantra,2019,12203,3,Severe,4,Residential,12,3,20491,36907,115155
Jeep,Wrangler,2016,9659,3,Total Loss,3,Highway,6,4,9176,22135,75743
Ford,F-150,2017,15718,4,Total Loss,1,Rural,23,2,14932,76447,126655
Honda,Civic,2022,22107,3,Severe,3,Rural,9,2,25611,29155,93637
Honda,Accord,2015,8175,1,Minor,1,Urban,1,0,2194,2113,5053
Mercedes-Benz,C-Class,2020,27560,3,Total Loss,4,Highway,15,3,26182,16760,117782
Subaru,Outback,2022,24222,3,Severe,2,Rural,4,3,28079,43564,130403
Honda,Accord,2018,9134,2,Moderate,4,Residential,17,8,7329,9269,26499
Tesla,Model Y,2020,32423,2,Moderate,1,Residential,17,2,22508,12836,29216
Subaru,Outback,2015,6590,3,Severe,4,Residential,18,2,18558,30570,84845
Ford,F-150,2023,29311,3,Total Loss,3,Urban,5,3,27845,29299,123993
Tesla,Model 3,2019,21219,2,Minor,4,Rural,12,5,5319,9212,30746
Toyota,Camry,2017,9212,4,Total Loss,4,Rural,14,5,8751,82631,197902
Jeep,Wrangler,2015,10026,1,Minor,2,Rural,0,0,2602,2404,7274
Mazda,CX-5,2017,8169,3,Severe,3,Rural,2,5,19166,39223,115162
Toyota,Corolla,2015,6134,3,Moderate,1,Rural,2,1,6380,24833,43730
Mazda,CX-5,2017,8545,3,Severe,2,Rural,23,1,19357,36451,93557
Mazda,CX-5,2017,9678,2,Moderate,4,Residential,17,1,7467,4047,20888
BMW,3 Series,2016,14129,4,Severe,1,Residential,4,0,27716,105108,129170
Hyundai,Elantra,2016,7616,1,Minor,2,Highway,19,0,2071,1948,7129
Chevrolet,Silverado,2016,8898,3,Total Loss,3,Highway,12,4,8453,15739,60389
Nissan,Altima,2017,9449,1,Minor,2,Highway,8,0,2255,2006,7158
Mazda,CX-5,2023,26220,2,Moderate,4,Residential,12,8,11686,12948,40901
Subaru,Outback,2019,14163,4,Severe,3,Residential,19,3,22648,103463,206961
Jeep,Wrangler,2020,19123,2,Moderate,2,Highway,16,3,11310,8475,33076
Nissan,Altima,2023,26290,4,Total Loss,3,Urban,1,3,24975,121496,338429
Toyota,Camry,2018,9961,4,Total Loss,4,Urban,17,6,9462,92532,240164
Chevrolet,Silverado,2016,14219,1,Minor,2,Rural,2,0,3206,1558,7188
Hyundai,Elantra,2015,5336,2,Moderate,1,Rural,0,2,6200,10588,18933
Ford,F-150,2019,18958,2,Minor,3,Residential,3,3,3774,11259,27917
Toyota,Camry,2018,13180,3,Severe,3,Residential,9,6,21326,15339,53169
BMW,3 Series,2016,13173,1,Moderate,1,Residential,5,0,10927,3281,13461
Mazda,CX-5,2020,15889,2,Severe,4,Highway,18,5,23103,7771,71727
Mercedes-Benz,C-Class,2021,36801,1,Minor,4,Highway,12,0,7388,1496,20546
Tesla,Model Y,2023,55080,2,Moderate,1,Urban,8,1,34743,6371,45126
BMW,3 Series,2019,23816,4,Total Loss,4,Residential,2,8,22625,66611,202737
Honda,Accord,2020,12383,2,Moderate,2,Rural,23,2,8157,7675,24324
Hyundai,Elantra,2021,11969,1,Minor,3,Rural,23,0,2397,3392,10613
Tesla,Model 3,2021,32400,4,Severe,4,Rural,15,7,49992,110528,298230
Tesla,Model Y,2020,26068,3,Moderate,3,Residential,19,2,19076,12716,53058
Hyundai,Elantra,2021,11586,2,Minor,4,Urban,2,6,2368,4079,15467
Chevrolet,Silverado,2022,30313,3,Total Loss,4,Highway,6,7,28797,36754,149987
Hyundai,Elantra,2022,16731,1,Minor,1,Urban,13,0,2754,1072,4036
Mercedes-Benz,C-Class,2020,21276,1,Minor,1,Urban,13,0,4904,3006,8314
Mazda,CX-5,2024,34815,4,Total Loss,3,Highway,6,3,33074,45673,174038
Tesla,Model Y,2022,45880,3,Total Loss,4,Rural,19,4,43586,14139,123095
Ford,F-150,2018,20270,2,Minor,2,Highway,23,3,3932,12433,37042
Chevrolet,Silverado,2016,17548,4,Total Loss,1,Rural,1,2,16670,93358,147430
Jeep,Wrangler,2018,15566,4,Severe,1,Rural,19,2,25273,135318,169163
Nissan,Altima,2021,15466,4,Severe,1,Rural,6,0,22423,97230,109782
Honda,Civic,2023,16723,2,Severe,1,Highway,22,0,23027,6588,40675
Tesla,Model Y,2023,53019,3,Moderate,4,Urban,16,4,33630,24685,143152
Hyundai,Elantra,2024,23538,4,Total Loss,1,Highway,9,2,22361,79745,154381
Nissan,Altima,2016,7986,3,Severe,1,Residential,16,2,18833,36920,48267
Subaru,Outback,2015,5987,2,Moderate,4,Rural,17,7,6616,13206,34750
Subaru,Outback,2018,10858,2,Moderate,4,Residential,2,8,7931,10621,38928
Chevrolet,Silverado,2017,16926,1,Minor,3,Residential,23,0,3531,2102,11177
Tesla,Model 3,2018,17345,3,Moderate,4,Urban,12,7,14366,18356,65630
Subaru,Outback,2024,30893,1,Moderate,4,Rural,21,0,13341,1886,28782
Chevrolet,Silverado,2015,11040,1,Minor,2,Urban,15,0,2824,2380,7768
Nissan,Altima,2018,10467,4,Total Loss,1,Highway,20,0,9943,129442,167911
Toyota,Camry,2019,13008,1,Minor,3,Urban,1,0,2540,2102,9220
Toyota,Camry,2024,20513,3,Severe,2,Rural,17,2,24846,20237,70083
Jeep,Wrangler,2015,7380,1,Moderate,1,Highway,7,0,7435,2716,15308
Jeep,Wrangler,2022,28701,2,Minor,2,Urban,4,4,4657,10362,27896
Honda,Civic,2021,18169,2,Moderate,3,Highway,3,2,9360,14223,64068
BMW,3 Series,2015,10230,1,Minor,1,Highway,3,0,3034,3205,9206
Tesla,Model 3,2024,40246,3,Severe,1,Rural,8,0,58465,16845,84633
Hyundai,Elantra,2022,17891,2,Moderate,3,Rural,12,2,9025,8827,27202
Nissan,Altima,2016,6016,2,Moderate,3,Rural,6,2,6443,5624,22103
Subaru,Outback,2017,9809,1,Minor,2,Highway,9,0,2382,3336,10994
Tesla,Model Y,2024,50603,1,Minor,3,Urban,22,0,10608,1018,21879
Toyota,Camry,2021,19701,2,Minor,4,Highway,4,6,3076,6964,25616
Nissan,Altima,2024,26407,4,Total Loss,4,Residential,15,3,25086,76537,159979
Jeep,Wrangler,2020,16163,4,Total Loss,4,Rural,5,6,15354,84161,240849
Mercedes-Benz,C-Class,2019,24137,1,Minor,1,Rural,23,0,5361,2932,9427
Mercedes-Benz,C-Class,2020,22786,1,Minor,3,Rural,14,0,5145,1254,10648
Jeep,Wrangler,2024,30395,3,Total Loss,2,Rural,8,3,28875,17053,56554
Chevrolet,Silverado,2021,24180,2,Moderate,2,Rural,21,0,13704,5320,21232
Hyundai,Elantra,2023,15960,1,Moderate,2,Residential,15,0,8591,3502,13356
Mazda,CX-5,2019,11613,2,Severe,2,Residential,0,0,20922,8893,44071
Honda,Civic,2018,10460,1,Minor,4,Urban,17,0,2336,1533,7199
Tesla,Model 3,2018,15354,3,Severe,3,Highway,1,2,31582,15004,136657
Toyota,Corolla,2018,8840,2,Severe,3,Residential,19,5,18978,9359,40884
BMW,3 Series,2021,25990,2,Moderate,1,Rural,10,1,16695,11328,29959
Nissan,Altima,2024,31503,1,Minor,2,Urban,18,0,4020,2107,8296
BMW,3 Series,2017,12696,1,Minor,4,Urban,17,0,3404,3597,16448
Ford,F-150,2017,20471,4,Total Loss,1,Rural,23,2,19447,51120,84970
Nissan,Altima,2023,19866,2,Severe,2,Urban,3,1,24535,5770,54952
BMW,3 Series,2020,18324,3,Total Loss,4,Rural,11,0,17407,17746,68860
Toyota,Corolla,2017,8045,2,Severe,3,Urban,22,1,18620,4786,44876
Jeep,Wrangler,2019,13220,1,Minor,2,Residential,21,0,2954,3385,7058
Toyota,Corolla,2015,4568,3,Moderate,3,Highway,3,6,6027,32988,112312
Subaru,Outback,2016,8056,2,Severe,4,Residential,15,6,19350,8251,43457
Ford,F-150,2023,31306,1,Minor,1,Rural,8,0,5256,1335,6380
Honda,Civic,2019,9495,2,Minor,3,Residential,19,5,2259,4811,8828
Mercedes-Benz,C-Class,2015,10593,4,Total Loss,3,Rural,17,0,10063,102821,176161
Mazda,CX-5,2017,10826,4,Severe,3,Rural,17,6,20521,116736,198335
Mazda,CX-5,2018,9560,1,Minor,2,Highway,5,0,2312,3310,12190
Mercedes-Benz,C-Class,2021,25229,4,Total Loss,4,Urban,3,7,23967,132473,348639
Honda,Civic,2023,21919,4,Severe,4,Highway,23,4,25521,50275,216558
Chevrolet,Silverado,2022,41555,4,Severe,2,Rural,8,4,44919,113013,223085
Jeep,Wrangler,2020,16923,3,Severe,4,Highway,14,4,26169,29044,148180
Chevrolet,Silverado,2017,14921,2,Minor,1,Rural,17,2,3290,4250,8607
Tesla,Model Y,2020,28828,1,Minor,2,Urban,22,0,6689,1571,13173
BMW,3 Series,2015,11177,2,Moderate,1,Rural,2,2,10029,12370,25381
Toyota,Corolla,2022,16562,4,Total Loss,3,Rural,23,1,15733,66783,186829
Honda,Accord,2022,24549,3,Total Loss,4,Highway,12,4,23321,18289,126393
Jeep,Wrangler,2016,9573,1,Minor,3,Highway,8,0,2553,2832,11304
Jeep,Wrangler,2022,31543,4,Total Loss,4,Highway,23,4,29965,86289,301479
Tesla,Model Y,2023,52833,1,Moderate,4,Highway,21,0,33529,1638,97440
Tesla,Model 3,2020,22570,2,Minor,2,Highway,20,0,5562,11984,31406
Toyota,Camry,2017,8417,2,Moderate,3,Highway,9,3,7020,9770,34869
Chevrolet,Silverado,2022,28418,2,Moderate,2,Urban,14,1,15230,6140,30633
Honda,Civic,2021,12124,2,Minor,4,Highway,3,8,2469,14387,53627
Mercedes-Benz,C-Class,2018,21572,3,Severe,3,Urban,6,1,35709,38046,155059
Mercedes-Benz,C-Class,2021,32072,4,Total Loss,4,Highway,13,0,30468,83961,337212
Subaru,Outback,2017,8432,1,Minor,4,Residential,16,0,2258,2666,8705
Nissan,Altima,2024,20392,2,Severe,3,Highway,5,1,24788,13946,85093
Hyundai,Elantra,2015,5564,1,Minor,3,Urban,20,0,1917,1599,5611
Toyota,Corolla,2023,19199,3,Total Loss,2,Highway,18,0,18239,24040,86315
Tesla,Model Y,2021,33584,2,Severe,1,Highway,3,2,51270,10881,86435
Mazda,CX-5,2023,24419,3,Severe,3,Urban,17,2,27453,17983,94006
Jeep,Wrangler,2021,21052,1,Minor,4,Rural,21,0,3815,1192,10783
Jeep,Wrangler,2017,11589,3,Severe,2,Rural,18,3,22648,23275,56029
Honda,Accord,2023,24763,2,Severe,2,Rural,12,3,27629,5270,41819
Jeep,Wrangler,2016,8206,1,Minor,4,Urban,5,0,2402,1766,11879
Hyundai,Elantra,2017,7537,1,Minor,4,Rural,4,0,2065,3501,12768
Jeep,Wrangler,2021,21166,4,Total Loss,1,Highway,11,2,20107,56255,104062
Tesla,Model Y,2023,42488,4,Severe,4,Highway,3,2,60887,69355,337626
Tesla,Model 3,2023,45905,2,Severe,1,Urban,16,0,64577,11127,80715
Toyota,Camry,2019,9623,1,Minor,4,Highway,18,0,2269,3552,13646
Tesla,Model Y,2022,36674,1,Moderate,4,Highway,12,0,24803,1816,61622
Hyundai,Elantra,2015,6167,1,Minor,1,Residential,22,0,1962,3202,5710
Jeep,Wrangler,2019,13002,4,Total Loss,4,Highway,1,2,12351,87980,279211
Mercedes-Benz,C-Class,2021,27591,4,Total Loss,3,Rural,2,5,26211,91973,251455
Hyundai,Elantra,2016,7203,3,Total Loss,2,Highway,19,2,6842,14335,39574
BMW,3 Series,2020,18643,4,Severe,4,Rural,9,3,31778,141395,290567
Subaru,Outback,2016,6943,4,Total Loss,3,Rural,13,5,6595,74565,132613
Subaru,Outback,2024,25321,3,Severe,3,Rural,0,0,28673,37203,114828
Toyota,Corolla,2022,19493,2,Severe,4,Residential,16,6,23771,4791,53418
Ford,F-150,2024,59945,2,Moderate,2,Residential,4,3,26580,8801,50533
Mercedes-Benz,C-Class,2017,12987,2,Minor,3,Urban,2,4,3577,10747,32846
BMW,3 Series,2023,31829,3,Severe,2,Urban,10,4,43646,42361,119886
Tesla,Model 3,2022,29293,3,Moderate,3,Urban,13,6,20818,13127,67625
Subaru,Outback,2020,14086,1,Minor,3,Urban,22,0,2767,1313,7513
Honda,Civic,2016,8358,1,Minor,1,Residential,9,0,2168,3116,4193
Nissan,Altima,2022,21058,2,Minor,4,Urban,18,4,3184,10766,32612
BMW,3 Series,2023,38593,2,Moderate,3,Highway,15,4,22366,10169,71229
Subaru,Outback,2019,16705,1,Minor,3,Rural,19,0,3003,1412,7565
Jeep,Wrangler,2020,19988,3,Severe,4,Urban,1,0,28192,24795,121317
Chevrolet,Silverado,2015,10459,4,Total Loss,4,Rural,8,8,9936,93690,209859
BMW,3 Series,2020,19094,3,Severe,2,Urban,14,1,32184,29380,104218
Honda,Accord,2022,18886,1,Moderate,4,Highway,9,0,9815,3220,31134
Jeep,Wrangler,2021,18576,1,Minor,2,Rural,11,0,3543,3423,7765
Toyota,Corolla,2018,8855,4,Total Loss,2,Urban,7,1,8412,101811,162962
BMW,3 Series,2015,10891,3,Severe,1,Urban,23,1,24801,13192,51754
Tesla,Model 3,2019,20435,1,Minor,4,Rural,20,0,5178,1736,14142
Honda,Civic,2018,9819,3,Severe,4,Urban,8,6,19713,43916,151856
Ford,F-150,2022,42893,4,Total Loss,1,Residential,14,1,40748,128610,139397
BMW,3 Series,2016,12224,4,Total Loss,1,Residential,11,0,11612,44463,58112
Tesla,Model 3,2020,25276,1,Moderate,1,Highway,3,0,18649,1156,27230
Toyota,Camry,2024,29346,2,Moderate,1,Urban,12,2,12043,12831,25125
Chevrolet,Silverado,2020,27232,3,Severe,4,Highway,9,3,34607,25480,136351
Honda,Civic,2017,8115,2,Moderate,3,Rural,0,0,6947,7515,27587
Mazda,CX-5,2020,17937,4,Severe,1,Highway,5,0,24147,91004,167537
Toyota,Camry,2018,9691,2,Minor,3,Residential,10,3,2275,14143,20343
Jeep,Wrangler,2019,12504,2,Moderate,2,Rural,16,0,9126,13548,27708
Nissan,Altima,2017,8860,4,Total Loss,1,Highway,4,2,8417,116101,178260
Toyota,Corolla,2022,15222,2,Severe,3,Highway,22,1,21849,11350,85065
Nissan,Altima,2016,8144,3,Severe,1,Residential,20,1,18909,16256,35833
Tesla,Model Y,2024,64984,3,Moderate,2,Urban,10,1,40091,34331,113188
Honda,Accord,2019,16250,4,Total Loss,4,Urban,1,6,15437,77209,226332
Toyota,Corolla,2020,12203,1,Minor,3,Rural,9,0,2415,2386,8631
Chevrolet,Silverado,2022,36910,2,Moderate,4,Rural,16,8,18287,12055,51731
Subaru,Outback,2020,15728,2,Minor,3,Residential,9,5,2915,12322,19118
Hyundai,Elantra,2022,19400,1,Moderate,1,Urban,9,0,9365,2073,13085
Mercedes-Benz,C-Class,2018,15569,3,Severe,4,Residential,4,1,29946,37019,156519
Nissan,Altima,2023,17715,3,Severe,3,Urban,3,4,23503,42144,164110
Toyota,Camry,2024,22661,4,Severe,4,Residential,17,4,25877,81206,193878
Mazda,CX-5,2015,7460,3,Severe,2,Rural,17,4,18804,43141,82134
Mercedes-Benz,C-Class,2018,16265,3,Moderate,3,Urban,13,1,12807,26239,77897
Ford,F-150,2020,21077,1,Minor,1,Residential,19,0,4029,3343,6531
Toyota,Corolla,2015,4589,4,Total Loss,3,Residential,22,6,4359,137888,259528
Toyota,Camry,2018,10292,4,Total Loss,4,Urban,5,5,9777,60195,205754
Honda,Civic,2023,17235,4,Total Loss,1,Residential,20,0,16373,77543,93102
Nissan,Altima,2019,11974,1,Minor,2,Highway,17,0,2457,3580,8710
Mercedes-Benz,C-Class,2017,13319,2,Moderate,2,Urban,5,2,11393,12838,43934
Honda,Accord,2020,13757,1,Minor,4,Urban,20,0,2669,2134,11479
Mazda,CX-5,2016,8979,1,Minor,3,Highway,20,0,2263,1127,6582
Tesla,Model 3,2023,39791,1,Minor,3,Rural,15,0,8662,2554,19196
Subaru,Outback,2022,23108,3,Severe,4,Rural,8,5,27478,25829,105005
Subaru,Outback,2015,7187,3,Severe,2,Urban,8,3,18880,34633,91102
Tesla,Model Y,2021,34655,3,Severe,4,Residential,7,7,52427,41191,185012
Ford,F-150,2019,17328,1,Minor,2,Residential,13,0,3579,1166,5989
Honda,Accord,2020,11667,4,Severe,1,Highway,8,0,20950,54374,88485
Mercedes-Benz,C-Class,2019,23224,4,Total Loss,1,Rural,18,1,22062,63191,89633
Mazda,CX-5,2020,18122,1,Minor,3,Residential,20,0,3040,1493,6786
Ford,F-150,2015,10763,4,Total Loss,2,Urban,22,0,10224,43789,93358
Hyundai,Elantra,2016,5175,2,Moderate,4,Urban,7,5,6164,4830,25260
Honda,Accord,2024,28397,2,Severe,1,Rural,10,1,29482,12536,46031
Hyundai,Elantra,2019,8424,3,Total Loss,4,Residential,19,7,8002,35576,82697
Toyota,Corolla,2015,6346,2,Minor,1,Rural,6,0,1975,6142,7833
Honda,Accord,2019,10066,2,Minor,4,Urban,1,0,2355,6214,23096
Toyota,Corolla,2017,8015,3,Total Loss,4,Urban,22,6,7614,16255,75022
Toyota,Camry,2019,14147,3,Severe,2,Highway,16,3,21790,44616,100642
Toyota,Corolla,2016,5089,2,Moderate,4,Residential,12,6,6145,13580,39292
Toyota,Camry,2016,5726,4,Total Loss,2,Rural,23,3,5439,87983,164289
Tesla,Model 3,2024,50548,3,Severe,2,Rural,1,1,69591,31089,170509
Toyota,Corolla,2022,15018,3,Total Loss,4,Rural,3,7,14267,33183,103288
Hyundai,Elantra,2020,13002,2,Moderate,3,Rural,4,2,7925,10084,32767
Mercedes-Benz,C-Class,2023,47372,2,Moderate,4,Residential,19,3,27738,8947,55745
Tesla,Model Y,2024,53140,3,Severe,3,Urban,15,4,72391,12931,147787
Mazda,CX-5,2021,19005,3,Severe,2,Residential,4,2,24692,36528,81435
Chevrolet,Silverado,2024,33378,1,Minor,1,Urban,14,0,5505,1574,7364
Tesla,Model Y,2020,31420,1,Minor,1,Highway,17,0,7155,1547,11898
Jeep,Wrangler,2023,37727,2,Severe,1,Urban,5,0,39899,12991,77064
BMW,3 Series,2017,15324,3,Severe,3,Rural,13,1,28791,12755,79009
Toyota,Corolla,2016,7119,3,Total Loss,4,Urban,4,3,6763,20988,76611
Ford,F-150,2023,25510,2,Moderate,1,Rural,1,2,14183,12875,29679
Chevrolet,Silverado,2017,14298,4,Total Loss,2,Highway,3,1,13583,80329,192194
Hyundai,Elantra,2023,19319,4,Severe,4,Urban,17,8,23693,94283,290536
Mazda,CX-5,2021,15604,4,Severe,3,Highway,0,6,22958,114605,357587
Mercedes-Benz,C-Class,2021,30027,2,Minor,1,Rural,23,1,6304,9910,21940
Honda,Civic,2017,7965,4,Total Loss,4,Rural,19,4,7566,115416,267007
Toyota,Camry,2023,27525,3,Total Loss,4,Residential,17,4,26148,36550,105473
Mazda,CX-5,2021,20839,4,Severe,2,Highway,9,2,25627,80296,204182
Mercedes-Benz,C-Class,2022,33419,1,Minor,1,Residential,5,0,6847,2146,9103
Toyota,Camry,2017,9101,2,Moderate,4,Highway,4,3,7184,11993,61438
Jeep,Wrangler,2015,8750,2,Minor,4,Rural,21,7,2462,5814,17210
Tesla,Model Y,2021,30611,1,Minor,1,Residential,2,0,7009,2660,11594
Toyota,Camry,2024,20433,2,Severe,2,Urban,20,2,24807,14392,55933
Honda,Civic,2019,12087,1,Minor,3,Highway,4,0,2466,1002,7545
Toyota,Camry,2015,6614,2,Minor,1,Rural,22,2,2029,10860,14404
Nissan,Altima,2020,10871,4,Total Loss,3,Residential,13,2,10327,121298,220335
Mazda,CX-5,2016,7413,3,Total Loss,3,Highway,16,2,7042,26543,72827
Subaru,Outback,2018,9558,2,Severe,3,Urban,23,2,20161,5008,49224
Honda,Civic,2016,5636,1,Moderate,4,Residential,3,0,6352,2740,19495
Jeep,Wrangler,2020,17503,1,Minor,4,Residential,4,0,3425,3495,14875
Honda,Accord,2024,29342,1,Minor,4,Highway,14,0,3994,2015,16845
Toyota,Corolla,2018,8323,2,Moderate,4,Rural,0,6,6872,6340,32439
Tesla,Model 3,2020,23874,4,Total Loss,3,Rural,17,4,22680,49438,105962
Hyundai,Elantra,2023,19265,2,Minor,1,Highway,4,0,2944,6479,13850
Mazda,CX-5,2018,9279,4,Total Loss,4,Rural,17,7,8815,56679,136049
Hyundai,Elantra,2020,11360,4,Total Loss,3,Residential,13,3,10792,129108,222238
Mazda,CX-5,2020,14747,2,Moderate,1,Residential,23,2,8760,10261,22012
Tesla,Model Y,2024,55877,1,Moderate,2,Highway,5,0,35173,1977,85118
Hyundai,Elantra,2018,9515,2,Moderate,4,Urban,16,8,7140,10832,36491
Honda,Civic,2017,8842,3,Severe,1,Rural,23,1,19244,14450,50910
Tesla,Model Y,2020,30237,2,Moderate,2,Residential,15,0,21327,7223,32162
Subaru,Outback,2021,21856,3,Severe,3,Urban,12,3,26802,23309,83068
Mazda,CX-5,2016,6606,1,Minor,4,Highway,20,0,2061,2351,11183
Tesla,Model 3,2018,19065,3,Severe,4,Highway,20,0,35590,44499,184631
Nissan,Altima,2019,10431,4,Severe,4,Rural,2,1,20006,104709,255616
Tesla,Model 3,2023,36091,4,Total Loss,3,Residential,7,5,34286,109796,234182
Mazda,CX-5,2021,18444,3,Moderate,2,Residential,5,1,9703,42510,70954
Chevrolet,Silverado,2022,35944,4,Severe,3,Residential,18,5,40879,140634,276818
Tesla,Model 3,2018,18259,1,Moderate,4,Rural,12,0,14859,2290,36100
Hyundai,Elantra,2019,8546,1,Minor,3,Highway,8,0,2140,1806,8307
Mercedes-Benz,C-Class,2021,29912,2,Minor,1,Urban,0,0,6285,13084,24834
Hyundai,Elantra,2020,11983,3,Moderate,1,Rural,22,0,7696,39313,65472
Nissan,Altima,2023,17237,2,Severe,2,Rural,15,3,23273,9364,44100
BMW,3 Series,2021,28640,4,Severe,2,Residential,2,2,40776,142912,270447
Chevrolet,Silverado,2017,19930,1,Minor,2,Urban,16,0,3891,3558,11775
Honda,Accord,2018,8314,4,Total Loss,1,Urban,11,2,7898,143296,165325
Honda,Accord,2017,11538,3,Moderate,4,Urban,2,8,7942,30739,118393
BMW,3 Series,2021,31351,2,Severe,1,Urban,13,1,43215,5307,45835
BMW,3 Series,2017,12759,4,Total Loss,2,Rural,15,4,12121,103648,166605
Honda,Accord,2019,12018,1,Moderate,2,Highway,9,0,8064,2959,17812
Honda,Accord,2023,26035,4,Total Loss,4,Urban,2,8,24733,125350,421017
Honda,Civic,2022,17031,3,Severe,4,Highway,22,1,23174,32074,172119
Mercedes-Benz,C-Class,2016,14915,2,Moderate,4,Urban,22,5,12159,11132,60762
Honda,Accord,2019,16682,4,Severe,4,Residential,16,4,23507,129767,296095
Honda,Civic,2020,11337,4,Total Loss,3,Rural,7,5,10770,142373,260746
Chevrolet,Silverado,2023,49679,2,Moderate,1,Rural,7,1,22884,11364,38463
Subaru,Outback,2022,19281,4,Total Loss,4,Highway,14,2,18316,56276,168863
Mazda,CX-5,2019,13195,2,Minor,3,Residential,14,4,2621,9068,19199
Toyota,Corolla,2017,7990,1,Minor,1,Highway,1,0,2099,2618,7433
Mazda,CX-5,2016,7048,2,Moderate,2,Rural,5,0,6797,13106,30701
Honda,Accord,2016,7423,1,Minor,1,Urban,4,0,2130,1913,4956
BMW,3 Series,2015,9701,1,Minor,2,Highway,6,0,2955,1522,8629
Mazda,CX-5,2023,30539,3,Severe,4,Highway,9,2,30574,12615,123333
Mazda,CX-5,2015,7614,2,Moderate,4,Residential,16,0,6941,10756,34725
Mercedes-Benz,C-Class,2015,12460,4,Total Loss,4,Highway,13,4,11837,135385,411824
Hyundai,Elantra,2024,25219,2,Severe,2,Urban,21,2,26348,5444,40643
Ford,F-150,2015,14236,1,Minor,1,Urban,2,0,3208,2647,7749
Subaru,Outback,2017,12131,1,Minor,2,Residential,8,0,2591,3175,6281
Mercedes-Benz,C-Class,2017,14183,2,Minor,1,Urban,14,1,3769,6558,10037
Chevrolet,Silverado,2015,11416,2,Moderate,4,Rural,2,2,9109,10061,48118
Toyota,Corolla,2023,20281,2,Moderate,4,Residential,23,0,9563,7984,41258
Honda,Civic,2016,7675,2,Severe,2,Highway,5,4,18684,8599,61618
Honda,Civic,2024,19343,1,Minor,3,Rural,3,0,3047,1316,8418
Jeep,Wrangler,2018,13693,2,Moderate,3,Urban,5,6,9518,12532,46014
Nissan,Altima,2021,18832,4,Total Loss,4,Highway,12,4,17890,132125,333864
Nissan,Altima,2021,13299,1,Minor,2,Highway,18,0,2563,1845,7593
Mazda,CX-5,2020,17545,1,Moderate,3,Residential,21,0,9473,2458,16800
BMW,3 Series,2018,19870,3,Severe,2,Urban,13,2,32883,21451,74153
Nissan,Altima,2023,20225,4,Severe,4,Rural,8,2,24708,78296,215122
Subaru,Outback,2015,7664,4,Severe,3,Residential,8,2,19138,122109,235396
Tesla,Model Y,2024,46029,1,Minor,3,Rural,19,0,9785,2653,20528
Nissan,Altima,2016,6136,3,Total Loss,2,Highway,0,1,5829,30768,94493
Ford,F-150,2024,50705,4,Total Loss,4,Urban,21,0,48169,136442,400733
BMW,3 Series,2023,44744,4,Severe,2,Rural,20,3,55269,48482,141367
Jeep,Wrangler,2022,25950,1,Moderate,4,Highway,16,0,13563,3302,48255
BMW,3 Series,2015,8696,4,Total Loss,4,Urban,7,8,8261,50113,125075
Jeep,Wrangler,2023,29276,2,Moderate,2,Rural,23,1,14661,8365,36471
Subaru,Outback,2023,24188,3,Total Loss,3,Highway,6,2,22978,25419,123788
Honda,Accord,2020,16771,1,Moderate,3,Urban,2,0,9276,3491,29620
Jeep,Wrangler,2017,11877,4,Severe,2,Urban,12,3,22838,81574,134246
Toyota,Corolla,2018,10432,2,Moderate,2,Highway,18,2,7347,10880,28507
Tesla,Model Y,2023,53330,4,Severe,4,Urban,17,0,72596,68894,302443
Jeep,Wrangler,2021,20892,2,Moderate,2,Highway,5,0,11894,9004,39522
Tesla,Model Y,2024,49857,2,Moderate,4,Residential,19,6,31922,12338,85860
Subaru,Outback,2021,17154,1,Minor,2,Rural,11,0,3043,1612,5359
Nissan,Altima,2020,13237,2,Moderate,4,Rural,13,4,8176,5584,23303
Honda,Accord,2020,17139,2,Moderate,1,Residential,7,1,9370,5957,13244
Tesla,Model 3,2021,27639,4,Severe,1,Urban,4,1,44850,80265,159019
Mazda,CX-5,2016,7955,1,Moderate,3,Highway,23,0,7028,2783,24387
Honda,Civic,2016,5783,4,Severe,4,Highway,2,3,17775,116851,359950
Jeep,Wrangler,2024,33280,3,Severe,1,Highway,20,2,36964,19417,69802
Mercedes-Benz,C-Class,2024,49448,4,Total Loss,1,Highway,9,1,46975,127614,225472
Toyota,Corolla,2023,19669,1,Minor,1,Residential,9,0,2975,2866,5904
Subaru,Outback,2016,10188,3,Total Loss,2,Urban,3,2,9678,30769,75479
Honda,Civic,2019,10410,4,Total Loss,2,Residential,23,1,9889,87175,163880
BMW,3 Series,2016,11210,1,Minor,3,Rural,15,0,3181,2329,8301
Chevrolet,Silverado,2023,37223,4,Total Loss,1,Residential,7,2,35361,94481,136240
Honda,Accord,2017,10302,4,Severe,2,Residential,17,4,20254,84446,140946
Honda,Accord,2021,23111,1,Minor,3,Rural,3,0,3464,3126,14018
Toyota,Camry,2019,10216,4,Total Loss,3,Rural,22,6,9705,52129,117042
Toyota,Corolla,2015,4235,3,Severe,1,Highway,8,0,16905,15513,43075
Hyundai,Elantra,2017,7904,1,Minor,1,Highway,4,0,2092,1304,5006
Toyota,Corolla,2022,18212,1,Minor,4,Rural,12,0,2865,2763,9622
Tesla,Model Y,2022,39596,4,Total Loss,1,Highway,1,0,37616,111514,229462
Toyota,Corolla,2021,13900,3,Severe,1,Rural,1,0,21255,28552,67284
Jeep,Wrangler,2023,35113,3,Moderate,3,Highway,5,4,16587,34154,142961
Mazda,CX-5,2016,9528,3,Total Loss,2,Urban,12,1,9051,32103,58139
Nissan,Altima,2019,9016,4,Severe,1,Highway,12,2,19327,86172,122904
Hyundai,Elantra,2021,15375,4,Severe,4,Residential,8,3,21918,142054,263142
Hyundai,Elantra,2018,10316,3,Severe,3,Urban,10,4,19642,44099,110232
Mazda,CX-5,2018,12597,1,Minor,2,Urban,1,0,2570,2194,7803
Ford,F-150,2020,17295,1,Minor,2,Rural,5,0,3575,1967,8924
Chevrolet,Silverado,2018,17071,1,Minor,3,Rural,5,0,3548,2408,12966
Jeep,Wrangler,2017,11646,3,Severe,3,Highway,9,1,22686,22943,96462
BMW,3 Series,2022,31683,4,Total Loss,1,Rural,14,0,30098,134178,172361
Hyundai,Elantra,2023,19030,3,Severe,2,Rural,10,4,23563,14804,49666
Mazda,CX-5,2024,25003,2,Moderate,3,Rural,17,2,11375,4949,28268
Subaru,Outback,2020,14753,4,Severe,2,Residential,22,2,22966,101337,167716
Mazda,CX-5,2022,24596,1,Moderate,1,Highway,20,0,11271,1243,17225
Jeep,Wrangler,2021,27625,1,Minor,3,Rural,19,0,4538,1371,9364
Honda,Civic,2024,23617,1,Minor,3,Rural,5,0,3389,1656,10431
Jeep,Wrangler,2021,22056,2,Moderate,2,Residential,11,2,12278,6480,18952
Subaru,Outback,2016,9632,2,Minor,2,Highway,21,3,2366,6199,15392
BMW,3 Series,2017,12302,4,Severe,4,Highway,12,8,26071,73262,258602
BMW,3 Series,2017,16819,2,Moderate,4,Urban,12,0,12568,12703,55178
Mazda,CX-5,2020,18089,3,Severe,4,Rural,20,7,24225,23120,90359
Tesla,Model 3,2019,23342,4,Severe,1,Residential,7,2,40209,47417,80218
Hyundai,Elantra,2024,24686,2,Severe,3,Urban,0,5,26108,13708,96645
Honda,Civic,2020,12687,4,Total Loss,4,Residential,23,7,12052,105444,216161
Chevrolet,Silverado,2020,24250,4,Total Loss,1,Highway,0,2,23037,89462,193789
Ford,F-150,2019,15661,4,Severe,4,Urban,8,0,26275,124377,355622
Subaru,Outback,2019,12732,4,Severe,2,Residential,22,0,21875,55321,131799
Chevrolet,Silverado,2015,13005,1,Minor,4,Rural,19,0,3060,2786,9675
Mazda,CX-5,2020,17184,2,Moderate,1,Urban,0,2,9381,9746,25253
Nissan,Altima,2019,11842,4,Total Loss,1,Residential,14,1,11249,78333,79363
Chevrolet,Silverado,2020,20389,2,Minor,4,Highway,6,5,3946,13295,41993
Hyundai,Elantra,2019,9210,2,Minor,4,Rural,5,8,2190,6197,21405
Mazda,CX-5,2016,7538,3,Severe,4,Residential,9,2,18844,24158,73612
Nissan,Altima,2024,21158,1,Moderate,4,Residential,5,0,10077,1212,27236
Hyundai,Elantra,2019,11617,4,Severe,2,Rural,1,0,20227,51746,112617
Mercedes-Benz,C-Class,2017,16008,4,Total Loss,2,Rural,6,4,15207,67970,101529
Hyundai,Elantra,2015,4491,1,Minor,1,Highway,22,0,1836,2919,6365
Tesla,Model Y,2022,36251,4,Total Loss,4,Residential,6,3,34438,128587,262594
Subaru,Outback,2017,10444,4,Total Loss,4,Residential,18,3,9921,88020,175114
Mercedes-Benz,C-Class,2020,23511,4,Total Loss,4,Rural,4,0,22335,76452,211833
Chevrolet,Silverado,2021,22842,3,Severe,2,Residential,10,4,31446,13532,66905
Tesla,Model 3,2021,32667,1,Minor,2,Urban,2,0,7380,1425,15313
Toyota,Camry,2019,11364,3,Total Loss,2,Urban,16,0,10795,13963,40120
Toyota,Camry,2015,7913,3,Severe,4,Residential,7,2,18798,28431,73213
Subaru,Outback,2022,26555,2,Moderate,2,Urban,11,2,12169,7114,24218
Jeep,Wrangler,2018,14556,1,Minor,4,Rural,3,0,3101,1623,9510
Tesla,Model Y,2023,38411,4,Total Loss,2,Urban,17,0,36490,88572,188847
Subaru,Outback,2024,26467,1,Moderate,1,Residential,4,0,12146,3577,16920
Nissan,Altima,2015,7150,3,Severe,4,Rural,14,1,18432,12662,61887
Honda,Accord,2016,7828,2,Moderate,3,Highway,6,0,6996,12913,47181
Toyota,Corolla,2019,10686,4,Total Loss,1,Rural,12,2,10151,116238,141993
Nissan,Altima,2018,8150,2,Severe,3,Rural,15,1,18912,9175,39343
Mercedes-Benz,C-Class,2019,22176,3,Severe,2,Urban,10,3,36288,36481,102226
Honda,Civic,2022,19368,3,Severe,1,Highway,12,0,24296,34366,73534
Mercedes-Benz,C-Class,2022,38904,4,Severe,2,Highway,2,0,52347,81658,267451
Toyota,Camry,2023,23114,2,Minor,3,Urban,23,3,3349,5894,20587
Tesla,Model Y,2021,30241,3,Severe,1,Rural,15,1,47660,26139,64397
Ford,F-150,2017,11545,4,Total Loss,4,Residential,11,0,10967,62033,117225
Tesla,Model 3,2023,41676,4,Total Loss,4,Highway,15,2,39592,57116,239066
Nissan,Altima,2016,6323,2,Severe,1,Urban,23,2,18035,11726,41323
Tesla,Model 3,2018,19251,4,Total Loss,2,Urban,18,1,18288,93652,168498
Nissan,Altima,2022,16519,2,Minor,4,Rural,7,2,2821,6777,19593
Nissan,Altima,2022,20107,1,Minor,1,Residential,1,0,3108,2277,6632
Toyota,Corolla,2018,8166,1,Moderate,1,Residential,3,0,6837,1680,9183
Chevrolet,Silverado,2023,27995,2,Moderate,2,Residential,6,3,15078,5462,21985
Tesla,Model 3,2019,20032,2,Moderate,3,Rural,12,0,15817,5350,32676
Chevrolet,Silverado,2018,22753,3,Total Loss,4,Urban,14,0,21615,33930,116060
Tesla,Model Y,2021,38559,3,Severe,4,Rural,22,7,56643,19513,186926
Toyota,Camry,2020,12258,3,Moderate,2,Residential,12,3,7941,38136,58594
BMW,3 Series,2019,20393,4,Total Loss,4,Residential,23,4,19373,142710,375485
Ford,F-150,2018,18210,3,Moderate,2,Rural,1,0,11555,41248,76543
Honda,Civic,2018,11871,3,Moderate,4,Rural,3,2,7849,30142,101954
Honda,Accord,2022,16512,2,Minor,3,Urban,14,0,2903,7390,15532
Mercedes-Benz,C-Class,2019,19948,3,Moderate,4,Rural,15,1,14575,33494,108961
Ford,F-150,2016,8773,4,Severe,1,Rural,5,2,21316,111806,169670
Toyota,Corolla,2023,19120,1,Minor,1,Rural,3,0,2934,2573,7405
Mercedes-Benz,C-Class,2015,13613,3,Severe,2,Rural,23,3,28068,29946,83021
Chevrolet,Silverado,2023,48552,1,Minor,1,Highway,9,0,7326,2707,12594
Honda,Civic,2017,9744,3,Total Loss,4,Residential,14,5,9256,14866,41747
BMW,3 Series,2023,36336,3,Severe,1,Residential,11,0,47702,41062,87187
Hyundai,Elantra,2021,16763,4,Total Loss,1,Highway,1,2,15924,97406,196584
Tesla,Model 3,2018,17086,4,Total Loss,3,Urban,4,5,16231,51371,124532
Toyota,Corolla,2016,6888,1,Minor,1,Residential,6,0,2016,1141,2754
BMW,3 Series,2021,25114,4,Severe,2,Urban,19,4,37602,116791,253750
Tesla,Model Y,2021,29094,2,Minor,3,Highway,3,6,6736,4922,29927
Tesla,Model 3,2024,50409,4,Total Loss,1,Rural,8,0,47888,126212,181279
Toyota,Camry,2018,9088,4,Total Loss,1,Urban,20,1,8633,47246,56282
Nissan,Altima,2017,6976,4,Severe,4,Urban,13,2,18348,111137,300946
BMW,3 Series,2017,16106,4,Total Loss,2,Rural,10,2,15300,61772,93280
Mazda,CX-5,2022,18324,4,Total Loss,4,Urban,13,1,17407,113161,274120
Honda,Accord,2019,16013,3,Severe,4,Highway,21,8,23166,13498,90885
Tesla,Model Y,2023,39605,3,Severe,4,Residential,18,5,57773,35198,176137
Subaru,Outback,2016,9954,1,Minor,3,Highway,5,0,2395,1280,10258
Ford,F-150,2024,31369,2,Moderate,3,Highway,6,5,16292,13865,54630
Ford,F-150,2022,39285,4,Total Loss,2,Rural,6,0,37320,105154,169967
BMW,3 Series,2021,27020,2,Moderate,1,Residential,21,2,17159,9813,27743
Nissan,Altima,2018,9287,1,Moderate,2,Urban,19,0,7228,1732,14628
Honda,Accord,2017,8159,2,Moderate,2,Urban,2,2,7080,12251,33977
Mercedes-Benz,C-Class,2017,17743,2,Moderate,1,Residential,21,0,13516,12112,20777
Honda,Civic,2019,8897,4,Severe,2,Urban,15,3,19270,93758,156816
Tesla,Model Y,2021,36532,1,Minor,4,Rural,10,0,8075,2585,22229
Tesla,Model 3,2021,28232,2,Moderate,1,Residential,21,2,20245,4051,19186
Tesla,Model 3,2018,16057,2,Moderate,2,Urban,0,1,13670,5346,30624
Jeep,Wrangler,2024,42176,3,Moderate,3,Rural,11,3,18918,29702,89080
BMW,3 Series,2022,29224,2,Moderate,3,Highway,16,1,18150,8507,48218
Honda,Accord,2020,18692,1,Minor,4,Residential,21,0,3088,3501,11056
Tesla,Model 3,2022,31322,4,Total Loss,4,Rural,14,4,29755,133900,349156
Tesla,Model 3,2020,21673,1,Minor,4,Rural,20,0,5401,3190,15950
Ford,F-150,2022,35840,2,Moderate,4,Highway,13,7,17902,13688,81532
BMW,3 Series,2020,21988,3,Moderate,3,Urban,17,5,14894,16948,66571
Chevrolet,Silverado,2019,20814,2,Minor,2,Urban,22,1,3997,11186,27382
Nissan,Altima,2019,13631,2,Moderate,2,Urban,13,1,8271,11072,30424
Honda,Civic,2015,6974,4,Total Loss,3,Rural,6,0,6625,98600,152570
Hyundai,Elantra,2024,26574,2,Minor,3,Highway,12,0,3493,4531,18961
Subaru,Outback,2024,32946,4,Total Loss,4,Residential,18,4,31298,73525,177852
Hyundai,Elantra,2018,9926,2,Moderate,1,Urban,20,1,7233,7880,17600
Honda,Civic,2022,22484,1,Minor,3,Rural,18,0,3298,1888,7900
Ford,F-150,2019,17143,4,Total Loss,1,Rural,12,2,16285,86119,105933
Tesla,Model Y,2021,36918,1,Moderate,1,Rural,18,0,24935,3414,25772
Honda,Civic,2019,9045,3,Severe,1,Highway,21,0,19341,42281,98248
Jeep,Wrangler,2018,13894,4,Total Loss,2,Urban,7,3,13199,104341,164135
Tesla,Model Y,2021,38237,3,Severe,2,Rural,6,1,56295,13729,109141
Toyota,Corolla,2019,12090,2,Minor,2,Rural,20,0,2406,11062,18798
Mercedes-Benz,C-Class,2021,26953,1,Minor,1,Residential,3,0,5812,3051,9577
Tesla,Model 3,2020,26869,4,Total Loss,1,Rural,21,0,25525,95850,125514
Subaru,Outback,2017,9573,2,Moderate,4,Urban,12,1,7584,13681,45233
Mercedes-Benz,C-Class,2015,11463,4,Severe,2,Rural,7,3,26004,138259,208567
Hyundai,Elantra,2016,6413,2,Minor,3,Highway,16,3,1980,6088,14971
Tesla,Model 3,2019,24380,2,Severe,1,Rural,4,1,41330,8758,66252
Toyota,Corolla,2015,5249,2,Minor,1,Highway,14,2,1893,4260,8373
Subaru,Outback,2023,24196,1,Minor,1,Rural,0,0,3677,3009,8907
Honda,Civic,2020,13582,2,Moderate,1,Rural,15,1,8259,10487,19494
Tesla,Model Y,2022,41493,2,Moderate,4,Highway,8,8,27406,10297,104023
Toyota,Camry,2016,9102,2,Minor,1,Urban,2,0,2228,6239,12333
Jeep,Wrangler,2016,11547,1,Minor,1,Rural,17,0,2770,3399,6590
Mazda,CX-5,2021,21137,2,Minor,2,Urban,2,4,3296,9110,24175
Mazda,CX-5,2024,26174,2,Minor,1,Rural,8,1,3724,10677,14825
Mazda,CX-5,2019,11437,4,Total Loss,4,Residential,11,5,10865,87672,184467
Toyota,Corolla,2016,6745,1,Minor,4,Rural,10,0,2005,1811,6300
Tesla,Model 3,2022,36950,4,Total Loss,3,Urban,23,5,35102,139560,417523
BMW,3 Series,2019,21335,1,Minor,1,Highway,1,0,4700,2970,12877
Jeep,Wrangler,2024,40705,3,Severe,2,Residential,2,3,41865,32299,112137
Tesla,Model 3,2018,16992,2,Minor,3,Rural,17,6,4558,9691,24406
Toyota,Corolla,2017,8882,3,Total Loss,1,Rural,19,0,8437,37579,53833
Chevrolet,Silverado,2019,27726,2,Minor,3,Highway,10,4,4827,13197,37446
Jeep,Wrangler,2023,31111,3,Severe,4,Rural,7,5,35533,14843,107668
Tesla,Model 3,2023,37711,4,Total Loss,4,Residential,22,0,35825,143358,418781
Honda,Civic,2024,19682,2,Moderate,4,Residential,21,7,9723,13421,39255
Subaru,Outback,2017,10095,3,Severe,2,Urban,21,1,20451,38174,91719
Hyundai,Elantra,2017,7571,1,Minor,2,Residential,20,0,2067,3448,6596
BMW,3 Series,2019,16992,2,Moderate,1,Rural,22,0,12646,9803,26958
Mazda,CX-5,2018,10935,1,Minor,4,Rural,12,0,2429,3473,12781
Mazda,CX-5,2018,10551,2,Moderate,4,Residential,14,5,7690,6559,21441
Toyota,Camry,2024,24511,2,Moderate,1,Residential,6,2,10882,10416,19013
BMW,3 Series,2016,13793,3,Moderate,2,Residential,17,3,11206,23906,42199
Mazda,CX-5,2017,8710,1,Minor,4,Rural,13,0,2240,1309,6865
Mercedes-Benz,C-Class,2022,33115,2,Moderate,4,Urban,13,8,20895,12737,69301
Jeep,Wrangler,2015,7849,3,Severe,1,Rural,17,0,20180,24234,48384
Ford,F-150,2017,15085,4,Total Loss,4,Rural,14,0,14330,46856,113611
Mazda,CX-5,2015,6844,4,Total Loss,3,Residential,22,2,6501,63977,147116
Ford,F-150,2015,10278,2,Severe,1,Rural,17,1,22400,7303,33730
Chevrolet,Silverado,2021,23738,3,Total Loss,4,Rural,14,8,22551,19751,91912
Toyota,Camry,2018,11663,2,Minor,3,Highway,15,5,2433,6556,18636
BMW,3 Series,2016,11693,3,Moderate,2,Highway,23,4,10261,21062,81081
Mercedes-Benz,C-Class,2015,9967,1,Minor,1,Rural,2,0,3094,3177,6558
Toyota,Corolla,2023,20796,1,Minor,4,Highway,14,0,3059,1647,10430
Hyundai,Elantra,2022,16239,2,Moderate,4,Highway,13,4,8653,5644,38642
Tesla,Model 3,2023,45645,4,Total Loss,2,Highway,23,2,43362,81630,273563
Tesla,Model 3,2020,26117,4,Total Loss,1,Urban,23,0,24811,123805,207251
Toyota,Camry,2016,6117,3,Severe,1,Residential,17,1,17936,39703,60702
Honda,Accord,2021,21525,2,Minor,3,Urban,21,6,3329,11349,24480
Nissan,Altima,2022,17615,2,Moderate,2,Residential,21,3,9227,8960,21650
Honda,Civic,2024,25208,1,Minor,1,Urban,10,0,3516,3546,6880
Hyundai,Elantra,2021,14800,4,Total Loss,4,Residential,1,3,14060,73086,194191
Honda,Accord,2019,15000,1,Minor,3,Highway,14,0,2775,1310,8926
Toyota,Camry,2019,9513,3,Total Loss,2,Residential,2,1,9037,35355,63592
Hyundai,Elantra,2017,8334,1,Minor,4,Residential,16,0,2125,1246,5702
Subaru,Outback,2023,21956,4,Severe,2,Residential,5,1,26856,77734,173053
Tesla,Model Y,2024,56279,4,Total Loss,2,Rural,13,4,53465,91054,219695
Toyota,Camry,2023,17118,1,Minor,2,Rural,9,0,2869,2055,7014
Jeep,Wrangler,2020,17784,2,Minor,2,Residential,22,0,3456,6625,14158
Mazda,CX-5,2018,13070,4,Total Loss,4,Urban,5,0,12416,65135,217572
Honda,Accord,2022,18955,3,Total Loss,3,Rural,20,6,18007,14590,58011
Hyundai,Elantra,2019,11819,1,Minor,2,Rural,9,0,2386,2500,6487
Honda,Civic,2022,18139,1,Minor,1,Urban,5,0,2951,1706,6867
Mazda,CX-5,2015,6103,2,Moderate,1,Rural,2,2,6556,13387,24169
Honda,Accord,2019,10136,4,Severe,4,Residential,11,8,20169,75883,179058
Mercedes-Benz,C-Class,2016,15033,4,Total Loss,3,Rural,18,2,14281,68063,153785
Hyundai,Elantra,2019,11316,4,Total Loss,4,Urban,19,8,10750,98120,225195
Mercedes-Benz,C-Class,2023,45888,1,Moderate,2,Residential,6,0,27026,1931,39084
Honda,Accord,2022,23727,3,Severe,1,Urban,3,2,27100,23323,63673
Mercedes-Benz,C-Class,2019,26431,1,Moderate,3,Urban,16,0,17686,1612,37159
Toyota,Corolla,2022,15624,4,Total Loss,3,Residential,6,2,14842,111133,185663
Jeep,Wrangler,2019,15869,4,Total Loss,4,Highway,20,1,15075,69637,241614
Tesla,Model Y,2024,49699,4,Total Loss,1,Residential,17,2,47214,80281,132804
Mercedes-Benz,C-Class,2020,29529,4,Total Loss,4,Rural,17,1,28052,53003,166759
Nissan,Altima,2016,7541,2,Moderate,4,Urban,18,1,6809,12311,35979
Tesla,Model Y,2023,50263,3,Severe,3,Highway,5,4,69284,42303,288215
Subaru,Outback,2016,8254,3,Severe,4,Rural,17,4,19457,28320,104579
BMW,3 Series,2018,20029,3,Total Loss,3,Rural,9,4,19027,40603,84603
Mercedes-Benz,C-Class,2024,43178,1,Minor,3,Highway,16,0,8408,2310,20668
Nissan,Altima,2016,8156,1,Minor,3,Rural,11,0,2152,2651,7026
Jeep,Wrangler,2018,10777,2,Moderate,4,Highway,6,3,8556,11817,46094
Toyota,Corolla,2015,4214,2,Moderate,3,Residential,18,5,5948,11710,27156
BMW,3 Series,2018,19161,2,Moderate,3,Highway,16,2,13622,9742,45844
BMW,3 Series,2015,9226,2,Minor,2,Highway,9,3,2883,4561,14007
Mercedes-Benz,C-Class,2020,30388,4,Total Loss,2,Rural,5,2,28868,42800,103156
Honda,Accord,2024,27627,2,Severe,4,Rural,15,6,29089,9639,69622
Nissan,Altima,2021,18174,2,Minor,3,Urban,22,4,2953,10272,24866
Mercedes-Benz,C-Class,2018,21155,2,Severe,3,Rural,12,6,35308,5195,59780
BMW,3 Series,2018,15996,1,Minor,2,Rural,12,0,3899,2441,8771
Tesla,Model Y,2022,41277,2,Severe,2,Highway,0,3,59579,7639,125026
Tesla,Model Y,2022,33539,2,Severe,2,Highway,12,3,51222,12107,110429
Nissan,Altima,2023,19409,3,Severe,4,Residential,20,7,24316,17796,69714
Hyundai,Elantra,2024,26721,2,Severe,1,Urban,21,0,27024,13626,51210
Honda,Accord,2017,11710,3,Moderate,4,Highway,8,2,7986,32624,120294
Chevrolet,Silverado,2015,11943,2,Moderate,1,Rural,23,1,9299,13242,29496
Mazda,CX-5,2018,13024,1,Minor,3,Residential,23,0,2607,3582,10449
Hyundai,Elantra,2024,21439,3,Total Loss,2,Rural,17,1,20367,42617,91308
Mazda,CX-5,2016,7960,3,Severe,4,Residential,6,4,19059,42918,103978
Tesla,Model Y,2021,31727,2,Moderate,1,Rural,10,2,22132,12177,33479
Honda,Accord,2015,6496,4,Total Loss,1,Rural,18,2,6171,122208,115924
Tesla,Model Y,2020,27500,4,Severe,4,Highway,9,5,44700,124976,418112
Chevrolet,Silverado,2019,28046,2,Moderate,2,Urban,5,2,15096,8840,46508
Jeep,Wrangler,2023,33419,1,Moderate,3,Urban,18,0,16028,2358,35182
BMW,3 Series,2022,27975,2,Moderate,1,Urban,15,2,17588,10397,27222
Chevrolet,Silverado,2015,14029,3,Severe,3,Rural,3,2,25100,41038,116421
Toyota,Camry,2022,16876,2,Moderate,2,Highway,15,0,9050,12667,36385
Mercedes-Benz,C-Class,2018,15672,3,Severe,4,Highway,12,3,30045,42008,163703
Hyundai,Elantra,2020,11748,2,Minor,4,Highway,19,1,2381,7751,26434
Honda,Civic,2019,9085,1,Moderate,1,Urban,19,0,7180,1536,9002
Honda,Accord,2019,10423,2,Severe,4,Urban,14,6,20315,9831,58563
Mercedes-Benz,C-Class,2024,55049,2,Minor,1,Urban,6,2,10307,4476,17299
Toyota,Corolla,2015,4485,1,Minor,3,Residential,23,0,1836,2089,6409
BMW,3 Series,2017,12997,1,Minor,1,Rural,15,0,3449,1818,4934
Hyundai,Elantra,2015,5778,3,Severe,3,Residential,6,6,17600,34775,77182
Tesla,Model 3,2019,21855,2,Minor,4,Urban,17,5,5433,13090,41106
Toyota,Corolla,2020,11586,2,Severe,1,Residential,16,0,20213,8559,26386
Jeep,Wrangler,2020,18634,1,Minor,2,Residential,20,0,3549,1819,5607
Tesla,Model 3,2020,22265,1,Minor,4,Urban,11,0,5507,2522,15555
Jeep,Wrangler,2016,8170,3,Severe,3,Urban,14,0,20392,35183,93824
Toyota,Camry,2016,7073,1,Moderate,3,Highway,17,0,6697,2726,21871
Tesla,Model Y,2022,38269,2,Minor,2,Residential,14,1,8388,7724,20973
Chevrolet,Silverado,2015,14830,4,Total Loss,3,Urban,18,6,14088,140995,256614
Ford,F-150,2020,18817,1,Minor,3,Highway,23,0,3758,1804,15018
Honda,Accord,2021,22860,4,Total Loss,4,Highway,6,6,21717,87067,252385
Hyundai,Elantra,2021,11257,3,Total Loss,3,Residential,8,6,10694,23095,55590
Honda,Civic,2018,10779,4,Severe,4,Urban,10,1,20173,97153,272394
Ford,F-150,2024,55654,4,Severe,2,Urban,6,2,55070,127170,282206
BMW,3 Series,2020,23693,2,Moderate,1,Urban,16,2,15661,11432,27812
Toyota,Camry,2018,7656,4,Severe,1,Urban,23,0,18674,83771,151511
Subaru,Outback,2022,27159,4,Severe,2,Highway,6,0,29665,126141,243834
Tesla,Model Y,2021,31691,3,Total Loss,3,Urban,4,6,30106,27536,108121
Mercedes-Benz,C-Class,2024,48009,1,Minor,4,Urban,3,0,9181,1269,27711
Mercedes-Benz,C-Class,2017,13808,3,Severe,3,Urban,14,1,28255,12777,74523
Honda,Accord,2015,5931,4,Total Loss,3,Highway,22,4,5634,138132,401390
Jeep,Wrangler,2020,20146,2,Moderate,1,Urban,0,2,11648,6182,21195
Tesla,Model 3,2022,36476,4,Total Loss,4,Rural,19,0,34652,88512,226700
Nissan,Altima,2017,8389,4,Total Loss,4,Residential,20,0,7969,51480,111090
Tesla,Model Y,2021,38505,2,Severe,4,Rural,6,8,56585,10864,139416
Tesla,Model 3,2020,23400,1,Minor,4,Rural,6,0,5712,3300,16955
Subaru,Outback,2021,18539,2,Minor,1,Highway,13,2,3168,9488,15047
Honda,Civic,2022,19434,4,Total Loss,2,Highway,11,4,18462,48182,122178
Tesla,Model 3,2022,31321,4,Severe,2,Urban,13,2,48826,119883,226221
Nissan,Altima,2023,22271,1,Minor,4,Residential,1,0,3281,2581,13541
Hyundai,Elantra,2021,15073,2,Moderate,1,Highway,8,1,8391,8763,21240
Tesla,Model 3,2024,43545,4,Total Loss,1,Rural,0,2,41367,135879,214169
Honda,Accord,2021,16550,4,Severe,2,Rural,14,1,23440,142116,188039
Tesla,Model Y,2020,32748,4,Severe,4,Rural,23,3,50367,102454,344301
Ford,F-150,2018,12748,2,Moderate,3,Residential,0,4,9589,12219,43177
BMW,3 Series,2022,28552,3,Severe,4,Residential,0,2,40696,30332,144075
Ford,F-150,2024,56723,3,Severe,1,Highway,22,1,55840,41553,156553
Toyota,Camry,2020,11561,3,Moderate,1,Rural,18,0,7774,29643,39879
Toyota,Corolla,2021,15470,2,Moderate,1,Urban,5,0,8480,10270,21755
Mercedes-Benz,C-Class,2016,12503,1,Minor,3,Highway,21,0,3500,2983,15489
BMW,3 Series,2021,24983,1,Minor,3,Rural,7,0,5247,1984,12348
Toyota,Corolla,2019,10709,1,Minor,4,Residential,22,0,2303,3183,11627
BMW,3 Series,2024,50386,1,Minor,1,Urban,19,0,9057,1455,11388
Jeep,Wrangler,2016,7902,1,Minor,2,Highway,22,0,2369,2852,11708
Mazda,CX-5,2022,22458,4,Severe,4,Highway,20,7,26453,104583,322063
Mazda,CX-5,2022,25182,1,Minor,1,Rural,18,0,3640,2414,6610
Toyota,Camry,2022,19411,4,Total Loss,2,Residential,22,2,18440,52176,89102
Toyota,Camry,2018,11007,3,Moderate,2,Residential,11,1,7641,44898,69791
Mercedes-Benz,C-Class,2016,12200,3,Severe,3,Rural,2,5,26712,43905,159874
Chevrolet,Silverado,2018,20846,1,Minor,1,Urban,1,0,4001,3484,11009
Jeep,Wrangler,2020,15136,1,Minor,4,Highway,22,0,3164,2859,17160
Ford,F-150,2022,34607,3,Severe,2,Rural,13,1,39917,25881,89927
Subaru,Outback,2021,18148,4,Severe,1,Residential,0,2,24799,52120,99760
Tesla,Model 3,2022,34383,4,Total Loss,1,Urban,5,1,32663,90400,157432
Tesla,Model Y,2024,48205,3,Severe,3,Rural,9,3,67061,12762,121303
Mazda,CX-5,2017,8401,4,Severe,4,Rural,17,8,19284,115016,266327
Ford,F-150,2021,26137,4,Total Loss,2,Rural,21,1,24830,138980,193806
Ford,F-150,2019,13568,2,Moderate,1,Urban,3,0,9884,13181,28758
Hyundai,Elantra,2022,16106,2,Minor,2,Highway,2,2,2707,13906,36959
Subaru,Outback,2024,37015,4,Total Loss,2,Residential,22,1,35164,54952,128672
Toyota,Corolla,2021,11794,4,Total Loss,2,Urban,23,0,11204,115457,202474
BMW,3 Series,2016,11521,1,Minor,3,Urban,15,0,3228,2265,11077
Subaru,Outback,2019,11924,1,Minor,3,Rural,9,0,2573,1792,6356
Tesla,Model 3,2018,18462,1,Minor,4,Urban,17,0,4823,2750,17935
Toyota,Camry,2015,5644,1,Minor,3,Rural,0,0,1951,2591,9159
Subaru,Outback,2015,7877,3,Severe,3,Highway,12,6,19253,34043,114710
BMW,3 Series,2021,33261,3,Moderate,2,Urban,9,2,19967,41328,98719
Nissan,Altima,2022,17649,2,Moderate,4,Urban,1,3,9235,12106,58918
Honda,Civic,2020,14745,1,Minor,3,Urban,0,0,2679,1457,8903
Nissan,Altima,2022,20972,1,Minor,2,Residential,18,0,3177,3402,8499
Honda,Accord,2020,18262,1,Minor,3,Residential,2,0,3052,2947,10841
Honda,Civic,2024,20332,1,Minor,4,Residential,22,0,3126,2313,12724
Hyundai,Elantra,2024,18344,3,Total Loss,4,Rural,19,0,17426,39203,119584
Mercedes-Benz,C-Class,2015,10730,3,Severe,1,Highway,6,0,25300,34455,71985
Honda,Accord,2023,29587,3,Severe,1,Highway,6,1,30089,24511,85173
Mazda,CX-5,2022,25220,1,Moderate,4,Residential,6,0,11431,2353,22285
Hyundai,Elantra,2023,18776,1,Minor,4,Urban,7,0,2908,2272,11413
Honda,Accord,2021,21356,3,Severe,4,Rural,7,1,25891,12791,82401
Tesla,Model 3,2021,32088,4,Severe,2,Rural,18,3,49655,54098,141234
Subaru,Outback,2019,13089,4,Total Loss,1,Residential,3,2,12434,57827,76402
Hyundai,Elantra,2019,11624,3,Total Loss,2,Rural,18,1,11042,44125,78352
Mercedes-Benz,C-Class,2016,16289,3,Moderate,2,Highway,2,3,12818,36596,104101
Mazda,CX-5,2020,13877,2,Minor,4,Rural,10,4,2679,5263,15837
Toyota,Camry,2018,10156,2,Minor,2,Residential,20,2,2312,8366,11034
Tesla,Model 3,2023,39057,4,Total Loss,1,Residential,18,1,37104,50697,91398
Toyota,Corolla,2024,24740,3,Severe,3,Highway,22,0,26133,40909,169092
Mazda,CX-5,2023,21913,2,Minor,3,Rural,9,6,3362,9734,19188
Nissan,Altima,2020,14038,1,Minor,2,Urban,8,0,2623,1992,5716
Honda,Civic,2020,15809,4,Severe,2,Rural,4,1,22588,41165,107385
Chevrolet,Silverado,2015,11067,1,Minor,4,Rural,4,0,2828,2069,11385
Chevrolet,Silverado,2023,50059,2,Moderate,2,Rural,18,1,23021,12046,48012
Toyota,Corolla,2021,14403,1,Minor,3,Rural,14,0,2580,3319,9200
Mercedes-Benz,C-Class,2015,9871,1,Minor,1,Residential,17,0,3079,1617,3699
Hyundai,Elantra,2021,13256,4,Severe,1,Rural,5,0,20965,113792,168163
Tesla,Model Y,2024,59424,3,Severe,3,Residential,21,4,79177,43708,178415
Honda,Civic,2016,5798,1,Minor,4,Rural,17,0,1963,3311,9391
Honda,Civic,2017,6243,3,Total Loss,4,Urban,21,7,5930,14849,49012
Tesla,Model 3,2024,52944,4,Total Loss,2,Rural,11,3,50296,64656,174723
Tesla,Model 3,2023,38193,1,Minor,4,Highway,0,0,8374,3128,37378
Chevrolet,Silverado,2023,33305,1,Minor,2,Urban,23,0,5496,1880,13536
Chevrolet,Silverado,2017,12953,1,Minor,3,Highway,9,0,3054,2477,10414
Mazda,CX-5,2015,6413,4,Severe,4,Highway,0,8,18270,108040,337580
Chevrolet,Silverado,2024,40967,1,Minor,2,Rural,15,0,6416,1929,10428
Jeep,Wrangler,2023,30598,4,Total Loss,1,Highway,10,1,29068,62818,137003
Hyundai,Elantra,2024,24407,1,Minor,4,Residential,10,0,3330,2598,8922
Ford,F-150,2020,15698,4,Total Loss,2,Highway,2,1,14913,132454,284165
Toyota,Corolla,2019,10565,4,Severe,4,Highway,13,7,19754,98000,330068
Honda,Civic,2024,23907,1,Minor,3,Highway,17,0,3412,2045,10362
BMW,3 Series,2018,14860,1,Minor,3,Residential,8,0,3729,1115,7486
Tesla,Model 3,2019,18031,1,Moderate,1,Urban,1,0,14736,1798,24305
Toyota,Corolla,2018,8731,3,Severe,1,Rural,18,2,18928,21726,36970
Tesla,Model 3,2021,25730,4,Total Loss,2,Urban,18,2,24443,90672,164267
BMW,3 Series,2022,35325,3,Moderate,4,Highway,19,8,20896,33767,152840
Toyota,Corolla,2023,18978,1,Moderate,1,Urban,18,0,9270,3196,11999
Honda,Accord,2015,5945,3,Severe,3,Residential,14,3,18031,32139,82456
Tesla,Model 3,2023,45781,3,Severe,2,Residential,13,4,64443,36149,118266
Hyundai,Elantra,2018,7783,2,Moderate,1,Highway,18,0,6751,5146,13784
Tesla,Model 3,2024,47965,2,Moderate,2,Rural,9,2,30901,11487,54690
Toyota,Camry,2018,8445,2,Severe,4,Rural,17,4,19053,11413,62894
Ford,F-150,2015,10082,3,Total Loss,2,Rural,0,0,9577,18876,58145
Mazda,CX-5,2017,10588,4,Total Loss,3,Residential,15,5,10058,103062,156205
Mercedes-Benz,C-Class,2015,9378,1,Minor,4,Rural,20,0,3000,2857,10629
Mazda,CX-5,2022,18354,1,Minor,1,Residential,19,0,3060,3182,4847
Tesla,Model 3,2021,29125,4,Total Loss,4,Urban,7,7,27668,127647,296784
Honda,Civic,2024,27096,1,Minor,4,Rural,23,0,3667,1136,12146
Tesla,Model 3,2018,18011,1,Minor,3,Urban,15,0,4741,3088,14619
Nissan,Altima,2020,14033,3,Total Loss,2,Residential,7,1,13331,44900,76965
Ford,F-150,2024,39960,1,Minor,2,Rural,10,0,6295,1769,11795
Hyundai,Elantra,2018,9787,4,Total Loss,1,Urban,0,1,9297,113020,178363
Toyota,Corolla,2015,6042,2,Minor,2,Residential,0,1,1953,7693,13983
Chevrolet,Silverado,2019,29862,4,Total Loss,2,Rural,20,1,28368,124150,216602
Ford,F-150,2019,15664,1,Minor,3,Urban,13,0,3379,2424,9011
Ford,F-150,2016,11262,1,Minor,4,Residential,21,0,2851,3025,9532
Jeep,Wrangler,2024,42378,4,Total Loss,1,Urban,20,2,40259,56224,120144
Chevrolet,Silverado,2024,41630,3,Severe,4,Highway,19,3,44973,44488,237228
Mazda,CX-5,2021,17140,3,Total Loss,3,Rural,20,6,16283,26520,68771
Jeep,Wrangler,2021,22289,4,Total Loss,1,Rural,13,1,21174,128704,171279
Toyota,Camry,2019,13592,1,Minor,3,Urban,6,0,2587,1365,7021
Subaru,Outback,2020,14096,3,Severe,2,Highway,4,1,22611,14826,92914
Jeep,Wrangler,2024,34758,1,Minor,2,Residential,18,0,5323,3570,11717
Tesla,Model 3,2022,33267,1,Moderate,3,Residential,11,0,22964,3377,36481
Honda,Civic,2017,8007,3,Severe,2,Residential,1,1,18843,16097,56316
Jeep,Wrangler,2024,32135,4,Total Loss,3,Urban,13,4,30528,138955,296143
Honda,Civic,2017,8492,1,Minor,1,Residential,4,0,2179,1221,3885
Toyota,Camry,2015,6161,1,Moderate,1,Rural,9,0,6478,2609,8214
Toyota,Camry,2015,5935,4,Severe,3,Rural,18,1,17848,138967,270549
Tesla,Model 3,2020,25274,2,Severe,3,Residential,5,4,42295,4739,70010
Hyundai,Elantra,2024,25519,2,Moderate,2,Residential,3,3,10741,7636,25804
Mazda,CX-5,2023,28504,3,Severe,2,Urban,21,1,29537,28448,80125
Honda,Civic,2020,11543,2,Severe,3,Residential,7,3,20540,8208,46728
Ford,F-150,2015,13136,4,Severe,4,Highway,22,5,24457,58976,275595
Mazda,CX-5,2021,18862,4,Severe,1,Rural,3,1,24619,132178,162904
Subaru,Outback,2020,14261,1,Minor,2,Highway,1,0,2783,2102,8724
Tesla,Model Y,2022,44242,4,Total Loss,3,Urban,14,3,42029,63585,201680
Subaru,Outback,2019,15756,3,Severe,3,Residential,6,1,23508,43898,94781
Honda,Civic,2023,19989,4,Total Loss,1,Rural,12,1,18989,118460,126503
Tesla,Model 3,2022,35413,1,Minor,3,Residential,0,0,7874,3254,18616
Ford,F-150,2015,12336,2,Severe,4,Residential,4,7,23881,7969,67548
Tesla,Model Y,2024,61025,3,Severe,4,Highway,10,1,80907,34561,263458
Mazda,CX-5,2022,20990,4,Total Loss,3,Highway,1,1,19940,141823,411751
Toyota,Camry,2019,15525,1,Minor,3,Urban,19,0,2742,3126,11574
BMW,3 Series,2017,15097,4,Total Loss,3,Residential,10,4,14342,97197,163667
Toyota,Corolla,2019,9871,4,Total Loss,3,Highway,21,3,9377,57266,143883
Chevrolet,Silverado,2024,61048,4,Total Loss,1,Urban,12,0,57995,98034,170816
Mercedes-Benz,C-Class,2015,12847,3,Severe,2,Residential,16,2,27333,33074,68538
Toyota,Camry,2015,7895,2,Severe,4,Urban,13,1,18789,8287,61707
Honda,Civic,2019,12796,2,Minor,1,Urban,20,0,2523,12231,17619
Toyota,Camry,2015,6067,4,Total Loss,3,Highway,23,4,5763,68309,189829
Tesla,Model Y,2024,48355,4,Total Loss,4,Urban,12,5,45937,88749,287282
Tesla,Model Y,2021,33051,3,Severe,1,Residential,4,2,50695,31710,88839
Toyota,Camry,2017,10576,1,Minor,1,Highway,5,0,2346,3248,8077
BMW,3 Series,2016,13360,3,Severe,1,Urban,12,0,27024,32217,62182
Jeep,Wrangler,2015,7846,4,Total Loss,1,Rural,5,1,7453,126719,140445
Chevrolet,Silverado,2022,38572,3,Severe,1,Urban,3,2,42771,29439,107646
Mercedes-Benz,C-Class,2018,18228,3,Moderate,2,Highway,15,2,13749,44584,120172
Tesla,Model 3,2021,26211,4,Total Loss,4,Rural,7,4,24900,98684,259593
Honda,Accord,2015,8482,2,Severe,2,Urban,4,3,19325,7261,50469
Jeep,Wrangler,2021,25566,1,Minor,2,Residential,15,0,4312,1152,6729
Mazda,CX-5,2015,5823,3,Severe,4,Highway,22,0,17969,22194,115821
Honda,Accord,2021,16729,3,Severe,1,Highway,21,2,23531,14548,52936
Honda,Accord,2023,31897,1,Minor,1,Highway,3,0,4211,2875,10556
Tesla,Model Y,2022,40795,4,Severe,3,Rural,19,5,59058,81868,239021
Honda,Civic,2019,9505,4,Total Loss,1,Highway,11,0,9029,49964,85134
Hyundai,Elantra,2023,23436,1,Minor,4,Highway,8,0,3257,2175,13073
Chevrolet,Silverado,2022,35614,4,Severe,4,Highway,1,6,40642,44438,282959
Tesla,Model Y,2021,32953,3,Severe,4,Residential,15,2,50589,24024,144106
Toyota,Camry,2018,8246,4,Total Loss,3,Rural,11,4,7833,98506,158944
Toyota,Corolla,2018,9520,1,Minor,1,Rural,6,0,2214,3135,5031
Tesla,Model 3,2018,20672,3,Severe,4,Rural,5,4,37325,25505,133842
Tesla,Model 3,2022,38955,2,Moderate,3,Highway,18,1,26035,5087,62822
Jeep,Wrangler,2015,10334,2,Severe,1,Rural,17,2,21820,10685,34386
Tesla,Model Y,2020,33540,3,Severe,1,Rural,19,1,51223,20741,71042
Honda,Civic,2017,9616,2,Moderate,3,Highway,0,6,7307,4558,32736
Toyota,Camry,2021,18948,4,Severe,1,Urban,9,1,24095,91753,114607
Tesla,Model Y,2024,46207,4,Total Loss,2,Residential,14,4,43896,90623,148895
Tesla,Model Y,2021,31910,4,Total Loss,3,Urban,14,3,30314,42412,117708
Mercedes-Benz,C-Class,2023,50455,2,Moderate,1,Rural,5,2,29218,10519,50866
Honda,Civic,2019,13008,3,Severe,4,Highway,13,4,21243,27412,139452
BMW,3 Series,2020,24965,4,Total Loss,4,Urban,6,1,23716,95891,296716
Tesla,Model 3,2020,25347,4,Total Loss,1,Highway,5,1,24079,126158,250212
Hyundai,Elantra,2017,6225,1,Moderate,2,Urban,8,0,6400,3178,12442
Honda,Civic,2020,12255,4,Severe,3,Residential,20,5,20882,73576,150997
Mercedes-Benz,C-Class,2022,30365,1,Minor,1,Highway,8,0,6358,2447,12277
Tesla,Model Y,2024,57873,3,Total Loss,3,Rural,11,0,54979,30501,134421
Honda,Accord,2015,7230,3,Moderate,1,Urban,18,1,6843,14633,23942
Jeep,Wrangler,2018,12041,3,Severe,2,Rural,9,4,22947,14663,51980
Chevrolet,Silverado,2023,38209,1,Minor,4,Residential,10,0,6085,3335,16772
Honda,Civic,2017,9328,4,Total Loss,1,Residential,14,2,8861,83383,81141
Tesla,Model Y,2024,47712,4,Total Loss,4,Urban,22,7,45326,73079,350156
Nissan,Altima,2020,13598,4,Total Loss,4,Highway,16,6,12918,91990,288641
Nissan,Altima,2017,8575,3,Severe,1,Urban,1,0,19116,41648,95195
Subaru,Outback,2019,14733,3,Severe,2,Urban,11,4,22955,30039,87888
BMW,3 Series,2019,16451,4,Total Loss,3,Highway,3,2,15628,68630,225972
Nissan,Altima,2023,24060,1,Minor,4,Residential,14,0,3424,3494,13140
Hyundai,Elantra,2016,4970,2,Minor,1,Residential,14,0,1872,13135,14943
Mercedes-Benz,C-Class,2017,17589,2,Severe,3,Residential,13,2,31885,7126,54352
Jeep,Wrangler,2021,21748,3,Severe,3,Highway,7,1,29353,32981,140807
Subaru,Outback,2016,7573,2,Severe,1,Residential,22,1,19089,6962,28126
Honda,Civic,2024,21643,4,Severe,1,Urban,21,2,25388,109676,154437
Tesla,Model Y,2021,38329,1,Minor,4,Rural,4,0,8399,2758,21670
Tesla,Model 3,2019,20522,4,Severe,2,Rural,10,0,37163,85720,148890
Honda,Civic,2017,9331,2,Minor,2,Highway,11,1,2246,13399,23907
Ford,F-150,2020,16935,1,Minor,1,Residential,10,0,3532,1627,5005
Mazda,CX-5,2017,8643,4,Total Loss,4,Highway,17,4,8210,46603,135248
Nissan,Altima,2022,17970,3,Moderate,2,Residential,6,2,9312,43639,73788
Toyota,Camry,2018,8315,2,Moderate,4,Residential,19,5,6995,10371,31855
Tesla,Model Y,2023,47872,3,Total Loss,1,Residential,8,0,45478,42316,93957
Mercedes-Benz,C-Class,2021,33835,3,Total Loss,2,Highway,23,0,32143,22171,131776
Mazda,CX-5,2023,21728,3,Moderate,1,Rural,21,1,10540,40160,45219
Nissan,Altima,2016,7938,2,Moderate,4,Residential,8,1,6905,7275,20833
BMW,3 Series,2015,11058,1,Minor,4,Rural,21,0,3158,3071,11228
Subaru,Outback,2015,7019,1,Minor,3,Highway,14,0,2131,1064,6093
Mercedes-Benz,C-Class,2020,23011,3,Severe,4,Urban,5,3,37090,22945,162243
Chevrolet,Silverado,2021,31405,1,Minor,3,Residential,9,0,5268,2297,10107
Tesla,Model Y,2023,45073,4,Total Loss,4,Residential,13,2,42819,123775,279377
Toyota,Camry,2019,9119,4,Severe,4,Highway,20,5,19377,83827,280915
Toyota,Corolla,2019,11649,3,Severe,2,Urban,15,4,20242,23953,79005
Toyota,Corolla,2015,5353,3,Moderate,2,Urban,3,1,6204,17126,37547
Jeep,Wrangler,2018,11033,2,Severe,2,Highway,4,4,22281,9408,58434
Jeep,Wrangler,2022,31714,1,Moderate,4,Urban,10,0,15465,1722,38129
Honda,Civic,2017,6101,1,Minor,4,Residential,21,0,1988,1973,7327
Mercedes-Benz,C-Class,2017,18903,3,Total Loss,4,Residential,14,7,17957,18510,65354
Hyundai,Elantra,2021,13508,4,Total Loss,4,Residential,11,7,12832,59466,112495
Subaru,Outback,2022,27197,1,Minor,4,Residential,4,0,3947,2750,13785
Hyundai,Elantra,2022,18623,4,Total Loss,2,Urban,11,2,17691,97887,153092
Mazda,CX-5,2023,27337,1,Minor,1,Residential,6,0,3823,2816,5408
Tesla,Model Y,2022,41803,1,Moderate,4,Residential,19,0,27573,2515,45820
Toyota,Camry,2015,5661,1,Minor,3,Highway,1,0,1952,1754,8867
Mazda,CX-5,2019,15613,3,Moderate,3,Rural,12,0,8981,30916,76586
Jeep,Wrangler,2020,20454,2,Moderate,3,Residential,4,1,11749,8840,31006
Honda,Accord,2021,16521,3,Total Loss,1,Residential,23,0,15694,18950,47518
Mazda,CX-5,2017,7866,1,Minor,4,Highway,6,0,2168,2077,9154
Tesla,Model 3,2020,28143,2,Moderate,1,Highway,1,2,20197,7950,49450
Hyundai,Elantra,2024,18236,2,Moderate,1,Highway,0,1,9103,11943,34703
Chevrolet,Silverado,2018,16189,4,Total Loss,2,Residential,12,4,15379,42053,66438
Mercedes-Benz,C-Class,2020,25953,2,Moderate,2,Highway,16,1,17457,5755,44827
Ford,F-150,2021,32078,3,Moderate,1,Residential,23,2,16548,33873,66538
Hyundai,Elantra,2017,8413,1,Minor,3,Highway,19,0,2130,2902,11863
Tesla,Model Y,2022,44755,1,Moderate,2,Highway,5,0,29167,3286,68249
Toyota,Corolla,2021,16553,4,Total Loss,3,Highway,8,0,15725,41225,125786
Chevrolet,Silverado,2017,17817,1,Minor,4,Residential,12,0,3638,1365,7866
Honda,Civic,2024,21789,3,Moderate,4,Rural,23,6,10229,43144,139590
Tesla,Model Y,2023,54090,4,Total Loss,1,Residential,18,1,51385,127371,151277
Mercedes-Benz,C-Class,2023,46464,1,Minor,2,Highway,1,0,8934,2733,26456
Subaru,Outback,2018,13000,2,Minor,4,Rural,11,5,2670,7278,19882
Honda,Accord,2023,26310,2,Minor,1,Urban,7,0,3736,9402,14583
Toyota,Corolla,2015,5682,2,Severe,4,Residential,9,6,17556,12089,50776
Ford,F-150,2024,45150,2,Minor,4,Rural,6,7,6918,11460,31000
Toyota,Corolla,2018,9034,2,Moderate,4,Rural,22,6,7032,13085,44340
Mazda,CX-5,2023,29457,3,Moderate,1,Rural,20,2,12511,14344,28279
Honda,Accord,2017,10006,2,Moderate,2,Rural,6,4,7551,5466,15918
Honda,Civic,2017,9389,4,Total Loss,4,Residential,12,2,8919,137681,231464
Jeep,Wrangler,2023,30478,2,Moderate,1,Urban,18,2,15057,6838,25707
Honda,Accord,2021,18778,3,Severe,4,Urban,11,3,24576,39425,132132
BMW,3 Series,2015,8970,4,Severe,1,Highway,1,2,23073,97799,212104
Nissan,Altima,2015,7159,4,Total Loss,1,Rural,16,2,6801,74910,84166
Nissan,Altima,2021,16099,4,Total Loss,4,Rural,8,0,15294,76626,197229
Honda,Civic,2022,14896,1,Minor,3,Urban,9,0,2691,3480,12357
Toyota,Camry,2021,13622,1,Minor,3,Residential,11,0,2589,1674,7005
Mazda,CX-5,2020,17771,1,Minor,1,Residential,11,0,3010,2504,4841
Honda,Civic,2021,14735,1,Minor,4,Residential,18,0,2678,3585,12073
Chevrolet,Silverado,2019,25610,3,Severe,1,Highway,2,2,33439,31466,118521
Ford,F-150,2024,32933,1,Minor,3,Rural,15,0,5451,2725,12495
Nissan,Altima,2016,8255,2,Minor,4,Urban,9,8,2160,8860,25792
Honda,Accord,2016,7923,1,Minor,2,Residential,15,0,2173,1604,4453
BMW,3 Series,2018,17559,2,Moderate,2,Urban,23,1,12901,12631,43478
Mazda,CX-5,2016,9605,3,Moderate,4,Residential,4,7,7449,34570,104170
Ford,F-150,2024,54856,2,Severe,3,Rural,21,4,54496,4448,83406
Honda,Civic,2016,5358,1,Minor,1,Rural,0,0,1928,1864,4308
Toyota,Camry,2024,23385,4,Total Loss,1,Urban,1,2,22215,141873,202048
Mazda,CX-5,2017,7912,3,Severe,4,Residential,15,1,19035,36593,100720
Toyota,Camry,2018,12765,4,Severe,4,Residential,23,3,21127,121642,268934
Toyota,Corolla,2017,8908,4,Total Loss,4,Rural,18,6,8462,87355,188587
Subaru,Outback,2017,9011,4,Severe,1,Residential,9,0,19865,110201,122386
Toyota,Corolla,2022,20078,3,Severe,3,Residential,0,4,24035,40769,135576
Subaru,Outback,2017,9318,3,Moderate,4,Urban,3,4,7515,16973,75627
Ford,F-150,2023,40023,2,Severe,2,Residential,9,0,43816,7131,58666
Chevrolet,Silverado,2021,20815,2,Moderate,3,Residential,8,0,12493,4703,22115
Tesla,Model 3,2018,16996,1,Minor,2,Residential,13,0,4559,1347,6621
BMW,3 Series,2016,12809,4,Total Loss,2,Urban,6,3,12168,126338,231686
Tesla,Model Y,2023,51659,3,Severe,2,Urban,17,4,70791,35123,149159
Mercedes-Benz,C-Class,2020,24454,3,Severe,1,Urban,3,1,38475,19545,90914
Mercedes-Benz,C-Class,2020,24615,1,Minor,3,Rural,1,0,5438,1324,13735
Subaru,Outback,2021,21192,1,Minor,1,Residential,9,0,3407,2269,5494
Hyundai,Elantra,2022,19258,3,Severe,2,Highway,8,3,23666,15184,64900
Tesla,Model 3,2023,45317,2,Severe,3,Urban,9,3,63942,11744,152936
Honda,Accord,2017,11901,2,Severe,2,Rural,7,0,21069,7973,35862
Nissan,Altima,2020,15793,1,Minor,4,Residential,15,0,2763,3596,11891
Toyota,Corolla,2016,6274,2,Minor,3,Urban,12,0,1970,10955,20995
Mercedes-Benz,C-Class,2023,40055,2,Severe,3,Residential,11,4,53452,6503,83020
Tesla,Model 3,2023,46529,4,Severe,3,Rural,20,6,65251,96926,297043
Honda,Accord,2019,10547,3,Moderate,4,Rural,2,3,7689,22583,67017
Tesla,Model 3,2018,17189,4,Total Loss,2,Rural,18,1,16329,119808,185076
Ford,F-150,2022,35338,2,Severe,3,Residential,16,1,40443,12696,70476
Mazda,CX-5,2020,16237,3,Severe,2,Highway,7,4,23280,41081,107397
Subaru,Outback,2021,20058,1,Minor,2,Rural,20,0,3305,2008,7905
Tesla,Model 3,2024,41701,1,Minor,2,Rural,8,0,9006,1681,13475
Subaru,Outback,2020,18162,4,Severe,1,Highway,2,2,24807,50185,131288
Jeep,Wrangler,2023,38131,4,Total Loss,4,Residential,2,3,36224,96360,321467
Chevrolet,Silverado,2020,23262,1,Minor,2,Highway,1,0,4291,2218,12459
Jeep,Wrangler,2020,14949,2,Severe,1,Highway,15,2,24866,13267,51233
BMW,3 Series,2019,19839,3,Severe,1,Urban,16,0,32855,33675,82942
Ford,F-150,2021,18783,4,Total Loss,4,Highway,16,8,17843,104902,273741
Honda,Civic,2024,21334,1,Moderate,3,Urban,4,0,10120,1578,28886
Honda,Accord,2024,27752,3,Moderate,2,Residential,7,4,12076,22310,41086
Ford,F-150,2017,17923,2,Moderate,4,Urban,12,2,11452,5970,40849
Chevrolet,Silverado,2023,39207,2,Moderate,2,Residential,19,3,19114,11000,33168
Chevrolet,Silverado,2018,21694,4,Severe,2,Urban,16,3,30619,74522,176329
Mercedes-Benz,C-Class,2023,43191,3,Moderate,2,Urban,3,3,25731,31733,111630
Mazda,CX-5,2016,7927,2,Moderate,1,Urban,23,2,7021,13875,25740
BMW,3 Series,2021,29279,4,Severe,1,Residential,5,2,41351,64194,117130
Hyundai,Elantra,2023,18521,3,Moderate,3,Rural,19,2,9167,24538,57284
Honda,Accord,2017,11600,3,Severe,3,Residential,19,4,20916,12829,58744
Toyota,Corolla,2020,14525,3,Severe,3,Residential,21,2,21536,43029,105939
Honda,Civic,2021,14897,4,Total Loss,2,Residential,18,2,14152,97473,147083
Tesla,Model Y,2020,29541,4,Total Loss,3,Urban,22,3,28063,70468,245188
Toyota,Corolla,2023,21901,3,Total Loss,1,Residential,14,2,20805,16680,31733
Chevrolet,Silverado,2024,67930,2,Moderate,1,Urban,20,1,29454,9395,45898
Subaru,Outback,2023,22840,1,Minor,4,Rural,17,0,3555,2741,11083
Mazda,CX-5,2022,19930,2,Severe,4,Rural,18,1,25164,7748,61896
Toyota,Camry,2015,7630,1,Minor,3,Urban,22,0,2110,1391,6505
Toyota,Camry,2020,17327,2,Severe,4,Highway,23,4,23316,13165,120312
Tesla,Model Y,2020,26442,1,Moderate,1,Highway,15,0,19278,1188,31135
Hyundai,Elantra,2024,23861,2,Minor,2,Highway,7,4,3289,7211,17708
Honda,Civic,2023,22067,2,Minor,4,Rural,11,0,3265,5236,16038
Tesla,Model 3,2018,16970,4,Total Loss,4,Urban,0,1,16121,138199,380241
Chevrolet,Silverado,2022,29256,1,Minor,3,Highway,0,0,5010,2482,18791
Chevrolet,Silverado,2022,27954,3,Severe,3,Urban,11,2,35126,38772,142683
Mazda,CX-5,2017,8177,1,Minor,4,Highway,7,0,2195,1230,7353
Honda,Civic,2022,16767,1,Minor,4,Rural,5,0,2841,1753,9014
Toyota,Camry,2016,8467,4,Total Loss,2,Urban,3,3,8043,74074,165593
Subaru,Outback,2018,10786,4,Severe,2,Residential,13,1,20824,101955,133171
Toyota,Corolla,2020,13454,4,Total Loss,4,Residential,23,7,12781,126214,292237
Ford,F-150,2015,11746,3,Moderate,4,Highway,19,5,9228,22965,103372
Toyota,Camry,2019,14865,1,Minor,2,Residential,8,0,2689,3052,6322
BMW,3 Series,2018,15584,3,Severe,3,Urban,14,3,29025,42062,142320
Hyundai,Elantra,2019,9767,1,Moderate,3,Residential,11,0,7197,1552,12992
Honda,Accord,2021,23320,4,Total Loss,4,Residential,9,5,22154,92723,228798
Chevrolet,Silverado,2019,24688,3,Moderate,4,Highway,16,4,13887,16851,73499
Subaru,Outback,2017,9801,2,Moderate,4,Highway,0,4,7646,7610,44920
Tesla,Model Y,2024,51375,1,Minor,3,Residential,18,0,10747,2198,19443
Subaru,Outback,2024,36948,1,Minor,3,Rural,10,0,4825,1731,9690
Honda,Accord,2015,7090,4,Total Loss,1,Rural,9,2,6735,133362,151220
Chevrolet,Silverado,2018,23666,1,Minor,4,Highway,17,0,4339,3586,18920
Honda,Civic,2020,13794,4,Total Loss,4,Residential,2,6,13104,66053,148923
Mercedes-Benz,C-Class,2020,21830,3,Moderate,1,Residential,22,1,15478,37117,56256
Chevrolet,Silverado,2024,66354,2,Moderate,1,Rural,23,0,28887,11334,41971
Tesla,Model Y,2024,46261,3,Total Loss,1,Rural,2,2,43947,14021,67425
Nissan,Altima,2019,13621,3,Severe,3,Urban,5,1,21538,29533,121180
Subaru,Outback,2021,18935,4,Severe,1,Highway,0,2,25224,125749,272254
Nissan,Altima,2021,17587,3,Severe,1,Highway,13,2,23441,32099,90432
Mercedes-Benz,C-Class,2016,15442,4,Severe,3,Highway,7,3,29824,135041,363105
Mazda,CX-5,2015,8155,1,Minor,3,Highway,19,0,2193,1689,8768
BMW,3 Series,2023,32234,4,Total Loss,4,Urban,17,6,30622,88312,276058
Ford,F-150,2016,9599,3,Severe,3,Highway,14,4,21911,38150,126960
Toyota,Corolla,2017,7229,1,Minor,3,Residential,9,0,2042,2972,7630
Jeep,Wrangler,2015,9700,1,Minor,4,Residential,4,0,2567,1332,7334
Tesla,Model Y,2021,28001,3,Moderate,3,Residential,15,3,20120,35404,90945
Tesla,Model Y,2020,27719,3,Total Loss,1,Highway,15,0,26333,30394,71970
Tesla,Model 3,2020,22450,4,Severe,1,Highway,5,0,39246,60113,168362
Toyota,Corolla,2016,6134,3,Severe,2,Rural,20,1,17760,14289,37840
Mercedes-Benz,C-Class,2016,14525,2,Minor,4,Residential,9,5,3824,9010,24165
Toyota,Camry,2020,11111,3,Severe,1,Residential,12,2,20333,33468,47627
Ford,F-150,2024,41666,3,Severe,4,Highway,23,0,44999,25896,239107
Chevrolet,Silverado,2022,24294,2,Severe,2,Urban,23,3,32491,7825,68057
Hyundai,Elantra,2024,22457,4,Severe,1,Urban,4,1,25105,64741,136733
Ford,F-150,2015,13534,3,Severe,3,Highway,9,0,24744,32296,119428
BMW,3 Series,2023,44384,1,Minor,2,Urban,11,0,8157,3013,15964
Tesla,Model Y,2020,28722,3,Severe,1,Urban,17,1,46019,17770,78497
Mercedes-Benz,C-Class,2021,35192,1,Minor,1,Highway,8,0,7130,1937,13282
Honda,Accord,2023,20987,2,Minor,3,Urban,20,3,3283,12568,28943
Toyota,Camry,2024,27207,1,Moderate,1,Urban,4,0,11529,1858,18948
Toyota,Camry,2024,32026,2,Moderate,4,Rural,1,4,12686,8227,53391
Ford,F-150,2021,39300,3,Severe,1,Residential,18,2,43296,25457,61396
Toyota,Corolla,2018,9812,4,Total Loss,1,Residential,2,2,9321,48946,70982
Tesla,Model 3,2020,23511,1,Moderate,1,Rural,23,0,17695,1992,23423
Toyota,Corolla,2021,14987,2,Minor,3,Urban,11,4,2624,5975,13220
Honda,Civic,2024,23085,1,Minor,4,Residential,4,0,3346,1769,11574
Mercedes-Benz,C-Class,2015,13653,3,Severe,4,Highway,2,5,28106,20755,158590
Mazda,CX-5,2018,11934,2,Moderate,1,Urban,9,2,8043,11876,23462
Ford,F-150,2022,36965,4,Total Loss,2,Residential,21,3,35116,48444,90913
Honda,Civic,2023,20519,2,Minor,4,Highway,6,0,3141,12128,36693
Nissan,Altima,2021,15147,2,Severe,2,Residential,12,3,22270,10046,36149
Toyota,Corolla,2019,11751,1,Minor,4,Residential,16,0,2381,1155,6140
Nissan,Altima,2015,7192,4,Total Loss,4,Rural,3,5,6832,60625,180538
Toyota,Corolla,2019,10129,1,Minor,4,Urban,6,0,2259,1332,7896
Nissan,Altima,2020,13073,4,Total Loss,1,Urban,2,2,12419,118292,177737
Honda,Accord,2015,5943,3,Moderate,4,Residential,3,3,6515,14397,46798
Honda,Accord,2016,6246,4,Total Loss,3,Highway,14,5,5933,74788,168051
Toyota,Corolla,2015,4690,4,Total Loss,1,Urban,16,2,4455,119472,120920
Jeep,Wrangler,2019,16344,4,Severe,3,Highway,6,3,25787,127665,301786
Honda,Civic,2015,4866,3,Total Loss,1,Residential,18,1,4622,14516,19039
Tesla,Model Y,2024,49417,2,Minor,3,Residential,17,0,10395,12207,33683
Nissan,Altima,2017,9290,2,Moderate,4,Residential,19,8,7229,9525,27614
Toyota,Corolla,2016,6020,4,Total Loss,2,Rural,19,1,5719,46511,75478
Tesla,Model Y,2022,33176,3,Severe,2,Rural,0,3,50830,30800,128285
Hyundai,Elantra,2019,8007,2,Moderate,4,Residential,7,1,6801,6156,21040
Toyota,Camry,2022,15956,3,Severe,3,Residential,14,1,22658,23775,76855
Honda,Civic,2020,15824,4,Total Loss,4,Residential,11,8,15032,58558,125489
Honda,Civic,2018,9051,4,Severe,1,Residential,7,1,19344,48798,73375
Ford,F-150,2018,23403,1,Minor,3,Residential,20,0,4308,1332,9314
Honda,Accord,2016,8012,2,Severe,3,Urban,20,4,19086,9438,57497
Toyota,Corolla,2016,6368,4,Total Loss,2,Residential,8,3,6049,124765,142582
Tesla,Model Y,2022,43644,4,Total Loss,1,Rural,0,0,41461,130576,232544
Tesla,Model Y,2022,45043,4,Total Loss,3,Highway,22,1,42790,41767,239255
Mazda,CX-5,2021,15482,4,Total Loss,2,Highway,20,1,14707,143357,240243
BMW,3 Series,2016,12903,2,Moderate,4,Rural,12,6,10806,9905,42478
Hyundai,Elantra,2023,21249,4,Severe,4,Rural,17,0,24562,96856,222575
Subaru,Outback,2017,8464,4,Total Loss,1,Rural,23,1,8040,130819,182915
Honda,Civic,2016,5486,1,Moderate,1,Residential,17,0,6316,2121,8909
Ford,F-150,2020,33164,1,Minor,4,Urban,5,0,5479,3305,19222
Chevrolet,Silverado,2024,65784,4,Total Loss,1,Rural,13,1,62494,118402,169971
Mazda,CX-5,2018,10984,2,Minor,1,Rural,1,1,2433,5053,9594
Ford,F-150,2018,18234,2,Moderate,3,Urban,19,4,11564,10080,39862
Toyota,Corolla,2015,4755,3,Severe,2,Highway,17,1,17139,23885,78211
Tesla,Model Y,2024,59883,3,Severe,4,Urban,18,5,79673,41300,253654
Jeep,Wrangler,2022,29628,2,Severe,4,Urban,6,1,34554,9641,106945
Toyota,Camry,2015,5754,4,Total Loss,3,Rural,10,3,5466,57611,103716
Nissan,Altima,2016,6219,4,Total Loss,1,Residential,19,0,5908,105965,101769
Nissan,Altima,2022,22203,4,Total Loss,1,Highway,7,2,21092,95294,167711
BMW,3 Series,2016,11460,1,Moderate,4,Residential,10,0,10157,2241,21163
Chevrolet,Silverado,2021,20587,2,Moderate,4,Residential,6,8,12411,14020,50388
Toyota,Corolla,2015,4781,3,Moderate,3,Residential,14,4,6075,12875,31529
Toyota,Camry,2023,17030,3,Severe,3,Residential,15,2,23174,37857,96625
Nissan,Altima,2023,24528,2,Moderate,4,Rural,18,5,10886,13390,47897
Tesla,Model Y,2020,29102,4,Severe,4,Highway,2,8,46430,53451,352253
Ford,F-150,2023,41366,2,Severe,4,Rural,20,5,44783,12689,107572
BMW,3 Series,2019,21119,3,Moderate,2,Rural,16,4,14503,32146,67629
Chevrolet,Silverado,2020,24719,4,Total Loss,4,Residential,7,1,23483,69026,170705
Mercedes-Benz,C-Class,2024,58053,4,Total Loss,1,Highway,23,2,55150,100381,229318
Toyota,Corolla,2015,5834,2,Severe,4,Residential,12,7,17625,7990,45311
BMW,3 Series,2024,49246,3,Severe,3,Residential,17,1,59321,15430,124589
Mercedes-Benz,C-Class,2016,11375,3,Total Loss,2,Highway,12,3,10806,21278,66806
Hyundai,Elantra,2022,18235,3,Severe,4,Highway,14,3,23205,21629,106535
Hyundai,Elantra,2024,18194,3,Severe,1,Urban,23,2,23187,41549,93584
Tesla,Model Y,2022,37041,4,Total Loss,2,Urban,17,2,35188,88231,199160
Nissan,Altima,2020,15625,2,Minor,1,Residential,21,2,2750,12136,14188
Ford,F-150,2016,17708,3,Severe,2,Rural,19,1,27749,22036,73759
Hyundai,Elantra,2020,11326,1,Moderate,2,Rural,21,0,7548,1561,11102
Jeep,Wrangler,2016,11265,2,Moderate,1,Rural,21,0,8717,11030,21705
Tesla,Model Y,2021,37501,2,Severe,3,Residential,5,4,55501,12344,108793
Tesla,Model 3,2022,35820,3,Moderate,1,Rural,21,0,24342,18492,41721
Ford,F-150,2016,14068,1,Minor,1,Highway,23,0,3188,3124,10149
Mercedes-Benz,C-Class,2022,39621,3,Severe,3,Residential,8,5,53036,15432,111973
Chevrolet,Silverado,2018,13147,1,Minor,4,Urban,11,0,3077,2115,11753
Tesla,Model Y,2022,44721,4,Total Loss,3,Highway,10,2,42484,124758,402968
Jeep,Wrangler,2015,8423,2,Minor,1,Urban,12,0,2426,13083,16336
Nissan,Altima,2017,8598,1,Minor,3,Urban,19,0,2187,2878,9729
Jeep,Wrangler,2017,12609,1,Minor,3,Rural,1,0,2886,3483,13741
Toyota,Corolla,2015,5519,2,Moderate,4,Urban,18,5,6241,10256,33568
Mazda,CX-5,2016,7427,1,Moderate,2,Residential,19,0,6893,3265,12671
Toyota,Corolla,2023,18761,3,Severe,2,Residential,13,4,23442,33606,66382
Hyundai,Elantra,2018,6835,3,Severe,1,Residential,19,1,18075,33821,42579
Subaru,Outback,2024,29099,1,Minor,3,Rural,4,0,4118,2012,12829
Honda,Civic,2019,10037,4,Severe,3,Highway,0,0,19817,141477,431251
Chevrolet,Silverado,2023,57628,2,Moderate,1,Rural,3,0,25746,6798,37405
Nissan,Altima,2019,13281,2,Severe,4,Residential,5,2,21374,5180,55806
Hyundai,Elantra,2024,23026,1,Minor,2,Urban,20,0,3226,2872,8384
Chevrolet,Silverado,2018,16917,2,Moderate,2,Urban,7,3,11090,12086,31812
Honda,Accord,2016,7898,4,Severe,3,Rural,14,2,19027,114362,234071
Mercedes-Benz,C-Class,2019,21307,3,Severe,4,Residential,2,3,35454,31178,158285
Mazda,CX-5,2020,12819,3,Moderate,3,Rural,22,6,8268,28794,81122
Honda,Accord,2018,9053,3,Severe,1,Highway,13,2,19617,12932,45556
Honda,Accord,2024,25281,4,Total Loss,3,Residential,12,2,24016,95042,165903
Ford,F-150,2016,8930,3,Severe,2,Residential,18,2,21429,30538,55216
Toyota,Camry,2016,8197,4,Severe,1,Residential,10,0,18934,88127,113908
Hyundai,Elantra,2024,24840,1,Minor,4,Highway,22,0,3363,1237,14990
Subaru,Outback,2024,26176,4,Severe,3,Rural,0,4,29135,51732,179121
Toyota,Camry,2017,8436,2,Moderate,1,Urban,19,2,7024,12937,22780
BMW,3 Series,2015,9908,1,Minor,3,Residential,8,0,2986,2401,8575
Chevrolet,Silverado,2019,28729,3,Severe,4,Residential,2,0,35684,39789,154357
Nissan,Altima,2020,14327,3,Severe,2,Highway,2,0,21876,14958,72771
Mazda,CX-5,2021,17084,2,Minor,1,Residential,19,0,2952,5212,6842
Toyota,Corolla,2022,14577,3,Severe,3,Urban,12,1,21559,25677,79501
Toyota,Camry,2018,12367,1,Moderate,2,Rural,1,0,7968,2811,17165
Tesla,Model Y,2022,42990,3,Total Loss,1,Rural,21,2,40840,42292,77539
Subaru,Outback,2019,11397,3,Severe,4,Rural,2,4,21154,39317,165159
Ford,F-150,2018,11586,3,Severe,4,Residential,15,2,23341,44443,131156
Hyundai,Elantra,2018,8427,3,Severe,1,Urban,22,2,18792,23007,61405
Honda,Civic,2024,31809,1,Moderate,4,Rural,23,0,12634,1237,34483
Tesla,Model Y,2021,29099,4,Severe,1,Urban,5,1,46426,103227,222580
Tesla,Model 3,2022,34677,1,Minor,3,Rural,16,0,7741,2190,15671
Ford,F-150,2019,15324,1,Moderate,1,Residential,5,0,10516,3138,15754
Subaru,Outback,2022,18911,1,Minor,4,Urban,12,0,3201,1944,9562
Honda,Civic,2021,19382,4,Total Loss,3,Residential,14,2,18412,57311,106679
Toyota,Camry,2023,17101,1,Minor,3,Residential,1,0,2868,1648,6643
BMW,3 Series,2021,30288,2,Minor,1,Urban,15,1,6043,6778,12151
Honda,Civic,2018,11765,2,Minor,4,Urban,20,1,2441,10956,31417
Jeep,Wrangler,2022,26024,4,Total Loss,2,Rural,14,1,24722,126747,193099
Jeep,Wrangler,2017,13054,1,Minor,2,Residential,19,0,2935,1826,5581
Toyota,Corolla,2019,10752,4,Total Loss,4,Urban,13,3,10214,138635,292862
Chevrolet,Silverado,2017,14291,3,Severe,4,Highway,15,3,25289,35111,171196
Mazda,CX-5,2016,9002,1,Minor,4,Residential,21,0,2265,2835,9745
Chevrolet,Silverado,2023,35445,2,Minor,3,Urban,0,1,5753,13950,43795
Jeep,Wrangler,2022,29258,1,Minor,1,Rural,4,0,4718,2319,7826
Tesla,Model 3,2022,34026,2,Moderate,1,Residential,12,1,23374,8378,31043
Toyota,Corolla,2018,7320,4,Total Loss,2,Highway,13,4,6954,102001,192976
Honda,Accord,2021,14260,1,Minor,4,Highway,20,0,2712,2619,14402
Nissan,Altima,2019,11940,2,Minor,4,Highway,5,6,2455,11157,38453
Tesla,Model 3,2020,27395,4,Total Loss,2,Rural,0,1,26025,122108,208570
Hyundai,Elantra,2018,8201,2,Moderate,1,Rural,2,0,6845,6074,14613
Chevrolet,Silverado,2019,25727,3,Severe,4,Residential,14,1,33523,37248,119308
Subaru,Outback,2018,11256,4,Total Loss,1,Residential,21,1,10693,101971,101952
Tesla,Model 3,2020,26475,3,Total Loss,4,Rural,0,5,25151,18306,115785
Toyota,Camry,2015,5899,2,Moderate,3,Urban,10,0,6415,12830,35868
Nissan,Altima,2015,5129,4,Total Loss,1,Urban,22,0,4872,72667,122929
Honda,Civic,2018,11726,3,Total Loss,4,Urban,1,2,11139,16691,83299
BMW,3 Series,2023,36550,1,Minor,4,Residential,4,0,6982,1331,15228
Honda,Accord,2023,28302,3,Moderate,4,Urban,14,5,12217,21678,73404
Ford,F-150,2021,37903,3,Severe,3,Residential,21,2,42290,42437,140848
BMW,3 Series,2022,39652,1,Minor,3,Residential,21,0,7447,1840,12617
Chevrolet,Silverado,2024,39541,1,Minor,4,Residential,17,0,6244,2899,16898
Honda,Accord,2016,8873,2,Minor,4,Rural,22,7,2254,11695,32481
Mazda,CX-5,2021,18439,3,Moderate,3,Urban,8,5,9701,29176,83251
BMW,3 Series,2023,32590,2,Moderate,1,Rural,23,0,19665,10622,39339
Honda,Accord,2016,9678,4,Total Loss,2,Highway,9,4,9194,125273,221864
Mazda,CX-5,2020,18224,1,Moderate,2,Rural,8,0,9647,2508,18297
Honda,Civic,2022,17050,2,Moderate,4,Residential,23,6,9092,9768,39528
Tesla,Model Y,2021,31898,4,Total Loss,4,Rural,1,1,30303,46367,177939
Ford,F-150,2015,12085,2,Minor,4,Highway,7,6,2950,11710,35430
Chevrolet,Silverado,2021,34325,1,Minor,4,Highway,5,0,5619,1477,23165
Nissan,Altima,2023,21999,4,Severe,1,Rural,2,0,25559,70025,110313
Honda,Accord,2019,12987,3,Severe,2,Residential,15,4,21623,15044,47932
Hyundai,Elantra,2019,12357,1,Minor,4,Highway,14,0,2426,1515,9120
Nissan,Altima,2021,14310,3,Severe,3,Rural,2,6,21868,36545,122454
Tesla,Model 3,2024,44498,3,Moderate,4,Urban,21,5,29028,16653,91405
Hyundai,Elantra,2023,16082,3,Severe,4,Highway,18,2,22236,35385,129563
Honda,Civic,2023,19413,4,Total Loss,4,Urban,3,3,18442,81143,266168
BMW,3 Series,2021,28208,2,Minor,4,Urban,16,5,5731,5180,23407
Honda,Accord,2020,17481,3,Total Loss,1,Highway,19,0,16606,14775,41484
BMW,3 Series,2019,24332,4,Total Loss,1,Urban,18,0,23115,124633,185840
Hyundai,Elantra,2022,14694,4,Total Loss,2,Residential,21,1,13959,103278,138682
Tesla,Model 3,2022,32096,3,Total Loss,2,Highway,17,0,30491,26007,87442
Nissan,Altima,2023,21889,3,Total Loss,4,Residential,2,4,20794,17031,81110
Toyota,Corolla,2018,8265,4,Severe,3,Urban,17,1,18719,43729,124749
Subaru,Outback,2017,9385,4,Total Loss,3,Rural,16,4,8915,136390,272404
Toyota,Camry,2024,24294,4,Total Loss,4,Highway,10,8,23079,51564,166432
Toyota,Camry,2023,18543,2,Moderate,3,Highway,11,3,9450,8964,44033
Ford,F-150,2015,13761,3,Severe,1,Highway,8,2,24907,43582,83568
Honda,Civic,2023,18004,1,Minor,2,Urban,12,0,2940,3253,8737
Tesla,Model 3,2019,23607,2,Moderate,2,Rural,15,0,17747,6029,31480
Honda,Accord,2018,13416,1,Minor,4,Urban,6,0,2640,1449,7387
Toyota,Corolla,2022,19307,2,Severe,4,Urban,21,7,23688,4546,53750
Toyota,Corolla,2018,8497,3,Severe,2,Residential,12,1,18823,30413,68566
Toyota,Corolla,2021,15303,2,Moderate,2,Urban,7,2,8443,9763,28653
Chevrolet,Silverado,2021,29770,1,Minor,4,Urban,14,0,5072,3106,17347
Mercedes-Benz,C-Class,2019,19186,3,Severe,4,Highway,0,6,33418,34591,195366
Toyota,Corolla,2020,12016,3,Severe,4,Residential,6,0,20407,40747,115730
Honda,Civic,2016,5710,4,Severe,2,Urban,20,2,17740,91326,164410
Honda,Accord,2018,10267,3,Moderate,4,Rural,12,2,7618,28061,67026
Nissan,Altima,2020,14522,2,Minor,2,Highway,4,1,2661,10737,24615
Chevrolet,Silverado,2016,14708,3,Moderate,3,Urban,4,1,10294,25067,79586
Toyota,Corolla,2022,15759,2,Minor,2,Rural,19,4,2681,13677,20065
Jeep,Wrangler,2017,14201,4,Total Loss,2,Residential,10,4,13490,130368,185137
Mercedes-Benz,C-Class,2018,15372,1,Minor,3,Urban,22,0,3959,3203,17074
Mazda,CX-5,2018,9213,3,Total Loss,2,Highway,3,1,8752,20195,57962
Jeep,Wrangler,2021,23053,4,Total Loss,3,Residential,15,5,21900,53729,111810
Honda,Accord,2021,21280,3,Total Loss,3,Highway,14,0,20216,14200,88932
Ford,F-150,2018,14670,1,Moderate,2,Residential,20,0,10281,3170,14152
Tesla,Model Y,2021,37475,3,Moderate,1,Residential,13,1,25236,43909,57476
Nissan,Altima,2016,6390,3,Total Loss,2,Urban,5,3,6070,32174,61398
Nissan,Altima,2020,16253,3,Moderate,2,Residential,19,3,8900,34202,47896
Tesla,Model 3,2021,30005,1,Minor,4,Highway,23,0,6900,2500,25461
Honda,Accord,2021,17404,4,Total Loss,1,Rural,9,1,16533,142755,165206
Toyota,Corolla,2015,5351,3,Severe,3,Rural,15,2,17407,38519,89329
Toyota,Camry,2016,6784,3,Total Loss,1,Highway,9,0,6444,25336,48306
Toyota,Corolla,2017,8623,1,Minor,4,Urban,10,0,2146,1490,7056
Jeep,Wrangler,2017,12044,3,Severe,3,Highway,22,2,22949,27264,143875
Tesla,Model Y,2021,30813,3,Total Loss,1,Rural,8,0,29272,23888,63978
Honda,Civic,2019,12898,4,Total Loss,3,Highway,13,1,12253,96530,204072
Chevrolet,Silverado,2018,24148,1,Minor,1,Residential,7,0,4397,1740,6030
BMW,3 Series,2023,37619,4,Total Loss,4,Rural,5,4,35738,110029,308617
BMW,3 Series,2015,10998,1,Moderate,1,Rural,9,0,9949,3031,13214
Honda,Accord,2022,25862,4,Severe,2,Rural,13,0,28189,106938,195491
Tesla,Model Y,2022,40763,3,Severe,2,Highway,3,0,59024,42067,184381
Toyota,Corolla,2019,12044,3,Moderate,1,Urban,5,2,7709,42568,81142
Tesla,Model Y,2024,45432,3,Severe,4,Highway,16,4,64066,23017,229198
Subaru,Outback,2024,35545,3,Total Loss,1,Urban,8,1,33767,12506,48810
Nissan,Altima,2015,4914,2,Moderate,4,Residential,6,2,6179,9265,23542
Hyundai,Elantra,2020,12706,2,Moderate,4,Residential,9,7,7858,12584,40078
Honda,Accord,2023,26776,4,Total Loss,2,Rural,15,0,25437,131969,205349
Toyota,Camry,2020,11003,4,Severe,1,Rural,12,2,20281,103285,137248
Honda,Civic,2019,12544,3,Total Loss,4,Residential,4,3,11916,40114,127566
Hyundai,Elantra,2017,6115,3,Severe,1,Urban,5,2,17751,26084,70443
Tesla,Model 3,2024,47318,1,Minor,4,Rural,7,0,10017,3416,28993
Toyota,Corolla,2016,4917,2,Severe,4,Urban,12,3,17212,13927,69966
Subaru,Outback,2017,11673,4,Severe,3,Urban,2,4,21303,85112,256241
Mazda,CX-5,2020,16531,4,Total Loss,1,Rural,17,0,15704,134466,169939
Tesla,Model Y,2020,23923,2,Minor,2,Rural,6,1,5806,9934,17444
Tesla,Model 3,2020,24733,1,Minor,4,Rural,8,0,5951,1923,16250
Toyota,Camry,2020,17614,2,Severe,1,Urban,3,2,23454,12438,51331
BMW,3 Series,2017,15656,3,Total Loss,3,Rural,20,1,14873,42454,104712
Tesla,Model Y,2020,29152,4,Total Loss,1,Highway,12,0,27694,98848,178565
BMW,3 Series,2017,16817,4,Total Loss,4,Highway,18,0,15976,71265,205882
Tesla,Model 3,2023,40345,3,Moderate,2,Highway,3,2,26786,36851,150868
Jeep,Wrangler,2024,36919,1,Minor,3,Residential,8,0,5561,1941,11949
BMW,3 Series,2016,11348,1,Minor,1,Urban,14,0,3202,1088,4488
Tesla,Model 3,2022,30639,3,Total Loss,1,Residential,22,2,29107,16265,54020
Nissan,Altima,2015,6920,4,Total Loss,4,Residential,22,2,6574,52012,134055
Toyota,Corolla,2023,18263,4,Severe,2,Rural,1,4,23218,80328,165808
Honda,Civic,2020,15982,2,Minor,4,Residential,9,8,2778,5868,14960
Nissan,Altima,2018,9570,3,Total Loss,1,Highway,8,2,9091,20213,36057
Mercedes-Benz,C-Class,2019,19489,3,Severe,2,Urban,19,2,33709,37752,121674
Jeep,Wrangler,2022,25978,4,Severe,4,Rural,16,4,32145,105112,282043
Toyota,Camry,2015,4702,4,Total Loss,4,Residential,3,1,4466,132130,308222
BMW,3 Series,2022,35636,2,Moderate,4,Highway,13,4,21036,6662,66929
Tesla,Model 3,2018,17777,3,Total Loss,1,Highway,17,0,16888,21526,46683
Honda,Accord,2015,7673,1,Minor,2,Urban,0,0,2152,1299,6317
Ford,F-150,2017,17256,3,Severe,1,Highway,3,0,27424,24176,90639
Tesla,Model Y,2022,37426,3,Moderate,3,Rural,12,0,25210,36293,93805
Nissan,Altima,2021,13653,2,Moderate,3,Rural,3,2,8276,12624,41994
Nissan,Altima,2016,8686,2,Moderate,2,Urban,14,3,7084,10824,27794
Toyota,Corolla,2022,16155,1,Minor,4,Rural,18,0,2711,2337,10774
Nissan,Altima,2024,30840,3,Total Loss,1,Residential,17,2,29298,35170,67072
Mazda,CX-5,2022,22524,2,Moderate,2,Highway,3,0,10743,4654,27004
Chevrolet,Silverado,2021,22431,2,Moderate,4,Highway,19,8,13075,11891,56747
Tesla,Model 3,2021,25589,3,Total Loss,2,Rural,3,3,24309,16163,71674
Chevrolet,Silverado,2020,34212,4,Total Loss,4,Rural,19,4,32501,58273,182812
BMW,3 Series,2020,18549,4,Total Loss,2,Urban,9,4,17621,140703,259588
Nissan,Altima,2021,16826,4,Total Loss,1,Urban,14,2,15984,57247,84336
Mercedes-Benz,C-Class,2021,24574,4,Severe,4,Rural,2,0,38591,119560,395636
Jeep,Wrangler,2015,7843,3,Severe,2,Residential,16,3,20176,38161,78604
Chevrolet,Silverado,2016,16712,1,Minor,2,Urban,19,0,3505,1470,7331
Honda,Accord,2015,5287,3,Severe,2,Rural,5,0,17696,33181,77918
Nissan,Altima,2023,17187,1,Minor,1,Residential,6,0,2874,1247,3459
Chevrolet,Silverado,2018,17776,2,Severe,2,Urban,7,1,27798,4246,45040
Toyota,Corolla,2016,6016,1,Minor,1,Highway,11,0,1951,2733,5928
Tesla,Model Y,2024,60189,2,Moderate,1,Rural,23,2,37502,9418,52549
Toyota,Camry,2021,14331,2,Moderate,2,Urban,17,2,8439,10818,27716
Tesla,Model Y,2022,46326,1,Minor,1,Highway,12,0,9838,2259,15843
Tesla,Model Y,2024,58032,1,Minor,4,Residential,4,0,11945,2223,27002
BMW,3 Series,2019,23143,1,Minor,3,Highway,23,0,4971,1064,15469
Jeep,Wrangler,2016,11787,2,Severe,2,Urban,14,2,22779,14359,45925
Honda,Civic,2019,8811,2,Severe,1,Residential,15,1,19229,14047,26321
Tesla,Model Y,2023,47977,1,Minor,4,Residential,10,0,10135,3177,21937
Chevrolet,Silverado,2021,37929,2,Moderate,1,Residential,22,1,18654,11017,33840
Chevrolet,Silverado,2017,14182,2,Moderate,2,Urban,20,3,10105,14033,30582
BMW,3 Series,2016,10716,3,Total Loss,3,Rural,9,0,10180,44578,106240
Toyota,Camry,2019,11160,2,Moderate,2,Residential,9,0,7678,6370,15093
Chevrolet,Silverado,2017,15917,1,Minor,2,Highway,1,0,3410,3008,12955
Jeep,Wrangler,2019,13591,4,Total Loss,4,Highway,9,8,12911,71953,240399
Honda,Civic,2023,20825,1,Minor,3,Highway,3,0,3166,3467,17126
Ford,F-150,2023,26543,1,Moderate,1,Rural,16,0,14555,3282,17118
Chevrolet,Silverado,2017,21087,3,Severe,3,Residential,18,0,30182,38099,106989
Tesla,Model 3,2024,51853,3,Severe,4,Highway,14,6,71001,42377,329029
Jeep,Wrangler,2019,13804,4,Severe,3,Urban,18,4,24110,65916,157447
Tesla,Model Y,2021,36684,4,Severe,2,Residential,23,1,54618,51492,141655
Honda,Civic,2024,26845,3,Severe,4,Residential,22,2,27885,20071,110982
Ford,F-150,2016,10391,4,Total Loss,3,Residential,18,6,9871,87133,158927
Toyota,Camry,2016,6630,3,Severe,2,Urban,4,0,18182,15419,59069
Mercedes-Benz,C-Class,2023,46507,4,Total Loss,1,Residential,0,0,44181,77634,143189
Tesla,Model Y,2023,41266,2,Minor,3,Rural,10,3,8927,11914,30599
Tesla,Model Y,2021,29592,4,Total Loss,3,Rural,15,2,28112,64999,172881
Honda,Civic,2019,11368,2,Moderate,3,Rural,13,1,7728,6075,20355
Hyundai,Elantra,2020,12661,1,Minor,3,Rural,16,0,2449,2145,7881
Mazda,CX-5,2022,17555,3,Total Loss,3,Residential,20,4,16677,30973,63347
Ford,F-150,2017,13591,2,Severe,4,Rural,14,6,24785,14344,70911
Toyota,Corolla,2016,5167,1,Moderate,4,Residential,9,0,6162,1555,12572
Honda,Civic,2023,16236,2,Minor,3,Rural,23,2,2798,6580,20692
Toyota,Camry,2016,8397,2,Minor,3,Urban,6,1,2171,12254,28384
Tesla,Model Y,2020,26064,4,Total Loss,3,Rural,5,6,24760,91181,229938
Honda,Civic,2018,11893,4,Total Loss,4,Highway,9,4,11298,83563,255101
Toyota,Corolla,2020,9569,4,Total Loss,1,Highway,4,1,9090,101975,181171
Nissan,Altima,2023,22477,1,Minor,1,Urban,18,0,3298,3326,6424
Nissan,Altima,2016,8626,3,Severe,3,Rural,19,1,19140,28065,79959
Mercedes-Benz,C-Class,2022,40423,3,Severe,1,Highway,19,0,53806,23378,91668
Mercedes-Benz,C-Class,2024,56342,1,Minor,1,Rural,20,0,10514,2887,13807
Toyota,Corolla,2015,4498,4,Severe,2,Highway,9,1,17024,51265,116412
Toyota,Camry,2023,27132,2,Moderate,2,Urban,14,1,11511,8954,33427
Mazda,CX-5,2015,7544,2,Minor,2,Rural,11,1,2141,5086,9243
Tesla,Model Y,2021,30714,3,Severe,2,Rural,20,4,48171,39292,113922
Honda,Civic,2017,9993,3,Moderate,2,Residential,3,4,7398,43930,75382
Mazda,CX-5,2018,11302,4,Severe,3,Rural,11,2,20764,77697,148189
Honda,Accord,2015,7392,3,Moderate,2,Rural,10,2,6884,40951,68750
Jeep,Wrangler,2020,19209,3,Moderate,3,Residential,6,2,11338,26243,64930
Nissan,Altima,2019,12610,1,Minor,3,Rural,8,0,2508,1861,7147
Tesla,Model 3,2021,31569,2,Moderate,3,Urban,4,0,22047,13810,70965
Mercedes-Benz,C-Class,2018,21830,2,Minor,2,Urban,15,1,4992,10480,20396
Chevrolet,Silverado,2017,17481,3,Moderate,1,Rural,5,0,11293,32299,48307
Tesla,Model Y,2022,35923,1,Minor,2,Highway,15,0,7966,1311,17536
Hyundai,Elantra,2024,21100,2,Moderate,4,Highway,5,5,9747,11811,71180
Toyota,Camry,2017,9382,1,Minor,4,Residential,2,0,2250,3008,9469
Mercedes-Benz,C-Class,2024,50388,4,Total Loss,2,Residential,7,4,47868,68714,148825
Honda,Civic,2018,9324,4,Total Loss,1,Rural,12,2,8857,85688,95635
Subaru,Outback,2017,11488,3,Severe,4,Urban,6,4,21203,22476,85993
Mercedes-Benz,C-Class,2024,41466,2,Moderate,3,Rural,4,5,24903,8288,61052
Tesla,Model Y,2020,32670,1,Minor,2,Rural,10,0,7380,2105,13775
Mercedes-Benz,C-Class,2021,36658,2,Minor,1,Rural,1,1,7365,13873,28592
Honda,Civic,2022,14754,1,Minor,4,Urban,7,0,2680,1548,8728
Ford,F-150,2021,39570,3,Severe,3,Residential,22,1,43490,25411,120497
Chevrolet,Silverado,2023,56600,1,Minor,2,Rural,3,0,8292,1550,16268
Subaru,Outback,2018,10302,3,Moderate,1,Urban,5,2,7781,35729,61125
BMW,3 Series,2017,15329,4,Total Loss,4,Residential,23,0,14562,126828,264905
Nissan,Altima,2016,8542,1,Moderate,3,Residential,19,0,7050,1938,13479
Subaru,Outback,2023,31173,1,Moderate,2,Urban,7,0,13416,1388,22021
BMW,3 Series,2020,27950,1,Moderate,4,Urban,13,0,17577,3106,47333
Subaru,Outback,2017,11055,4,Total Loss,4,Rural,20,0,10502,132669,299219
Jeep,Wrangler,2015,6783,4,Total Loss,3,Highway,22,6,6443,108449,335487
Hyundai,Elantra,2023,15316,2,Moderate,3,Residential,1,4,8446,11490,34320
Tesla,Model 3,2023,37090,4,Total Loss,3,Residential,18,5,35235,125830,203218
Tesla,Model 3,2023,35785,1,Minor,3,Urban,19,0,7941,2540,21104
Honda,Civic,2023,26279,1,Minor,2,Urban,8,0,3602,2734,9507
Toyota,Corolla,2016,6061,2,Minor,2,Urban,8,2,1954,10323,17225
Ford,F-150,2016,11869,3,Severe,4,Rural,12,8,23545,17081,86981
Ford,F-150,2018,16504,1,Minor,4,Rural,20,0,3480,3266,12955
Tesla,Model 3,2021,32575,1,Minor,3,Urban,7,0,7363,1042,13870
Mazda,CX-5,2021,21071,3,Severe,1,Residential,19,0,25746,43985,63572
Ford,F-150,2023,50774,3,Severe,2,Rural,20,0,51557,32792,112908
BMW,3 Series,2017,11987,4,Total Loss,1,Highway,13,2,11387,87452,130303
Toyota,Camry,2019,13365,4,Total Loss,1,Highway,3,1,12696,63303,123911
Hyundai,Elantra,2021,14992,4,Total Loss,4,Highway,5,5,14242,143983,448242
Honda,Civic,2020,15682,1,Minor,3,Urban,8,0,2754,2638,10760
Nissan,Altima,2019,13750,4,Total Loss,2,Rural,18,3,13062,55890,102470
Subaru,Outback,2024,37057,2,Severe,4,Rural,16,1,35010,7257,88462
Jeep,Wrangler,2018,13915,3,Severe,2,Residential,7,0,24183,27935,58783
Toyota,Corolla,2023,18256,2,Moderate,1,Rural,1,2,9107,11223,25027
Ford,F-150,2020,22450,2,Severe,2,Rural,12,3,31164,5602,52402
Ford,F-150,2017,10041,2,Moderate,1,Highway,8,1,8614,5636,18355
Toyota,Camry,2024,32300,1,Minor,2,Rural,13,0,4084,1794,8643
Honda,Civic,2018,9416,2,Moderate,3,Highway,3,5,7259,8206,42207
Subaru,Outback,2021,15788,1,Moderate,1,Residential,6,0,9262,1665,10955
Honda,Accord,2023,20280,4,Total Loss,2,Urban,22,4,19266,62814,156379
Subaru,Outback,2019,12886,3,Severe,1,Residential,3,2,21958,43889,74659
Toyota,Camry,2017,8552,3,Severe,1,Residential,21,2,19104,14786,29253
Mercedes-Benz,C-Class,2021,25483,2,Severe,3,Highway,4,1,39463,4839,123756
Hyundai,Elantra,2017,6036,1,Minor,3,Urban,3,0,1952,2851,9557
Tesla,Model Y,2022,38515,1,Minor,1,Residential,15,0,8432,3511,9585
Nissan,Altima,2019,13129,4,Total Loss,1,Urban,23,1,12472,85743,153180
Ford,F-150,2021,24747,3,Severe,3,Residential,14,4,32817,17967,78245
Mazda,CX-5,2018,13278,4,Total Loss,2,Urban,22,4,12614,120620,221799
Jeep,Wrangler,2017,9473,2,Minor,3,Residential,22,4,2542,4896,13349
Honda,Accord,2017,10392,4,Total Loss,3,Urban,17,0,9872,70011,153592
Tesla,Model Y,2021,36459,1,Minor,1,Rural,12,0,8062,1490,10803
Subaru,Outback,2017,10211,1,Minor,4,Highway,14,0,2418,2140,11353
Honda,Accord,2016,8971,1,Minor,3,Residential,2,0,2262,3117,9482
Honda,Accord,2022,25315,3,Severe,2,Rural,5,3,27910,39483,119994
Toyota,Corolla,2020,13077,2,Moderate,3,Residential,22,4,7942,9183,34866
Toyota,Camry,2016,9290,2,Severe,2,Urban,21,3,19459,12473,49545
Mazda,CX-5,2024,28609,1,Minor,2,Urban,23,0,3931,3540,13855
Mazda,CX-5,2023,24461,3,Severe,3,Urban,8,6,27475,24396,101074
Mercedes-Benz,C-Class,2023,35697,1,Minor,3,Urban,3,0,7211,3306,25107
Tesla,Model Y,2020,29969,1,Minor,4,Rural,22,0,6894,1429,16304
Ford,F-150,2016,11674,4,Total Loss,1,Residential,7,0,11090,90441,103655
Hyundai,Elantra,2022,19614,1,Minor,1,Residential,15,0,2971,1266,4228
Jeep,Wrangler,2015,8017,2,Moderate,4,Rural,14,8,7645,10726,38155
Toyota,Camry,2019,14215,1,Minor,4,Residential,9,0,2637,2144,7539
Tesla,Model Y,2021,36752,3,Severe,1,Highway,1,0,54692,35709,151756
Hyundai,Elantra,2024,19137,3,Severe,4,Rural,9,4,23611,16603,71603
Honda,Civic,2015,6958,2,Moderate,2,Highway,7,1,6669,7474,26358
Toyota,Camry,2021,18724,1,Minor,2,Rural,8,0,2997,3423,8994
Tesla,Model Y,2022,33632,2,Minor,3,Rural,19,6,7553,5529,19016
Nissan,Altima,2019,11221,3,Severe,3,Urban,8,1,20386,26492,102597
Honda,Civic,2023,20896,1,Moderate,4,Urban,3,0,10015,1213,27742
Honda,Civic,2015,5970,1,Minor,3,Rural,20,0,1977,2448,7782
Nissan,Altima,2021,13733,2,Severe,3,Urban,10,6,21591,5400,44457
Honda,Accord,2015,8253,2,Severe,1,Highway,16,2,19209,13708,38126
Hyundai,Elantra,2015,5658,4,Severe,1,Urban,23,0,17546,72936,109630
Subaru,Outback,2015,7379,1,Minor,4,Urban,22,0,2164,1652,9288
BMW,3 Series,2017,13548,4,Total Loss,4,Urban,12,1,12870,87398,222796
Toyota,Corolla,2015,5925,4,Severe,1,Residential,5,0,17666,88286,121944
Hyundai,Elantra,2023,21653,3,Severe,3,Highway,17,6,24743,37912,144873
Mercedes-Benz,C-Class,2018,18289,1,Minor,2,Residential,16,0,4426,3490,8967
Tesla,Model 3,2021,28564,2,Moderate,1,Rural,1,2,20424,4020,27565
Mercedes-Benz,C-Class,2020,22099,3,Severe,4,Highway,3,4,36215,17291,156746
Hyundai,Elantra,2020,14546,1,Moderate,3,Rural,23,0,8272,2908,24567
Honda,Accord,2019,15495,2,Minor,2,Rural,12,2,2817,7711,13381
Mercedes-Benz,C-Class,2017,15889,2,Severe,3,Residential,2,3,30253,5166,54818
Hyundai,Elantra,2015,5686,1,Minor,3,Residential,6,0,1926,1540,5329
Chevrolet,Silverado,2023,37997,1,Minor,3,Residential,8,0,6059,2780,11672
Toyota,Camry,2022,21883,2,Severe,2,Highway,6,1,25503,10884,69816
Tesla,Model Y,2022,36867,3,Total Loss,4,Urban,23,3,35023,28288,163777
Nissan,Altima,2017,9141,1,Minor,3,Rural,20,0,2231,2656,7975
Chevrolet,Silverado,2024,63412,3,Severe,1,Urban,8,1,60656,16065,92443
Jeep,Wrangler,2023,35755,1,Minor,4,Highway,6,0,5433,1136,14414
Nissan,Altima,2023,25553,4,Total Loss,2,Residential,11,0,24275,79564,139336
Tesla,Model 3,2021,25674,4,Total Loss,3,Highway,16,1,24390,53082,186110
Honda,Accord,2016,7195,3,Moderate,4,Highway,17,4,6834,41836,146469
Mercedes-Benz,C-Class,2015,12938,2,Severe,3,Rural,21,1,27420,5284,59769
Mazda,CX-5,2022,24006,1,Moderate,3,Rural,18,0,11121,1931,24209
Subaru,Outback,2023,23119,4,Total Loss,2,Residential,2,1,21963,113977,173965
Honda,Accord,2022,18316,3,Severe,2,Highway,15,1,24341,17658,71118
Mazda,CX-5,2015,6402,2,Moderate,4,Highway,2,1,6632,14166,61192
Tesla,Model Y,2021,31965,3,Severe,2,Residential,23,3,49522,40627,121846
Toyota,Corolla,2015,5425,1,Minor,2,Residential,18,0,1906,1623,4482
Honda,Accord,2021,20939,2,Moderate,2,Highway,3,0,10339,11719,39525
Hyundai,Elantra,2019,10187,3,Severe,2,Urban,2,0,19584,36133,99233
Mercedes-Benz,C-Class,2015,9976,2,Minor,4,Residential,3,0,3096,8704,26926
Hyundai,Elantra,2018,8746,2,Moderate,2,Residential,7,1,6967,7545,17901
Nissan,Altima,2023,17549,4,Severe,2,Residential,9,3,23423,43548,70629
Toyota,Camry,2024,22380,2,Moderate,1,Residential,8,2,10371,4633,12432
Toyota,Camry,2021,13327,1,Minor,3,Highway,2,0,2566,1689,9663
Tesla,Model 3,2023,41018,1,Moderate,2,Urban,16,0,27149,1863,44492
Mercedes-Benz,C-Class,2017,17575,3,Severe,1,Residential,8,1,31872,44388,83668
Toyota,Camry,2021,16084,3,Moderate,1,Urban,15,2,8860,35788,57938
BMW,3 Series,2021,26666,1,Minor,3,Rural,15,0,5499,1132,11533
Tesla,Model 3,2020,27656,1,Moderate,4,Residential,3,0,19934,3537,48357
Honda,Civic,2020,13604,2,Severe,2,Residential,17,2,21529,14044,47223
BMW,3 Series,2019,21106,4,Total Loss,2,Highway,19,2,20050,80076,185460
Mazda,CX-5,2016,7070,4,Total Loss,2,Highway,3,4,6716,51512,115383
Mercedes-Benz,C-Class,2020,30541,1,Minor,1,Residential,7,0,6386,2443,8168
Toyota,Corolla,2024,25739,1,Minor,2,Residential,3,0,3430,3181,8436
Mazda,CX-5,2024,30252,1,Moderate,2,Rural,11,0,12714,2260,19284
Toyota,Corolla,2021,15405,2,Severe,4,Highway,17,5,21932,7555,71210
Chevrolet,Silverado,2024,41713,3,Moderate,1,Highway,2,1,20016,26317,85162
Tesla,Model 3,2024,48143,2,Minor,4,Highway,0,2,10165,4999,40253
Nissan,Altima,2020,16632,2,Minor,2,Highway,7,4,2830,7487,16472
Nissan,Altima,2019,14145,2,Moderate,2,Highway,6,0,8394,7729,31390
Chevrolet,Silverado,2024,49635,4,Severe,3,Highway,22,1,50737,132802,525809
Hyundai,Elantra,2018,9884,4,Severe,2,Rural,9,3,19447,105744,161950
Chevrolet,Silverado,2023,45181,2,Minor,2,Rural,8,0,6921,8406,17220
Subaru,Outback,2022,27180,3,Severe,3,Residential,19,4,29677,19579,66181
Nissan,Altima,2016,7847,4,Total Loss,2,Highway,18,3,7454,42972,94061
BMW,3 Series,2021,27041,3,Total Loss,2,Highway,0,1,25688,20368,108060
Toyota,Corolla,2019,10669,2,Minor,2,Highway,10,4,2300,8927,20948
Toyota,Camry,2024,24473,2,Severe,3,Urban,8,1,26747,6543,57639
Hyundai,Elantra,2016,6608,3,Severe,2,Highway,15,3,17973,39173,100487
Hyundai,Elantra,2021,15679,4,Total Loss,2,Highway,22,0,14895,80673,177445
Hyundai,Elantra,2018,9232,1,Minor,3,Residential,21,0,2192,2315,7146
Toyota,Corolla,2023,17047,2,Minor,2,Highway,20,4,2778,4474,12645
Chevrolet,Silverado,2017,15746,2,Minor,2,Urban,3,1,3389,14125,33034
Mercedes-Benz,C-Class,2020,24108,4,Total Loss,3,Rural,12,6,22902,105983,237132
Jeep,Wrangler,2024,28032,1,Moderate,3,Highway,16,0,14250,1035,31386
Jeep,Wrangler,2022,22397,3,Severe,4,Rural,6,3,29782,17434,98746
Toyota,Corolla,2022,17196,4,Total Loss,4,Rural,6,1,16336,40241,101871
Toyota,Corolla,2023,22313,3,Severe,2,Residential,8,1,25040,20590,62339
Honda,Civic,2022,13882,3,Severe,4,Rural,5,0,21663,17442,105017
Toyota,Camry,2023,28065,3,Severe,3,Highway,18,1,28471,31830,138642
Nissan,Altima,2019,12898,2,Moderate,1,Rural,2,1,8095,13587,30389
Ford,F-150,2015,12857,4,Severe,2,Residential,6,0,24257,85058,138672
Toyota,Corolla,2022,13545,1,Minor,1,Rural,5,0,2515,1676,4937
Nissan,Altima,2015,6720,1,Minor,3,Rural,10,0,2037,1376,5415
Hyundai,Elantra,2016,6550,1,Moderate,1,Urban,18,0,6473,1599,10200
Ford,F-150,2017,20262,3,Moderate,1,Highway,14,1,12294,20807,54667
Tesla,Model Y,2021,34270,3,Severe,1,Highway,3,1,52011,39273,153420
Mercedes-Benz,C-Class,2015,13553,2,Minor,2,Highway,23,1,3668,10571,28523
Ford,F-150,2023,36068,3,Total Loss,4,Highway,3,5,34264,13108,166581
Tesla,Model 3,2019,21039,3,Severe,2,Residential,18,4,37722,41916,89345
Toyota,Camry,2018,7969,1,Minor,2,Rural,6,0,2137,2737,6621
BMW,3 Series,2017,12364,4,Severe,3,Rural,0,2,26127,139894,326491
Ford,F-150,2020,22537,1,Minor,1,Urban,19,0,4204,2051,7455
Chevrolet,Silverado,2023,52208,1,Minor,3,Highway,21,0,7764,3124,21783
Toyota,Camry,2015,7654,2,Moderate,1,Urban,12,0,6836,12438,21183
Tesla,Model Y,2022,36209,1,Minor,1,Rural,21,0,8017,2159,11348
Tesla,Model 3,2024,51173,1,Minor,2,Highway,23,0,10711,1392,20973
Honda,Accord,2018,12734,2,Moderate,4,Highway,3,3,8247,5957,37276
Ford,F-150,2024,36530,3,Moderate,2,Highway,18,1,18150,26015,85535
Ford,F-150,2022,27527,2,Minor,4,Rural,14,1,4803,13345,29838
Nissan,Altima,2019,13288,2,Moderate,2,Urban,12,1,8189,7669,20055
Toyota,Camry,2019,10474,2,Moderate,4,Rural,11,6,7513,7181,26652
Honda,Accord,2020,12120,4,Total Loss,3,Urban,4,5,11514,65472,180368
Hyundai,Elantra,2020,11290,3,Total Loss,2,Highway,4,3,10725,43794,104728
Honda,Civic,2017,9685,3,Severe,3,Residential,14,2,19648,40562,102343
Honda,Accord,2023,29897,4,Total Loss,2,Rural,16,2,28402,77053,129454
Subaru,Outback,2023,23352,3,Total Loss,2,Rural,8,2,22184,32128,85568
BMW,3 Series,2023,38932,3,Total Loss,4,Urban,20,6,36985,16048,127286
Hyundai,Elantra,2016,5415,3,Total Loss,2,Highway,14,3,5144,32514,59190
Tesla,Model 3,2021,25844,2,Moderate,2,Rural,8,2,18955,10505,41671
Mazda,CX-5,2015,7837,3,Total Loss,4,Residential,23,8,7445,40051,118921
BMW,3 Series,2017,16022,4,Total Loss,1,Highway,23,0,15220,91983,179106
Chevrolet,Silverado,2019,18390,4,Severe,2,Urban,18,3,28240,127352,200264
Mazda,CX-5,2020,18633,4,Total Loss,1,Highway,18,0,17701,94855,159352
Mercedes-Benz,C-Class,2024,49160,2,Minor,2,Residential,13,2,9365,4947,17107
Subaru,Outback,2021,23119,2,Minor,1,Highway,7,0,3580,6770,15343
Ford,F-150,2024,40735,4,Severe,3,Urban,6,2,44329,54849,161407
Mercedes-Benz,C-Class,2018,16124,3,Severe,1,Residential,6,1,30479,16458,50473
Mazda,CX-5,2015,8170,2,Minor,1,Residential,9,0,2194,5395,7818
Honda,Civic,2019,14165,1,Minor,4,Highway,0,0,2633,2549,15997
Tesla,Model Y,2020,31413,2,Moderate,3,Rural,1,1,21963,6404,48852
Honda,Civic,2021,11746,4,Severe,2,Rural,12,1,20638,82901,129265
Ford,F-150,2020,32571,3,Moderate,1,Urban,22,1,16725,16486,45471
Tesla,Model Y,2022,35869,1,Minor,1,Highway,9,0,7956,1585,12489
Chevrolet,Silverado,2019,18246,4,Total Loss,2,Rural,5,0,17333,58468,122707
Toyota,Corolla,2019,9812,1,Minor,4,Residential,0,0,2235,1812,8763
Ford,F-150,2021,19800,3,Total Loss,2,Rural,0,3,18810,27160,83519
Mercedes-Benz,C-Class,2019,26020,4,Severe,2,Residential,8,1,39979,62698,123538
Mazda,CX-5,2015,7251,2,Moderate,3,Rural,18,1,6849,12092,32773
BMW,3 Series,2023,35546,4,Severe,4,Highway,14,8,46991,101532,328391
Ford,F-150,2021,36022,1,Minor,4,Rural,8,0,5822,3562,18418
Mazda,CX-5,2016,9510,3,Moderate,1,Urban,18,1,7425,26641,39997
Jeep,Wrangler,2024,41547,2,Severe,4,Urban,20,3,42421,6223,108030
Hyundai,Elantra,2018,9724,3,Moderate,2,Highway,23,2,7187,32620,88763
BMW,3 Series,2018,20105,1,Moderate,1,Rural,1,0,14047,1001,17893
Honda,Accord,2015,7632,4,Total Loss,4,Residential,18,1,7250,104921,220588
Ford,F-150,2023,33926,2,Moderate,3,Rural,2,4,17213,12364,61622
Honda,Civic,2022,22525,1,Minor,2,Rural,18,0,3302,2440,8395
BMW,3 Series,2020,23846,2,Minor,1,Highway,19,2,5076,10838,22959
Mazda,CX-5,2016,6930,4,Total Loss,1,Residential,21,2,6583,141393,115433
BMW,3 Series,2021,26532,1,Moderate,1,Rural,0,0,16939,3598,25903
Toyota,Corolla,2015,4257,4,Total Loss,1,Rural,23,2,4044,130753,183050
Toyota,Corolla,2018,7628,1,Minor,1,Rural,8,0,2072,1091,3186
Mazda,CX-5,2016,7413,3,Severe,3,Rural,0,2,18780,19553,67156
Mazda,CX-5,2023,20892,1,Minor,2,Residential,12,0,3275,3186,8110
Tesla,Model 3,2024,49736,4,Total Loss,4,Residential,9,1,47249,77784,245675
Tesla,Model 3,2019,23361,3,Total Loss,3,Highway,14,1,22192,12618,81387
Toyota,Camry,2020,17098,4,Total Loss,3,Rural,14,0,16243,140239,290639
Mazda,CX-5,2019,14463,1,Minor,1,Urban,18,0,2729,2046,5972
Tesla,Model 3,2023,46430,1,Moderate,2,Highway,8,0,30072,1735,54900
BMW,3 Series,2018,15508,3,Severe,1,Highway,5,1,28957,26277,86677
Mercedes-Benz,C-Class,2023,39462,2,Moderate,1,Highway,2,2,23941,6708,44612
Hyundai,Elantra,2016,5618,3,Severe,3,Residential,8,2,17528,15697,46518
Chevrolet,Silverado,2024,64883,2,Moderate,3,Residential,11,2,28357,8028,56558
Honda,Civic,2021,17617,2,Severe,2,Highway,6,4,23456,11970,60580
Ford,F-150,2020,21013,3,Moderate,4,Residential,17,1,12564,41781,100210
Chevrolet,Silverado,2020,21561,4,Total Loss,3,Residential,5,2,20482,69134,179969
Ford,F-150,2019,25848,4,Total Loss,4,Residential,6,1,24555,87062,172868
Mazda,CX-5,2022,24505,1,Minor,4,Residential,23,0,3582,3371,13641
Mazda,CX-5,2023,27528,1,Moderate,1,Highway,5,0,12019,1896,20336
Ford,F-150,2017,18873,3,Moderate,2,Highway,21,3,11794,24176,73892
Honda,Civic,2021,13979,2,Minor,4,Rural,6,0,2618,4051,13831
Jeep,Wrangler,2018,16848,4,Total Loss,4,Highway,8,0,16005,51735,163165
Mercedes-Benz,C-Class,2015,10093,4,Total Loss,1,Residential,0,0,9588,141850,185755
Toyota,Camry,2021,14993,4,Total Loss,2,Residential,8,1,14243,138351,179336
BMW,3 Series,2022,29280,1,Minor,3,Residential,8,0,5892,2026,13083
Honda,Civic,2021,15670,2,Moderate,1,Urban,14,2,8760,7868,17634
Mercedes-Benz,C-Class,2016,13455,1,Minor,4,Rural,17,0,3652,3279,12571
Honda,Accord,2018,13582,2,Severe,1,Residential,7,0,21926,9322,31813
Ford,F-150,2018,19174,4,Total Loss,1,Residential,15,1,18215,99859,93597
Hyundai,Elantra,2024,19119,2,Minor,1,Rural,1,2,2933,11651,19087
Jeep,Wrangler,2018,16825,4,Total Loss,3,Urban,22,5,15983,76173,200068
Honda,Civic,2023,24134,1,Minor,2,Rural,6,0,3430,1059,5949
Tesla,Model Y,2024,56990,2,Moderate,4,Rural,18,1,35774,6970,72370
Nissan,Altima,2020,15076,1,Minor,4,Highway,16,0,2706,1711,11918
Tesla,Model 3,2020,24865,4,Total Loss,4,Urban,1,1,23621,81881,258810
Honda,Civic,2019,13998,2,Minor,2,Urban,17,2,2619,7875,15605
Nissan,Altima,2016,6294,1,Moderate,2,Residential,2,0,6510,1311,11466
Toyota,Corolla,2015,4314,2,Moderate,2,Residential,16,0,5970,10726,18804
Mercedes-Benz,C-Class,2015,9781,2,Minor,3,Residential,16,2,3064,13724,25266
Tesla,Model 3,2023,44594,2,Severe,3,Highway,1,0,63161,7971,156873
Jeep,Wrangler,2019,13637,1,Minor,1,Urban,17,0,3000,2650,5593
Subaru,Outback,2017,8559,2,Moderate,4,Highway,23,4,7310,11269,63854
Subaru,Outback,2023,23890,4,Total Loss,1,Residential,3,2,22695,84674,124434
Toyota,Corolla,2023,18607,4,Total Loss,4,Urban,9,2,17676,67775,182605
Honda,Civic,2024,23423,1,Moderate,4,Residential,6,0,10621,2792,19899
Hyundai,Elantra,2019,11543,2,Moderate,2,Rural,0,4,7597,7737,26258
Jeep,Wrangler,2022,27209,3,Severe,1,Highway,6,1,32957,16077,64125
Honda,Accord,2016,9110,3,Severe,4,Highway,23,7,19646,21471,129196
Mercedes-Benz,C-Class,2024,46520,2,Minor,1,Residential,10,0,8943,11881,18866
Chevrolet,Silverado,2016,8776,2,Moderate,4,Highway,19,7,8159,8498,36403
Tesla,Model 3,2020,25129,3,Severe,1,Rural,23,1,42139,43138,119153
Tesla,Model Y,2024,64948,3,Total Loss,3,Highway,16,5,61700,16287,158511
Mazda,CX-5,2022,23148,2,Moderate,4,Residential,14,0,10902,13613,42379
Tesla,Model Y,2022,45572,1,Minor,3,Highway,14,0,9702,2247,25645
Tesla,Model 3,2023,37175,2,Severe,2,Residential,5,1,55149,10064,87505
Jeep,Wrangler,2015,10134,2,Severe,3,Residential,1,1,21688,5683,42653
Jeep,Wrangler,2023,25420,2,Moderate,3,Highway,23,2,13388,11446,62652
Ford,F-150,2018,23222,2,Moderate,1,Highway,0,0,13359,10812,33464
Toyota,Corolla,2018,7856,2,Moderate,4,Rural,13,1,6767,14011,38168
BMW,3 Series,2015,9802,1,Minor,2,Highway,11,0,2970,2030,8820
Subaru,Outback,2021,20619,2,Moderate,3,Highway,2,1,10567,14176,54445
Tesla,Model 3,2023,45134,2,Moderate,1,Rural,6,2,29372,5624,35573
Chevrolet,Silverado,2023,42517,3,Severe,1,Highway,18,0,45612,12762,90069
Ford,F-150,2017,16737,4,Severe,2,Highway,9,4,27050,90611,210131
Chevrolet,Silverado,2022,26836,2,Moderate,1,Residential,2,0,14660,12196,30881
Nissan,Altima,2022,18296,3,Severe,4,Urban,14,7,23782,18841,103491
Subaru,Outback,2015,8027,1,Moderate,4,Highway,16,0,7167,1998,23693
Jeep,Wrangler,2017,10697,3,Moderate,4,Urban,23,8,8530,32479,108744
Tesla,Model 3,2020,24423,1,Minor,3,Residential,23,0,5896,2894,16230
Toyota,Corolla,2018,7208,4,Total Loss,2,Residential,21,1,6847,124862,168508
Chevrolet,Silverado,2017,17374,3,Total Loss,1,Urban,6,1,16505,18040,37457
Hyundai,Elantra,2015,5511,4,Severe,2,Highway,12,0,17479,42743,122029
Mercedes-Benz,C-Class,2024,58793,2,Moderate,3,Rural,0,6,33220,10801,96020
Ford,F-150,2017,13852,1,Minor,1,Residential,16,0,3162,2444,4849
Mazda,CX-5,2024,28479,4,Total Loss,2,Residential,7,2,27055,118635,191174
BMW,3 Series,2020,19697,3,Moderate,2,Rural,19,2,13863,30902,62118
Mazda,CX-5,2017,9984,1,Moderate,3,Highway,10,0,7545,3123,20768
Chevrolet,Silverado,2018,14258,1,Minor,2,Highway,1,0,3210,2153,9409
Subaru,Outback,2019,15785,1,Minor,4,Rural,1,0,2920,2085,11091
Toyota,Corolla,2019,8484,1,Minor,4,Residential,22,0,2136,1485,7203
Subaru,Outback,2020,15575,3,Severe,3,Highway,10,0,23410,31337,105844
Honda,Accord,2022,17035,1,Minor,1,Urban,11,0,2947,3208,6233
Toyota,Camry,2021,12749,2,Minor,2,Residential,15,2,2519,7902,13868
Mazda,CX-5,2017,10090,1,Minor,2,Urban,10,0,2357,1374,5803
Toyota,Corolla,2024,26768,1,Minor,1,Residential,23,0,3507,3030,7616
Mercedes-Benz,C-Class,2021,35366,4,Total Loss,1,Highway,9,2,33597,106136,181419
Ford,F-150,2024,51553,3,Severe,2,Urban,1,1,52118,34441,160674
Tesla,Model Y,2021,29011,3,Severe,4,Highway,1,8,46331,23746,227329
Mazda,CX-5,2023,28148,3,Severe,4,Residential,5,6,29355,17618,118533
Tesla,Model 3,2018,19624,4,Total Loss,2,Highway,22,4,18642,63848,171597
Toyota,Corolla,2017,7021,3,Moderate,3,Urban,1,0,6579,23944,73327
Hyundai,Elantra,2022,13806,1,Minor,3,Rural,10,0,2535,2287,6800
Hyundai,Elantra,2017,6052,4,Severe,1,Highway,20,0,17723,124338,200717
Mazda,CX-5,2016,8354,1,Minor,4,Urban,10,0,2210,1520,7513
Tesla,Model Y,2020,30357,4,Severe,2,Highway,21,4,47785,48916,161254
Hyundai,Elantra,2020,13195,4,Total Loss,2,Rural,2,1,12535,54843,104832
Jeep,Wrangler,2019,12840,1,Minor,4,Residential,19,0,2912,1300,6981
Nissan,Altima,2022,14843,1,Minor,4,Urban,5,0,2687,3397,13703
Nissan,Altima,2015,7178,4,Total Loss,4,Highway,0,4,6819,50995,182034
Chevrolet,Silverado,2021,41336,2,Minor,2,Rural,12,4,6460,6232,18900
Nissan,Altima,2017,8059,3,Severe,3,Highway,18,6,18868,19320,76899
BMW,3 Series,2018,19232,4,Severe,4,Rural,8,3,32308,67345,200475
Subaru,Outback,2018,11869,4,Severe,2,Rural,14,1,21409,117691,163118
Tesla,Model 3,2018,17765,3,Severe,2,Rural,9,3,34186,19203,69727
Mazda,CX-5,2016,7960,4,Total Loss,1,Residential,23,1,7562,48152,57967
Honda,Accord,2018,11160,1,Minor,3,Residential,10,0,2448,3022,7309
Jeep,Wrangler,2024,38111,2,Moderate,4,Urban,13,8,17576,4065,39044
Ford,F-150,2024,53721,4,Severe,2,Urban,20,0,53679,143926,252968
Toyota,Camry,2020,12879,4,Severe,4,Rural,20,4,21181,42360,118344
Mercedes-Benz,C-Class,2015,10359,1,Minor,4,Highway,5,0,3157,1288,13313
Honda,Civic,2015,5940,4,Total Loss,2,Urban,20,3,5643,95199,158225
Subaru,Outback,2018,12548,3,Severe,1,Residential,8,1,21775,26318,50077
Toyota,Corolla,2015,4701,2,Severe,4,Urban,15,8,17115,12573,64638
Honda,Accord,2015,5763,2,Moderate,4,Highway,19,4,6469,10329,42749
Tesla,Model 3,2019,18491,4,Severe,3,Residential,13,2,34970,105780,177606
Hyundai,Elantra,2023,17964,2,Minor,2,Urban,14,0,2847,12515,23038
Toyota,Corolla,2015,4737,2,Moderate,3,Highway,11,6,6065,11962,37514
Tesla,Model Y,2021,33902,2,Minor,1,Urban,11,0,7602,6428,16279
Toyota,Corolla,2016,7147,4,Severe,3,Residential,1,5,18216,63818,144908
Ford,F-150,2015,14145,2,Moderate,1,Rural,21,0,10092,8541,16835
Nissan,Altima,2019,12610,4,Total Loss,2,Residential,13,3,11979,65766,85957
Ford,F-150,2023,38952,1,Minor,4,Highway,4,0,6174,2082,21077
Honda,Civic,2018,9037,3,Moderate,1,Urban,5,2,7168,16479,33736
Tesla,Model 3,2018,19614,1,Minor,3,Urban,0,0,5030,3529,18160
Ford,F-150,2019,21329,4,Total Loss,1,Highway,6,2,20262,103128,149030
Honda,Civic,2016,7513,3,Severe,3,Urban,2,4,18606,38930,111473
Honda,Accord,2021,14206,4,Total Loss,2,Residential,10,2,13495,75980,113195
Toyota,Camry,2020,14985,1,Minor,1,Urban,4,0,2698,2000,6487
Chevrolet,Silverado,2022,41100,3,Severe,2,Urban,20,1,44592,31165,113750
Hyundai,Elantra,2020,12612,2,Minor,4,Highway,15,0,2445,13180,32889
Subaru,Outback,2020,15174,2,Minor,3,Rural,10,0,2865,6861,17824
Toyota,Camry,2017,10432,1,Moderate,2,Highway,22,0,7503,1841,21745
Mazda,CX-5,2019,15709,2,Moderate,4,Urban,9,5,9005,13554,52891
Hyundai,Elantra,2024,18122,1,Moderate,1,Urban,8,0,9077,3436,12804
BMW,3 Series,2023,33804,3,Moderate,2,Highway,10,3,20211,32011,96727
Honda,Accord,2020,12127,4,Severe,4,Urban,8,7,21184,44783,142496
BMW,3 Series,2018,16761,4,Severe,4,Highway,0,1,30084,94750,364006
Ford,F-150,2021,32627,2,Minor,3,Residential,18,2,5415,4995,16372
Honda,Accord,2018,8846,2,Minor,3,Urban,18,0,2251,5631,15792
Mazda,CX-5,2015,6971,2,Moderate,1,Highway,3,0,6777,4061,18721
Chevrolet,Silverado,2024,60680,2,Moderate,3,Urban,2,1,26844,8182,85116
Chevrolet,Silverado,2024,33263,4,Total Loss,2,Highway,15,0,31599,83058,197515
Subaru,Outback,2020,19539,4,Total Loss,2,Rural,22,0,18562,52086,110559
Subaru,Outback,2021,18085,1,Minor,2,Highway,1,0,3127,2247,9923
Toyota,Corolla,2022,17405,2,Moderate,1,Rural,5,0,8916,9015,19364
Chevrolet,Silverado,2022,39020,2,Severe,4,Rural,18,7,43094,8489,106574
Tesla,Model Y,2020,30963,3,Severe,3,Residential,1,0,48440,28767,148488
Mercedes-Benz,C-Class,2024,49454,2,Minor,3,Highway,17,2,9412,8277,32753
Toyota,Camry,2016,8934,2,Minor,2,Highway,16,0,2214,11195,19841
Hyundai,Elantra,2024,21482,1,Moderate,2,Urban,12,0,9833,2601,17120
Mercedes-Benz,C-Class,2019,21845,1,Minor,3,Residential,7,0,4995,1769,8685
Jeep,Wrangler,2016,10367,2,Minor,1,Residential,20,1,2640,8910,10750
Jeep,Wrangler,2015,10420,1,Moderate,2,Highway,20,0,8438,2765,19250
Mercedes-Benz,C-Class,2020,23432,4,Severe,4,Highway,4,0,37494,54643,251381
Honda,Accord,2016,6973,1,Minor,4,Residential,9,0,2092,2973,7572
Tesla,Model Y,2021,36618,2,Moderate,2,Urban,2,2,24773,10841,55929
Honda,Accord,2021,14909,3,Total Loss,1,Rural,11,2,14163,13511,29079
Mazda,CX-5,2020,15791,2,Moderate,4,Highway,14,2,9026,6401,35415
Toyota,Corolla,2023,17606,4,Total Loss,3,Urban,2,5,16725,47515,134755
Toyota,Camry,2017,7091,2,Severe,2,Highway,13,3,18403,8748,52179
Tesla,Model 3,2023,40940,1,Moderate,2,Highway,6,0,27107,2106,56701
Nissan,Altima,2021,19564,2,Minor,2,Highway,16,1,3065,10701,21153
Toyota,Camry,2016,5526,2,Moderate,3,Rural,23,3,6326,7617,27450
Mazda,CX-5,2024,34940,2,Moderate,4,Residential,6,4,13909,12045,43533
Chevrolet,Silverado,2020,27567,1,Minor,4,Highway,19,0,4808,1653,18132
Honda,Civic,2016,5798,2,Moderate,4,Highway,12,1,6391,9654,45764
Toyota,Corolla,2023,22787,1,Minor,3,Residential,12,0,3209,1890,7079
Honda,Accord,2023,21813,1,Minor,4,Residential,10,0,3354,3518,13395
Ford,F-150,2020,18329,3,Total Loss,2,Residential,14,2,17412,20011,53928
Mercedes-Benz,C-Class,2022,36457,3,Severe,4,Highway,5,1,49998,39057,293193
Mercedes-Benz,C-Class,2021,32206,3,Severe,1,Rural,13,0,45917,14490,59925
Tesla,Model 3,2021,31963,4,Total Loss,3,Urban,13,5,30364,110199,260417
Mercedes-Benz,C-Class,2022,39848,3,Moderate,1,Highway,1,2,24127,33555,84011
Subaru,Outback,2022,21810,4,Severe,4,Urban,3,4,26777,120608,335282
Chevrolet,Silverado,2017,11757,2,Minor,2,Rural,2,0,2910,4847,11087
Toyota,Camry,2018,10445,4,Total Loss,4,Residential,10,5,9922,95653,208263
Chevrolet,Silverado,2018,20650,4,Total Loss,1,Urban,10,2,19617,66416,99585
Honda,Civic,2018,9819,3,Severe,4,Urban,18,7,19713,43928,117916
BMW,3 Series,2024,54833,1,Minor,4,Urban,20,0,9724,1262,20150
Jeep,Wrangler,2023,25420,4,Total Loss,1,Residential,2,2,24149,45041,76754
Ford,F-150,2016,10190,2,Moderate,2,Urban,22,4,8668,7710,28124
Mazda,CX-5,2020,12776,3,Severe,1,Residential,2,2,21515,42938,78958
Nissan,Altima,2020,14032,4,Total Loss,2,Rural,0,0,13330,87101,144316
Honda,Civic,2020,14734,3,Severe,3,Rural,18,1,22072,38157,87745
Nissan,Altima,2023,23596,1,Moderate,4,Residential,20,0,10663,2420,24782
Honda,Accord,2024,33619,4,Total Loss,4,Highway,1,7,31938,40284,196489
Honda,Accord,2023,18808,4,Total Loss,4,Urban,1,5,17867,86368,302514
Honda,Accord,2015,6798,1,Moderate,3,Residential,5,0,6733,2686,15199
Chevrolet,Silverado,2022,39072,2,Severe,2,Residential,9,2,43131,14114,69869
Chevrolet,Silverado,2023,49770,1,Minor,2,Residential,23,0,7472,3368,16118
Honda,Civic,2023,21073,2,Minor,4,Highway,13,0,3185,11388,35713
Toyota,Corolla,2024,18415,1,Moderate,1,Rural,20,0,9143,2954,13806
Subaru,Outback,2019,13108,1,Minor,2,Highway,19,0,2679,1260,6647
Toyota,Camry,2017,7257,3,Moderate,2,Highway,14,1,6741,18161,47107
Chevrolet,Silverado,2015,8280,1,Moderate,1,Urban,22,0,7980,2633,14146
Honda,Civic,2024,26438,2,Moderate,3,Urban,21,2,11345,13704,40652
Mazda,CX-5,2022,25166,3,Severe,1,Highway,20,1,27834,30358,68898
Chevrolet,Silverado,2018,13334,3,Moderate,3,Urban,17,6,9800,40229,98139
Ford,F-150,2019,20714,2,Moderate,4,Urban,14,2,12457,5090,37387
Tesla,Model Y,2021,30601,1,Minor,2,Urban,3,0,7008,2312,16400
BMW,3 Series,2023,33204,1,Minor,1,Urban,11,0,6480,2538,9943
Hyundai,Elantra,2023,18140,2,Minor,1,Residential,2,2,2860,7169,10115
Chevrolet,Silverado,2020,22486,3,Severe,1,Urban,17,2,31189,29378,77679
BMW,3 Series,2022,39582,4,Total Loss,1,Highway,1,2,37602,103235,256465
Toyota,Corolla,2018,10072,3,Severe,3,Rural,4,5,19532,31192,118116
Hyundai,Elantra,2024,26063,3,Severe,2,Urban,22,4,26728,20480,94115
Chevrolet,Silverado,2021,29306,3,Total Loss,4,Rural,2,8,27840,29465,130905
Mazda,CX-5,2019,13751,3,Severe,1,Residential,7,1,22013,23121,41407
Subaru,Outback,2016,8619,2,Moderate,3,Highway,22,3,7327,9869,37554
Mazda,CX-5,2015,6562,2,Minor,2,Urban,19,0,2057,10266,17202
Toyota,Corolla,2019,9321,1,Moderate,2,Highway,16,0,7097,2903,19282
Jeep,Wrangler,2024,43137,3,Moderate,4,Residential,0,1,19235,14219,83594
Nissan,Altima,2019,9759,3,Moderate,2,Residential,17,2,7342,44148,57453
Nissan,Altima,2024,23066,3,Severe,1,Residential,11,2,26071,15538,40405
Toyota,Corolla,2020,13464,2,Minor,4,Highway,4,4,2509,4981,19328
Nissan,Altima,2015,6186,3,Total Loss,3,Residential,19,4,5876,20762,48138
Toyota,Corolla,2024,25341,1,Moderate,1,Highway,19,0,10701,1914,16142
Tesla,Model 3,2021,26283,1,Minor,4,Highway,19,0,6230,1186,15938
Honda,Accord,2020,19744,1,Minor,1,Urban,18,0,3178,1886,5407
Mercedes-Benz,C-Class,2021,28893,3,Severe,2,Urban,21,1,42737,27882,89382
Chevrolet,Silverado,2018,21778,1,Minor,4,Rural,15,0,4113,3540,14264
Tesla,Model Y,2021,36319,3,Total Loss,1,Highway,17,1,34503,18528,78422
Honda,Civic,2023,17170,3,Total Loss,4,Highway,3,3,16311,29749,155434
Honda,Accord,2023,20368,3,Total Loss,1,Urban,14,1,19349,37767,64762
Ford,F-150,2023,27119,3,Total Loss,3,Urban,21,3,25763,14778,80190
Toyota,Corolla,2018,9016,3,Severe,3,Highway,22,3,19057,12741,88476
Nissan,Altima,2020,15551,1,Minor,1,Rural,10,0,2744,2262,4534
Honda,Accord,2016,9460,4,Total Loss,3,Urban,2,2,8987,124349,284958
Jeep,Wrangler,2024,33732,1,Minor,1,Rural,4,0,5210,1294,6857
Tesla,Model Y,2023,42980,4,Severe,3,Rural,5,6,61418,70802,270579
Chevrolet,Silverado,2018,13954,4,Total Loss,4,Rural,18,8,13256,94991,215049
Jeep,Wrangler,2021,17519,2,Moderate,3,Urban,23,3,10781,7805,43616
BMW,3 Series,2015,12045,3,Moderate,4,Residential,6,0,10420,43169,104865
Hyundai,Elantra,2018,10494,3,Total Loss,3,Residential,5,6,9969,20627,65939
Mercedes-Benz,C-Class,2018,21841,4,Total Loss,3,Residential,13,0,20748,111183,185682
Toyota,Corolla,2018,10396,3,Moderate,4,Urban,20,4,7339,17840,61384
Subaru,Outback,2020,19461,4,Total Loss,3,Rural,14,4,18487,111277,237565
Mazda,CX-5,2018,12215,3,Moderate,2,Rural,8,1,8114,39506,65569
Hyundai,Elantra,2019,11668,1,Moderate,2,Urban,10,0,7625,2784,14382
BMW,3 Series,2016,13636,1,Minor,2,Residential,12,0,3545,3468,9190
Mazda,CX-5,2024,33791,4,Total Loss,2,Rural,21,4,32101,65363,117262
Chevrolet,Silverado,2019,17401,3,Severe,1,Highway,6,1,27528,32180,82345
Jeep,Wrangler,2018,12680,1,Moderate,1,Residential,18,0,9184,3464,11537
Chevrolet,Silverado,2020,23917,3,Total Loss,1,Residential,8,2,22721,26442,49540
Ford,F-150,2019,27515,4,Severe,4,Rural,12,5,34810,115363,257941
Honda,Accord,2015,6937,4,Total Loss,1,Urban,1,0,6590,60013,97772
Honda,Civic,2017,9954,2,Moderate,2,Rural,16,1,7388,5478,19622
Mercedes-Benz,C-Class,2017,18215,3,Severe,1,Residential,21,1,32486,36196,61693
Honda,Accord,2017,9065,3,Moderate,2,Urban,11,0,7311,35625,71564
Jeep,Wrangler,2018,12886,4,Total Loss,1,Highway,13,1,12241,56736,93996
BMW,3 Series,2023,35442,4,Total Loss,4,Urban,20,2,33669,77216,214090
Tesla,Model Y,2023,49304,2,Minor,1,Urban,8,1,10374,11154,24324
Toyota,Camry,2023,17341,4,Total Loss,2,Residential,14,2,16473,69793,112355
Honda,Accord,2023,22019,3,Severe,3,Rural,8,2,26229,43887,127212
Jeep,Wrangler,2016,8740,2,Moderate,1,Residential,5,0,7884,9747,17450
Toyota,Camry,2020,10472,4,Total Loss,1,Residential,7,1,9948,139162,138538
Mercedes-Benz,C-Class,2023,46050,2,Moderate,4,Rural,23,4,27104,12719,82348
Mercedes-Benz,C-Class,2023,39487,1,Minor,2,Urban,3,0,7817,1237,14320
Tesla,Model Y,2023,52027,4,Total Loss,2,Highway,14,2,49425,48069,161420
Ford,F-150,2020,23825,2,Moderate,3,Urban,10,3,13577,11151,41143
Honda,Civic,2018,9865,1,Minor,1,Highway,7,0,2289,2781,7273
Tesla,Model 3,2020,25483,3,Severe,2,Rural,2,3,42521,28392,106635
Nissan,Altima,2022,18634,1,Minor,1,Urban,0,0,2990,3226,7032
Subaru,Outback,2021,15553,4,Total Loss,3,Residential,14,5,14775,112957,172165
Honda,Accord,2021,17619,3,Moderate,3,Urban,2,6,9492,43382,122413
Hyundai,Elantra,2024,24876,1,Minor,3,Highway,3,0,3365,1794,13431
Honda,Civic,2020,15866,4,Total Loss,3,Highway,22,1,15072,74466,214245
Toyota,Camry,2021,17517,1,Minor,2,Highway,20,0,2901,1550,7274
Mazda,CX-5,2018,12298,2,Minor,2,Highway,1,0,2545,8761,21773
Hyundai,Elantra,2023,23734,3,Severe,3,Residential,7,5,25680,40137,87664
Jeep,Wrangler,2017,10440,4,Total Loss,1,Highway,20,0,9918,47116,75663
Hyundai,Elantra,2022,18629,3,Moderate,1,Urban,16,0,9191,25931,39463
Subaru,Outback,2021,21498,1,Minor,1,Highway,17,0,3434,1847,6617
BMW,3 Series,2015,9152,4,Severe,2,Urban,21,3,23236,95140,185061
Jeep,Wrangler,2020,16724,4,Severe,4,Highway,15,2,26037,120105,376847
Subaru,Outback,2021,21487,2,Moderate,4,Highway,13,3,10801,10296,48756
Tesla,Model 3,2020,27577,1,Minor,1,Rural,9,0,6463,2401,10006
Chevrolet,Silverado,2017,11220,4,Total Loss,1,Urban,20,2,10659,71495,95016
BMW,3 Series,2022,28547,2,Minor,4,Rural,1,6,5782,5618,23914
Jeep,Wrangler,2020,19140,4,Total Loss,1,Urban,13,2,18183,78043,97527
Ford,F-150,2016,14877,1,Minor,4,Urban,9,0,3285,2899,11770
Tesla,Model Y,2023,45636,3,Total Loss,2,Highway,8,1,43354,30752,136765
Jeep,Wrangler,2016,12135,1,Minor,2,Urban,8,0,2834,2219,7644
Mercedes-Benz,C-Class,2019,20067,3,Severe,3,Urban,5,5,34264,29109,159157
Tesla,Model 3,2018,15296,2,Minor,1,Urban,9,1,4253,6567,11196
Subaru,Outback,2022,20119,2,Minor,1,Urban,7,0,3310,8213,14349
Toyota,Camry,2016,6434,3,Severe,3,Urban,13,4,18088,43474,118568
Tesla,Model 3,2018,15488,2,Minor,1,Urban,16,2,4287,4308,8873
Chevrolet,Silverado,2023,41327,4,Severe,1,Highway,13,0,44755,41937,125101
Subaru,Outback,2019,16268,3,Total Loss,4,Rural,23,1,15454,24286,109695
Subaru,Outback,2015,6590,4,Severe,3,Highway,14,4,18558,67382,195209
BMW,3 Series,2020,19114,4,Total Loss,2,Urban,16,4,18158,91189,173441
Toyota,Camry,2020,14926,2,Moderate,4,Rural,2,1,8582,13299,52167
Jeep,Wrangler,2015,7170,2,Severe,2,Rural,16,0,19732,6694,39267
Jeep,Wrangler,2018,15114,3,Severe,1,Rural,12,0,24975,18250,49980
Chevrolet,Silverado,2021,35769,4,Severe,2,Rural,7,3,40753,138384,204581
Nissan,Altima,2021,13001,3,Severe,3,Rural,0,6,21240,13675,66073
Honda,Civic,2023,18058,1,Minor,4,Urban,2,0,2944,2354,13672
Toyota,Camry,2015,6734,3,Severe,2,Rural,9,3,18232,17868,46967
Honda,Accord,2023,25389,3,Severe,2,Rural,21,2,27948,36547,97966
Ford,F-150,2019,18769,4,Severe,4,Highway,3,6,28513,129743,510728
Jeep,Wrangler,2017,10707,1,Minor,1,Highway,3,0,2677,1445,6094
Tesla,Model Y,2021,32727,4,Total Loss,2,Residential,2,2,31090,125640,195702
Hyundai,Elantra,2018,8757,2,Moderate,3,Residential,8,3,6970,6936,20491
BMW,3 Series,2022,32196,4,Severe,4,Highway,23,5,43976,98089,373438
Chevrolet,Silverado,2018,19091,4,Severe,2,Residential,19,3,28745,84774,154216
Jeep,Wrangler,2022,20774,3,Moderate,3,Highway,9,0,11855,23271,78511
Honda,Civic,2015,5926,3,Severe,2,Highway,20,4,17844,31783,91172
Tesla,Model 3,2023,40131,4,Severe,3,Rural,6,1,58341,137195,329027
Hyundai,Elantra,2016,5580,4,Severe,3,Rural,6,1,17511,115690,205583
Mazda,CX-5,2016,7123,1,Minor,1,Urban,19,0,2105,3232,6103
Chevrolet,Silverado,2023,46924,2,Minor,1,Urban,8,1,7130,14138,20142
Tesla,Model 3,2020,25293,2,Moderate,3,Urban,13,2,18658,13061,55643
Toyota,Corolla,2020,10280,2,Moderate,4,Highway,22,0,7313,8496,48899
Honda,Civic,2023,23148,4,Total Loss,3,Rural,22,5,21990,103232,245721
Honda,Civic,2018,11517,4,Total Loss,4,Rural,21,8,10941,90442,196078
Honda,Civic,2021,14816,3,Severe,1,Urban,5,0,22111,30595,67087
BMW,3 Series,2021,33394,2,Moderate,2,Rural,2,1,20027,11165,43449
Mercedes-Benz,C-Class,2020,22562,2,Moderate,4,Rural,13,1,15829,8991,40925
Mazda,CX-5,2021,22030,1,Minor,1,Highway,12,0,3372,1633,6537
Toyota,Camry,2020,16136,4,Total Loss,3,Urban,23,1,15329,59786,144488
Mercedes-Benz,C-Class,2020,25882,1,Minor,4,Highway,21,0,5641,2088,17556
Toyota,Camry,2021,13648,1,Moderate,3,Highway,19,0,8275,2717,22892
BMW,3 Series,2015,10714,1,Minor,1,Rural,14,0,3107,1111,3804
Mercedes-Benz,C-Class,2021,34698,4,Total Loss,2,Rural,2,1,32963,142138,313558
Tesla,Model Y,2022,34758,2,Moderate,3,Residential,10,4,23769,12973,51327
Toyota,Corolla,2017,7573,1,Minor,4,Residential,22,0,2067,2183,7523
Jeep,Wrangler,2015,9182,2,Moderate,1,Rural,3,0,8030,13231,25560
Subaru,Outback,2015,6478,1,Moderate,1,Residential,22,0,6749,1951,9903
BMW,3 Series,2017,12387,2,Moderate,4,Residential,11,2,10574,6730,30854
Tesla,Model Y,2022,41263,3,Severe,4,Rural,7,1,59564,27227,180812
Jeep,Wrangler,2016,10517,3,Severe,4,Highway,5,4,21941,27096,158219
Honda,Accord,2024,33518,3,Severe,1,Residential,17,1,32094,29920,52107
Ford,F-150,2023,54037,4,Total Loss,3,Highway,21,2,51335,57426,256537
Toyota,Corolla,2021,11288,4,Severe,2,Residential,21,4,20079,81680,108465
Toyota,Camry,2017,10831,4,Severe,4,Residential,16,4,20198,143881,302003
Subaru,Outback,2020,18314,1,Minor,3,Rural,7,0,3148,2549,8701
BMW,3 Series,2021,29424,1,Minor,4,Urban,18,0,5913,1440,17413
Chevrolet,Silverado,2024,65311,3,Total Loss,2,Urban,17,4,62045,23166,132536
Nissan,Altima,2020,10929,1,Minor,1,Highway,0,0,2374,2623,7901
Honda,Civic,2024,28029,3,Severe,1,Highway,7,0,28453,23533,65689
BMW,3 Series,2023,37161,1,Moderate,4,Residential,6,0,21722,1858,39206
Jeep,Wrangler,2017,11053,3,Total Loss,1,Rural,21,0,10500,17131,27273
Toyota,Camry,2024,31173,2,Severe,3,Urban,7,4,29963,6076,68325
Hyundai,Elantra,2016,5170,4,Severe,4,Highway,1,0,17326,101726,413959
Jeep,Wrangler,2017,10930,4,Severe,1,Residential,8,0,22213,93896,108186
Jeep,Wrangler,2024,43885,1,Minor,2,Highway,1,0,6327,2224,17593
BMW,3 Series,2018,17888,1,Minor,2,Rural,22,0,4183,2210,9355
Mazda,CX-5,2023,24818,4,Severe,4,Residential,2,1,27657,67118,196420
Honda,Accord,2020,12597,1,Minor,1,Urban,22,0,2570,3067,7917
Honda,Civic,2018,10989,3,Total Loss,3,Urban,23,5,10439,42004,133384
Honda,Civic,2023,19262,2,Minor,3,Urban,1,0,3040,10621,25453
Honda,Civic,2021,16798,2,Severe,2,Urban,23,2,23063,14276,69363
Subaru,Outback,2018,13965,3,Severe,4,Highway,4,8,22541,22148,146153
Toyota,Camry,2019,13306,1,Minor,1,Residential,13,0,2564,1586,3285
Chevrolet,Silverado,2015,9005,1,Minor,4,Rural,6,0,2580,3501,11312
Honda,Accord,2018,13756,4,Total Loss,2,Residential,8,3,13068,58396,79288
Ford,F-150,2020,20964,2,Minor,2,Highway,0,2,4015,8524,28925
Subaru,Outback,2024,29003,3,Moderate,2,Residential,14,1,12830,22870,44985
Hyundai,Elantra,2021,14532,1,Minor,2,Highway,17,0,2589,2632,10053
Honda,Accord,2024,31861,3,Moderate,4,Rural,7,3,13124,24056,75137
Toyota,Corolla,2016,6528,2,Moderate,1,Residential,7,1,6468,10549,17718
Nissan,Altima,2020,12649,2,Moderate,4,Urban,14,8,8035,10363,40098
Honda,Civic,2021,14335,3,Total Loss,1,Urban,13,0,13618,30484,45897
Hyundai,Elantra,2021,16756,3,Moderate,4,Residential,7,4,8770,37324,95721
Honda,Accord,2020,15938,2,Moderate,4,Urban,13,3,9064,4980,33521
Toyota,Corolla,2017,6776,3,Moderate,3,Rural,5,0,6524,14318,45013
Mazda,CX-5,2015,6794,4,Severe,1,Rural,6,2,18464,83237,103066
Tesla,Model Y,2024,56674,4,Total Loss,3,Rural,23,0,53840,85683,309144
Tesla,Model 3,2023,38066,4,Total Loss,2,Highway,15,4,36162,47299,134222
Tesla,Model 3,2024,50892,3,Total Loss,2,Rural,8,0,48347,29482,109497
Ford,F-150,2015,11582,3,Severe,4,Residential,23,6,23339,14114,77950
Tesla,Model Y,2020,26752,4,Severe,2,Highway,3,4,43892,40514,201897
Toyota,Camry,2021,20384,3,Moderate,3,Urban,17,6,9892,28146,78272
Toyota,Corolla,2015,4806,4,Total Loss,3,Rural,6,1,4565,51843,83681
Honda,Accord,2016,7871,2,Moderate,4,Urban,23,0,7007,5930,34617
Tesla,Model 3,2023,45356,1,Minor,2,Highway,19,0,9664,2952,20009
Toyota,Camry,2024,28017,3,Moderate,1,Urban,8,0,11724,36981,53403
Tesla,Model 3,2019,21722,3,Severe,1,Highway,1,2,38459,44369,135182
Mazda,CX-5,2023,30203,3,Severe,4,Highway,17,2,30403,38448,176426
BMW,3 Series,2023,43065,3,Moderate,2,Highway,19,3,24379,36673,114264
Chevrolet,Silverado,2019,26884,2,Severe,3,Rural,17,1,34356,11375,76665
Tesla,Model Y,2022,43993,4,Total Loss,3,Rural,12,6,41793,109431,240576
Subaru,Outback,2021,16459,3,Severe,1,Urban,7,0,23887,28557,56043
Hyundai,Elantra,2023,18185,1,Minor,3,Residential,10,0,2863,2858,8026
Toyota,Camry,2024,24115,1,Moderate,2,Residential,21,0,10787,1429,15681
Toyota,Camry,2020,12697,3,Total Loss,1,Urban,9,1,12062,17224,38304
Toyota,Corolla,2020,11766,2,Moderate,4,Residential,9,1,7647,8158,31044
Tesla,Model Y,2021,33360,3,Severe,4,Urban,12,3,51028,36643,170347
Nissan,Altima,2017,7870,2,Moderate,4,Rural,22,0,6888,11173,46260
BMW,3 Series,2018,20171,4,Severe,3,Highway,8,2,33153,50066,205648
Mazda,CX-5,2024,33194,4,Total Loss,2,Residential,4,0,31534,45751,112141
Mercedes-Benz,C-Class,2022,36804,1,Minor,1,Urban,9,0,7388,2147,9137
Tesla,Model 3,2022,37147,4,Total Loss,3,Residential,2,6,35289,116996,264344
Hyundai,Elantra,2016,7554,1,Minor,2,Highway,12,0,2066,1128,5358
Hyundai,Elantra,2020,12655,3,Severe,1,Highway,3,0,20694,13887,62578
Hyundai,Elantra,2020,10459,4,Total Loss,3,Highway,13,6,9936,87060,226687
BMW,3 Series,2024,46482,3,Severe,3,Residential,12,5,56833,27176,109975
Honda,Civic,2019,9965,2,Moderate,4,Urban,10,5,7391,7730,32087
Ford,F-150,2020,27538,2,Severe,1,Residential,11,0,34827,13615,50089
BMW,3 Series,2019,16005,4,Severe,2,Urban,11,2,29404,110789,205574
Toyota,Corolla,2023,22337,3,Severe,3,Highway,12,5,25051,30758,140094
Nissan,Altima,2019,10060,4,Severe,1,Urban,1,1,19828,59899,123840
Jeep,Wrangler,2017,9279,2,Moderate,1,Residential,23,2,8062,10823,17945
Tesla,Model Y,2022,41285,1,Minor,1,Rural,12,0,8931,1097,10126
Mercedes-Benz,C-Class,2016,13416,4,Total Loss,1,Residential,21,1,12745,86958,94947
Tesla,Model 3,2023,43715,1,Moderate,3,Residential,20,0,28606,1290,46390
Mercedes-Benz,C-Class,2016,15956,3,Total Loss,2,Rural,6,2,15158,40232,74578
Hyundai,Elantra,2020,13174,2,Severe,2,Urban,22,2,20928,4566,42240
Tesla,Model Y,2020,31673,4,Total Loss,4,Highway,11,5,30089,119384,416528
Honda,Accord,2022,24730,2,Moderate,4,Highway,12,8,11306,9998,56701
Hyundai,Elantra,2024,27365,1,Minor,2,Rural,4,0,3552,3563,12544
Honda,Civic,2020,12606,1,Minor,1,Urban,19,0,2508,2604,5784
Jeep,Wrangler,2016,8557,4,Total Loss,3,Urban,10,0,8129,73328,146493
Tesla,Model Y,2020,26868,1,Minor,3,Residential,21,0,6336,2298,11111
Tesla,Model 3,2021,26924,1,Minor,4,Urban,1,0,6346,2283,19876
Jeep,Wrangler,2017,11656,4,Total Loss,2,Urban,21,0,11073,73224,139487
Chevrolet,Silverado,2024,38058,1,Minor,3,Urban,9,0,6066,3586,18444
Subaru,Outback,2015,5805,3,Severe,2,Urban,6,4,18134,16051,60356
Mazda,CX-5,2021,18338,1,Minor,4,Residential,10,0,3058,2201,8281
Jeep,Wrangler,2021,19164,4,Total Loss,1,Highway,21,1,18205,123091,189158
Tesla,Model 3,2022,38312,1,Minor,4,Urban,19,0,8396,3000,25033
Jeep,Wrangler,2018,11043,3,Total Loss,4,Residential,12,0,10490,38962,89799
BMW,3 Series,2017,15661,4,Total Loss,3,Highway,1,2,14877,100334,321236
Toyota,Corolla,2019,11424,4,Total Loss,1,Rural,1,0,10852,117329,169600
Nissan,Altima,2021,13784,2,Moderate,1,Rural,22,2,8308,8141,22991
Ford,F-150,2021,34319,4,Severe,4,Urban,18,3,39709,76244,219935
Chevrolet,Silverado,2024,52184,2,Moderate,1,Residential,20,0,23786,13003,32915
Toyota,Camry,2023,27908,4,Total Loss,3,Highway,16,1,26512,80425,223391
Ford,F-150,2018,20568,3,Severe,4,Residential,6,0,29808,43688,141402
Chevrolet,Silverado,2016,14715,3,Severe,2,Rural,5,2,25594,29855,90289
Chevrolet,Silverado,2017,15399,4,Severe,2,Residential,10,2,26087,81675,139746
Jeep,Wrangler,2017,12246,2,Moderate,2,Highway,19,4,9041,8520,32193
Ford,F-150,2019,28779,2,Moderate,1,Urban,15,1,15360,7824,28447
Hyundai,Elantra,2019,12279,3,Severe,1,Residential,21,1,20525,33220,59053
Honda,Accord,2023,29509,1,Minor,2,Highway,5,0,4008,1176,11956
Ford,F-150,2023,48830,3,Severe,2,Residential,6,3,50157,27317,84832
Ford,F-150,2018,22721,4,Total Loss,1,Residential,10,1,21584,130908,131500
Honda,Civic,2024,22049,1,Minor,2,Urban,19,0,3263,2722,8265
BMW,3 Series,2022,32112,3,Severe,2,Urban,20,4,43900,38521,122342
BMW,3 Series,2015,8622,2,Minor,4,Urban,20,7,2793,4820,17320
Mazda,CX-5,2024,29459,4,Total Loss,4,Residential,22,3,27986,45226,160637
Hyundai,Elantra,2024,26282,2,Severe,2,Residential,6,2,26826,8561,41895
Hyundai,Elantra,2022,13067,2,Moderate,2,Residential,15,2,7940,5700,15959
Tesla,Model 3,2022,29475,3,Severe,2,Highway,14,0,46833,39791,152504
Mazda,CX-5,2015,8288,3,Severe,3,Rural,11,1,19226,25543,78043
Toyota,Camry,2022,15816,3,Total Loss,1,Highway,4,0,15025,33178,88787
Tesla,Model Y,2023,47526,1,Minor,2,Residential,4,0,10054,1409,17768
Jeep,Wrangler,2024,37264,2,Minor,1,Rural,14,0,5599,12252,17459
Nissan,Altima,2015,6564,2,Moderate,2,Rural,0,0,6575,12436,33953
Chevrolet,Silverado,2017,15254,4,Total Loss,3,Residential,10,6,14491,63572,115303
Jeep,Wrangler,2021,25760,3,Total Loss,1,Urban,20,1,24472,38261,76133
BMW,3 Series,2023,33318,4,Total Loss,4,Rural,9,7,31652,114011,259210
Ford,F-150,2016,9039,2,Minor,4,Urban,21,8,2584,4260,13002
Ford,F-150,2022,22349,1,Minor,4,Urban,8,0,4181,2372,13776
Honda,Civic,2016,7390,4,Total Loss,4,Highway,14,0,7020,67004,160477
Mercedes-Benz,C-Class,2018,21339,4,Total Loss,4,Urban,22,3,20272,61716,209779
Honda,Accord,2022,21114,2,Moderate,2,Residential,12,2,10384,10981,28957
Ford,F-150,2020,18546,4,Total Loss,4,Urban,13,2,17618,112046,241253
Mazda,CX-5,2015,5725,2,Minor,1,Rural,15,2,1986,14126,15773
Mercedes-Benz,C-Class,2021,36049,4,Total Loss,1,Urban,14,2,34246,42458,99412
Toyota,Corolla,2023,23763,3,Severe,4,Urban,6,4,25693,43327,157371
Mercedes-Benz,C-Class,2022,35500,3,Total Loss,1,Rural,19,0,33725,34822,69607
Hyundai,Elantra,2021,15289,4,Severe,4,Urban,11,1,21880,88249,236812
Subaru,Outback,2024,26374,2,Severe,1,Residential,7,0,29241,4497,33149
Hyundai,Elantra,2016,5175,3,Moderate,2,Urban,16,2,6164,38900,72717
Jeep,Wrangler,2016,9826,3,Moderate,1,Highway,5,2,8242,31317,67486
Nissan,Altima,2024,23419,3,Severe,3,Highway,6,1,26241,16877,110524
Hyundai,Elantra,2016,6943,4,Total Loss,3,Urban,5,3,6595,141620,329734
Hyundai,Elantra,2016,6866,4,Severe,2,Highway,18,0,18089,83925,189611
Nissan,Altima,2017,10094,2,Moderate,3,Rural,5,4,7422,14259,46614
Ford,F-150,2018,24334,4,Total Loss,1,Highway,23,2,23117,103093,204351
Mazda,CX-5,2019,15193,4,Total Loss,3,Residential,14,0,14433,41568,75872
Hyundai,Elantra,2023,16654,4,Total Loss,4,Rural,21,3,15821,134354,274100
Mercedes-Benz,C-Class,2015,13140,2,Moderate,3,Residential,3,1,11307,13107,39244
Jeep,Wrangler,2019,12938,3,Severe,3,Urban,18,2,23539,44504,127715
Tesla,Model 3,2024,53941,3,Moderate,2,Urban,2,2,34128,22352,102989
Mercedes-Benz,C-Class,2015,9553,3,Severe,3,Urban,14,1,24170,25682,87624
Toyota,Camry,2024,24792,3,Moderate,2,Rural,10,3,10950,24566,52997
BMW,3 Series,2023,43691,2,Moderate,3,Residential,13,3,24660,12656,49879
BMW,3 Series,2020,24108,3,Severe,2,Residential,9,4,36697,13681,58705
Nissan,Altima,2024,30058,4,Severe,1,Highway,4,2,29427,57424,143010
BMW,3 Series,2023,35875,2,Moderate,3,Residential,20,0,21143,10140,44801
Nissan,Altima,2023,20150,4,Total Loss,2,Residential,23,4,19142,135266,205055
Honda,Civic,2017,6112,1,Minor,1,Urban,3,0,1988,1024,4506
Hyundai,Elantra,2018,9338,1,Minor,3,Rural,2,0,2200,3579,12593
Honda,Accord,2022,23648,3,Severe,3,Rural,16,5,27060,42402,124768
Jeep,Wrangler,2015,8038,1,Minor,3,Residential,16,0,2384,1861,5483
Honda,Civic,2019,10679,3,Severe,3,Highway,5,4,20125,40194,144885
Jeep,Wrangler,2016,11580,2,Severe,3,Urban,5,3,22642,12419,83557
Hyundai,Elantra,2022,18899,1,Minor,3,Urban,19,0,2917,2425,10038
Mazda,CX-5,2021,18630,3,Severe,3,Urban,20,5,24501,39494,125445
Honda,Accord,2021,19903,1,Minor,2,Rural,20,0,3191,1233,5171
Honda,Civic,2023,26636,1,Moderate,4,Urban,17,0,11392,1854,29835
Mazda,CX-5,2018,10557,4,Total Loss,1,Urban,6,2,10029,75026,98861
Subaru,Outback,2015,6172,1,Minor,1,Highway,19,0,2055,2830,6666
Hyundai,Elantra,2016,6795,4,Total Loss,4,Rural,14,6,6455,129506,249615
Honda,Accord,2015,8670,2,Moderate,4,Rural,18,5,7210,4378,25033
Honda,Civic,2018,8849,2,Moderate,2,Urban,16,2,7123,5487,18477
Toyota,Camry,2020,15020,1,Minor,2,Highway,1,0,2701,1372,8429
Subaru,Outback,2019,15527,1,Moderate,1,Rural,15,0,9192,2867,12509
Subaru,Outback,2016,8162,1,Moderate,3,Highway,23,0,7203,2385,24439
Toyota,Corolla,2024,18428,2,Minor,3,Urban,18,5,2882,10868,26364
Jeep,Wrangler,2021,19075,4,Severe,3,Rural,2,0,27589,90370,264358
Honda,Civic,2015,4859,3,Moderate,1,Highway,21,2,6166,35248,48857
Toyota,Camry,2018,8445,4,Total Loss,2,Highway,6,1,8022,64721,126301
Honda,Civic,2016,6252,2,Moderate,3,Urban,4,3,6500,9309,36550
Nissan,Altima,2016,8575,4,Severe,2,Highway,3,2,19116,55852,145079
Mercedes-Benz,C-Class,2024,46588,1,Minor,4,Highway,17,0,8954,1206,24858
Nissan,Altima,2021,17392,3,Severe,3,Residential,1,1,23348,30187,86562
BMW,3 Series,2017,17279,3,Severe,3,Highway,19,5,30551,12600,99101
Chevrolet,Silverado,2015,10546,2,Moderate,1,Residential,4,2,8796,12574,22253
Jeep,Wrangler,2021,24218,3,Total Loss,3,Urban,22,5,23007,42506,156067
Jeep,Wrangler,2016,8373,3,Total Loss,1,Highway,16,2,7954,33994,63741
Tesla,Model 3,2021,29611,4,Total Loss,3,Residential,21,5,28130,75872,133616
Nissan,Altima,2017,7422,4,Total Loss,1,Residential,7,2,7050,110567,119538
Toyota,Camry,2019,13861,1,Moderate,1,Residential,23,0,8326,1037,9887
Jeep,Wrangler,2021,22217,3,Moderate,2,Rural,2,2,12331,18370,51818
Mercedes-Benz,C-Class,2017,15090,4,Total Loss,1,Highway,22,1,14335,75455,161128
Tesla,Model Y,2020,29531,1,Minor,3,Residential,16,0,6815,2853,13882
Toyota,Corolla,2019,9106,4,Total Loss,3,Rural,18,3,8650,70007,132934
Jeep,Wrangler,2016,10398,1,Minor,4,Rural,11,0,2643,2737,10517
Mazda,CX-5,2021,20924,2,Moderate,4,Urban,22,6,10335,13960,68481
Subaru,Outback,2015,8643,3,Severe,1,Highway,5,1,19667,15571,66964
Toyota,Camry,2021,17318,3,Total Loss,3,Residential,3,4,16452,41546,90148
Toyota,Corolla,2022,18988,3,Moderate,2,Urban,19,4,9272,32060,68579
Nissan,Altima,2019,10234,4,Total Loss,2,Highway,19,0,9722,84430,153199
Tesla,Model Y,2021,33083,2,Moderate,1,Urban,20,0,22864,5984,29517
Hyundai,Elantra,2024,24858,1,Minor,2,Rural,16,0,3364,2207,6985
Tesla,Model Y,2024,48239,3,Moderate,3,Residential,5,2,31049,43606,133040
Tesla,Model Y,2021,28668,2,Moderate,1,Urban,17,2,20480,6896,30772
BMW,3 Series,2022,33779,1,Minor,4,Highway,12,0,6566,1689,19094
Honda,Accord,2018,10792,2,Severe,2,Rural,20,1,20503,13261,49937
Ford,F-150,2019,14322,2,Moderate,3,Urban,13,4,10155,6860,30213
Mazda,CX-5,2021,15477,2,Moderate,2,Urban,1,4,8946,4021,25599
Toyota,Corolla,2018,7031,4,Total Loss,3,Urban,19,2,6679,104487,218727
Toyota,Corolla,2017,6351,1,Minor,4,Rural,19,0,1976,2908,10062
Tesla,Model Y,2023,54950,3,Severe,4,Highway,2,7,74346,18310,286526
Ford,F-150,2019,27125,3,Moderate,3,Residential,15,0,14765,15398,47175
Mazda,CX-5,2017,8974,2,Moderate,1,Rural,13,2,7288,11616,19091
Jeep,Wrangler,2024,42745,4,Total Loss,2,Residential,7,3,40607,125122,195543
Honda,Accord,2018,14278,1,Minor,3,Highway,12,0,2713,1130,8507
Toyota,Corolla,2016,7042,2,Severe,1,Urban,9,1,18168,13138,36153
Toyota,Camry,2018,9120,1,Minor,3,Highway,19,0,2229,2823,9139
Tesla,Model 3,2021,25710,3,Total Loss,2,Residential,10,0,24424,14575,49991
Chevrolet,Silverado,2016,15639,4,Total Loss,4,Urban,6,6,14857,91728,223684
Subaru,Outback,2021,18174,4,Total Loss,4,Urban,8,1,17265,110494,271150
Mercedes-Benz,C-Class,2023,35812,1,Minor,2,Urban,7,0,7229,1811,13805
Mazda,CX-5,2018,10578,1,Minor,3,Residential,8,0,2399,1476,5446
Tesla,Model 3,2019,19081,4,Total Loss,1,Residential,10,2,18126,105944,119458
Subaru,Outback,2021,16600,3,Severe,1,Residential,17,0,23964,34719,47448
Chevrolet,Silverado,2016,11516,3,Severe,4,Rural,0,1,23291,27640,125898
Chevrolet,Silverado,2024,48648,1,Minor,3,Residential,0,0,7337,1266,14764
Chevrolet,Silverado,2023,55128,2,Severe,4,Urban,8,1,54692,6815,126449
Ford,F-150,2021,27738,1,Minor,2,Highway,12,0,4828,3456,14819
Mazda,CX-5,2023,21573,1,Minor,1,Highway,21,0,3333,2423,7810
BMW,3 Series,2021,26472,3,Severe,2,Urban,14,0,38824,40937,107026
Subaru,Outback,2019,11580,4,Severe,1,Rural,3,2,21253,117105,179715
BMW,3 Series,2022,35278,3,Severe,1,Urban,6,1,46750,42712,115329
Jeep,Wrangler,2021,21257,4,Severe,4,Rural,12,4,29029,76489,203332
Toyota,Corolla,2019,11819,4,Total Loss,2,Residential,10,4,11228,63734,97908
Nissan,Altima,2019,11273,1,Minor,2,Highway,20,0,2401,1125,5286
Subaru,Outback,2015,6526,4,Total Loss,3,Highway,2,6,6199,80604,211125
Tesla,Model Y,2023,49164,4,Total Loss,4,Residential,12,1,46705,125137,310156
Nissan,Altima,2020,11724,2,Severe,2,Residential,12,1,20627,10399,34157
Mazda,CX-5,2022,21760,4,Total Loss,2,Rural,8,2,20672,134182,180997
Tesla,Model 3,2020,27652,1,Minor,1,Highway,12,0,6477,1086,9888
Hyundai,Elantra,2018,10415,1,Minor,4,Residential,22,0,2281,3057,9516
Tesla,Model 3,2018,17036,1,Moderate,1,Highway,14,0,14199,1971,22823
Hyundai,Elantra,2017,5801,2,Moderate,3,Rural,16,6,6305,8002,20847
Honda,Civic,2022,21701,2,Moderate,1,Highway,18,2,10208,12828,25628
Mercedes-Benz,C-Class,2023,50700,3,Severe,3,Urban,11,0,63672,22253,169671
BMW,3 Series,2020,25525,2,Moderate,2,Residential,6,4,16486,12682,32631
Tesla,Model 3,2019,22908,3,Moderate,2,Highway,7,2,17370,21406,74350
Honda,Civic,2023,24461,3,Severe,3,Urban,0,3,26741,37062,141287
Chevrolet,Silverado,2022,44822,4,Total Loss,3,Highway,20,0,42580,70255,264791
Toyota,Corolla,2024,25187,4,Severe,4,Rural,15,1,26334,121466,252585
Subaru,Outback,2019,12069,3,Severe,2,Highway,22,3,21517,14167,88213
Toyota,Camry,2023,22304,4,Total Loss,3,Urban,6,1,21188,100324,207104
Ford,F-150,2021,28842,3,Moderate,1,Urban,10,0,15383,19972,50583
Mercedes-Benz,C-Class,2024,46205,3,Severe,1,Residential,19,1,59356,17036,74384
Subaru,Outback,2015,8340,3,Severe,1,Highway,13,2,19503,21534,49369
Honda,Accord,2016,6114,2,Moderate,1,Urban,5,0,6559,6602,18725
Nissan,Altima,2017,7110,4,Severe,2,Urban,9,2,18412,111022,199749
Ford,F-150,2022,22286,4,Total Loss,1,Residential,9,0,21171,43645,67662
Nissan,Altima,2021,17005,4,Total Loss,2,Urban,20,3,16154,80443,129206
Toyota,Corolla,2022,13559,3,Total Loss,4,Urban,23,1,12881,36495,143063
Toyota,Camry,2015,6909,2,Severe,3,Highway,14,1,18316,4566,44164
Honda,Civic,2017,7563,1,Minor,1,Residential,14,0,2105,3369,4586
Hyundai,Elantra,2024,26920,2,Minor,2,Highway,4,2,3519,11413,26065
Toyota,Camry,2022,17946,3,Moderate,3,Residential,9,6,9307,21760,45901
Chevrolet,Silverado,2018,19342,4,Severe,4,Residential,19,7,28926,53675,140200
Subaru,Outback,2023,22113,3,Total Loss,4,Rural,12,6,21007,29247,111608
Honda,Civic,2017,8521,4,Total Loss,3,Highway,12,5,8094,100977,219704
Honda,Accord,2024,25989,1,Minor,4,Highway,6,0,3709,1599,13141
Nissan,Altima,2017,9370,2,Moderate,4,Highway,14,7,7248,8527,37917
Honda,Accord,2018,11937,3,Severe,3,Urban,13,4,21087,12983,55740
Toyota,Corolla,2024,23020,3,Moderate,1,Urban,11,2,10179,27880,40961
Jeep,Wrangler,2022,22215,2,Moderate,4,Residential,18,8,12330,10138,38085
Toyota,Camry,2018,10175,2,Minor,1,Highway,4,0,2314,7410,17146
Chevrolet,Silverado,2020,26391,3,Moderate,1,Residential,14,1,14500,19501,31871
Honda,Accord,2022,23426,2,Minor,3,Rural,2,3,3491,6656,18215
Mercedes-Benz,C-Class,2022,31357,4,Severe,3,Highway,5,4,45102,54348,255430
Tesla,Model 3,2018,20677,2,Moderate,4,Rural,14,1,16165,7087,44680
Ford,F-150,2019,19772,3,Severe,4,Highway,19,4,29235,39541,154703
Tesla,Model Y,2020,26717,4,Total Loss,1,Urban,20,1,25381,137668,177658
Mazda,CX-5,2016,6840,1,Minor,4,Rural,2,0,2081,2558,10454
Hyundai,Elantra,2024,21438,2,Moderate,1,Urban,17,1,9823,9863,22733
Nissan,Altima,2016,7804,4,Total Loss,4,Residential,11,5,7413,53572,119540
Toyota,Camry,2018,10620,2,Moderate,1,Rural,4,2,7548,8528,16888
Jeep,Wrangler,2017,12221,1,Minor,4,Highway,18,0,2844,2510,14199
BMW,3 Series,2016,12100,4,Total Loss,4,Urban,11,4,11495,63881,155047
Toyota,Camry,2022,15254,1,Minor,3,Highway,17,0,2720,1388,9802
Mercedes-Benz,C-Class,2023,36010,3,Severe,2,Residential,6,4,49569,24164,95435
Hyundai,Elantra,2018,9166,3,Severe,3,Urban,8,2,19124,19858,64821
Mazda,CX-5,2019,11759,3,Severe,1,Urban,0,0,20997,36705,84736
Chevrolet,Silverado,2024,67680,2,Minor,4,Residential,23,0,9621,7693,30951
Jeep,Wrangler,2018,11481,4,Total Loss,3,Highway,6,6,10906,60076,132180
Nissan,Altima,2022,17983,2,Minor,3,Urban,15,2,2938,10012,26175
Nissan,Altima,2018,10603,4,Total Loss,4,Rural,16,7,10072,58585,126848
Subaru,Outback,2020,17533,4,Total Loss,2,Urban,19,1,16656,61782,117693
Honda,Accord,2022,25044,3,Severe,3,Urban,14,2,27772,33365,112494
Honda,Accord,2024,26485,4,Total Loss,3,Residential,5,3,25160,44731,110375
BMW,3 Series,2016,9539,1,Minor,1,Highway,10,0,2930,2638,6800
Subaru,Outback,2016,9763,2,Severe,1,Rural,6,2,20272,8972,25587
Tesla,Model Y,2022,45482,1,Minor,2,Residential,14,0,9686,3138,16424
Ford,F-150,2016,17119,4,Severe,2,Urban,3,4,27325,44472,110015
Tesla,Model Y,2021,36800,1,Moderate,2,Rural,11,0,24872,1028,37177
Hyundai,Elantra,2017,6062,3,Severe,3,Highway,13,0,17727,35588,122126
Chevrolet,Silverado,2023,45061,2,Minor,4,Highway,17,0,6907,6572,33009
BMW,3 Series,2019,24144,2,Moderate,3,Urban,17,5,15864,6755,41893
BMW,3 Series,2017,14484,4,Total Loss,4,Rural,1,8,13759,128894,350188
BMW,3 Series,2023,36699,3,Total Loss,4,Highway,5,8,34864,25481,206446
Hyundai,Elantra,2021,14457,4,Total Loss,3,Residential,15,2,13734,113447,208728
Subaru,Outback,2020,19233,4,Total Loss,2,Residential,9,3,18271,81711,133212
Honda,Civic,2022,13911,3,Moderate,1,Highway,6,1,8338,27312,57045
Mercedes-Benz,C-Class,2024,46076,1,Minor,4,Urban,20,0,8872,1774,20628
Subaru,Outback,2015,8073,3,Severe,3,Rural,3,2,19359,35564,97579
Subaru,Outback,2019,16134,1,Minor,1,Highway,12,0,2952,2951,6743
Hyundai,Elantra,2019,9015,3,Severe,1,Rural,6,0,19056,14771,40342
Subaru,Outback,2018,12164,1,Minor,3,Urban,6,0,2594,1817,7215
Jeep,Wrangler,2021,26151,4,Severe,4,Urban,5,6,32259,141543,513655
Nissan,Altima,2019,9003,2,Moderate,1,Urban,14,2,7160,10452,20203
Honda,Accord,2019,12814,3,Total Loss,1,Urban,5,1,12173,15164,36662
Ford,F-150,2021,37957,3,Severe,3,Rural,13,2,42329,26861,126800
Nissan,Altima,2016,8007,1,Minor,4,Residential,15,0,2140,2695,9030
BMW,3 Series,2022,36291,2,Moderate,4,Urban,15,1,21330,8566,68276
BMW,3 Series,2020,28159,4,Total Loss,3,Rural,16,0,26751,56413,137860
Honda,Accord,2019,12411,3,Severe,2,Highway,4,1,21329,16599,95884
Subaru,Outback,2016,7412,2,Minor,2,Urban,5,0,2167,10875,21579
Honda,Accord,2020,11666,3,Severe,4,Rural,12,6,20949,26312,94671
Toyota,Corolla,2017,6939,4,Total Loss,1,Highway,0,1,6592,59370,107090
Toyota,Corolla,2022,20154,2,Minor,4,Rural,15,3,3011,4113,15321
BMW,3 Series,2017,13291,4,Total Loss,1,Residential,22,1,12626,131149,169081
Hyundai,Elantra,2024,27136,4,Total Loss,3,Residential,3,1,25779,87989,176959
BMW,3 Series,2018,13469,4,Total Loss,3,Urban,17,2,12795,42024,101434
Jeep,Wrangler,2024,38522,1,Minor,1,Urban,4,0,5737,1564,10265
Chevrolet,Silverado,2015,13113,3,Moderate,4,Residential,21,6,9720,30738,70078
Tesla,Model Y,2021,28623,1,Minor,3,Residential,22,0,6652,3026,16914
BMW,3 Series,2024,36826,3,Moderate,2,Rural,1,2,21571,38940,86680
Chevrolet,Silverado,2023,37091,2,Severe,2,Rural,4,1,41705,8635,80719
Nissan,Altima,2024,24881,1,Minor,2,Rural,16,0,3490,1576,6866
Tesla,Model 3,2022,32896,2,Moderate,4,Urban,22,8,22763,13868,89250
BMW,3 Series,2018,14718,1,Minor,3,Residential,9,0,3707,1962,8170
Tesla,Model 3,2018,16561,1,Moderate,1,Urban,5,0,13942,2632,19681
Tesla,Model 3,2019,23652,4,Severe,4,Urban,3,2,40544,54444,239945
Ford,F-150,2022,42180,1,Minor,2,Urban,0,0,6561,2137,12872
Jeep,Wrangler,2022,23895,4,Total Loss,4,Residential,14,3,22700,118289,254059
Toyota,Camry,2015,6068,1,Moderate,3,Urban,22,0,6456,1853,19281
Toyota,Corolla,2018,9216,4,Total Loss,2,Highway,8,1,8755,135013,233177
Chevrolet,Silverado,2015,12527,2,Moderate,3,Highway,6,5,9509,10719,41886
Toyota,Corolla,2023,15489,2,Minor,1,Residential,12,2,2661,10336,11505
Subaru,Outback,2023,32087,2,Moderate,2,Urban,19,4,13663,11078,31041
Mercedes-Benz,C-Class,2020,29666,2,Moderate,2,Rural,13,2,19239,8908,36397
Hyundai,Elantra,2021,11996,2,Moderate,3,Residential,3,4,7699,9106,29163
Mercedes-Benz,C-Class,2015,13230,2,Moderate,2,Rural,13,2,11350,6821,21305
Mercedes-Benz,C-Class,2024,44077,2,Severe,3,Highway,23,1,57313,4077,142185
Tesla,Model Y,2022,38949,1,Moderate,1,Residential,12,0,26032,3533,24143
Toyota,Camry,2021,15655,4,Total Loss,3,Residential,0,1,14872,132897,239452
Toyota,Camry,2019,14432,2,Severe,1,Highway,12,2,21927,12445,46665
Nissan,Altima,2020,13519,4,Severe,1,Rural,13,1,21489,46492,68358
Mercedes-Benz,C-Class,2021,24687,2,Moderate,1,Urban,22,0,16849,7881,36898
Honda,Civic,2019,11406,4,Severe,4,Rural,5,8,20474,89908,268554
BMW,3 Series,2021,23018,3,Severe,4,Highway,11,0,35716,40622,170138
Toyota,Camry,2017,10546,2,Severe,4,Highway,14,5,20062,4370,57673
Mercedes-Benz,C-Class,2020,27592,1,Minor,1,Urban,3,0,5914,3284,13801
Toyota,Corolla,2015,5335,2,Moderate,2,Highway,8,2,6200,9872,30147
Mercedes-Benz,C-Class,2020,27462,1,Minor,2,Rural,8,0,5893,2445,11006
Tesla,Model Y,2022,38946,2,Minor,1,Urban,20,2,8510,11519,22347
Tesla,Model Y,2021,39498,2,Moderate,1,Residential,23,0,26328,7765,38888
Toyota,Corolla,2019,11000,1,Minor,1,Rural,12,0,2325,1229,4041
Toyota,Corolla,2017,6483,4,Severe,3,Rural,8,5,17917,76323,156235
Hyundai,Elantra,2015,5741,3,Severe,4,Residential,10,4,17583,18255,74397
Hyundai,Elantra,2022,18985,1,Minor,4,Residential,1,0,2923,2332,12355
Toyota,Corolla,2022,14338,3,Total Loss,4,Residential,22,8,13621,29208,98926
Honda,Civic,2020,13663,3,Total Loss,1,Rural,6,1,12979,12763,25597
Mercedes-Benz,C-Class,2020,24349,3,Moderate,3,Urban,0,0,16687,38592,128659
Subaru,Outback,2018,13076,1,Minor,2,Rural,9,0,2676,1430,5372
Mazda,CX-5,2022,24539,2,Severe,4,Urban,14,2,27514,9211,71850
Ford,F-150,2016,14733,3,Moderate,4,Highway,2,1,10303,32699,134042
Chevrolet,Silverado,2016,15969,4,Total Loss,2,Highway,22,0,15170,139287,341338
Ford,F-150,2018,12165,2,Minor,2,Highway,10,1,2959,7471,18146
Honda,Civic,2018,9135,3,Severe,3,Urban,21,5,19384,30706,104773
Toyota,Camry,2017,7357,4,Total Loss,2,Urban,8,1,6989,133647,225902
Chevrolet,Silverado,2023,28594,4,Total Loss,2,Rural,7,4,27164,140601,252572
Toyota,Camry,2020,12590,2,Severe,1,Rural,4,2,21043,13281,36624
Tesla,Model 3,2021,32790,2,Minor,1,Highway,3,2,7402,5195,20060
Mercedes-Benz,C-Class,2018,18706,4,Total Loss,2,Highway,2,3,17770,87559,214552
Ford,F-150,2021,24050,2,Severe,4,Rural,16,5,32316,9869,78970
BMW,3 Series,2019,17516,1,Minor,1,Rural,17,0,4127,2170,6063
Honda,Civic,2019,9607,4,Total Loss,2,Residential,22,3,9126,71559,133260
Jeep,Wrangler,2021,18000,2,Moderate,1,Rural,14,1,10940,7119,17018
Jeep,Wrangler,2023,34796,4,Severe,4,Rural,8,7,37965,112752,310349
Honda,Civic,2015,7242,3,Total Loss,1,Urban,11,0,6879,34778,50731
Toyota,Corolla,2017,8361,2,Moderate,3,Residential,10,3,6881,14347,33957
Hyundai,Elantra,2015,4345,2,Moderate,3,Highway,18,5,5977,13683,37400
Chevrolet,Silverado,2017,10605,3,Severe,1,Highway,23,2,22635,15856,73106
Subaru,Outback,2016,10347,1,Moderate,2,Rural,9,0,7793,2744,15947
Ford,F-150,2019,28072,3,Severe,2,Urban,2,0,35211,26235,104902
Honda,Civic,2018,8296,2,Moderate,1,Urban,6,2,6991,6206,15383
Jeep,Wrangler,2023,35435,3,Severe,2,Residential,5,0,38387,30460,92483
Jeep,Wrangler,2018,13114,2,Minor,4,Highway,3,2,2942,6008,29655
Tesla,Model 3,2024,47030,1,Moderate,2,Residential,16,0,30396,1417,39746
Subaru,Outback,2021,20145,3,Total Loss,2,Urban,23,1,19137,34564,109991
Honda,Accord,2024,26693,2,Minor,2,Rural,23,1,3768,8903,19621
Honda,Accord,2017,10509,1,Moderate,3,Highway,11,0,7679,1661,17972
Honda,Accord,2024,36652,1,Minor,2,Rural,12,0,4615,2685,10740
Nissan,Altima,2023,27030,3,Severe,3,Rural,21,4,27974,33075,108007
Mercedes-Benz,C-Class,2019,19988,2,Moderate,3,Highway,10,2,14594,6188,46255
Chevrolet,Silverado,2018,15059,1,Minor,3,Residential,0,0,3307,1779,10004
Honda,Accord,2024,34423,4,Total Loss,2,Residential,20,2,32701,135206,189698
Honda,Civic,2019,11251,4,Severe,4,Residential,6,4,20400,117471,247326
Nissan,Altima,2017,8232,4,Total Loss,1,Highway,12,0,7820,103802,168463
Honda,Accord,2015,6724,3,Severe,1,Rural,8,2,18429,38269,51005
Nissan,Altima,2020,10949,2,Moderate,3,Highway,12,3,7627,4301,24493
Jeep,Wrangler,2017,9961,2,Minor,3,Residential,23,1,2595,7375,16379
Mazda,CX-5,2018,12864,1,Moderate,3,Urban,2,0,8280,2383,22275
Jeep,Wrangler,2024,34668,3,Severe,2,Rural,7,3,37880,13479,62365
BMW,3 Series,2016,13611,3,Total Loss,3,Highway,13,4,12930,31929,109606
Toyota,Corolla,2017,8032,4,Total Loss,3,Rural,10,2,7630,108274,205864
Ford,F-150,2019,15825,1,Minor,1,Urban,10,0,3399,3112,6427
Mercedes-Benz,C-Class,2024,42409,2,Moderate,4,Rural,18,2,25356,13421,77806
Honda,Accord,2020,16889,1,Moderate,1,Residential,15,0,9306,2867,12381
Mercedes-Benz,C-Class,2016,14031,1,Minor,4,Urban,20,0,3744,2235,10918
Mazda,CX-5,2019,11084,4,Total Loss,4,Urban,21,4,10529,57285,128096
Tesla,Model Y,2024,61060,3,Total Loss,4,Highway,23,8,58007,37762,320313
Honda,Accord,2022,17396,4,Total Loss,1,Urban,16,1,16526,117134,138055
Honda,Civic,2023,16528,2,Moderate,2,Rural,0,3,8966,5633,24690
Ford,F-150,2021,31314,1,Minor,2,Urban,2,0,5257,1297,9667
Toyota,Corolla,2022,16660,4,Total Loss,1,Residential,21,0,15827,106381,104531
Tesla,Model Y,2020,28997,1,Minor,3,Residential,5,0,6719,2433,14478
Honda,Civic,2018,10836,2,Severe,2,Urban,13,4,20201,13001,41645
Ford,F-150,2016,14364,4,Total Loss,3,Rural,19,1,13645,64978,142217
BMW,3 Series,2016,12120,1,Minor,4,Residential,4,0,3318,2978,11972
Ford,F-150,2022,23203,4,Total Loss,2,Rural,18,2,22042,110743,151092
Nissan,Altima,2017,8880,1,Minor,3,Rural,11,0,2210,2430,8301
Honda,Accord,2018,9130,3,Severe,2,Highway,6,4,19656,38271,107414
Honda,Accord,2023,21394,1,Moderate,4,Residential,7,0,10455,2114,20856
Mercedes-Benz,C-Class,2017,16085,1,Minor,3,Urban,4,0,4073,1185,10279
Subaru,Outback,2015,7825,4,Total Loss,4,Rural,19,1,7433,115714,233598
Honda,Civic,2021,19281,4,Total Loss,3,Rural,19,0,18316,115190,235353
Tesla,Model 3,2022,39603,3,Severe,2,Highway,22,3,57771,32857,177971
Jeep,Wrangler,2019,17406,1,Minor,2,Highway,19,0,3414,1969,8666
Nissan,Altima,2021,16136,3,Total Loss,3,Residential,14,2,15329,22114,66828
Nissan,Altima,2016,5998,2,Moderate,3,Rural,9,6,6439,7781,21300
Honda,Civic,2019,9411,1,Minor,2,Rural,15,0,2252,2837,5645
Chevrolet,Silverado,2016,10522,4,Total Loss,1,Residential,1,1,9995,45421,59927
Mercedes-Benz,C-Class,2022,32395,4,Severe,2,Highway,23,3,46099,70767,234382
Jeep,Wrangler,2021,21146,2,Moderate,4,Residential,18,1,11978,4445,26607
Toyota,Camry,2015,6893,4,Severe,4,Rural,23,1,18308,78884,214508
Toyota,Corolla,2022,19802,1,Moderate,1,Residential,14,0,9455,1637,10773
Jeep,Wrangler,2019,19699,4,Severe,1,Urban,3,0,28001,88413,149554
Honda,Accord,2018,14192,1,Minor,1,Rural,4,0,2706,1638,5464
Hyundai,Elantra,2024,27011,3,Severe,4,Residential,17,0,27154,32533,123595
Toyota,Camry,2016,8605,4,Severe,2,Rural,8,3,19130,101616,184412
Nissan,Altima,2022,15179,4,Total Loss,3,Highway,1,0,14420,112359,339285
Jeep,Wrangler,2016,8206,3,Moderate,3,Rural,5,0,7707,20089,52343
Honda,Accord,2023,30736,1,Minor,1,Urban,4,0,4112,2926,9946
Honda,Accord,2022,19220,4,Total Loss,4,Highway,10,8,18259,59698,186376
Nissan,Altima,2021,16704,2,Moderate,2,Rural,13,3,9008,8733,24209
Chevrolet,Silverado,2015,8034,3,Moderate,1,Urban,16,2,7892,28233,48316
Mazda,CX-5,2017,10663,2,Severe,3,Urban,14,2,20438,13158,51621
Nissan,Altima,2018,11237,1,Minor,4,Highway,10,0,2398,3233,15960
Chevrolet,Silverado,2015,14577,3,Total Loss,1,Highway,7,1,13848,24418,53268
Subaru,Outback,2021,21062,2,Moderate,1,Highway,16,1,10686,9653,24372
Toyota,Corolla,2022,20172,3,Moderate,3,Residential,19,6,9538,30591,60893
Jeep,Wrangler,2017,13844,1,Minor,2,Residential,22,0,3022,2474,6968
Nissan,Altima,2023,24736,3,Total Loss,1,Residential,3,0,23499,41495,64023
Toyota,Camry,2024,29201,1,Minor,4,Urban,16,0,3836,2629,15023
Jeep,Wrangler,2021,22849,1,Minor,4,Residential,5,0,4013,1615,12078
Ford,F-150,2017,17190,4,Total Loss,2,Highway,8,1,16330,48854,115252
Mazda,CX-5,2020,13002,1,Minor,3,Urban,5,0,2605,3460,13092
Honda,Civic,2023,25461,4,Total Loss,1,Highway,13,0,24187,114595,203936
Hyundai,Elantra,2020,10501,3,Moderate,4,Urban,12,7,7362,16353,45212
Chevrolet,Silverado,2019,18389,3,Total Loss,1,Urban,15,2,17469,30204,60027
Chevrolet,Silverado,2021,25221,2,Moderate,1,Residential,20,0,14079,6902,18842
Mercedes-Benz,C-Class,2017,16357,2,Severe,2,Urban,21,2,30702,9788,61963
Toyota,Camry,2016,5608,1,Minor,2,Rural,0,0,1948,1661,5440
Jeep,Wrangler,2016,7813,3,Severe,2,Rural,6,2,20156,35683,80371
Nissan,Altima,2021,14888,4,Total Loss,4,Residential,0,6,14143,121131,281695
Mercedes-Benz,C-Class,2015,12441,3,Severe,3,Rural,7,0,26943,31836,98978
Toyota,Camry,2022,16407,3,Severe,3,Residential,0,3,22875,43635,109108
Hyundai,Elantra,2023,21147,2,Minor,1,Highway,16,2,3086,9225,14044
Mazda,CX-5,2020,13252,3,Moderate,3,Rural,12,4,8379,28270,60182
Jeep,Wrangler,2020,14665,3,Severe,1,Residential,6,0,24678,27409,45822
Honda,Accord,2022,17981,1,Minor,2,Urban,17,0,3028,2283,8422
Subaru,Outback,2024,26744,4,Total Loss,2,Highway,7,1,25406,64414,151429
Jeep,Wrangler,2024,36327,3,Severe,4,Highway,19,5,38975,37272,217388
Honda,Accord,2023,27819,2,Moderate,3,Residential,2,0,12093,4586,25995
Nissan,Altima,2023,26837,3,Moderate,4,Highway,2,8,11440,33138,139272
BMW,3 Series,2018,16888,4,Total Loss,4,Residential,18,0,16043,141277,303678
Jeep,Wrangler,2019,14258,4,Total Loss,1,Rural,12,1,13545,80931,104404
Mazda,CX-5,2019,12336,2,Moderate,4,Highway,23,5,8145,9796,45773
Hyundai,Elantra,2021,14982,1,Minor,2,Urban,12,0,2623,1401,4969
BMW,3 Series,2023,33085,1,Minor,3,Residential,11,0,6462,1503,10998
Nissan,Altima,2019,13902,2,Moderate,2,Residential,10,0,8336,12189,26535
Mazda,CX-5,2018,11481,2,Minor,2,Residential,11,1,2475,12672,15633
Hyundai,Elantra,2016,5157,4,Total Loss,2,Highway,11,2,4899,122110,191980
Toyota,Corolla,2020,11190,1,Moderate,2,Urban,17,0,7517,2289,13105
Mercedes-Benz,C-Class,2017,12975,2,Moderate,4,Highway,8,6,11228,5435,47739
Tesla,Model 3,2022,29311,4,Total Loss,2,Urban,21,0,27845,100090,186469
Tesla,Model 3,2023,43851,1,Minor,2,Urban,8,0,9393,2485,19159
Chevrolet,Silverado,2021,37532,2,Moderate,2,Highway,2,3,18511,7642,49107
Toyota,Corolla,2017,5972,4,Total Loss,2,Highway,16,2,5673,92920,181213
Tesla,Model Y,2021,29603,1,Minor,1,Residential,7,0,6828,1492,8421
Toyota,Camry,2024,28747,4,Total Loss,2,Residential,17,4,27309,81734,149558
Toyota,Corolla,2016,5409,1,Minor,4,Highway,6,0,1905,1107,7133
BMW,3 Series,2023,45648,4,Total Loss,3,Urban,6,5,43365,142725,281107
Mercedes-Benz,C-Class,2015,13721,3,Severe,3,Highway,21,2,28172,20685,116496
Toyota,Corolla,2021,12585,3,Moderate,3,Residential,4,3,7831,22450,55367
Tesla,Model 3,2022,34694,1,Moderate,3,Highway,8,0,23734,1799,46731
Ford,F-150,2022,22796,3,Moderate,4,Urban,5,5,13206,12811,73259
Chevrolet,Silverado,2022,31454,1,Minor,4,Highway,11,0,5274,1301,18360
Honda,Accord,2019,12339,4,Total Loss,4,Rural,7,6,11722,97588,191476
Mazda,CX-5,2018,12940,3,Moderate,1,Rural,3,2,8299,38276,59877
Mercedes-Benz,C-Class,2024,42030,3,Severe,4,Residential,8,4,55348,30497,162290
Mazda,CX-5,2015,6154,4,Total Loss,1,Residential,3,0,5846,116591,133039
Chevrolet,Silverado,2024,61897,3,Severe,4,Highway,6,3,59565,17420,198659
Nissan,Altima,2016,7410,4,Severe,3,Urban,13,5,18556,58783,140451
Mazda,CX-5,2020,17712,1,Minor,1,Urban,11,0,3005,3449,6473
Jeep,Wrangler,2022,29819,2,Minor,2,Residential,8,2,4780,7019,14366
Honda,Accord,2023,31427,4,Severe,2,Urban,11,0,31027,112410,209742
Honda,Accord,2024,32474,2,Moderate,2,Rural,22,1,13280,11718,45130
Ford,F-150,2017,10377,4,Severe,1,Urban,3,2,22471,133070,213864
Honda,Civic,2022,15819,1,Minor,4,Highway,8,0,2765,3542,16201
Nissan,Altima,2017,7382,1,Minor,2,Urban,12,0,2090,2213,6449
Toyota,Corolla,2015,6198,1,Moderate,4,Highway,9,0,6394,1107,18567
Chevrolet,Silverado,2018,24272,2,Moderate,3,Rural,9,1,13737,8826,41160
Mercedes-Benz,C-Class,2018,17354,3,Total Loss,3,Urban,22,3,16486,12744,63514
Toyota,Camry,2015,7153,3,Moderate,2,Highway,2,2,6716,41918,93786
Hyundai,Elantra,2020,13916,4,Severe,2,Urban,20,3,21262,109642,192707
Mazda,CX-5,2023,24811,2,Severe,4,Urban,19,1,27653,10007,77302
Subaru,Outback,2018,11305,1,Minor,1,Urban,23,0,2517,3227,8702
BMW,3 Series,2016,11255,1,Minor,1,Rural,2,0,3188,2894,6249
Mercedes-Benz,C-Class,2020,22455,3,Severe,1,Rural,21,2,36556,13752,52552
Tesla,Model 3,2024,40708,2,Minor,2,Urban,10,0,8827,12638,28402
Chevrolet,Silverado,2022,25996,4,Total Loss,1,Highway,0,2,24696,55181,141276
Honda,Civic,2021,11859,3,Severe,3,Residential,18,5,20692,35515,100147
Hyundai,Elantra,2020,12109,2,Moderate,1,Highway,15,0,7724,12804,30550
Tesla,Model 3,2020,28340,2,Moderate,3,Rural,5,6,20303,8399,60788
Mazda,CX-5,2021,16316,1,Moderate,1,Urban,20,0,9160,1451,13562
Mercedes-Benz,C-Class,2018,19353,3,Severe,4,Highway,6,4,33578,18342,119511
Toyota,Corolla,2015,5859,3,Severe,4,Urban,12,1,17636,33913,105946
Mazda,CX-5,2019,11282,4,Total Loss,2,Residential,23,3,10717,67673,126728
Honda,Civic,2018,7949,4,Total Loss,4,Urban,19,5,7551,47115,134852
Honda,Civic,2015,6362,2,Minor,4,Residential,12,1,2008,9190,19608
Toyota,Corolla,2018,10555,3,Severe,3,Urban,20,0,19749,44917,112287
Chevrolet,Silverado,2019,15802,2,Moderate,1,Rural,1,2,10688,6304,18502
Ford,F-150,2015,11558,2,Minor,1,Urban,11,0,2886,7788,10578
Subaru,Outback,2021,21265,4,Total Loss,1,Rural,11,0,20201,66193,90488
Toyota,Corolla,2022,17683,1,Minor,3,Residential,13,0,2826,3105,8443
Mazda,CX-5,2017,8791,1,Minor,3,Urban,2,0,2247,1507,8981
Hyundai,Elantra,2024,26869,2,Moderate,3,Residential,3,5,11045,6350,28263
Toyota,Corolla,2016,7295,2,Moderate,2,Urban,14,2,6641,4385,17503
Mercedes-Benz,C-Class,2020,28623,3,Severe,2,Residential,15,2,42478,17016,72235
Mazda,CX-5,2024,34154,4,Total Loss,1,Residential,3,2,32446,74358,129273
Honda,Civic,2018,10206,4,Total Loss,4,Highway,14,6,9695,143339,354841
Chevrolet,Silverado,2019,26854,1,Minor,3,Highway,21,0,4722,2200,14240
BMW,3 Series,2019,22674,1,Moderate,4,Urban,4,0,15203,2482,40300
Toyota,Camry,2016,9170,2,Moderate,3,Rural,20,3,7200,12705,28870
Honda,Civic,2022,18716,2,Moderate,2,Rural,23,4,9491,8826,25057
Nissan,Altima,2022,22848,3,Total Loss,3,Highway,15,6,21705,25680,115398
Toyota,Corolla,2016,5159,3,Severe,3,Residential,20,1,17321,42810,77982
BMW,3 Series,2018,18565,3,Moderate,3,Highway,13,2,13354,32209,91618
Tesla,Model 3,2024,43055,2,Moderate,1,Highway,11,1,28249,5505,43893
Subaru,Outback,2019,11833,3,Severe,3,Residential,6,1,21389,36159,88988
BMW,3 Series,2016,12213,2,Moderate,2,Urban,11,2,10495,9186,29625
Jeep,Wrangler,2018,14006,2,Moderate,4,Urban,16,6,9621,4584,28346
Jeep,Wrangler,2023,36839,2,Minor,4,Rural,17,1,5552,6983,22269
BMW,3 Series,2022,33320,4,Total Loss,1,Rural,15,0,31654,122046,152708
Hyundai,Elantra,2015,5181,3,Severe,4,Urban,0,5,17331,22859,105000
Nissan,Altima,2017,8072,3,Severe,1,Rural,19,1,18874,14619,34674
Toyota,Camry,2021,15515,3,Severe,4,Urban,16,8,22447,40012,148281
Subaru,Outback,2019,14951,2,Minor,3,Rural,10,6,2845,5703,15343
Mercedes-Benz,C-Class,2024,47744,1,Minor,2,Rural,12,0,9139,3008,17923
Hyundai,Elantra,2018,6938,3,Severe,2,Rural,4,0,18122,25848,84120
Tesla,Model 3,2018,19561,4,Severe,1,Urban,13,0,36125,97574,162583
BMW,3 Series,2023,42142,4,Total Loss,4,Highway,11,1,40034,78923,316898
Mazda,CX-5,2018,11789,2,Severe,2,Urban,17,0,21012,4926,35059
Toyota,Camry,2022,24372,1,Minor,1,Residential,20,0,3449,1844,5233
Toyota,Camry,2022,17944,4,Total Loss,2,Residential,10,4,17046,141908,209654
Chevrolet,Silverado,2019,19462,2,Severe,3,Residential,10,6,29012,6965,57829
Honda,Civic,2015,6547,2,Severe,4,Residential,23,0,18142,6132,46298
Ford,F-150,2023,39038,2,Minor,2,Highway,7,1,6184,10728,24722
Mazda,CX-5,2018,10112,3,Total Loss,2,Urban,10,2,9606,14791,34624
Mercedes-Benz,C-Class,2021,31217,4,Total Loss,4,Urban,22,5,29656,100171,289790
Honda,Civic,2016,7878,4,Total Loss,3,Residential,13,3,7484,136020,206617
Honda,Civic,2023,23167,2,Moderate,4,Residential,2,4,10560,7428,34884
Hyundai,Elantra,2021,15112,1,Moderate,2,Rural,9,0,8400,2492,12302
Honda,Accord,2017,8332,1,Minor,4,Residential,18,0,2208,3509,9756
Honda,Civic,2016,6758,2,Moderate,3,Rural,21,6,6621,11218,25428
Tesla,Model Y,2021,29967,3,Total Loss,3,Rural,2,6,28468,23898,94557
Tesla,Model 3,2019,22880,3,Total Loss,3,Residential,14,5,21736,36677,76586
Mazda,CX-5,2018,12467,2,Minor,3,Residential,8,1,2559,12391,19933
Mazda,CX-5,2016,8027,2,Moderate,3,Highway,13,4,7046,6398,25861
Jeep,Wrangler,2016,11730,3,Total Loss,2,Residential,0,0,11143,19830,44110
Hyundai,Elantra,2022,18514,1,Minor,2,Highway,7,0,2888,3409,10771
Tesla,Model Y,2024,50577,2,Moderate,1,Residential,18,0,32311,11411,35117
Hyundai,Elantra,2023,18792,1,Minor,4,Urban,9,0,2909,2756,11101
Tesla,Model 3,2020,27319,1,Minor,4,Urban,6,0,6417,2937,16937
Honda,Civic,2021,18668,4,Severe,2,Rural,6,1,23960,42360,93565
Subaru,Outback,2024,31175,2,Severe,4,Rural,4,5,31834,4763,80359
BMW,3 Series,2024,50596,3,Severe,1,Rural,7,1,60536,20520,90155
Subaru,Outback,2022,23699,4,Total Loss,3,Rural,5,6,22514,47952,147503
Toyota,Corolla,2015,5731,1,Minor,4,Residential,1,0,1929,2123,7389
Ford,F-150,2021,21781,4,Total Loss,4,Rural,15,4,20691,60650,159787
Ford,F-150,2021,31602,1,Minor,4,Residential,3,0,5292,1341,13961
BMW,3 Series,2019,18426,3,Severe,4,Highway,11,7,31583,42239,177528
Hyundai,Elantra,2020,10979,4,Total Loss,4,Highway,14,5,10430,142289,428477
Tesla,Model 3,2020,24483,1,Minor,3,Highway,20,0,5906,3342,21140
BMW,3 Series,2022,29581,4,Total Loss,3,Rural,18,5,28101,58358,143948
Nissan,Altima,2019,14186,2,Moderate,1,Residential,13,2,8404,4368,13401
Honda,Civic,2015,5966,1,Minor,1,Urban,8,0,1977,3264,6530
BMW,3 Series,2016,11189,2,Moderate,1,Highway,10,1,10035,7288,22836
Chevrolet,Silverado,2016,10773,1,Minor,1,Urban,18,0,2792,1643,5405
Mazda,CX-5,2019,13951,4,Total Loss,4,Urban,11,7,13253,81844,204549
Toyota,Camry,2020,13620,1,Minor,3,Residential,21,0,2589,1772,6003
Honda,Accord,2020,12913,4,Total Loss,1,Urban,2,1,12267,105216,148913
Toyota,Corolla,2023,16017,2,Moderate,2,Rural,20,4,8603,14028,27514
BMW,3 Series,2023,40510,4,Severe,1,Highway,10,1,51459,108928,210156
Honda,Accord,2023,25980,1,Minor,4,Residential,1,0,3708,2285,13553
Honda,Accord,2017,10186,4,Total Loss,2,Rural,16,1,9676,92032,153541
Jeep,Wrangler,2024,35867,3,Total Loss,2,Highway,6,4,34073,33461,119156
Mazda,CX-5,2017,7927,1,Moderate,3,Rural,14,0,7021,1514,14643
Mercedes-Benz,C-Class,2024,52334,2,Moderate,1,Rural,2,1,30120,6575,45343
Nissan,Altima,2021,12410,2,Moderate,4,Residential,15,1,7978,7781,30531
Toyota,Corolla,2021,12811,4,Total Loss,1,Highway,14,0,12170,107301,158497
Nissan,Altima,2018,10282,4,Total Loss,4,Rural,3,3,9767,61172,187375
Ford,F-150,2019,14518,3,Moderate,1,Residential,22,0,10226,24090,40609
Toyota,Camry,2017,9022,2,Moderate,3,Highway,18,0,7165,7415,30717
Tesla,Model Y,2022,46501,1,Moderate,1,Urban,19,0,30110,3112,41177
Honda,Accord,2023,26756,4,Total Loss,1,Rural,16,1,25418,88494,103405
Honda,Civic,2018,10140,3,Total Loss,2,Rural,11,2,9633,34374,66674
Ford,F-150,2021,31801,1,Minor,4,Residential,22,0,5316,1071,13633
Honda,Accord,2019,16538,2,Severe,1,Residential,0,2,23434,11800,32865
Honda,Civic,2022,13929,3,Moderate,1,Residential,19,2,8342,18823,28511
BMW,3 Series,2017,13919,4,Total Loss,2,Urban,14,4,13223,86611,166713
Tesla,Model 3,2019,18087,1,Minor,1,Highway,12,0,4755,3085,10231
Toyota,Camry,2024,26783,3,Moderate,1,Urban,2,1,11427,36019,66471
Tesla,Model 3,2018,16978,1,Minor,1,Rural,18,0,4556,1148,4868
Hyundai,Elantra,2019,10998,4,Total Loss,1,Residential,3,2,10448,93880,124134
Honda,Accord,2024,26426,1,Minor,3,Rural,10,0,3746,1383,8010
Chevrolet,Silverado,2018,15143,3,Severe,3,Highway,23,4,25902,26734,136190
Jeep,Wrangler,2024,42158,4,Total Loss,1,Highway,13,1,40050,102445,193585
Ford,F-150,2022,25172,2,Minor,4,Urban,4,2,4520,14028,47217
Mercedes-Benz,C-Class,2018,18648,3,Severe,3,Rural,19,4,32902,27106,110617
Mercedes-Benz,C-Class,2015,9907,1,Minor,4,Rural,10,0,3085,1032,8825
Honda,Accord,2021,20283,3,Moderate,1,Highway,3,1,10172,41731,93146
Honda,Civic,2017,7264,1,Minor,1,Urban,2,0,2081,2186,5487
Toyota,Camry,2017,10001,2,Moderate,1,Urban,22,0,7400,4491,18152
Subaru,Outback,2017,11589,2,Severe,4,Urban,21,3,21258,7285,60691
Honda,Accord,2020,17158,2,Moderate,4,Residential,19,7,9375,10703,36758
BMW,3 Series,2021,25482,4,Total Loss,2,Highway,1,2,24207,139751,339345
BMW,3 Series,2020,23560,2,Minor,1,Residential,5,2,5034,7059,13122
Hyundai,Elantra,2018,8701,3,Severe,4,Highway,14,2,18915,35864,143474
Honda,Accord,2016,7594,2,Minor,1,Urban,12,0,2145,9710,11547
Subaru,Outback,2020,18313,2,Moderate,3,Rural,21,2,9944,12775,35644
Ford,F-150,2019,19421,1,Minor,1,Residential,14,0,3830,3003,6921
Jeep,Wrangler,2016,10047,4,Total Loss,1,Highway,6,1,9544,59359,80860
Jeep,Wrangler,2015,8074,4,Total Loss,2,Rural,13,1,7670,143246,180680
Jeep,Wrangler,2024,41348,2,Minor,3,Highway,18,2,6048,10796,38686
Subaru,Outback,2018,12059,4,Total Loss,2,Highway,13,1,11456,99541,179163
Jeep,Wrangler,2017,12288,4,Total Loss,4,Rural,22,2,11673,48445,133960
Subaru,Outback,2021,22483,3,Total Loss,4,Highway,1,7,21358,32234,192130
Mercedes-Benz,C-Class,2015,11969,1,Minor,2,Highway,0,0,3415,1950,12348
Chevrolet,Silverado,2021,21622,2,Minor,4,Highway,6,3,4094,12907,42771
Tesla,Model 3,2019,23621,2,Moderate,1,Residential,16,1,17755,10082,22765
BMW,3 Series,2015,12211,1,Minor,2,Urban,2,0,3331,2881,11520
Tesla,Model Y,2022,37231,4,Severe,3,Highway,3,2,55209,141875,505475
Mercedes-Benz,C-Class,2024,53988,1,Moderate,3,Rural,10,0,30914,2443,57802
Tesla,Model Y,2021,37312,3,Total Loss,4,Highway,14,5,35446,26030,170988
Toyota,Corolla,2024,24334,1,Minor,3,Highway,0,0,3325,3040,16314
Ford,F-150,2024,31971,1,Moderate,4,Residential,11,0,16509,3487,33990
Honda,Accord,2022,23470,1,Minor,3,Highway,10,0,3494,1949,12673
Honda,Civic,2022,18044,1,Minor,4,Highway,1,0,2943,1386,11382
Nissan,Altima,2017,9985,4,Total Loss,3,Highway,4,1,9485,114299,356184
Toyota,Camry,2018,9361,4,Severe,3,Highway,7,4,19493,103341,241135
Mercedes-Benz,C-Class,2019,20063,3,Severe,2,Rural,17,2,34260,37110,104555
Honda,Civic,2017,9453,4,Severe,2,Urban,10,0,19537,126727,207746
Nissan,Altima,2021,17626,2,Minor,4,Residential,17,2,2910,11173,22630
Honda,Civic,2020,13187,3,Severe,3,Urban,12,1,21329,28271,98484
Hyundai,Elantra,2022,16238,4,Total Loss,1,Rural,12,2,15426,102304,124192
Ford,F-150,2017,9782,2,Moderate,2,Rural,12,1,8521,5057,15612
Toyota,Corolla,2016,5755,4,Total Loss,3,Urban,3,2,5467,94264,224804
Tesla,Model 3,2022,35380,4,Total Loss,2,Rural,13,4,33611,119771,220894
BMW,3 Series,2017,16982,1,Minor,4,Highway,15,0,4047,2670,15619
Tesla,Model Y,2022,33021,3,Severe,2,Highway,9,0,50662,27782,117961
Nissan,Altima,2020,13538,4,Severe,1,Rural,4,0,21498,114991,160492
Mercedes-Benz,C-Class,2018,21581,4,Severe,2,Rural,3,0,35717,119523,215509
Jeep,Wrangler,2020,20020,2,Minor,1,Residential,4,1,3702,13264,20490
BMW,3 Series,2021,23863,2,Moderate,2,Highway,16,0,15738,11677,41633
Jeep,Wrangler,2021,27031,4,Severe,3,Highway,5,3,32840,104473,355901
Tesla,Model Y,2021,27806,2,Severe,1,Urban,21,0,45030,8714,59796
Toyota,Corolla,2015,5400,3,Severe,4,Highway,7,2,17430,25665,121007
Hyundai,Elantra,2023,19492,3,Severe,1,Rural,19,2,23771,39533,70982
Toyota,Camry,2019,15105,4,Total Loss,3,Rural,15,3,14349,126775,208564
Toyota,Camry,2024,33331,3,Moderate,1,Highway,1,1,12999,15709,42320
Mercedes-Benz,C-Class,2023,49687,1,Minor,4,Urban,8,0,9449,2727,25996
Jeep,Wrangler,2022,23415,3,Moderate,1,Rural,5,0,12726,30578,61197
Mazda,CX-5,2022,20763,1,Minor,2,Rural,13,0,3264,3389,7736
Jeep,Wrangler,2019,15286,3,Moderate,4,Residential,4,6,10044,44166,131660
Tesla,Model Y,2023,44524,4,Total Loss,3,Rural,5,1,42297,69969,209503
Jeep,Wrangler,2016,10191,1,Minor,4,Rural,3,0,2621,1283,7865
Mazda,CX-5,2020,18184,3,Moderate,2,Highway,14,2,9636,18492,58320
Honda,Civic,2023,19002,4,Severe,3,Highway,23,6,24120,40089,173474
Hyundai,Elantra,2016,6553,4,Total Loss,3,Residential,18,0,6225,56294,87161
Jeep,Wrangler,2019,18381,4,Total Loss,2,Urban,18,3,17461,104113,179384
Nissan,Altima,2021,15928,2,Moderate,3,Rural,14,5,8822,7383,23394
Mercedes-Benz,C-Class,2019,18663,2,Minor,1,Rural,13,2,4486,9580,14109
Toyota,Camry,2015,6176,1,Moderate,3,Rural,14,0,6482,3349,17740
Jeep,Wrangler,2021,19346,3,Severe,2,Highway,6,2,27768,35884,112364
Nissan,Altima,2016,8142,2,Severe,3,Highway,11,5,18908,7842,51587
BMW,3 Series,2023,41460,2,Moderate,1,Urban,19,0,23657,12001,40082
Nissan,Altima,2023,25680,4,Total Loss,2,Residential,16,1,24396,57442,96910
Toyota,Camry,2023,28047,1,Minor,2,Urban,11,0,3743,1586,7562
Mercedes-Benz,C-Class,2019,19925,1,Moderate,2,Residential,4,0,14564,1169,19370
Tesla,Model 3,2020,26222,4,Severe,4,Highway,20,3,43319,141319,538143
Subaru,Outback,2019,12137,2,Minor,3,Urban,19,5,2592,7844,19661
Mercedes-Benz,C-Class,2019,20979,1,Minor,4,Residential,17,0,4856,1752,10473
Nissan,Altima,2022,21656,4,Severe,4,Urban,7,4,25394,91847,279353
Ford,F-150,2017,19618,2,Moderate,3,Rural,1,4,12062,10199,43196
Honda,Accord,2016,9206,3,Moderate,1,Rural,17,0,7347,14910,21491
Nissan,Altima,2020,16671,4,Severe,2,Highway,2,1,23002,96239,215231
Toyota,Camry,2020,14404,4,Severe,1,Residential,18,1,21913,115821,119578
Honda,Accord,2021,15932,4,Total Loss,3,Residential,2,2,15135,88504,204493
Ford,F-150,2016,13506,2,Moderate,1,Rural,1,1,9862,12939,25111
Nissan,Altima,2018,11787,3,Severe,1,Urban,16,1,20657,30165,56474
Ford,F-150,2019,27208,4,Total Loss,1,Residential,6,0,25847,76091,86075
Mercedes-Benz,C-Class,2017,13530,3,Severe,3,Urban,10,5,27988,26129,96194
Nissan,Altima,2018,11232,4,Severe,4,Highway,21,0,20391,51055,184423
Mazda,CX-5,2023,28671,1,Minor,1,Rural,10,0,3937,2858,6897
Ford,F-150,2020,29958,1,Minor,4,Highway,17,0,5094,2707,18509
Chevrolet,Silverado,2021,40682,4,Total Loss,1,Rural,22,1,38647,98194,186202
Honda,Civic,2021,14725,4,Total Loss,1,Residential,1,2,13988,108548,144218
Honda,Civic,2017,9974,3,Total Loss,4,Rural,3,1,9475,37509,108049
Tesla,Model Y,2022,46573,3,Severe,4,Residential,9,6,65298,36457,159688
BMW,3 Series,2017,12647,4,Total Loss,3,Urban,15,1,12014,48437,116630
Hyundai,Elantra,2024,27527,2,Severe,1,Residential,3,0,27387,6443,34358
Nissan,Altima,2023,20825,1,Minor,3,Rural,19,0,3166,3240,10955
Hyundai,Elantra,2017,8460,1,Minor,1,Urban,11,0,2134,1181,3708
Ford,F-150,2024,44696,2,Moderate,2,Highway,11,1,21090,10331,52270
Toyota,Camry,2022,23144,4,Total Loss,1,Urban,1,0,21986,67064,132389
Tesla,Model Y,2021,28508,1,Moderate,4,Urban,21,0,20394,1213,40626
Honda,Civic,2017,6824,2,Moderate,1,Residential,17,0,6637,4224,9519
Chevrolet,Silverado,2022,32184,4,Total Loss,2,Rural,16,2,30574,128025,191594
Toyota,Camry,2017,6785,3,Severe,4,Urban,19,7,18256,30638,119523
Toyota,Corolla,2019,9442,3,Total Loss,1,Urban,16,2,8969,28512,47675
Tesla,Model 3,2018,19986,2,Moderate,4,Rural,14,0,15792,6569,40910
Honda,Civic,2018,7877,2,Severe,4,Highway,18,3,18780,9478,60078
Toyota,Camry,2020,13111,4,Total Loss,3,Highway,0,4,12455,132997,359400
Hyundai,Elantra,2020,10608,3,Moderate,1,Residential,10,1,7386,41589,47569
Toyota,Camry,2023,22975,4,Total Loss,3,Urban,6,3,21826,62881,134547
Ford,F-150,2015,9945,3,Severe,3,Residential,2,5,22160,38722,123007
Honda,Accord,2022,16405,3,Severe,2,Rural,5,1,23366,35976,112860
Jeep,Wrangler,2021,25400,3,Severe,2,Rural,22,0,31764,33242,97554
Hyundai,Elantra,2016,7479,2,Minor,1,Rural,14,1,2060,13485,17488
Mazda,CX-5,2021,20427,1,Minor,3,Urban,17,0,3236,2395,9326
Honda,Accord,2015,7581,2,Moderate,2,Highway,12,4,6933,6298,20516
Hyundai,Elantra,2022,13602,1,Minor,3,Highway,20,0,2520,1805,9351
Honda,Civic,2022,20672,2,Moderate,2,Urban,5,4,9961,5699,27309
Chevrolet,Silverado,2024,43721,2,Severe,1,Urban,17,2,46479,11490,63608
Subaru,Outback,2019,15401,2,Minor,1,Urban,15,0,2886,8280,11205
Nissan,Altima,2022,18903,1,Minor,4,Highway,8,0,3012,2023,11954
Jeep,Wrangler,2024,29026,4,Total Loss,4,Highway,3,3,27574,52151,213046
Nissan,Altima,2021,17348,2,Moderate,2,Rural,5,1,9163,12263,29009
Subaru,Outback,2022,19972,2,Minor,1,Urban,17,0,3297,13371,18117
Subaru,Outback,2020,19503,4,Total Loss,3,Residential,20,1,18527,123727,214859
Nissan,Altima,2016,7001,2,Moderate,1,Highway,19,0,6680,8015,18408
Jeep,Wrangler,2023,27000,2,Moderate,1,Highway,20,1,13910,10067,30674
Hyundai,Elantra,2020,10820,1,Minor,1,Rural,18,0,2311,2521,4492
Nissan,Altima,2020,13804,1,Moderate,4,Residential,0,0,8312,2953,27570
Toyota,Corolla,2015,4791,4,Total Loss,1,Rural,9,0,4551,78949,95196
Ford,F-150,2019,21091,2,Moderate,4,Residential,15,1,12592,10181,35399
Tesla,Model 3,2024,46454,2,Minor,1,Highway,21,0,9861,9295,22851
Hyundai,Elantra,2015,6142,2,Minor,3,Urban,1,2,1960,7006,18789
Toyota,Camry,2021,21292,1,Minor,3,Urban,0,0,3203,3458,12094
Honda,Civic,2016,8658,2,Minor,4,Residential,3,7,2192,11803,25535
Tesla,Model Y,2023,43095,3,Severe,3,Rural,17,2,61542,21965,130982
Jeep,Wrangler,2017,11391,4,Total Loss,2,Rural,7,3,10821,119386,176475
Jeep,Wrangler,2024,41238,2,Severe,3,Highway,23,6,42217,9270,116420
Tesla,Model Y,2023,52460,1,Minor,4,Highway,18,0,10942,2177,28643
Nissan,Altima,2021,12467,2,Moderate,4,Highway,17,1,7992,5582,28917
Ford,F-150,2015,10850,3,Total Loss,2,Urban,7,3,10307,32760,63643
Jeep,Wrangler,2016,7937,3,Severe,2,Residential,17,4,20238,29423,57787
Mercedes-Benz,C-Class,2016,15076,4,Total Loss,3,Urban,1,2,14322,56407,148487
Honda,Civic,2020,10050,2,Severe,4,Urban,17,3,19824,11670,72829
Toyota,Corolla,2017,8627,4,Severe,1,Residential,12,0,18882,58318,73900
Mercedes-Benz,C-Class,2017,13908,4,Severe,4,Rural,12,3,28351,58216,185148
Jeep,Wrangler,2018,12819,4,Total Loss,3,Rural,10,0,12178,113497,236690
Toyota,Camry,2017,6892,4,Total Loss,3,Highway,1,2,6547,102629,318105
Tesla,Model Y,2021,29692,4,Severe,1,Rural,5,2,47067,121231,185796
Toyota,Corolla,2023,18319,1,Minor,1,Rural,13,0,2873,3412,6722
Hyundai,Elantra,2024,19058,1,Minor,4,Highway,2,0,2929,2199,15437
Jeep,Wrangler,2021,22332,4,Total Loss,3,Rural,2,6,21215,110312,222786
Toyota,Corolla,2020,11422,1,Minor,1,Urban,1,0,2356,3377,8046
Honda,Civic,2020,16461,1,Moderate,3,Urban,3,0,8950,2391,20966
Hyundai,Elantra,2019,10476,1,Minor,3,Highway,4,0,2285,1431,10234
Mercedes-Benz,C-Class,2019,22303,3,Severe,1,Urban,16,2,36410,35750,74572
Mercedes-Benz,C-Class,2023,49747,4,Total Loss,1,Urban,7,2,47259,124589,193833
Chevrolet,Silverado,2022,30529,4,Total Loss,1,Highway,23,1,29002,110114,194809
BMW,3 Series,2016,11941,4,Total Loss,1,Residential,16,1,11343,82994,86749
Toyota,Corolla,2024,22515,3,Severe,4,Urban,5,3,25131,19345,101460
Chevrolet,Silverado,2018,16347,3,Moderate,4,Rural,0,8,10884,17687,74698
Honda,Civic,2023,25339,3,Severe,2,Rural,0,3,27162,27305,96525
Hyundai,Elantra,2017,7820,1,Moderate,3,Highway,14,0,6759,2671,22714
Honda,Accord,2020,14789,3,Severe,4,Rural,14,8,22542,16749,91409
Ford,F-150,2017,12092,1,Minor,4,Urban,23,0,2951,1458,10109
Chevrolet,Silverado,2019,27508,1,Moderate,1,Urban,3,0,14902,3325,26139
Jeep,Wrangler,2018,13767,4,Severe,2,Urban,18,1,24086,130470,239789
Nissan,Altima,2021,15323,1,Minor,4,Highway,14,0,2725,2074,10398
Hyundai,Elantra,2016,6171,1,Minor,4,Residential,7,0,1962,2356,6802
Mercedes-Benz,C-Class,2021,26467,2,Severe,1,Urban,17,0,40408,8120,48176
Chevrolet,Silverado,2024,34789,1,Minor,4,Rural,17,0,5674,2746,17170
Ford,F-150,2024,61361,3,Severe,3,Urban,7,3,59179,22280,154643
Hyundai,Elantra,2022,17133,2,Minor,2,Residential,6,1,2784,13934,20225
Honda,Accord,2018,9354,1,Minor,1,Urban,14,0,2295,3033,6013
Mercedes-Benz,C-Class,2018,18163,3,Severe,3,Rural,9,2,32436,17697,80254
Chevrolet,Silverado,2017,17323,2,Moderate,1,Residential,22,0,11236,6958,22778
Mercedes-Benz,C-Class,2022,36842,3,Total Loss,2,Residential,17,1,34999,44777,102754
Honda,Civic,2021,12853,2,Severe,1,Highway,10,0,21169,10187,47418
Chevrolet,Silverado,2023,32691,1,Minor,2,Rural,1,0,5422,1967,11086
Toyota,Camry,2023,21431,1,Minor,4,Highway,0,0,3214,1033,14300
Chevrolet,Silverado,2023,41518,1,Minor,4,Residential,6,0,6482,1789,14601
Honda,Civic,2024,28766,2,Moderate,4,Rural,7,2,11903,14108,45454
BMW,3 Series,2015,11330,4,Severe,2,Residential,22,1,25197,73804,130051
Honda,Civic,2015,5074,3,Severe,1,Rural,15,2,17435,35542,56175
Jeep,Wrangler,2017,10972,4,Total Loss,3,Rural,1,1,10423,93525,234159
Chevrolet,Silverado,2024,60067,4,Severe,4,Rural,1,1,58248,136104,464692
Jeep,Wrangler,2022,23263,1,Minor,4,Rural,17,0,4058,1486,9108
Honda,Civic,2021,19101,2,Moderate,1,Highway,15,2,9584,7357,19294
Chevrolet,Silverado,2022,36968,4,Total Loss,2,Rural,2,4,35119,117093,255796
Jeep,Wrangler,2019,19692,3,Moderate,2,Rural,3,3,11498,35665,81181
BMW,3 Series,2023,34198,1,Minor,4,Highway,22,0,6629,2366,26360
Toyota,Camry,2017,7157,2,Moderate,2,Urban,4,2,6717,6792,25556
Mercedes-Benz,C-Class,2019,20951,3,Severe,3,Urban,3,6,35112,25075,131174
Ford,F-150,2020,21191,1,Moderate,4,Urban,22,0,12628,1617,32998
Toyota,Corolla,2020,9836,4,Total Loss,4,Highway,11,4,9344,45689,140913
Chevrolet,Silverado,2018,14230,4,Total Loss,3,Urban,16,1,13518,41101,95354
Mercedes-Benz,C-Class,2015,12632,4,Total Loss,1,Rural,9,2,12000,58254,69921
Toyota,Camry,2017,8891,3,Moderate,1,Residential,14,2,7133,35679,43517
Mercedes-Benz,C-Class,2017,15348,1,Minor,3,Highway,8,0,3955,1605,10675
Mercedes-Benz,C-Class,2020,23607,1,Minor,3,Highway,0,0,5277,1041,16870
BMW,3 Series,2015,11625,4,Severe,1,Highway,3,0,25462,82870,177283
Chevrolet,Silverado,2019,22175,3,Total Loss,3,Residential,10,2,21066,44848,107486
Tesla,Model Y,2020,31730,3,Severe,1,Residential,20,2,49268,26750,72058
Honda,Accord,2021,17846,1,Moderate,4,Highway,6,0,9550,1155,28438
Toyota,Camry,2020,13816,3,Moderate,1,Urban,12,2,8315,34894,50235
Nissan,Altima,2019,13564,2,Moderate,2,Highway,0,1,8255,13955,43880
Jeep,Wrangler,2019,13904,3,Severe,2,Residential,14,4,24176,30493,63637
Toyota,Camry,2019,10743,4,Severe,2,Rural,6,4,20156,65625,125502
Subaru,Outback,2024,30463,1,Moderate,4,Urban,3,0,13225,1326,41963
BMW,3 Series,2017,13764,2,Moderate,3,Residential,18,1,11193,8921,31891
Honda,Civic,2022,18517,4,Severe,1,Urban,17,0,23888,52536,98121
Honda,Accord,2023,19620,2,Minor,1,Rural,16,0,3167,4477,7873
Hyundai,Elantra,2022,14707,1,Minor,1,Rural,15,0,2603,1652,3970
Ford,F-150,2018,12964,3,Severe,2,Rural,22,2,24334,30047,88989
Mercedes-Benz,C-Class,2020,23544,2,Moderate,4,Highway,11,7,16301,4955,49322
Mazda,CX-5,2022,18376,3,Severe,3,Urban,6,0,24371,42796,131213
Toyota,Corolla,2023,17075,1,Minor,1,Urban,6,0,2780,1741,5599
Honda,Civic,2023,25210,1,Minor,2,Urban,13,0,3516,2857,8192
Mazda,CX-5,2019,15759,4,Total Loss,2,Residential,18,0,14971,132869,178839
Honda,Accord,2020,18717,4,Total Loss,1,Highway,5,2,17781,128807,204936
Mazda,CX-5,2016,7864,1,Minor,2,Rural,2,0,2168,1072,4306
Hyundai,Elantra,2023,22015,3,Moderate,4,Highway,20,8,9953,12902,73809
Honda,Civic,2022,21661,1,Moderate,2,Highway,21,0,10198,3509,22981
Toyota,Camry,2020,17110,4,Total Loss,1,Rural,11,1,16254,140324,138348
Mercedes-Benz,C-Class,2018,20798,4,Total Loss,3,Highway,17,6,19758,133202,347320
Mercedes-Benz,C-Class,2022,42798,3,Total Loss,1,Highway,23,0,40658,35540,118822
Toyota,Camry,2015,5042,3,Severe,2,Residential,0,2,17420,15145,44372
BMW,3 Series,2020,24702,3,Severe,2,Urban,20,1,37231,22842,87230
Tesla,Model Y,2023,47957,3,Severe,1,Highway,4,2,66793,39036,155458
Jeep,Wrangler,2022,24830,4,Total Loss,4,Residential,19,1,23588,127346,234949
Tesla,Model Y,2024,50913,3,Severe,3,Rural,23,2,69986,17899,186429
Chevrolet,Silverado,2019,25244,4,Total Loss,2,Residential,1,1,23981,133039,222307
Chevrolet,Silverado,2020,20013,2,Moderate,4,Rural,6,8,12204,11402,40200
Mercedes-Benz,C-Class,2017,16507,4,Severe,1,Residential,21,1,30846,51926,69868
Tesla,Model 3,2023,45756,1,Minor,3,Residential,18,0,9736,1571,18178
Subaru,Outback,2015,6537,3,Severe,4,Highway,19,3,18529,23679,132796
Jeep,Wrangler,2015,7198,2,Moderate,3,Urban,4,6,7375,5578,26278
Chevrolet,Silverado,2020,27613,1,Minor,4,Rural,10,0,4813,2903,16630
Toyota,Camry,2018,8012,3,Severe,4,Highway,17,1,18845,31333,140943
Nissan,Altima,2018,9431,3,Moderate,1,Highway,3,1,7263,28603,68875
Ford,F-150,2022,38949,3,Severe,3,Highway,3,5,43043,13444,156170
Ford,F-150,2017,13869,1,Minor,4,Rural,8,0,3164,2791,10427
Mazda,CX-5,2020,17984,1,Moderate,2,Rural,7,0,9585,3267,16822
Chevrolet,Silverado,2018,18141,3,Severe,2,Rural,21,4,28061,32148,71580
Mazda,CX-5,2016,7295,3,Severe,3,Rural,21,5,18720,33858,98574
Jeep,Wrangler,2018,12466,1,Moderate,1,Highway,12,0,9113,2275,15206
Toyota,Camry,2018,9655,3,Total Loss,2,Rural,1,3,9172,28198,59294
Chevrolet,Silverado,2019,26353,4,Severe,2,Highway,9,2,33974,88907,234832
Honda,Civic,2016,8629,4,Severe,2,Residential,14,3,19141,119771,186084
Honda,Accord,2024,30027,2,Moderate,1,Highway,9,0,12656,11295,35718
Ford,F-150,2024,55401,1,Minor,4,Urban,22,0,8148,2285,25112
Subaru,Outback,2019,16287,2,Minor,4,Residential,14,8,2965,6234,16454
Ford,F-150,2016,16174,1,Minor,1,Rural,23,0,3440,2869,7890
Toyota,Camry,2015,7722,2,Moderate,2,Rural,15,0,6853,9352,19343
Mercedes-Benz,C-Class,2019,25661,3,Severe,3,Highway,9,0,39634,22394,132268
Jeep,Wrangler,2021,24590,4,Severe,4,Urban,13,0,31229,52250,189846
Mazda,CX-5,2018,9728,1,Minor,4,Urban,16,0,2326,3112,9675
Mercedes-Benz,C-Class,2019,25069,1,Minor,1,Residential,15,0,5511,3161,8147
Hyundai,Elantra,2019,10338,1,Minor,2,Urban,2,0,2275,3422,9726
Jeep,Wrangler,2019,19193,1,Minor,3,Highway,8,0,3611,1007,10656
Honda,Accord,2015,7274,3,Moderate,1,Residential,2,2,6854,25727,33452
Tesla,Model Y,2021,32180,4,Total Loss,1,Urban,21,0,30571,104703,157170
Mazda,CX-5,2022,22719,4,Total Loss,2,Urban,7,3,21583,45673,103333
Mercedes-Benz,C-Class,2016,11430,3,Severe,4,Highway,7,0,25972,34128,136824
Toyota,Corolla,2020,10346,1,Minor,4,Residential,17,0,2275,3530,8492
BMW,3 Series,2023,41142,3,Total Loss,1,Highway,21,1,39084,28770,81678
Toyota,Corolla,2020,10936,4,Total Loss,4,Rural,19,7,10389,108646,251154
Toyota,Corolla,2023,20446,1,Minor,2,Highway,14,0,3033,2006,8759
Chevrolet,Silverado,2018,22423,4,Total Loss,3,Rural,17,5,21301,46585,126080
Honda,Accord,2019,14364,4,Severe,3,Urban,14,4,22325,115027,239012
Subaru,Outback,2020,18124,1,Minor,4,Residential,18,0,3131,2532,8404
Subaru,Outback,2021,21843,4,Severe,2,Urban,9,2,26795,120779,193905
Hyundai,Elantra,2015,5577,1,Minor,2,Urban,15,0,1918,3137,7615
Nissan,Altima,2016,7354,4,Severe,1,Urban,4,2,18529,143877,204778
Toyota,Camry,2019,14670,2,Moderate,2,Highway,6,0,8520,9413,31100
Chevrolet,Silverado,2015,12679,2,Minor,4,Residential,4,6,3021,7352,19116
Jeep,Wrangler,2016,9032,1,Minor,2,Highway,20,0,2493,2442,9589
Jeep,Wrangler,2017,9134,4,Total Loss,3,Rural,8,6,8677,100379,185461
Toyota,Camry,2022,22733,1,Minor,3,Urban,16,0,3318,2260,9088
Chevrolet,Silverado,2024,35987,3,Moderate,4,Highway,11,5,17955,26563,107882
Toyota,Camry,2023,27275,1,Minor,1,Urban,19,0,3682,1095,5319
Toyota,Camry,2023,25154,4,Total Loss,4,Urban,6,4,23896,44954,145519
Toyota,Corolla,2021,13703,4,Total Loss,4,Urban,22,4,13017,45150,133875
Chevrolet,Silverado,2022,44883,4,Total Loss,4,Residential,20,7,42638,112675,252080
Jeep,Wrangler,2021,18106,3,Moderate,4,Rural,21,3,10974,23974,79974
Tesla,Model 3,2020,21490,3,Total Loss,2,Urban,20,2,20415,39749,92535
Hyundai,Elantra,2023,21890,2,Minor,2,Rural,9,2,3141,6236,13432
Subaru,Outback,2018,11312,1,Minor,4,Residential,8,0,2518,1587,7598
Nissan,Altima,2022,21139,3,Severe,2,Highway,18,4,25146,18446,72104
Nissan,Altima,2019,10449,4,Total Loss,4,Urban,13,4,9926,120063,306922
Tesla,Model 3,2023,35386,4,Total Loss,1,Urban,20,1,33616,41071,76738
Tesla,Model 3,2021,30181,3,Severe,2,Residential,23,4,47595,32844,113858
BMW,3 Series,2018,18935,3,Severe,1,Rural,1,1,32041,12768,52627
Jeep,Wrangler,2020,17500,1,Minor,2,Rural,10,0,3425,2942,7201
Nissan,Altima,2022,22948,2,Severe,2,Urban,0,1,26015,6986,56062
Toyota,Camry,2015,7894,2,Moderate,3,Rural,12,0,6894,6485,20853
Toyota,Corolla,2020,13885,4,Total Loss,3,Residential,16,2,13190,52627,91985
Tesla,Model Y,2023,53419,2,Moderate,3,Residential,8,5,33846,11692,63767
Honda,Civic,2017,7997,3,Severe,4,Rural,23,0,18838,42455,154930
Jeep,Wrangler,2018,13319,2,Moderate,1,Rural,8,1,9395,6301,18382
Tesla,Model 3,2024,46858,3,Severe,1,Residential,21,1,65606,26903,86829
Hyundai,Elantra,2015,5839,4,Total Loss,2,Highway,19,2,5547,112088,182120
Mercedes-Benz,C-Class,2021,27375,3,Total Loss,2,Highway,15,1,26006,44738,133848
Subaru,Outback,2018,10932,2,Moderate,3,Rural,6,3,7951,6128,23490
Honda,Civic,2015,5685,4,Total Loss,3,Rural,1,6,5400,133208,279517
Toyota,Camry,2019,11644,3,Severe,1,Residential,13,1,20589,30066,43156
Ford,F-150,2017,13594,1,Minor,4,Rural,12,0,3131,2759,10331
Subaru,Outback,2018,10005,4,Total Loss,3,Highway,10,3,9504,125701,320946
Toyota,Camry,2024,20273,3,Severe,3,Residential,11,5,24731,27826,85889
Nissan,Altima,2022,18897,1,Moderate,4,Rural,20,0,9535,1494,21114
Tesla,Model 3,2022,31192,1,Minor,3,Urban,10,0,7114,3384,20411
Tesla,Model 3,2019,19960,4,Severe,4,Residential,17,6,36556,105867,279723
Ford,F-150,2022,33729,3,Total Loss,2,Rural,9,1,32042,27400,69847
Tesla,Model Y,2022,40120,3,Total Loss,4,Urban,4,3,38114,21213,149874
Toyota,Corolla,2021,15691,1,Minor,4,Highway,17,0,2676,2062,12762
Ford,F-150,2021,25582,1,Minor,3,Highway,2,0,4569,2659,16510
Tesla,Model 3,2020,28190,1,Minor,3,Urban,10,0,6574,1378,14919
Jeep,Wrangler,2016,10588,3,Severe,3,Highway,13,2,21988,13769,72777
Tesla,Model Y,2021,32722,4,Total Loss,1,Residential,2,2,31085,113983,172673
Honda,Civic,2023,19183,4,Severe,1,Rural,0,1,24207,91462,158711
Jeep,Wrangler,2016,9056,2,Moderate,2,Rural,7,4,7988,4367,18180
Nissan,Altima,2018,8977,1,Minor,3,Urban,8,0,2218,2565,9036
Nissan,Altima,2016,6189,2,Moderate,4,Residential,8,4,6485,7938,26614
Chevrolet,Silverado,2020,29140,4,Severe,1,Rural,17,1,35980,59877,88223
Mazda,CX-5,2024,30872,2,Moderate,3,Residential,1,4,12872,13652,45728
Tesla,Model 3,2024,54818,2,Severe,1,Rural,20,2,74203,4060,77619
Honda,Civic,2021,14053,4,Severe,3,Residential,22,6,21745,138755,266810
Nissan,Altima,2020,11934,1,Minor,1,Highway,16,0,2454,2422,6081
Honda,Accord,2022,20992,3,Moderate,2,Residential,10,4,10352,29185,47995
Toyota,Camry,2015,7480,3,Total Loss,3,Rural,20,2,7106,24594,55769
Hyundai,Elantra,2016,5287,3,Severe,2,Urban,16,3,17379,15494,52801
Jeep,Wrangler,2015,9350,1,Minor,2,Residential,23,0,2528,2525,7980
Mazda,CX-5,2021,17629,1,Minor,3,Residential,11,0,2998,1478,5977
Toyota,Corolla,2015,5907,3,Moderate,2,Residential,16,3,6329,44396,58026
Chevrolet,Silverado,2018,24966,3,Severe,4,Urban,6,6,32975,35312,135873
Tesla,Model Y,2024,64596,3,Severe,3,Urban,12,0,84763,23155,178945
Mazda,CX-5,2018,13100,2,Moderate,3,Residential,8,2,8340,7454,25962
Toyota,Camry,2015,5323,4,Severe,3,Residential,17,4,17555,113382,185768
Toyota,Camry,2015,5094,3,Moderate,3,Residential,4,4,6222,13293,35670
Subaru,Outback,2016,9119,3,Severe,1,Rural,15,1,19924,35258,52901
Jeep,Wrangler,2015,8677,2,Severe,4,Rural,4,2,20726,6260,59780
Nissan,Altima,2020,10955,3,Total Loss,2,Residential,5,0,10407,13672,41371
Honda,Accord,2023,29234,2,Minor,4,Urban,22,8,3984,4722,19338
Jeep,Wrangler,2018,16941,3,Severe,4,Urban,9,3,26181,35817,129216
Mercedes-Benz,C-Class,2024,54817,3,Severe,3,Highway,19,1,67624,38463,210074
Ford,F-150,2019,24190,3,Severe,4,Rural,0,8,32416,34321,165847
Tesla,Model Y,2020,28788,2,Minor,2,Urban,16,0,6681,9649,21580
Nissan,Altima,2017,9024,4,Total Loss,3,Rural,12,1,8572,80525,159795
Honda,Accord,2016,6219,4,Total Loss,4,Highway,17,2,5908,108678,323053
Chevrolet,Silverado,2017,21469,1,Minor,3,Residential,10,0,4076,2311,9297
Chevrolet,Silverado,2016,10680,3,Severe,4,Urban,20,3,22689,14237,76162
Tesla,Model 3,2021,29337,4,Total Loss,2,Rural,9,1,27870,45953,85213
Honda,Civic,2023,18577,4,Total Loss,4,Urban,0,3,17648,105365,273680
Toyota,Camry,2024,31641,1,Minor,2,Highway,7,0,4031,2256,9193
Ford,F-150,2023,54620,2,Severe,3,Highway,21,1,54326,4023,106377
Jeep,Wrangler,2016,11193,4,Severe,1,Residential,13,1,22387,84962,85037
Mazda,CX-5,2016,9435,1,Minor,3,Residential,12,0,2301,2451,7602
BMW,3 Series,2017,14783,4,Total Loss,3,Residential,2,3,14043,120341,258695
Subaru,Outback,2015,5815,3,Total Loss,2,Highway,9,0,5524,35100,63786
Chevrolet,Silverado,2015,13231,2,Moderate,3,Residential,20,2,9763,12794,35411
Nissan,Altima,2023,21578,3,Severe,1,Highway,8,2,25357,13498,56579
Tesla,Model 3,2018,17942,1,Moderate,1,Rural,11,0,14688,2624,16466
Ford,F-150,2017,14597,2,Minor,4,Residential,4,0,3251,7261,24429
Honda,Accord,2016,7151,3,Severe,2,Highway,8,3,18647,20345,65534
Mazda,CX-5,2019,14760,1,Minor,1,Highway,0,0,2754,2730,7409
Hyundai,Elantra,2019,9143,3,Severe,2,Residential,3,1,19114,26945,74973
Hyundai,Elantra,2023,18283,3,Severe,2,Residential,15,2,23227,40962,73613
BMW,3 Series,2020,27093,3,Total Loss,4,Urban,12,4,25738,18496,107474
Tesla,Model Y,2023,38684,3,Severe,1,Residential,21,0,56778,21959,66427
Mazda,CX-5,2018,9429,3,Severe,1,Highway,3,2,19808,37877,85241
Chevrolet,Silverado,2018,24279,4,Total Loss,4,Urban,5,2,23065,56634,229949
Chevrolet,Silverado,2018,23905,3,Total Loss,3,Residential,20,2,22709,25283,77006
Tesla,Model 3,2019,21952,4,Severe,1,Highway,6,1,38708,48872,126569
Honda,Accord,2015,6142,3,Severe,4,Rural,3,1,18132,42023,159070
Toyota,Corolla,2020,14167,1,Minor,2,Residential,12,0,2562,1162,4697
Honda,Civic,2018,8673,3,Severe,4,Residential,18,2,19163,43645,127490
Tesla,Model Y,2024,49556,3,Severe,2,Urban,9,2,68520,32669,129536
Chevrolet,Silverado,2022,31665,2,Moderate,4,Rural,15,2,16399,14079,62881
Subaru,Outback,2023,30679,2,Severe,2,Residential,5,2,31566,8843,64485
Jeep,Wrangler,2019,13247,3,Total Loss,1,Residential,14,0,12584,18582,31908
Toyota,Corolla,2019,11253,4,Total Loss,1,Urban,3,1,10690,120854,184132
Honda,Accord,2020,13493,4,Total Loss,4,Residential,6,8,12818,89255,180462
Toyota,Corolla,2015,5041,2,Minor,3,Urban,5,6,1878,13340,35449
Toyota,Camry,2016,6288,3,Moderate,2,Residential,8,1,6509,38645,66393
Honda,Accord,2023,22979,4,Total Loss,1,Residential,15,0,21830,75389,94945
Toyota,Camry,2017,8042,1,Minor,3,Residential,3,0,2143,2610,8636
Ford,F-150,2016,10722,1,Minor,3,Urban,17,0,2786,3379,11804
Ford,F-150,2024,61266,1,Moderate,1,Residential,15,0,27055,1788,29048
Ford,F-150,2020,30385,1,Minor,4,Residential,13,0,5146,1056,10536
Nissan,Altima,2020,11027,4,Total Loss,4,Rural,12,2,10475,100300,228404
Jeep,Wrangler,2017,14247,1,Minor,1,Residential,10,0,3067,2174,4398
Mercedes-Benz,C-Class,2023,41006,4,Total Loss,2,Residential,23,1,38955,72348,180645
Ford,F-150,2015,7916,4,Total Loss,2,Rural,13,2,7520,139105,195365
Mercedes-Benz,C-Class,2017,14247,4,Severe,2,Urban,23,3,28677,109710,260131
Jeep,Wrangler,2017,11389,1,Minor,2,Highway,18,0,2752,1000,6648
Honda,Civic,2019,13920,1,Moderate,3,Residential,23,0,8340,1454,20003
Honda,Accord,2021,14846,4,Total Loss,2,Highway,4,2,14103,42060,111658
Ford,F-150,2017,19810,2,Severe,2,Rural,13,1,29263,4273,44902
Chevrolet,Silverado,2019,15641,4,Severe,3,Residential,17,0,26261,82790,155215
Tesla,Model Y,2021,38584,3,Total Loss,4,Highway,4,6,36654,28787,175988
Tesla,Model 3,2022,29322,4,Severe,4,Urban,3,3,46667,88901,332847
Nissan,Altima,2016,6068,3,Moderate,2,Highway,19,1,6456,18797,43910
Chevrolet,Silverado,2021,26735,2,Moderate,1,Urban,2,2,14624,9559,30401
Mazda,CX-5,2017,10712,1,Minor,4,Residential,0,0,2410,1152,6500
Tesla,Model 3,2023,35913,1,Minor,4,Highway,23,0,7964,1913,28937
Toyota,Camry,2020,14248,4,Severe,3,Rural,20,1,21839,111538,230498
Ford,F-150,2024,47617,1,Minor,4,Residential,0,0,7214,1888,17210
Chevrolet,Silverado,2016,12620,2,Moderate,4,Residential,23,4,9543,6560,30221
Honda,Civic,2024,24081,3,Severe,3,Rural,16,1,26558,30951,97343
Tesla,Model Y,2021,36480,3,Moderate,1,Highway,5,0,24699,14922,66775
Toyota,Corolla,2023,20973,3,Total Loss,3,Urban,22,1,19924,25638,106111
Ford,F-150,2016,9998,4,Total Loss,1,Residential,2,1,9498,50916,74166
Honda,Civic,2019,9684,3,Severe,1,Residential,0,0,19648,30217,61984
BMW,3 Series,2019,17739,2,Minor,1,Urban,6,2,4160,11697,17571
Hyundai,Elantra,2020,11693,4,Total Loss,1,Rural,10,1,11108,83805,99148
Honda,Civic,2019,10370,4,Total Loss,2,Residential,2,3,9851,137057,229341
Toyota,Camry,2020,14470,2,Moderate,4,Rural,3,2,8472,13524,55118
Honda,Accord,2021,22155,2,Moderate,4,Highway,13,5,10649,14325,62909
Hyundai,Elantra,2019,12274,3,Moderate,1,Highway,12,0,7761,41048,67494
Mercedes-Benz,C-Class,2016,14536,4,Total Loss,4,Highway,15,4,13809,70193,215618
Tesla,Model 3,2022,35148,3,Total Loss,3,Residential,4,6,33390,40115,144295
Subaru,Outback,2015,6333,1,Minor,3,Highway,13,0,2069,1853,9361
BMW,3 Series,2022,27555,3,Total Loss,3,Highway,9,1,26177,26440,107867
Mazda,CX-5,2016,8043,3,Severe,1,Urban,23,1,19101,31270,70792
Honda,Accord,2022,26751,2,Moderate,1,Residential,6,0,11821,10857,20752
Ford,F-150,2021,34053,2,Minor,2,Highway,16,1,5586,12892,29644
Hyundai,Elantra,2023,20570,1,Minor,1,Highway,17,0,3042,1655,6613
Tesla,Model Y,2022,39085,2,Moderate,1,Rural,9,1,26105,6870,29168
Honda,Accord,2019,10708,3,Total Loss,3,Highway,6,1,10172,25781,83947
Tesla,Model Y,2022,43784,2,Minor,1,Residential,0,1,9381,8721,18655
BMW,3 Series,2018,19251,3,Severe,4,Rural,14,3,32325,40050,148895
Honda,Accord,2023,30171,3,Severe,1,Highway,18,1,30387,17604,74618
Nissan,Altima,2019,9012,3,Severe,2,Urban,19,3,19325,34186,83972
Hyundai,Elantra,2019,9594,3,Total Loss,2,Urban,22,2,9114,27152,73269
Jeep,Wrangler,2022,30163,3,Severe,3,Residential,16,3,34907,28092,96178
BMW,3 Series,2020,20037,3,Severe,4,Residential,1,1,33033,33728,145008
Toyota,Corolla,2018,7736,3,Severe,2,Rural,16,1,18481,29918,59048
Jeep,Wrangler,2021,20802,3,Severe,3,Residential,9,1,28729,16467,75885
Hyundai,Elantra,2017,7299,2,Moderate,3,Urban,1,0,6642,6879,30631
BMW,3 Series,2018,15453,3,Total Loss,1,Rural,11,2,14680,25078,48359
Jeep,Wrangler,2016,11287,3,Severe,1,Residential,3,0,22449,32695,70484
Subaru,Outback,2022,19166,4,Total Loss,2,Highway,18,0,18207,48261,102528
Subaru,Outback,2020,14379,4,Total Loss,1,Residential,12,0,13660,98378,112420
Mercedes-Benz,C-Class,2017,15149,2,Severe,3,Urban,23,5,29543,8240,77148
Tesla,Model 3,2022,38340,4,Total Loss,2,Highway,5,1,36423,60774,188411
Toyota,Camry,2015,5354,3,Severe,1,Urban,3,0,17569,26121,62302
Honda,Accord,2023,25756,2,Minor,3,Urban,0,4,3689,4211,17779
Jeep,Wrangler,2017,12688,3,Severe,3,Rural,23,1,23374,40453,141272
Toyota,Corolla,2016,7604,4,Total Loss,4,Rural,20,7,7223,63253,146886
Ford,F-150,2018,13518,3,Moderate,1,Rural,17,2,9866,33737,44301
Honda,Accord,2024,36010,2,Minor,3,Urban,12,4,4560,13674,29809
Mercedes-Benz,C-Class,2019,24165,2,Moderate,2,Urban,18,1,16599,13975,49603
Ford,F-150,2022,31860,3,Severe,4,Highway,14,5,37939,18511,137782
Hyundai,Elantra,2024,22244,2,Moderate,4,Residential,14,6,10004,7493,26390
Mercedes-Benz,C-Class,2017,15187,1,Minor,4,Urban,5,0,3929,1480,13904
Tesla,Model 3,2023,43049,1,Minor,4,Rural,4,0,9248,2903,26509
Hyundai,Elantra,2018,8077,4,Severe,1,Residential,21,0,18634,128276,138483
Tesla,Model Y,2020,29086,3,Severe,2,Highway,20,1,46412,41346,150815
Toyota,Corolla,2015,6463,4,Total Loss,3,Rural,19,3,6139,111766,217119
Nissan,Altima,2016,7081,1,Minor,4,Highway,13,0,2066,2061,9182
Tesla,Model Y,2024,59058,3,Severe,3,Residential,8,1,78782,33401,184006
Toyota,Corolla,2021,12179,4,Total Loss,2,Residential,16,0,11570,99033,139775
Chevrolet,Silverado,2015,11394,3,Severe,4,Urban,5,8,23203,15714,97136
Honda,Civic,2015,6079,1,Minor,2,Residential,7,0,1986,2112,4854
Ford,F-150,2023,35261,1,Minor,3,Residential,8,0,5731,1473,9440
Hyundai,Elantra,2015,5852,3,Total Loss,2,Urban,23,4,5559,43989,96869
Honda,Accord,2022,26361,2,Severe,4,Residential,3,1,28444,9289,74371
Mazda,CX-5,2021,20891,3,Severe,1,Residential,22,2,25654,17351,46823
Honda,Accord,2018,10308,4,Total Loss,1,Residential,22,0,9792,61877,71500
Tesla,Model 3,2024,54778,3,Severe,4,Residential,7,8,74160,19378,158032
Jeep,Wrangler,2020,21914,4,Total Loss,3,Residential,3,1,20818,42402,98834
BMW,3 Series,2019,21251,1,Minor,3,Residential,9,0,4687,3429,12936
Nissan,Altima,2016,7949,4,Severe,2,Residential,5,1,18815,79350,127507
Subaru,Outback,2024,27532,1,Minor,1,Highway,7,0,3977,1043,6993
Tesla,Model Y,2022,46054,3,Severe,4,Urban,4,4,64738,19774,218867
Toyota,Camry,2020,16615,3,Severe,4,Rural,21,6,22975,17182,97916
Ford,F-150,2016,12653,4,Severe,1,Highway,21,1,24110,59017,106266
Nissan,Altima,2023,24201,1,Minor,3,Rural,13,0,3436,2640,8580
Honda,Civic,2017,8599,4,Severe,3,Rural,13,0,19127,138180,282040
Mazda,CX-5,2016,6636,2,Moderate,1,Residential,22,2,6692,9568,18123
Toyota,Corolla,2019,10405,1,Minor,4,Highway,13,0,2280,2754,13905
Ford,F-150,2021,34302,4,Total Loss,2,Urban,0,1,32586,69356,173555
Ford,F-150,2015,7029,1,Minor,1,Highway,16,0,2343,2499,5805
Ford,F-150,2016,9312,4,Total Loss,2,Residential,10,1,8846,89723,124002
Hyundai,Elantra,2015,4601,1,Minor,3,Urban,10,0,1845,1129,4527
Tesla,Model 3,2019,22621,3,Severe,3,Rural,1,6,39430,17180,107131
Tesla,Model Y,2020,29947,1,Minor,4,Highway,11,0,6890,1491,21652
Nissan,Altima,2018,8418,4,Total Loss,1,Highway,15,0,7997,92509,137637
Honda,Civic,2015,7252,2,Severe,4,Rural,14,8,18480,13234,60398
Ford,F-150,2018,21813,3,Moderate,4,Highway,21,0,12852,22056,93126
Hyundai,Elantra,2015,6101,4,Total Loss,3,Urban,0,3,5795,140724,330879
Mazda,CX-5,2021,20582,1,Minor,1,Urban,6,0,3249,1818,4739
Jeep,Wrangler,2023,33402,2,Severe,4,Residential,17,3,37045,9546,74144
Toyota,Corolla,2018,10066,1,Minor,4,Urban,16,0,2254,2404,8790
Tesla,Model 3,2019,19131,4,Total Loss,4,Highway,6,4,18174,83422,245134
Jeep,Wrangler,2015,10079,3,Severe,4,Urban,15,5,21652,37242,112211
Tesla,Model Y,2022,34871,3,Total Loss,1,Urban,4,1,33127,19703,83692
Mercedes-Benz,C-Class,2019,21660,4,Severe,4,Residential,2,5,35793,123244,342579
Tesla,Model 3,2018,18017,1,Minor,1,Highway,0,0,4743,2412,11891
Honda,Civic,2019,13609,1,Minor,2,Rural,6,0,2588,1886,6349
Mazda,CX-5,2022,22620,2,Severe,1,Residential,17,1,26536,7240,32560
Tesla,Model 3,2020,28057,4,Total Loss,3,Urban,14,0,26654,120100,277942
Chevrolet,Silverado,2021,38546,2,Minor,1,Rural,22,1,6125,10478,17492
Mazda,CX-5,2016,7177,3,Total Loss,2,Rural,5,2,6818,12946,35471
Tesla,Model Y,2020,28246,1,Minor,4,Highway,1,0,6584,1443,21465
Honda,Accord,2018,12302,3,Severe,2,Rural,2,1,21274,29306,88480
Honda,Accord,2023,24870,3,Severe,1,Highway,12,2,27683,42800,91306
BMW,3 Series,2024,35952,4,Total Loss,3,Rural,9,4,34154,117455,255134
Honda,Civic,2021,15058,3,Total Loss,2,Highway,3,3,14305,30051,83990
Jeep,Wrangler,2015,10290,3,Severe,1,Rural,1,2,21791,27272,58235
Mazda,CX-5,2020,16885,2,Moderate,2,Highway,2,0,9305,9413,44300
Honda,Accord,2021,23267,2,Severe,3,Rural,23,5,26866,11073,69449
Nissan,Altima,2021,18440,4,Total Loss,3,Residential,11,1,17518,75050,144983
Subaru,Outback,2017,10922,1,Minor,3,Urban,19,0,2482,3306,9394
Ford,F-150,2024,51419,1,Minor,4,Rural,10,0,7670,3441,18177
Honda,Accord,2022,26167,3,Severe,4,Highway,22,7,28345,43465,237596
Chevrolet,Silverado,2016,12833,4,Total Loss,1,Residential,14,1,12191,47559,63267
Tesla,Model 3,2019,18036,1,Minor,3,Residential,10,0,4746,2864,11805
Honda,Accord,2024,26837,2,Moderate,1,Urban,2,2,11843,6456,26527
Ford,F-150,2024,62489,4,Severe,4,Residential,12,2,59992,42936,154396
Toyota,Camry,2019,15426,1,Moderate,2,Highway,21,0,8702,3550,22710
Mercedes-Benz,C-Class,2023,36149,3,Total Loss,4,Rural,12,4,34341,22836,101525
BMW,3 Series,2020,26987,4,Total Loss,1,Rural,22,2,25637,106446,167510
Tesla,Model 3,2023,46659,2,Moderate,3,Highway,5,5,30195,7385,103318
Honda,Accord,2022,16464,2,Moderate,3,Highway,9,3,9198,4089,30160
Subaru,Outback,2016,8591,3,Total Loss,1,Residential,12,2,8161,32758,40998
Toyota,Camry,2016,6174,3,Moderate,1,Highway,22,2,6481,14406,35436
Nissan,Altima,2019,12667,3,Moderate,1,Rural,8,2,8040,28789,36178
Honda,Accord,2024,31777,4,Total Loss,2,Residential,2,2,30188,137949,227269
Toyota,Camry,2015,4813,2,Moderate,1,Residential,0,1,6155,5458,12063
Toyota,Camry,2024,28921,1,Minor,2,Highway,13,0,3813,2629,10661
Tesla,Model 3,2021,29852,2,Minor,3,Residential,7,5,6873,8689,19823
Tesla,Model Y,2020,31651,1,Minor,3,Urban,12,0,7197,1438,14325
Jeep,Wrangler,2023,32715,3,Severe,1,Highway,10,0,36591,21702,73103
BMW,3 Series,2022,33799,1,Minor,3,Rural,1,0,6569,2970,18086
Ford,F-150,2024,46698,4,Total Loss,2,Residential,11,2,44363,142933,206628
Tesla,Model Y,2020,26763,3,Severe,3,Urban,13,1,43904,24113,115961
Subaru,Outback,2023,27128,4,Total Loss,4,Highway,21,0,25771,42138,190584
Nissan,Altima,2021,16856,4,Total Loss,2,Rural,12,1,16013,63037,93995
Toyota,Corolla,2020,9517,3,Severe,2,Rural,15,1,19282,35265,78829
Mercedes-Benz,C-Class,2024,40233,3,Moderate,1,Highway,23,2,24311,37527,110644
Subaru,Outback,2018,13749,4,Total Loss,1,Urban,4,2,13061,57509,87282
Chevrolet,Silverado,2019,27829,4,Total Loss,1,Residential,2,1,26437,109911,171046
Tesla,Model Y,2020,30478,1,Minor,4,Residential,11,0,6986,1133,11857
Mazda,CX-5,2016,6846,2,Moderate,3,Residential,18,5,6745,7146,17858
Toyota,Camry,2022,22642,3,Total Loss,3,Urban,17,4,21509,31866,105111
Mercedes-Benz,C-Class,2021,30644,1,Moderate,3,Residential,19,0,19709,3535,32800
Hyundai,Elantra,2022,19178,2,Moderate,4,Highway,4,5,9315,13252,67476
Tesla,Model 3,2024,48258,2,Moderate,2,Rural,14,0,31059,12678,52847
BMW,3 Series,2019,17945,1,Moderate,1,Residential,9,0,13075,2803,16814
Toyota,Corolla,2021,13244,2,Moderate,4,Highway,5,3,7979,13251,72954
BMW,3 Series,2022,37770,4,Total Loss,1,Urban,22,0,35881,47874,119870
Mazda,CX-5,2018,12030,2,Minor,1,Residential,23,0,2522,7609,10938
Toyota,Corolla,2021,14591,1,Minor,4,Highway,14,0,2594,1345,10769
Subaru,Outback,2019,14362,1,Moderate,2,Rural,7,0,8877,2797,17714
Nissan,Altima,2019,12615,2,Moderate,2,Highway,11,1,8027,11155,36480
Hyundai,Elantra,2020,10961,4,Total Loss,4,Urban,21,0,10412,48151,116096
Mercedes-Benz,C-Class,2021,29366,4,Severe,1,Urban,23,0,43191,72437,154365
Hyundai,Elantra,2021,12698,4,Total Loss,3,Urban,7,6,12063,111878,253108
Honda,Accord,2021,16795,3,Total Loss,2,Urban,21,0,15955,42449,92428
Chevrolet,Silverado,2021,41254,2,Severe,4,Urban,22,5,44702,7698,140419
Jeep,Wrangler,2020,18456,2,Severe,1,Residential,14,0,27180,11960,39084
Ford,F-150,2021,31557,4,Total Loss,1,Rural,6,2,29979,127466,153199
Mercedes-Benz,C-Class,2024,44122,1,Minor,3,Rural,2,0,8559,2096,20755
Nissan,Altima,2023,21612,2,Minor,4,Highway,15,7,3228,9473,34526
Nissan,Altima,2016,6020,2,Moderate,3,Rural,12,3,6444,11957,26266
BMW,3 Series,2021,28900,1,Minor,1,Residential,5,0,5835,3009,10937
Toyota,Camry,2021,19055,2,Severe,2,Residential,23,1,24146,7658,45541
Hyundai,Elantra,2017,6163,4,Severe,4,Urban,2,8,17773,41512,140377
Ford,F-150,2019,17876,1,Minor,3,Urban,16,0,3645,3123,10218
Nissan,Altima,2022,21024,1,Minor,4,Residential,4,0,3181,1161,8986
Mazda,CX-5,2024,26632,2,Moderate,3,Urban,16,5,11791,13997,42296
Hyundai,Elantra,2019,8264,4,Severe,3,Rural,14,5,18718,41995,95216
Chevrolet,Silverado,2017,14462,4,Total Loss,2,Urban,15,2,13738,107156,153804
Chevrolet,Silverado,2023,49549,3,Severe,1,Highway,22,2,50675,24898,136404
Jeep,Wrangler,2019,17460,2,Severe,1,Urban,16,1,26523,8167,34641
Jeep,Wrangler,2016,9701,2,Severe,4,Rural,20,1,21402,13288,57123
Tesla,Model 3,2018,15961,1,Minor,3,Highway,12,0,4372,1375,12973
BMW,3 Series,2016,10806,1,Minor,1,Residential,4,0,3120,1888,6085
Hyundai,Elantra,2019,10197,3,Severe,3,Highway,13,3,19588,29753,96217
Mercedes-Benz,C-Class,2023,36791,3,Moderate,3,Urban,2,2,22659,31862,125135
Mercedes-Benz,C-Class,2018,17758,1,Minor,4,Residential,3,0,4341,2821,15042
BMW,3 Series,2019,19558,1,Moderate,1,Urban,2,0,13801,1507,22128
Chevrolet,Silverado,2015,15477,3,Total Loss,2,Residential,0,1,14703,34836,70186
Chevrolet,Silverado,2020,25530,3,Severe,4,Urban,14,0,33381,43234,167391
Mazda,CX-5,2015,6508,2,Minor,2,Residential,1,3,2053,9717,15979
BMW,3 Series,2019,19981,2,Minor,1,Residential,1,0,4497,12704,16247
Mercedes-Benz,C-Class,2017,13209,4,Total Loss,4,Rural,4,3,12548,138340,302326
Jeep,Wrangler,2023,30463,1,Minor,1,Urban,22,0,4850,2311,10059
Honda,Civic,2017,8208,2,Moderate,3,Residential,23,3,6969,8872,25670
Toyota,Camry,2018,8769,2,Minor,3,Highway,23,0,2201,11439,32717
Hyundai,Elantra,2020,11661,2,Severe,1,Urban,10,1,20247,13615,33744
Tesla,Model 3,2019,23904,4,Severe,3,Urban,22,2,40816,97495,294001
Tesla,Model Y,2024,48093,4,Severe,4,Urban,21,1,66940,51654,280801
Subaru,Outback,2018,11558,4,Severe,2,Urban,14,2,21241,65840,117959
Honda,Accord,2023,31922,3,Severe,1,Highway,23,2,31280,35704,113876
Subaru,Outback,2016,8444,4,Total Loss,1,Highway,8,0,8021,128715,186116
BMW,3 Series,2019,18073,3,Moderate,3,Rural,12,0,13132,15287,58186
Mercedes-Benz,C-Class,2018,16240,3,Moderate,1,Rural,15,1,12795,28441,52859
Mazda,CX-5,2021,20006,4,Total Loss,1,Residential,16,2,19005,76499,77806
Mazda,CX-5,2020,13710,4,Severe,4,Highway,9,6,21992,112239,335438
Mercedes-Benz,C-Class,2022,34703,4,Severe,3,Residential,13,5,48314,113436,233277
BMW,3 Series,2017,13588,3,Moderate,4,Residential,5,5,11114,13260,57061
Nissan,Altima,2017,6442,3,Moderate,4,Rural,9,8,6546,27831,67158
Tesla,Model 3,2023,43899,3,Severe,3,Rural,17,0,62410,37257,139254
Subaru,Outback,2019,15809,4,Total Loss,1,Residential,12,0,15018,109809,131030
Hyundai,Elantra,2022,20172,1,Minor,4,Rural,21,0,3012,3383,13086
Toyota,Corolla,2019,9450,4,Total Loss,3,Highway,18,4,8977,61031,161455
Tesla,Model Y,2021,30809,3,Moderate,2,Urban,7,2,21636,13895,57161
Ford,F-150,2024,54186,2,Moderate,1,Rural,9,1,24506,6869,30838
Honda,Accord,2022,23236,3,Severe,1,Rural,23,0,26850,27020,64867
Toyota,Corolla,2020,12602,2,Moderate,3,Residential,23,6,7835,9250,26998
BMW,3 Series,2016,10963,2,Moderate,4,Residential,21,8,9933,8374,30377
Honda,Civic,2023,20119,4,Severe,4,Highway,15,5,24657,49133,162506
Honda,Civic,2023,25021,4,Total Loss,1,Rural,11,0,23769,139376,180685
Toyota,Corolla,2022,13646,4,Total Loss,3,Residential,19,6,12963,143006,213888
Honda,Civic,2020,10648,2,Moderate,4,Residential,1,8,7555,6799,28890
Mercedes-Benz,C-Class,2021,27190,1,Minor,2,Urban,4,0,5850,3496,18170
Chevrolet,Silverado,2019,20383,3,Severe,1,Urban,5,0,29675,27474,81390
Hyundai,Elantra,2023,16533,3,Severe,1,Rural,17,1,22439,28270,59776
BMW,3 Series,2018,14534,3,Severe,3,Rural,19,6,28080,41216,121842
Mercedes-Benz,C-Class,2024,53564,3,Severe,3,Residential,10,1,66421,21043,133636
Honda,Civic,2020,16630,1,Minor,2,Residential,19,0,2830,3352,6234
Toyota,Corolla,2024,23157,3,Severe,4,Rural,9,3,25420,18791,94591
Subaru,Outback,2017,10726,2,Moderate,2,Residential,1,3,7896,5731,19629
Honda,Civic,2019,12909,3,Severe,4,Urban,11,3,21196,36448,115258
Honda,Accord,2021,19486,2,Severe,3,Residential,12,2,24937,6564,39456
Mercedes-Benz,C-Class,2020,28964,1,Minor,1,Highway,5,0,6134,3489,12798
Mazda,CX-5,2024,30811,2,Minor,4,Urban,0,8,4118,13463,46671
BMW,3 Series,2020,24087,2,Moderate,3,Urban,23,4,15839,10647,48031
Mercedes-Benz,C-Class,2018,19268,4,Total Loss,1,Residential,21,0,18304,46210,55397
BMW,3 Series,2019,16501,1,Minor,3,Residential,5,0,3975,3113,10532
Honda,Accord,2024,24746,4,Total Loss,2,Rural,22,2,23508,142652,278697
Toyota,Camry,2019,14501,3,Severe,3,Residential,2,5,21960,34081,106661
BMW,3 Series,2021,33342,4,Severe,2,Rural,6,3,45007,53686,115438
Hyundai,Elantra,2023,17886,2,Minor,3,Residential,23,1,2841,5732,17036
Chevrolet,Silverado,2023,29097,3,Severe,1,Rural,23,1,35949,36264,102721
Tesla,Model 3,2020,25193,2,Moderate,3,Rural,15,0,18604,9453,43004
Honda,Accord,2020,14574,4,Severe,2,Highway,0,1,22432,89815,255843
Honda,Accord,2020,17250,4,Total Loss,1,Residential,22,1,16387,129819,182037
Ford,F-150,2017,18278,2,Severe,2,Highway,12,3,28160,11176,72660
Jeep,Wrangler,2015,9465,2,Moderate,1,Rural,14,2,8123,13218,24446
Mercedes-Benz,C-Class,2015,11969,3,Severe,4,Residential,14,4,26490,16892,90566
Hyundai,Elantra,2017,6818,4,Total Loss,2,Urban,6,0,6477,69578,102515
Nissan,Altima,2020,13857,3,Total Loss,4,Rural,8,1,13164,29633,92507
Hyundai,Elantra,2020,13991,3,Moderate,3,Rural,17,2,8147,30647,66430
Tesla,Model 3,2020,24142,2,Severe,2,Highway,4,2,41073,9112,104763
Jeep,Wrangler,2019,18797,2,Moderate,2,Residential,19,3,11203,6621,20029
Tesla,Model Y,2023,55157,1,Minor,2,Residential,21,0,11428,2692,18785
Mazda,CX-5,2023,26693,3,Total Loss,1,Residential,17,1,25358,16237,34724
BMW,3 Series,2024,46516,2,Moderate,3,Urban,3,0,25932,8725,63529
Ford,F-150,2022,37426,3,Severe,1,Residential,8,1,41946,24967,61541
Honda,Accord,2015,8743,2,Moderate,3,Residential,19,2,7229,9859,24045
Subaru,Outback,2023,26218,2,Minor,4,Highway,1,7,3859,5333,27324
Jeep,Wrangler,2015,10325,1,Minor,3,Highway,19,0,2635,1733,9575
Tesla,Model 3,2019,23690,3,Moderate,2,Rural,19,3,17792,44898,88419
Mazda,CX-5,2019,14900,3,Moderate,2,Residential,18,0,8799,23850,44657
Toyota,Corolla,2020,9970,3,Total Loss,4,Urban,21,6,9471,29244,87284
Hyundai,Elantra,2018,8833,1,Minor,2,Highway,14,0,2162,1514,6760
Mercedes-Benz,C-Class,2019,21083,3,Severe,1,Rural,17,0,35239,31805,69924
Toyota,Corolla,2018,7762,3,Severe,4,Rural,13,5,18492,39292,120419
Mazda,CX-5,2019,15185,3,Moderate,1,Residential,9,2,8872,15756,23042
Tesla,Model Y,2024,59226,3,Moderate,3,Urban,19,3,36982,41818,133682
Mercedes-Benz,C-Class,2015,10145,3,Severe,1,Highway,16,2,24739,34121,85606
Chevrolet,Silverado,2024,45236,2,Moderate,1,Highway,10,1,21284,14047,40818
Mercedes-Benz,C-Class,2018,18500,1,Minor,1,Urban,18,0,4460,1135,6911
Chevrolet,Silverado,2020,34317,3,Severe,3,Rural,20,4,39708,20125,89818
Mazda,CX-5,2024,24534,2,Minor,2,Residential,2,3,3585,7021,14705
Mercedes-Benz,C-Class,2021,26525,1,Minor,1,Highway,22,0,5744,3350,14646
BMW,3 Series,2018,13524,2,Minor,1,Rural,15,0,3528,13450,17197
Hyundai,Elantra,2018,9965,4,Total Loss,1,Residential,6,2,9466,110032,112565
Mercedes-Benz,C-Class,2020,29488,4,Total Loss,4,Highway,7,5,28013,59131,218762
Tesla,Model Y,2024,59398,3,Severe,4,Urban,11,3,79149,13666,184296
Mercedes-Benz,C-Class,2023,34258,4,Severe,4,Rural,17,4,47887,89664,269499
Toyota,Camry,2019,11613,1,Minor,3,Highway,4,0,2429,2426,11105
Toyota,Corolla,2016,7278,3,Moderate,2,Urban,2,0,6637,35921,69119
Honda,Accord,2019,10920,3,Moderate,2,Residential,19,3,7784,22090,43795
Honda,Accord,2016,6205,3,Severe,1,Highway,2,2,18164,13425,55815
BMW,3 Series,2017,12111,2,Moderate,2,Rural,22,2,10449,13837,33879
Honda,Accord,2019,14288,1,Minor,4,Highway,21,0,2714,1041,9753
Honda,Accord,2023,31619,2,Minor,1,Urban,1,2,4187,11521,17704
Subaru,Outback,2021,16682,1,Minor,3,Highway,9,0,3001,3283,14449
Toyota,Corolla,2021,13174,4,Severe,2,Urban,13,3,20928,106946,206770
Chevrolet,Silverado,2016,11292,3,Total Loss,3,Urban,10,2,10727,28086,71670
Mercedes-Benz,C-Class,2023,50801,3,Severe,4,Highway,0,5,63768,37422,295573
Mazda,CX-5,2017,9918,2,Minor,3,Rural,15,1,2343,11655,22119
Honda,Civic,2017,9596,1,Moderate,3,Rural,21,0,7303,1073,12863
Chevrolet,Silverado,2015,14806,3,Severe,3,Rural,15,2,25660,20315,91981
Honda,Accord,2017,7092,1,Minor,4,Urban,15,0,2102,2256,10440
Tesla,Model Y,2023,43814,1,Moderate,1,Highway,23,0,28659,2666,49018
Chevrolet,Silverado,2022,23245,2,Moderate,1,Highway,2,2,13368,12325,35782
Tesla,Model 3,2023,37591,3,Severe,4,Highway,8,3,55598,22642,167625
Mazda,CX-5,2024,30937,1,Minor,1,Highway,3,0,4129,2603,10886
Hyundai,Elantra,2018,10078,3,Severe,1,Highway,2,0,19535,15870,50689
Toyota,Camry,2019,11921,4,Severe,3,Highway,20,6,20722,60622,204377
Honda,Accord,2016,6237,1,Moderate,4,Rural,4,0,6590,2920,23265
Jeep,Wrangler,2024,44495,1,Minor,3,Urban,22,0,6394,2460,18502
Jeep,Wrangler,2020,22227,3,Severe,2,Residential,21,0,29669,35869,77033
Mazda,CX-5,2018,10692,1,Minor,4,Urban,17,0,2408,1698,9114
Honda,Accord,2023,21516,3,Total Loss,4,Rural,8,8,20440,27206,95586
Ford,F-150,2019,23412,4,Total Loss,2,Rural,12,1,22241,106880,173290
Subaru,Outback,2022,23577,1,Minor,4,Rural,17,0,3621,3416,11926
Hyundai,Elantra,2024,27954,1,Minor,3,Highway,17,0,3596,3590,17188
Honda,Civic,2015,5291,2,Moderate,4,Rural,6,7,6269,13384,41423
Jeep,Wrangler,2023,35298,3,Severe,3,Urban,2,0,38296,18856,112296
Honda,Civic,2015,6432,4,Total Loss,1,Urban,4,1,6110,95663,156547
Honda,Civic,2016,5726,1,Moderate,4,Rural,9,0,6374,1165,15759
Hyundai,Elantra,2024,27529,2,Moderate,4,Highway,5,7,11194,6461,48743
Toyota,Camry,2018,8623,3,Total Loss,1,Highway,22,0,8191,23290,46643
Mazda,CX-5,2021,15253,4,Severe,3,Residential,5,3,22779,60000,161020
Honda,Accord,2017,8215,3,Total Loss,3,Residential,10,5,7804,23045,51940
Nissan,Altima,2017,6978,1,Minor,2,Urban,15,0,2058,3422,8462
Tesla,Model 3,2022,33347,2,Moderate,2,Residential,10,0,23007,11503,39059
Honda,Civic,2016,6432,3,Severe,1,Residential,15,1,18087,33023,53518
Ford,F-150,2021,22114,1,Minor,3,Rural,1,0,4153,1695,12641
Toyota,Corolla,2021,13049,2,Moderate,2,Highway,5,0,7936,14211,41221
Toyota,Corolla,2016,4912,3,Severe,4,Highway,22,7,17210,29331,142912
Mercedes-Benz,C-Class,2015,10347,3,Total Loss,3,Urban,8,5,9829,23307,56776
Subaru,Outback,2024,36599,3,Total Loss,4,Residential,1,1,34769,43130,143952
Tesla,Model 3,2020,25285,4,Total Loss,1,Urban,2,2,24020,44746,105511
Hyundai,Elantra,2015,4597,2,Severe,3,Rural,16,0,17068,11465,45687
Chevrolet,Silverado,2021,34341,1,Minor,3,Residential,22,0,5620,1561,13954
Tesla,Model 3,2024,43761,4,Severe,3,Highway,12,1,62261,48923,275692
Subaru,Outback,2018,11890,4,Total Loss,4,Residential,11,7,11295,47947,96702
Tesla,Model Y,2023,53627,4,Severe,1,Highway,5,1,72917,95926,292160
Nissan,Altima,2021,18004,2,Minor,3,Residential,17,5,2940,7238,13107
Tesla,Model Y,2021,37971,2,Severe,2,Rural,11,1,56008,9282,87766
BMW,3 Series,2022,27442,1,Minor,1,Urban,8,0,5616,1554,7453
Honda,Civic,2021,15420,1,Minor,4,Highway,9,0,2733,3120,16512
Hyundai,Elantra,2018,7831,1,Minor,2,Residential,7,0,2087,1098,3283
Mazda,CX-5,2020,16667,3,Severe,1,Urban,16,2,23500,27340,65280
Honda,Civic,2022,21350,4,Total Loss,4,Rural,17,7,20282,131508,272077
Mazda,CX-5,2022,21133,2,Moderate,2,Rural,13,3,10388,4560,21414
Subaru,Outback,2017,9980,2,Severe,3,Rural,22,2,20389,8352,48387
Nissan,Altima,2023,18297,2,Minor,1,Urban,22,2,2963,12561,18661
Mazda,CX-5,2018,10865,3,Total Loss,4,Residential,10,2,10321,30367,67533
Hyundai,Elantra,2023,15886,1,Minor,2,Rural,1,0,2691,2009,8052
Honda,Accord,2020,14051,2,Moderate,3,Urban,16,3,8583,8531,33271
Subaru,Outback,2020,13449,4,Total Loss,4,Rural,2,1,12776,105970,322935
Chevrolet,Silverado,2015,13896,4,Total Loss,2,Highway,1,4,13201,40141,114078
Tesla,Model 3,2018,17459,3,Severe,1,Rural,2,1,33855,18659,76174
Ford,F-150,2020,30076,1,Minor,4,Urban,19,0,5109,1506,14272
BMW,3 Series,2015,11711,4,Total Loss,2,Rural,10,4,11125,87726,141064
Ford,F-150,2017,14593,2,Minor,4,Residential,15,1,3251,11491,28473
Mazda,CX-5,2021,16640,1,Minor,3,Residential,23,0,2914,2667,9439
Jeep,Wrangler,2017,10242,3,Severe,3,Residential,22,5,21759,14454,72428
Ford,F-150,2023,54914,3,Moderate,3,Urban,0,3,24769,36605,148973
Honda,Civic,2019,8898,4,Severe,4,Rural,12,2,19271,107836,271891
Chevrolet,Silverado,2019,17022,3,Severe,2,Residential,16,3,27255,44162,74671
Hyundai,Elantra,2023,17413,1,Minor,1,Highway,2,0,2805,2302,7474
Honda,Civic,2021,15629,2,Minor,2,Urban,19,1,2750,9123,19326
Tesla,Model Y,2022,41800,1,Minor,3,Rural,20,0,9024,2678,18990
Tesla,Model 3,2018,16792,1,Minor,2,Residential,2,0,4522,1772,8197
Tesla,Model 3,2020,28500,4,Severe,1,Rural,1,2,45780,83275,152700
Chevrolet,Silverado,2019,23185,4,Total Loss,3,Rural,2,4,22025,118023,291991
Chevrolet,Silverado,2016,15527,1,Minor,4,Rural,1,0,3363,2517,12764
Hyundai,Elantra,2016,7095,1,Minor,2,Urban,9,0,2032,1003,4560
Toyota,Corolla,2021,12914,1,Minor,2,Highway,23,0,2468,2309,9651
Toyota,Camry,2017,10488,2,Minor,1,Highway,2,0,2339,8853,20059
Honda,Civic,2020,12468,4,Severe,4,Urban,16,6,20984,106503,245383
Toyota,Corolla,2024,28000,2,Minor,3,Residential,2,4,3600,11812,26274
Subaru,Outback,2016,8915,1,Minor,3,Highway,13,0,2302,3189,10892
Toyota,Corolla,2019,9483,1,Minor,3,Rural,13,0,2211,2030,7399
Tesla,Model 3,2019,18500,2,Minor,4,Rural,16,6,4830,8996,25210
Ford,F-150,2020,24737,2,Moderate,2,Residential,8,0,13905,7078,26739
Mazda,CX-5,2024,28896,2,Severe,4,Rural,5,4,29736,7466,86580
Mercedes-Benz,C-Class,2022,39705,1,Minor,3,Rural,21,0,7852,3139,18022
Tesla,Model Y,2023,45225,2,Severe,3,Rural,0,5,63843,10981,159113
Ford,F-150,2016,14991,4,Total Loss,2,Urban,6,4,14241,48659,103487
Tesla,Model 3,2021,30075,3,Moderate,3,Rural,8,4,21240,34192,103295
Toyota,Corolla,2022,18291,4,Total Loss,4,Rural,3,0,17376,52213,190941
Honda,Civic,2016,8524,4,Total Loss,4,Rural,4,8,8097,47942,118511
Honda,Civic,2015,5539,4,Total Loss,2,Rural,19,0,5262,96901,119294
Honda,Civic,2016,5221,2,Moderate,1,Residential,3,0,6253,6434,15778
Tesla,Model 3,2018,19866,1,Minor,2,Rural,9,0,5075,2805,10991
Jeep,Wrangler,2020,20657,4,Total Loss,3,Highway,3,4,19624,133266,394953
Honda,Civic,2015,4449,2,Minor,2,Urban,14,4,1855,8435,12658
Toyota,Camry,2024,28625,4,Severe,1,Highway,10,2,28740,74647,145014
Mercedes-Benz,C-Class,2017,14519,3,Total Loss,3,Residential,16,1,13793,17784,44047
Subaru,Outback,2022,26181,1,Minor,4,Urban,0,0,3856,2747,16029
Mazda,CX-5,2015,6302,3,Severe,4,Urban,0,4,18214,37819,164664
Honda,Accord,2015,6166,2,Moderate,2,Rural,12,2,6572,5876,16952
Jeep,Wrangler,2017,13165,1,Minor,2,Urban,4,0,2948,2083,9168
Toyota,Camry,2024,20465,3,Moderate,1,Rural,21,2,9911,43011,63017
BMW,3 Series,2017,11616,1,Moderate,2,Rural,4,0,10227,2298,22511
BMW,3 Series,2016,13970,2,Severe,2,Highway,12,4,27573,11976,63406
Tesla,Model Y,2021,33784,1,Moderate,3,Rural,11,0,23243,3052,45757
Ford,F-150,2023,42570,4,Total Loss,4,Highway,21,5,40441,100941,393088
BMW,3 Series,2018,18756,3,Severe,3,Rural,6,5,31880,28579,118869
Hyundai,Elantra,2020,11887,2,Moderate,2,Residential,8,3,7674,11162,24046
Hyundai,Elantra,2024,19116,2,Moderate,1,Rural,3,1,9301,4261,15050
Ford,F-150,2015,10207,4,Total Loss,4,Urban,12,0,9696,100249,251301
Jeep,Wrangler,2020,23176,2,Moderate,3,Rural,1,6,12648,8674,46522
Tesla,Model Y,2022,33410,1,Minor,2,Residential,9,0,7513,3455,12698
Tesla,Model 3,2018,19231,3,Severe,1,Urban,8,2,35769,28920,72189
Tesla,Model 3,2018,17167,2,Minor,1,Highway,5,1,4590,5228,16620
Mazda,CX-5,2024,34545,3,Severe,1,Highway,20,0,32617,25858,86313
Mercedes-Benz,C-Class,2021,31952,2,Moderate,1,Residential,14,0,20336,10250,23798
BMW,3 Series,2021,26058,3,Moderate,1,Residential,11,0,16726,44265,63148
Nissan,Altima,2016,5491,1,Minor,1,Highway,9,0,1939,1520,4061
Jeep,Wrangler,2015,6741,4,Total Loss,2,Highway,12,2,6403,68490,136231
Honda,Accord,2019,15565,4,Severe,1,Rural,18,2,22938,64440,90127
Jeep,Wrangler,2022,25660,4,Total Loss,2,Urban,7,0,24377,85866,159426
Mercedes-Benz,C-Class,2018,22381,1,Minor,4,Residential,4,0,5080,2134,13906
Hyundai,Elantra,2021,11100,2,Minor,3,Urban,6,0,2332,7228,15014
Tesla,Model 3,2024,48850,1,Minor,3,Residential,22,0,10293,2721,24516
Tesla,Model Y,2020,30264,4,Total Loss,3,Rural,3,0,28750,112662,247932
Chevrolet,Silverado,2017,17974,2,Moderate,1,Highway,23,2,11470,6254,24358
Mercedes-Benz,C-Class,2020,24803,3,Total Loss,3,Residential,14,3,23562,12539,59841
Hyundai,Elantra,2019,8953,4,Total Loss,2,Highway,8,0,8505,57893,114297
Hyundai,Elantra,2017,6153,3,Total Loss,4,Highway,14,5,5845,18078,72430
Nissan,Altima,2019,10700,1,Minor,1,Residential,21,0,2356,2648,5102
Toyota,Corolla,2020,12520,4,Total Loss,3,Urban,14,2,11894,85468,163856
Toyota,Camry,2020,16859,2,Moderate,4,Residential,4,8,9046,9825,42040
Chevrolet,Silverado,2018,20034,1,Minor,1,Urban,13,0,3904,2157,7012
Chevrolet,Silverado,2022,48304,2,Minor,1,Residential,14,0,7296,10373,14610
Toyota,Camry,2023,18473,4,Total Loss,3,Residential,10,4,17549,42920,92752
Tesla,Model 3,2024,41683,1,Minor,3,Residential,18,0,9002,2232,15471
Mazda,CX-5,2023,22020,4,Total Loss,4,Highway,9,1,20919,114149,387139
Mazda,CX-5,2023,23312,2,Moderate,3,Rural,23,6,10944,5428,29525
Chevrolet,Silverado,2019,19637,4,Total Loss,2,Urban,18,3,18655,101438,181031
Nissan,Altima,2019,13368,1,Minor,4,Urban,7,0,2569,3246,13495
Nissan,Altima,2015,4740,1,Minor,4,Highway,4,0,1879,1791,11713
Tesla,Model 3,2023,39204,1,Minor,3,Urban,10,0,8556,2461,22289
Honda,Civic,2024,19003,1,Minor,4,Rural,21,0,3020,2840,10108
Nissan,Altima,2020,15187,3,Total Loss,3,Residential,9,0,14427,28771,75477
Chevrolet,Silverado,2016,14545,4,Severe,4,Residential,5,6,25472,48513,172537
Toyota,Corolla,2022,14531,1,Minor,1,Urban,22,0,2589,3393,7590
Toyota,Camry,2023,28630,3,Severe,2,Residential,14,4,28742,16851,65204
Honda,Accord,2020,13545,1,Minor,1,Residential,0,0,2651,2088,4637
Tesla,Model Y,2020,28551,1,Minor,2,Residential,10,0,6639,1956,11263
Tesla,Model 3,2019,22912,2,Moderate,3,Residential,19,3,17372,13467,42794
Toyota,Camry,2023,23937,1,Moderate,2,Urban,22,0,10744,2773,23002
Ford,F-150,2015,8706,2,Severe,3,Urban,2,1,21268,13868,64103
Toyota,Camry,2022,18456,2,Moderate,4,Highway,4,8,9429,7650,48969
Subaru,Outback,2016,8056,3,Total Loss,4,Rural,16,4,7653,35373,94113
Hyundai,Elantra,2022,19917,2,Moderate,3,Urban,8,2,9481,10600,33963
Mazda,CX-5,2018,11466,4,Total Loss,1,Highway,15,1,10892,75139,112103
Chevrolet,Silverado,2015,9531,3,Severe,1,Urban,12,2,21862,29510,65180
Nissan,Altima,2016,8018,3,Severe,1,Urban,3,0,18848,37981,68056
Nissan,Altima,2020,16386,4,Total Loss,3,Highway,23,0,15566,113790,324991
Toyota,Corolla,2016,5772,2,Minor,2,Rural,12,2,1932,10072,14054
Ford,F-150,2020,22097,2,Moderate,3,Rural,7,3,12954,6279,35800
Honda,Accord,2017,10418,3,Severe,3,Residential,20,5,20313,23256,78533
BMW,3 Series,2015,10713,1,Minor,4,Residential,11,0,3106,2597,10029
Mazda,CX-5,2015,6025,3,Severe,1,Rural,16,2,18072,30233,47957
Tesla,Model Y,2023,49920,2,Severe,1,Residential,20,2,68913,13545,80140
Tesla,Model 3,2023,40223,2,Moderate,2,Highway,17,4,26720,8378,57050
Honda,Civic,2019,9367,2,Moderate,1,Urban,0,0,7248,12830,25620
Ford,F-150,2018,21505,1,Moderate,4,Rural,7,0,12741,3155,30178
Mercedes-Benz,C-Class,2024,42183,1,Minor,3,Urban,9,0,8249,2829,20656
Nissan,Altima,2018,11466,4,Severe,3,Urban,18,1,20503,53628,123751
Mercedes-Benz,C-Class,2022,34807,4,Total Loss,4,Highway,20,3,33066,79766,297204
BMW,3 Series,2023,39264,2,Moderate,2,Residential,10,2,22668,11045,39024
BMW,3 Series,2015,8460,1,Minor,3,Rural,1,0,2769,2480,10976
BMW,3 Series,2022,31910,3,Severe,2,Residential,8,3,43719,31227,91234
Toyota,Camry,2016,6914,1,Moderate,1,Residential,15,0,6659,1912,7459
BMW,3 Series,2019,19424,1,Minor,4,Highway,23,0,4413,2013,16566
Hyundai,Elantra,2017,6652,4,Severe,4,Residential,18,8,17993,101958,217031
Jeep,Wrangler,2016,11490,2,Minor,1,Residential,7,1,2763,12205,12902
Tesla,Model 3,2023,37178,3,Severe,1,Urban,10,2,55152,22577,79149
Tesla,Model 3,2019,19415,1,Minor,4,Highway,0,0,4994,1811,22041
Jeep,Wrangler,2019,17028,1,Moderate,2,Highway,18,0,10619,2474,22180
Mazda,CX-5,2019,13718,2,Moderate,2,Rural,12,4,8498,7264,21712
Honda,Accord,2024,24910,4,Total Loss,4,Highway,7,5,23664,84366,308801
Nissan,Altima,2015,6318,2,Moderate,1,Rural,9,1,6516,9007,14302
Jeep,Wrangler,2015,8945,1,Minor,3,Residential,17,0,2483,3124,7095
Hyundai,Elantra,2023,23491,2,Minor,2,Rural,18,4,3261,11571,19593
BMW,3 Series,2017,11511,1,Minor,2,Residential,5,0,3226,1708,6013
Tesla,Model 3,2018,16134,3,Moderate,3,Highway,15,6,13712,37881,122280
Tesla,Model 3,2018,15224,2,Moderate,4,Highway,21,4,13220,14149,72173
BMW,3 Series,2024,47369,4,Total Loss,3,Rural,11,6,45000,53227,154474
Toyota,Corolla,2018,10184,2,Minor,4,Residential,16,1,2263,7955,19429
Mazda,CX-5,2018,10430,4,Total Loss,1,Urban,7,2,9908,131896,150116
Ford,F-150,2022,22878,3,Moderate,1,Residential,6,1,13236,37020,43245
Honda,Accord,2022,27196,1,Moderate,4,Highway,4,0,11934,3105,46153
Jeep,Wrangler,2020,18616,4,Total Loss,4,Residential,0,5,17685,51717,162394
Tesla,Model Y,2021,37395,3,Severe,3,Rural,17,0,55386,19798,136635
Jeep,Wrangler,2015,9911,1,Minor,3,Rural,20,0,2590,2487,9156
Hyundai,Elantra,2021,16021,2,Minor,1,Urban,17,2,2701,11720,16328
Subaru,Outback,2021,21563,2,Moderate,3,Rural,19,0,10822,6823,26821
Ford,F-150,2016,16142,3,Total Loss,1,Urban,2,0,15334,19318,42024
Nissan,Altima,2018,8993,3,Severe,4,Highway,7,8,19316,20033,104040
Jeep,Wrangler,2024,43097,2,Moderate,3,Highway,21,5,19222,12890,76915
Subaru,Outback,2018,10460,4,Total Loss,4,Highway,19,2,9937,46072,141171
Toyota,Camry,2016,6107,4,Severe,4,Highway,13,0,17931,97645,313183
Tesla,Model 3,2019,20738,4,Total Loss,2,Residential,6,1,19701,75271,127945
Tesla,Model Y,2020,28882,1,Minor,3,Residential,17,0,6698,1781,10512
BMW,3 Series,2019,15909,1,Minor,1,Highway,5,0,3886,2232,9043
Nissan,Altima,2018,8680,3,Severe,3,Residential,20,5,19166,39511,96529
Honda,Civic,2024,30336,2,Minor,4,Urban,21,3,3926,5053,18055
Tesla,Model 3,2020,27491,4,Severe,1,Rural,19,2,44690,78092,131974
Subaru,Outback,2019,12030,1,Minor,4,Highway,1,0,2582,3244,15685
Tesla,Model 3,2018,18277,1,Minor,3,Urban,10,0,4789,1540,12190
Ford,F-150,2022,33250,2,Moderate,1,Urban,12,0,16970,4447,23232
Chevrolet,Silverado,2018,25230,4,Total Loss,1,Rural,11,1,23968,59050,96578
Toyota,Camry,2017,9193,3,Severe,2,Highway,22,0,19412,33727,95072
Chevrolet,Silverado,2015,12675,3,Severe,3,Residential,19,2,24126,23693,77158
Tesla,Model Y,2024,51934,2,Severe,1,Residential,8,0,71088,9992,63076
Chevrolet,Silverado,2024,42124,3,Severe,3,Residential,16,2,45329,26240,95383
Chevrolet,Silverado,2015,10175,2,Severe,2,Highway,22,3,22326,7566,68431
Toyota,Corolla,2023,17158,2,Severe,1,Residential,1,0,22721,11849,32566
Mazda,CX-5,2017,9985,2,Minor,4,Highway,16,3,2348,11772,33316
Subaru,Outback,2023,30225,1,Moderate,2,Urban,4,0,13160,3325,28687
Tesla,Model 3,2024,43411,4,Total Loss,4,Residential,2,7,41240,138067,415485
Tesla,Model Y,2024,48674,2,Severe,1,Highway,1,2,67567,7082,103289
Nissan,Altima,2018,10052,1,Minor,1,Highway,2,0,2304,3177,8011
Honda,Accord,2015,5417,2,Minor,2,Rural,5,0,1960,13334,22496
Nissan,Altima,2019,9338,2,Minor,4,Rural,22,8,2247,14078,33384
Honda,Accord,2018,13523,4,Total Loss,3,Rural,22,2,12846,47541,133504
Ford,F-150,2017,12200,3,Severe,4,Urban,14,4,23784,41533,118811
Jeep,Wrangler,2023,35347,3,Total Loss,4,Highway,8,4,33579,27839,172530
Honda,Accord,2024,26750,4,Severe,4,Rural,9,1,28642,70122,181060
Chevrolet,Silverado,2017,18623,3,Moderate,4,Residential,15,3,11704,40514,93431
Mercedes-Benz,C-Class,2020,23289,4,Total Loss,4,Urban,21,0,22124,97370,285032
Mercedes-Benz,C-Class,2015,13537,1,Minor,3,Residential,11,0,3665,1866,7039
Ford,F-150,2017,11450,2,Minor,3,Residential,6,6,2874,9162,15749
Mercedes-Benz,C-Class,2019,24783,3,Moderate,1,Highway,1,2,16895,18105,58837
BMW,3 Series,2023,44798,3,Severe,1,Rural,2,2,55318,40353,118764
Honda,Civic,2019,10123,2,Minor,2,Rural,4,0,2309,13142,23143
Honda,Accord,2018,11068,3,Severe,1,Urban,14,1,20644,20167,49600
Honda,Civic,2020,13325,4,Severe,2,Highway,17,2,21396,60868,137302
Tesla,Model 3,2020,23752,3,Severe,3,Residential,18,1,40652,36219,103611
Tesla,Model Y,2022,39235,2,Minor,2,Rural,15,3,8562,12388,24018
Tesla,Model 3,2020,22165,4,Total Loss,4,Highway,5,6,21056,114407,436362
Honda,Accord,2022,17103,2,Moderate,2,Urban,1,1,9361,7948,27019
Tesla,Model Y,2020,25167,4,Severe,2,Urban,15,2,42180,130907,281987
Mazda,CX-5,2015,7784,4,Total Loss,3,Urban,10,3,7394,98849,177154
BMW,3 Series,2020,18503,4,Total Loss,3,Rural,4,3,17577,98866,207120
Mercedes-Benz,C-Class,2021,35439,1,Minor,2,Rural,18,0,7170,2530,10841
Tesla,Model Y,2022,46535,1,Minor,1,Residential,1,0,9876,1259,12420
Mazda,CX-5,2019,14513,1,Minor,4,Highway,15,0,2733,1887,12300
Honda,Civic,2016,6614,1,Minor,4,Highway,21,0,2029,3581,14429
Jeep,Wrangler,2023,26492,2,Moderate,2,Highway,9,1,13742,4458,28680
Tesla,Model 3,2020,24299,3,Severe,1,Urban,21,2,41242,34005,85038
Toyota,Camry,2016,7115,1,Minor,2,Residential,17,0,2069,2923,5267
Mercedes-Benz,C-Class,2023,50039,1,Minor,1,Residential,12,0,9506,2539,9648
Jeep,Wrangler,2020,18927,4,Total Loss,4,Rural,12,2,17980,78751,187606
Mercedes-Benz,C-Class,2019,19720,1,Minor,1,Urban,4,0,4655,1445,8208
Toyota,Camry,2015,5833,4,Total Loss,2,Rural,7,0,5541,137709,169906
BMW,3 Series,2023,44306,1,Minor,3,Residential,2,0,8145,2466,16240
Mazda,CX-5,2016,9206,3,Severe,4,Rural,15,6,19695,20022,86124
Tesla,Model Y,2024,58920,3,Severe,2,Residential,19,0,78633,37281,124289
Honda,Accord,2021,17339,3,Severe,2,Residential,2,0,23842,43774,109395
Toyota,Corolla,2016,5490,4,Total Loss,1,Urban,15,1,5215,127152,127922
Tesla,Model 3,2019,17874,3,Total Loss,4,Highway,21,2,16980,34168,130695
Nissan,Altima,2017,8381,1,Minor,2,Rural,7,0,2170,2616,5574
Honda,Accord,2018,9443,3,Severe,4,Residential,8,1,19815,39401,105101
Mercedes-Benz,C-Class,2019,21605,4,Total Loss,3,Highway,5,0,20524,127306,383420
BMW,3 Series,2020,20745,3,Severe,1,Residential,22,1,33670,25389,56449
Mercedes-Benz,C-Class,2019,20332,1,Minor,4,Residential,7,0,4753,3347,13951
Ford,F-150,2023,47917,2,Moderate,2,Residential,12,0,22250,10422,37111
Toyota,Corolla,2015,5848,4,Total Loss,1,Highway,15,1,5555,44421,78457
BMW,3 Series,2024,38315,3,Moderate,3,Residential,9,2,22241,22957,77050
Nissan,Altima,2023,21621,1,Minor,4,Residential,13,0,3229,2153,10474
Mercedes-Benz,C-Class,2023,48046,1,Moderate,4,Rural,12,0,28062,2114,59277
Jeep,Wrangler,2019,14944,4,Total Loss,1,Residential,13,2,14196,116915,123928
Tesla,Model Y,2023,49203,2,Severe,3,Residential,0,1,68139,14266,154590
Toyota,Camry,2019,14815,4,Total Loss,3,Highway,22,4,14074,116307,313358
Nissan,Altima,2021,13131,4,Total Loss,2,Highway,23,4,12474,119236,234657
BMW,3 Series,2023,43300,2,Severe,3,Highway,9,1,53970,5923,136703
Tesla,Model 3,2018,15268,4,Total Loss,1,Residential,19,0,14504,136944,150930
Tesla,Model 3,2022,32687,2,Severe,3,Residential,22,6,50301,8768,114658
Jeep,Wrangler,2024,33313,3,Moderate,3,Urban,5,1,15993,34408,104537
Hyundai,Elantra,2021,11495,4,Total Loss,4,Urban,18,7,10920,70707,159141
Honda,Civic,2024,24248,2,Moderate,3,Rural,19,3,10819,4320,21050
Toyota,Corolla,2015,4316,3,Total Loss,3,Residential,6,3,4100,42903,73482
Honda,Accord,2024,37425,4,Total Loss,4,Rural,14,2,35553,88331,214150
Mazda,CX-5,2021,15770,4,Total Loss,1,Highway,9,0,14981,102333,173598
Chevrolet,Silverado,2021,23840,2,Minor,1,Residential,20,2,4360,13313,13634
Nissan,Altima,2015,7240,4,Severe,1,Urban,5,1,18475,67344,131503
Honda,Accord,2019,11442,4,Total Loss,3,Rural,2,5,10869,63830,141166
Honda,Accord,2019,10933,4,Total Loss,4,Residential,13,6,10386,43518,85988
Subaru,Outback,2015,7307,3,Total Loss,4,Urban,12,0,6941,33467,86634
Mazda,CX-5,2017,7878,4,Severe,4,Residential,4,3,19017,73902,215261
Ford,F-150,2020,20417,4,Total Loss,3,Highway,9,1,19396,105577,259910
Ford,F-150,2016,9729,3,Moderate,3,Highway,9,6,8502,34622,94959
Toyota,Camry,2020,10475,4,Total Loss,2,Residential,13,4,9951,83587,119114
Nissan,Altima,2024,20601,3,Severe,4,Rural,8,6,24888,29093,110067
Honda,Civic,2015,5448,4,Total Loss,2,Rural,11,4,5175,123912,194168
BMW,3 Series,2021,24491,1,Minor,2,Urban,12,0,5173,2264,12166
Tesla,Model 3,2019,19938,2,Moderate,2,Urban,2,4,15766,8790,43401
Ford,F-150,2020,30694,3,Severe,3,Urban,19,1,37099,24004,122366
Nissan,Altima,2019,12802,2,Minor,3,Rural,12,0,2524,13719,23755
Mercedes-Benz,C-Class,2015,13267,2,Severe,2,Urban,14,3,27736,10714,51047
Ford,F-150,2019,24595,1,Moderate,1,Urban,2,0,13854,2924,21974
Mercedes-Benz,C-Class,2021,25900,4,Total Loss,1,Highway,3,1,24605,137007,251200
Chevrolet,Silverado,2022,24010,3,Severe,1,Urban,8,1,32287,19436,62364
Hyundai,Elantra,2024,27752,2,Moderate,4,Highway,8,0,11244,11983,61150
Mazda,CX-5,2022,19459,3,Severe,2,Residential,21,4,24924,40120,77473
Tesla,Model 3,2020,22635,2,Severe,2,Urban,14,1,39445,7156,71737
Hyundai,Elantra,2023,16750,4,Severe,2,Residential,5,1,22537,72017,146248
Mazda,CX-5,2022,25424,3,Severe,4,Rural,9,1,27966,21416,115657
Toyota,Camry,2021,13086,2,Moderate,1,Urban,9,2,8140,11407,22064
Honda,Civic,2021,12676,2,Minor,1,Urban,10,0,2514,4910,9275
Chevrolet,Silverado,2021,27785,3,Severe,3,Highway,20,2,35005,13559,93238
Subaru,Outback,2024,25121,4,Total Loss,1,Highway,21,0,23864,112481,188475
Honda,Civic,2018,11242,1,Minor,2,Residential,19,0,2399,2069,5997
Toyota,Camry,2019,13275,3,Severe,3,Residential,18,1,21372,21047,70314
Nissan,Altima,2022,17864,3,Severe,3,Highway,11,0,23574,32488,111420
Jeep,Wrangler,2015,9840,4,Total Loss,4,Rural,1,6,9348,104896,294867
Hyundai,Elantra,2019,11349,1,Moderate,3,Highway,1,0,7553,1678,24760
Ford,F-150,2023,44213,3,Severe,2,Rural,8,1,46833,28465,102753
Mercedes-Benz,C-Class,2018,20048,1,Minor,2,Residential,7,0,4707,1122,7195
Honda,Accord,2024,23840,3,Total Loss,2,Highway,10,4,22648,22758,87138
Tesla,Model Y,2023,51072,2,Moderate,4,Urban,7,8,32578,13715,101366
Subaru,Outback,2022,23974,2,Moderate,4,Highway,22,6,11472,8181,52795
BMW,3 Series,2018,16111,1,Minor,3,Residential,0,0,3916,1635,8672
BMW,3 Series,2023,31802,3,Severe,1,Rural,3,0,43621,13334,72197
Toyota,Corolla,2016,5981,3,Total Loss,2,Urban,16,4,5681,18074,41629
Tesla,Model 3,2019,20958,2,Moderate,2,Rural,18,0,16317,7528,33165
Tesla,Model 3,2023,36741,4,Total Loss,1,Urban,1,1,34903,83860,181805
Tesla,Model 3,2022,37752,1,Minor,2,Urban,4,0,8295,3276,22367
Honda,Civic,2023,16893,1,Minor,4,Residential,17,0,2851,1147,7782
Jeep,Wrangler,2019,16486,3,Severe,1,Residential,3,0,25880,13213,46234
BMW,3 Series,2016,10815,4,Total Loss,4,Residential,2,0,10274,42925,102097
Hyundai,Elantra,2023,23001,3,Total Loss,4,Residential,2,4,21850,25785,101757
Mercedes-Benz,C-Class,2023,40384,2,Minor,4,Highway,0,7,7961,10290,47404
Chevrolet,Silverado,2021,35059,2,Minor,3,Highway,0,6,5707,8176,39273
Ford,F-150,2017,19827,3,Severe,1,Rural,3,0,29275,14161,62276
Tesla,Model Y,2023,43684,2,Minor,3,Rural,4,2,9363,13674,49081
Ford,F-150,2024,35483,1,Moderate,4,Residential,0,0,17773,3506,42273
Ford,F-150,2019,17019,3,Severe,3,Urban,15,5,27253,17341,83730
Mercedes-Benz,C-Class,2019,17974,1,Minor,3,Highway,12,0,4375,1056,10375
Subaru,Outback,2024,30327,1,Moderate,3,Highway,3,0,13188,3492,36296
Mazda,CX-5,2015,6589,4,Total Loss,3,Residential,12,6,6259,75840,136850
Jeep,Wrangler,2015,6726,4,Total Loss,1,Urban,18,2,6389,107682,127702
Subaru,Outback,2019,13312,3,Total Loss,3,Residential,4,4,12646,42166,86930
Honda,Civic,2015,6668,2,Moderate,3,Residential,1,1,6600,7347,24856
Chevrolet,Silverado,2017,21095,1,Minor,2,Residential,17,0,4031,1405,5937
Subaru,Outback,2022,22435,3,Total Loss,4,Highway,16,4,21313,42345,194216
Chevrolet,Silverado,2015,14645,3,Total Loss,3,Residential,17,5,13912,42498,89245
Mercedes-Benz,C-Class,2024,43944,2,Moderate,3,Residential,15,4,26093,11178,57998
Honda,Accord,2021,18835,3,Total Loss,1,Residential,23,1,17893,30032,60597
Tesla,Model Y,2022,33643,3,Total Loss,1,Residential,17,2,31960,38680,69254
Nissan,Altima,2021,15483,4,Total Loss,1,Highway,15,1,14708,69431,104438
Subaru,Outback,2015,8390,2,Moderate,2,Highway,2,2,7265,10484,38248
Ford,F-150,2017,13067,2,Moderate,2,Highway,5,1,9704,6065,33068
Honda,Accord,2018,9274,3,Moderate,2,Residential,20,3,7364,31142,47578
Mercedes-Benz,C-Class,2015,13822,2,Moderate,4,Rural,19,2,11634,12371,48811
Toyota,Corolla,2018,10249,1,Minor,2,Urban,17,0,2268,3044,8396
Tesla,Model Y,2022,38119,3,Severe,4,Rural,6,3,56168,25113,145272
Mercedes-Benz,C-Class,2019,24784,1,Minor,3,Rural,9,0,5465,3558,15413
Jeep,Wrangler,2022,28720,3,Severe,4,Residential,12,4,33955,30644,125915
Ford,F-150,2024,42118,2,Moderate,1,Urban,1,2,20162,5910,37591
Hyundai,Elantra,2018,7121,1,Minor,2,Rural,2,0,2034,2753,7038
Subaru,Outback,2016,9753,4,Total Loss,2,Urban,21,4,9265,105352,157718
Jeep,Wrangler,2015,8823,3,Total Loss,4,Residential,6,4,8381,29491,65515
Tesla,Model 3,2021,32697,4,Severe,2,Residential,22,4,50312,83059,220491
Tesla,Model Y,2024,53372,4,Total Loss,2,Rural,16,3,50703,60544,146249
Tesla,Model 3,2023,43373,1,Moderate,4,Residential,6,0,28421,3094,58155
Nissan,Altima,2024,27589,1,Minor,4,Highway,18,0,3707,3047,16870
Toyota,Camry,2015,5133,1,Minor,2,Highway,4,0,1910,2447,9387
Tesla,Model 3,2020,25283,3,Total Loss,4,Residential,1,2,24018,21794,109448
Mazda,CX-5,2022,22874,1,Moderate,1,Highway,1,0,10832,1387,19227
BMW,3 Series,2023,31519,4,Total Loss,1,Residential,15,1,29943,122292,126115
BMW,3 Series,2021,26138,3,Severe,3,Residential,2,6,38524,19621,99889
Nissan,Altima,2021,15151,4,Total Loss,3,Rural,8,3,14393,65416,137293
Mercedes-Benz,C-Class,2019,26279,4,Total Loss,4,Residential,6,8,24965,79573,191236
Hyundai,Elantra,2016,6698,2,Moderate,1,Rural,5,1,6507,12683,22934
Honda,Civic,2021,19174,4,Total Loss,2,Urban,18,4,18215,75195,146650
Mercedes-Benz,C-Class,2021,32543,4,Total Loss,2,Residential,4,4,30915,55050,127337
Ford,F-150,2019,18831,1,Minor,4,Urban,22,0,3759,2225,14813
Tesla,Model Y,2020,33605,1,Minor,1,Urban,10,0,7548,2756,11015
Mazda,CX-5,2019,13303,1,Minor,4,Urban,2,0,2630,3092,16043
Hyundai,Elantra,2019,10400,4,Total Loss,2,Residential,18,2,9880,111989,155347
Mazda,CX-5,2020,13749,2,Minor,2,Highway,11,4,2668,12926,22806
Honda,Accord,2015,8064,3,Total Loss,3,Residential,23,2,7660,23510,64801
Mercedes-Benz,C-Class,2020,28906,4,Total Loss,4,Urban,14,6,27460,122975,319899
BMW,3 Series,2018,14014,3,Moderate,2,Residential,7,0,11306,37088,67816
Toyota,Camry,2017,7481,4,Severe,2,Urban,20,2,18590,43409,87666
Ford,F-150,2020,26525,1,Minor,1,Residential,17,0,4683,1055,5415
Mazda,CX-5,2018,12177,4,Total Loss,3,Highway,17,2,11568,136927,280683
Ford,F-150,2019,16267,2,Minor,1,Rural,11,2,3452,7835,11266
Honda,Accord,2017,9337,1,Moderate,3,Residential,20,0,7380,2385,15989
Honda,Accord,2024,22518,2,Moderate,3,Residential,18,3,10742,11522,32123
Mercedes-Benz,C-Class,2022,34509,4,Severe,3,Highway,6,5,48128,91835,330455
Honda,Accord,2024,35600,2,Severe,1,Rural,19,0,33156,14208,45652
Jeep,Wrangler,2016,9889,4,Severe,3,Rural,3,4,21526,96321,205196
Jeep,Wrangler,2019,16243,3,Severe,1,Highway,7,1,25720,13872,53392
Jeep,Wrangler,2015,8796,1,Minor,1,Urban,11,0,2467,1075,3468
Mazda,CX-5,2020,14527,4,Total Loss,3,Highway,12,1,13800,84801,208432
Jeep,Wrangler,2021,18644,1,Minor,4,Rural,11,0,3550,1934,11012
Jeep,Wrangler,2019,15320,1,Minor,2,Urban,8,0,3185,1641,6383
Ford,F-150,2024,36463,2,Moderate,4,Highway,7,1,18126,11953,77637
Toyota,Camry,2018,12929,2,Minor,2,Rural,0,0,2534,4047,11368
Subaru,Outback,2015,8775,3,Moderate,3,Urban,17,0,7369,40566,91690
Toyota,Camry,2023,26039,2,Minor,4,Highway,7,0,3583,7750,29362
Ford,F-150,2017,20405,2,Minor,1,Rural,23,1,3948,7694,13224
Subaru,Outback,2016,10244,2,Minor,4,Highway,22,0,2421,8589,29645
Chevrolet,Silverado,2016,10233,4,Total Loss,2,Rural,19,2,9721,68805,111072
Mercedes-Benz,C-Class,2022,34825,4,Total Loss,1,Residential,8,0,33083,78981,91419
Toyota,Camry,2024,23401,4,Severe,3,Urban,21,2,26232,63854,145675
BMW,3 Series,2015,11758,4,Total Loss,1,Highway,22,2,11170,99552,180292
Subaru,Outback,2020,17153,1,Minor,1,Rural,18,0,3043,1766,5417
BMW,3 Series,2017,11687,3,Total Loss,4,Rural,19,7,11102,19560,64737
Mercedes-Benz,C-Class,2020,23113,3,Severe,3,Highway,11,3,37188,23054,142444
Honda,Civic,2023,26964,2,Moderate,2,Residential,21,2,11471,13258,29172
Honda,Accord,2022,19605,1,Moderate,2,Rural,4,0,9999,1784,21271
Tesla,Model Y,2021,38482,3,Severe,3,Rural,8,3,56560,31500,152676
Tesla,Model Y,2024,47434,2,Minor,3,Highway,2,1,10038,4751,41759
Toyota,Corolla,2015,4764,1,Minor,2,Urban,10,0,1857,1439,5345
Jeep,Wrangler,2018,14571,4,Total Loss,1,Highway,20,2,13842,136253,176873
Hyundai,Elantra,2019,8519,4,Total Loss,4,Highway,14,0,8093,125386,314738
Tesla,Model Y,2020,26436,4,Total Loss,3,Urban,9,3,25114,41077,117992
Ford,F-150,2024,31920,3,Total Loss,4,Highway,3,6,30324,18359,160100
Honda,Civic,2024,22370,2,Moderate,1,Urban,17,2,10368,5171,18320
Subaru,Outback,2017,11415,3,Severe,4,Urban,12,4,21164,24247,89117
BMW,3 Series,2016,12798,4,Total Loss,2,Rural,19,4,12158,108105,160598
Honda,Accord,2024,30820,4,Total Loss,4,Highway,12,6,29279,103226,328087
Toyota,Corolla,2019,12213,4,Total Loss,3,Highway,0,1,11602,120777,392206
Honda,Accord,2020,12833,1,Moderate,1,Highway,16,0,8272,1199,12937
Toyota,Corolla,2021,15544,3,Severe,2,Highway,19,0,21994,38221,108839
Mazda,CX-5,2022,19888,3,Severe,3,Urban,5,3,25142,38124,135159
BMW,3 Series,2021,22742,2,Severe,2,Urban,9,1,35467,5680,54698
Honda,Civic,2018,10183,2,Moderate,2,Urban,20,2,7443,6138,19008
Ford,F-150,2023,27804,4,Total Loss,2,Residential,5,1,26413,78173,137176
Toyota,Corolla,2023,17966,1,Minor,3,Urban,15,0,2847,1324,6632
BMW,3 Series,2015,10581,1,Minor,1,Residential,9,0,3087,3078,4964
Ford,F-150,2020,33594,4,Severe,3,Rural,4,6,39187,63397,179208
Ford,F-150,2017,11150,3,Severe,4,Rural,16,1,23028,37419,104805
Honda,Accord,2022,21448,1,Minor,4,Rural,23,0,3323,1898,12596
BMW,3 Series,2022,38410,4,Total Loss,1,Residential,20,1,36489,97547,122092
BMW,3 Series,2024,54202,2,Minor,2,Highway,19,4,9630,12984,35853
Mazda,CX-5,2017,10286,2,Severe,2,Residential,17,2,20245,9202,34657
Nissan,Altima,2016,8522,2,Severe,2,Urban,9,4,19090,9754,44204
Mazda,CX-5,2021,19741,4,Severe,4,Highway,15,0,25067,68289,212908
Subaru,Outback,2021,18819,4,Severe,3,Rural,9,5,25162,137184,248205
Nissan,Altima,2016,8668,3,Severe,1,Highway,6,1,19160,23373,56254
Toyota,Camry,2017,9321,2,Moderate,1,Rural,5,1,7237,11783,20040
Tesla,Model 3,2022,34743,3,Total Loss,3,Highway,6,3,33005,28994,145414
Mazda,CX-5,2016,8369,3,Severe,1,Highway,17,1,19268,40218,94432
Nissan,Altima,2018,7701,2,Moderate,3,Highway,23,0,6848,7246,31436
Hyundai,Elantra,2017,7643,3,Moderate,3,Rural,1,0,6719,20070,63337
Chevrolet,Silverado,2024,66552,4,Total Loss,3,Highway,20,4,63224,57901,237500
Toyota,Corolla,2023,16268,3,Severe,2,Rural,10,1,22320,17161,56591
Hyundai,Elantra,2020,9929,2,Moderate,3,Highway,22,0,7234,4888,31869
Honda,Accord,2017,11237,1,Minor,1,Residential,22,0,2455,2405,4760
Subaru,Outback,2016,9353,4,Severe,4,Rural,8,6,20050,97818,197408
Ford,F-150,2023,34544,4,Severe,4,Highway,13,3,39871,83805,274332
Jeep,Wrangler,2016,9358,4,Severe,1,Urban,0,1,21176,142869,208561
Jeep,Wrangler,2024,29155,1,Minor,3,Urban,12,0,4707,1044,10674
Mercedes-Benz,C-Class,2021,30850,1,Minor,2,Urban,4,0,6436,2263,13409
Jeep,Wrangler,2020,15224,4,Total Loss,3,Highway,20,3,14462,115130,320279
Mazda,CX-5,2017,11043,1,Minor,1,Residential,23,0,2438,1517,4832
BMW,3 Series,2016,10764,1,Minor,3,Urban,6,0,3114,1545,7856
Toyota,Corolla,2021,13416,3,Severe,1,Highway,18,1,21037,26826,72630
Tesla,Model 3,2018,19744,2,Minor,3,Residential,21,2,5053,13587,25259
Honda,Civic,2019,11774,3,Total Loss,4,Rural,8,6,11185,43487,91517
Honda,Accord,2018,12892,1,Minor,4,Urban,22,0,2595,1683,9346
Chevrolet,Silverado,2017,21200,3,Severe,3,Urban,16,1,30264,40303,132930
Subaru,Outback,2021,20556,4,Total Loss,2,Rural,9,0,19528,67433,133688
Nissan,Altima,2021,15913,1,Minor,2,Highway,19,0,2773,1783,8109
Chevrolet,Silverado,2020,29493,2,Minor,2,Residential,7,4,5039,10675,21133
Tesla,Model 3,2021,30355,1,Minor,2,Highway,0,0,6963,1839,19522
Honda,Accord,2023,26611,4,Total Loss,4,Highway,16,8,25280,118605,396558
Chevrolet,Silverado,2023,42061,1,Minor,3,Residential,4,0,6547,3195,16141
Mercedes-Benz,C-Class,2019,21588,4,Severe,1,Urban,2,1,35724,44956,94291
Toyota,Corolla,2019,10263,3,Severe,1,Residential,7,1,19618,28129,43882
Nissan,Altima,2024,24317,2,Moderate,4,Urban,17,4,10836,12601,51389
Toyota,Camry,2021,20107,2,Moderate,4,Residential,20,7,9825,10899,38326
Toyota,Corolla,2020,12737,1,Moderate,1,Urban,23,0,7865,2244,14562
Mazda,CX-5,2019,13257,1,Minor,1,Rural,22,0,2626,1715,5339
Tesla,Model Y,2022,32669,3,Severe,4,Residential,3,6,50282,38987,204852
Honda,Accord,2022,27091,4,Total Loss,2,Highway,17,1,25736,125075,225871
Honda,Accord,2021,23025,1,Minor,4,Highway,14,0,3457,1173,10982
Nissan,Altima,2015,5077,1,Minor,3,Highway,18,0,1906,1291,5889
Honda,Civic,2023,18662,2,Moderate,2,Rural,21,0,9478,7152,18856
Honda,Civic,2021,12351,1,Minor,3,Highway,12,0,2488,1966,9532
Subaru,Outback,2023,27406,2,Moderate,1,Rural,18,1,12399,7651,19607
