City,Total Accidents,start_hour
Aaronsburg,2,9
Aaronsburg,1,10
Aaronsburg,3,14
Aaronsburg,1,15
Aaronsburg,1,16
Aaronsburg,1,18
Aaronsburg,1,19
Aaronsburg,2,23
Abbeville,9,0
Abbeville,2,1
Abbeville,4,2
Abbeville,2,3
Abbeville,8,4
Abbeville,9,5
Abbeville,16,6
Abbeville,23,7
Abbeville,9,8
Abbeville,16,9
Abbeville,6,10
Abbeville,8,11
Abbeville,8,12
Abbeville,7,13
Abbeville,6,14
Abbeville,16,15
Abbeville,11,16
Abbeville,9,17
Abbeville,7,18
Abbeville,7,19
Abbeville,7,20
Abbeville,7,22
Abbeville,7,23
Abbotsford,1,3
Abbotsford,1,4
Abbotsford,1,6
Abbotsford,1,8
Abbotsford,1,10
Abbott,1,7
Abbott,1,8
Abbottstown,2,4
Abbottstown,1,5
Abbottstown,3,7
Abbottstown,1,8
Abbottstown,2,9
Abbottstown,4,10
Abbottstown,3,11
Abbottstown,2,12
Abbottstown,1,13
Abbottstown,4,14
Abbottstown,8,15
Abbottstown,2,16
Abbottstown,3,17
Abbottstown,1,20
Abbottstown,2,21
Abbottstown,7,23
Aberdeen,5,0
Aberdeen,5,1
Aberdeen,9,2
Aberdeen,6,3
Aberdeen,19,4
Aberdeen,17,5
Aberdeen,35,6
Aberdeen,27,7
Aberdeen,23,8
Aberdeen,24,9
Aberdeen,35,10
Aberdeen,38,11
Aberdeen,29,12
Aberdeen,53,13
Aberdeen,42,14
Aberdeen,39,15
Aberdeen,25,16
Aberdeen,22,17
Aberdeen,17,18
Aberdeen,20,19
Aberdeen,26,20
Aberdeen,17,21
Aberdeen,12,22
Aberdeen,13,23
Abernathy,1,10
Abilene,1,2
Abilene,1,7
Abilene,1,8
Abilene,1,9
Abilene,2,10
Abilene,2,11
Abilene,1,12
Abilene,1,13
Abilene,4,14
Abilene,3,16
Abilene,1,19
Abilene,4,20
Abilene,3,21
Abilene,3,22
Abingdon,8,0
Abingdon,20,1
Abingdon,1,2
Abingdon,4,3
Abingdon,21,4
Abingdon,28,5
Abingdon,24,6
Abingdon,33,7
Abingdon,33,8
Abingdon,32,9
Abingdon,19,10
Abingdon,42,11
Abingdon,32,12
Abingdon,37,13
Abingdon,39,14
Abingdon,32,15
Abingdon,35,16
Abingdon,44,17
Abingdon,27,18
Abingdon,21,19
Abingdon,7,20
Abingdon,35,21
Abingdon,13,22
Abingdon,13,23
Abington,3,0
Abington,2,1
Abington,11,2
Abington,2,3
Abington,6,4
Abington,25,5
Abington,33,6
Abington,62,7
Abington,51,8
Abington,24,9
Abington,32,10
Abington,30,11
Abington,40,12
Abington,25,13
Abington,37,14
Abington,73,15
Abington,65,16
Abington,66,17
Abington,41,18
Abington,15,19
Abington,23,20
Abington,13,21
Abington,10,22
Abington,9,23
Abrams,2,9
Abrams,1,16
Absarokee,1,0
Absarokee,1,5
Absarokee,2,7
Absarokee,1,8
Absarokee,2,13
Absarokee,1,15
Absarokee,1,16
Absarokee,1,19
Absarokee,2,20
Absarokee,1,21
Absecon,4,1
Absecon,2,2
Absecon,2,4
Absecon,8,5
Absecon,4,6
Absecon,5,7
Absecon,2,8
Absecon,4,9
Absecon,5,10
Absecon,1,11
Absecon,5,12
Absecon,3,13
Absecon,5,14
Absecon,6,15
Absecon,1,16
Absecon,4,17
Absecon,12,18
Absecon,2,19
Absecon,7,20
Absecon,1,21
Absecon,1,22
Absecon,4,23
Acampo,10,0
Acampo,13,1
Acampo,10,2
Acampo,5,3
Acampo,13,4
Acampo,13,5
Acampo,31,6
Acampo,24,7
Acampo,23,8
Acampo,15,9
Acampo,7,10
Acampo,13,11
Acampo,20,12
Acampo,28,13
Acampo,24,14
Acampo,23,15
Acampo,27,16
Acampo,27,17
Acampo,15,18
Acampo,11,19
Acampo,14,20
Acampo,16,21
Acampo,21,22
Acampo,21,23
Accident,1,7
Accident,2,8
Accident,3,9
Accident,5,10
Accident,7,12
Accident,7,13
Accident,2,14
Accident,3,17
Accident,3,18
Accident,1,19
Accident,2,21
Accident,1,22
Accokeek,3,2
Accokeek,3,4
Accokeek,6,5
Accokeek,11,6
Accokeek,5,7
Accokeek,4,8
Accokeek,3,9
Accokeek,2,10
Accokeek,1,11
Accokeek,6,12
Accokeek,5,13
Accokeek,11,14
Accokeek,12,15
Accokeek,5,16
Accokeek,15,17
Accokeek,25,18
Accokeek,2,19
Accokeek,1,20
Accokeek,1,21
Accokeek,1,22
Accomac,2,7
Accomac,2,8
Accomac,1,10
Accomac,1,11
Accomac,1,13
Accomac,1,15
Accomac,1,16
Accomac,4,17
Accomac,2,18
Accomac,2,19
Accomac,1,20
Accomac,1,21
Accomac,2,22
Accord,1,18
Accord,2,22
Ackley,1,18
Acme,2,0
Acme,2,3
Acme,2,6
Acme,2,7
Acme,4,8
Acme,1,10
Acme,1,11
Acme,1,13
Acme,6,14
Acme,1,15
Acme,1,16
Acme,3,17
Acme,4,18
Acme,1,20
Acme,1,22
Acoma,1,1
Acoma,3,9
Acoma,1,15
Acoma,1,16
Acoma,1,18
Acosta,2,8
Acra,4,15
Acton,19,0
Acton,21,1
Acton,29,2
Acton,17,3
Acton,56,4
Acton,55,5
Acton,64,6
Acton,50,7
Acton,33,8
Acton,35,9
Acton,33,10
Acton,46,11
Acton,21,12
Acton,22,13
Acton,43,14
Acton,76,15
Acton,94,16
Acton,72,17
Acton,57,18
Acton,23,19
Acton,19,20
Acton,29,21
Acton,25,22
Acton,20,23
Acushnet,1,16
Acworth,7,0
Acworth,2,1
Acworth,2,2
Acworth,2,3
Acworth,8,4
Acworth,6,5
Acworth,16,6
Acworth,35,7
Acworth,11,8
Acworth,5,9
Acworth,12,10
Acworth,6,11
Acworth,23,12
Acworth,14,13
Acworth,19,14
Acworth,8,15
Acworth,9,16
Acworth,17,17
Acworth,15,18
Acworth,5,19
Acworth,4,20
Acworth,2,21
Acworth,1,22
Ada,3,4
Ada,7,5
Ada,10,6
Ada,18,7
Ada,10,8
Ada,7,9
Ada,5,10
Ada,3,11
Ada,4,12
Ada,3,13
Ada,4,14
Ada,1,15
Ada,5,16
Ada,6,17
Ada,1,18
Ada,1,19
Ada,1,20
Ada,1,21
Adah,2,9
Adah,1,17
Adah,2,19
Adair,2,1
Adair,6,2
Adair,2,3
Adair,1,4
Adair,1,6
Adair,1,7
Adair,1,8
Adair,5,10
Adair,2,13
Adair,4,14
Adair,5,15
Adair,7,16
Adair,1,17
Adair,1,18
Adair,4,19
Adair,2,20
Adair,1,21
Adair,3,22
Adair Village,1,2
Adairsville,1,2
Adairsville,1,5
Adairsville,7,6
Adairsville,10,7
Adairsville,3,8
Adairsville,4,9
Adairsville,3,10
Adairsville,8,11
Adairsville,9,13
Adairsville,7,14
Adairsville,9,15
Adairsville,6,16
Adairsville,9,17
Adairsville,9,18
Adairsville,3,19
Adairsville,2,20
Adairsville,2,22
Adairsville,2,23
Adams,1,0
Adams,1,1
Adams,3,2
Adams,3,3
Adams,2,4
Adams,8,5
Adams,6,6
Adams,6,7
Adams,4,8
Adams,1,10
Adams,5,11
Adams,4,13
Adams,2,14
Adams,4,15
Adams,13,16
Adams,3,17
Adams,2,18
Adams,3,19
Adams,1,20
Adams,12,21
Adams,2,22
Adams,4,23
Adams Center,2,14
Adams Center,2,17
Adams Center,1,18
Adams Run,1,7
Adams Run,2,13
Adams Run,1,15
Adams Run,1,16
Adams Run,1,17
Adams Run,1,22
Adamsburg,2,2
Adamsburg,2,3
Adamsburg,2,14
Adamsburg,1,15
Adamstown,3,3
Adamstown,2,6
Adamstown,2,7
Adamstown,1,10
Adamstown,6,11
Adamstown,12,13
Adamstown,6,23
Adamsville,1,7
Adamsville,1,10
Adamsville,1,11
Adamsville,1,12
Adamsville,1,13
Adamsville,1,16
Adamsville,1,19
Addis,1,1
Addis,1,4
Addis,1,9
Addis,1,12
Addis,3,14
Addis,1,16
Addis,1,23
Addison,3,1
Addison,4,2
Addison,10,3
Addison,20,4
Addison,37,5
Addison,56,6
Addison,110,7
Addison,108,8
Addison,4,9
Addison,16,10
Addison,9,11
Addison,6,12
Addison,7,13
Addison,10,14
Addison,80,15
Addison,71,16
Addison,60,17
Addison,35,18
Addison,9,19
Addison,7,20
Addison,11,21
Addison,9,22
Addison,2,23
Addy,1,14
Addy,1,15
Addy,1,16
Addyston,1,18
Adel,3,0
Adel,4,1
Adel,1,3
Adel,2,4
Adel,2,5
Adel,9,6
Adel,6,7
Adel,4,8
Adel,5,9
Adel,11,10
Adel,5,11
Adel,15,12
Adel,4,13
Adel,12,14
Adel,15,15
Adel,6,16
Adel,5,17
Adel,3,18
Adel,3,19
Adel,4,20
Adel,9,21
Adel,3,22
Adel,4,23
Adelanto,8,0
Adelanto,2,2
Adelanto,3,3
Adelanto,5,4
Adelanto,4,5
Adelanto,8,6
Adelanto,6,7
Adelanto,11,8
Adelanto,3,9
Adelanto,4,10
Adelanto,4,11
Adelanto,11,12
Adelanto,3,13
Adelanto,10,14
Adelanto,17,15
Adelanto,12,16
Adelanto,21,17
Adelanto,13,18
Adelanto,8,19
Adelanto,11,20
Adelanto,9,21
Adelanto,10,22
Adelanto,9,23
Adelphi,1,0
Adelphi,1,2
Adelphi,3,5
Adelphi,2,7
Adelphi,2,8
Adelphi,1,9
Adelphi,1,11
Adelphi,3,14
Adelphi,1,16
Adelphi,1,17
Adelphi,1,18
Adelphi,4,20
Adelphi,1,21
Adin,1,4
Adin,2,5
Adin,1,6
Adin,1,9
Adin,1,11
Adin,2,13
Adin,3,16
Adin,1,19
Adin,1,22
Adkins,1,5
Adrian,4,0
Adrian,12,1
Adrian,3,2
Adrian,7,4
Adrian,10,5
Adrian,13,6
Adrian,13,7
Adrian,8,8
Adrian,7,9
Adrian,7,10
Adrian,6,11
Adrian,1,12
Adrian,6,13
Adrian,6,14
Adrian,11,15
Adrian,7,16
Adrian,13,17
Adrian,16,18
Adrian,7,19
Adrian,11,20
Adrian,7,21
Adrian,8,22
Adrian,7,23
Advance,2,0
Advance,2,2
Advance,1,3
Advance,4,5
Advance,16,6
Advance,7,7
Advance,2,8
Advance,5,9
Advance,4,10
Advance,8,11
Advance,12,12
Advance,7,14
Advance,3,15
Advance,8,16
Advance,5,17
Advance,9,18
Advance,2,19
Advance,1,20
Advance,7,22
Advance,3,23
Afton,4,0
Afton,4,1
Afton,1,2
Afton,3,3
Afton,4,4
Afton,3,5
Afton,1,6
Afton,8,7
Afton,7,8
Afton,17,9
Afton,11,10
Afton,6,11
Afton,23,12
Afton,15,13
Afton,36,14
Afton,26,15
Afton,28,16
Afton,13,17
Afton,16,18
Afton,7,19
Afton,10,20
Afton,1,21
Afton,8,22
Afton,10,23
Agate,3,1
Agate,2,3
Agate,2,4
Agate,3,8
Agate,2,11
Agate,1,12
Agate,5,15
Agate,2,16
Agate,3,18
Agawam,1,9
Agency,1,2
Agency,1,11
Agency,2,12
Agency,2,15
Agoura Hills,8,0
Agoura Hills,7,1
Agoura Hills,10,2
Agoura Hills,12,3
Agoura Hills,9,4
Agoura Hills,15,5
Agoura Hills,6,6
Agoura Hills,14,7
Agoura Hills,19,8
Agoura Hills,13,9
Agoura Hills,21,10
Agoura Hills,26,11
Agoura Hills,11,12
Agoura Hills,20,13
Agoura Hills,34,14
Agoura Hills,30,15
Agoura Hills,31,16
Agoura Hills,23,17
Agoura Hills,31,18
Agoura Hills,21,19
Agoura Hills,17,20
Agoura Hills,15,21
Agoura Hills,20,22
Agoura Hills,15,23
Aguila,3,10
Aguila,2,11
Aguilar,2,6
Aguilar,1,7
Aguilar,1,9
Aguilar,1,12
Aguilar,2,13
Aguilar,5,14
Aguilar,1,16
Aguilar,3,17
Aguilar,3,19
Aguilar,1,20
Aguilar,1,21
Aguilar,1,22
Ahoskie,4,7
Ahoskie,1,9
Ahoskie,4,15
Ahoskie,4,16
Ahoskie,8,19
Ahoskie,6,20
Ahoskie,3,22
Ahwahnee,1,0
Ahwahnee,1,2
Ahwahnee,1,3
Ahwahnee,4,5
Ahwahnee,2,6
Ahwahnee,9,7
Ahwahnee,5,8
Ahwahnee,3,9
Ahwahnee,3,10
Ahwahnee,3,12
Ahwahnee,4,13
Ahwahnee,3,15
Ahwahnee,4,16
Ahwahnee,4,17
Ahwahnee,3,18
Ahwahnee,9,20
Aiken,24,0
Aiken,19,1
Aiken,16,2
Aiken,22,3
Aiken,25,4
Aiken,21,5
Aiken,42,6
Aiken,71,7
Aiken,48,8
Aiken,52,9
Aiken,33,10
Aiken,37,11
Aiken,47,12
Aiken,44,13
Aiken,60,14
Aiken,58,15
Aiken,56,16
Aiken,89,17
Aiken,70,18
Aiken,58,19
Aiken,43,20
Aiken,39,21
Aiken,32,22
Aiken,37,23
Ailey,1,12
Ailey,2,21
Ailey,1,23
Ainsworth,2,0
Ainsworth,1,2
Ainsworth,2,9
Ainsworth,4,12
Ainsworth,1,13
Ainsworth,2,17
Ainsworth,2,19
Airmont,1,3
Airmont,2,6
Airmont,1,10
Airmont,1,12
Airville,1,0
Airville,1,2
Airville,2,3
Airville,1,4
Airville,1,5
Airville,3,6
Airville,1,7
Airville,1,8
Airville,1,9
Airville,3,11
Airville,1,15
Airville,1,17
Airville,3,18
Airville,1,21
Airway Heights,1,5
Airway Heights,3,6
Airway Heights,1,7
Airway Heights,2,9
Airway Heights,1,14
Airway Heights,2,16
Aitkin,1,0
Aitkin,2,3
Aitkin,4,4
Aitkin,4,5
Aitkin,17,6
Aitkin,13,7
Aitkin,14,8
Aitkin,9,9
Aitkin,10,10
Aitkin,7,11
Aitkin,5,12
Aitkin,6,13
Aitkin,11,14
Aitkin,8,15
Aitkin,6,16
Aitkin,10,17
Aitkin,10,18
Aitkin,7,19
Aitkin,10,20
Aitkin,3,21
Aitkin,8,22
Ajo,5,0
Ajo,2,3
Ajo,1,4
Ajo,1,5
Ajo,1,6
Ajo,2,7
Ajo,16,8
Ajo,10,9
Ajo,6,10
Ajo,3,11
Ajo,1,12
Ajo,8,13
Ajo,5,14
Ajo,12,15
Ajo,4,16
Ajo,5,17
Ajo,4,18
Ajo,3,19
Ajo,4,20
Ajo,4,21
Ajo,3,22
Ajo,4,23
Akeley,1,0
Akeley,1,2
Akeley,2,3
Akeley,1,4
Akeley,3,5
Akeley,3,6
Akeley,6,7
Akeley,3,8
Akeley,5,9
Akeley,5,10
Akeley,13,12
Akeley,3,13
Akeley,4,15
Akeley,2,16
Akeley,6,17
Akeley,11,18
Akeley,2,19
Akeley,8,20
Akeley,5,21
Akeley,4,22
Akron,1,0
Akron,4,1
Akron,2,2
Akron,18,4
Akron,31,5
Akron,89,6
Akron,198,7
Akron,168,8
Akron,55,9
Akron,44,10
Akron,54,11
Akron,62,12
Akron,81,13
Akron,82,14
Akron,124,15
Akron,157,16
Akron,140,17
Akron,118,18
Akron,59,19
Akron,29,20
Akron,22,21
Akron,20,22
Akron,8,23
Alabaster,1,1
Alabaster,1,3
Alabaster,4,4
Alabaster,4,5
Alabaster,2,6
Alabaster,16,7
Alabaster,10,8
Alabaster,14,9
Alabaster,13,10
Alabaster,18,11
Alabaster,14,12
Alabaster,21,13
Alabaster,24,14
Alabaster,23,15
Alabaster,27,16
Alabaster,27,17
Alabaster,20,18
Alabaster,5,19
Alabaster,10,20
Alabaster,4,21
Alabaster,10,22
Alabaster,1,23
Alachua,2,0
Alachua,5,1
Alachua,9,2
Alachua,4,3
Alachua,16,4
Alachua,14,5
Alachua,20,6
Alachua,23,7
Alachua,20,8
Alachua,10,9
Alachua,16,10
Alachua,6,11
Alachua,19,12
Alachua,27,13
Alachua,19,14
Alachua,23,15
Alachua,18,16
Alachua,21,17
Alachua,36,18
Alachua,18,19
Alachua,9,20
Alachua,3,21
Alachua,8,22
Alachua,1,23
Alameda,2,8
Alameda,2,11
Alameda,2,12
Alameda,2,13
Alameda,2,14
Alameda,1,15
Alameda,3,16
Alameda,3,17
Alameda,5,18
Alameda,3,19
Alameda,1,20
Alameda,1,23
Alamo,12,0
Alamo,10,1
Alamo,7,2
Alamo,3,3
Alamo,2,4
Alamo,14,6
Alamo,49,7
Alamo,45,8
Alamo,39,9
Alamo,20,10
Alamo,16,11
Alamo,34,12
Alamo,53,13
Alamo,64,14
Alamo,64,15
Alamo,79,16
Alamo,84,17
Alamo,40,18
Alamo,17,19
Alamo,12,20
Alamo,20,21
Alamo,11,22
Alamo,4,23
Alamogordo,1,10
Alamogordo,1,11
Alamogordo,1,18
Alamosa,1,6
Alamosa,3,9
Alamosa,4,12
Alamosa,5,15
Alamosa,5,16
Alamosa,1,17
Alamosa,9,18
Alamosa,1,19
Alamosa,3,21
Alamosa,5,22
Alamosa,1,23
Alanson,1,7
Alanson,3,8
Alanson,1,9
Alanson,4,13
Alanson,3,16
Alanson,3,20
Alanson,4,21
Alapaha,1,5
Alapaha,2,8
Alapaha,1,9
Alapaha,1,12
Alapaha,1,15
Albany,50,0
Albany,68,1
Albany,61,2
Albany,28,3
Albany,41,4
Albany,68,5
Albany,101,6
Albany,197,7
Albany,174,8
Albany,117,9
Albany,112,10
Albany,124,11
Albany,149,12
Albany,120,13
Albany,154,14
Albany,207,15
Albany,261,16
Albany,298,17
Albany,138,18
Albany,70,19
Albany,79,20
Albany,105,21
Albany,79,22
Albany,51,23
Albemarle,2,0
Albemarle,4,8
Albemarle,2,9
Albemarle,1,11
Albemarle,2,19
Albemarle,7,21
Albers,2,5
Albers,1,8
Albers,1,9
Albers,1,10
Albers,2,11
Albers,2,12
Albers,1,15
Albers,2,17
Albers,1,19
Albers,2,21
Albert City,2,8
Albert City,4,14
Albert Lea,6,0
Albert Lea,12,1
Albert Lea,6,2
Albert Lea,10,3
Albert Lea,9,4
Albert Lea,9,5
Albert Lea,18,6
Albert Lea,42,7
Albert Lea,24,8
Albert Lea,20,9
Albert Lea,25,10
Albert Lea,12,11
Albert Lea,16,12
Albert Lea,9,13
Albert Lea,20,14
Albert Lea,22,15
Albert Lea,12,16
Albert Lea,28,17
Albert Lea,33,18
Albert Lea,20,19
Albert Lea,14,20
Albert Lea,21,21
Albert Lea,10,22
Albert Lea,8,23
Alberta,9,1
Alberta,7,2
Alberta,1,4
Alberta,2,5
Alberta,13,6
Alberta,4,7
Alberta,9,8
Alberta,4,9
Alberta,6,10
Alberta,3,11
Alberta,10,12
Alberta,10,13
Alberta,11,14
Alberta,3,15
Alberta,7,16
Alberta,6,17
Alberta,2,18
Alberta,9,19
Alberta,4,20
Alberta,2,21
Alberta,1,22
Alberta,3,23
Alberton,4,0
Alberton,5,1
Alberton,1,3
Alberton,8,4
Alberton,10,7
Alberton,2,8
Alberton,9,9
Alberton,7,10
Alberton,9,11
Alberton,3,12
Alberton,7,13
Alberton,4,14
Alberton,5,15
Alberton,7,16
Alberton,8,17
Alberton,3,18
Alberton,25,19
Alberton,17,20
Alberton,4,21
Alberton,12,23
Albertson,2,5
Albertson,6,6
Albertson,2,7
Albertson,3,8
Albertson,2,10
Albertson,1,11
Albertson,1,12
Albertson,3,13
Albertson,1,15
Albertson,1,16
Albertson,1,17
Albertson,1,18
Albertson,1,19
Albertson,1,20
Albertson,5,23
Albertville,5,0
Albertville,3,1
Albertville,4,2
Albertville,1,3
Albertville,2,4
Albertville,13,5
Albertville,8,6
Albertville,16,7
Albertville,11,8
Albertville,6,9
Albertville,10,10
Albertville,17,11
Albertville,14,12
Albertville,9,13
Albertville,14,14
Albertville,10,15
Albertville,10,16
Albertville,11,17
Albertville,9,18
Albertville,11,19
Albertville,9,20
Albertville,5,21
Albertville,6,22
Albia,2,2
Albia,2,6
Albia,1,16
Albia,1,19
Albin,1,18
Albion,5,0
Albion,2,1
Albion,4,2
Albion,4,4
Albion,5,5
Albion,4,6
Albion,3,7
Albion,5,8
Albion,5,9
Albion,15,10
Albion,12,11
Albion,6,12
Albion,12,13
Albion,3,14
Albion,7,15
Albion,5,16
Albion,17,17
Albion,7,18
Albion,20,19
Albion,5,20
Albion,1,21
Albion,6,22
Albion,3,23
Albrightsville,1,8
Albrightsville,4,20
Albrightsville,1,21
Albrightsville,1,23
Albuquerque,1,0
Albuquerque,9,1
Albuquerque,2,2
Albuquerque,3,3
Albuquerque,14,4
Albuquerque,52,5
Albuquerque,97,6
Albuquerque,333,7
Albuquerque,314,8
Albuquerque,180,9
Albuquerque,77,10
Albuquerque,30,11
Albuquerque,34,12
Albuquerque,39,13
Albuquerque,50,14
Albuquerque,220,15
Albuquerque,221,16
Albuquerque,197,17
Albuquerque,69,18
Albuquerque,43,19
Albuquerque,22,20
Albuquerque,14,21
Albuquerque,18,22
Albuquerque,1,23
Alburgh,4,5
Alburtis,1,0
Alcoa,2,0
Alcoa,1,7
Alcoa,3,8
Alcoa,4,9
Alcoa,2,10
Alcoa,2,12
Alcoa,1,13
Alcoa,1,14
Alcoa,3,15
Alcoa,3,16
Alcoa,5,17
Alcoa,3,18
Alcolu,5,0
Alcolu,3,1
Alcolu,1,2
Alcolu,8,4
Alcolu,4,5
Alcolu,16,6
Alcolu,13,7
Alcolu,9,8
Alcolu,5,9
Alcolu,6,10
Alcolu,14,11
Alcolu,14,12
Alcolu,7,13
Alcolu,12,14
Alcolu,8,15
Alcolu,8,16
Alcolu,5,17
Alcolu,11,18
Alcolu,9,19
Alcolu,15,20
Alcolu,8,21
Alcolu,6,22
Alcolu,3,23
Alcove,2,8
Alda,1,10
Alda,1,15
Alda,1,16
Aldan,1,2
Aldan,1,5
Aldan,1,7
Aldan,1,10
Aldan,1,13
Aldan,2,15
Aldan,1,17
Alden,7,0
Alden,1,1
Alden,2,2
Alden,3,3
Alden,2,4
Alden,3,5
Alden,3,6
Alden,9,7
Alden,9,8
Alden,2,9
Alden,1,10
Alden,2,13
Alden,2,14
Alden,2,15
Alden,3,16
Alden,8,17
Alden,6,18
Alden,2,19
Alden,2,20
Alden,4,21
Alden,1,22
Alder,1,9
Alder Creek,1,9
Alder Creek,3,13
Alder Creek,1,16
Alderpoint,1,0
Alderpoint,4,2
Alderpoint,2,5
Alderpoint,1,6
Alderpoint,1,7
Alderpoint,4,8
Alderpoint,1,9
Alderpoint,3,10
Alderpoint,1,12
Alderpoint,2,15
Alderpoint,1,16
Alderpoint,2,18
Alderpoint,1,20
Alderson,1,9
Aldie,1,1
Aldie,2,2
Aldie,5,3
Aldie,3,4
Aldie,3,5
Aldie,5,6
Aldie,33,7
Aldie,28,8
Aldie,10,9
Aldie,4,10
Aldie,10,11
Aldie,5,12
Aldie,8,13
Aldie,7,14
Aldie,13,15
Aldie,12,16
Aldie,12,17
Aldie,26,18
Aldie,5,19
Aldie,6,20
Aldie,5,21
Aldie,4,22
Aldie,1,23
Aldrich,2,0
Aldrich,1,4
Aldrich,1,8
Aldrich,1,11
Aldrich,4,19
Aldrich,1,21
Aldrich,2,22
Aledo,3,0
Aledo,4,1
Aledo,3,2
Aledo,2,3
Aledo,1,4
Aledo,10,5
Aledo,10,6
Aledo,5,7
Aledo,6,8
Aledo,5,9
Aledo,2,10
Aledo,2,12
Aledo,6,13
Aledo,4,14
Aledo,4,15
Aledo,10,16
Aledo,9,17
Aledo,2,18
Aledo,3,20
Aledo,2,21
Aledo,7,22
Alexander,3,3
Alexander,3,4
Alexander,2,5
Alexander,4,6
Alexander,10,7
Alexander,3,8
Alexander,1,9
Alexander,4,10
Alexander,3,13
Alexander,3,14
Alexander,1,15
Alexander,4,17
Alexander,3,18
Alexander,2,19
Alexander,2,21
Alexander,1,23
Alexander City,3,7
Alexander City,1,8
Alexander City,1,10
Alexander City,2,12
Alexander City,1,15
Alexander City,2,16
Alexander City,3,17
Alexander City,2,18
Alexandria,32,0
Alexandria,49,1
Alexandria,53,2
Alexandria,26,3
Alexandria,73,4
Alexandria,84,5
Alexandria,107,6
Alexandria,220,7
Alexandria,230,8
Alexandria,124,9
Alexandria,101,10
Alexandria,130,11
Alexandria,149,12
Alexandria,219,13
Alexandria,272,14
Alexandria,285,15
Alexandria,322,16
Alexandria,334,17
Alexandria,204,18
Alexandria,116,19
Alexandria,99,20
Alexandria,94,21
Alexandria,84,22
Alexandria,52,23
Alexandria Bay,1,10
Alexandria Bay,1,11
Alexandria Bay,4,13
Alexis,1,2
Alford,4,0
Alford,1,1
Alford,2,4
Alford,1,6
Alford,5,7
Alford,4,9
Alford,1,10
Alford,3,12
Alford,3,14
Alford,3,15
Alford,4,16
Alford,5,17
Alford,2,18
Alford,2,19
Alford,1,20
Alford,3,21
Alford,1,23
Alfred,2,22
Alfred Station,1,10
Alfred Station,1,22
Alger,1,8
Alger,2,12
Alger,1,15
Algodones,1,4
Algodones,1,5
Algodones,1,6
Algodones,1,9
Algodones,1,16
Algodones,2,18
Algodones,2,19
Algodones,4,22
Algona,1,23
Algonac,2,7
Algonquin,2,6
Algonquin,1,7
Algonquin,4,8
Algonquin,1,11
Algonquin,3,14
Algonquin,2,15
Algonquin,1,17
Alhambra,24,0
Alhambra,16,1
Alhambra,20,2
Alhambra,17,3
Alhambra,22,4
Alhambra,43,5
Alhambra,51,6
Alhambra,35,7
Alhambra,44,8
Alhambra,37,9
Alhambra,38,10
Alhambra,38,11
Alhambra,51,12
Alhambra,79,13
Alhambra,130,14
Alhambra,106,15
Alhambra,70,16
Alhambra,79,17
Alhambra,63,18
Alhambra,38,19
Alhambra,31,20
Alhambra,17,21
Alhambra,36,22
Alhambra,22,23
Aliceville,1,4
Aliceville,2,10
Aliceville,1,17
Aliquippa,2,2
Aliquippa,3,3
Aliquippa,2,6
Aliquippa,2,7
Aliquippa,5,8
Aliquippa,2,14
Aliquippa,5,15
Aliquippa,2,16
Aliquippa,5,17
Aliquippa,7,19
Aliquippa,3,20
Aliquippa,3,21
Aliquippa,1,23
Aliso Viejo,2,0
Aliso Viejo,2,1
Aliso Viejo,1,2
Aliso Viejo,3,3
Aliso Viejo,1,5
Aliso Viejo,1,6
Aliso Viejo,10,7
Aliso Viejo,5,8
Aliso Viejo,2,9
Aliso Viejo,17,10
Aliso Viejo,6,11
Aliso Viejo,11,12
Aliso Viejo,2,13
Aliso Viejo,13,14
Aliso Viejo,7,15
Aliso Viejo,14,16
Aliso Viejo,12,17
Aliso Viejo,8,18
Aliso Viejo,10,19
Aliso Viejo,5,20
Aliso Viejo,8,21
Aliso Viejo,2,22
Aliso Viejo,3,23
Allegan,1,0
Allegan,4,21
Allegany,3,5
Allegany,1,6
Allegany,1,7
Allegany,1,18
Allegany,2,20
Alleghany,2,8
Allen,4,5
Allen,18,6
Allen,13,7
Allen,15,8
Allen,7,9
Allen,12,10
Allen,23,11
Allen,21,12
Allen,28,13
Allen,17,14
Allen,29,15
Allen,23,16
Allen,25,17
Allen,21,18
Allen,14,19
Allen,9,20
Allen,6,21
Allen Park,7,0
Allen Park,9,1
Allen Park,7,2
Allen Park,17,3
Allen Park,4,4
Allen Park,12,5
Allen Park,14,6
Allen Park,27,7
Allen Park,9,8
Allen Park,9,9
Allen Park,7,10
Allen Park,11,11
Allen Park,11,12
Allen Park,10,13
Allen Park,14,14
Allen Park,17,15
Allen Park,15,16
Allen Park,11,17
Allen Park,9,18
Allen Park,5,19
Allen Park,9,20
Allen Park,7,21
Allen Park,9,22
Allen Park,4,23
Allendale,4,0
Allendale,3,1
Allendale,2,2
Allendale,9,4
Allendale,15,5
Allendale,24,6
Allendale,19,7
Allendale,14,8
Allendale,3,9
Allendale,1,12
Allendale,3,13
Allendale,6,14
Allendale,3,15
Allendale,8,16
Allendale,4,17
Allendale,3,18
Allendale,1,19
Allendale,1,20
Allendale,3,21
Allendale,2,22
Allendale,3,23
Allenhurst,1,7
Allenhurst,2,23
Allenstown,1,10
Allensville,1,4
Allensville,3,5
Allensville,3,6
Allensville,1,8
Allensville,1,15
Allensville,1,16
Allensville,3,18
Allensville,2,22
Allenton,1,3
Allenton,2,4
Allenton,3,7
Allenton,5,8
Allenton,1,10
Allenton,6,11
Allenton,2,12
Allenton,5,13
Allenton,4,16
Allenton,2,17
Allenton,1,18
Allenton,3,19
Allentown,11,0
Allentown,8,1
Allentown,16,2
Allentown,9,3
Allentown,13,4
Allentown,18,5
Allentown,84,6
Allentown,88,7
Allentown,67,8
Allentown,34,9
Allentown,23,10
Allentown,39,11
Allentown,78,12
Allentown,61,13
Allentown,75,14
Allentown,164,15
Allentown,121,16
Allentown,88,17
Allentown,50,18
Allentown,27,19
Allentown,5,20
Allentown,32,21
Allentown,21,22
Allentown,14,23
Allenwood,3,0
Allenwood,9,1
Allenwood,2,2
Allenwood,3,3
Allenwood,4,4
Allenwood,9,5
Allenwood,4,6
Allenwood,3,7
Allenwood,2,8
Allenwood,2,9
Allenwood,5,11
Allenwood,5,12
Allenwood,14,13
Allenwood,23,14
Allenwood,7,15
Allenwood,16,16
Allenwood,7,17
Allenwood,8,18
Allenwood,3,19
Allenwood,2,20
Allenwood,5,21
Allenwood,4,22
Allenwood,1,23
Alleyton,1,7
Alleyton,2,13
Alleyton,1,14
Alleyton,3,19
Alliance,2,6
Alliance,2,7
Alliance,4,8
Alliance,2,9
Alliance,1,10
Alliance,3,11
Alliance,2,14
Alliance,1,16
Alliance,1,20
Alliance,1,21
Allison,1,21
Allison Park,1,4
Allison Park,2,5
Allison Park,2,6
Allison Park,3,7
Allison Park,3,8
Allison Park,3,12
Allison Park,5,14
Allison Park,5,15
Allison Park,6,16
Allison Park,1,18
Allons,2,4
Allons,1,17
Allport,4,10
Allport,2,12
Allport,1,13
Allport,1,14
Allport,1,17
Allston,4,4
Allston,3,5
Allston,6,6
Allston,15,7
Allston,15,8
Allston,17,9
Allston,12,10
Allston,4,11
Allston,1,12
Allston,22,16
Allston,17,17
Allston,9,18
Allston,3,19
Allston,3,20
Allston,1,21
Allston,4,22
Allyn,1,3
Allyn,2,7
Allyn,2,11
Allyn,1,13
Allyn,1,14
Allyn,2,15
Allyn,2,18
Allyn,1,19
Allyn,1,21
Allyn,3,22
Alma,2,2
Alma,4,5
Alma,3,6
Alma,5,7
Alma,5,8
Alma,2,9
Alma,5,10
Alma,2,11
Alma,8,12
Alma,8,14
Alma,8,15
Alma,9,16
Alma,7,17
Alma,2,18
Alma,9,19
Alma,8,20
Alma,4,21
Alma,3,22
Almond,1,5
Almond,1,10
Almond,6,22
Almont,1,17
Almont,3,18
Almyra,1,13
Alpaugh,1,6
Alpaugh,1,8
Alpaugh,1,9
Alpaugh,1,10
Alpaugh,3,12
Alpaugh,1,18
Alpaugh,1,22
Alpena,1,7
Alpena,1,8
Alpena,1,9
Alpena,2,13
Alpena,1,14
Alpena,1,15
Alpena,5,19
Alpena,4,22
Alpha,1,0
Alpha,1,7
Alpha,1,9
Alpha,2,10
Alpha,5,11
Alpha,3,12
Alpha,3,13
Alpha,1,14
Alpha,2,15
Alpha,2,16
Alpha,1,20
Alpha,1,21
Alpha,1,22
Alpha,1,23
Alpharetta,2,0
Alpharetta,3,1
Alpharetta,1,2
Alpharetta,3,4
Alpharetta,6,5
Alpharetta,10,6
Alpharetta,14,7
Alpharetta,7,8
Alpharetta,11,9
Alpharetta,9,10
Alpharetta,1,11
Alpharetta,8,12
Alpharetta,9,13
Alpharetta,14,14
Alpharetta,21,15
Alpharetta,10,16
Alpharetta,18,17
Alpharetta,15,18
Alpharetta,6,19
Alpharetta,3,20
Alpharetta,1,21
Alpharetta,2,22
Alpharetta,2,23
Alpine,1,0
Alpine,2,1
Alpine,4,2
Alpine,2,3
Alpine,9,4
Alpine,7,5
Alpine,3,6
Alpine,8,7
Alpine,4,8
Alpine,4,9
Alpine,1,10
Alpine,5,11
Alpine,2,12
Alpine,1,13
Alpine,8,14
Alpine,6,15
Alpine,6,16
Alpine,7,17
Alpine,3,18
Alpine,3,19
Alpine,1,20
Alpine,4,21
Alpine,6,22
Alpine,11,23
Alpine Meadows,1,3
Alpine Meadows,1,15
Alpine Meadows,3,17
Alpine Meadows,1,19
Alpine Meadows,1,20
Alpine Meadows,1,21
Alplaus,2,9
Alplaus,2,10
Alsea,2,4
Alsea,1,5
Alsea,3,6
Alsea,2,7
Alsea,12,8
Alsea,5,9
Alsea,1,12
Alsea,2,13
Alsea,1,14
Alsea,7,16
Alsea,3,17
Alsea,2,18
Alsea,1,20
Alsea,1,21
Alsea,1,22
Alsea,1,23
Alsip,4,1
Alsip,3,2
Alsip,9,3
Alsip,2,4
Alsip,8,5
Alsip,17,6
Alsip,16,7
Alsip,8,8
Alsip,11,9
Alsip,1,10
Alsip,9,11
Alsip,8,12
Alsip,10,13
Alsip,8,14
Alsip,10,15
Alsip,9,16
Alsip,7,17
Alsip,4,18
Alsip,8,19
Alsip,5,20
Alsip,1,21
Alsip,9,22
Alsip,1,23
Alstead,1,7
Alta,13,0
Alta,5,1
Alta,15,2
Alta,9,3
Alta,6,4
Alta,13,5
Alta,17,6
Alta,27,7
Alta,29,8
Alta,20,9
Alta,12,10
Alta,14,11
Alta,11,12
Alta,27,13
Alta,34,14
Alta,35,15
Alta,57,16
Alta,40,17
Alta,36,18
Alta,24,19
Alta,12,20
Alta,12,21
Alta,11,22
Alta,17,23
Alta Vista,4,17
Altadena,13,0
Altadena,8,1
Altadena,3,2
Altadena,6,3
Altadena,2,4
Altadena,5,5
Altadena,8,6
Altadena,16,7
Altadena,28,8
Altadena,16,9
Altadena,24,10
Altadena,26,11
Altadena,35,12
Altadena,35,13
Altadena,21,14
Altadena,35,15
Altadena,14,16
Altadena,45,17
Altadena,23,18
Altadena,21,19
Altadena,24,20
Altadena,23,21
Altadena,11,22
Altadena,10,23
Altamont,3,0
Altamont,1,1
Altamont,1,2
Altamont,2,3
Altamont,1,6
Altamont,7,7
Altamont,6,8
Altamont,4,9
Altamont,3,12
Altamont,6,13
Altamont,1,15
Altamont,2,17
Altamont,3,18
Altamont,2,23
Altamonte Springs,3,0
Altamonte Springs,1,1
Altamonte Springs,5,2
Altamonte Springs,8,3
Altamonte Springs,21,4
Altamonte Springs,7,5
Altamonte Springs,29,6
Altamonte Springs,33,7
Altamonte Springs,36,8
Altamonte Springs,19,9
Altamonte Springs,19,10
Altamonte Springs,41,11
Altamonte Springs,51,12
Altamonte Springs,17,13
Altamonte Springs,25,14
Altamonte Springs,51,15
Altamonte Springs,69,16
Altamonte Springs,52,17
Altamonte Springs,53,18
Altamonte Springs,25,19
Altamonte Springs,24,20
Altamonte Springs,17,21
Altamonte Springs,7,22
Altamonte Springs,4,23
Altavista,6,0
Altavista,4,4
Altavista,1,6
Altavista,1,7
Altavista,2,10
Altavista,1,11
Altavista,1,12
Altavista,1,13
Altavista,4,15
Altavista,5,16
Altavista,4,17
Altavista,4,18
Altavista,2,19
Altavista,4,20
Altavista,2,21
Altha,2,0
Altha,3,3
Altha,6,5
Altha,2,6
Altha,2,7
Altha,3,8
Altha,1,10
Altha,1,11
Altha,1,12
Altha,4,14
Altha,3,15
Altha,1,16
Altha,3,17
Altha,1,18
Altha,2,19
Altha,2,21
Altha,1,22
Altheimer,1,8
Altheimer,2,9
Altheimer,1,18
Altmar,4,12
Alto,3,4
Alto,1,5
Alto,6,6
Alto,4,7
Alto,2,8
Alto,4,9
Alto,1,10
Alto,1,12
Alto,2,13
Alto,1,14
Alto,2,15
Alto,1,16
Alto,3,17
Alto,6,18
Alto,4,19
Alto,1,20
Alton,4,0
Alton,2,4
Alton,3,5
Alton,4,6
Alton,1,7
Alton,7,8
Alton,8,9
Alton,4,10
Alton,3,11
Alton,1,12
Alton,1,13
Alton,1,14
Alton,2,15
Alton,2,17
Alton,5,18
Alton,3,20
Alton Bay,1,10
Alton Bay,1,17
Altona,1,17
Altoona,29,0
Altoona,29,1
Altoona,12,2
Altoona,12,3
Altoona,27,4
Altoona,15,5
Altoona,31,6
Altoona,53,7
Altoona,36,8
Altoona,34,9
Altoona,33,10
Altoona,54,11
Altoona,69,12
Altoona,56,13
Altoona,67,14
Altoona,113,15
Altoona,99,16
Altoona,91,17
Altoona,60,18
Altoona,63,19
Altoona,39,20
Altoona,37,21
Altoona,38,22
Altoona,26,23
Altura,2,1
Altura,1,2
Altura,1,3
Altura,1,4
Altura,1,6
Altura,2,7
Altura,4,12
Altura,1,13
Altura,1,16
Altura,3,21
Altura,2,22
Altura,1,23
Alturas,2,0
Alturas,2,1
Alturas,3,3
Alturas,7,6
Alturas,8,7
Alturas,6,8
Alturas,5,9
Alturas,3,10
Alturas,2,11
Alturas,6,12
Alturas,4,13
Alturas,7,14
Alturas,5,15
Alturas,2,16
Alturas,1,17
Alturas,7,18
Alturas,3,19
Alturas,5,20
Alturas,9,21
Alturas,5,22
Alturas,7,23
Altus,2,7
Altus,2,15
Altus,1,19
Alum Bank,1,5
Alum Bank,1,6
Alum Bank,15,7
Alum Bank,3,8
Alum Bank,4,10
Alum Bank,9,11
Alum Bank,2,12
Alum Bank,3,13
Alum Bank,5,14
Alum Bank,9,17
Alum Bank,5,18
Alum Bank,7,20
Alum Bank,1,23
Alum Creek,1,6
Alum Creek,1,14
Alum Creek,3,15
Alum Creek,2,16
Alum Creek,2,17
Alum Creek,2,23
Alva,1,0
Alva,4,1
Alva,1,2
Alva,4,4
Alva,10,5
Alva,26,6
Alva,20,7
Alva,20,8
Alva,4,9
Alva,3,10
Alva,8,11
Alva,6,12
Alva,2,13
Alva,3,14
Alva,4,15
Alva,17,16
Alva,12,17
Alva,6,18
Alva,7,19
Alva,2,20
Alva,4,21
Alva,3,22
Alva,3,23
Alvada,1,11
Alvarado,2,0
Alvarado,3,1
Alvarado,1,2
Alvarado,5,4
Alvarado,1,5
Alvarado,5,6
Alvarado,3,7
Alvarado,3,8
Alvarado,2,9
Alvarado,1,10
Alvarado,2,11
Alvarado,4,13
Alvarado,1,15
Alvarado,2,16
Alvarado,7,17
Alvarado,1,20
Alvarado,1,21
Alvarado,2,22
Alvarado,1,23
Alvaton,1,7
Alverda,1,14
Alverton,4,20
Alvin,1,1
Alvin,1,2
Alvin,1,5
Alvin,1,6
Alvin,1,7
Alvin,1,9
Alvin,2,13
Alvin,2,15
Alvin,1,17
Alviso,1,2
Alviso,2,4
Alviso,1,5
Alviso,2,6
Alviso,3,7
Alviso,4,8
Alviso,1,9
Alviso,1,14
Alviso,3,15
Alviso,4,16
Alviso,3,17
Alviso,3,18
Alviso,1,21
Alviso,4,23
Alzada,2,0
Alzada,1,1
Alzada,3,8
Alzada,1,9
Alzada,1,12
Alzada,1,13
Alzada,2,14
Alzada,4,15
Alzada,1,16
Alzada,1,21
Alzada,1,22
Amador City,1,8
Amador City,2,20
Amador City,1,22
Amagansett,1,11
Amagansett,9,12
Amagansett,5,20
Amagon,1,7
Amagon,2,10
Amana,1,19
Amana,2,20
Amana,1,22
Amanda,1,11
Amanda,1,19
Amanda Park,1,6
Amanda Park,1,17
Amargosa Valley,2,4
Amargosa Valley,5,15
Amargosa Valley,2,16
Amargosa Valley,1,20
Amarillo,1,4
Amarillo,3,5
Amarillo,3,6
Amarillo,1,7
Amarillo,1,8
Amarillo,7,9
Amarillo,4,10
Amarillo,3,11
Amarillo,2,12
Amarillo,3,13
Amarillo,2,14
Amarillo,1,16
Amarillo,1,17
Amarillo,1,21
Amawalk,1,0
Amawalk,1,5
Amawalk,1,7
Amawalk,1,8
Amawalk,2,10
Amawalk,1,12
Amawalk,1,13
Amawalk,3,14
Amawalk,1,15
Amawalk,1,17
Amawalk,2,18
Amawalk,1,22
Amazonia,2,7
Amazonia,1,8
Amazonia,1,16
Ambler,7,0
Ambler,9,1
Ambler,4,2
Ambler,4,3
Ambler,13,4
Ambler,20,5
Ambler,34,6
Ambler,65,7
Ambler,68,8
Ambler,28,9
Ambler,28,10
Ambler,17,11
Ambler,26,12
Ambler,21,13
Ambler,27,14
Ambler,56,15
Ambler,45,16
Ambler,58,17
Ambler,24,18
Ambler,34,19
Ambler,26,20
Ambler,15,21
Ambler,16,22
Ambler,5,23
Amboy,2,0
Amboy,1,1
Amboy,2,3
Amboy,2,4
Amboy,2,5
Amboy,1,6
Amboy,1,7
Amboy,1,8
Amboy,3,9
Amboy,5,10
Amboy,4,11
Amboy,3,13
Amboy,3,14
Amboy,2,15
Amboy,1,16
Amboy,1,17
Amboy,2,18
Amboy,3,21
Ambridge,2,10
Ambridge,2,12
Ambridge,8,13
Ambridge,5,14
Ambridge,7,17
Ambrose,3,16
Ambrose,1,17
Amelia,1,7
Amelia,2,8
Amelia,1,11
Amelia,1,12
Amelia,1,13
Amelia,1,14
Amelia,1,15
Amelia,4,16
Amelia,2,17
Amelia,4,18
Amelia,4,19
Amelia Court House,11,1
Amelia Court House,1,2
Amelia Court House,7,3
Amelia Court House,5,4
Amelia Court House,1,5
Amelia Court House,2,7
Amelia Court House,13,8
Amelia Court House,1,9
Amelia Court House,11,10
Amelia Court House,22,11
Amelia Court House,6,12
Amelia Court House,21,13
Amelia Court House,15,14
Amelia Court House,4,15
Amelia Court House,15,16
Amelia Court House,11,17
Amelia Court House,12,18
Amelia Court House,10,19
Amelia Court House,4,20
Amelia Court House,4,22
Amelia Court House,14,23
Amenia,1,0
Amenia,2,1
Amenia,2,5
Amenia,1,6
Amenia,3,7
Amenia,3,8
Amenia,4,9
Amenia,5,10
Amenia,1,12
Amenia,8,13
Amenia,4,14
Amenia,1,15
Amenia,1,16
Amenia,3,17
Amenia,3,18
Amenia,1,21
Amenia,4,22
Amenia,2,23
American Canyon,10,0
American Canyon,7,1
American Canyon,7,2
American Canyon,1,3
American Canyon,4,4
American Canyon,13,5
American Canyon,38,6
American Canyon,39,7
American Canyon,29,8
American Canyon,16,9
American Canyon,10,10
American Canyon,14,11
American Canyon,16,12
American Canyon,22,13
American Canyon,25,14
American Canyon,17,15
American Canyon,21,16
American Canyon,28,17
American Canyon,22,18
American Canyon,10,19
American Canyon,5,20
American Canyon,9,21
American Canyon,7,22
American Canyon,2,23
American Falls,1,1
American Falls,1,9
American Falls,5,11
American Falls,4,14
American Falls,2,15
American Falls,1,17
American Falls,1,20
American Fork,6,0
American Fork,4,1
American Fork,1,2
American Fork,1,3
American Fork,3,4
American Fork,11,5
American Fork,15,6
American Fork,26,7
American Fork,32,8
American Fork,17,9
American Fork,13,10
American Fork,11,11
American Fork,9,12
American Fork,20,13
American Fork,15,14
American Fork,20,15
American Fork,32,16
American Fork,65,17
American Fork,44,18
American Fork,4,19
American Fork,5,20
American Fork,5,21
American Fork,4,22
American Fork,2,23
Americus,1,7
Americus,1,9
Americus,1,10
Americus,2,14
Americus,2,23
Amery,1,19
Amery,1,22
Ames,1,0
Ames,1,1
Ames,5,2
Ames,6,3
Ames,7,5
Ames,6,6
Ames,5,7
Ames,2,8
Ames,5,9
Ames,4,10
Ames,23,11
Ames,10,12
Ames,9,13
Ames,14,14
Ames,12,15
Ames,18,16
Ames,23,17
Ames,6,18
Ames,8,19
Ames,5,20
Ames,5,21
Ames,6,22
Ames,3,23
Amesbury,1,4
Amesbury,1,5
Amesbury,3,6
Amesbury,4,7
Amesbury,3,8
Amesbury,2,9
Amesbury,2,10
Amesbury,1,15
Amesbury,3,16
Amesbury,2,17
Amesbury,1,18
Amherst,7,4
Amherst,10,5
Amherst,4,6
Amherst,11,7
Amherst,13,8
Amherst,10,9
Amherst,7,10
Amherst,8,11
Amherst,16,12
Amherst,15,13
Amherst,16,14
Amherst,11,15
Amherst,11,16
Amherst,11,17
Amherst,9,18
Amherst,9,19
Amherst,12,20
Amherst,8,21
Amherst,1,22
Amherst,1,23
Amherst Junction,1,8
Amherst Junction,1,16
Amidon,1,7
Amidon,1,10
Amidon,1,11
Amidon,1,13
Amidon,1,14
Amidon,1,18
Amissville,1,7
Amissville,2,9
Amissville,2,12
Amissville,2,13
Amissville,1,15
Amissville,5,17
Amite,1,7
Amity,2,0
Amity,1,1
Amity,2,3
Amity,3,5
Amity,6,6
Amity,4,7
Amity,3,8
Amity,6,10
Amity,3,11
Amity,5,13
Amity,7,14
Amity,2,15
Amity,1,16
Amity,6,17
Amity,7,18
Amity,6,19
Amity,1,20
Amity,1,21
Amity,12,22
Amityville,6,0
Amityville,2,1
Amityville,2,2
Amityville,1,3
Amityville,3,4
Amityville,4,5
Amityville,9,6
Amityville,18,7
Amityville,14,8
Amityville,9,9
Amityville,2,10
Amityville,7,11
Amityville,6,12
Amityville,6,13
Amityville,5,14
Amityville,11,15
Amityville,7,16
Amityville,4,17
Amityville,5,18
Amityville,6,19
Amityville,3,20
Amityville,1,21
Amityville,5,22
Amityville,1,23
Amma,1,1
Amma,1,2
Amma,1,3
Amma,1,10
Amma,2,20
Amma,1,23
Amsterdam,8,0
Amsterdam,5,1
Amsterdam,3,2
Amsterdam,2,3
Amsterdam,5,4
Amsterdam,15,5
Amsterdam,11,6
Amsterdam,9,7
Amsterdam,7,8
Amsterdam,5,9
Amsterdam,2,10
Amsterdam,6,11
Amsterdam,7,12
Amsterdam,9,13
Amsterdam,4,14
Amsterdam,6,15
Amsterdam,14,16
Amsterdam,12,17
Amsterdam,3,18
Amsterdam,4,19
Amsterdam,6,20
Amsterdam,2,21
Amsterdam,10,22
Amsterdam,7,23
Amston,9,1
Amston,4,6
Anacoco,1,9
Anaconda,3,0
Anaconda,9,1
Anaconda,2,2
Anaconda,3,4
Anaconda,8,5
Anaconda,4,6
Anaconda,6,7
Anaconda,20,8
Anaconda,9,9
Anaconda,11,10
Anaconda,3,11
Anaconda,11,12
Anaconda,3,13
Anaconda,5,14
Anaconda,7,15
Anaconda,10,16
Anaconda,13,17
Anaconda,16,18
Anaconda,10,19
Anaconda,7,20
Anaconda,14,21
Anaconda,9,22
Anaconda,3,23
Anacortes,2,0
Anacortes,1,1
Anacortes,1,2
Anacortes,1,6
Anacortes,8,7
Anacortes,2,8
Anacortes,1,9
Anacortes,1,10
Anacortes,2,12
Anacortes,5,13
Anacortes,4,14
Anacortes,3,15
Anacortes,7,16
Anacortes,5,17
Anacortes,4,18
Anacortes,3,19
Anacortes,1,20
Anacortes,1,23
Anaheim,118,0
Anaheim,125,1
Anaheim,127,2
Anaheim,112,3
Anaheim,115,4
Anaheim,262,5
Anaheim,336,6
Anaheim,375,7
Anaheim,396,8
Anaheim,290,9
Anaheim,274,10
Anaheim,269,11
Anaheim,311,12
Anaheim,378,13
Anaheim,499,14
Anaheim,603,15
Anaheim,542,16
Anaheim,486,17
Anaheim,350,18
Anaheim,197,19
Anaheim,153,20
Anaheim,166,21
Anaheim,155,22
Anaheim,112,23
Anaheim-Santa Ana-Garden Grove,1,16
Anaheim-Santa Ana-Garden Grove,1,18
Anahuac,1,4
Anahuac,1,9
Anahuac,1,14
Anahuac,2,17
Analomink,1,23
Anamoose,1,12
Anamoose,1,19
Anamosa,2,9
Anamosa,4,10
Anamosa,3,11
Anamosa,4,12
Anamosa,1,13
Anamosa,2,14
Anamosa,2,17
Anamosa,1,19
Anamosa,2,20
Anatone,1,14
Anatone,1,16
Ancram,3,0
Ancram,1,5
Ancram,1,7
Ancram,2,8
Ancram,1,10
Ancram,3,11
Ancram,3,12
Ancram,7,14
Ancram,1,15
Ancram,8,17
Ancram,4,18
Ancram,1,19
Ancram,1,20
Ancram,2,21
Ancramdale,1,7
Ancramdale,3,17
Andalusia,3,6
Andalusia,2,7
Andalusia,1,8
Andalusia,5,9
Andalusia,3,10
Andalusia,1,11
Andalusia,2,12
Andalusia,2,13
Andalusia,3,14
Andalusia,1,16
Andalusia,1,18
Andalusia,2,19
Andalusia,1,21
Anderson,52,0
Anderson,56,1
Anderson,47,2
Anderson,40,3
Anderson,85,4
Anderson,91,5
Anderson,157,6
Anderson,307,7
Anderson,306,8
Anderson,106,9
Anderson,92,10
Anderson,142,11
Anderson,143,12
Anderson,150,13
Anderson,168,14
Anderson,341,15
Anderson,542,16
Anderson,471,17
Anderson,352,18
Anderson,321,19
Anderson,94,20
Anderson,103,21
Anderson,92,22
Anderson,67,23
Andersonville,3,6
Andersonville,6,7
Andersonville,3,8
Andersonville,1,9
Andersonville,2,10
Andersonville,3,11
Andersonville,1,12
Andersonville,2,13
Andersonville,3,14
Andersonville,8,15
Andersonville,2,16
Andersonville,6,17
Andersonville,3,18
Andersonville,2,19
Andersonville,1,23
Andes,1,11
Andes,7,14
Andover,1,1
Andover,3,2
Andover,13,4
Andover,37,5
Andover,64,6
Andover,69,7
Andover,44,8
Andover,21,9
Andover,19,10
Andover,11,11
Andover,9,12
Andover,2,13
Andover,13,14
Andover,8,15
Andover,75,16
Andover,71,17
Andover,17,18
Andover,5,19
Andover,3,20
Andover,3,21
Andover,5,22
Andover,1,23
Andreas,2,0
Andreas,1,22
Andrews,6,0
Andrews,1,1
Andrews,2,2
Andrews,5,3
Andrews,11,4
Andrews,14,5
Andrews,14,6
Andrews,20,7
Andrews,11,8
Andrews,9,9
Andrews,6,10
Andrews,18,11
Andrews,5,12
Andrews,12,13
Andrews,11,14
Andrews,4,15
Andrews,7,16
Andrews,17,17
Andrews,11,18
Andrews,13,19
Andrews,7,20
Andrews,8,21
Andrews,6,22
Andrews,5,23
Andrews Air Force Base,2,0
Andrews Air Force Base,1,2
Andrews Air Force Base,1,3
Andrews Air Force Base,2,4
Andrews Air Force Base,4,5
Andrews Air Force Base,2,6
Andrews Air Force Base,5,7
Andrews Air Force Base,5,8
Andrews Air Force Base,3,9
Andrews Air Force Base,3,11
Andrews Air Force Base,5,12
Andrews Air Force Base,12,13
Andrews Air Force Base,11,14
Andrews Air Force Base,8,15
Andrews Air Force Base,11,16
Andrews Air Force Base,2,17
Andrews Air Force Base,3,18
Andrews Air Force Base,2,19
Andrews Air Force Base,1,21
Andrews Air Force Base,1,22
Aneta,2,15
Aneth,2,5
Aneth,1,7
Aneth,1,8
Aneth,1,10
Aneth,2,11
Aneth,1,14
Aneth,2,16
Aneth,2,17
Aneth,4,18
Aneth,2,21
Aneth,1,23
Angel Fire,1,12
Angels Camp,1,1
Angels Camp,2,3
Angels Camp,2,4
Angels Camp,6,5
Angels Camp,3,6
Angels Camp,8,7
Angels Camp,6,8
Angels Camp,12,9
Angels Camp,3,10
Angels Camp,6,11
Angels Camp,12,12
Angels Camp,10,13
Angels Camp,7,14
Angels Camp,13,15
Angels Camp,8,16
Angels Camp,9,17
Angels Camp,4,18
Angels Camp,7,19
Angels Camp,4,20
Angels Camp,9,21
Angels Camp,11,22
Angels Camp,8,23
Angier,1,0
Angier,4,2
Angier,1,6
Angier,7,7
Angier,3,8
Angier,1,10
Angier,3,11
Angier,5,12
Angier,2,13
Angier,2,14
Angier,4,15
Angier,5,17
Angier,13,18
Angier,2,19
Angier,8,20
Angier,6,21
Angier,7,22
Angier,2,23
Angleton,3,2
Angleton,1,3
Angleton,1,4
Angleton,1,5
Angleton,4,7
Angleton,1,8
Angleton,1,9
Angleton,2,11
Angleton,3,12
Angleton,1,16
Angleton,1,17
Angleton,1,18
Angleton,1,19
Angleton,1,20
Angola,1,0
Angola,7,1
Angola,3,3
Angola,3,4
Angola,5,5
Angola,6,7
Angola,4,8
Angola,3,9
Angola,3,10
Angola,2,12
Angola,5,13
Angola,3,14
Angola,7,15
Angola,9,16
Angola,2,17
Angola,2,18
Angola,11,19
Angola,4,20
Angola,5,21
Angola,3,22
Angola,1,23
Angora,2,0
Angora,1,10
Angora,2,11
Angora,1,12
Angora,1,14
Angora,2,16
Angora,2,17
Angora,2,19
Angora,2,21
Angora,3,22
Angora,1,23
Angwin,1,0
Angwin,4,1
Angwin,1,2
Angwin,1,3
Angwin,3,4
Angwin,4,5
Angwin,3,6
Angwin,2,7
Angwin,3,9
Angwin,3,10
Angwin,4,11
Angwin,4,12
Angwin,2,13
Angwin,4,15
Angwin,1,16
Angwin,5,17
Angwin,1,18
Angwin,4,19
Angwin,3,20
Angwin,1,21
Angwin,1,22
Angwin,2,23
Anita,1,0
Anita,2,1
Anita,4,2
Anita,2,3
Anita,1,4
Anita,2,6
Anita,1,7
Anita,2,8
Anita,6,9
Anita,3,10
Anita,1,11
Anita,5,12
Anita,4,14
Anita,9,15
Anita,3,16
Anita,5,17
Anita,2,19
Anita,5,20
Anita,1,21
Anita,5,22
Anita,6,23
Aniwa,2,19
Ankeny,2,0
Ankeny,5,1
Ankeny,5,3
Ankeny,6,5
Ankeny,8,6
Ankeny,14,7
Ankeny,4,8
Ankeny,13,9
Ankeny,12,10
Ankeny,7,11
Ankeny,9,12
Ankeny,10,13
Ankeny,5,14
Ankeny,11,15
Ankeny,10,16
Ankeny,22,17
Ankeny,14,18
Ankeny,3,19
Ankeny,1,20
Ankeny,10,21
Ankeny,3,22
Ankeny,6,23
Ann Arbor,6,0
Ann Arbor,2,1
Ann Arbor,11,2
Ann Arbor,2,3
Ann Arbor,4,4
Ann Arbor,5,5
Ann Arbor,23,6
Ann Arbor,35,7
Ann Arbor,61,8
Ann Arbor,33,9
Ann Arbor,29,10
Ann Arbor,41,11
Ann Arbor,51,12
Ann Arbor,52,13
Ann Arbor,49,14
Ann Arbor,81,15
Ann Arbor,69,16
Ann Arbor,68,17
Ann Arbor,50,18
Ann Arbor,18,19
Ann Arbor,25,20
Ann Arbor,6,21
Ann Arbor,7,22
Ann Arbor,5,23
Anna,1,3
Anna,1,5
Anna,5,6
Anna,6,7
Anna,5,8
Anna,2,9
Anna,1,10
Anna,2,11
Anna,4,12
Anna,3,13
Anna,6,14
Anna,2,15
Anna,6,16
Anna,2,17
Anna,2,18
Anna,2,19
Anna,3,20
Anna,1,21
Anna,1,23
Anna Maria,1,1
Anna Maria,1,11
Anna Maria,1,12
Anna Maria,1,20
Annandale,8,0
Annandale,5,1
Annandale,13,2
Annandale,5,3
Annandale,15,4
Annandale,22,5
Annandale,34,6
Annandale,61,7
Annandale,73,8
Annandale,41,9
Annandale,29,10
Annandale,29,11
Annandale,37,12
Annandale,38,13
Annandale,53,14
Annandale,56,15
Annandale,60,16
Annandale,52,17
Annandale,56,18
Annandale,27,19
Annandale,20,20
Annandale,14,21
Annandale,13,22
Annandale,11,23
Annapolis,13,0
Annapolis,4,1
Annapolis,7,2
Annapolis,5,3
Annapolis,8,4
Annapolis,26,5
Annapolis,30,6
Annapolis,68,7
Annapolis,71,8
Annapolis,35,9
Annapolis,40,10
Annapolis,45,11
Annapolis,37,12
Annapolis,51,13
Annapolis,53,14
Annapolis,65,15
Annapolis,67,16
Annapolis,57,17
Annapolis,43,18
Annapolis,21,19
Annapolis,16,20
Annapolis,10,21
Annapolis,6,22
Annapolis,3,23
Annapolis Junction,1,1
Annapolis Junction,7,2
Annapolis Junction,1,4
Annapolis Junction,10,5
Annapolis Junction,10,6
Annapolis Junction,1,7
Annapolis Junction,5,8
Annapolis Junction,4,9
Annapolis Junction,3,10
Annapolis Junction,3,11
Annapolis Junction,4,12
Annapolis Junction,3,13
Annapolis Junction,1,14
Annapolis Junction,3,15
Annapolis Junction,5,16
Annapolis Junction,4,17
Annapolis Junction,4,18
Annapolis Junction,9,19
Annapolis Junction,2,20
Annapolis Junction,2,21
Annapolis Junction,2,22
Annapolis Junction,2,23
Anniston,1,0
Anniston,3,4
Anniston,4,6
Anniston,13,7
Anniston,3,8
Anniston,2,9
Anniston,2,10
Anniston,9,11
Anniston,5,12
Anniston,8,13
Anniston,10,14
Anniston,3,15
Anniston,3,16
Anniston,10,17
Anniston,2,18
Anniston,5,19
Anniston,8,20
Anniston,2,21
Annville,1,0
Annville,2,1
Annville,2,2
Annville,11,4
Annville,1,5
Annville,8,6
Annville,20,7
Annville,26,8
Annville,9,9
Annville,9,10
Annville,16,11
Annville,7,12
Annville,14,13
Annville,5,14
Annville,7,15
Annville,8,16
Annville,10,17
Annville,7,18
Annville,18,19
Annville,7,20
Annville,8,21
Annville,6,22
Annville,1,23
Anoka,6,0
Anoka,2,2
Anoka,1,3
Anoka,7,4
Anoka,12,5
Anoka,35,6
Anoka,53,7
Anoka,27,8
Anoka,34,9
Anoka,21,10
Anoka,29,11
Anoka,25,12
Anoka,36,13
Anoka,36,14
Anoka,64,15
Anoka,46,16
Anoka,43,17
Anoka,25,18
Anoka,7,19
Anoka,7,20
Anoka,15,21
Anoka,1,22
Anoka,4,23
Ansley,2,8
Anson,1,1
Ansonia,6,8
Ansonia,1,10
Ansonia,2,12
Ansonia,2,13
Ansonia,3,14
Ansonia,2,15
Ansonia,4,16
Ansonia,7,17
Ansonia,6,18
Ansonia,2,19
Ansonia,1,21
Ansted,1,15
Ansted,1,19
Antelope,18,0
Antelope,6,1
Antelope,12,2
Antelope,12,3
Antelope,3,4
Antelope,22,5
Antelope,30,6
Antelope,38,7
Antelope,35,8
Antelope,28,9
Antelope,20,10
Antelope,21,11
Antelope,29,12
Antelope,40,13
Antelope,38,14
Antelope,53,15
Antelope,47,16
Antelope,45,17
Antelope,58,18
Antelope,27,19
Antelope,29,20
Antelope,22,21
Antelope,35,22
Antelope,12,23
Anthem,1,1
Anthem,2,6
Anthem,2,9
Anthem,1,17
Anthony,1,0
Anthony,1,2
Anthony,1,3
Anthony,1,5
Anthony,1,6
Anthony,2,7
Anthony,5,8
Anthony,4,9
Anthony,3,10
Anthony,1,11
Anthony,1,13
Anthony,2,14
Anthony,1,15
Anthony,2,16
Anthony,2,17
Anthony,4,18
Anthony,4,19
Anthony,1,21
Anthony,2,22
Anthony,1,23
Antigo,2,7
Antimony,1,10
Antimony,2,15
Antimony,1,16
Antimony,1,18
Antioch,52,0
Antioch,37,1
Antioch,65,2
Antioch,56,3
Antioch,108,4
Antioch,150,5
Antioch,337,6
Antioch,358,7
Antioch,295,8
Antioch,131,9
Antioch,99,10
Antioch,90,11
Antioch,100,12
Antioch,137,13
Antioch,155,14
Antioch,312,15
Antioch,351,16
Antioch,324,17
Antioch,353,18
Antioch,127,19
Antioch,93,20
Antioch,63,21
Antioch,53,22
Antioch,63,23
Anton,2,18
Anton Chico,2,11
Anton Chico,2,20
Antonito,1,5
Antonito,3,6
Antonito,1,10
Antonito,4,11
Antonito,1,16
Antonito,1,19
Antrim,1,7
Antrim,1,17
Antwerp,1,13
Antwerp,1,18
Apache Junction,2,0
Apache Junction,2,2
Apache Junction,2,3
Apache Junction,1,4
Apache Junction,3,5
Apache Junction,6,6
Apache Junction,7,7
Apache Junction,12,8
Apache Junction,5,9
Apache Junction,3,10
Apache Junction,2,11
Apache Junction,3,12
Apache Junction,2,13
Apache Junction,7,14
Apache Junction,4,15
Apache Junction,2,16
Apache Junction,3,17
Apache Junction,2,18
Apache Junction,2,19
Apache Junction,3,20
Apache Junction,4,21
Apache Junction,1,23
Apalachin,2,4
Apalachin,2,8
Apalachin,5,15
Apalachin,1,16
Apalachin,1,19
Apalachin,2,20
Apalachin,3,23
Apex,21,0
Apex,6,1
Apex,13,2
Apex,3,3
Apex,9,4
Apex,18,5
Apex,32,6
Apex,60,7
Apex,54,8
Apex,33,9
Apex,31,10
Apex,25,11
Apex,32,12
Apex,38,13
Apex,51,14
Apex,54,15
Apex,77,16
Apex,80,17
Apex,54,18
Apex,34,19
Apex,24,20
Apex,26,21
Apex,21,22
Apex,14,23
Apison,4,0
Apison,1,3
Apison,1,4
Apison,1,5
Apison,2,6
Apison,5,7
Apison,2,8
Apison,3,10
Apison,3,12
Apison,3,13
Apison,4,14
Apison,2,15
Apison,4,16
Apison,2,17
Apison,5,18
Apison,2,19
Apison,2,20
Apison,1,21
Apison,1,22
Apollo,6,0
Apollo,2,1
Apollo,2,3
Apollo,4,4
Apollo,3,5
Apollo,6,6
Apollo,3,9
Apollo,9,10
Apollo,1,11
Apollo,2,12
Apollo,10,13
Apollo,1,14
Apollo,3,15
Apollo,12,16
Apollo,13,17
Apollo,10,18
Apollo,8,21
Apollo,1,22
Apollo,2,23
Apollo Beach,5,0
Apollo Beach,1,2
Apollo Beach,3,3
Apollo Beach,6,4
Apollo Beach,18,5
Apollo Beach,23,6
Apollo Beach,42,7
Apollo Beach,32,8
Apollo Beach,4,9
Apollo Beach,11,10
Apollo Beach,7,11
Apollo Beach,8,12
Apollo Beach,13,13
Apollo Beach,8,14
Apollo Beach,13,15
Apollo Beach,12,16
Apollo Beach,7,17
Apollo Beach,21,18
Apollo Beach,10,19
Apollo Beach,10,20
Apollo Beach,8,21
Apollo Beach,5,22
Apollo Beach,4,23
Apopka,17,0
Apopka,19,1
Apopka,12,2
Apopka,15,3
Apopka,59,4
Apopka,32,5
Apopka,54,6
Apopka,72,7
Apopka,59,8
Apopka,48,9
Apopka,33,10
Apopka,42,11
Apopka,44,12
Apopka,33,13
Apopka,57,14
Apopka,74,15
Apopka,69,16
Apopka,119,17
Apopka,68,18
Apopka,39,19
Apopka,39,20
Apopka,35,21
Apopka,30,22
Apopka,19,23
Apple Creek,2,15
Apple Creek,1,16
Apple Valley,16,0
Apple Valley,13,1
Apple Valley,13,2
Apple Valley,3,3
Apple Valley,8,4
Apple Valley,14,5
Apple Valley,16,6
Apple Valley,17,7
Apple Valley,20,8
Apple Valley,14,9
Apple Valley,11,10
Apple Valley,24,11
Apple Valley,22,12
Apple Valley,21,13
Apple Valley,31,14
Apple Valley,14,15
Apple Valley,33,16
Apple Valley,35,17
Apple Valley,22,18
Apple Valley,20,19
Apple Valley,16,20
Apple Valley,16,21
Apple Valley,14,22
Apple Valley,7,23
Applegate,2,0
Applegate,4,1
Applegate,2,2
Applegate,1,3
Applegate,4,4
Applegate,1,5
Applegate,3,6
Applegate,4,7
Applegate,1,8
Applegate,4,9
Applegate,3,10
Applegate,1,11
Applegate,1,12
Applegate,5,13
Applegate,6,14
Applegate,7,15
Applegate,5,16
Applegate,3,17
Applegate,2,18
Applegate,11,19
Applegate,5,20
Applegate,4,21
Applegate,6,22
Applegate,2,23
Appleton,1,0
Appleton,5,4
Appleton,6,5
Appleton,9,6
Appleton,20,7
Appleton,19,8
Appleton,14,9
Appleton,12,10
Appleton,19,11
Appleton,9,12
Appleton,5,13
Appleton,12,14
Appleton,20,15
Appleton,28,16
Appleton,17,17
Appleton,10,18
Appleton,6,19
Appleton,3,20
Appleton,7,21
Appleton,3,22
Appling,1,4
Appling,1,6
Appling,1,7
Appling,1,11
Appling,1,12
Appling,1,13
Appling,2,16
Appling,1,17
Appling,2,18
Appling,1,19
Appling,1,20
Appling,1,21
Appomattox,3,5
Appomattox,1,6
Appomattox,4,7
Appomattox,3,9
Appomattox,2,10
Appomattox,5,11
Appomattox,4,12
Appomattox,1,14
Appomattox,4,16
Appomattox,7,17
Appomattox,1,18
Appomattox,5,20
Appomattox,4,22
Aptos,19,0
Aptos,4,1
Aptos,11,2
Aptos,6,3
Aptos,11,4
Aptos,8,5
Aptos,34,6
Aptos,64,7
Aptos,36,8
Aptos,40,9
Aptos,31,10
Aptos,51,11
Aptos,39,12
Aptos,21,13
Aptos,45,14
Aptos,51,15
Aptos,46,16
Aptos,47,17
Aptos,50,18
Aptos,28,19
Aptos,21,20
Aptos,27,21
Aptos,12,22
Aptos,19,23
Aquasco,1,18
Arab,2,3
Arab,2,5
Arab,2,6
Arab,1,7
Arab,2,9
Arab,4,10
Arab,1,11
Arab,1,15
Arab,2,16
Arab,3,17
Arab,1,18
Arab,1,21
Arab,1,22
Arabi,2,6
Arabi,2,8
Arabi,2,9
Arabi,3,11
Arabi,1,13
Arabi,1,16
Arabi,1,17
Arabi,3,19
Arabi,2,23
Arapahoe,3,14
Ararat,2,13
Ararat,5,16
Ararat,4,18
Arbuckle,3,0
Arbuckle,5,1
Arbuckle,1,3
Arbuckle,4,4
Arbuckle,6,5
Arbuckle,9,6
Arbuckle,10,7
Arbuckle,12,8
Arbuckle,7,9
Arbuckle,2,10
Arbuckle,6,11
Arbuckle,12,12
Arbuckle,10,13
Arbuckle,7,14
Arbuckle,11,15
Arbuckle,12,16
Arbuckle,10,17
Arbuckle,10,18
Arbuckle,15,19
Arbuckle,8,20
Arbuckle,11,21
Arbuckle,4,22
Arbuckle,10,23
Arbyrd,2,14
Arcade,1,0
Arcade,1,5
Arcade,1,10
Arcade,1,12
Arcade,1,14
Arcade,1,16
Arcade,1,17
Arcade,1,18
Arcadia,27,0
Arcadia,20,1
Arcadia,16,2
Arcadia,14,3
Arcadia,19,4
Arcadia,34,5
Arcadia,57,6
Arcadia,66,7
Arcadia,43,8
Arcadia,46,9
Arcadia,66,10
Arcadia,58,11
Arcadia,65,12
Arcadia,80,13
Arcadia,99,14
Arcadia,68,15
Arcadia,66,16
Arcadia,65,17
Arcadia,49,18
Arcadia,51,19
Arcadia,39,20
Arcadia,25,21
Arcadia,20,22
Arcadia,28,23
Arcadia West,1,4
Arcadia West,1,6
Arcanum,1,5
Arcanum,1,8
Arcanum,1,11
Arcanum,2,12
Arcanum,1,14
Arcanum,2,15
Arcanum,1,16
Arcanum,2,17
Arcanum,1,18
Arcata,8,0
Arcata,8,1
Arcata,15,2
Arcata,1,3
Arcata,8,4
Arcata,8,5
Arcata,8,6
Arcata,12,7
Arcata,12,8
Arcata,11,9
Arcata,9,10
Arcata,14,11
Arcata,16,12
Arcata,8,13
Arcata,12,14
Arcata,20,15
Arcata,16,16
Arcata,20,17
Arcata,9,18
Arcata,12,19
Arcata,8,20
Arcata,15,21
Arcata,10,22
Arcata,16,23
Arch Cape,1,1
Arch Cape,1,3
Arch Cape,1,4
Arch Cape,3,8
Arch Cape,2,9
Arch Cape,4,12
Arch Cape,1,13
Arch Cape,1,16
Arch Cape,1,17
Arch Cape,1,19
Arch Cape,1,21
Arch Cape,1,23
Archbald,2,0
Archbald,3,1
Archbald,1,10
Archbald,2,16
Archbald,2,17
Archbald,1,19
Archbald,1,21
Archbold,1,4
Archbold,4,5
Archbold,2,6
Archbold,2,7
Archbold,4,8
Archbold,2,9
Archbold,1,10
Archbold,1,11
Archbold,3,12
Archbold,3,13
Archbold,2,15
Archbold,7,16
Archbold,3,17
Archbold,2,18
Archbold,4,19
Archdale,3,14
Archer,2,0
Archer,3,1
Archer,1,3
Archer,2,5
Archer,1,6
Archer,3,7
Archer,4,8
Archer,4,9
Archer,3,10
Archer,2,11
Archer,5,12
Archer,1,13
Archer,4,15
Archer,8,16
Archer,11,17
Archer,6,18
Archer,1,19
Archer,6,20
Archer,2,21
Archer,3,22
Archer,3,23
Archer City,1,3
Archer City,1,17
Archer City,1,19
Archer City,1,23
Arco,1,6
Arco,1,8
Arco,1,14
Arco,4,21
Arcola,1,4
Arcola,2,5
Arcola,4,6
Arcola,5,7
Arcola,3,8
Arcola,1,9
Arcola,1,10
Arcola,1,12
Arcola,1,13
Ardara,4,7
Ardara,1,14
Arden,3,0
Arden,2,1
Arden,8,2
Arden,1,3
Arden,8,4
Arden,2,5
Arden,12,6
Arden,35,7
Arden,34,8
Arden,37,9
Arden,43,10
Arden,39,11
Arden,39,12
Arden,47,13
Arden,41,14
Arden,49,15
Arden,53,16
Arden,52,17
Arden,30,18
Arden,15,19
Arden,11,20
Arden,6,21
Arden,5,22
Arden,1,23
Ardmore,4,0
Ardmore,3,1
Ardmore,1,2
Ardmore,4,3
Ardmore,2,4
Ardmore,7,6
Ardmore,13,7
Ardmore,26,8
Ardmore,16,9
Ardmore,6,10
Ardmore,16,11
Ardmore,6,12
Ardmore,17,13
Ardmore,22,14
Ardmore,16,15
Ardmore,16,16
Ardmore,21,17
Ardmore,13,18
Ardmore,7,19
Ardmore,6,20
Ardmore,4,21
Ardmore,4,22
Ardmore,4,23
Ardsley,3,0
Ardsley,3,2
Ardsley,2,3
Ardsley,2,4
Ardsley,10,5
Ardsley,5,6
Ardsley,8,7
Ardsley,12,8
Ardsley,9,9
Ardsley,7,10
Ardsley,3,11
Ardsley,3,12
Ardsley,8,13
Ardsley,3,14
Ardsley,6,15
Ardsley,7,16
Ardsley,4,17
Ardsley,2,18
Ardsley,5,19
Ardsley,5,20
Ardsley,3,21
Ardsley,6,22
Ardsley,3,23
Argenta,1,4
Argenta,1,6
Argenta,1,7
Argos,1,10
Argos,1,14
Argos,5,18
Argusville,4,0
Argusville,2,2
Argusville,7,3
Argusville,1,6
Argusville,1,7
Argusville,1,10
Argusville,1,11
Argusville,1,12
Argusville,1,13
Argusville,3,16
Argusville,5,17
Argusville,3,18
Argusville,4,19
Argusville,1,20
Argusville,4,21
Argusville,3,22
Argusville,1,23
Argyle,4,0
Argyle,1,1
Argyle,1,3
Argyle,3,4
Argyle,1,5
Argyle,11,6
Argyle,1,7
Argyle,5,8
Argyle,2,9
Argyle,8,10
Argyle,4,11
Argyle,5,12
Argyle,5,13
Argyle,2,14
Argyle,9,15
Argyle,4,16
Argyle,16,17
Argyle,2,18
Argyle,9,21
Ariel,1,4
Ariel,3,6
Ariel,2,7
Ariel,1,10
Ariel,1,14
Ariel,1,15
Ariel,1,17
Ariel,1,18
Ariel,1,19
Ariel,1,21
Ariel,2,23
Arimo,1,17
Arimo,1,19
Aripeka,1,11
Aripeka,1,13
Ariton,1,7
Ariton,1,8
Ariton,2,10
Ariton,1,12
Ariton,1,13
Ariton,3,14
Ariton,3,16
Ariton,1,17
Ariton,2,20
Ariton,1,22
Arkadelphia,4,2
Arkadelphia,1,3
Arkadelphia,4,6
Arkadelphia,13,8
Arkadelphia,12,9
Arkadelphia,9,10
Arkadelphia,14,11
Arkadelphia,13,12
Arkadelphia,19,13
Arkadelphia,20,14
Arkadelphia,11,15
Arkadelphia,7,16
Arkadelphia,8,17
Arkadelphia,1,18
Arkadelphia,3,20
Arkadelphia,6,21
Arkansas City,1,11
Arlee,2,0
Arlee,2,1
Arlee,3,2
Arlee,1,3
Arlee,2,5
Arlee,8,6
Arlee,4,8
Arlee,3,10
Arlee,7,11
Arlee,6,13
Arlee,1,14
Arlee,3,16
Arlee,1,17
Arlee,2,18
Arlee,5,19
Arlee,1,20
Arlee,5,21
Arlee,2,22
Arlee,2,23
Arleta,1,0
Arleta,1,2
Arleta,2,4
Arleta,3,6
Arleta,6,7
Arleta,3,9
Arleta,2,10
Arleta,4,12
Arleta,1,13
Arleta,4,14
Arleta,9,15
Arleta,7,16
Arleta,13,17
Arleta,1,18
Arleta,4,20
Arleta,3,21
Arleta,3,23
Arlington,64,0
Arlington,74,1
Arlington,66,2
Arlington,58,3
Arlington,112,4
Arlington,135,5
Arlington,340,6
Arlington,353,7
Arlington,299,8
Arlington,241,9
Arlington,198,10
Arlington,182,11
Arlington,233,12
Arlington,272,13
Arlington,331,14
Arlington,375,15
Arlington,348,16
Arlington,360,17
Arlington,291,18
Arlington,193,19
Arlington,128,20
Arlington,182,21
Arlington,168,22
Arlington,81,23
Arlington Heights,1,0
Arlington Heights,3,1
Arlington Heights,1,4
Arlington Heights,3,5
Arlington Heights,19,6
Arlington Heights,13,7
Arlington Heights,12,8
Arlington Heights,1,9
Arlington Heights,4,10
Arlington Heights,12,11
Arlington Heights,13,12
Arlington Heights,10,13
Arlington Heights,3,14
Arlington Heights,24,15
Arlington Heights,13,16
Arlington Heights,27,17
Arlington Heights,8,18
Arlington Heights,6,19
Arlington Heights,1,20
Arlington Heights,3,21
Arlington Heights,1,22
Arlington Heights,2,23
Armagh,2,17
Armbrust,1,0
Armington,1,5
Armona,1,0
Armona,3,1
Armona,3,2
Armona,1,3
Armona,1,5
Armona,3,6
Armona,6,7
Armona,7,8
Armona,3,9
Armona,2,10
Armona,2,11
Armona,5,12
Armona,6,13
Armona,7,14
Armona,5,15
Armona,7,16
Armona,9,17
Armona,6,18
Armona,3,19
Armona,2,20
Armona,2,21
Armona,2,22
Armonk,1,0
Armonk,3,2
Armonk,2,3
Armonk,7,5
Armonk,13,6
Armonk,14,7
Armonk,9,8
Armonk,8,9
Armonk,6,10
Armonk,4,11
Armonk,6,12
Armonk,8,13
Armonk,8,14
Armonk,5,15
Armonk,15,16
Armonk,7,17
Armonk,8,18
Armonk,6,19
Armonk,6,20
Armonk,2,21
Armonk,4,22
Armonk,5,23
Armstrong,5,11
Armuchee,1,15
Armuchee,4,16
Armuchee,6,17
Armuchee,1,18
Armuchee,1,22
Arnegard,1,10
Arnold,5,0
Arnold,6,1
Arnold,4,2
Arnold,2,3
Arnold,2,4
Arnold,4,5
Arnold,21,6
Arnold,26,7
Arnold,17,8
Arnold,13,9
Arnold,11,10
Arnold,25,11
Arnold,13,12
Arnold,28,13
Arnold,15,14
Arnold,24,15
Arnold,19,16
Arnold,14,17
Arnold,9,18
Arnold,5,19
Arnold,15,20
Arnold,13,21
Arnold,10,22
Arnold,14,23
Arnoldsville,3,17
Aromas,1,0
Aromas,6,1
Aromas,3,2
Aromas,5,3
Aromas,2,4
Aromas,11,5
Aromas,12,6
Aromas,20,7
Aromas,10,8
Aromas,5,9
Aromas,8,10
Aromas,17,11
Aromas,7,12
Aromas,21,13
Aromas,16,14
Aromas,11,15
Aromas,16,16
Aromas,13,17
Aromas,6,18
Aromas,11,19
Aromas,5,20
Aromas,9,21
Aromas,9,22
Aromas,12,23
Arona,1,14
Arona,1,17
Arona,4,18
Arona,2,21
Arrey,1,12
Arrey,1,20
Arrey,1,21
Arriba,1,9
Arriba,1,10
Arriba,2,11
Arriba,2,19
Arriba,2,21
Arrington,1,0
Arrington,2,3
Arrington,1,6
Arrington,3,7
Arrington,3,8
Arrington,6,9
Arrington,1,10
Arrington,1,11
Arrington,5,12
Arrington,5,13
Arrington,3,14
Arrington,3,15
Arrington,8,16
Arrington,4,17
Arrington,3,18
Arrington,1,19
Arrington,3,22
Arroyo Grande,7,0
Arroyo Grande,5,1
Arroyo Grande,9,2
Arroyo Grande,5,3
Arroyo Grande,14,4
Arroyo Grande,11,5
Arroyo Grande,16,6
Arroyo Grande,40,7
Arroyo Grande,29,8
Arroyo Grande,20,9
Arroyo Grande,13,10
Arroyo Grande,27,11
Arroyo Grande,28,12
Arroyo Grande,27,13
Arroyo Grande,18,14
Arroyo Grande,47,15
Arroyo Grande,47,16
Arroyo Grande,35,17
Arroyo Grande,29,18
Arroyo Grande,12,19
Arroyo Grande,18,20
Arroyo Grande,38,21
Arroyo Grande,14,22
Arroyo Grande,8,23
Artesia,10,0
Artesia,5,1
Artesia,3,2
Artesia,5,3
Artesia,3,4
Artesia,10,5
Artesia,7,6
Artesia,10,7
Artesia,18,8
Artesia,11,9
Artesia,12,10
Artesia,8,11
Artesia,13,12
Artesia,16,13
Artesia,19,14
Artesia,13,15
Artesia,13,16
Artesia,17,17
Artesia,7,18
Artesia,11,19
Artesia,4,20
Artesia,5,21
Artesia,13,22
Artesia,11,23
Arthur,1,11
Arthur,1,14
Artois,1,0
Artois,1,7
Artois,2,10
Artois,1,18
Artois,2,19
Arundel,1,17
Arvada,7,0
Arvada,2,2
Arvada,1,3
Arvada,8,4
Arvada,10,5
Arvada,18,6
Arvada,38,7
Arvada,25,8
Arvada,12,9
Arvada,8,10
Arvada,8,11
Arvada,13,12
Arvada,3,13
Arvada,8,14
Arvada,13,15
Arvada,13,16
Arvada,24,17
Arvada,9,18
Arvada,6,19
Arvada,20,20
Arvada,9,21
Arvada,4,22
Arvada,1,23
Arverne,2,6
Arverne,1,12
Arverne,1,15
Arvilla,1,9
Arvilla,2,11
Arvilla,1,13
Arvilla,1,18
Arvilla,1,19
Arvin,18,0
Arvin,8,1
Arvin,7,2
Arvin,9,3
Arvin,12,4
Arvin,30,5
Arvin,21,6
Arvin,12,7
Arvin,20,8
Arvin,2,9
Arvin,8,10
Arvin,18,11
Arvin,13,12
Arvin,25,13
Arvin,42,14
Arvin,31,15
Arvin,22,16
Arvin,18,17
Arvin,14,18
Arvin,16,19
Arvin,13,20
Arvin,9,21
Arvin,18,22
Arvin,3,23
Asbury,1,0
Asbury,7,2
Asbury,2,5
Asbury,1,6
Asbury,9,7
Asbury,2,8
Asbury,1,9
Asbury,4,10
Asbury,1,11
Asbury,5,12
Asbury,6,13
Asbury,4,14
Asbury,3,15
Asbury,2,16
Asbury,9,17
Asbury,2,18
Asbury,6,19
Asbury,7,20
Asbury,6,21
Asbury Park,1,0
Asbury Park,1,1
Asbury Park,1,2
Asbury Park,1,3
Asbury Park,2,5
Asbury Park,2,6
Asbury Park,3,7
Asbury Park,4,8
Asbury Park,6,9
Asbury Park,3,10
Asbury Park,5,12
Asbury Park,11,13
Asbury Park,5,14
Asbury Park,1,15
Asbury Park,4,16
Asbury Park,4,17
Asbury Park,3,18
Asbury Park,6,19
Asbury Park,1,20
Asbury Park,3,21
Asbury Park,2,22
Asbury Park,3,23
Ash,5,0
Ash,2,4
Ash,1,10
Ash,4,16
Ash,3,17
Ash Flat,3,19
Ash Fork,3,0
Ash Fork,3,1
Ash Fork,2,2
Ash Fork,2,3
Ash Fork,12,4
Ash Fork,10,5
Ash Fork,7,6
Ash Fork,10,7
Ash Fork,9,8
Ash Fork,13,9
Ash Fork,2,10
Ash Fork,3,11
Ash Fork,13,12
Ash Fork,3,13
Ash Fork,3,14
Ash Fork,6,15
Ash Fork,10,16
Ash Fork,4,17
Ash Fork,10,18
Ash Fork,5,19
Ash Fork,4,20
Ash Fork,3,21
Ash Fork,8,22
Ash Fork,1,23
Ash Grove,1,4
Ash Grove,3,5
Ash Grove,2,7
Ash Grove,2,9
Ash Grove,1,10
Ash Grove,1,11
Ash Grove,1,12
Ash Grove,2,16
Ash Grove,1,17
Ash Grove,2,18
Ash Grove,2,22
Ashaway,1,3
Ashaway,3,5
Ashaway,1,6
Ashaway,3,7
Ashaway,2,8
Ashaway,3,9
Ashaway,5,10
Ashaway,2,12
Ashaway,1,13
Ashaway,1,14
Ashaway,1,15
Ashaway,2,20
Ashaway,1,22
Ashburn,13,0
Ashburn,3,1
Ashburn,5,2
Ashburn,2,3
Ashburn,14,4
Ashburn,33,5
Ashburn,33,6
Ashburn,61,7
Ashburn,92,8
Ashburn,33,9
Ashburn,25,10
Ashburn,39,11
Ashburn,33,12
Ashburn,35,13
Ashburn,54,14
Ashburn,61,15
Ashburn,56,16
Ashburn,77,17
Ashburn,64,18
Ashburn,57,19
Ashburn,30,20
Ashburn,31,21
Ashburn,15,22
Ashburn,13,23
Ashburnham,1,11
Ashby,5,0
Ashby,8,1
Ashby,2,3
Ashby,11,4
Ashby,10,5
Ashby,6,6
Ashby,7,7
Ashby,4,8
Ashby,6,9
Ashby,4,10
Ashby,12,11
Ashby,7,12
Ashby,12,13
Ashby,15,14
Ashby,19,15
Ashby,17,16
Ashby,23,17
Ashby,14,18
Ashby,16,19
Ashby,16,20
Ashby,6,21
Ashby,5,22
Ashby,5,23
Ashdown,1,7
Ashdown,2,9
Ashdown,1,13
Ashdown,1,14
Ashdown,2,16
Ashdown,2,17
Asheboro,2,0
Asheboro,2,1
Asheboro,2,3
Asheboro,5,4
Asheboro,7,6
Asheboro,6,7
Asheboro,11,8
Asheboro,8,9
Asheboro,3,10
Asheboro,3,11
Asheboro,5,12
Asheboro,10,13
Asheboro,9,14
Asheboro,3,15
Asheboro,4,16
Asheboro,8,17
Asheboro,11,18
Asheboro,8,20
Asheboro,3,21
Asheboro,2,22
Asheboro,5,23
Asheville,24,0
Asheville,25,1
Asheville,6,2
Asheville,10,3
Asheville,6,4
Asheville,18,5
Asheville,57,6
Asheville,146,7
Asheville,132,8
Asheville,116,9
Asheville,77,10
Asheville,149,11
Asheville,146,12
Asheville,131,13
Asheville,153,14
Asheville,215,15
Asheville,236,16
Asheville,197,17
Asheville,131,18
Asheville,85,19
Asheville,57,20
Asheville,50,21
Asheville,40,22
Asheville,30,23
Ashford,3,2
Ashford,3,6
Ashford,3,7
Ashford,1,8
Ashford,1,10
Ashford,1,11
Ashford,1,12
Ashford,2,14
Ashford,1,16
Ashford,1,17
Ashford,4,18
Ashford,1,20
Ashkum,1,2
Ashkum,4,4
Ashkum,1,5
Ashkum,2,6
Ashkum,4,7
Ashkum,2,8
Ashkum,1,9
Ashkum,1,10
Ashkum,1,12
Ashkum,3,13
Ashkum,1,18
Ashkum,1,19
Ashland,41,0
Ashland,40,1
Ashland,31,2
Ashland,26,3
Ashland,44,4
Ashland,56,5
Ashland,61,6
Ashland,84,7
Ashland,70,8
Ashland,71,9
Ashland,99,10
Ashland,110,11
Ashland,125,12
Ashland,137,13
Ashland,178,14
Ashland,160,15
Ashland,130,16
Ashland,141,17
Ashland,114,18
Ashland,96,19
Ashland,75,20
Ashland,56,21
Ashland,50,22
Ashland,51,23
Ashland City,2,0
Ashland City,1,5
Ashland City,2,7
Ashland City,1,8
Ashland City,1,12
Ashland City,2,13
Ashland City,1,16
Ashland City,4,18
Ashland City,2,20
Ashley,1,0
Ashley,4,1
Ashley,1,4
Ashley,1,6
Ashley,1,11
Ashley,3,12
Ashley,3,13
Ashley,1,14
Ashley,2,15
Ashley,5,16
Ashley,2,19
Ashley,4,22
Ashtabula,2,6
Ashtabula,1,7
Ashtabula,7,9
Ashtabula,1,11
Ashtabula,1,12
Ashtabula,3,13
Ashtabula,3,14
Ashtabula,1,15
Ashtabula,2,16
Ashtabula,2,17
Ashtabula,1,18
Ashtabula,1,19
Ashtabula,1,21
Ashton,2,4
Ashton,1,9
Ashton,1,13
Ashton,1,14
Ashton,1,15
Ashton,1,19
Ashton,1,22
Ashton,3,23
Ashuelot,1,7
Ashuelot,1,11
Ashville,4,1
Ashville,2,2
Ashville,3,3
Ashville,3,4
Ashville,2,5
Ashville,4,6
Ashville,2,7
Ashville,5,8
Ashville,9,9
Ashville,9,10
Ashville,5,11
Ashville,3,12
Ashville,3,13
Ashville,6,14
Ashville,8,15
Ashville,13,16
Ashville,6,17
Ashville,10,18
Ashville,3,20
Ashville,1,21
Ashville,5,23
Askov,3,0
Askov,1,1
Askov,1,3
Askov,1,4
Askov,1,7
Askov,1,8
Askov,1,9
Askov,6,12
Askov,2,13
Askov,2,14
Askov,1,15
Askov,2,16
Askov,3,17
Askov,3,20
Askov,1,21
Askov,1,22
Aspen,2,6
Aspen,8,8
Aspen,6,12
Aspen,7,14
Aspen,18,19
Aspen,2,21
Aspen,5,22
Aspers,1,3
Aspers,1,5
Aspers,1,6
Aspers,3,7
Aspers,2,8
Aspers,2,10
Aspers,4,11
Aspers,1,12
Aspers,3,14
Aspers,1,15
Aspers,1,17
Aspers,1,19
Aspers,1,21
Aspers,2,22
Aspers,1,23
Aspinwall,2,22
Assawoman,3,18
Assonet,1,0
Assonet,1,4
Assonet,4,5
Assonet,2,6
Assonet,3,7
Assonet,1,8
Assonet,1,10
Assonet,3,16
Assonet,1,18
Astatula,2,9
Astatula,2,10
Astatula,1,11
Astatula,1,12
Astatula,3,13
Astatula,1,17
Aston,4,0
Aston,5,1
Aston,5,2
Aston,1,3
Aston,3,4
Aston,5,5
Aston,8,6
Aston,18,7
Aston,9,8
Aston,7,9
Aston,5,10
Aston,6,11
Aston,17,12
Aston,7,13
Aston,4,14
Aston,7,15
Aston,12,16
Aston,12,17
Aston,11,18
Aston,11,19
Aston,1,20
Aston,13,21
Aston,1,22
Aston,3,23
Astor,4,0
Astor,1,1
Astor,2,2
Astor,6,5
Astor,4,6
Astor,4,7
Astor,1,8
Astor,1,10
Astor,2,11
Astor,3,12
Astor,2,13
Astor,5,14
Astor,1,15
Astor,2,16
Astor,5,17
Astor,5,19
Astor,2,20
Astor,6,21
Astor,1,22
Astor,3,23
Astoria,14,0
Astoria,14,1
Astoria,3,2
Astoria,20,3
Astoria,12,4
Astoria,16,5
Astoria,35,6
Astoria,39,7
Astoria,31,8
Astoria,39,9
Astoria,31,10
Astoria,32,11
Astoria,62,12
Astoria,43,13
Astoria,59,14
Astoria,60,15
Astoria,35,16
Astoria,32,17
Astoria,31,18
Astoria,22,19
Astoria,16,20
Astoria,19,21
Astoria,28,22
Astoria,17,23
Atalissa,1,1
Atalissa,1,4
Atalissa,1,5
Atalissa,1,6
Atalissa,1,9
Atalissa,1,10
Atalissa,1,11
Atalissa,1,13
Atalissa,1,14
Atalissa,2,16
Atalissa,1,17
Atalissa,1,18
Atalissa,2,19
Atalissa,1,21
Atalissa,1,22
Atascadero,8,0
Atascadero,4,1
Atascadero,4,2
Atascadero,8,3
Atascadero,7,4
Atascadero,5,5
Atascadero,9,6
Atascadero,7,7
Atascadero,6,8
Atascadero,8,9
Atascadero,13,10
Atascadero,11,11
Atascadero,17,12
Atascadero,20,13
Atascadero,27,14
Atascadero,18,15
Atascadero,13,16
Atascadero,12,17
Atascadero,10,18
Atascadero,5,19
Atascadero,15,20
Atascadero,9,21
Atascadero,4,22
Atascadero,2,23
Atascosa,1,9
Atascosa,1,13
Atascosa,1,18
Atascosa,1,19
Atco,2,1
Atco,1,8
Atco,3,10
Atco,1,11
Atco,8,17
Atco,2,18
Atco,1,19
Atco,4,21
Atco,4,23
Atglen,1,3
Atglen,5,5
Atglen,5,6
Atglen,2,7
Atglen,3,8
Atglen,6,10
Atglen,1,11
Atglen,1,12
Atglen,2,16
Atglen,2,17
Atglen,2,18
Atglen,2,20
Atglen,2,21
Atglen,2,22
Athena,1,5
Athena,3,6
Athena,3,7
Athena,4,8
Athena,1,9
Athena,2,10
Athena,2,12
Athena,1,13
Athena,2,14
Athena,1,16
Athena,2,22
Athens,5,0
Athens,9,1
Athens,10,2
Athens,1,3
Athens,5,4
Athens,9,5
Athens,42,6
Athens,43,7
Athens,47,8
Athens,28,9
Athens,27,10
Athens,36,11
Athens,40,12
Athens,37,13
Athens,49,14
Athens,68,15
Athens,76,16
Athens,75,17
Athens,46,18
Athens,25,19
Athens,15,20
Athens,15,21
Athens,3,22
Athens,10,23
Atherton,2,6
Atherton,1,7
Atherton,7,8
Atherton,6,9
Atherton,1,11
Atherton,3,12
Atherton,2,13
Atherton,4,14
Atherton,6,15
Atherton,3,16
Atherton,3,17
Atherton,1,18
Atherton,1,19
Atherton,1,21
Athol,1,0
Athol,1,7
Athol,2,16
Athol,1,21
Athol,2,22
Atkins,2,0
Atkins,2,2
Atkins,5,3
Atkins,6,4
Atkins,7,5
Atkins,3,6
Atkins,7,7
Atkins,6,8
Atkins,4,9
Atkins,6,10
Atkins,15,11
Atkins,15,12
Atkins,11,13
Atkins,8,14
Atkins,7,15
Atkins,23,16
Atkins,8,17
Atkins,4,19
Atkins,3,20
Atkins,1,21
Atkins,11,22
Atkins,2,23
Atkinson,1,6
Atkinson,1,10
Atkinson,1,11
Atkinson,3,12
Atkinson,5,13
Atkinson,1,15
Atkinson,2,16
Atkinson,1,17
Atkinson,1,18
Atkinson,1,21
Atlanta,245,0
Atlanta,229,1
Atlanta,214,2
Atlanta,267,3
Atlanta,404,4
Atlanta,456,5
Atlanta,909,6
Atlanta,1126,7
Atlanta,957,8
Atlanta,660,9
Atlanta,625,10
Atlanta,617,11
Atlanta,688,12
Atlanta,877,13
Atlanta,913,14
Atlanta,1099,15
Atlanta,1123,16
Atlanta,966,17
Atlanta,864,18
Atlanta,771,19
Atlanta,678,20
Atlanta,637,21
Atlanta,578,22
Atlanta,300,23
Atlanta-Decatur,1,5
Atlanta-Decatur,1,6
Atlanta-Decatur,1,11
Atlanta-Decatur,1,18
Atlanta-Decatur,1,19
Atlantic,6,0
Atlantic,4,1
Atlantic,1,3
Atlantic,1,4
Atlantic,2,6
Atlantic,4,7
Atlantic,4,8
Atlantic,2,9
Atlantic,2,10
Atlantic,3,11
Atlantic,5,12
Atlantic,4,13
Atlantic,4,14
Atlantic,5,15
Atlantic,2,16
Atlantic,8,17
Atlantic,6,18
Atlantic,3,19
Atlantic,3,20
Atlantic,3,21
Atlantic,4,22
Atlantic,6,23
Atlantic Beach,1,10
Atlantic Beach,1,12
Atlantic Beach,3,17
Atlantic Beach,1,18
Atlantic City,4,0
Atlantic City,1,1
Atlantic City,1,2
Atlantic City,4,3
Atlantic City,7,4
Atlantic City,4,5
Atlantic City,1,6
Atlantic City,7,8
Atlantic City,2,10
Atlantic City,1,11
Atlantic City,6,12
Atlantic City,1,13
Atlantic City,2,14
Atlantic City,5,15
Atlantic City,6,16
Atlantic City,10,17
Atlantic City,2,18
Atlantic City,5,19
Atlantic City,4,20
Atlantic City,3,21
Atlantic City,7,22
Atlantic City,3,23
Atlantic Highlands,3,13
Atlantic Highlands,1,14
Atlantic Highlands,1,17
Atlantic Mine,1,16
Atlas,1,7
Atlas,1,14
Atlas,1,21
Atmore,1,0
Atmore,3,1
Atmore,1,3
Atmore,1,4
Atmore,3,5
Atmore,7,6
Atmore,7,7
Atmore,5,8
Atmore,4,9
Atmore,2,10
Atmore,9,11
Atmore,2,12
Atmore,4,13
Atmore,1,14
Atmore,3,15
Atmore,7,16
Atmore,4,17
Atmore,2,18
Atmore,4,19
Atmore,5,20
Atmore,1,21
Atmore,7,22
Atmore,9,23
Atoka,1,6
Atoka,1,14
Atoka,1,17
Attalla,2,0
Attalla,5,3
Attalla,3,4
Attalla,1,5
Attalla,2,6
Attalla,2,7
Attalla,2,8
Attalla,2,9
Attalla,3,10
Attalla,2,11
Attalla,4,12
Attalla,2,13
Attalla,1,14
Attalla,1,15
Attalla,3,17
Attalla,5,19
Attalla,1,22
Attica,2,1
Attica,1,3
Attica,7,9
Attica,3,11
Attica,1,12
Attica,1,13
Attica,5,15
Attica,2,16
Attica,1,17
Attica,2,20
Attica,1,22
Attleboro,4,4
Attleboro,9,5
Attleboro,31,6
Attleboro,27,7
Attleboro,18,8
Attleboro,9,9
Attleboro,3,10
Attleboro,4,11
Attleboro,1,12
Attleboro,3,13
Attleboro,7,14
Attleboro,2,15
Attleboro,15,16
Attleboro,22,17
Attleboro,2,18
Attleboro,1,19
Attleboro,1,20
Attleboro,2,21
Attleboro Falls,1,2
Attleboro Falls,2,4
Attleboro Falls,10,5
Attleboro Falls,15,6
Attleboro Falls,3,7
Attleboro Falls,8,8
Attleboro Falls,2,9
Attleboro Falls,3,10
Attleboro Falls,1,15
Attleboro Falls,6,16
Attleboro Falls,5,17
Attleboro Falls,2,18
Attleboro Falls,1,21
Atwater,29,0
Atwater,14,1
Atwater,15,2
Atwater,8,3
Atwater,15,4
Atwater,19,5
Atwater,39,6
Atwater,45,7
Atwater,37,8
Atwater,24,9
Atwater,30,10
Atwater,32,11
Atwater,33,12
Atwater,62,13
Atwater,49,14
Atwater,44,15
Atwater,60,16
Atwater,69,17
Atwater,44,18
Atwater,37,19
Atwater,28,20
Atwater,21,21
Atwater,33,22
Atwater,24,23
Atwood,1,0
Atwood,1,1
Atwood,3,5
Atwood,1,9
Atwood,3,11
Atwood,1,12
Atwood,2,13
Atwood,3,15
Atwood,1,16
Atwood,1,20
Auberry,5,0
Auberry,4,1
Auberry,4,2
Auberry,1,3
Auberry,8,4
Auberry,2,5
Auberry,2,6
Auberry,13,7
Auberry,1,8
Auberry,7,9
Auberry,6,10
Auberry,8,11
Auberry,4,12
Auberry,4,13
Auberry,9,14
Auberry,10,15
Auberry,10,16
Auberry,12,17
Auberry,7,18
Auberry,8,19
Auberry,10,20
Auberry,5,21
Auberry,12,22
Auberry,4,23
Aubrey,1,11
Auburn,33,0
Auburn,20,1
Auburn,29,2
Auburn,25,3
Auburn,47,4
Auburn,60,5
Auburn,92,6
Auburn,107,7
Auburn,92,8
Auburn,104,9
Auburn,93,10
Auburn,97,11
Auburn,117,12
Auburn,142,13
Auburn,121,14
Auburn,152,15
Auburn,149,16
Auburn,133,17
Auburn,117,18
Auburn,85,19
Auburn,70,20
Auburn,68,21
Auburn,90,22
Auburn,45,23
Auburn Hills,2,0
Auburn Hills,1,2
Auburn Hills,5,3
Auburn Hills,7,4
Auburn Hills,9,5
Auburn Hills,11,6
Auburn Hills,6,7
Auburn Hills,13,8
Auburn Hills,4,9
Auburn Hills,9,10
Auburn Hills,9,11
Auburn Hills,5,12
Auburn Hills,5,13
Auburn Hills,12,14
Auburn Hills,6,15
Auburn Hills,13,16
Auburn Hills,12,17
Auburn Hills,10,18
Auburn Hills,11,19
Auburn Hills,5,20
Auburn Hills,4,21
Auburn Hills,3,22
Auburn Hills,2,23
Auburndale,2,2
Auburndale,4,4
Auburndale,7,5
Auburndale,14,6
Auburndale,24,7
Auburndale,13,8
Auburndale,15,9
Auburndale,5,10
Auburndale,3,11
Auburndale,5,12
Auburndale,7,13
Auburndale,5,14
Auburndale,3,15
Auburndale,2,16
Auburndale,10,17
Auburndale,1,18
Auburndale,1,19
Auburndale,3,20
Auburndale,7,21
Auburndale,3,23
Auburntown,2,20
Audubon,4,6
Audubon,4,8
Audubon,1,10
Audubon,2,13
Audubon,8,14
Audubon,3,15
Audubon,2,17
Audubon,4,19
Audubon,1,20
Audubon,2,21
Audubon,1,22
Audubon,1,23
Augusta,1,0
Augusta,4,2
Augusta,6,3
Augusta,36,4
Augusta,99,5
Augusta,137,6
Augusta,358,7
Augusta,397,8
Augusta,95,9
Augusta,204,10
Augusta,183,11
Augusta,25,12
Augusta,28,13
Augusta,25,14
Augusta,20,15
Augusta,179,16
Augusta,369,17
Augusta,270,18
Augusta,239,19
Augusta,169,20
Augusta,13,21
Augusta,6,22
Augusta,2,23
Ault,6,0
Ault,8,4
Ault,3,5
Ault,3,8
Ault,2,13
Ault,3,17
Aumsville,1,0
Aumsville,3,1
Aumsville,1,2
Aumsville,1,4
Aumsville,5,5
Aumsville,5,6
Aumsville,1,7
Aumsville,20,8
Aumsville,3,9
Aumsville,4,11
Aumsville,1,12
Aumsville,1,13
Aumsville,3,15
Aumsville,3,17
Aumsville,5,18
Aumsville,2,19
Aumsville,2,21
Aumsville,1,23
Aurora,16,0
Aurora,9,1
Aurora,19,2
Aurora,24,3
Aurora,29,4
Aurora,76,5
Aurora,135,6
Aurora,153,7
Aurora,93,8
Aurora,45,9
Aurora,48,10
Aurora,73,11
Aurora,68,12
Aurora,66,13
Aurora,110,14
Aurora,102,15
Aurora,107,16
Aurora,85,17
Aurora,77,18
Aurora,46,19
Aurora,41,20
Aurora,32,21
Aurora,46,22
Aurora,30,23
Austell,4,0
Austell,1,1
Austell,1,3
Austell,1,4
Austell,8,5
Austell,34,6
Austell,35,7
Austell,17,8
Austell,19,9
Austell,20,10
Austell,18,11
Austell,12,12
Austell,32,13
Austell,25,14
Austell,35,15
Austell,28,16
Austell,21,17
Austell,14,18
Austell,17,19
Austell,10,20
Austell,3,21
Austell,5,22
Austell,3,23
Austerlitz,1,1
Austerlitz,1,6
Austerlitz,1,7
Austerlitz,1,11
Austerlitz,1,12
Austerlitz,1,14
Austerlitz,2,16
Austerlitz,2,18
Austerlitz,3,19
Austerlitz,1,20
Austerlitz,2,22
Austin,307,0
Austin,277,1
Austin,330,2
Austin,227,3
Austin,628,4
Austin,746,5
Austin,1269,6
Austin,1611,7
Austin,1828,8
Austin,762,9
Austin,754,10
Austin,691,11
Austin,935,12
Austin,950,13
Austin,1062,14
Austin,1276,15
Austin,1805,16
Austin,1637,17
Austin,1220,18
Austin,856,19
Austin,586,20
Austin,561,21
Austin,436,22
Austin,417,23
Austinburg,1,5
Austinburg,1,6
Austinburg,2,7
Austinburg,1,8
Austinburg,1,10
Austinburg,1,15
Austinburg,1,17
Austinville,2,0
Austinville,2,4
Austinville,3,5
Austinville,1,6
Austinville,5,7
Austinville,4,8
Austinville,7,9
Austinville,9,10
Austinville,23,11
Austinville,37,12
Austinville,24,13
Austinville,14,14
Austinville,14,15
Austinville,17,16
Austinville,9,17
Austinville,6,18
Austinville,1,19
Austinville,4,20
Austinville,7,21
Austinville,7,22
Autaugaville,1,3
Autaugaville,1,4
Autaugaville,6,6
Autaugaville,1,7
Autaugaville,1,8
Autaugaville,1,9
Autaugaville,1,10
Autaugaville,1,12
Autaugaville,4,14
Autaugaville,1,15
Autaugaville,1,16
Autaugaville,1,17
Autaugaville,1,18
Autaugaville,1,19
Autaugaville,2,21
Autryville,1,7
Autryville,3,10
Autryville,5,14
Autryville,1,15
Autryville,5,16
Autryville,4,20
Auxvasse,3,5
Auxvasse,1,7
Auxvasse,1,8
Auxvasse,1,16
Auxvasse,1,17
Auxvasse,2,18
Ava,1,7
Ava,1,9
Ava,1,14
Ava,1,17
Ava,1,20
Ava,1,21
Avalon,1,19
Avalon-Mulat,2,3
Avalon-Mulat,1,5
Avalon-Mulat,1,6
Avalon-Mulat,1,7
Avalon-Mulat,1,9
Avalon-Mulat,1,10
Avalon-Mulat,1,12
Avalon-Mulat,1,13
Avalon-Mulat,1,14
Avalon-Mulat,1,15
Avalon-Mulat,1,16
Avalon-Mulat,3,17
Avalon-Mulat,2,18
Avalon-Mulat,5,20
Avalon-Mulat,2,22
Ave Maria,1,17
Ave Maria,1,18
Avella,7,4
Avella,1,8
Avella,3,14
Avella,3,15
Avella,2,16
Avella,3,22
Avella,2,23
Avenal,2,0
Avenal,4,1
Avenal,1,2
Avenal,2,3
Avenal,5,4
Avenal,1,5
Avenal,4,6
Avenal,10,7
Avenal,4,8
Avenal,5,9
Avenal,2,10
Avenal,11,11
Avenal,3,12
Avenal,3,13
Avenal,8,14
Avenal,8,15
Avenal,11,16
Avenal,10,17
Avenal,3,18
Avenal,14,19
Avenal,4,20
Avenal,11,21
Avenal,4,22
Avenal,3,23
Avenel,2,0
Avenel,1,1
Avenel,2,2
Avenel,4,4
Avenel,2,5
Avenel,1,6
Avenel,5,7
Avenel,3,8
Avenel,3,10
Avenel,4,12
Avenel,6,13
Avenel,13,15
Avenel,1,16
Avenel,5,17
Avenel,1,19
Avenel,2,20
Avenel,3,21
Avenel,1,22
Avenel,5,23
Aventura,2,2
Aventura,3,3
Aventura,8,4
Aventura,6,5
Aventura,9,6
Aventura,3,7
Aventura,1,8
Aventura,6,9
Aventura,33,10
Aventura,53,11
Aventura,61,12
Aventura,63,13
Aventura,77,14
Aventura,60,15
Aventura,50,16
Aventura,38,17
Aventura,29,18
Aventura,14,19
Aventura,2,20
Aventura,3,21
Aventura,2,22
Aventura,1,23
Averill Park,2,0
Averill Park,1,4
Averill Park,1,5
Averill Park,5,7
Averill Park,9,8
Averill Park,2,9
Averill Park,4,11
Averill Park,8,12
Averill Park,2,15
Averill Park,6,16
Averill Park,7,17
Averill Park,3,18
Averill Park,15,19
Averill Park,3,20
Averill Park,1,21
Averill Park,2,22
Averill Park,1,23
Avery,1,11
Avery,2,13
Avery,1,19
Avery,1,20
Avery,1,21
Avila Beach,1,0
Avila Beach,2,2
Avila Beach,1,3
Avila Beach,2,8
Avila Beach,2,9
Avila Beach,2,10
Avila Beach,2,11
Avila Beach,3,12
Avila Beach,4,13
Avila Beach,5,14
Avila Beach,8,15
Avila Beach,3,16
Avila Beach,8,17
Avila Beach,5,18
Avila Beach,2,19
Avila Beach,2,20
Avila Beach,2,21
Avila Beach,4,22
Avila Beach,2,23
Avilla,1,9
Avis,2,11
Avis,1,12
Avis,2,16
Avis,1,18
Avis,1,19
Avis,1,20
Avis,3,21
Avoca,7,0
Avoca,1,2
Avoca,2,4
Avoca,3,5
Avoca,3,7
Avoca,5,8
Avoca,4,9
Avoca,3,10
Avoca,6,11
Avoca,3,12
Avoca,2,13
Avoca,6,14
Avoca,3,15
Avoca,7,16
Avoca,3,17
Avoca,3,18
Avoca,1,19
Avoca,3,21
Avoca,4,22
Avoca,2,23
Avon,13,0
Avon,7,1
Avon,10,2
Avon,4,3
Avon,7,4
Avon,18,5
Avon,33,6
Avon,40,7
Avon,45,8
Avon,21,9
Avon,19,10
Avon,16,11
Avon,9,12
Avon,17,13
Avon,27,14
Avon,28,15
Avon,21,16
Avon,23,17
Avon,10,18
Avon,11,19
Avon,15,20
Avon,17,21
Avon,12,22
Avon,14,23
Avon By the Sea,2,12
Avon Park,2,0
Avon Park,2,1
Avon Park,4,2
Avon Park,2,3
Avon Park,5,4
Avon Park,4,5
Avon Park,7,6
Avon Park,10,7
Avon Park,12,8
Avon Park,11,9
Avon Park,5,10
Avon Park,13,11
Avon Park,10,12
Avon Park,7,13
Avon Park,8,14
Avon Park,10,15
Avon Park,10,16
Avon Park,11,17
Avon Park,10,18
Avon Park,16,19
Avon Park,8,20
Avon Park,6,21
Avon Park,7,22
Avon Park,7,23
Avondale,11,0
Avondale,6,1
Avondale,6,2
Avondale,9,3
Avondale,22,4
Avondale,54,5
Avondale,54,6
Avondale,82,7
Avondale,67,8
Avondale,23,9
Avondale,15,10
Avondale,22,11
Avondale,24,12
Avondale,24,13
Avondale,57,14
Avondale,46,15
Avondale,75,16
Avondale,57,17
Avondale,51,18
Avondale,39,19
Avondale,17,20
Avondale,23,21
Avondale,14,22
Avondale,9,23
Avondale Estates,1,3
Avondale Estates,3,4
Avondale Estates,3,5
Avondale Estates,6,6
Avondale Estates,1,9
Avondale Estates,1,10
Avondale Estates,3,11
Avondale Estates,2,12
Avondale Estates,5,14
Avondale Estates,1,15
Avondale Estates,2,16
Avondale Estates,1,17
Avondale Estates,1,18
Avondale Estates,2,19
Avondale Estates,1,20
Avondale Estates,2,21
Avondale Estates,2,22
Avonmore,5,0
Avonmore,2,5
Avonmore,1,15
Avonmore,2,17
Avonmore,3,18
Avonmore,2,19
Avonmore,1,20
Awendaw,1,5
Awendaw,2,6
Awendaw,1,7
Awendaw,1,8
Awendaw,1,9
Awendaw,2,11
Awendaw,1,13
Awendaw,1,14
Awendaw,2,20
Axis,1,7
Axis,1,13
Axis,1,17
Axson,2,19
Axtell,1,2
Axton,4,1
Axton,2,8
Axton,1,10
Axton,3,11
Axton,1,13
Axton,2,14
Axton,2,16
Axton,2,19
Axton,1,20
Axton,6,21
Axton,2,22
Axton,4,23
Ayden,1,10
Ayden,5,17
Ayden,3,19
Ayden,7,21
Ayden,3,22
Ayden,3,23
Ayer,2,6
Ayer,1,7
Ayer,1,10
Ayer,1,11
Ayer,1,14
Ayer,4,16
Ayer,2,17
Ayer,1,18
Aylett,5,8
Aylett,5,11
Aylett,2,12
Aylett,7,16
Aylett,2,18
Aylett,3,19
Aylett,1,20
Aylett,1,21
Aylett,2,22
Aynor,4,0
Aynor,6,2
Aynor,2,3
Aynor,8,4
Aynor,6,5
Aynor,14,6
Aynor,17,7
Aynor,8,8
Aynor,7,9
Aynor,3,10
Aynor,6,11
Aynor,7,12
Aynor,8,13
Aynor,8,14
Aynor,6,15
Aynor,1,16
Aynor,14,17
Aynor,9,18
Aynor,15,19
Aynor,4,20
Aynor,13,21
Aynor,7,22
Aynor,3,23
Azalea,6,0
Azalea,3,1
Azalea,1,2
Azalea,3,4
Azalea,5,5
Azalea,4,6
Azalea,3,7
Azalea,6,8
Azalea,3,9
Azalea,1,11
Azalea,3,12
Azalea,5,14
Azalea,7,15
Azalea,2,16
Azalea,1,17
Azalea,1,18
Azalea,2,19
Azalea,2,20
Azalea,2,21
Azalea,10,22
Azalea,14,23
Azle,2,1
Azle,2,2
Azle,1,5
Aztec,1,23
Azusa,38,0
Azusa,32,1
Azusa,25,2
Azusa,28,3
Azusa,26,4
Azusa,62,5
Azusa,65,6
Azusa,61,7
Azusa,78,8
Azusa,95,9
Azusa,99,10
Azusa,94,11
Azusa,86,12
Azusa,87,13
Azusa,100,14
Azusa,63,15
Azusa,63,16
Azusa,85,17
Azusa,68,18
Azusa,35,19
Azusa,62,20
Azusa,48,21
Azusa,30,22
Azusa,36,23
Babb,2,2
Babb,2,11
Babb,1,12
Babb,1,13
Babb,6,14
Babb,1,16
Babb,1,18
Babb,9,19
Babb,2,20
Babb,1,22
Babson Park,1,11
Babson Park,1,16
Babylon,1,0
Babylon,1,2
Babylon,1,4
Babylon,1,5
Babylon,1,6
Babylon,4,7
Babylon,9,8
Babylon,2,9
Babylon,2,10
Babylon,1,11
Babylon,3,13
Babylon,1,14
Babylon,8,15
Babylon,1,17
Babylon,2,18
Babylon,1,19
Babylon,3,20
Babylon,1,21
Babylon,4,23
Backus,1,1
Backus,2,2
Backus,2,5
Backus,8,6
Backus,9,7
Backus,3,8
Backus,4,9
Backus,4,10
Backus,1,11
Backus,8,14
Backus,1,15
Backus,9,17
Backus,1,18
Backus,4,19
Backus,2,20
Backus,3,21
Backus,6,22
Backus,1,23
Baconton,7,7
Baconton,1,8
Baconton,2,10
Baconton,1,12
Baconton,1,13
Baden,3,12
Baden,2,17
Baden,4,21
Badger,2,5
Badger,2,7
Badger,4,9
Badger,1,10
Badger,1,12
Badger,2,13
Badger,2,15
Badger,1,16
Badger,2,17
Badger,1,18
Badger,1,20
Badger,3,23
Bagdad,1,10
Bagdad,1,12
Bagdad,1,14
Bagley,4,0
Bagley,1,1
Bagley,1,2
Bagley,3,3
Bagley,1,4
Bagley,4,5
Bagley,1,6
Bagley,2,8
Bagley,1,9
Bagley,3,11
Bagley,5,12
Bagley,2,14
Bagley,1,15
Bagley,2,16
Bagley,5,17
Bagley,1,18
Bagley,4,19
Bagley,1,20
Bagley,1,21
Bagley,4,22
Bagley,3,23
Bahama,1,17
Bahama,1,23
Bailey,5,0
Bailey,3,1
Bailey,2,2
Bailey,1,4
Bailey,7,7
Bailey,3,8
Bailey,6,9
Bailey,10,10
Bailey,11,11
Bailey,6,12
Bailey,10,13
Bailey,4,14
Bailey,11,15
Bailey,2,16
Bailey,9,17
Bailey,5,18
Bailey,8,19
Bailey,4,20
Bailey,1,21
Bailey,1,22
Bailey,6,23
Baileys Harbor,4,12
Baileys Harbor,1,14
Baileys Harbor,2,17
Baileyton,2,1
Baileyton,1,5
Baileyton,1,7
Baileyton,1,9
Baileyton,1,12
Baileyton,1,15
Baileyton,1,17
Bainbridge,1,1
Bainbridge,1,4
Bainbridge,1,5
Bainbridge,1,6
Bainbridge,5,7
Bainbridge,6,8
Bainbridge,3,10
Bainbridge,4,11
Bainbridge,5,12
Bainbridge,5,13
Bainbridge,4,14
Bainbridge,2,15
Bainbridge,2,16
Bainbridge,2,17
Bainbridge,2,18
Bainbridge,2,19
Bainbridge,3,20
Bainbridge,5,23
Bainbridge Island,1,6
Bainbridge Island,1,9
Bainville,1,0
Bainville,1,2
Bainville,1,13
Bainville,1,21
Baird,2,6
Baird,1,10
Baird,1,11
Baird,1,16
Baird,1,19
Baker,6,0
Baker,5,1
Baker,6,2
Baker,7,3
Baker,8,4
Baker,10,5
Baker,24,6
Baker,38,7
Baker,29,8
Baker,33,9
Baker,16,10
Baker,16,11
Baker,19,12
Baker,11,13
Baker,26,14
Baker,36,15
Baker,29,16
Baker,27,17
Baker,26,18
Baker,16,19
Baker,20,20
Baker,11,21
Baker,10,22
Baker,7,23
Baker City,20,0
Baker City,14,1
Baker City,5,2
Baker City,11,3
Baker City,22,4
Baker City,13,5
Baker City,21,6
Baker City,37,7
Baker City,21,8
Baker City,34,9
Baker City,19,10
Baker City,23,11
Baker City,12,12
Baker City,30,13
Baker City,31,14
Baker City,38,15
Baker City,43,16
Baker City,70,17
Baker City,42,18
Baker City,47,19
Baker City,38,20
Baker City,26,21
Baker City,20,22
Baker City,31,23
Bakers Mills,1,0
Bakers Mills,3,9
Bakers Mills,1,20
Bakersfield,211,0
Bakersfield,177,1
Bakersfield,234,2
Bakersfield,141,3
Bakersfield,260,4
Bakersfield,317,5
Bakersfield,385,6
Bakersfield,494,7
Bakersfield,448,8
Bakersfield,336,9
Bakersfield,285,10
Bakersfield,377,11
Bakersfield,367,12
Bakersfield,428,13
Bakersfield,554,14
Bakersfield,712,15
Bakersfield,663,16
Bakersfield,690,17
Bakersfield,458,18
Bakersfield,331,19
Bakersfield,305,20
Bakersfield,310,21
Bakersfield,290,22
Bakersfield,261,23
Bakersville,1,8
Bakersville,3,9
Bakersville,2,12
Bakersville,1,13
Bakersville,2,14
Bakersville,2,15
Bakersville,1,16
Bal Harbour,2,1
Bal Harbour,1,2
Bal Harbour,1,3
Bal Harbour,2,4
Bal Harbour,1,5
Bal Harbour,1,6
Bal Harbour,1,7
Bal Harbour,2,10
Bal Harbour,3,11
Bal Harbour,6,12
Bal Harbour,3,13
Bal Harbour,7,14
Bal Harbour,5,15
Bal Harbour,5,16
Bal Harbour,2,17
Bal Harbour,8,18
Bal Harbour,5,19
Bala Cynwyd,13,0
Bala Cynwyd,14,1
Bala Cynwyd,6,2
Bala Cynwyd,8,3
Bala Cynwyd,15,4
Bala Cynwyd,13,5
Bala Cynwyd,45,6
Bala Cynwyd,48,7
Bala Cynwyd,72,8
Bala Cynwyd,28,9
Bala Cynwyd,27,10
Bala Cynwyd,42,11
Bala Cynwyd,27,12
Bala Cynwyd,44,13
Bala Cynwyd,32,14
Bala Cynwyd,57,15
Bala Cynwyd,37,16
Bala Cynwyd,40,17
Bala Cynwyd,27,18
Bala Cynwyd,12,19
Bala Cynwyd,22,20
Bala Cynwyd,22,21
Bala Cynwyd,11,22
Bala Cynwyd,6,23
Balaton,1,4
Balaton,1,7
Balaton,4,8
Balaton,1,9
Balaton,1,14
Balaton,4,15
Balaton,3,16
Balaton,1,17
Balaton,3,18
Balaton,1,19
Balaton,1,20
Balaton,2,22
Balaton,3,23
Balch Springs,3,0
Balch Springs,3,1
Balch Springs,2,2
Balch Springs,6,3
Balch Springs,21,4
Balch Springs,17,5
Balch Springs,34,6
Balch Springs,38,7
Balch Springs,24,8
Balch Springs,14,9
Balch Springs,22,10
Balch Springs,16,11
Balch Springs,16,12
Balch Springs,28,13
Balch Springs,27,14
Balch Springs,27,15
Balch Springs,31,16
Balch Springs,38,17
Balch Springs,57,18
Balch Springs,14,19
Balch Springs,12,20
Balch Springs,8,21
Balch Springs,4,22
Balch Springs,2,23
Bald Knob,1,4
Bald Knob,4,5
Bald Knob,2,6
Bald Knob,2,8
Bald Knob,1,10
Bald Knob,4,11
Bald Knob,3,12
Bald Knob,1,13
Bald Knob,1,15
Bald Knob,2,16
Bald Knob,1,22
Bald Knob,3,23
Baldwin,1,1
Baldwin,1,4
Baldwin,4,5
Baldwin,9,6
Baldwin,17,7
Baldwin,11,8
Baldwin,6,9
Baldwin,1,10
Baldwin,1,11
Baldwin,4,12
Baldwin,6,13
Baldwin,5,14
Baldwin,8,15
Baldwin,8,16
Baldwin,3,17
Baldwin,6,18
Baldwin,5,19
Baldwin,9,20
Baldwin,4,21
Baldwin,5,22
Baldwin,1,23
Baldwin City,1,7
Baldwin Park,56,0
Baldwin Park,47,1
Baldwin Park,58,2
Baldwin Park,58,3
Baldwin Park,77,4
Baldwin Park,141,5
Baldwin Park,147,6
Baldwin Park,171,7
Baldwin Park,131,8
Baldwin Park,141,9
Baldwin Park,158,10
Baldwin Park,157,11
Baldwin Park,149,12
Baldwin Park,182,13
Baldwin Park,225,14
Baldwin Park,159,15
Baldwin Park,171,16
Baldwin Park,194,17
Baldwin Park,151,18
Baldwin Park,71,19
Baldwin Park,77,20
Baldwin Park,71,21
Baldwin Park,68,22
Baldwin Park,62,23
Baldwin Place,2,7
Baldwin Place,1,13
Baldwin Place,1,14
Baldwin Place,1,15
Baldwin Place,5,16
Baldwin Place,3,18
Baldwin Place,3,21
Baldwinsville,3,7
Baldwinsville,2,10
Baldwinsville,5,12
Baldwinsville,2,15
Baldwinsville,6,16
Baldwinsville,7,17
Baldwinsville,2,18
Baldwinsville,8,22
Baldwinville,1,22
Ball Ground,2,5
Ball Ground,4,6
Ball Ground,3,7
Ball Ground,2,8
Ball Ground,1,11
Ball Ground,2,13
Ball Ground,1,16
Ball Ground,3,18
Ball Ground,1,19
Ballantine,2,0
Ballantine,2,1
Ballantine,2,4
Ballantine,1,5
Ballantine,3,7
Ballantine,4,8
Ballantine,1,9
Ballantine,3,12
Ballantine,1,13
Ballantine,3,14
Ballantine,5,16
Ballantine,2,18
Ballantine,1,19
Ballantine,3,20
Ballantine,3,21
Ballantine,1,22
Ballard,1,6
Ballico,2,0
Ballico,2,2
Ballico,3,3
Ballico,5,5
Ballico,2,6
Ballico,6,7
Ballico,1,8
Ballico,2,9
Ballico,4,10
Ballico,1,11
Ballico,3,12
Ballico,3,13
Ballico,2,14
Ballico,1,16
Ballico,3,17
Ballico,4,18
Ballico,2,20
Ballico,2,21
Ballico,2,22
Ballico,3,23
Ballston Lake,4,1
Ballston Lake,4,2
Ballston Lake,3,3
Ballston Lake,2,4
Ballston Lake,7,5
Ballston Lake,9,6
Ballston Lake,12,7
Ballston Lake,5,8
Ballston Lake,2,9
Ballston Lake,2,10
Ballston Lake,1,11
Ballston Lake,4,12
Ballston Lake,8,13
Ballston Lake,6,14
Ballston Lake,2,15
Ballston Lake,6,16
Ballston Lake,2,17
Ballston Lake,9,18
Ballston Lake,3,19
Ballston Lake,11,20
Ballston Lake,5,21
Ballston Lake,4,22
Ballston Lake,1,23
Ballston Spa,5,0
Ballston Spa,2,1
Ballston Spa,13,2
Ballston Spa,13,3
Ballston Spa,23,4
Ballston Spa,19,5
Ballston Spa,32,6
Ballston Spa,34,7
Ballston Spa,25,8
Ballston Spa,15,9
Ballston Spa,24,10
Ballston Spa,26,11
Ballston Spa,19,12
Ballston Spa,28,13
Ballston Spa,28,14
Ballston Spa,30,15
Ballston Spa,36,16
Ballston Spa,42,17
Ballston Spa,23,18
Ballston Spa,17,19
Ballston Spa,9,20
Ballston Spa,24,21
Ballston Spa,3,22
Ballston Spa,4,23
Ballwin,2,1
Ballwin,1,6
Ballwin,3,7
Ballwin,6,8
Ballwin,3,9
Ballwin,1,10
Ballwin,2,11
Ballwin,2,12
Ballwin,5,13
Ballwin,2,14
Ballwin,3,15
Ballwin,3,16
Ballwin,2,17
Ballwin,4,19
Ballwin,2,20
Ballwin,1,23
Balmorhea,1,7
Balmorhea,3,10
Balmorhea,1,11
Balmorhea,3,12
Balmorhea,1,13
Balmorhea,1,14
Balmorhea,1,15
Balsam Grove,2,20
Balsam Grove,2,21
Baltimore,48,0
Baltimore,51,1
Baltimore,43,2
Baltimore,45,3
Baltimore,52,4
Baltimore,94,5
Baltimore,159,6
Baltimore,252,7
Baltimore,249,8
Baltimore,112,9
Baltimore,107,10
Baltimore,98,11
Baltimore,69,12
Baltimore,110,13
Baltimore,116,14
Baltimore,146,15
Baltimore,154,16
Baltimore,125,17
Baltimore,92,18
Baltimore,77,19
Baltimore,72,20
Baltimore,76,21
Baltimore,56,22
Baltimore,64,23
Bamberg,1,0
Bamberg,7,1
Bamberg,2,2
Bamberg,2,3
Bamberg,12,4
Bamberg,6,5
Bamberg,6,6
Bamberg,6,7
Bamberg,7,8
Bamberg,1,9
Bamberg,4,10
Bamberg,4,11
Bamberg,5,12
Bamberg,3,13
Bamberg,2,14
Bamberg,8,15
Bamberg,2,16
Bamberg,5,17
Bamberg,3,18
Bamberg,5,19
Bamberg,2,20
Bamberg,2,21
Bamberg,3,22
Bamberg,5,23
Bancroft,3,5
Bancroft,1,8
Bancroft,2,11
Bancroft,1,14
Bancroft,8,17
Bancroft,1,19
Bandon,8,0
Bandon,3,1
Bandon,6,2
Bandon,2,3
Bandon,2,4
Bandon,6,6
Bandon,8,7
Bandon,7,8
Bandon,4,9
Bandon,11,10
Bandon,3,11
Bandon,7,12
Bandon,6,13
Bandon,4,14
Bandon,1,15
Bandon,3,16
Bandon,9,17
Bandon,10,18
Bandon,2,19
Bandon,2,20
Bandon,5,21
Bandon,3,22
Bandon,1,23
Bandy,1,10
Bandy,1,14
Bandy,2,16
Bangor,2,0
Bangor,2,1
Bangor,2,2
Bangor,3,5
Bangor,1,6
Bangor,8,7
Bangor,7,8
Bangor,1,9
Bangor,4,12
Bangor,2,13
Bangor,5,14
Bangor,7,15
Bangor,9,16
Bangor,6,17
Bangor,2,18
Bangor,3,19
Bangor,1,20
Bangor,2,21
Bangor,5,22
Banks,1,0
Banks,7,1
Banks,1,2
Banks,8,3
Banks,3,4
Banks,7,5
Banks,7,6
Banks,9,7
Banks,12,8
Banks,1,9
Banks,5,10
Banks,14,11
Banks,16,12
Banks,5,13
Banks,6,14
Banks,14,15
Banks,12,16
Banks,16,17
Banks,13,18
Banks,6,19
Banks,6,20
Banks,6,21
Banks,3,22
Banks,2,23
Bankston,1,13
Bankston,1,16
Banner,3,0
Banner,2,4
Banner,1,5
Banner,2,8
Banner,2,14
Banner,4,19
Banner Elk,1,11
Banner Elk,2,12
Banner Elk,2,14
Banner Elk,1,15
Banner Elk,1,16
Banner Elk,1,17
Banner Elk,2,18
Banner Elk,3,19
Bannockburn,3,18
Bapchule,3,0
Bapchule,2,1
Bapchule,2,2
Bapchule,6,3
Bapchule,2,5
Bapchule,4,6
Bapchule,3,7
Bapchule,2,8
Bapchule,1,9
Bapchule,1,10
Bapchule,1,11
Bapchule,2,12
Bapchule,8,13
Bapchule,1,14
Bapchule,3,16
Bapchule,6,17
Bapchule,4,18
Bapchule,3,19
Bapchule,2,20
Bapchule,3,21
Bapchule,7,22
Bapchule,6,23
Bar Harbor,1,11
Baraboo,1,0
Baraboo,1,1
Baraboo,3,3
Baraboo,1,4
Baraboo,1,5
Baraboo,2,6
Baraboo,6,9
Baraboo,9,10
Baraboo,4,11
Baraboo,3,12
Baraboo,2,13
Baraboo,4,14
Baraboo,4,15
Baraboo,1,16
Baraboo,1,17
Baraboo,4,18
Baraboo,5,19
Baraboo,1,20
Baraboo,3,23
Barberton,12,7
Barberton,8,8
Barberton,3,9
Barberton,3,10
Barberton,4,11
Barberton,3,12
Barberton,2,13
Barberton,4,14
Barberton,3,15
Barberton,3,16
Barberton,8,17
Barberton,2,20
Barberton,1,21
Barberton,2,22
Barboursville,5,0
Barboursville,1,4
Barboursville,2,5
Barboursville,13,6
Barboursville,10,7
Barboursville,7,8
Barboursville,4,9
Barboursville,3,10
Barboursville,11,11
Barboursville,14,12
Barboursville,10,13
Barboursville,13,14
Barboursville,19,15
Barboursville,15,16
Barboursville,24,17
Barboursville,12,18
Barboursville,3,19
Barboursville,6,20
Barboursville,2,21
Barboursville,3,22
Barboursville,3,23
Barclay,2,4
Barclay,3,13
Barclay,5,21
Barco,1,12
Barco,2,13
Barco,1,23
Bard,1,8
Bard,1,10
Bard,2,23
Bardstown,5,9
Bardwell,3,6
Bargersville,2,10
Barhamsville,4,0
Barhamsville,1,4
Barhamsville,1,6
Barhamsville,2,7
Barhamsville,1,8
Barhamsville,3,9
Barhamsville,7,12
Barhamsville,1,13
Barhamsville,3,14
Barhamsville,2,17
Barhamsville,2,18
Barhamsville,4,19
Baring,1,3
Baring,1,4
Baring,1,11
Baring,1,12
Barker,3,6
Barker,2,7
Barkhamsted,3,18
Barksdale,2,4
Barksdale,1,19
Barksdale AFB,1,6
Barksdale AFB,2,7
Barksdale AFB,2,8
Barksdale AFB,2,11
Barksdale AFB,1,12
Barksdale AFB,1,13
Barksdale AFB,1,14
Barksdale AFB,1,17
Barksdale AFB,1,18
Barksdale AFB,1,19
Barksdale AFB,1,22
Barling,1,6
Barling,1,7
Barling,2,16
Barnardsville,2,15
Barnegat,1,1
Barnegat,1,3
Barnegat,3,5
Barnegat,4,6
Barnegat,1,7
Barnegat,2,8
Barnegat,1,9
Barnegat,5,12
Barnegat,6,13
Barnegat,2,14
Barnegat,4,15
Barnegat,7,16
Barnegat,6,17
Barnegat,10,18
Barnegat,3,20
Barnegat,1,21
Barnegat,4,22
Barnesville,5,0
Barnesville,9,1
Barnesville,4,2
Barnesville,2,3
Barnesville,3,4
Barnesville,7,5
Barnesville,7,6
Barnesville,13,7
Barnesville,6,8
Barnesville,5,9
Barnesville,5,10
Barnesville,8,11
Barnesville,4,12
Barnesville,4,13
Barnesville,4,14
Barnesville,4,15
Barnesville,14,16
Barnesville,17,17
Barnesville,2,18
Barnesville,3,19
Barnesville,5,20
Barnesville,8,21
Barnesville,3,22
Barnesville,2,23
Barnet,1,18
Barnett,1,8
Barnett,2,11
Barneveld,1,1
Barneveld,2,4
Barneveld,1,5
Barneveld,2,6
Barneveld,1,7
Barneveld,1,9
Barneveld,3,10
Barneveld,1,12
Barneveld,1,13
Barneveld,1,14
Barneveld,1,15
Barneveld,3,16
Barneveld,1,17
Barneveld,1,18
Barneveld,2,19
Barneveld,1,21
Barney,10,8
Barney,4,11
Barney,4,14
Barney,3,16
Barney,2,17
Barnhart,1,4
Barnhart,1,5
Barnhart,5,6
Barnhart,2,7
Barnhart,4,8
Barnhart,1,10
Barnhart,1,12
Barnhart,2,13
Barnhart,3,14
Barnhart,4,15
Barnhart,2,16
Barnhart,1,17
Barnhart,2,20
Barnhill,1,7
Barnhill,2,8
Barnhill,2,10
Barnhill,1,11
Barnhill,2,13
Barnhill,1,15
Barnhill,1,19
Barnstead,1,8
Barnum,2,0
Barnum,2,1
Barnum,3,2
Barnum,1,4
Barnum,3,5
Barnum,1,7
Barnum,7,8
Barnum,4,9
Barnum,3,10
Barnum,4,11
Barnum,5,13
Barnum,2,14
Barnum,2,15
Barnum,5,16
Barnum,4,17
Barnum,3,18
Barnum,4,19
Barnum,4,21
Barnum,3,22
Barnum,3,23
Barnwell,6,0
Barnwell,2,1
Barnwell,4,2
Barnwell,4,3
Barnwell,9,4
Barnwell,15,5
Barnwell,12,6
Barnwell,18,7
Barnwell,8,8
Barnwell,8,9
Barnwell,4,10
Barnwell,9,11
Barnwell,6,12
Barnwell,3,13
Barnwell,4,14
Barnwell,13,15
Barnwell,6,16
Barnwell,6,17
Barnwell,9,18
Barnwell,6,19
Barnwell,4,20
Barnwell,9,21
Barnwell,9,22
Barnwell,2,23
Barren Springs,2,12
Barrett,2,4
Barrett,1,15
Barrett,2,18
Barrett,2,21
Barrington,9,0
Barrington,7,1
Barrington,4,2
Barrington,5,3
Barrington,2,4
Barrington,3,5
Barrington,19,6
Barrington,38,7
Barrington,60,8
Barrington,36,9
Barrington,21,10
Barrington,18,11
Barrington,27,12
Barrington,16,13
Barrington,34,14
Barrington,69,15
Barrington,94,16
Barrington,96,17
Barrington,75,18
Barrington,7,19
Barrington,3,20
Barrington,7,21
Barrington,2,22
Barrington,3,23
Barry,1,5
Barry,1,6
Barry,1,10
Barry,1,11
Barry,1,15
Barry,1,21
Barstow,10,0
Barstow,11,1
Barstow,9,2
Barstow,22,3
Barstow,17,4
Barstow,14,5
Barstow,9,6
Barstow,11,7
Barstow,6,8
Barstow,11,9
Barstow,14,10
Barstow,16,11
Barstow,25,12
Barstow,24,13
Barstow,24,14
Barstow,20,15
Barstow,13,16
Barstow,21,17
Barstow,10,18
Barstow,11,19
Barstow,15,20
Barstow,23,21
Barstow,11,22
Barstow,14,23
Bartlett,11,4
Bartlett,12,5
Bartlett,42,6
Bartlett,63,7
Bartlett,54,8
Bartlett,1,9
Bartlett,2,10
Bartlett,3,11
Bartlett,6,12
Bartlett,2,13
Bartlett,5,14
Bartlett,23,15
Bartlett,29,16
Bartlett,10,17
Bartlett,19,18
Bartlett,2,19
Bartlett,1,20
Bartlett,1,21
Barto,2,2
Barto,1,3
Barto,1,4
Barto,4,6
Barto,1,7
Barto,3,8
Barto,1,9
Barto,3,13
Barto,3,15
Barto,1,17
Barto,1,19
Barto,1,20
Barto,1,21
Barto,1,22
Barto,2,23
Barton,3,2
Barton,1,12
Bartonsville,2,4
Bartonsville,3,6
Bartonsville,1,7
Bartonsville,1,12
Bartonsville,2,13
Bartonsville,1,14
Bartonsville,1,16
Bartonsville,1,17
Bartonsville,4,21
Bartonsville,1,22
Bartow,1,2
Bartow,1,3
Bartow,2,4
Bartow,4,5
Bartow,11,6
Bartow,8,7
Bartow,14,8
Bartow,5,9
Bartow,3,10
Bartow,4,11
Bartow,4,12
Bartow,1,13
Bartow,9,14
Bartow,2,15
Bartow,7,16
Bartow,5,17
Bartow,2,18
Bartow,6,19
Bartow,1,22
Basalt,1,11
Bascom,2,4
Bascom,1,7
Bascom,2,9
Bascom,1,11
Bascom,1,12
Bascom,1,13
Bascom,1,14
Bascom,1,18
Bascom,2,20
Bascom,3,21
Basehor,1,0
Basehor,1,3
Basehor,1,5
Basehor,3,7
Basehor,2,8
Basehor,1,10
Basehor,1,11
Basehor,1,16
Basehor,1,22
Basehor,2,23
Basin,3,0
Basin,3,5
Basin,1,6
Basin,1,7
Basin,1,13
Basin,2,15
Basin,1,16
Basin,7,19
Basin,1,23
Baskerville,3,0
Baskerville,1,2
Baskerville,2,7
Baskerville,1,8
Baskerville,3,13
Baskerville,4,14
Baskerville,5,17
Baskerville,2,19
Baskerville,1,20
Basking Ridge,5,0
Basking Ridge,1,1
Basking Ridge,1,4
Basking Ridge,1,5
Basking Ridge,1,6
Basking Ridge,8,7
Basking Ridge,11,8
Basking Ridge,6,9
Basking Ridge,8,10
Basking Ridge,2,11
Basking Ridge,6,12
Basking Ridge,11,13
Basking Ridge,5,14
Basking Ridge,8,15
Basking Ridge,9,16
Basking Ridge,7,17
Basking Ridge,7,18
Basking Ridge,9,19
Basking Ridge,8,20
Basking Ridge,4,21
Basking Ridge,1,22
Basom,1,15
Bass Lake,2,0
Bass Lake,2,1
Bass Lake,3,4
Bass Lake,1,6
Bass Lake,1,7
Bass Lake,1,9
Bass Lake,2,10
Bass Lake,3,11
Bass Lake,4,12
Bass Lake,1,13
Bass Lake,1,15
Bass Lake,9,16
Bass Lake,6,18
Bass Lake,1,19
Bass Lake,2,20
Bass Lake,4,21
Bass Lake,5,22
Bassett,9,2
Bassett,2,4
Bassett,2,6
Bassett,2,8
Bassett,2,9
Bassett,10,10
Bassett,5,11
Bassett,6,12
Bassett,12,13
Bassett,10,14
Bassett,9,15
Bassett,1,16
Bassett,2,17
Bassett,4,18
Bassett,1,19
Bassett,5,20
Bassett,5,21
Bassett,4,22
Bassett,8,23
Bastian,1,0
Bastian,1,1
Bastian,2,4
Bastian,1,5
Bastian,3,7
Bastian,1,8
Bastian,1,9
Bastian,1,10
Bastian,1,11
Bastian,4,12
Bastian,5,13
Bastian,6,14
Bastian,1,15
Bastian,5,16
Bastian,5,17
Bastian,2,18
Bastian,6,19
Bastian,7,20
Bastian,5,21
Bastian,6,22
Bastian,2,23
Bastrop,1,2
Bastrop,1,5
Bastrop,2,6
Bastrop,2,7
Bastrop,1,12
Bastrop,1,16
Basye,3,17
Batavia,7,0
Batavia,2,1
Batavia,7,2
Batavia,2,3
Batavia,3,4
Batavia,5,5
Batavia,10,6
Batavia,32,7
Batavia,12,8
Batavia,10,9
Batavia,15,10
Batavia,29,11
Batavia,8,12
Batavia,23,13
Batavia,36,14
Batavia,34,15
Batavia,31,16
Batavia,25,17
Batavia,30,18
Batavia,17,19
Batavia,5,20
Batavia,7,21
Batavia,3,22
Batavia,10,23
Bates,2,1
Bates,1,4
Bates,2,5
Bates,1,6
Bates,2,7
Bates,1,8
Bates,2,10
Bates,5,11
Bates,3,12
Bates,6,13
Bates,1,14
Bates,2,15
Bates,3,16
Bates,6,21
Bates,2,22
Bates City,2,1
Bates City,1,3
Bates City,3,4
Bates City,3,5
Bates City,2,6
Bates City,3,7
Bates City,7,8
Bates City,2,9
Bates City,5,10
Bates City,4,11
Bates City,3,12
Bates City,14,13
Bates City,1,14
Bates City,2,15
Bates City,1,16
Bates City,1,17
Bates City,1,22
Bates City,1,23
Batesburg,3,0
Batesburg,1,1
Batesburg,6,2
Batesburg,2,3
Batesburg,2,4
Batesburg,11,5
Batesburg,14,6
Batesburg,8,7
Batesburg,9,8
Batesburg,13,9
Batesburg,1,10
Batesburg,3,11
Batesburg,3,12
Batesburg,6,13
Batesburg,6,14
Batesburg,17,16
Batesburg,5,17
Batesburg,14,18
Batesburg,6,19
Batesburg,5,20
Batesburg,2,21
Batesburg,6,22
Batesburg,3,23
Batesburg-Leesville,1,1
Batesburg-Leesville,3,2
Batesburg-Leesville,4,3
Batesburg-Leesville,9,4
Batesburg-Leesville,8,5
Batesburg-Leesville,5,6
Batesburg-Leesville,13,7
Batesburg-Leesville,8,8
Batesburg-Leesville,9,9
Batesburg-Leesville,4,10
Batesburg-Leesville,9,11
Batesburg-Leesville,3,12
Batesburg-Leesville,19,13
Batesburg-Leesville,10,14
Batesburg-Leesville,11,15
Batesburg-Leesville,9,16
Batesburg-Leesville,4,17
Batesburg-Leesville,12,18
Batesburg-Leesville,9,19
Batesburg-Leesville,3,20
Batesburg-Leesville,11,21
Batesburg-Leesville,5,22
Batesburg-Leesville,11,23
Batesville,5,2
Batesville,5,6
Batesville,3,7
Batesville,11,8
Batesville,1,9
Batesville,7,10
Batesville,4,11
Batesville,5,13
Batesville,1,14
Batesville,6,15
Batesville,2,16
Batesville,6,17
Batesville,6,18
Batesville,2,19
Batesville,3,21
Bath,1,1
Bath,4,3
Bath,4,4
Bath,1,6
Bath,1,7
Bath,1,8
Bath,7,11
Bath,5,12
Bath,6,13
Bath,2,14
Bath,7,15
Bath,2,16
Bath,1,17
Bath,5,18
Bath,1,19
Bath,3,20
Bath,1,21
Bath,3,22
Baton Rouge,217,0
Baton Rouge,188,1
Baton Rouge,172,2
Baton Rouge,134,3
Baton Rouge,309,4
Baton Rouge,512,5
Baton Rouge,1058,6
Baton Rouge,1347,7
Baton Rouge,1374,8
Baton Rouge,1214,9
Baton Rouge,1212,10
Baton Rouge,779,11
Baton Rouge,994,12
Baton Rouge,1086,13
Baton Rouge,1507,14
Baton Rouge,2693,15
Baton Rouge,2642,16
Baton Rouge,1964,17
Baton Rouge,1434,18
Baton Rouge,526,19
Baton Rouge,412,20
Baton Rouge,423,21
Baton Rouge,350,22
Baton Rouge,285,23
Battle Creek,5,0
Battle Creek,1,1
Battle Creek,1,2
Battle Creek,3,3
Battle Creek,2,4
Battle Creek,10,5
Battle Creek,7,6
Battle Creek,15,7
Battle Creek,7,8
Battle Creek,12,9
Battle Creek,24,10
Battle Creek,12,11
Battle Creek,12,12
Battle Creek,16,13
Battle Creek,32,14
Battle Creek,17,15
Battle Creek,20,16
Battle Creek,24,17
Battle Creek,15,18
Battle Creek,12,19
Battle Creek,7,20
Battle Creek,4,21
Battle Creek,3,22
Battle Creek,2,23
Battle Ground,1,1
Battle Ground,4,4
Battle Ground,2,5
Battle Ground,1,6
Battle Ground,3,7
Battle Ground,1,8
Battle Ground,3,9
Battle Ground,2,10
Battle Ground,2,11
Battle Ground,1,14
Battle Ground,2,15
Battle Ground,1,17
Battle Ground,2,18
Battle Ground,1,19
Battle Ground,1,20
Battle Ground,2,21
Battle Lake,1,1
Battle Lake,1,5
Battle Lake,4,8
Battle Lake,2,9
Battle Lake,1,10
Battle Lake,2,12
Battle Lake,5,13
Battle Lake,1,14
Battle Lake,2,15
Battle Lake,2,16
Battle Lake,3,18
Battle Lake,2,19
Battle Lake,2,20
Battle Lake,4,21
Battle Lake,8,22
Battle Mountain,1,3
Battle Mountain,3,4
Battle Mountain,7,5
Battle Mountain,4,6
Battle Mountain,3,7
Battle Mountain,4,8
Battle Mountain,1,9
Battle Mountain,2,10
Battle Mountain,5,12
Battle Mountain,2,14
Battle Mountain,1,15
Battle Mountain,2,16
Battle Mountain,1,18
Battle Mountain,3,19
Battle Mountain,8,20
Battle Mountain,3,21
Battle Mountain,2,23
Battleboro,5,0
Battleboro,5,1
Battleboro,2,2
Battleboro,1,3
Battleboro,1,4
Battleboro,1,5
Battleboro,7,6
Battleboro,1,8
Battleboro,4,9
Battleboro,2,11
Battleboro,3,12
Battleboro,3,13
Battleboro,2,14
Battleboro,1,17
Battleboro,1,18
Battleboro,1,19
Battleboro,2,20
Battleboro,1,21
Battleboro,3,23
Battlefield,1,2
Battlefield,1,16
Battlefield,1,18
Battlefield,1,20
Baudette,3,0
Baudette,4,3
Baudette,1,5
Baudette,1,6
Baudette,3,10
Baudette,4,13
Baudette,1,15
Baudette,1,16
Baudette,3,19
Baudette,4,21
Bauxite,2,10
Bauxite,1,11
Baxley,2,10
Baxley,2,14
Baxley,4,19
Baxter,5,0
Baxter,2,4
Baxter,2,5
Baxter,1,6
Baxter,10,7
Baxter,7,8
Baxter,3,9
Baxter,5,10
Baxter,1,12
Baxter,4,13
Baxter,8,14
Baxter,8,15
Baxter,7,16
Baxter,3,17
Baxter,3,18
Baxter,3,19
Baxter,8,20
Baxter,1,21
Baxter,2,22
Bay,2,3
Bay,2,4
Bay,1,5
Bay,3,6
Bay,1,7
Bay,1,8
Bay,1,10
Bay,2,13
Bay,1,14
Bay,1,16
Bay,1,17
Bay City,3,0
Bay City,2,3
Bay City,4,4
Bay City,2,5
Bay City,2,6
Bay City,3,7
Bay City,5,8
Bay City,2,9
Bay City,7,10
Bay City,9,11
Bay City,5,12
Bay City,12,13
Bay City,11,14
Bay City,7,15
Bay City,11,16
Bay City,9,17
Bay City,12,18
Bay City,2,19
Bay City,6,20
Bay City,3,21
Bay City,1,22
Bay City,1,23
Bay Harbor Islands,1,0
Bay Harbor Islands,3,6
Bay Harbor Islands,1,8
Bay Harbor Islands,1,9
Bay Harbor Islands,2,10
Bay Harbor Islands,3,12
Bay Harbor Islands,2,13
Bay Harbor Islands,3,14
Bay Harbor Islands,1,15
Bay Harbor Islands,4,16
Bay Harbor Islands,1,18
Bay Harbor Islands,2,19
Bay Minette,7,1
Bay Minette,3,2
Bay Minette,3,4
Bay Minette,9,5
Bay Minette,7,6
Bay Minette,12,7
Bay Minette,5,8
Bay Minette,4,9
Bay Minette,5,10
Bay Minette,5,11
Bay Minette,11,12
Bay Minette,8,13
Bay Minette,11,14
Bay Minette,6,15
Bay Minette,9,16
Bay Minette,7,17
Bay Minette,4,18
Bay Minette,6,19
Bay Minette,3,20
Bay Minette,3,21
Bay Minette,2,22
Bay Minette,4,23
Bay Pines,1,10
Bay Point,7,0
Bay Point,3,1
Bay Point,8,2
Bay Point,2,3
Bay Point,1,4
Bay Point,6,5
Bay Point,12,6
Bay Point,12,7
Bay Point,17,8
Bay Point,6,9
Bay Point,7,10
Bay Point,4,11
Bay Point,7,12
Bay Point,10,13
Bay Point,17,14
Bay Point,12,15
Bay Point,15,16
Bay Point,8,17
Bay Point,8,18
Bay Point,27,19
Bay Point,9,20
Bay Point,6,21
Bay Point,8,22
Bay Point,5,23
Bay Saint Louis,1,0
Bay Saint Louis,2,6
Bay Saint Louis,3,7
Bay Saint Louis,4,8
Bay Saint Louis,1,9
Bay Saint Louis,2,10
Bay Saint Louis,3,11
Bay Saint Louis,1,12
Bay Saint Louis,1,14
Bay Saint Louis,2,15
Bay Saint Louis,4,16
Bay Saint Louis,1,18
Bay Saint Louis,3,21
Bay Saint Louis,1,23
Bay Shore,8,1
Bay Shore,2,2
Bay Shore,6,3
Bay Shore,11,4
Bay Shore,15,5
Bay Shore,41,6
Bay Shore,40,7
Bay Shore,63,8
Bay Shore,15,9
Bay Shore,6,10
Bay Shore,8,11
Bay Shore,10,12
Bay Shore,18,13
Bay Shore,19,14
Bay Shore,27,15
Bay Shore,36,16
Bay Shore,17,17
Bay Shore,22,18
Bay Shore,10,19
Bay Shore,8,20
Bay Shore,7,21
Bay Shore,6,22
Bay Shore,5,23
Bay Springs,2,17
Bay St Louis,1,0
Bay St Louis,2,5
Bay St Louis,2,6
Bay St Louis,5,7
Bay St Louis,2,8
Bay St Louis,2,9
Bay St Louis,3,10
Bay St Louis,2,12
Bay St Louis,2,13
Bay St Louis,3,14
Bay St Louis,1,15
Bay St Louis,1,18
Bay St Louis,4,20
Bay St Louis,2,22
Bayard,1,0
Bayard,2,7
Bayard,1,23
Bayboro,1,18
Bayboro,1,19
Bayfield,2,4
Bayfield,4,8
Bayfield,6,13
Bayfield,1,15
Bayfield,1,21
Bayonne,4,0
Bayonne,1,1
Bayonne,1,2
Bayonne,1,4
Bayonne,3,5
Bayonne,4,6
Bayonne,5,7
Bayonne,18,8
Bayonne,5,9
Bayonne,16,10
Bayonne,8,11
Bayonne,8,12
Bayonne,8,13
Bayonne,12,14
Bayonne,16,15
Bayonne,20,16
Bayonne,16,17
Bayonne,13,18
Bayonne,6,19
Bayonne,4,20
Bayonne,2,21
Bayonne,3,22
Bayonne,6,23
Bayou La Batre,1,15
Bayport,2,2
Bayport,2,3
Bayport,1,4
Bayport,1,5
Bayport,8,6
Bayport,9,7
Bayport,3,8
Bayport,2,10
Bayport,1,11
Bayport,2,12
Bayport,1,13
Bayport,3,14
Bayport,7,15
Bayport,4,16
Bayport,8,17
Bayport,6,18
Bayport,1,19
Bayport,2,20
Bayport,2,21
Bayport,6,22
Bayport,2,23
Bayside,16,0
Bayside,6,1
Bayside,8,2
Bayside,1,3
Bayside,5,4
Bayside,12,5
Bayside,21,6
Bayside,35,7
Bayside,17,8
Bayside,33,9
Bayside,26,10
Bayside,29,11
Bayside,39,12
Bayside,31,13
Bayside,41,14
Bayside,29,15
Bayside,34,16
Bayside,23,17
Bayside,15,18
Bayside,19,19
Bayside,16,20
Bayside,14,21
Bayside,13,22
Bayside,13,23
Bayside Hills,1,6
Baytown,1,0
Baytown,7,1
Baytown,3,2
Baytown,7,3
Baytown,7,4
Baytown,8,5
Baytown,17,6
Baytown,7,7
Baytown,5,8
Baytown,3,9
Baytown,4,10
Baytown,6,11
Baytown,5,12
Baytown,6,13
Baytown,9,14
Baytown,11,15
Baytown,9,16
Baytown,6,17
Baytown,5,18
Baytown,5,19
Baytown,5,21
Baytown,3,22
Baytown,2,23
Bayville,4,0
Bayville,1,1
Bayville,1,3
Bayville,1,5
Bayville,6,7
Bayville,3,8
Bayville,3,9
Bayville,1,11
Bayville,2,12
Bayville,1,13
Bayville,5,14
Bayville,5,15
Bayville,4,16
Bayville,7,17
Bayville,1,18
Bayville,5,19
Bayville,3,20
Bayville,6,21
Bayville,1,22
Beach City,1,9
Beach City,1,16
Beach City,1,19
Beach City,1,20
Beach City,6,21
Beach Haven,1,14
Beach Lake,1,5
Beach Lake,1,9
Beach Park,3,0
Beach Park,10,6
Beach Park,5,7
Beach Park,2,9
Beach Park,1,10
Beach Park,1,11
Beach Park,1,12
Beach Park,2,13
Beach Park,8,14
Beach Park,10,15
Beach Park,11,16
Beach Park,12,17
Beach Park,7,18
Beach Park,2,20
Beach Park,1,22
Beach Park,1,23
Beachwood,2,0
Beachwood,2,1
Beachwood,3,2
Beachwood,5,4
Beachwood,5,5
Beachwood,4,6
Beachwood,10,7
Beachwood,13,8
Beachwood,3,9
Beachwood,4,10
Beachwood,7,11
Beachwood,9,12
Beachwood,8,13
Beachwood,13,14
Beachwood,10,15
Beachwood,10,16
Beachwood,12,17
Beachwood,11,18
Beachwood,2,19
Beachwood,2,20
Beachwood,4,21
Beachwood,5,22
Beachwood,1,23
Beacon,3,0
Beacon,1,1
Beacon,4,2
Beacon,2,4
Beacon,5,5
Beacon,18,6
Beacon,16,7
Beacon,21,8
Beacon,11,9
Beacon,15,10
Beacon,13,11
Beacon,8,12
Beacon,11,13
Beacon,12,14
Beacon,19,15
Beacon,11,16
Beacon,15,17
Beacon,9,18
Beacon,5,19
Beacon,5,20
Beacon,6,21
Beacon,4,22
Beacon,2,23
Beacon Falls,1,0
Beacon Falls,1,1
Beacon Falls,4,2
Beacon Falls,1,4
Beacon Falls,4,6
Beacon Falls,8,8
Beacon Falls,1,9
Beacon Falls,1,11
Beacon Falls,1,14
Beacon Falls,10,15
Beacon Falls,4,16
Beacon Falls,5,17
Beacon Falls,5,18
Beacon Falls,1,19
Beacon Falls,3,20
Beacon Falls,6,21
Beacon Falls,2,23
Beale AFB,1,1
Beale AFB,1,10
Beale AFB,1,16
Beale AFB,2,18
Bealeton,3,0
Bealeton,4,1
Bealeton,2,3
Bealeton,5,4
Bealeton,5,5
Bealeton,10,6
Bealeton,18,7
Bealeton,3,8
Bealeton,3,9
Bealeton,15,10
Bealeton,11,11
Bealeton,12,12
Bealeton,28,13
Bealeton,19,14
Bealeton,28,15
Bealeton,44,16
Bealeton,39,17
Bealeton,9,18
Bealeton,10,19
Bealeton,8,20
Bealeton,7,21
Bealeton,3,22
Bealeton,2,23
Beallsville,1,4
Beallsville,3,7
Beallsville,4,8
Beallsville,1,9
Bean Station,2,5
Bean Station,1,8
Bear,11,0
Bear,1,1
Bear,4,2
Bear,1,3
Bear,4,4
Bear,6,5
Bear,14,6
Bear,28,7
Bear,23,8
Bear,6,9
Bear,17,10
Bear,19,11
Bear,14,12
Bear,5,13
Bear,4,14
Bear,13,15
Bear,8,16
Bear,11,17
Bear,8,18
Bear,2,19
Bear,8,20
Bear,7,21
Bear,9,22
Bear,5,23
Bear Creek,1,5
Bear Creek,1,10
Bear Creek,1,16
Bear Creek,2,17
Bear Creek,1,19
Bear Creek,1,22
Bear Creek Township,1,0
Bear Creek Township,3,10
Bear Creek Township,2,19
Bear Creek Township,1,20
Bear Creek Township,1,21
Bear Lake,2,17
Bear Mountain,2,6
Bear Mountain,2,7
Bear Mountain,8,8
Bear Mountain,1,14
Bear Mountain,2,15
Bear Mountain,1,16
Bear Mountain,1,17
Bearcreek,1,7
Bearcreek,1,11
Bearcreek,1,22
Bearden,3,8
Bearden,1,10
Bearden,4,11
Bearden,2,12
Bearden,1,14
Bearden,1,16
Bearden,1,17
Bearden,1,20
Beasley,1,5
Beasley,1,6
Beasley,2,8
Beasley,2,15
Beasley,1,16
Beatrice,2,10
Beatrice,2,12
Beatrice,1,15
Beatty,4,1
Beatty,2,3
Beatty,3,6
Beatty,1,7
Beatty,1,8
Beatty,2,14
Beatty,1,15
Beatty,3,16
Beatty,1,17
Beatty,2,18
Beatty,2,23
Beattyville,2,21
Beaufort,15,0
Beaufort,9,1
Beaufort,7,2
Beaufort,4,3
Beaufort,17,4
Beaufort,25,5
Beaufort,34,6
Beaufort,69,7
Beaufort,66,8
Beaufort,15,9
Beaufort,29,10
Beaufort,27,11
Beaufort,26,12
Beaufort,34,13
Beaufort,48,14
Beaufort,67,15
Beaufort,58,16
Beaufort,44,17
Beaufort,36,18
Beaufort,31,19
Beaufort,22,20
Beaufort,18,21
Beaufort,13,22
Beaufort,10,23
Beaumont,1,1
Beaumont,3,2
Beaumont,2,3
Beaumont,3,4
Beaumont,4,5
Beaumont,6,6
Beaumont,3,7
Beaumont,2,8
Beaumont,3,9
Beaumont,2,10
Beaumont,3,11
Beaumont,5,12
Beaumont,3,13
Beaumont,5,14
Beaumont,5,15
Beaumont,10,16
Beaumont,1,20
Beaumont,2,22
Beaumont,1,23
Beaver,14,0
Beaver,12,1
Beaver,1,2
Beaver,1,3
Beaver,7,4
Beaver,7,5
Beaver,13,6
Beaver,7,7
Beaver,16,8
Beaver,12,9
Beaver,8,10
Beaver,15,11
Beaver,15,12
Beaver,18,13
Beaver,13,14
Beaver,10,15
Beaver,15,16
Beaver,16,17
Beaver,28,18
Beaver,7,19
Beaver,5,20
Beaver,10,21
Beaver,16,22
Beaver,7,23
Beaver Creek,1,4
Beaver Creek,1,8
Beaver Creek,2,15
Beaver Creek,1,17
Beaver Creek,1,18
Beaver Creek,1,23
Beaver Crossing,7,6
Beaver Crossing,1,9
Beaver Crossing,1,12
Beaver Crossing,1,16
Beaver Crossing,1,17
Beaver Crossing,2,19
Beaver Crossing,5,21
Beaver Dam,1,7
Beaver Dam,2,19
Beaver Falls,7,4
Beaver Falls,2,5
Beaver Falls,2,6
Beaver Falls,5,7
Beaver Falls,4,8
Beaver Falls,3,9
Beaver Falls,5,10
Beaver Falls,2,11
Beaver Falls,11,12
Beaver Falls,7,14
Beaver Falls,6,15
Beaver Falls,11,16
Beaver Falls,5,17
Beaver Falls,2,18
Beaver Falls,1,19
Beaver Falls,1,20
Beaver Falls,1,21
Beaver Falls,4,23
Beaver Springs,3,0
Beaver Springs,3,3
Beaver Springs,1,5
Beaver Springs,8,6
Beaver Springs,1,7
Beaver Springs,5,8
Beaver Springs,3,9
Beaver Springs,4,10
Beaver Springs,1,11
Beaver Springs,1,12
Beaver Springs,1,14
Beaver Springs,17,15
Beaver Springs,1,16
Beaver Springs,4,18
Beaver Springs,4,19
Beaver Springs,1,20
Beaver Springs,1,21
Beaver Springs,8,23
Beavercreek,1,6
Beavercreek,1,8
Beavercreek,1,12
Beavercreek,1,14
Beavercreek,2,15
Beavercreek,3,17
Beavercreek,1,20
Beavercreek Township,1,20
Beaverdale,1,0
Beaverdale,2,23
Beaverdam,1,5
Beaverdam,3,16
Beaverdam,2,21
Beaverdam,2,23
Beaverton,14,0
Beaverton,6,1
Beaverton,7,2
Beaverton,6,3
Beaverton,13,4
Beaverton,14,5
Beaverton,35,6
Beaverton,50,7
Beaverton,31,8
Beaverton,24,9
Beaverton,30,10
Beaverton,31,11
Beaverton,20,12
Beaverton,31,13
Beaverton,22,14
Beaverton,33,15
Beaverton,16,16
Beaverton,26,17
Beaverton,14,18
Beaverton,10,19
Beaverton,15,20
Beaverton,13,21
Beaverton,5,22
Beaverton,6,23
Beavertown,1,4
Beavertown,1,6
Beavertown,3,7
Beavertown,2,8
Beavertown,5,9
Beavertown,1,10
Beavertown,2,11
Beavertown,1,12
Beavertown,1,14
Beavertown,1,16
Beavertown,5,18
Beavertown,3,22
Beavertown,5,23
Beccaria,1,0
Beccaria,1,23
Bechtelsville,1,8
Bechtelsville,1,9
Bechtelsville,1,10
Bechtelsville,1,14
Bechtelsville,1,16
Bechtelsville,8,17
Bechtelsville,2,21
Becker,1,1
Becker,2,2
Becker,1,3
Becker,3,5
Becker,7,6
Becker,8,7
Becker,7,8
Becker,3,9
Becker,7,10
Becker,2,11
Becker,1,13
Becker,4,14
Becker,8,15
Becker,2,17
Becker,1,18
Becker,3,20
Becker,3,21
Becker,2,22
Becket,1,5
Becket,1,7
Becket,3,13
Becket,1,16
Becket,1,17
Beckley,9,0
Beckley,2,1
Beckley,4,2
Beckley,3,3
Beckley,5,4
Beckley,6,5
Beckley,6,6
Beckley,2,7
Beckley,4,8
Beckley,4,9
Beckley,3,10
Beckley,6,11
Beckley,2,12
Beckley,9,13
Beckley,12,14
Beckley,15,15
Beckley,7,16
Beckley,18,17
Beckley,14,18
Beckley,12,19
Beckley,11,20
Beckley,17,21
Beckley,5,22
Beckley,10,23
Beckwourth,1,0
Beckwourth,1,1
Beckwourth,1,2
Beckwourth,1,7
Beckwourth,2,9
Beckwourth,4,10
Beckwourth,1,11
Beckwourth,2,12
Beckwourth,2,13
Beckwourth,2,14
Beckwourth,1,15
Beckwourth,2,17
Beckwourth,1,18
Beckwourth,1,19
Beckwourth,1,21
Beckwourth,1,22
Bedford,17,0
Bedford,15,1
Bedford,12,2
Bedford,16,3
Bedford,32,4
Bedford,30,5
Bedford,40,6
Bedford,81,7
Bedford,60,8
Bedford,44,9
Bedford,45,10
Bedford,51,11
Bedford,49,12
Bedford,42,13
Bedford,71,14
Bedford,59,15
Bedford,52,16
Bedford,59,17
Bedford,53,18
Bedford,31,19
Bedford,27,20
Bedford,31,21
Bedford,25,22
Bedford,21,23
Bedford Hills,1,0
Bedford Hills,1,3
Bedford Hills,1,5
Bedford Hills,1,6
Bedford Hills,2,7
Bedford Hills,5,8
Bedford Hills,3,9
Bedford Hills,1,10
Bedford Hills,2,12
Bedford Hills,1,13
Bedford Hills,5,14
Bedford Hills,6,15
Bedford Hills,10,16
Bedford Hills,8,17
Bedford Hills,1,18
Bedford Hills,2,19
Bedford Hills,1,21
Bedford Hills,1,23
Bedminster,9,0
Bedminster,7,1
Bedminster,4,2
Bedminster,9,3
Bedminster,1,4
Bedminster,4,5
Bedminster,24,6
Bedminster,13,7
Bedminster,6,8
Bedminster,5,9
Bedminster,17,10
Bedminster,16,11
Bedminster,3,12
Bedminster,12,13
Bedminster,19,14
Bedminster,17,15
Bedminster,27,16
Bedminster,21,17
Bedminster,16,18
Bedminster,8,19
Bedminster,1,20
Bedminster,5,21
Bedminster,19,22
Bedminster,6,23
Bee Branch,1,12
Bee Cave,1,10
Bee Cave,1,11
Bee Cave,1,14
Bee Cave,1,21
Beebe,5,6
Beebe,3,7
Beebe,2,8
Beebe,1,9
Beebe,1,10
Beebe,3,12
Beebe,1,13
Beebe,7,14
Beebe,3,15
Beebe,3,16
Beebe,3,17
Beebe,1,18
Beebe,1,20
Beech Creek,6,0
Beech Creek,4,1
Beech Creek,1,4
Beech Creek,4,7
Beech Creek,11,8
Beech Creek,3,9
Beech Creek,4,10
Beech Creek,8,11
Beech Creek,7,12
Beech Creek,1,13
Beech Creek,1,14
Beech Creek,1,15
Beech Creek,9,16
Beech Creek,6,17
Beech Creek,4,20
Beech Creek,1,22
Beech Grove,3,0
Beech Grove,1,1
Beech Grove,2,2
Beech Grove,8,5
Beech Grove,7,6
Beech Grove,11,7
Beech Grove,6,8
Beech Grove,4,10
Beech Grove,2,11
Beech Grove,6,13
Beech Grove,3,14
Beech Grove,12,15
Beech Grove,6,16
Beech Grove,8,17
Beech Grove,11,18
Beech Grove,6,19
Beech Grove,2,20
Beech Grove,3,22
Beech Grove,3,23
Beech Island,5,0
Beech Island,7,1
Beech Island,5,2
Beech Island,4,3
Beech Island,6,4
Beech Island,15,5
Beech Island,22,6
Beech Island,10,7
Beech Island,10,8
Beech Island,18,9
Beech Island,7,10
Beech Island,13,11
Beech Island,15,12
Beech Island,9,13
Beech Island,12,14
Beech Island,16,15
Beech Island,22,16
Beech Island,16,17
Beech Island,18,18
Beech Island,14,19
Beech Island,9,20
Beech Island,11,21
Beech Island,6,22
Beech Island,5,23
Beecher,1,4
Beecher,1,7
Beecher,4,8
Beecher,3,11
Beechgrove,1,3
Beechgrove,1,10
Beechgrove,1,13
Beechgrove,1,14
Beechgrove,2,15
Beechgrove,3,16
Beechgrove,2,17
Beechgrove,1,18
Beechgrove,1,20
Beersheba Springs,1,7
Beersheba Springs,1,11
Beersheba Springs,2,18
Beeville,1,8
Beeville,1,9
Beggs,1,7
Bejou,1,10
Bel Air,4,0
Bel Air,4,1
Bel Air,2,2
Bel Air,3,3
Bel Air,7,4
Bel Air,11,5
Bel Air,33,6
Bel Air,19,7
Bel Air,24,8
Bel Air,4,9
Bel Air,13,10
Bel Air,8,11
Bel Air,21,12
Bel Air,24,13
Bel Air,16,14
Bel Air,22,15
Bel Air,9,16
Bel Air,11,17
Bel Air,11,18
Bel Air,3,19
Bel Air,7,20
Bel Air,8,21
Bel Air,9,22
Bel Air,5,23
Bel Alton,1,6
Bel Alton,2,19
Bel Alton,1,20
Belcamp,1,3
Belcamp,1,5
Belcamp,3,6
Belcamp,1,8
Belcamp,6,20
Belcamp,2,23
Belcher,1,5
Belcher,1,7
Belcher,1,8
Belcher,1,13
Belcher,1,19
Belcher,1,20
Belcher,1,22
Belchertown,2,10
Belcourt,1,19
Belden,2,7
Belden,2,8
Belden,2,9
Belden,1,10
Belden,2,13
Belden,2,14
Belden,6,15
Belden,3,16
Belden,2,17
Belden,3,18
Belden,2,19
Belden,2,20
Belden,2,21
Belding,2,5
Belding,3,6
Belding,1,7
Belding,1,8
Belding,1,16
Belding,1,19
Belen,1,5
Belen,1,20
Belen,1,21
Belews Creek,8,7
Belews Creek,5,16
Belews Creek,1,19
Belews Creek,1,22
Belfair,3,6
Belfair,1,7
Belfair,3,8
Belfair,5,9
Belfair,4,10
Belfair,2,11
Belfair,1,12
Belfair,7,14
Belfair,5,15
Belfair,1,16
Belfair,3,17
Belfair,6,18
Belfair,6,19
Belfair,5,20
Belfair,5,21
Belfair,4,22
Belfair,3,23
Belfast,1,16
Belfield,1,0
Belfield,2,5
Belfield,1,6
Belfield,1,7
Belfield,1,9
Belfield,2,10
Belfield,1,13
Belfield,1,15
Belfield,1,16
Belfield,2,17
Belfield,2,18
Belfield,1,19
Belfield,1,21
Belfield,1,23
Belford,1,8
Belfry,1,3
Belfry,1,8
Belfry,1,10
Belfry,1,11
Belfry,2,20
Belgium,1,6
Belgium,1,9
Belgium,1,10
Belgium,1,18
Belgium,1,21
Belgrade,4,0
Belgrade,4,1
Belgrade,2,2
Belgrade,8,3
Belgrade,4,4
Belgrade,4,5
Belgrade,5,6
Belgrade,19,7
Belgrade,21,8
Belgrade,31,9
Belgrade,31,10
Belgrade,19,11
Belgrade,16,12
Belgrade,22,13
Belgrade,13,14
Belgrade,20,15
Belgrade,22,16
Belgrade,30,17
Belgrade,13,18
Belgrade,19,19
Belgrade,19,20
Belgrade,21,21
Belgrade,15,22
Belgrade,8,23
Belhaven,4,16
Belhaven,6,21
Belington,5,16
Belington,2,17
Belington,1,18
Belington,1,19
Bell,2,1
Bell,3,2
Bell,3,3
Bell,3,4
Bell,1,5
Bell,6,6
Bell,2,7
Bell,3,8
Bell,4,9
Bell,1,10
Bell,5,11
Bell,1,12
Bell,1,13
Bell,4,15
Bell,2,16
Bell,4,17
Bell,6,18
Bell,5,19
Bell,6,20
Bell,1,21
Bell,4,22
Bell,1,23
Bell Buckle,1,8
Bell Buckle,1,11
Bell Canyon,2,13
Bell Canyon,2,14
Bell Canyon,1,16
Bell Canyon,1,21
Bell Canyon,2,22
Bell Gardens,17,0
Bell Gardens,12,1
Bell Gardens,23,2
Bell Gardens,27,3
Bell Gardens,41,4
Bell Gardens,53,5
Bell Gardens,61,6
Bell Gardens,83,7
Bell Gardens,49,8
Bell Gardens,32,9
Bell Gardens,42,10
Bell Gardens,42,11
Bell Gardens,94,12
Bell Gardens,85,13
Bell Gardens,149,14
Bell Gardens,102,15
Bell Gardens,61,16
Bell Gardens,88,17
Bell Gardens,109,18
Bell Gardens,63,19
Bell Gardens,34,20
Bell Gardens,25,21
Bell Gardens,20,22
Bell Gardens,11,23
Bella Vista,5,0
Bella Vista,8,1
Bella Vista,7,2
Bella Vista,3,3
Bella Vista,7,4
Bella Vista,5,5
Bella Vista,5,6
Bella Vista,5,7
Bella Vista,11,8
Bella Vista,10,9
Bella Vista,15,10
Bella Vista,6,11
Bella Vista,7,12
Bella Vista,10,13
Bella Vista,7,14
Bella Vista,4,15
Bella Vista,7,16
Bella Vista,6,17
Bella Vista,8,18
Bella Vista,12,19
Bella Vista,8,20
Bella Vista,6,21
Bella Vista,3,22
Bella Vista,8,23
Bellaire,2,1
Bellaire,2,2
Bellaire,3,3
Bellaire,2,4
Bellaire,9,5
Bellaire,13,6
Bellaire,8,7
Bellaire,29,8
Bellaire,5,9
Bellaire,13,10
Bellaire,13,11
Bellaire,9,12
Bellaire,5,13
Bellaire,14,14
Bellaire,9,15
Bellaire,15,16
Bellaire,15,17
Bellaire,15,18
Bellaire,17,19
Bellaire,13,20
Bellaire,1,21
Bellaire,5,23
Bellbrook,1,8
Bellbrook,2,17
Bellbrook,2,18
Bellbrook,1,23
Belle,2,2
Belle,1,4
Belle,2,5
Belle,1,8
Belle,2,10
Belle,2,11
Belle,5,14
Belle,5,15
Belle,3,16
Belle,5,17
Belle,7,18
Belle,2,19
Belle,6,20
Belle,1,21
Belle,3,22
Belle,3,23
Belle Center,1,5
Belle Center,1,14
Belle Center,2,15
Belle Center,1,16
Belle Center,4,18
Belle Center,1,19
Belle Fourche,4,8
Belle Fourche,1,11
Belle Glade,4,4
Belle Glade,6,5
Belle Glade,6,6
Belle Glade,3,7
Belle Glade,2,8
Belle Glade,1,9
Belle Glade,1,14
Belle Haven,1,10
Belle Haven,2,12
Belle Haven,1,13
Belle Isle,1,14
Belle Isle,2,17
Belle Plaine,1,2
Belle Plaine,4,3
Belle Plaine,3,4
Belle Plaine,4,5
Belle Plaine,13,6
Belle Plaine,5,7
Belle Plaine,12,8
Belle Plaine,4,9
Belle Plaine,2,10
Belle Plaine,5,11
Belle Plaine,1,12
Belle Plaine,3,13
Belle Plaine,1,14
Belle Plaine,8,15
Belle Plaine,4,16
Belle Plaine,1,17
Belle Plaine,5,18
Belle Plaine,5,19
Belle Plaine,2,20
Belle Plaine,5,21
Belle Plaine,1,22
Belle Plaine,5,23
Belle Valley,1,4
Belle Vernon,4,0
Belle Vernon,1,1
Belle Vernon,1,2
Belle Vernon,3,3
Belle Vernon,2,4
Belle Vernon,6,5
Belle Vernon,4,6
Belle Vernon,11,7
Belle Vernon,13,8
Belle Vernon,2,9
Belle Vernon,5,10
Belle Vernon,16,11
Belle Vernon,3,12
Belle Vernon,1,13
Belle Vernon,7,14
Belle Vernon,2,15
Belle Vernon,10,16
Belle Vernon,4,17
Belle Vernon,15,18
Belle Vernon,2,19
Belle Vernon,8,20
Belle Vernon,8,21
Belle Vernon,5,22
Belle Vernon,3,23
Belleair,1,6
Belleair,1,7
Belleair,1,8
Belleair,1,11
Belleair,2,21
Belleair Beach,1,4
Belleair Beach,2,6
Belleair Beach,1,10
Belleair Beach,1,11
Belleair Beach,2,12
Belleair Beach,1,13
Belleair Beach,2,14
Belleair Beach,2,15
Belleair Beach,2,20
Belleair Beach,3,21
Belleair Bluffs,1,6
Belleair Bluffs,1,7
Belleair Bluffs,1,8
Belleair Bluffs,1,9
Belleair Bluffs,1,12
Belleair Bluffs,1,13
Bellefontaine,1,7
Bellefontaine,1,8
Bellefontaine,1,10
Bellefontaine,2,14
Bellefontaine,2,15
Bellefontaine,3,16
Bellefontaine,1,17
Bellefontaine,1,18
Bellefontaine,1,19
Bellefontaine,1,20
Bellefonte,11,0
Bellefonte,18,1
Bellefonte,19,2
Bellefonte,9,3
Bellefonte,29,4
Bellefonte,9,5
Bellefonte,16,6
Bellefonte,41,7
Bellefonte,37,8
Bellefonte,15,9
Bellefonte,26,10
Bellefonte,29,11
Bellefonte,26,12
Bellefonte,9,13
Bellefonte,46,14
Bellefonte,42,15
Bellefonte,41,16
Bellefonte,37,17
Bellefonte,37,18
Bellefonte,22,19
Bellefonte,32,20
Bellefonte,29,21
Bellefonte,24,22
Bellefonte,35,23
Bellemont,4,3
Bellemont,3,4
Bellemont,6,6
Bellemont,2,7
Bellemont,2,9
Bellemont,2,10
Bellemont,3,11
Bellemont,5,12
Bellemont,1,14
Bellemont,1,18
Bellemont,3,19
Bellemont,8,21
Bellerose,4,0
Bellerose,3,1
Bellerose,6,2
Bellerose,2,3
Bellerose,1,4
Bellerose,4,5
Bellerose,13,6
Bellerose,20,7
Bellerose,15,8
Bellerose,11,9
Bellerose,20,10
Bellerose,23,11
Bellerose,12,12
Bellerose,29,13
Bellerose,21,14
Bellerose,29,15
Bellerose,22,16
Bellerose,27,17
Bellerose,16,18
Bellerose,12,19
Bellerose,14,20
Bellerose,5,21
Bellerose,12,22
Bellerose,10,23
Belleview,1,1
Belleview,1,2
Belleview,3,4
Belleview,4,5
Belleview,14,6
Belleview,20,7
Belleview,13,8
Belleview,14,9
Belleview,12,10
Belleview,7,11
Belleview,10,12
Belleview,13,13
Belleview,4,14
Belleview,27,15
Belleview,14,16
Belleview,21,17
Belleview,13,18
Belleview,6,19
Belleview,8,20
Belleview,6,21
Belleview,8,22
Belleview,6,23
Belleville,14,0
Belleville,20,1
Belleville,5,2
Belleville,9,3
Belleville,16,4
Belleville,15,5
Belleville,19,6
Belleville,28,7
Belleville,19,8
Belleville,19,9
Belleville,18,10
Belleville,17,11
Belleville,9,12
Belleville,23,13
Belleville,12,14
Belleville,42,15
Belleville,35,16
Belleville,27,17
Belleville,15,18
Belleville,31,19
Belleville,16,20
Belleville,13,21
Belleville,6,22
Belleville,11,23
Bellevue,16,0
Bellevue,7,1
Bellevue,16,2
Bellevue,6,3
Bellevue,8,4
Bellevue,21,5
Bellevue,44,6
Bellevue,59,7
Bellevue,65,8
Bellevue,47,9
Bellevue,61,10
Bellevue,45,11
Bellevue,56,12
Bellevue,104,13
Bellevue,86,14
Bellevue,118,15
Bellevue,87,16
Bellevue,107,17
Bellevue,69,18
Bellevue,37,19
Bellevue,19,20
Bellevue,7,21
Bellevue,26,22
Bellevue,18,23
Bellflower,19,0
Bellflower,12,1
Bellflower,11,2
Bellflower,11,3
Bellflower,17,4
Bellflower,55,5
Bellflower,71,6
Bellflower,65,7
Bellflower,29,8
Bellflower,36,9
Bellflower,46,10
Bellflower,34,11
Bellflower,28,12
Bellflower,79,13
Bellflower,72,14
Bellflower,80,15
Bellflower,58,16
Bellflower,35,17
Bellflower,49,18
Bellflower,17,19
Bellflower,8,20
Bellflower,17,21
Bellflower,18,22
Bellflower,24,23
Bellingham,3,0
Bellingham,10,1
Bellingham,2,2
Bellingham,3,3
Bellingham,4,4
Bellingham,3,5
Bellingham,25,6
Bellingham,10,7
Bellingham,12,8
Bellingham,20,9
Bellingham,16,10
Bellingham,12,11
Bellingham,27,12
Bellingham,17,13
Bellingham,20,14
Bellingham,17,15
Bellingham,35,16
Bellingham,33,17
Bellingham,11,18
Bellingham,6,19
Bellingham,11,20
Bellingham,10,21
Bellingham,4,22
Bellingham,10,23
Bellmawr,6,0
Bellmawr,1,1
Bellmawr,7,2
Bellmawr,9,3
Bellmawr,8,4
Bellmawr,27,5
Bellmawr,43,6
Bellmawr,87,7
Bellmawr,47,8
Bellmawr,26,9
Bellmawr,37,10
Bellmawr,48,11
Bellmawr,42,12
Bellmawr,35,13
Bellmawr,64,14
Bellmawr,103,15
Bellmawr,53,16
Bellmawr,81,17
Bellmawr,62,18
Bellmawr,41,19
Bellmawr,7,20
Bellmawr,7,21
Bellmawr,8,22
Bellmawr,8,23
Bellmore,3,0
Bellmore,1,1
Bellmore,1,2
Bellmore,3,3
Bellmore,3,4
Bellmore,6,5
Bellmore,21,6
Bellmore,43,7
Bellmore,31,8
Bellmore,25,9
Bellmore,12,10
Bellmore,11,11
Bellmore,11,12
Bellmore,15,13
Bellmore,24,14
Bellmore,34,15
Bellmore,19,16
Bellmore,22,17
Bellmore,9,18
Bellmore,5,19
Bellmore,3,20
Bellmore,1,21
Bellmore,10,22
Bellmore,7,23
Bellows Falls,1,4
Bellows Falls,3,8
Bellport,6,4
Bellport,3,5
Bellport,4,6
Bellport,10,7
Bellport,5,8
Bellport,2,9
Bellport,1,11
Bellport,2,12
Bellport,1,13
Bellport,1,14
Bellport,6,15
Bellport,5,16
Bellport,4,17
Bellport,2,18
Bellport,1,21
Bellport,1,23
Bells,4,7
Bells,2,8
Bells,2,15
Bells,1,16
Bells,2,17
Bellville,1,4
Bellville,3,5
Bellville,1,7
Bellville,1,8
Bellville,1,15
Bellville,2,16
Bellvue,1,6
Bellvue,5,11
Bellvue,3,13
Bellvue,2,18
Bellvue,5,19
Bellvue,2,21
Bellwood,4,0
Bellwood,2,1
Bellwood,1,3
Bellwood,6,4
Bellwood,2,5
Bellwood,5,6
Bellwood,18,7
Bellwood,16,8
Bellwood,3,9
Bellwood,5,10
Bellwood,4,11
Bellwood,3,12
Bellwood,1,13
Bellwood,4,14
Bellwood,10,15
Bellwood,18,16
Bellwood,12,17
Bellwood,17,18
Bellwood,8,19
Bellwood,2,20
Bellwood,1,21
Bellwood,3,22
Bellwood,3,23
Belmar,1,1
Belmar,7,2
Belmar,1,3
Belmar,6,4
Belmar,6,5
Belmar,4,6
Belmar,6,7
Belmar,2,8
Belmar,7,9
Belmar,1,10
Belmar,3,11
Belmar,7,12
Belmar,13,13
Belmar,11,14
Belmar,20,15
Belmar,20,16
Belmar,34,17
Belmar,12,18
Belmar,5,19
Belmar,1,20
Belmar,5,21
Belmar,2,22
Belmar,4,23
Belmond,3,15
Belmond,2,16
Belmont,14,0
Belmont,7,1
Belmont,7,2
Belmont,7,3
Belmont,13,4
Belmont,10,5
Belmont,38,6
Belmont,64,7
Belmont,31,8
Belmont,33,9
Belmont,34,10
Belmont,37,11
Belmont,27,12
Belmont,24,13
Belmont,39,14
Belmont,47,15
Belmont,54,16
Belmont,44,17
Belmont,39,18
Belmont,15,19
Belmont,15,20
Belmont,4,21
Belmont,5,22
Belmont,8,23
Belmont Hills,1,20
Beloit,2,1
Beloit,1,4
Beloit,4,6
Beloit,3,7
Beloit,2,8
Beloit,3,9
Beloit,5,10
Beloit,6,11
Beloit,5,12
Beloit,2,13
Beloit,5,14
Beloit,2,15
Beloit,3,16
Beloit,1,17
Beloit,2,18
Beloit,1,19
Beloit,3,21
Beloit,1,22
Belpre,2,5
Belpre,1,6
Belpre,1,15
Belpre,1,17
Belpre,1,22
Belsano,1,10
Belsano,1,12
Belsano,3,18
Belspring,2,22
Belt,1,1
Belt,2,3
Belt,2,6
Belt,2,7
Belt,3,8
Belt,2,9
Belt,2,10
Belt,4,11
Belt,1,12
Belt,1,13
Belt,1,14
Belt,1,15
Belt,3,16
Belt,1,17
Belt,4,18
Belt,2,19
Belt,1,20
Belt,1,22
Belton,6,0
Belton,18,1
Belton,8,2
Belton,12,3
Belton,16,4
Belton,20,5
Belton,55,6
Belton,59,7
Belton,48,8
Belton,28,9
Belton,20,10
Belton,24,11
Belton,29,12
Belton,21,13
Belton,38,14
Belton,46,15
Belton,64,16
Belton,51,17
Belton,52,18
Belton,35,19
Belton,19,20
Belton,11,21
Belton,15,22
Belton,19,23
Beltsville,21,0
Beltsville,13,1
Beltsville,14,2
Beltsville,10,3
Beltsville,15,4
Beltsville,13,5
Beltsville,41,6
Beltsville,23,7
Beltsville,31,8
Beltsville,16,9
Beltsville,16,10
Beltsville,13,11
Beltsville,19,12
Beltsville,33,13
Beltsville,31,14
Beltsville,47,15
Beltsville,36,16
Beltsville,26,17
Beltsville,17,18
Beltsville,12,19
Beltsville,18,20
Beltsville,5,21
Beltsville,34,22
Beltsville,19,23
Belvedere Tiburon,2,0
Belvedere Tiburon,2,4
Belvedere Tiburon,1,5
Belvedere Tiburon,1,7
Belvedere Tiburon,2,8
Belvedere Tiburon,4,10
Belvedere Tiburon,4,12
Belvedere Tiburon,5,13
Belvedere Tiburon,5,14
Belvedere Tiburon,2,16
Belvedere Tiburon,4,17
Belvedere Tiburon,2,18
Belvedere Tiburon,3,20
Belvedere Tiburon,6,22
Belvedere Tiburon,1,23
Belvedere-Tiburon,1,10
Belvedere-Tiburon,2,11
Belvedere-Tiburon,2,15
Belvedere-Tiburon,1,19
Belvedere-Tiburon,1,23
Belvidere,2,1
Belvidere,1,2
Belvidere,2,3
Belvidere,2,4
Belvidere,5,5
Belvidere,5,6
Belvidere,3,7
Belvidere,3,8
Belvidere,3,9
Belvidere,1,11
Belvidere,4,12
Belvidere,2,13
Belvidere,5,14
Belvidere,3,15
Belvidere,4,16
Belvidere,3,17
Belvidere,6,19
Belvidere,6,20
Belvidere,5,21
Belvidere,3,22
Belvidere,2,23
Belview,1,2
Belview,1,3
Belview,1,4
Belview,4,7
Belview,2,8
Belview,1,14
Belview,3,22
Belzoni,3,10
Bemidji,3,0
Bemidji,7,1
Bemidji,3,2
Bemidji,3,3
Bemidji,2,4
Bemidji,5,5
Bemidji,16,6
Bemidji,19,7
Bemidji,21,8
Bemidji,17,9
Bemidji,5,10
Bemidji,4,11
Bemidji,18,12
Bemidji,19,13
Bemidji,8,14
Bemidji,6,15
Bemidji,12,16
Bemidji,10,17
Bemidji,16,18
Bemidji,11,19
Bemidji,13,20
Bemidji,10,21
Bemidji,4,22
Bemidji,9,23
Bemus Point,1,15
Ben Lomond,2,0
Ben Lomond,3,1
Ben Lomond,2,2
Ben Lomond,8,3
Ben Lomond,4,4
Ben Lomond,2,5
Ben Lomond,3,6
Ben Lomond,9,7
Ben Lomond,6,8
Ben Lomond,5,9
Ben Lomond,6,10
Ben Lomond,9,11
Ben Lomond,10,12
Ben Lomond,12,13
Ben Lomond,4,14
Ben Lomond,13,15
Ben Lomond,11,16
Ben Lomond,13,17
Ben Lomond,20,18
Ben Lomond,11,19
Ben Lomond,7,20
Ben Lomond,3,21
Ben Lomond,6,22
Ben Lomond,5,23
Bena,2,0
Bena,2,6
Bena,2,9
Bena,1,10
Bena,1,11
Bena,3,14
Bena,1,15
Bena,2,18
Bena,1,20
Bena,1,22
Benbrook,1,0
Bend,43,0
Bend,49,1
Bend,30,2
Bend,25,3
Bend,27,4
Bend,38,5
Bend,32,6
Bend,37,7
Bend,65,8
Bend,39,9
Bend,36,10
Bend,55,11
Bend,61,12
Bend,74,13
Bend,82,14
Bend,92,15
Bend,106,16
Bend,98,17
Bend,62,18
Bend,38,19
Bend,48,20
Bend,50,21
Bend,53,22
Bend,51,23
Bendersville,1,4
Benedict,1,0
Benedict,4,8
Benezett,1,7
Benezett,1,8
Benezett,2,9
Benezett,1,10
Benicia,8,0
Benicia,8,1
Benicia,21,2
Benicia,9,3
Benicia,9,4
Benicia,17,5
Benicia,31,6
Benicia,27,7
Benicia,8,8
Benicia,20,9
Benicia,14,10
Benicia,28,11
Benicia,21,12
Benicia,20,13
Benicia,18,14
Benicia,27,15
Benicia,18,16
Benicia,30,17
Benicia,21,18
Benicia,21,19
Benicia,14,20
Benicia,6,21
Benicia,9,22
Benicia,14,23
Bennet,1,0
Bennet,2,3
Bennet,1,7
Bennet,1,21
Bennett,5,5
Bennett,10,6
Bennett,3,8
Bennett,15,9
Bennett,1,10
Bennett,3,11
Bennett,4,12
Bennett,2,13
Bennett,6,15
Bennett,5,16
Bennett,2,17
Bennett,4,18
Bennett,1,19
Bennett,13,21
Bennett,3,22
Bennett,1,23
Bennettsville,15,0
Bennettsville,12,1
Bennettsville,8,2
Bennettsville,5,3
Bennettsville,20,4
Bennettsville,28,5
Bennettsville,29,6
Bennettsville,34,7
Bennettsville,21,8
Bennettsville,15,9
Bennettsville,17,10
Bennettsville,12,11
Bennettsville,15,12
Bennettsville,14,13
Bennettsville,13,14
Bennettsville,17,15
Bennettsville,12,16
Bennettsville,24,17
Bennettsville,20,18
Bennettsville,13,19
Bennettsville,17,20
Bennettsville,23,21
Bennettsville,10,22
Bennettsville,10,23
Bennington,4,7
Bennington,2,9
Bennington,1,16
Bennington,1,17
Bensalem,12,0
Bensalem,13,1
Bensalem,2,2
Bensalem,2,3
Bensalem,8,4
Bensalem,20,5
Bensalem,29,6
Bensalem,31,7
Bensalem,31,8
Bensalem,19,9
Bensalem,14,10
Bensalem,26,11
Bensalem,20,12
Bensalem,22,13
Bensalem,34,14
Bensalem,31,15
Bensalem,41,16
Bensalem,40,17
Bensalem,29,18
Bensalem,22,19
Bensalem,15,20
Bensalem,13,21
Bensalem,11,22
Bensalem,13,23
Bensenville,2,2
Bensenville,1,3
Bensenville,19,4
Bensenville,21,5
Bensenville,35,6
Bensenville,57,7
Bensenville,56,8
Bensenville,1,9
Bensenville,2,10
Bensenville,3,11
Bensenville,1,12
Bensenville,2,13
Bensenville,3,14
Bensenville,40,15
Bensenville,46,16
Bensenville,11,17
Bensenville,20,18
Bensenville,1,19
Bensenville,1,20
Bensenville,2,21
Benson,6,0
Benson,12,1
Benson,6,2
Benson,6,3
Benson,6,4
Benson,8,5
Benson,12,6
Benson,13,7
Benson,13,8
Benson,3,9
Benson,13,10
Benson,20,11
Benson,18,12
Benson,15,13
Benson,14,14
Benson,15,15
Benson,24,16
Benson,21,17
Benson,20,18
Benson,13,19
Benson,4,20
Benson,7,21
Benson,1,22
Benson,1,23
Bent Mountain,1,16
Bentleyville,2,0
Bentleyville,5,1
Bentleyville,1,4
Bentleyville,2,5
Bentleyville,5,6
Bentleyville,4,7
Bentleyville,2,8
Bentleyville,3,11
Bentleyville,3,12
Bentleyville,1,13
Bentleyville,2,15
Bentleyville,5,16
Bentleyville,3,17
Bentleyville,3,18
Bentleyville,1,19
Bentleyville,5,22
Bentleyville,3,23
Benton,15,0
Benton,7,1
Benton,7,2
Benton,6,3
Benton,5,4
Benton,24,5
Benton,33,6
Benton,32,7
Benton,18,8
Benton,26,9
Benton,21,10
Benton,39,11
Benton,27,12
Benton,26,13
Benton,27,14
Benton,48,15
Benton,37,16
Benton,34,17
Benton,28,18
Benton,21,19
Benton,17,20
Benton,26,21
Benton,13,22
Benton,10,23
Benton City,1,7
Benton City,1,15
Benton City,2,20
Benton Harbor,7,0
Benton Harbor,7,1
Benton Harbor,5,2
Benton Harbor,7,3
Benton Harbor,6,4
Benton Harbor,8,5
Benton Harbor,9,6
Benton Harbor,2,7
Benton Harbor,11,8
Benton Harbor,17,9
Benton Harbor,23,10
Benton Harbor,16,11
Benton Harbor,16,12
Benton Harbor,28,13
Benton Harbor,10,14
Benton Harbor,18,15
Benton Harbor,21,16
Benton Harbor,9,17
Benton Harbor,7,18
Benton Harbor,15,19
Benton Harbor,1,20
Benton Harbor,5,21
Benton Harbor,3,22
Benton Harbor,12,23
Bentonia,1,11
Bentonville,3,1
Bentonville,5,2
Bentonville,3,3
Bentonville,2,5
Bentonville,10,6
Bentonville,27,7
Bentonville,4,8
Bentonville,4,9
Bentonville,7,10
Bentonville,5,11
Bentonville,8,12
Bentonville,5,13
Bentonville,12,14
Bentonville,22,15
Bentonville,10,16
Bentonville,6,17
Bentonville,11,18
Bentonville,2,19
Bentonville,4,20
Bentonville,8,21
Bentonville,4,22
Bentonville,4,23
Benwood,2,7
Benwood,1,14
Benwood,3,15
Benwood,1,16
Benwood,1,21
Berea,2,5
Berea,1,6
Berea,3,7
Berea,3,8
Berea,1,11
Berea,2,16
Beresford,1,8
Beresford,1,10
Bergen,2,0
Bergen,2,1
Bergen,4,4
Bergen,3,5
Bergen,8,6
Bergen,1,8
Bergen,1,9
Bergen,5,10
Bergen,5,11
Bergen,2,12
Bergen,5,13
Bergen,4,14
Bergen,1,15
Bergen,2,17
Bergen,3,18
Bergen,5,19
Bergen,8,20
Bergen,2,21
Bergen,1,22
Bergen,1,23
Bergenfield,4,8
Bergholz,4,13
Bergholz,1,16
Bergton,2,14
Bergton,1,19
Bergton,4,22
Bergton,2,23
Berkeley,34,0
Berkeley,24,1
Berkeley,35,2
Berkeley,33,3
Berkeley,22,4
Berkeley,85,5
Berkeley,116,6
Berkeley,96,7
Berkeley,84,8
Berkeley,101,9
Berkeley,181,10
Berkeley,144,11
Berkeley,104,12
Berkeley,133,13
Berkeley,145,14
Berkeley,147,15
Berkeley,137,16
Berkeley,114,17
Berkeley,93,18
Berkeley,58,19
Berkeley,42,20
Berkeley,33,21
Berkeley,36,22
Berkeley,20,23
Berkeley Heights,4,1
Berkeley Heights,2,4
Berkeley Heights,1,5
Berkeley Heights,3,6
Berkeley Heights,2,7
Berkeley Heights,2,8
Berkeley Heights,1,9
Berkeley Heights,8,12
Berkeley Heights,5,13
Berkeley Heights,9,14
Berkeley Heights,4,15
Berkeley Heights,7,16
Berkeley Heights,1,17
Berkeley Heights,4,18
Berkeley Heights,2,19
Berkeley Heights,2,21
Berkeley Heights,1,22
Berkeley Springs,1,7
Berkeley Springs,3,11
Berkeley Springs,8,12
Berkeley Springs,5,13
Berkeley Springs,3,14
Berkeley Springs,3,15
Berkeley Springs,2,17
Berkeley Springs,3,18
Berkley,2,5
Berkley,1,6
Berkley,1,7
Berkley,1,9
Berkley,1,10
Berkley,1,11
Berkley,1,12
Berkley,1,19
Berlin,12,0
Berlin,8,1
Berlin,18,2
Berlin,6,3
Berlin,11,4
Berlin,7,5
Berlin,8,6
Berlin,34,7
Berlin,13,8
Berlin,29,9
Berlin,22,10
Berlin,34,11
Berlin,37,12
Berlin,66,13
Berlin,21,14
Berlin,44,15
Berlin,61,16
Berlin,30,17
Berlin,32,18
Berlin,20,19
Berlin,29,20
Berlin,25,21
Berlin,25,22
Berlin,5,23
Berlin Center,1,9
Berlin Heights,2,4
Berlin Heights,3,6
Berlin Heights,2,7
Berlin Heights,1,13
Berlin Heights,1,14
Berlin Heights,1,15
Berlin Heights,2,16
Berlin Heights,1,18
Bern,2,19
Bernalillo,1,2
Bernalillo,1,4
Bernalillo,2,18
Bernalillo,1,19
Bernalillo,1,22
Bernalillo,1,23
Bernard,2,16
Bernard,1,19
Bernardston,1,4
Bernardston,1,9
Bernardsville,1,12
Berne,3,14
Berne,4,17
Bernhards Bay,2,20
Bernville,2,1
Bernville,1,2
Bernville,2,4
Bernville,1,5
Bernville,19,6
Bernville,6,7
Bernville,4,8
Bernville,5,9
Bernville,12,10
Bernville,6,11
Bernville,4,12
Bernville,4,13
Bernville,3,14
Bernville,8,15
Bernville,1,16
Bernville,5,17
Bernville,1,18
Bernville,5,19
Bernville,2,20
Bernville,8,21
Bernville,1,22
Berrien Springs,5,4
Berrien Springs,1,7
Berrien Springs,3,9
Berrien Springs,3,13
Berrien Springs,1,14
Berrien Springs,1,15
Berrien Springs,4,16
Berrien Springs,2,17
Berrien Springs,3,18
Berrien Springs,5,21
Berrien Springs,1,22
Berrien Springs,1,23
Berry,1,1
Berry,1,4
Berry,2,5
Berry,2,6
Berry,3,8
Berry,2,9
Berry,1,10
Berry,1,11
Berry,1,12
Berry,2,14
Berry,1,15
Berry,4,16
Berry,3,17
Berry,1,18
Berry,1,19
Berry,2,22
Berry Creek,5,0
Berry Creek,5,3
Berry Creek,1,4
Berry Creek,1,6
Berry Creek,5,7
Berry Creek,9,8
Berry Creek,1,9
Berry Creek,4,10
Berry Creek,4,11
Berry Creek,5,12
Berry Creek,4,14
Berry Creek,2,15
Berry Creek,5,16
Berry Creek,4,17
Berry Creek,4,19
Berry Creek,4,20
Berry Creek,1,21
Berry Creek,1,22
Berry Creek,3,23
Berryville,4,0
Berryville,6,1
Berryville,5,2
Berryville,4,3
Berryville,7,5
Berryville,7,6
Berryville,15,7
Berryville,11,8
Berryville,3,9
Berryville,9,10
Berryville,2,11
Berryville,9,12
Berryville,14,13
Berryville,10,14
Berryville,11,15
Berryville,26,16
Berryville,22,17
Berryville,15,18
Berryville,12,19
Berryville,7,20
Berryville,4,21
Berryville,18,22
Berryville,8,23
Bertha,1,10
Bertha,1,17
Berthold,1,7
Berthold,3,9
Berthold,1,15
Berthold,1,16
Berthold,1,17
Berthold,1,22
Berthoud,3,5
Berthoud,3,6
Berthoud,3,7
Berthoud,2,8
Berthoud,7,9
Berthoud,6,10
Berthoud,7,11
Berthoud,7,12
Berthoud,6,13
Berthoud,2,14
Berthoud,6,15
Berthoud,5,16
Berthoud,9,17
Berthoud,5,18
Berthoud,1,20
Berthoud,3,22
Bertrand,4,9
Bertrand,1,18
Berwick,2,0
Berwick,2,1
Berwick,1,2
Berwick,3,3
Berwick,5,4
Berwick,1,5
Berwick,2,6
Berwick,14,7
Berwick,6,8
Berwick,14,9
Berwick,4,10
Berwick,6,11
Berwick,6,12
Berwick,14,14
Berwick,20,15
Berwick,6,16
Berwick,5,17
Berwick,11,18
Berwick,8,19
Berwick,11,20
Berwick,2,21
Berwick,4,22
Berwick,4,23
Berwyn,5,0
Berwyn,4,1
Berwyn,4,2
Berwyn,10,3
Berwyn,12,4
Berwyn,22,5
Berwyn,41,6
Berwyn,61,7
Berwyn,69,8
Berwyn,11,9
Berwyn,11,10
Berwyn,9,11
Berwyn,15,12
Berwyn,7,13
Berwyn,28,14
Berwyn,28,15
Berwyn,24,16
Berwyn,26,17
Berwyn,23,18
Berwyn,5,19
Berwyn,6,20
Berwyn,11,21
Berwyn,14,22
Berwyn,15,23
Berwyn Heights,1,15
Berwyn Heights,1,16
Beryl,1,1
Beryl,2,7
Beryl,1,8
Beryl,2,10
Beryl,1,11
Beryl,1,15
Beryl,1,16
Beryl,3,19
Bessemer,3,0
Bessemer,8,1
Bessemer,2,2
Bessemer,3,3
Bessemer,10,4
Bessemer,6,5
Bessemer,18,6
Bessemer,26,7
Bessemer,31,8
Bessemer,12,9
Bessemer,21,10
Bessemer,5,11
Bessemer,11,12
Bessemer,18,13
Bessemer,25,14
Bessemer,31,15
Bessemer,30,16
Bessemer,47,17
Bessemer,36,18
Bessemer,22,19
Bessemer,6,20
Bessemer,11,21
Bessemer,5,22
Bessemer,5,23
Bessemer City,7,6
Bessemer City,1,7
Bessemer City,1,10
Bessemer City,5,11
Bessemer City,7,12
Bessemer City,3,13
Bessemer City,7,14
Bessemer City,3,16
Bessemer City,4,17
Bessemer City,1,18
Bessemer City,2,21
Bessemer City,8,22
Bessemer City,1,23
Bethany,4,4
Bethany,3,6
Bethany,5,7
Bethany,4,8
Bethany,4,9
Bethany,1,10
Bethany,1,11
Bethany,1,12
Bethany,1,13
Bethany,1,15
Bethany,3,16
Bethany,2,17
Bethany,4,18
Bethany,3,21
Bethany,2,23
Bethany Beach,2,10
Bethel,6,0
Bethel,1,1
Bethel,11,2
Bethel,1,3
Bethel,4,4
Bethel,2,5
Bethel,3,6
Bethel,14,7
Bethel,7,8
Bethel,23,9
Bethel,16,10
Bethel,4,11
Bethel,3,12
Bethel,3,13
Bethel,7,14
Bethel,19,15
Bethel,5,16
Bethel,14,17
Bethel,11,18
Bethel,3,19
Bethel,12,20
Bethel,5,21
Bethel,5,22
Bethel,2,23
Bethel Heights,1,6
Bethel Island,3,4
Bethel Island,1,7
Bethel Island,6,8
Bethel Island,4,11
Bethel Island,3,12
Bethel Island,3,13
Bethel Island,2,15
Bethel Island,3,16
Bethel Island,3,17
Bethel Island,3,20
Bethel Island,1,22
Bethel Island,1,23
Bethel Park,1,6
Bethel Park,3,9
Bethel Park,1,13
Bethel Park,1,14
Bethesda,33,0
Bethesda,20,1
Bethesda,27,2
Bethesda,18,3
Bethesda,35,4
Bethesda,51,5
Bethesda,55,6
Bethesda,117,7
Bethesda,130,8
Bethesda,80,9
Bethesda,87,10
Bethesda,85,11
Bethesda,115,12
Bethesda,140,13
Bethesda,152,14
Bethesda,152,15
Bethesda,130,16
Bethesda,128,17
Bethesda,102,18
Bethesda,61,19
Bethesda,42,20
Bethesda,54,21
Bethesda,52,22
Bethesda,49,23
Bethlehem,15,0
Bethlehem,5,1
Bethlehem,9,2
Bethlehem,8,3
Bethlehem,15,4
Bethlehem,13,5
Bethlehem,30,6
Bethlehem,44,7
Bethlehem,41,8
Bethlehem,11,9
Bethlehem,18,10
Bethlehem,35,11
Bethlehem,29,12
Bethlehem,53,13
Bethlehem,88,14
Bethlehem,94,15
Bethlehem,134,16
Bethlehem,91,17
Bethlehem,43,18
Bethlehem,27,19
Bethlehem,14,20
Bethlehem,6,21
Bethlehem,17,22
Bethlehem,13,23
Bethpage,1,0
Bethpage,1,1
Bethpage,4,4
Bethpage,2,5
Bethpage,3,6
Bethpage,7,7
Bethpage,8,8
Bethpage,4,9
Bethpage,4,11
Bethpage,3,12
Bethpage,3,14
Bethpage,11,16
Bethpage,7,17
Bethpage,2,18
Bethpage,2,19
Bethpage,4,23
Bethune,2,0
Bethune,1,1
Bethune,1,2
Bethune,4,3
Bethune,4,4
Bethune,5,5
Bethune,10,6
Bethune,4,7
Bethune,5,8
Bethune,4,9
Bethune,2,10
Bethune,3,11
Bethune,2,12
Bethune,2,13
Bethune,1,15
Bethune,1,16
Bethune,4,17
Bethune,5,18
Bethune,3,19
Bethune,7,20
Bethune,1,21
Bethune,2,22
Bethune,1,23
Bettendorf,1,0
Bettendorf,2,1
Bettendorf,1,3
Bettendorf,1,4
Bettendorf,4,5
Bettendorf,10,6
Bettendorf,6,7
Bettendorf,5,8
Bettendorf,4,9
Bettendorf,2,10
Bettendorf,7,11
Bettendorf,3,12
Bettendorf,4,13
Bettendorf,5,14
Bettendorf,14,15
Bettendorf,11,16
Bettendorf,11,17
Bettendorf,6,18
Bettendorf,8,19
Bettendorf,9,20
Bettendorf,1,21
Bettendorf,2,22
Bettendorf,4,23
Beulah,2,5
Beulah,2,15
Beulah,6,18
Beulaville,10,17
Beulaville,3,18
Beulaville,3,20
Beulaville,4,21
Beverly,1,4
Beverly,1,6
Beverly,8,7
Beverly,7,8
Beverly,3,9
Beverly,4,10
Beverly,2,14
Beverly,2,15
Beverly,2,16
Beverly,3,17
Beverly,5,18
Beverly,2,21
Beverly Hills,2,0
Beverly Hills,1,2
Beverly Hills,1,4
Beverly Hills,2,6
Beverly Hills,12,7
Beverly Hills,13,8
Beverly Hills,3,9
Beverly Hills,4,10
Beverly Hills,3,11
Beverly Hills,4,12
Beverly Hills,6,13
Beverly Hills,5,14
Beverly Hills,5,15
Beverly Hills,1,16
Beverly Hills,2,17
Beverly Hills,4,18
Beverly Hills,2,19
Beverly Hills,3,20
Beverly Hills,4,21
Beverly Hills,2,23
Bicknell,1,12
Biddeford,1,4
Biddeford,1,8
Biddeford,3,10
Biddeford,1,11
Biddeford,1,16
Biddeford,1,17
Biddeford,1,18
Biddeford,2,19
Biddeford,1,21
Bidwell,1,7
Bidwell,1,8
Bidwell,1,10
Bieber,1,3
Bieber,1,8
Big Arm,1,0
Big Arm,1,6
Big Arm,1,10
Big Arm,1,12
Big Arm,1,15
Big Arm,1,17
Big Arm,2,18
Big Arm,4,19
Big Arm,1,21
Big Arm,2,22
Big Bar,2,0
Big Bar,6,4
Big Bar,1,5
Big Bar,4,8
Big Bar,3,10
Big Bar,3,13
Big Bar,1,15
Big Bar,1,16
Big Bar,2,18
Big Bar,1,19
Big Bar,2,22
Big Bear City,1,1
Big Bear City,1,2
Big Bear City,1,3
Big Bear City,1,5
Big Bear City,2,7
Big Bear City,4,8
Big Bear City,5,10
Big Bear City,5,12
Big Bear City,2,13
Big Bear City,3,14
Big Bear City,1,15
Big Bear City,6,16
Big Bear City,1,17
Big Bear City,1,18
Big Bear City,4,19
Big Bear City,2,20
Big Bear City,1,21
Big Bend,1,4
Big Bend,3,5
Big Bend,1,6
Big Bend,1,7
Big Bend,5,8
Big Bend,2,9
Big Bend,1,11
Big Bend,1,13
Big Bend,2,17
Big Bend,1,19
Big Bend,2,21
Big Cove Tannery,2,12
Big Cove Tannery,1,13
Big Cove Tannery,1,14
Big Cove Tannery,1,17
Big Cove Tannery,1,19
Big Cove Tannery,1,21
Big Cove Tannery,1,22
Big Falls,1,0
Big Falls,2,5
Big Falls,2,6
Big Falls,2,9
Big Falls,1,10
Big Falls,1,13
Big Falls,1,14
Big Falls,2,15
Big Falls,1,19
Big Falls,1,21
Big Falls,2,22
Big Falls,2,23
Big Island,4,2
Big Island,2,5
Big Island,3,11
Big Island,3,15
Big Island,1,16
Big Island,5,18
Big Island,1,19
Big Lake,4,0
Big Lake,1,1
Big Lake,7,3
Big Lake,2,4
Big Lake,4,5
Big Lake,3,6
Big Lake,5,7
Big Lake,14,8
Big Lake,2,9
Big Lake,6,10
Big Lake,4,11
Big Lake,5,12
Big Lake,6,13
Big Lake,4,14
Big Lake,7,15
Big Lake,4,16
Big Lake,5,17
Big Lake,6,18
Big Lake,4,19
Big Lake,4,20
Big Lake,4,21
Big Lake,4,22
Big Lake,2,23
Big Oak Flat,1,0
Big Oak Flat,1,12
Big Oak Flat,2,16
Big Pine,2,0
Big Pine,2,1
Big Pine,2,3
Big Pine,2,4
Big Pine,3,6
Big Pine,2,7
Big Pine,1,8
Big Pine,6,9
Big Pine,6,10
Big Pine,4,12
Big Pine,4,13
Big Pine,4,14
Big Pine,5,15
Big Pine,1,16
Big Pine,4,17
Big Pine,5,18
Big Pine,8,19
Big Pine,1,20
Big Pine,2,21
Big Pine,8,22
Big Pine,2,23
Big Pine Key,1,3
Big Pine Key,6,6
Big Pine Key,2,7
Big Pine Key,4,8
Big Pine Key,3,10
Big Pine Key,3,11
Big Pine Key,5,12
Big Pine Key,2,13
Big Pine Key,1,14
Big Pine Key,5,15
Big Pine Key,5,16
Big Pine Key,2,17
Big Pine Key,2,21
Big Pine Key,3,22
Big Pool,2,0
Big Pool,1,1
Big Pool,2,2
Big Pool,4,5
Big Pool,4,6
Big Pool,6,7
Big Pool,3,9
Big Pool,8,10
Big Pool,1,11
Big Pool,2,12
Big Pool,3,13
Big Pool,7,14
Big Pool,2,15
Big Pool,4,16
Big Pool,3,17
Big Pool,4,18
Big Pool,5,19
Big Pool,2,21
Big Rapids,1,16
Big Rapids,1,17
Big Rock,4,10
Big Rock,1,13
Big Rock,2,18
Big Run,1,6
Big Run,2,9
Big Run,3,11
Big Run,4,12
Big Run,1,13
Big Run,5,14
Big Run,1,17
Big Run,2,18
Big Run,1,19
Big Run,4,22
Big Run,1,23
Big Sandy,1,8
Big Sandy,4,11
Big Sandy,2,13
Big Sandy,1,14
Big Sandy,1,17
Big Sandy,1,18
Big Sandy,5,21
Big Sandy,1,22
Big Sky,7,0
Big Sky,1,1
Big Sky,2,2
Big Sky,3,4
Big Sky,3,6
Big Sky,3,7
Big Sky,9,8
Big Sky,8,9
Big Sky,11,10
Big Sky,9,11
Big Sky,8,12
Big Sky,5,13
Big Sky,4,14
Big Sky,17,15
Big Sky,13,16
Big Sky,13,17
Big Sky,9,18
Big Sky,1,19
Big Sky,6,20
Big Sky,4,21
Big Sky,5,22
Big Sky,3,23
Big Spring,4,6
Big Spring,2,9
Big Spring,2,10
Big Spring,1,13
Big Spring,2,16
Big Spring,1,17
Big Spring,1,18
Big Spring,1,20
Big Spring,1,21
Big Spring,3,23
Big Springs,1,2
Big Springs,2,4
Big Springs,2,7
Big Springs,6,8
Big Springs,3,10
Big Springs,2,14
Big Springs,3,16
Big Springs,1,23
Big Stone Gap,1,5
Big Stone Gap,1,10
Big Stone Gap,2,13
Big Stone Gap,2,14
Big Stone Gap,1,17
Big Stone Gap,4,18
Big Stone Gap,5,19
Big Stone Gap,4,20
Big Stone Gap,2,21
Big Sur,2,0
Big Sur,3,1
Big Sur,4,2
Big Sur,1,4
Big Sur,3,6
Big Sur,10,7
Big Sur,7,8
Big Sur,4,9
Big Sur,10,10
Big Sur,15,11
Big Sur,14,12
Big Sur,11,13
Big Sur,23,14
Big Sur,20,15
Big Sur,19,16
Big Sur,13,17
Big Sur,17,18
Big Sur,13,19
Big Sur,9,20
Big Sur,13,21
Big Sur,5,22
Big Sur,2,23
Big Timber,3,0
Big Timber,2,1
Big Timber,3,3
Big Timber,3,4
Big Timber,4,5
Big Timber,16,6
Big Timber,14,7
Big Timber,11,8
Big Timber,2,9
Big Timber,16,10
Big Timber,12,11
Big Timber,4,12
Big Timber,8,13
Big Timber,4,14
Big Timber,7,15
Big Timber,8,16
Big Timber,4,17
Big Timber,4,18
Big Timber,7,19
Big Timber,2,20
Big Timber,9,21
Big Timber,7,22
Big Timber,3,23
Bigelow,1,3
Bigelow,1,5
Bigelow,2,6
Bigelow,1,7
Bigelow,3,8
Bigelow,4,9
Bigelow,2,11
Bigelow,5,13
Bigelow,1,14
Bigelow,1,17
Bigelow,3,20
Bigelow,1,23
Bigfork,3,0
Bigfork,3,1
Bigfork,5,2
Bigfork,1,3
Bigfork,2,4
Bigfork,5,5
Bigfork,3,6
Bigfork,14,7
Bigfork,17,8
Bigfork,6,9
Bigfork,9,10
Bigfork,19,11
Bigfork,15,12
Bigfork,13,13
Bigfork,16,14
Bigfork,14,15
Bigfork,17,16
Bigfork,16,17
Bigfork,7,18
Bigfork,6,19
Bigfork,10,20
Bigfork,12,21
Bigfork,11,22
Bigfork,5,23
Biggers,4,13
Biggers,2,14
Biggs,1,2
Biggs,4,3
Biggs,2,4
Biggs,3,5
Biggs,6,6
Biggs,3,7
Biggs,8,8
Biggs,1,9
Biggs,4,10
Biggs,2,11
Biggs,3,13
Biggs,3,14
Biggs,4,15
Biggs,4,16
Biggs,5,17
Biggs,5,18
Biggs,15,19
Biggs,2,20
Biggs,5,21
Biggs,2,22
Biggs,4,23
Bighorn,1,3
Bighorn,1,5
Bighorn,1,6
Bighorn,1,7
Bighorn,1,8
Bighorn,1,9
Bighorn,1,14
Bighorn,2,16
Bighorn,3,18
Biglerville,1,1
Biglerville,10,5
Biglerville,2,6
Biglerville,2,7
Biglerville,3,8
Biglerville,1,9
Biglerville,1,10
Biglerville,1,11
Biglerville,3,12
Biglerville,2,13
Biglerville,5,14
Biglerville,2,15
Biglerville,8,16
Biglerville,1,17
Biglerville,1,19
Biglerville,1,20
Biglerville,1,21
Biglerville,2,22
Biglerville,1,23
Billerica,4,5
Billerica,9,6
Billerica,27,7
Billerica,13,8
Billerica,11,9
Billerica,15,10
Billerica,16,11
Billerica,1,13
Billerica,1,14
Billerica,28,16
Billerica,29,17
Billerica,25,18
Billerica,1,19
Billerica,2,20
Billerica,4,21
Billerica,3,22
Billings,19,0
Billings,22,1
Billings,8,2
Billings,13,3
Billings,11,4
Billings,22,5
Billings,41,6
Billings,65,7
Billings,58,8
Billings,32,9
Billings,42,10
Billings,29,11
Billings,32,12
Billings,32,13
Billings,42,14
Billings,38,15
Billings,44,16
Billings,53,17
Billings,44,18
Billings,34,19
Billings,44,20
Billings,23,21
Billings,18,22
Billings,16,23
Billingsley,2,2
Billingsley,2,5
Billingsley,1,7
Billingsley,1,9
Billingsley,1,10
Billingsley,1,15
Billingsley,1,17
Billingsley,2,18
Billingsley,1,19
Billingsley,3,21
Biloxi,4,5
Biloxi,1,7
Biloxi,11,8
Biloxi,5,9
Biloxi,2,10
Biloxi,2,11
Biloxi,7,12
Biloxi,1,13
Biloxi,1,14
Biloxi,1,15
Biloxi,10,16
Biloxi,5,17
Biloxi,4,18
Biloxi,4,19
Biloxi,2,20
Biloxi,2,21
Binford,2,14
Bingen,1,6
Bingen,3,7
Bingen,1,13
Bingen,1,15
Bingen,3,19
Bingen,2,21
Bingen,1,22
Bingham Lake,3,0
Bingham Lake,1,3
Bingham Lake,2,5
Bingham Lake,1,6
Bingham Lake,1,7
Bingham Lake,2,8
Bingham Lake,3,9
Bingham Lake,1,10
Bingham Lake,1,11
Bingham Lake,2,13
Bingham Lake,3,15
Bingham Lake,1,16
Bingham Lake,6,17
Bingham Lake,2,18
Bingham Lake,1,19
Bingham Lake,3,21
Bingham Lake,1,22
Bingham Lake,2,23
Binghamton,1,0
Binghamton,2,1
Binghamton,5,2
Binghamton,7,3
Binghamton,7,4
Binghamton,1,5
Binghamton,1,6
Binghamton,5,7
Binghamton,4,8
Binghamton,1,9
Binghamton,10,10
Binghamton,2,11
Binghamton,4,12
Binghamton,17,13
Binghamton,13,14
Binghamton,18,15
Binghamton,19,16
Binghamton,20,17
Binghamton,19,18
Binghamton,3,19
Binghamton,7,20
Binghamton,3,21
Binghamton,5,22
Binghamton,5,23
Biola,1,5
Biola,1,7
Biola,1,10
Biola,1,13
Biola,1,14
Biola,2,16
Biola,1,17
Biola,1,19
Biola,1,22
Birch River,1,1
Birch River,1,2
Birch Run,1,0
Birch Run,1,3
Birch Run,1,4
Birch Run,1,5
Birch Run,6,7
Birch Run,1,8
Birch Run,2,10
Birch Run,4,11
Birch Run,3,12
Birch Run,4,13
Birch Run,2,14
Birch Run,7,15
Birch Run,1,18
Birch Run,3,19
Birchwood,2,5
Birchwood,2,6
Birchwood,3,7
Birchwood,2,8
Birchwood,3,11
Birchwood,3,12
Birchwood,2,13
Birchwood,2,14
Birchwood,1,16
Birchwood,4,17
Birchwood,2,20
Birchwood,4,21
Birchwood,2,22
Birchwood,1,23
Bird in Hand,1,0
Bird in Hand,1,3
Bird in Hand,5,4
Bird in Hand,4,5
Bird in Hand,7,6
Bird in Hand,7,7
Bird in Hand,2,8
Bird in Hand,1,9
Bird in Hand,3,10
Bird in Hand,2,11
Bird in Hand,6,12
Bird in Hand,3,13
Bird in Hand,8,14
Bird in Hand,2,15
Bird in Hand,6,16
Bird in Hand,1,17
Bird in Hand,2,19
Bird in Hand,3,23
Bird Island,2,6
Bird Island,4,7
Bird Island,1,13
Bird Island,1,16
Bird Island,1,18
Bird Island,3,23
Birds Landing,1,3
Birds Landing,2,6
Birds Landing,1,7
Birds Landing,1,9
Birds Landing,2,11
Birds Landing,1,13
Birds Landing,1,15
Birds Landing,1,19
Birds Landing,2,20
Birds Landing,1,21
Birds Lndg,1,7
Birdsboro,1,0
Birdsboro,2,1
Birdsboro,3,2
Birdsboro,1,4
Birdsboro,3,5
Birdsboro,8,6
Birdsboro,7,7
Birdsboro,13,8
Birdsboro,11,9
Birdsboro,1,10
Birdsboro,3,11
Birdsboro,5,12
Birdsboro,1,13
Birdsboro,6,14
Birdsboro,10,15
Birdsboro,8,16
Birdsboro,7,17
Birdsboro,4,18
Birdsboro,9,21
Birdsboro,4,22
Birdsboro,3,23
Birdseye,1,7
Birdseye,4,8
Birdseye,4,9
Birdseye,1,18
Birdsnest,1,8
Birdsnest,1,9
Birdsnest,1,11
Birdsnest,2,12
Birdsnest,1,16
Birdsnest,1,21
Birdsnest,1,22
Birmingham,41,0
Birmingham,47,1
Birmingham,33,2
Birmingham,36,3
Birmingham,86,4
Birmingham,104,5
Birmingham,246,6
Birmingham,543,7
Birmingham,521,8
Birmingham,171,9
Birmingham,179,10
Birmingham,187,11
Birmingham,231,12
Birmingham,202,13
Birmingham,370,14
Birmingham,560,15
Birmingham,562,16
Birmingham,658,17
Birmingham,380,18
Birmingham,282,19
Birmingham,193,20
Birmingham,160,21
Birmingham,83,22
Birmingham,51,23
Birney,2,21
Biscayne Park,1,0
Biscayne Park,1,2
Biscayne Park,1,3
Biscayne Park,1,4
Biscayne Park,1,6
Biscayne Park,2,7
Biscayne Park,2,8
Biscayne Park,1,10
Biscayne Park,2,14
Biscayne Park,3,15
Biscayne Park,4,16
Biscayne Park,3,18
Biscoe,1,0
Biscoe,4,1
Biscoe,7,3
Biscoe,7,4
Biscoe,2,5
Biscoe,1,6
Biscoe,1,7
Biscoe,10,8
Biscoe,5,9
Biscoe,11,10
Biscoe,8,11
Biscoe,13,12
Biscoe,7,13
Biscoe,8,14
Biscoe,3,15
Biscoe,4,16
Biscoe,3,17
Biscoe,1,18
Biscoe,4,19
Biscoe,1,20
Biscoe,1,21
Biscoe,7,22
Biscoe,5,23
Bishop,10,0
Bishop,13,1
Bishop,8,2
Bishop,4,3
Bishop,1,4
Bishop,10,5
Bishop,18,6
Bishop,15,7
Bishop,24,8
Bishop,18,9
Bishop,18,10
Bishop,23,11
Bishop,17,12
Bishop,25,13
Bishop,34,14
Bishop,36,15
Bishop,20,16
Bishop,29,17
Bishop,23,18
Bishop,27,19
Bishop,11,20
Bishop,16,21
Bishop,12,22
Bishop,6,23
Bishopville,9,0
Bishopville,10,1
Bishopville,4,2
Bishopville,5,3
Bishopville,28,4
Bishopville,18,5
Bishopville,28,6
Bishopville,31,7
Bishopville,25,8
Bishopville,14,9
Bishopville,23,10
Bishopville,29,11
Bishopville,18,12
Bishopville,25,13
Bishopville,14,14
Bishopville,14,15
Bishopville,16,16
Bishopville,19,17
Bishopville,30,18
Bishopville,7,19
Bishopville,13,20
Bishopville,17,21
Bishopville,25,22
Bishopville,11,23
Bismarck,4,0
Bismarck,2,1
Bismarck,1,2
Bismarck,1,3
Bismarck,1,5
Bismarck,2,6
Bismarck,3,7
Bismarck,9,8
Bismarck,7,9
Bismarck,3,10
Bismarck,4,11
Bismarck,6,12
Bismarck,5,13
Bismarck,9,14
Bismarck,6,15
Bismarck,8,16
Bismarck,7,17
Bismarck,3,18
Bismarck,5,19
Bismarck,2,20
Bismarck,1,21
Bismarck,1,22
Bitely,1,7
Bivalve,2,12
Bivins,4,12
Biwabik,2,6
Biwabik,3,7
Biwabik,1,9
Biwabik,4,13
Biwabik,1,14
Biwabik,1,15
Biwabik,2,16
Biwabik,1,18
Biwabik,4,21
Bixby,2,6
Bixby,5,7
Bixby,2,8
Bixby,1,15
Bixby,2,16
Bixby,1,17
Blachly,1,6
Blachly,4,9
Blachly,3,10
Blachly,1,11
Blachly,1,12
Blachly,1,13
Blachly,2,15
Blachly,2,16
Blachly,3,18
Blachly,5,20
Blachly,2,21
Black Canyon City,5,0
Black Canyon City,8,1
Black Canyon City,6,2
Black Canyon City,6,3
Black Canyon City,8,4
Black Canyon City,7,5
Black Canyon City,6,6
Black Canyon City,5,7
Black Canyon City,11,8
Black Canyon City,22,9
Black Canyon City,38,10
Black Canyon City,26,11
Black Canyon City,33,12
Black Canyon City,30,13
Black Canyon City,36,14
Black Canyon City,30,15
Black Canyon City,19,16
Black Canyon City,17,17
Black Canyon City,42,18
Black Canyon City,18,19
Black Canyon City,7,20
Black Canyon City,2,21
Black Canyon City,5,22
Black Canyon City,3,23
Black Creek,2,7
Black Creek,1,16
Black Creek,1,20
Black Diamond,1,8
Black Diamond,3,21
Black Eagle,1,4
Black Eagle,4,7
Black Eagle,2,11
Black Eagle,1,12
Black Eagle,1,13
Black Eagle,3,14
Black Eagle,2,17
Black Eagle,1,18
Black Eagle,2,19
Black Eagle,2,20
Black Earth,1,7
Black Earth,2,21
Black Hawk,2,7
Black Hawk,1,8
Black Hawk,6,10
Black Hawk,3,13
Black Hawk,1,16
Black Hawk,1,17
Black Hawk,4,22
Black Mountain,1,1
Black Mountain,3,2
Black Mountain,1,4
Black Mountain,1,5
Black Mountain,3,7
Black Mountain,9,8
Black Mountain,2,9
Black Mountain,1,10
Black Mountain,1,11
Black Mountain,6,12
Black Mountain,1,13
Black Mountain,5,14
Black Mountain,6,15
Black Mountain,7,16
Black Mountain,3,17
Black Mountain,6,18
Black Mountain,4,19
Black Mountain,1,20
Black Mountain,2,21
Black Mountain,2,22
Black Mountain,3,23
Black Oak,2,9
Black River Falls,3,1
Black River Falls,1,6
Black River Falls,2,7
Black River Falls,3,9
Black River Falls,1,10
Black River Falls,2,11
Black River Falls,1,12
Black River Falls,2,13
Black River Falls,5,14
Black River Falls,3,15
Black River Falls,2,16
Black River Falls,1,20
Black Rock,2,8
Black Rock,2,10
Black Rock,2,12
Black Rock,2,20
Blackduck,2,0
Blackduck,4,5
Blackduck,1,6
Blackduck,3,10
Blackduck,1,14
Blackduck,1,16
Blackduck,3,17
Blackduck,2,18
Blackduck,4,21
Blackduck,3,22
Blackfoot,1,6
Blackfoot,1,7
Blackfoot,3,8
Blackfoot,9,11
Blackfoot,2,13
Blackfoot,2,15
Blackfoot,6,16
Blackfoot,5,17
Blackfoot,1,18
Blackfoot,1,19
Blackfoot,6,20
Blackfoot,2,21
Blacklick,3,4
Blacklick,2,5
Blacklick,2,7
Blacklick,4,8
Blacklick,2,9
Blacklick,3,11
Blacklick,1,12
Blacklick,1,13
Blacklick,1,14
Blacklick,2,15
Blacklick,2,18
Blacklick,1,19
Blacksburg,2,0
Blacksburg,6,1
Blacksburg,7,2
Blacksburg,5,3
Blacksburg,28,4
Blacksburg,29,5
Blacksburg,40,6
Blacksburg,49,7
Blacksburg,39,8
Blacksburg,25,9
Blacksburg,20,10
Blacksburg,31,11
Blacksburg,24,12
Blacksburg,35,13
Blacksburg,33,14
Blacksburg,20,15
Blacksburg,35,16
Blacksburg,40,17
Blacksburg,40,18
Blacksburg,40,19
Blacksburg,35,20
Blacksburg,34,21
Blacksburg,30,22
Blacksburg,19,23
Blackshear,1,10
Blackshear,3,11
Blackshear,5,12
Blackshear,1,14
Blackstock,1,0
Blackstock,1,2
Blackstock,1,3
Blackstock,6,4
Blackstock,3,5
Blackstock,5,6
Blackstock,4,7
Blackstock,14,8
Blackstock,6,10
Blackstock,8,11
Blackstock,3,12
Blackstock,2,13
Blackstock,2,14
Blackstock,4,15
Blackstock,3,16
Blackstock,6,17
Blackstock,3,18
Blackstock,3,19
Blackstock,4,20
Blackstock,2,21
Blackstock,1,22
Blackstone,1,1
Blackstone,4,3
Blackstone,1,4
Blackstone,7,5
Blackstone,3,6
Blackstone,7,7
Blackstone,5,8
Blackstone,1,9
Blackstone,3,10
Blackstone,2,11
Blackstone,6,12
Blackstone,3,13
Blackstone,9,14
Blackstone,13,15
Blackstone,11,16
Blackstone,6,17
Blackstone,6,18
Blackstone,1,19
Blackstone,7,20
Blackstone,9,21
Blackstone,1,22
Blackstone,1,23
Blacksville,1,9
Blackville,1,0
Blackville,5,4
Blackville,4,5
Blackville,11,6
Blackville,7,7
Blackville,5,8
Blackville,4,9
Blackville,2,10
Blackville,3,11
Blackville,2,12
Blackville,3,13
Blackville,4,15
Blackville,3,16
Blackville,3,17
Blackville,7,18
Blackville,6,19
Blackville,4,20
Blackville,3,21
Blackville,2,22
Blackville,3,23
Blackwater,1,0
Blackwater,2,1
Blackwater,7,5
Blackwater,1,6
Blackwater,3,9
Blackwater,2,11
Blackwater,4,12
Blackwater,2,13
Blackwater,2,14
Blackwater,1,17
Blackwater,1,20
Blackwater,2,21
Blackwater,1,22
Blackwater,2,23
Blackwood,10,0
Blackwood,4,1
Blackwood,4,2
Blackwood,12,3
Blackwood,13,4
Blackwood,7,5
Blackwood,26,6
Blackwood,35,7
Blackwood,32,8
Blackwood,12,9
Blackwood,9,10
Blackwood,25,11
Blackwood,26,12
Blackwood,28,13
Blackwood,30,14
Blackwood,30,15
Blackwood,34,16
Blackwood,39,17
Blackwood,17,18
Blackwood,18,19
Blackwood,13,20
Blackwood,5,21
Blackwood,4,22
Blackwood,7,23
Bladen,1,21
Bladenboro,3,1
Bladenboro,1,2
Bladenboro,3,9
Bladenboro,2,11
Bladenboro,2,19
Bladenboro,2,21
Bladensburg,1,2
Bladensburg,1,5
Bladensburg,2,6
Bladensburg,6,7
Bladensburg,6,8
Bladensburg,1,9
Bladensburg,4,10
Bladensburg,2,11
Bladensburg,3,12
Bladensburg,2,13
Bladensburg,3,14
Bladensburg,2,15
Bladensburg,3,16
Bladensburg,6,17
Bladensburg,2,18
Bladensburg,4,19
Bladensburg,4,20
Bladensburg,1,21
Bladensburg,2,22
Bladensburg,4,23
Blaine,1,0
Blaine,1,1
Blaine,1,4
Blaine,4,5
Blaine,2,6
Blaine,3,7
Blaine,2,8
Blaine,1,9
Blaine,1,10
Blaine,2,11
Blaine,4,12
Blaine,8,13
Blaine,4,14
Blaine,2,15
Blaine,1,16
Blaine,2,17
Blaine,1,19
Blaine,1,21
Blaine,4,22
Blair,2,0
Blair,1,2
Blair,1,3
Blair,1,4
Blair,3,5
Blair,5,6
Blair,4,7
Blair,5,8
Blair,4,9
Blair,3,12
Blair,1,13
Blair,4,14
Blair,7,15
Blair,3,16
Blair,2,17
Blair,2,18
Blair,2,19
Blair,1,21
Blair,2,22
Blair,2,23
Blairs,1,6
Blairs,4,8
Blairs,3,9
Blairs,3,10
Blairs,4,11
Blairs,1,12
Blairs,1,14
Blairs,6,15
Blairs,3,16
Blairs,4,17
Blairs,6,18
Blairs,1,19
Blairs,2,20
Blairs,1,21
Blairs,2,22
Blairs Mills,1,6
Blairs Mills,3,8
Blairs Mills,2,12
Blairsburg,1,0
Blairsburg,1,5
Blairsburg,1,8
Blairsburg,1,13
Blairsburg,2,15
Blairsburg,2,16
Blairsburg,1,18
Blairsburg,1,20
Blairsden Graeagle,3,6
Blairsden Graeagle,4,7
Blairsden Graeagle,2,8
Blairsden Graeagle,7,9
Blairsden Graeagle,2,10
Blairsden Graeagle,3,11
Blairsden Graeagle,8,12
Blairsden Graeagle,6,13
Blairsden Graeagle,8,14
Blairsden Graeagle,2,15
Blairsden Graeagle,8,16
Blairsden Graeagle,3,17
Blairsden Graeagle,5,18
Blairsden Graeagle,1,19
Blairsden Graeagle,7,20
Blairsden Graeagle,4,22
Blairsden Graeagle,1,23
Blairsden-Graeagle,1,0
Blairsden-Graeagle,1,4
Blairsden-Graeagle,1,9
Blairsden-Graeagle,1,12
Blairsden-Graeagle,1,17
Blairsden-Graeagle,2,18
Blairstown,1,0
Blairstown,3,2
Blairstown,2,3
Blairstown,2,4
Blairstown,13,5
Blairstown,10,6
Blairstown,5,7
Blairstown,5,8
Blairstown,3,9
Blairstown,1,10
Blairstown,3,11
Blairstown,2,12
Blairstown,9,13
Blairstown,3,14
Blairstown,2,15
Blairstown,1,17
Blairstown,1,19
Blairstown,1,20
Blairstown,5,21
Blairstown,3,22
Blairstown,10,23
Blairsville,1,0
Blairsville,2,1
Blairsville,7,2
Blairsville,2,3
Blairsville,2,4
Blairsville,1,5
Blairsville,6,6
Blairsville,1,7
Blairsville,2,8
Blairsville,3,9
Blairsville,12,10
Blairsville,15,11
Blairsville,17,12
Blairsville,2,13
Blairsville,1,14
Blairsville,8,15
Blairsville,2,16
Blairsville,6,17
Blairsville,1,18
Blairsville,3,19
Blairsville,9,20
Blairsville,2,21
Blairsville,9,22
Blairsville,2,23
Blakely,1,9
Blakely,6,10
Blakesburg,1,8
Blakeslee,3,7
Blakeslee,2,8
Blakeslee,3,10
Blakeslee,5,11
Blakeslee,1,12
Blanca,3,12
Blanca,7,15
Blanchard,1,12
Blanchard,2,16
Blanchard,4,18
Blanchester,1,18
Blanchester,1,19
Bland,5,0
Bland,2,2
Bland,3,3
Bland,2,4
Bland,3,6
Bland,2,7
Bland,5,8
Bland,11,9
Bland,5,10
Bland,15,11
Bland,5,12
Bland,2,13
Bland,6,14
Bland,8,15
Bland,6,16
Bland,14,17
Bland,7,18
Bland,8,19
Bland,9,20
Bland,10,21
Bland,1,22
Bland,10,23
Blandburg,2,2
Blandburg,1,17
Blandburg,4,23
Blandford,1,5
Blandford,2,7
Blandford,2,8
Blandford,2,9
Blandford,1,10
Blandford,1,11
Blandford,1,13
Blandford,1,14
Blandford,1,16
Blandford,1,18
Blandford,1,19
Blandford,1,22
Blanding,1,0
Blanding,2,4
Blanding,6,6
Blanding,7,7
Blanding,1,8
Blanding,1,9
Blanding,1,10
Blanding,4,11
Blanding,3,13
Blanding,5,14
Blanding,2,15
Blanding,1,16
Blanding,5,17
Blanding,1,21
Blanding,1,22
Blandon,2,6
Blandon,3,9
Blandon,1,10
Blandon,1,11
Blandon,4,13
Blandon,2,16
Blandon,1,21
Blandon,1,22
Blauvelt,1,9
Blauvelt,2,10
Blauvelt,1,11
Blauvelt,1,15
Blauvelt,1,16
Blauvelt,5,17
Blauvelt,2,18
Blauvelt,1,19
Blencoe,1,5
Blencoe,1,7
Blencoe,1,13
Blencoe,1,16
Blencoe,5,18
Blencoe,3,21
Blenheim,1,1
Blenheim,3,2
Blenheim,2,4
Blenheim,2,5
Blenheim,2,6
Blenheim,4,7
Blenheim,8,8
Blenheim,1,9
Blenheim,1,10
Blenheim,3,12
Blenheim,2,13
Blenheim,3,14
Blenheim,3,15
Blenheim,1,16
Blenheim,3,18
Blenheim,3,19
Blenheim,2,20
Blenheim,1,21
Blenheim,1,22
Blevins,1,11
Bliss,1,2
Bliss,1,3
Bliss,2,4
Bliss,2,11
Bliss,4,12
Bliss,4,15
Bliss,3,16
Bliss,8,18
Bliss,3,19
Blissfield,1,14
Blissfield,1,20
Blocksburg,1,1
Blocksburg,2,4
Blocksburg,1,6
Blocksburg,2,9
Blodgett,2,0
Blodgett,1,2
Blodgett,1,3
Blodgett,1,6
Blodgett,4,9
Blodgett,9,11
Blodgett,3,12
Blodgett,1,13
Blodgett,1,14
Blodgett,1,15
Blodgett,4,16
Blodgett,3,17
Blodgett,7,18
Blodgett,1,19
Blodgett,2,20
Blodgett,2,21
Blodgett,1,23
Blomkest,3,0
Blomkest,2,2
Blomkest,1,4
Blomkest,1,5
Blomkest,2,8
Blomkest,1,9
Blomkest,1,10
Blomkest,2,12
Blomkest,4,14
Blomkest,3,15
Blomkest,3,16
Blomkest,2,18
Blomkest,4,19
Blomkest,1,22
Blomkest,2,23
Bloom,1,16
Bloomburg,3,10
Bloomburg,1,16
Bloomfield,19,0
Bloomfield,7,1
Bloomfield,22,2
Bloomfield,8,3
Bloomfield,9,4
Bloomfield,7,5
Bloomfield,20,6
Bloomfield,58,7
Bloomfield,30,8
Bloomfield,28,9
Bloomfield,33,10
Bloomfield,21,11
Bloomfield,32,12
Bloomfield,42,13
Bloomfield,58,14
Bloomfield,47,15
Bloomfield,29,16
Bloomfield,23,17
Bloomfield,30,18
Bloomfield,12,19
Bloomfield,21,20
Bloomfield,18,21
Bloomfield,20,22
Bloomfield,11,23
Bloomfield Hills,1,4
Bloomfield Hills,1,5
Bloomfield Hills,3,6
Bloomfield Hills,4,7
Bloomfield Hills,3,8
Bloomfield Hills,4,9
Bloomfield Hills,2,10
Bloomfield Hills,2,12
Bloomfield Hills,2,15
Bloomfield Hills,5,16
Bloomfield Hills,1,17
Bloomfield Hills,1,18
Bloomfield Hills,1,19
Bloomfield Hills,2,20
Bloomfield Hills,1,22
Blooming Prairie,3,3
Blooming Prairie,2,4
Blooming Prairie,4,5
Blooming Prairie,11,6
Blooming Prairie,9,7
Blooming Prairie,1,9
Blooming Prairie,2,10
Blooming Prairie,4,11
Blooming Prairie,8,12
Blooming Prairie,1,13
Blooming Prairie,2,14
Blooming Prairie,1,15
Blooming Prairie,1,16
Blooming Prairie,4,17
Blooming Prairie,6,18
Blooming Prairie,6,19
Blooming Prairie,4,20
Blooming Prairie,5,21
Blooming Prairie,5,22
Blooming Prairie,2,23
Bloomingburg,1,4
Bloomingburg,1,5
Bloomingburg,1,6
Bloomingburg,4,7
Bloomingburg,2,9
Bloomingburg,1,10
Bloomingburg,5,11
Bloomingburg,1,12
Bloomingburg,5,14
Bloomingburg,3,15
Bloomingburg,2,16
Bloomingburg,3,17
Bloomingburg,3,18
Bloomingburg,4,19
Bloomingburg,1,20
Bloomingdale,2,1
Bloomingdale,1,3
Bloomingdale,5,4
Bloomingdale,4,5
Bloomingdale,16,6
Bloomingdale,31,7
Bloomingdale,41,8
Bloomingdale,3,9
Bloomingdale,8,10
Bloomingdale,5,11
Bloomingdale,3,12
Bloomingdale,12,13
Bloomingdale,7,14
Bloomingdale,27,15
Bloomingdale,47,16
Bloomingdale,26,17
Bloomingdale,32,18
Bloomingdale,5,19
Bloomingdale,4,20
Bloomingdale,1,21
Bloomingdale,1,22
Bloomington,31,0
Bloomington,23,1
Bloomington,43,2
Bloomington,42,3
Bloomington,71,4
Bloomington,69,5
Bloomington,75,6
Bloomington,125,7
Bloomington,76,8
Bloomington,41,9
Bloomington,71,10
Bloomington,64,11
Bloomington,99,12
Bloomington,108,13
Bloomington,180,14
Bloomington,144,15
Bloomington,101,16
Bloomington,124,17
Bloomington,67,18
Bloomington,83,19
Bloomington,73,20
Bloomington,39,21
Bloomington,46,22
Bloomington,46,23
Bloomington Springs,1,7
Bloomington Springs,2,11
Bloomington Springs,2,18
Bloomington Springs,1,20
Bloomsburg,6,0
Bloomsburg,10,1
Bloomsburg,5,2
Bloomsburg,3,3
Bloomsburg,10,4
Bloomsburg,5,5
Bloomsburg,7,6
Bloomsburg,33,7
Bloomsburg,19,8
Bloomsburg,16,9
Bloomsburg,22,10
Bloomsburg,27,11
Bloomsburg,20,12
Bloomsburg,38,13
Bloomsburg,25,14
Bloomsburg,30,15
Bloomsburg,45,16
Bloomsburg,38,17
Bloomsburg,21,18
Bloomsburg,20,19
Bloomsburg,16,20
Bloomsburg,14,21
Bloomsburg,12,22
Bloomsburg,16,23
Bloomsbury,1,0
Bloomsbury,1,5
Bloomsbury,1,6
Bloomsbury,3,7
Bloomsbury,5,8
Bloomsbury,1,9
Bloomsbury,1,10
Bloomsbury,2,12
Bloomsbury,3,16
Bloomsbury,1,17
Bloomsbury,1,18
Bloomsbury,7,22
Bloomsdale,1,13
Bloomville,2,16
Blossburg,2,0
Blossburg,1,1
Blossburg,1,2
Blossburg,1,3
Blossburg,2,8
Blossburg,6,9
Blossburg,2,11
Blossburg,1,12
Blossburg,2,14
Blossburg,1,16
Blossburg,5,17
Blossburg,10,19
Blossburg,5,20
Blossburg,1,22
Blossvale,1,1
Blossvale,1,4
Blossvale,1,5
Blossvale,3,6
Blossvale,7,7
Blossvale,1,8
Blossvale,1,9
Blossvale,3,10
Blossvale,2,11
Blossvale,4,13
Blossvale,1,15
Blossvale,1,16
Blossvale,2,17
Blossvale,3,18
Blossvale,2,19
Blossvale,1,21
Blossvale,1,23
Blounts Creek,1,8
Blountstown,2,1
Blountstown,1,3
Blountstown,6,4
Blountstown,2,5
Blountstown,7,6
Blountstown,11,7
Blountstown,4,8
Blountstown,1,9
Blountstown,2,10
Blountstown,2,11
Blountstown,3,14
Blountstown,2,15
Blountstown,2,16
Blountstown,4,17
Blountstown,7,18
Blountstown,4,19
Blountstown,3,20
Blountstown,1,21
Blountstown,1,23
Blountsville,2,0
Blountsville,1,2
Blountsville,1,3
Blountsville,5,4
Blountsville,7,5
Blountsville,7,6
Blountsville,8,7
Blountsville,9,8
Blountsville,7,9
Blountsville,3,10
Blountsville,3,11
Blountsville,9,12
Blountsville,2,13
Blountsville,8,14
Blountsville,12,15
Blountsville,6,16
Blountsville,9,17
Blountsville,8,18
Blountsville,7,19
Blountsville,9,20
Blountsville,3,21
Blountsville,3,22
Blountsville,1,23
Blountville,6,0
Blountville,1,1
Blountville,1,4
Blountville,6,6
Blountville,5,7
Blountville,10,9
Blountville,1,10
Blountville,4,11
Blountville,2,12
Blountville,8,13
Blountville,6,14
Blountville,10,15
Blountville,4,16
Blountville,4,17
Blountville,1,18
Blountville,2,23
Blowing Rock,1,13
Blowing Rock,1,14
Blowing Rock,2,15
Blowing Rock,2,16
Blowing Rock,3,17
Blowing Rock,1,19
Bloxom,4,5
Bloxom,1,7
Bloxom,1,8
Bloxom,1,10
Bloxom,1,14
Bloxom,2,15
Bloxom,1,17
Bloxom,1,20
Bloxom,4,21
Blue Ash,1,7
Blue Ash,1,15
Blue Bell,4,0
Blue Bell,7,1
Blue Bell,6,2
Blue Bell,3,3
Blue Bell,1,4
Blue Bell,11,5
Blue Bell,16,6
Blue Bell,37,7
Blue Bell,39,8
Blue Bell,16,9
Blue Bell,14,10
Blue Bell,15,11
Blue Bell,21,12
Blue Bell,7,13
Blue Bell,16,14
Blue Bell,17,15
Blue Bell,19,16
Blue Bell,29,17
Blue Bell,11,18
Blue Bell,14,19
Blue Bell,5,20
Blue Bell,8,21
Blue Bell,10,22
Blue Bell,5,23
Blue Earth,10,0
Blue Earth,1,1
Blue Earth,13,2
Blue Earth,2,3
Blue Earth,5,4
Blue Earth,2,5
Blue Earth,7,6
Blue Earth,7,7
Blue Earth,6,8
Blue Earth,9,9
Blue Earth,8,10
Blue Earth,4,11
Blue Earth,6,12
Blue Earth,4,13
Blue Earth,3,14
Blue Earth,10,15
Blue Earth,2,16
Blue Earth,4,17
Blue Earth,9,18
Blue Earth,6,19
Blue Earth,2,20
Blue Earth,13,21
Blue Earth,3,22
Blue Earth,6,23
Blue Eye,1,18
Blue Grass,4,4
Blue Grass,1,14
Blue Hill,1,17
Blue Hill,2,21
Blue Island,4,0
Blue Island,2,5
Blue Island,3,6
Blue Island,1,9
Blue Island,1,10
Blue Island,5,13
Blue Island,1,14
Blue Island,1,16
Blue Island,1,17
Blue Island,1,18
Blue Island,3,19
Blue Island,1,22
Blue Island,1,23
Blue Jay,2,1
Blue Jay,2,8
Blue Jay,1,10
Blue Jay,1,11
Blue Jay,2,12
Blue Jay,2,13
Blue Jay,3,14
Blue Jay,2,16
Blue Jay,3,17
Blue Jay,1,18
Blue Jay,1,19
Blue Jay,1,20
Blue Jay,2,21
Blue Jay,1,23
Blue Lake,3,0
Blue Lake,6,1
Blue Lake,2,2
Blue Lake,1,3
Blue Lake,1,4
Blue Lake,5,5
Blue Lake,7,6
Blue Lake,10,7
Blue Lake,12,8
Blue Lake,11,9
Blue Lake,6,10
Blue Lake,6,11
Blue Lake,3,12
Blue Lake,7,13
Blue Lake,10,14
Blue Lake,11,15
Blue Lake,4,16
Blue Lake,4,17
Blue Lake,7,18
Blue Lake,9,19
Blue Lake,10,20
Blue Lake,10,21
Blue Lake,11,22
Blue Lake,11,23
Blue Mounds,1,6
Blue Mounds,1,7
Blue Mountain,1,12
Blue Mountain Lake,1,23
Blue Point,1,7
Blue Ridge,6,0
Blue Ridge,5,1
Blue Ridge,2,6
Blue Ridge,2,7
Blue Ridge,2,9
Blue Ridge,3,10
Blue Ridge,2,11
Blue Ridge,2,13
Blue Ridge,1,14
Blue Ridge,1,15
Blue Ridge,3,16
Blue Ridge,7,17
Blue Ridge,8,18
Blue Ridge,2,19
Blue Ridge,6,22
Blue Ridge,3,23
Blue Ridge Summit,1,3
Blue River,9,0
Blue River,6,1
Blue River,5,2
Blue River,12,4
Blue River,12,5
Blue River,12,6
Blue River,13,7
Blue River,19,8
Blue River,18,9
Blue River,35,10
Blue River,14,11
Blue River,26,12
Blue River,20,13
Blue River,31,14
Blue River,28,15
Blue River,26,16
Blue River,16,17
Blue River,13,18
Blue River,23,19
Blue River,12,20
Blue River,12,21
Blue River,12,22
Blue River,17,23
Blue Springs,16,0
Blue Springs,11,1
Blue Springs,2,2
Blue Springs,13,3
Blue Springs,8,4
Blue Springs,6,5
Blue Springs,19,6
Blue Springs,22,7
Blue Springs,23,8
Blue Springs,19,9
Blue Springs,13,10
Blue Springs,18,11
Blue Springs,11,12
Blue Springs,7,13
Blue Springs,21,14
Blue Springs,17,15
Blue Springs,43,16
Blue Springs,28,17
Blue Springs,8,18
Blue Springs,6,19
Blue Springs,13,20
Blue Springs,5,21
Blue Springs,12,22
Bluefield,3,7
Bluefield,1,8
Bluefield,1,9
Bluefield,2,10
Bluefield,3,11
Bluefield,9,12
Bluefield,1,13
Bluefield,2,14
Bluefield,6,15
Bluefield,7,16
Bluefield,3,17
Bluefield,8,18
Bluefield,3,19
Bluefield,2,21
Bluefield,1,22
Bluefield,3,23
Bluemont,2,4
Bluemont,2,5
Bluemont,3,6
Bluemont,12,7
Bluemont,6,8
Bluemont,3,9
Bluemont,5,10
Bluemont,2,11
Bluemont,4,12
Bluemont,2,13
Bluemont,12,14
Bluemont,2,15
Bluemont,2,16
Bluemont,8,17
Bluemont,5,19
Bluemont,1,20
Bluemont,5,21
Bluemont,1,22
Bluewater,1,9
Bluewater,1,10
Bluff,1,0
Bluff,1,1
Bluff,1,5
Bluff,1,7
Bluff,1,13
Bluff,2,15
Bluff,2,21
Bluff,5,22
Bluff City,1,6
Bluff City,1,9
Bluff City,3,18
Bluffs,1,4
Bluffs,1,6
Bluffs,2,11
Bluffs,1,13
Bluffton,16,0
Bluffton,7,1
Bluffton,2,2
Bluffton,6,3
Bluffton,8,4
Bluffton,4,5
Bluffton,9,6
Bluffton,26,7
Bluffton,43,8
Bluffton,14,9
Bluffton,22,10
Bluffton,18,11
Bluffton,23,12
Bluffton,20,13
Bluffton,16,14
Bluffton,26,15
Bluffton,35,16
Bluffton,39,17
Bluffton,17,18
Bluffton,14,19
Bluffton,9,20
Bluffton,11,21
Bluffton,6,22
Bluffton,6,23
Blythe,10,0
Blythe,2,1
Blythe,9,2
Blythe,8,3
Blythe,4,4
Blythe,16,5
Blythe,13,6
Blythe,22,7
Blythe,23,8
Blythe,6,9
Blythe,9,10
Blythe,13,11
Blythe,16,12
Blythe,10,13
Blythe,14,14
Blythe,8,15
Blythe,21,16
Blythe,9,17
Blythe,16,18
Blythe,12,19
Blythe,15,20
Blythe,15,21
Blythe,9,22
Blythe,7,23
Blytheville,8,0
Blytheville,3,1
Blytheville,3,4
Blytheville,1,5
Blytheville,2,6
Blytheville,4,7
Blytheville,10,8
Blytheville,5,9
Blytheville,5,10
Blytheville,1,11
Blytheville,1,12
Blytheville,9,13
Blytheville,1,14
Blytheville,4,15
Blytheville,2,16
Blytheville,4,17
Blytheville,6,19
Blytheville,3,20
Blytheville,9,21
Blytheville,6,23
Blythewood,10,0
Blythewood,10,1
Blythewood,11,2
Blythewood,9,3
Blythewood,19,4
Blythewood,19,5
Blythewood,30,6
Blythewood,84,7
Blythewood,73,8
Blythewood,21,9
Blythewood,16,10
Blythewood,15,11
Blythewood,24,12
Blythewood,22,13
Blythewood,35,14
Blythewood,35,15
Blythewood,61,16
Blythewood,42,17
Blythewood,35,18
Blythewood,21,19
Blythewood,20,20
Blythewood,24,21
Blythewood,8,22
Blythewood,12,23
Boalsburg,4,0
Boalsburg,3,1
Boalsburg,5,2
Boalsburg,4,3
Boalsburg,8,4
Boalsburg,1,5
Boalsburg,6,6
Boalsburg,11,7
Boalsburg,10,8
Boalsburg,6,9
Boalsburg,6,10
Boalsburg,14,11
Boalsburg,3,12
Boalsburg,4,13
Boalsburg,10,14
Boalsburg,13,15
Boalsburg,8,16
Boalsburg,23,17
Boalsburg,6,18
Boalsburg,7,19
Boalsburg,3,20
Boalsburg,2,21
Boalsburg,1,22
Boalsburg,1,23
Boardman,6,0
Boardman,2,1
Boardman,6,2
Boardman,3,3
Boardman,4,4
Boardman,9,5
Boardman,6,6
Boardman,25,7
Boardman,8,8
Boardman,13,9
Boardman,16,10
Boardman,2,11
Boardman,3,12
Boardman,2,13
Boardman,7,14
Boardman,8,15
Boardman,12,16
Boardman,9,17
Boardman,2,18
Boardman,12,19
Boardman,3,20
Boardman,9,21
Boardman,5,22
Boardman,6,23
Boaz,1,2
Boaz,1,4
Boaz,1,5
Boaz,1,6
Boaz,3,7
Boaz,2,8
Boaz,1,10
Boaz,1,11
Boaz,1,13
Boaz,1,15
Boaz,3,16
Boaz,1,18
Boaz,1,20
Boaz,1,21
Boca Ciega,1,5
Boca Ciega,1,14
Boca Ciega,1,20
Boca Grande,1,0
Boca Grande,3,7
Boca Grande,3,8
Boca Grande,2,9
Boca Grande,1,10
Boca Grande,1,13
Boca Grande,2,14
Boca Grande,3,16
Boca Grande,1,17
Boca Grande,1,20
Boca Grande,1,21
Boca Grande,2,22
Boca Raton,26,0
Boca Raton,14,1
Boca Raton,19,2
Boca Raton,7,3
Boca Raton,43,4
Boca Raton,50,5
Boca Raton,115,6
Boca Raton,152,7
Boca Raton,145,8
Boca Raton,79,9
Boca Raton,50,10
Boca Raton,53,11
Boca Raton,92,12
Boca Raton,99,13
Boca Raton,150,14
Boca Raton,290,15
Boca Raton,218,16
Boca Raton,139,17
Boca Raton,107,18
Boca Raton,60,19
Boca Raton,50,20
Boca Raton,32,21
Boca Raton,49,22
Boca Raton,32,23
Bock,1,15
Bock,1,18
Bock,1,21
Bodega,2,1
Bodega,3,7
Bodega,1,11
Bodega,3,12
Bodega,2,13
Bodega,2,14
Bodega,1,15
Bodega,2,21
Bodega Bay,3,2
Bodega Bay,1,3
Bodega Bay,2,4
Bodega Bay,1,5
Bodega Bay,6,6
Bodega Bay,4,7
Bodega Bay,5,9
Bodega Bay,7,10
Bodega Bay,9,11
Bodega Bay,8,12
Bodega Bay,11,13
Bodega Bay,19,14
Bodega Bay,10,15
Bodega Bay,4,16
Bodega Bay,4,17
Bodega Bay,10,18
Bodega Bay,6,19
Bodega Bay,5,20
Bodega Bay,6,21
Bodega Bay,5,22
Bodega Bay,3,23
Bodfish,1,0
Bodfish,1,3
Bodfish,1,4
Bodfish,3,6
Bodfish,4,7
Bodfish,1,8
Bodfish,4,9
Bodfish,3,11
Bodfish,2,12
Bodfish,4,13
Bodfish,2,14
Bodfish,6,15
Bodfish,7,16
Bodfish,2,17
Bodfish,1,18
Bodfish,6,19
Bodfish,5,20
Bodfish,2,21
Bodfish,4,22
Bodfish,2,23
Boerne,1,0
Boerne,1,1
Boerne,1,2
Boerne,1,3
Boerne,2,4
Boerne,1,5
Boerne,2,6
Boerne,4,7
Boerne,6,8
Boerne,4,9
Boerne,4,10
Boerne,5,11
Boerne,1,12
Boerne,1,13
Boerne,5,14
Boerne,3,15
Boerne,2,16
Boerne,6,17
Boerne,4,18
Boerne,3,19
Boerne,1,20
Bogart,1,7
Bogart,3,10
Bogart,5,11
Bogart,2,13
Bogart,1,16
Bogart,2,18
Bogata,1,12
Bogota,1,0
Bogota,1,4
Bogota,1,7
Bogota,2,8
Bogota,1,9
Bogota,4,11
Bogota,1,13
Bogota,1,15
Bogota,4,16
Bogota,1,17
Bogota,4,23
Bogue Chitto,1,6
Bogue Chitto,2,7
Bogue Chitto,2,8
Bogue Chitto,1,10
Bogue Chitto,1,11
Bogue Chitto,2,12
Bogue Chitto,1,13
Bogue Chitto,1,16
Bogue Chitto,2,17
Bogue Chitto,1,22
Bohemia,9,0
Bohemia,4,1
Bohemia,2,2
Bohemia,5,5
Bohemia,13,6
Bohemia,28,7
Bohemia,19,8
Bohemia,2,9
Bohemia,2,11
Bohemia,1,12
Bohemia,2,13
Bohemia,2,14
Bohemia,8,15
Bohemia,12,16
Bohemia,9,17
Bohemia,3,18
Bohemia,1,19
Bohemia,1,20
Bohemia,1,21
Bohemia,1,22
Bohemia,2,23
Boiceville,1,11
Boiceville,1,14
Boiceville,1,23
Boiling Springs,6,0
Boiling Springs,10,1
Boiling Springs,11,2
Boiling Springs,7,3
Boiling Springs,9,4
Boiling Springs,23,5
Boiling Springs,53,6
Boiling Springs,137,7
Boiling Springs,90,8
Boiling Springs,29,9
Boiling Springs,27,10
Boiling Springs,29,11
Boiling Springs,48,12
Boiling Springs,52,13
Boiling Springs,55,14
Boiling Springs,147,15
Boiling Springs,181,16
Boiling Springs,240,17
Boiling Springs,157,18
Boiling Springs,101,19
Boiling Springs,15,20
Boiling Springs,15,21
Boiling Springs,13,22
Boiling Springs,16,23
Bois D Arc,3,5
Bois D Arc,1,6
Bois D Arc,4,7
Bois D Arc,1,8
Bois D Arc,1,18
Bois D'Arc,1,2
Bois D'Arc,1,6
Bois D'Arc,2,7
Bois D'Arc,3,8
Bois D'Arc,1,9
Bois D'Arc,1,11
Bois D'Arc,3,12
Bois D'Arc,1,13
Bois D'Arc,1,14
Bois D'Arc,1,15
Bois D'Arc,3,16
Boise,7,0
Boise,12,1
Boise,2,2
Boise,35,5
Boise,50,6
Boise,125,7
Boise,127,8
Boise,53,9
Boise,61,10
Boise,75,11
Boise,100,12
Boise,90,13
Boise,93,14
Boise,160,15
Boise,227,16
Boise,224,17
Boise,57,18
Boise,13,19
Boise,3,20
Boise,19,21
Boise,8,22
Boise,20,23
Bokeelia,1,4
Bokeelia,2,6
Bokeelia,3,7
Bokeelia,3,8
Bokeelia,2,9
Bokeelia,2,10
Bokeelia,2,11
Bokeelia,1,14
Bokeelia,2,15
Bokeelia,1,16
Bokeelia,4,17
Bokeelia,1,20
Bokeelia,1,21
Bokeelia,1,23
Boles,1,4
Boles,2,6
Boles,4,10
Boles,2,22
Boligee,2,2
Boligee,5,3
Boligee,3,4
Boligee,1,5
Boligee,4,6
Boligee,5,7
Boligee,3,8
Boligee,1,9
Boligee,1,10
Boligee,1,11
Boligee,4,13
Boligee,6,14
Boligee,2,15
Boligee,2,16
Boligee,1,21
Boligee,2,22
Boligee,2,23
Bolinas,4,0
Bolinas,1,1
Bolinas,3,5
Bolinas,1,7
Bolinas,2,8
Bolinas,1,9
Bolinas,4,10
Bolinas,4,11
Bolinas,1,12
Bolinas,1,13
Bolinas,2,14
Bolinas,1,15
Bolinas,3,16
Bolinas,6,17
Bolinas,3,18
Bolinas,2,19
Bolinas,1,20
Bolinas,3,22
Bolingbrook,4,0
Bolingbrook,1,1
Bolingbrook,2,2
Bolingbrook,8,3
Bolingbrook,8,4
Bolingbrook,27,5
Bolingbrook,41,6
Bolingbrook,57,7
Bolingbrook,45,8
Bolingbrook,15,9
Bolingbrook,12,10
Bolingbrook,19,11
Bolingbrook,13,12
Bolingbrook,22,13
Bolingbrook,26,14
Bolingbrook,34,15
Bolingbrook,31,16
Bolingbrook,25,17
Bolingbrook,25,18
Bolingbrook,8,19
Bolingbrook,12,20
Bolingbrook,6,21
Bolingbrook,6,22
Bolingbrook,1,23
Bolivar,1,0
Bolivar,2,1
Bolivar,1,2
Bolivar,2,4
Bolivar,1,6
Bolivar,5,7
Bolivar,5,8
Bolivar,2,10
Bolivar,5,12
Bolivar,1,13
Bolivar,1,14
Bolivar,4,15
Bolivar,3,16
Bolivar,4,18
Bolivar,4,19
Bolivar,1,20
Bolivar,1,21
Bolivar,1,22
Bolivar,3,23
Bolivia,5,1
Bolivia,5,15
Bolivia,3,16
Bolivia,3,17
Bolivia,4,18
Bolivia,4,19
Bolivia,3,20
Bolivia,3,23
Bolton,3,0
Bolton,4,2
Bolton,3,3
Bolton,2,5
Bolton,5,6
Bolton,13,7
Bolton,21,8
Bolton,10,9
Bolton,9,10
Bolton,6,11
Bolton,2,13
Bolton,9,14
Bolton,7,15
Bolton,16,16
Bolton,11,17
Bolton,3,18
Bolton,10,19
Bolton,1,20
Bolton,6,21
Bolton,5,22
Bolton Landing,4,7
Bolton Landing,1,11
Bolton Landing,1,15
Bolton Landing,3,17
Bolton Landing,3,18
Bon Aqua,2,5
Bon Aqua,3,6
Bon Aqua,2,7
Bon Aqua,2,15
Bonaire,2,2
Bonaire,2,3
Bonaire,1,4
Bonaire,2,8
Bonaire,2,11
Bonaire,5,12
Bonaire,1,14
Bonaire,2,15
Bonaire,4,16
Bonaire,2,17
Bonaire,3,18
Bonaire,1,19
Bonaire,4,20
Bonaire,1,21
Bonaire,2,22
Bonanza,1,0
Bonanza,2,1
Bonanza,1,2
Bonanza,2,4
Bonanza,2,6
Bonanza,14,7
Bonanza,5,8
Bonanza,4,9
Bonanza,4,10
Bonanza,13,11
Bonanza,7,12
Bonanza,5,13
Bonanza,8,14
Bonanza,1,15
Bonanza,8,16
Bonanza,5,17
Bonanza,5,18
Bonanza,5,19
Bonanza,3,20
Bonanza,3,21
Bonanza,4,22
Bonanza,4,23
Bond,4,0
Bond,5,2
Bond,2,5
Bond,1,7
Bond,2,8
Bond,1,11
Bond,4,12
Bond,2,15
Bond,1,19
Bond,8,21
Bonduel,1,8
Bonduel,1,17
Bonduel,5,20
Bondurant,1,0
Bondurant,2,2
Bondurant,1,4
Bondurant,2,5
Bondurant,5,6
Bondurant,1,10
Bondurant,1,11
Bondurant,1,12
Bondurant,1,14
Bondurant,1,16
Bondurant,3,17
Bondurant,1,18
Bondurant,1,19
Bondurant,1,20
Bondurant,2,21
Bondville,1,4
Bondville,1,5
Bonfield,1,7
Bonfield,1,10
Bonfield,1,15
Bonifay,5,0
Bonifay,3,1
Bonifay,4,2
Bonifay,7,3
Bonifay,13,4
Bonifay,9,5
Bonifay,13,6
Bonifay,14,7
Bonifay,9,8
Bonifay,8,9
Bonifay,10,10
Bonifay,4,11
Bonifay,5,12
Bonifay,5,13
Bonifay,5,14
Bonifay,7,15
Bonifay,8,16
Bonifay,14,17
Bonifay,3,18
Bonifay,8,19
Bonifay,7,20
Bonifay,11,21
Bonifay,10,22
Bonifay,4,23
Bonita,1,0
Bonita,2,1
Bonita,2,6
Bonita,2,7
Bonita,2,8
Bonita,4,9
Bonita,5,10
Bonita,2,11
Bonita,1,12
Bonita,4,14
Bonita,3,15
Bonita,7,16
Bonita,4,17
Bonita,4,18
Bonita,6,19
Bonita,1,21
Bonita Springs,13,0
Bonita Springs,11,1
Bonita Springs,7,2
Bonita Springs,5,3
Bonita Springs,10,4
Bonita Springs,213,5
Bonita Springs,127,6
Bonita Springs,118,7
Bonita Springs,119,8
Bonita Springs,47,9
Bonita Springs,74,10
Bonita Springs,102,11
Bonita Springs,102,12
Bonita Springs,182,13
Bonita Springs,246,14
Bonita Springs,149,15
Bonita Springs,223,16
Bonita Springs,150,17
Bonita Springs,50,18
Bonita Springs,33,19
Bonita Springs,27,20
Bonita Springs,29,21
Bonita Springs,17,22
Bonita Springs,14,23
Bonne Terre,1,7
Bonneau,1,2
Bonneau,3,3
Bonneau,9,4
Bonneau,5,5
Bonneau,5,6
Bonneau,13,7
Bonneau,11,8
Bonneau,7,9
Bonneau,2,10
Bonneau,4,11
Bonneau,3,12
Bonneau,6,13
Bonneau,1,14
Bonneau,6,15
Bonneau,11,16
Bonneau,8,17
Bonneau,7,18
Bonneau,7,19
Bonneau,7,20
Bonneau,4,21
Bonneau,2,22
Bonneau,2,23
Bonner,2,0
Bonner,3,2
Bonner,1,5
Bonner,6,6
Bonner,3,7
Bonner,5,8
Bonner,7,9
Bonner,2,10
Bonner,1,11
Bonner,3,12
Bonner,1,14
Bonner,3,15
Bonner,3,16
Bonner,1,17
Bonner,3,18
Bonner,9,19
Bonner,4,20
Bonner,3,21
Bonner,3,22
Bonner,3,23
Bonner Springs,2,0
Bonner Springs,2,1
Bonner Springs,4,3
Bonner Springs,7,5
Bonner Springs,13,6
Bonner Springs,17,7
Bonner Springs,6,8
Bonner Springs,7,9
Bonner Springs,3,10
Bonner Springs,3,11
Bonner Springs,2,12
Bonner Springs,5,13
Bonner Springs,4,14
Bonner Springs,7,15
Bonner Springs,19,16
Bonner Springs,17,17
Bonner Springs,5,18
Bonner Springs,3,19
Bonner Springs,5,22
Bonner Springs,5,23
Bonnerdale,1,7
Bonnerdale,1,21
Bonners Ferry,1,20
Bonney Lake,1,3
Bonney Lake,2,4
Bonney Lake,2,5
Bonney Lake,4,6
Bonney Lake,7,7
Bonney Lake,3,8
Bonney Lake,1,13
Bonney Lake,3,14
Bonney Lake,1,16
Bonney Lake,2,17
Bonney Lake,3,19
Bonney Lake,1,20
Bonney Lake,1,21
Bonney Lake,4,22
Bonney Lake,1,23
Bonnie,1,0
Bonnie,1,16
Bonnie,1,19
Bonnie,1,21
Bonnieville,5,8
Bonnieville,4,10
Bonnieville,1,13
Bonnieville,3,20
Bono,1,1
Bono,4,6
Bono,5,7
Bono,2,9
Bono,2,10
Bono,2,12
Bono,1,15
Bono,2,17
Bono,2,18
Bono,8,20
Bono,1,22
Bono,1,23
Bonsall,6,0
Bonsall,8,1
Bonsall,6,2
Bonsall,2,3
Bonsall,8,4
Bonsall,11,5
Bonsall,20,6
Bonsall,34,7
Bonsall,21,8
Bonsall,13,9
Bonsall,7,10
Bonsall,18,11
Bonsall,14,12
Bonsall,10,13
Bonsall,16,14
Bonsall,18,15
Bonsall,23,16
Bonsall,16,17
Bonsall,7,18
Bonsall,12,19
Bonsall,12,20
Bonsall,18,21
Bonsall,12,22
Bonsall,2,23
Boomer,3,10
Boomer,7,15
Boone,2,2
Boone,3,3
Boone,1,4
Boone,5,5
Boone,5,6
Boone,3,7
Boone,4,8
Boone,2,9
Boone,7,10
Boone,7,11
Boone,11,12
Boone,9,13
Boone,6,14
Boone,4,15
Boone,6,16
Boone,10,17
Boone,3,18
Boone,1,19
Boone,3,20
Boone,7,21
Boone,1,22
Boone,3,23
Boones Mill,3,0
Boones Mill,7,1
Boones Mill,1,4
Boones Mill,4,6
Boones Mill,5,7
Boones Mill,4,8
Boones Mill,1,9
Boones Mill,2,10
Boones Mill,2,11
Boones Mill,3,12
Boones Mill,15,13
Boones Mill,7,14
Boones Mill,8,15
Boones Mill,10,16
Boones Mill,12,17
Boones Mill,7,18
Boones Mill,5,19
Boones Mill,5,20
Boones Mill,1,21
Boones Mill,2,23
Booneville,2,9
Booneville,5,10
Booneville,1,11
Booneville,1,12
Booneville,2,14
Booneville,3,15
Booneville,1,16
Booneville,2,18
Booneville,2,21
Boonsboro,1,2
Boonsboro,1,3
Boonsboro,7,4
Boonsboro,7,5
Boonsboro,10,6
Boonsboro,17,7
Boonsboro,7,8
Boonsboro,7,9
Boonsboro,5,10
Boonsboro,4,11
Boonsboro,22,12
Boonsboro,7,13
Boonsboro,15,14
Boonsboro,8,15
Boonsboro,23,16
Boonsboro,12,17
Boonsboro,4,18
Boonsboro,9,19
Boonsboro,3,20
Boonsboro,1,21
Boonsboro,1,23
Boonton,2,4
Boonton,1,5
Boonton,5,6
Boonton,2,7
Boonton,7,8
Boonton,2,10
Boonton,1,12
Boonton,2,13
Boonton,3,14
Boonton,1,15
Boonton,7,17
Boonton,1,18
Boonton,4,19
Boonton,1,20
Boonton,1,22
Boonton,1,23
Boonville,12,0
Boonville,2,1
Boonville,3,2
Boonville,2,4
Boonville,2,5
Boonville,10,6
Boonville,16,7
Boonville,5,8
Boonville,6,9
Boonville,6,10
Boonville,1,11
Boonville,5,12
Boonville,7,13
Boonville,3,14
Boonville,9,15
Boonville,12,16
Boonville,12,17
Boonville,7,18
Boonville,8,19
Boonville,4,20
Boonville,4,21
Boonville,3,22
Boonville,5,23
Borden,1,5
Borden,1,7
Bordentown,12,0
Bordentown,12,1
Bordentown,8,2
Bordentown,7,3
Bordentown,18,4
Bordentown,33,5
Bordentown,19,6
Bordentown,42,7
Bordentown,33,8
Bordentown,20,9
Bordentown,17,10
Bordentown,22,11
Bordentown,41,12
Bordentown,36,13
Bordentown,32,14
Bordentown,34,15
Bordentown,34,16
Bordentown,29,17
Bordentown,30,18
Bordentown,28,19
Bordentown,11,20
Bordentown,16,21
Bordentown,12,22
Bordentown,9,23
Borger,6,12
Borger,1,13
Borger,1,15
Borger,1,16
Boring,4,0
Boring,2,3
Boring,11,4
Boring,3,5
Boring,7,6
Boring,10,7
Boring,5,8
Boring,5,9
Boring,1,10
Boring,9,11
Boring,1,12
Boring,5,13
Boring,12,14
Boring,14,15
Boring,14,16
Boring,4,17
Boring,2,18
Boring,5,19
Boring,5,20
Boring,11,21
Boring,1,23
Boron,3,0
Boron,5,1
Boron,2,4
Boron,9,5
Boron,5,6
Boron,8,7
Boron,3,8
Boron,3,9
Boron,4,10
Boron,5,11
Boron,5,12
Boron,12,13
Boron,6,14
Boron,8,15
Boron,9,16
Boron,2,17
Boron,8,18
Boron,6,19
Boron,9,20
Boron,4,21
Boron,4,22
Boron,4,23
Boscawen,1,5
Boscawen,1,7
Boscobel,1,8
Bosler,1,3
Bosler,2,6
Bosler,1,7
Bosler,2,8
Bosler,2,11
Bosler,6,16
Bosque,1,8
Bosque,1,9
Bosque,1,13
Bosque,1,15
Bosque,1,17
Bosque,1,18
Bosque,1,20
Bosque,2,21
Bosque Farms,1,8
Bosque Farms,2,10
Bosque Farms,2,11
Bosque Farms,1,15
Bosque Farms,1,16
Bosque Farms,3,17
Bossier City,1,1
Bossier City,4,2
Bossier City,1,3
Bossier City,2,4
Bossier City,7,5
Bossier City,10,6
Bossier City,42,7
Bossier City,30,8
Bossier City,10,9
Bossier City,8,10
Bossier City,15,11
Bossier City,18,12
Bossier City,19,13
Bossier City,30,14
Bossier City,31,15
Bossier City,27,16
Bossier City,51,17
Bossier City,24,18
Bossier City,10,19
Bossier City,3,20
Bossier City,8,21
Bossier City,1,22
Bostic,1,1
Bostic,2,10
Bostic,2,13
Bostic,4,14
Bostic,1,15
Boston,2,0
Boston,5,2
Boston,4,3
Boston,42,4
Boston,63,5
Boston,107,6
Boston,150,7
Boston,193,8
Boston,122,9
Boston,141,10
Boston,60,11
Boston,7,12
Boston,7,13
Boston,11,14
Boston,19,15
Boston,247,16
Boston,185,17
Boston,90,18
Boston,22,19
Boston,38,20
Boston,24,21
Boston,31,22
Boston,9,23
Boswell,4,0
Boswell,1,4
Boswell,5,5
Boswell,5,6
Boswell,1,7
Boswell,14,8
Boswell,7,9
Boswell,13,10
Boswell,3,11
Boswell,3,12
Boswell,10,13
Boswell,3,14
Boswell,6,15
Boswell,5,16
Boswell,8,17
Boswell,2,18
Boswell,1,19
Boswell,8,20
Boswell,6,21
Boswell,1,22
Boswell,3,23
Bothell,3,0
Bothell,5,1
Bothell,4,2
Bothell,9,4
Bothell,8,5
Bothell,16,6
Bothell,23,7
Bothell,14,8
Bothell,21,9
Bothell,8,10
Bothell,18,11
Bothell,26,12
Bothell,39,13
Bothell,22,14
Bothell,39,15
Bothell,31,16
Bothell,40,17
Bothell,38,18
Bothell,9,19
Bothell,5,20
Bothell,5,21
Bothell,7,22
Bothell,7,23
Botkins,1,0
Botkins,1,3
Botkins,3,7
Botkins,1,8
Botkins,1,9
Botkins,4,10
Botkins,1,11
Botkins,3,12
Botkins,1,14
Botkins,1,15
Botkins,2,16
Botkins,1,17
Botkins,3,18
Botkins,1,19
Botkins,2,20
Botkins,1,21
Botkins,1,22
Boulder,2,0
Boulder,1,1
Boulder,13,2
Boulder,1,3
Boulder,11,4
Boulder,8,5
Boulder,11,6
Boulder,15,7
Boulder,15,8
Boulder,33,9
Boulder,12,10
Boulder,10,11
Boulder,15,12
Boulder,14,13
Boulder,15,14
Boulder,15,15
Boulder,29,16
Boulder,44,17
Boulder,30,18
Boulder,10,19
Boulder,10,20
Boulder,1,21
Boulder,3,22
Boulder,4,23
Boulder Creek,12,0
Boulder Creek,8,1
Boulder Creek,5,2
Boulder Creek,5,3
Boulder Creek,2,4
Boulder Creek,6,5
Boulder Creek,8,6
Boulder Creek,16,7
Boulder Creek,13,8
Boulder Creek,21,9
Boulder Creek,9,10
Boulder Creek,12,11
Boulder Creek,11,12
Boulder Creek,21,13
Boulder Creek,24,14
Boulder Creek,33,15
Boulder Creek,14,16
Boulder Creek,18,17
Boulder Creek,17,18
Boulder Creek,20,19
Boulder Creek,18,20
Boulder Creek,6,21
Boulder Creek,9,22
Boulder Creek,8,23
Bound Brook,4,1
Bound Brook,2,2
Bound Brook,5,3
Bound Brook,3,4
Bound Brook,3,5
Bound Brook,6,7
Bound Brook,5,8
Bound Brook,6,10
Bound Brook,3,11
Bound Brook,5,12
Bound Brook,3,13
Bound Brook,10,14
Bound Brook,9,15
Bound Brook,7,16
Bound Brook,4,17
Bound Brook,9,18
Bound Brook,5,19
Bound Brook,4,22
Bound Brook,1,23
Bountiful,9,0
Bountiful,1,2
Bountiful,4,3
Bountiful,4,5
Bountiful,5,6
Bountiful,6,7
Bountiful,6,8
Bountiful,11,9
Bountiful,16,10
Bountiful,9,11
Bountiful,11,12
Bountiful,5,13
Bountiful,8,14
Bountiful,10,15
Bountiful,11,16
Bountiful,30,17
Bountiful,10,18
Bountiful,2,19
Bountiful,5,21
Bountiful,2,22
Bountiful,4,23
Bourbon,2,5
Bourbon,1,6
Bourbon,1,8
Bourbon,4,11
Bourbon,1,13
Bourbonnais,1,0
Bourbonnais,1,1
Bourbonnais,4,4
Bourbonnais,3,6
Bourbonnais,6,7
Bourbonnais,9,8
Bourbonnais,4,9
Bourbonnais,3,10
Bourbonnais,3,11
Bourbonnais,4,12
Bourbonnais,3,13
Bourbonnais,1,14
Bourbonnais,4,15
Bourbonnais,3,16
Bourbonnais,2,18
Bourbonnais,2,19
Bourbonnais,1,20
Bourbonnais,1,21
Bourbonnais,1,22
Bourg,3,12
Bourg,1,13
Bourg,1,14
Bouse,1,1
Bouse,10,8
Bouse,1,10
Bouse,1,11
Bouse,1,12
Bouse,1,14
Bouse,3,19
Bouse,1,20
Bouse,1,21
Bouton,1,15
Bovey,1,0
Bovey,1,1
Bovey,2,4
Bovey,3,5
Bovey,4,6
Bovey,4,7
Bovey,8,8
Bovey,1,9
Bovey,2,10
Bovey,2,11
Bovey,2,12
Bovey,3,13
Bovey,1,14
Bovey,3,15
Bovey,3,16
Bovey,2,17
Bovey,2,18
Bovey,1,21
Bovey,2,23
Bow,1,0
Bow,2,4
Bow,1,5
Bow,1,6
Bow,6,7
Bow,3,8
Bow,5,9
Bow,16,10
Bow,3,11
Bow,2,12
Bow,4,13
Bow,6,14
Bow,4,15
Bow,7,16
Bow,5,17
Bow,5,18
Bow,3,19
Bow,2,20
Bowbells,1,6
Bowdoinham,1,10
Bowdoinham,1,11
Bowdoinham,1,16
Bowdoinham,1,19
Bowdon,1,1
Bowdon,1,8
Bowdon,1,10
Bowdon,5,12
Bowdon,1,15
Bowdon,2,17
Bowdon,2,23
Bowerston,4,2
Bowersville,1,16
Bowie,9,0
Bowie,9,1
Bowie,11,2
Bowie,20,3
Bowie,15,4
Bowie,10,5
Bowie,25,6
Bowie,30,7
Bowie,26,8
Bowie,21,9
Bowie,27,10
Bowie,27,11
Bowie,19,12
Bowie,4,13
Bowie,22,14
Bowie,22,15
Bowie,27,16
Bowie,19,17
Bowie,18,18
Bowie,14,19
Bowie,7,20
Bowie,10,21
Bowie,18,22
Bowie,7,23
Bowler,1,7
Bowler,1,20
Bowling Green,2,0
Bowling Green,3,1
Bowling Green,5,2
Bowling Green,2,3
Bowling Green,11,4
Bowling Green,5,5
Bowling Green,9,6
Bowling Green,24,7
Bowling Green,16,8
Bowling Green,9,9
Bowling Green,4,10
Bowling Green,13,11
Bowling Green,14,12
Bowling Green,19,13
Bowling Green,12,14
Bowling Green,9,15
Bowling Green,19,16
Bowling Green,12,17
Bowling Green,16,18
Bowling Green,15,19
Bowling Green,4,20
Bowling Green,5,21
Bowling Green,5,22
Bowling Green,1,23
Bowlus,3,1
Bowlus,1,6
Bowlus,3,15
Bowlus,2,16
Bowlus,2,18
Bowman,9,0
Bowman,9,1
Bowman,5,2
Bowman,6,3
Bowman,21,4
Bowman,14,5
Bowman,23,6
Bowman,26,7
Bowman,35,8
Bowman,26,9
Bowman,42,10
Bowman,52,11
Bowman,54,12
Bowman,30,13
Bowman,49,14
Bowman,33,15
Bowman,44,16
Bowman,23,17
Bowman,21,18
Bowman,15,19
Bowman,11,20
Bowman,17,21
Bowman,7,22
Bowman,10,23
Bowmanstown,1,2
Bowmansville,1,8
Bowmansville,1,18
Bowmansville,3,23
Box Elder,1,6
Box Elder,2,8
Box Elder,1,9
Box Elder,1,12
Box Elder,1,13
Box Elder,3,18
Box Elder,1,19
Box Elder,2,21
Box Springs,1,4
Box Springs,4,8
Box Springs,5,11
Box Springs,1,12
Boxborough,4,7
Boxborough,5,8
Boxborough,2,9
Boxborough,1,10
Boxborough,1,11
Boxborough,1,13
Boxborough,1,14
Boxborough,2,15
Boxborough,7,16
Boxborough,2,17
Boxborough,2,18
Boxborough,1,19
Boxborough,1,21
Boxford,1,4
Boxford,3,5
Boxford,2,6
Boxford,5,7
Boxford,4,8
Boxford,5,9
Boxford,3,10
Boxford,1,11
Boxford,1,14
Boxford,1,15
Boxford,4,16
Boxford,6,17
Boxford,1,22
Boxholm,1,9
Boyce,2,4
Boyce,1,5
Boyce,3,6
Boyce,1,7
Boyce,5,11
Boyce,1,12
Boyce,4,13
Boyce,3,14
Boyce,2,15
Boyce,13,16
Boyce,7,17
Boyce,4,18
Boyce,4,19
Boyce,7,21
Boyce,2,22
Boyd,2,23
Boyds,3,6
Boyds,5,7
Boyds,1,8
Boyds,1,9
Boyds,1,10
Boyds,3,11
Boyds,1,12
Boyds,1,13
Boyds,2,14
Boyds,9,15
Boyds,1,16
Boyds,1,17
Boyds,4,18
Boydton,3,0
Boydton,1,2
Boydton,1,3
Boydton,2,4
Boydton,1,5
Boydton,10,6
Boydton,13,7
Boydton,9,8
Boydton,8,9
Boydton,1,10
Boydton,7,11
Boydton,7,12
Boydton,6,13
Boydton,3,14
Boydton,2,15
Boydton,1,16
Boydton,4,17
Boydton,3,18
Boydton,2,19
Boydton,2,20
Boydton,2,21
Boydton,2,23
Boyertown,1,6
Boyertown,6,9
Boyertown,2,11
Boyertown,2,13
Boyertown,5,15
Boyertown,1,18
Boyertown,1,19
Boyertown,1,20
Boyertown,1,22
Boyertown,1,23
Boyes,3,8
Boyes,1,10
Boyes,1,12
Boyes,1,14
Boylston,1,8
Boyne City,1,7
Boyne Falls,2,4
Boyne Falls,1,13
Boyne Falls,2,15
Boyne Falls,4,19
Boynton Beach,6,0
Boynton Beach,14,1
Boynton Beach,6,2
Boynton Beach,6,3
Boynton Beach,22,4
Boynton Beach,40,5
Boynton Beach,103,6
Boynton Beach,135,7
Boynton Beach,115,8
Boynton Beach,45,9
Boynton Beach,52,10
Boynton Beach,37,11
Boynton Beach,46,12
Boynton Beach,55,13
Boynton Beach,57,14
Boynton Beach,92,15
Boynton Beach,83,16
Boynton Beach,106,17
Boynton Beach,41,18
Boynton Beach,22,19
Boynton Beach,18,20
Boynton Beach,19,21
Boynton Beach,16,22
Boynton Beach,23,23
Boys Town,1,7
Boys Town,1,9
Boys Town,1,10
Boys Town,1,11
Boys Town,1,16
Boys Town,1,17
Boys Town,1,18
Bozeman,34,0
Bozeman,29,1
Bozeman,37,2
Bozeman,36,3
Bozeman,20,4
Bozeman,45,5
Bozeman,83,6
Bozeman,94,7
Bozeman,106,8
Bozeman,87,9
Bozeman,75,10
Bozeman,104,11
Bozeman,52,12
Bozeman,49,13
Bozeman,67,14
Bozeman,74,15
Bozeman,67,16
Bozeman,104,17
Bozeman,66,18
Bozeman,74,19
Bozeman,65,20
Bozeman,58,21
Bozeman,48,22
Bozeman,40,23
Bozrah,3,4
Bozrah,1,17
Bozrah,2,19
Braceville,2,0
Braceville,4,3
Braceville,1,5
Braceville,1,6
Braceville,1,9
Braceville,1,10
Braceville,1,11
Braceville,1,15
Braceville,1,18
Braceville,1,20
Braceville,1,22
Braceville,1,23
Bracey,2,1
Bracey,1,2
Bracey,3,4
Bracey,2,5
Bracey,3,6
Bracey,4,7
Bracey,1,8
Bracey,8,9
Bracey,7,11
Bracey,2,12
Bracey,2,13
Bracey,1,14
Bracey,5,15
Bracey,3,16
Bracey,3,17
Bracey,1,18
Bracey,4,19
Bracey,6,20
Bracey,12,21
Bracey,5,22
Brackenridge,1,14
Brackettville,1,7
Brackettville,2,13
Brackettville,1,15
Braddock,1,4
Braddock,1,6
Braddock,3,7
Braddock,2,17
Braddock,1,18
Braddock,3,22
Bradenton,53,0
Bradenton,52,1
Bradenton,49,2
Bradenton,50,3
Bradenton,131,4
Bradenton,145,5
Bradenton,337,6
Bradenton,469,7
Bradenton,486,8
Bradenton,199,9
Bradenton,174,10
Bradenton,260,11
Bradenton,330,12
Bradenton,367,13
Bradenton,581,14
Bradenton,920,15
Bradenton,740,16
Bradenton,724,17
Bradenton,432,18
Bradenton,222,19
Bradenton,145,20
Bradenton,136,21
Bradenton,113,22
Bradenton,67,23
Bradenton Beach,1,0
Bradenton Beach,1,1
Bradenton Beach,2,8
Bradenton Beach,1,9
Bradenton Beach,1,10
Bradenton Beach,2,13
Bradenton Beach,2,14
Bradenton Beach,1,15
Bradenton Beach,2,16
Bradenton Beach,1,17
Bradenton Beach,2,19
Bradenton Beach,1,20
Bradenton Beach,2,21
Bradenton Beach,2,23
Bradenville,6,0
Bradenville,1,1
Bradenville,2,14
Bradenville,1,15
Bradenville,1,16
Bradenville,2,20
Bradenville,2,23
Bradford,9,0
Bradford,9,1
Bradford,1,2
Bradford,6,3
Bradford,7,4
Bradford,3,5
Bradford,3,6
Bradford,26,7
Bradford,17,8
Bradford,10,9
Bradford,13,10
Bradford,16,11
Bradford,18,12
Bradford,8,13
Bradford,11,14
Bradford,22,15
Bradford,31,16
Bradford,14,17
Bradford,11,18
Bradford,5,19
Bradford,4,20
Bradford,15,21
Bradford,23,23
Bradgate,2,18
Bradley,4,0
Bradley,4,1
Bradley,7,2
Bradley,3,3
Bradley,11,4
Bradley,3,5
Bradley,14,6
Bradley,11,7
Bradley,15,8
Bradley,8,9
Bradley,7,10
Bradley,11,11
Bradley,7,12
Bradley,5,13
Bradley,6,14
Bradley,9,15
Bradley,20,16
Bradley,9,17
Bradley,11,18
Bradley,7,19
Bradley,5,20
Bradley,7,21
Bradley,5,22
Bradley,6,23
Bradley Beach,4,13
Bradner,4,8
Brady,1,0
Brady,1,2
Brady,1,4
Brady,1,8
Brady,2,9
Brady,1,11
Brady,6,12
Brady,9,13
Brady,2,14
Brady,2,15
Brady,1,19
Brady,1,20
Brady,1,22
Bradyville,1,13
Braham,2,6
Braham,3,8
Braham,3,10
Braham,1,11
Braham,1,12
Braham,4,13
Braham,2,14
Braham,7,15
Braham,4,16
Braham,3,17
Braham,3,18
Braham,1,20
Braidwood,1,3
Braidwood,3,4
Braidwood,1,6
Braidwood,3,7
Braidwood,4,8
Braidwood,4,9
Braidwood,2,10
Braidwood,2,11
Braidwood,2,12
Braidwood,3,13
Braidwood,2,15
Braidwood,2,16
Braidwood,1,18
Braidwood,2,19
Braidwood,1,20
Braidwood,5,22
Brainard,2,6
Brainard,2,8
Brainerd,4,0
Brainerd,2,1
Brainerd,8,2
Brainerd,4,3
Brainerd,2,5
Brainerd,17,6
Brainerd,21,7
Brainerd,11,8
Brainerd,10,9
Brainerd,21,10
Brainerd,16,11
Brainerd,16,12
Brainerd,5,13
Brainerd,16,14
Brainerd,26,15
Brainerd,17,16
Brainerd,17,17
Brainerd,16,18
Brainerd,18,19
Brainerd,7,20
Brainerd,17,21
Brainerd,9,22
Brainerd,7,23
Braintree,1,2
Braintree,5,4
Braintree,31,5
Braintree,31,6
Braintree,27,7
Braintree,30,8
Braintree,25,9
Braintree,12,10
Braintree,2,11
Braintree,6,13
Braintree,6,14
Braintree,10,15
Braintree,46,16
Braintree,38,17
Braintree,13,18
Braintree,3,19
Braintree,2,20
Braintree,2,21
Braintree,2,22
Branch,2,22
Branchville,1,0
Branchville,2,2
Branchville,3,3
Branchville,3,4
Branchville,4,5
Branchville,2,6
Branchville,5,7
Branchville,1,8
Branchville,1,9
Branchville,9,10
Branchville,1,11
Branchville,1,12
Branchville,1,13
Branchville,3,14
Branchville,2,15
Branchville,1,16
Branchville,3,17
Branchville,1,18
Branchville,2,19
Branchville,3,20
Branchville,5,21
Branchville,2,22
Branchville,3,23
Brandamore,1,11
Brandon,12,0
Brandon,7,1
Brandon,4,2
Brandon,28,3
Brandon,35,4
Brandon,40,5
Brandon,61,6
Brandon,95,7
Brandon,106,8
Brandon,47,9
Brandon,52,10
Brandon,74,11
Brandon,134,12
Brandon,146,13
Brandon,157,14
Brandon,144,15
Brandon,130,16
Brandon,106,17
Brandon,66,18
Brandon,39,19
Brandon,21,20
Brandon,21,21
Brandon,14,22
Brandon,12,23
Brandy Station,3,6
Brandy Station,3,7
Brandy Station,2,8
Brandy Station,1,12
Brandy Station,1,13
Brandy Station,2,15
Brandy Station,2,16
Brandy Station,2,17
Brandy Station,1,18
Brandy Station,1,20
Brandy Station,2,22
Brandywine,11,0
Brandywine,6,1
Brandywine,5,2
Brandywine,11,3
Brandywine,15,4
Brandywine,16,5
Brandywine,39,6
Brandywine,38,7
Brandywine,28,8
Brandywine,10,9
Brandywine,27,10
Brandywine,23,11
Brandywine,37,12
Brandywine,41,13
Brandywine,31,14
Brandywine,45,15
Brandywine,48,16
Brandywine,37,17
Brandywine,34,18
Brandywine,24,19
Brandywine,12,20
Brandywine,11,21
Brandywine,6,22
Brandywine,9,23
Branford,7,0
Branford,9,1
Branford,2,2
Branford,3,3
Branford,4,4
Branford,6,5
Branford,11,6
Branford,18,7
Branford,18,8
Branford,8,9
Branford,2,10
Branford,16,11
Branford,12,12
Branford,14,13
Branford,10,14
Branford,31,15
Branford,32,16
Branford,35,17
Branford,32,18
Branford,20,19
Branford,9,20
Branford,14,21
Branford,12,22
Branford,8,23
Branscomb,2,6
Branscomb,1,9
Branscomb,1,11
Branscomb,1,17
Branscomb,2,18
Branson,1,9
Branson,1,13
Branson,1,16
Branson,1,19
Brant Lake,2,3
Brant Lake,3,4
Brant Lake,1,10
Brant Lake,1,17
Brantley,2,4
Brantley,1,6
Brantley,2,7
Brantley,2,8
Brantley,3,9
Brantley,1,10
Brantley,1,12
Brantley,1,13
Brantley,1,14
Brantley,4,15
Brantley,2,16
Brantley,3,17
Brantley,1,18
Brantley,3,19
Brantley,1,20
Braselton,1,0
Braselton,2,1
Braselton,2,4
Braselton,9,5
Braselton,6,6
Braselton,4,7
Braselton,7,8
Braselton,4,9
Braselton,4,10
Braselton,8,11
Braselton,13,12
Braselton,14,13
Braselton,7,14
Braselton,4,15
Braselton,6,16
Braselton,5,17
Braselton,2,18
Braselton,1,20
Braselton,3,21
Braselton,1,22
Brashear,1,6
Brasstown,5,1
Brasstown,3,6
Brasstown,1,8
Brasstown,1,15
Brattleboro,2,6
Brattleboro,1,8
Brattleboro,1,9
Brattleboro,1,14
Braxton,3,16
Braxton,1,18
Braxton,1,21
Brayton,1,3
Brayton,1,9
Brayton,1,10
Brayton,2,12
Brayton,1,15
Brayton,1,18
Brayton,1,21
Brayton,2,22
Brayton,1,23
Brazil,1,1
Brazil,1,2
Brazil,1,4
Brazil,3,5
Brazil,2,6
Brazil,2,7
Brazil,3,8
Brazil,9,9
Brazil,11,10
Brazil,10,11
Brazil,5,12
Brazil,4,13
Brazil,2,14
Brazil,1,15
Brazil,12,16
Brazil,11,17
Brazil,9,18
Brazil,14,19
Brazil,8,20
Brazil,7,21
Brazil,6,22
Brazil,4,23
Brazoria,2,3
Brazoria,1,15
Brazoria,1,18
Brazoria,2,20
Brea,10,0
Brea,2,1
Brea,10,2
Brea,7,3
Brea,20,4
Brea,46,5
Brea,110,6
Brea,56,7
Brea,56,8
Brea,63,9
Brea,79,10
Brea,42,11
Brea,52,12
Brea,77,13
Brea,94,14
Brea,64,15
Brea,72,16
Brea,79,17
Brea,57,18
Brea,13,19
Brea,16,20
Brea,15,21
Brea,13,22
Brea,20,23
Breaux Bridge,6,0
Breaux Bridge,5,1
Breaux Bridge,6,2
Breaux Bridge,11,3
Breaux Bridge,11,4
Breaux Bridge,5,5
Breaux Bridge,10,6
Breaux Bridge,9,7
Breaux Bridge,7,8
Breaux Bridge,7,9
Breaux Bridge,13,10
Breaux Bridge,12,11
Breaux Bridge,5,12
Breaux Bridge,5,13
Breaux Bridge,20,14
Breaux Bridge,23,15
Breaux Bridge,15,16
Breaux Bridge,14,17
Breaux Bridge,20,18
Breaux Bridge,9,19
Breaux Bridge,7,20
Breaux Bridge,12,21
Breaux Bridge,12,22
Breaux Bridge,8,23
Breckenridge,1,0
Breckenridge,1,2
Breckenridge,4,3
Breckenridge,5,5
Breckenridge,6,7
Breckenridge,6,8
Breckenridge,4,9
Breckenridge,4,10
Breckenridge,2,12
Breckenridge,3,13
Breckenridge,6,14
Breckenridge,1,17
Breckenridge,5,18
Breckenridge,1,19
Breckenridge,1,20
Breckenridge,4,22
Breckenridge,3,23
Brecksville,2,5
Brecksville,2,6
Brecksville,3,7
Brecksville,1,9
Brecksville,1,11
Brecksville,3,12
Brecksville,3,13
Brecksville,1,14
Brecksville,1,15
Brecksville,4,16
Brecksville,1,17
Brecksville,2,18
Brecksville,1,22
Breese,3,13
Breezewood,4,0
Breezewood,1,1
Breezewood,2,2
Breezewood,9,4
Breezewood,2,5
Breezewood,3,6
Breezewood,2,7
Breezewood,2,8
Breezewood,9,9
Breezewood,5,10
Breezewood,14,11
Breezewood,19,12
Breezewood,19,13
Breezewood,19,14
Breezewood,14,15
Breezewood,6,16
Breezewood,6,17
Breezewood,7,18
Breezewood,6,19
Breezewood,2,20
Breezewood,5,21
Breezewood,4,22
Breezewood,3,23
Breezy Point,1,8
Breinigsville,9,0
Breinigsville,3,1
Breinigsville,1,4
Breinigsville,3,5
Breinigsville,3,6
Breinigsville,5,7
Breinigsville,3,8
Breinigsville,9,9
Breinigsville,2,10
Breinigsville,4,11
Breinigsville,4,12
Breinigsville,1,13
Breinigsville,2,14
Breinigsville,10,15
Breinigsville,5,16
Breinigsville,8,17
Breinigsville,4,18
Breinigsville,4,20
Breinigsville,4,21
Breinigsville,5,22
Breinigsville,5,23
Bremen,5,5
Bremen,4,6
Bremen,8,7
Bremen,3,8
Bremen,6,9
Bremen,4,10
Bremen,7,11
Bremen,5,12
Bremen,7,13
Bremen,12,14
Bremen,9,15
Bremen,5,16
Bremen,3,17
Bremen,4,18
Bremen,1,19
Bremen,1,20
Bremerton,3,0
Bremerton,1,1
Bremerton,1,2
Bremerton,2,3
Bremerton,3,4
Bremerton,4,5
Bremerton,7,6
Bremerton,19,7
Bremerton,10,8
Bremerton,6,9
Bremerton,3,10
Bremerton,6,11
Bremerton,10,12
Bremerton,9,13
Bremerton,22,14
Bremerton,6,15
Bremerton,7,16
Bremerton,12,17
Bremerton,6,18
Bremerton,9,19
Bremerton,1,21
Bremerton,4,22
Bremerton,5,23
Bremo Bluff,1,7
Bremo Bluff,6,11
Bremo Bluff,2,12
Bremo Bluff,9,13
Bremo Bluff,1,14
Bremo Bluff,2,15
Bremo Bluff,9,16
Bremond,1,16
Brenham,1,9
Brenham,1,15
Brent,3,9
Brent,1,10
Brent,2,11
Brent,1,12
Brent,1,15
Brent,1,21
Brentwood,35,0
Brentwood,20,1
Brentwood,8,2
Brentwood,8,3
Brentwood,36,4
Brentwood,68,5
Brentwood,95,6
Brentwood,169,7
Brentwood,145,8
Brentwood,57,9
Brentwood,49,10
Brentwood,74,11
Brentwood,63,12
Brentwood,72,13
Brentwood,107,14
Brentwood,176,15
Brentwood,220,16
Brentwood,243,17
Brentwood,143,18
Brentwood,63,19
Brentwood,32,20
Brentwood,34,21
Brentwood,24,22
Brentwood,18,23
Brevard,2,7
Brevard,8,8
Brevard,1,9
Brevard,3,10
Brevard,2,12
Brevard,4,13
Brevard,3,14
Brevard,3,17
Brevard,1,19
Brevard,6,23
Brewerton,5,5
Brewerton,3,11
Brewerton,3,14
Brewerton,2,16
Brewerton,3,18
Brewerton,1,19
Brewerton,3,20
Brewerton,1,21
Brewster,7,0
Brewster,5,1
Brewster,5,2
Brewster,11,3
Brewster,12,4
Brewster,7,5
Brewster,65,6
Brewster,102,7
Brewster,71,8
Brewster,34,9
Brewster,26,10
Brewster,50,11
Brewster,34,12
Brewster,52,13
Brewster,72,14
Brewster,100,15
Brewster,55,16
Brewster,73,17
Brewster,68,18
Brewster,34,19
Brewster,17,20
Brewster,17,21
Brewster,19,22
Brewster,12,23
Brewton,1,4
Brewton,1,5
Brewton,3,6
Brewton,4,8
Brewton,2,9
Brewton,2,11
Brewton,8,12
Brewton,2,13
Brewton,1,16
Brewton,4,17
Brewton,1,21
Brewton,3,22
Brian Head,1,0
Brian Head,1,3
Brian Head,1,4
Brian Head,2,5
Brian Head,2,7
Brian Head,3,8
Brian Head,1,9
Brian Head,2,10
Brian Head,1,11
Brian Head,3,13
Brian Head,6,15
Brian Head,1,16
Brian Head,1,18
Brian Head,1,23
Briarcliff Manor,4,4
Briarcliff Manor,5,5
Briarcliff Manor,15,6
Briarcliff Manor,25,7
Briarcliff Manor,29,8
Briarcliff Manor,10,9
Briarcliff Manor,3,10
Briarcliff Manor,2,11
Briarcliff Manor,5,12
Briarcliff Manor,2,13
Briarcliff Manor,1,14
Briarcliff Manor,16,15
Briarcliff Manor,10,16
Briarcliff Manor,8,17
Briarcliff Manor,1,18
Briarcliff Manor,2,19
Briarcliff Manor,4,20
Briarcliff Manor,2,22
Briarcliff Manor,4,23
Bricelyn,1,0
Bricelyn,4,2
Bricelyn,2,3
Bricelyn,1,4
Bricelyn,3,8
Bricelyn,1,9
Bricelyn,1,12
Bricelyn,1,14
Bricelyn,2,16
Bricelyn,1,17
Bricelyn,1,21
Bricelyn,7,23
Briceville,4,18
Brick,6,0
Brick,2,1
Brick,6,2
Brick,5,3
Brick,12,4
Brick,1,5
Brick,7,6
Brick,21,7
Brick,7,8
Brick,2,9
Brick,3,10
Brick,1,11
Brick,7,12
Brick,10,13
Brick,17,14
Brick,12,15
Brick,15,16
Brick,26,17
Brick,18,18
Brick,1,19
Brick,1,20
Brick,5,21
Brick,6,22
Brick,6,23
Bridal Veil,5,0
Bridal Veil,1,1
Bridal Veil,1,2
Bridal Veil,1,3
Bridal Veil,1,5
Bridal Veil,1,6
Bridal Veil,2,8
Bridal Veil,7,9
Bridal Veil,4,10
Bridal Veil,1,11
Bridal Veil,3,12
Bridal Veil,1,14
Bridal Veil,1,15
Bridal Veil,3,16
Bridal Veil,2,17
Bridal Veil,4,19
Bridal Veil,1,20
Bridal Veil,1,23
Bridge City,1,6
Bridge City,1,7
Bridgehampton,1,7
Bridgehampton,1,8
Bridgehampton,1,9
Bridgehampton,1,12
Bridgehampton,5,15
Bridgehampton,2,16
Bridgehampton,1,17
Bridgehampton,2,21
Bridgehampton,4,22
Bridgeport,11,0
Bridgeport,40,1
Bridgeport,14,2
Bridgeport,7,3
Bridgeport,22,4
Bridgeport,62,5
Bridgeport,38,6
Bridgeport,46,7
Bridgeport,73,8
Bridgeport,66,9
Bridgeport,64,10
Bridgeport,52,11
Bridgeport,63,12
Bridgeport,64,13
Bridgeport,66,14
Bridgeport,73,15
Bridgeport,113,16
Bridgeport,113,17
Bridgeport,71,18
Bridgeport,61,19
Bridgeport,31,20
Bridgeport,56,21
Bridgeport,41,22
Bridgeport,36,23
Bridger,1,1
Bridger,1,2
Bridger,1,3
Bridger,1,6
Bridger,2,7
Bridger,1,8
Bridger,2,9
Bridger,1,10
Bridger,1,14
Bridger,1,15
Bridger,2,16
Bridger,2,17
Bridger,5,18
Bridger,2,20
Bridger,2,21
Bridger,1,22
Bridgeton,3,0
Bridgeton,5,1
Bridgeton,1,2
Bridgeton,1,3
Bridgeton,8,4
Bridgeton,9,5
Bridgeton,25,6
Bridgeton,27,7
Bridgeton,29,8
Bridgeton,6,9
Bridgeton,7,10
Bridgeton,17,11
Bridgeton,8,12
Bridgeton,11,13
Bridgeton,20,14
Bridgeton,15,15
Bridgeton,25,16
Bridgeton,31,17
Bridgeton,20,18
Bridgeton,20,19
Bridgeton,5,20
Bridgeton,5,21
Bridgeton,7,22
Bridgeton,2,23
Bridgeview,3,0
Bridgeview,3,1
Bridgeview,2,2
Bridgeview,5,3
Bridgeview,5,4
Bridgeview,9,5
Bridgeview,24,6
Bridgeview,16,7
Bridgeview,17,8
Bridgeview,15,9
Bridgeview,5,10
Bridgeview,6,11
Bridgeview,10,12
Bridgeview,11,13
Bridgeview,15,14
Bridgeview,19,15
Bridgeview,13,16
Bridgeview,13,17
Bridgeview,4,18
Bridgeview,10,19
Bridgeview,6,20
Bridgeview,5,21
Bridgeview,6,22
Bridgeview,4,23
Bridgeville,6,0
Bridgeville,3,1
Bridgeville,2,2
Bridgeville,3,3
Bridgeville,2,4
Bridgeville,5,5
Bridgeville,9,6
Bridgeville,19,7
Bridgeville,13,8
Bridgeville,11,9
Bridgeville,13,10
Bridgeville,16,11
Bridgeville,12,12
Bridgeville,15,13
Bridgeville,21,14
Bridgeville,17,15
Bridgeville,19,16
Bridgeville,15,17
Bridgeville,6,18
Bridgeville,10,19
Bridgeville,10,20
Bridgeville,21,21
Bridgeville,12,22
Bridgeville,8,23
Bridgewater,6,0
Bridgewater,2,1
Bridgewater,1,2
Bridgewater,3,3
Bridgewater,8,4
Bridgewater,6,5
Bridgewater,9,6
Bridgewater,20,7
Bridgewater,17,8
Bridgewater,13,9
Bridgewater,12,10
Bridgewater,8,11
Bridgewater,13,12
Bridgewater,16,13
Bridgewater,11,14
Bridgewater,26,15
Bridgewater,48,16
Bridgewater,23,17
Bridgewater,15,18
Bridgewater,5,19
Bridgewater,2,20
Bridgewater,3,21
Bridgewater,10,22
Bridgewater,1,23
Bridgman,1,1
Bridgman,3,2
Bridgman,1,3
Bridgman,5,5
Bridgman,2,7
Bridgman,4,8
Bridgman,6,9
Bridgman,5,10
Bridgman,1,12
Bridgman,4,13
Bridgman,1,15
Bridgman,2,16
Bridgman,4,17
Bridgman,4,18
Bridgman,3,19
Bridgman,1,20
Bridgman,3,21
Bridgman,2,22
Bridgton,1,17
Bridgton,1,21
Brielle,2,13
Brielle,2,15
Brielle,4,18
Brielle,2,20
Brierfield,1,12
Brierfield,1,13
Brierfield,1,20
Brierfield,1,21
Briggs,2,6
Briggsdale,1,5
Briggsdale,2,6
Brigham City,5,0
Brigham City,4,1
Brigham City,4,2
Brigham City,3,3
Brigham City,7,4
Brigham City,7,5
Brigham City,14,6
Brigham City,11,7
Brigham City,14,8
Brigham City,17,9
Brigham City,15,10
Brigham City,19,11
Brigham City,7,12
Brigham City,16,13
Brigham City,13,14
Brigham City,13,15
Brigham City,13,16
Brigham City,5,17
Brigham City,16,18
Brigham City,1,19
Brigham City,12,20
Brigham City,5,21
Brigham City,14,22
Brigham City,4,23
Brighton,5,0
Brighton,4,1
Brighton,5,2
Brighton,4,3
Brighton,9,4
Brighton,34,5
Brighton,45,6
Brighton,66,7
Brighton,52,8
Brighton,39,9
Brighton,26,10
Brighton,26,11
Brighton,38,12
Brighton,40,13
Brighton,43,14
Brighton,48,15
Brighton,64,16
Brighton,53,17
Brighton,46,18
Brighton,23,19
Brighton,15,20
Brighton,8,21
Brighton,9,22
Brighton,10,23
Brightwaters,1,4
Brightwaters,1,7
Brightwood,2,7
Brightwood,1,9
Brightwood,1,10
Brightwood,2,11
Brightwood,1,15
Brightwood,1,17
Brightwood,2,18
Brilliant,1,0
Brilliant,1,6
Brilliant,1,11
Brilliant,2,14
Brilliant,1,15
Brilliant,1,16
Brilliant,1,18
Brillion,1,4
Brillion,1,6
Brillion,1,9
Brimfield,4,4
Brimfield,3,6
Brimfield,2,7
Brimfield,1,10
Brimfield,2,11
Brimfield,1,13
Brimfield,1,14
Brimfield,1,16
Brimfield,2,17
Brimfield,1,18
Brimfield,2,20
Brimfield,1,21
Brimfield,3,23
Brinkley,2,0
Brinkley,1,2
Brinkley,3,4
Brinkley,1,6
Brinkley,4,8
Brinkley,6,9
Brinkley,8,10
Brinkley,6,11
Brinkley,25,12
Brinkley,6,13
Brinkley,9,14
Brinkley,3,15
Brinkley,8,16
Brinkley,1,17
Brinkley,4,18
Brinkley,3,19
Brinkley,1,20
Brinkley,4,22
Brinkley,2,23
Brinklow,1,7
Brinklow,3,9
Brinnon,1,4
Brinnon,2,6
Brinnon,1,8
Brinnon,6,10
Brinnon,7,11
Brinnon,1,12
Brinnon,1,13
Brinnon,1,14
Brinnon,1,15
Brinnon,3,16
Brinnon,1,17
Brinnon,2,18
Brinnon,1,19
Brinnon,4,20
Brinnon,1,23
Briones,3,16
Briones,1,18
Brisbane,4,0
Brisbane,3,1
Brisbane,1,2
Brisbane,3,3
Brisbane,8,4
Brisbane,6,5
Brisbane,11,6
Brisbane,8,7
Brisbane,10,8
Brisbane,8,9
Brisbane,2,10
Brisbane,7,11
Brisbane,1,12
Brisbane,4,13
Brisbane,3,14
Brisbane,4,15
Brisbane,15,16
Brisbane,14,17
Brisbane,10,18
Brisbane,13,19
Brisbane,5,20
Brisbane,3,21
Brisbane,1,22
Brisbane,6,23
Brisbin,1,4
Bristol,8,0
Bristol,9,1
Bristol,7,2
Bristol,18,3
Bristol,25,4
Bristol,12,5
Bristol,15,6
Bristol,29,7
Bristol,36,8
Bristol,24,9
Bristol,16,10
Bristol,25,11
Bristol,22,12
Bristol,31,13
Bristol,39,14
Bristol,37,15
Bristol,51,16
Bristol,41,17
Bristol,24,18
Bristol,32,19
Bristol,16,20
Bristol,14,21
Bristol,19,22
Bristol,11,23
Bristolville,1,17
Bristow,3,4
Bristow,6,5
Bristow,3,6
Bristow,18,7
Bristow,7,8
Bristow,2,9
Bristow,8,10
Bristow,2,11
Bristow,4,12
Bristow,6,13
Bristow,2,14
Bristow,8,15
Bristow,8,16
Bristow,8,17
Bristow,7,18
Bristow,9,19
Bristow,5,20
Bristow,1,21
Bristow,7,22
Britt,2,1
Britt,1,8
Britt,1,9
Britt,3,10
Britt,1,11
Britt,1,13
Britt,1,15
Britt,1,18
Britt,2,19
Britt,2,21
Britt,1,22
Britt,2,23
Broad Brook,4,18
Broad Channel,2,8
Broad Channel,1,16
Broad Channel,1,18
Broad Run,11,2
Broad Run,1,3
Broad Run,1,4
Broad Run,1,5
Broad Run,8,6
Broad Run,5,7
Broad Run,2,8
Broad Run,1,9
Broad Run,1,10
Broad Run,6,11
Broad Run,2,12
Broad Run,1,13
Broad Run,4,14
Broad Run,10,15
Broad Run,7,16
Broad Run,6,17
Broad Run,9,18
Broad Run,3,19
Broad Run,4,21
Broad Run,1,23
Broad Top,1,0
Broad Top,1,5
Broad Top,1,6
Broad Top,1,18
Broad Top,1,19
Broad Top,1,22
Broad Top,1,23
Broadalbin,2,11
Broadalbin,7,17
Broadbent,1,3
Broadbent,4,4
Broadbent,1,5
Broadbent,1,8
Broadbent,1,10
Broadbent,1,11
Broadbent,1,15
Broadbent,5,16
Broadbent,2,19
Broadbent,1,21
Broadbent,1,23
Broadlands,3,8
Broadlands,1,18
Broadlands,1,19
Broadus,1,0
Broadus,3,3
Broadus,1,7
Broadus,4,8
Broadus,10,9
Broadus,1,10
Broadus,1,11
Broadus,3,14
Broadus,1,15
Broadus,3,17
Broadus,1,18
Broadus,3,19
Broadus,3,22
Broadview,1,4
Broadview,1,5
Broadview,3,6
Broadview,2,7
Broadview,2,8
Broadview,1,11
Broadview,2,12
Broadview,1,15
Broadview,1,17
Broadview,1,19
Broadview,1,23
Broadview Heights,1,4
Broadview Heights,6,7
Broadview Heights,3,8
Broadview Heights,3,9
Broadview Heights,1,13
Broadview Heights,1,14
Broadview Heights,3,15
Broadview Heights,1,16
Broadview Heights,1,17
Broadview Heights,1,18
Broadview Heights,1,19
Broadway,5,1
Broadway,4,3
Broadway,4,4
Broadway,7,5
Broadway,8,6
Broadway,7,7
Broadway,12,8
Broadway,7,9
Broadway,4,10
Broadway,3,11
Broadway,9,12
Broadway,11,13
Broadway,11,14
Broadway,22,15
Broadway,18,16
Broadway,22,17
Broadway,24,18
Broadway,20,19
Broadway,3,20
Broadway,5,21
Broadway,2,22
Broadway,3,23
Brockport,5,0
Brockport,2,1
Brockport,6,2
Brockport,5,4
Brockport,12,5
Brockport,21,6
Brockport,22,7
Brockport,13,8
Brockport,8,9
Brockport,9,10
Brockport,7,11
Brockport,7,12
Brockport,6,13
Brockport,10,14
Brockport,13,15
Brockport,12,16
Brockport,20,17
Brockport,9,18
Brockport,6,19
Brockport,4,20
Brockport,1,21
Brockport,3,22
Brockport,3,23
Brockton,2,1
Brockton,3,2
Brockton,4,4
Brockton,2,5
Brockton,12,6
Brockton,9,7
Brockton,7,8
Brockton,6,9
Brockton,7,10
Brockton,3,11
Brockton,2,13
Brockton,2,14
Brockton,5,16
Brockton,7,17
Brockton,6,18
Brockton,5,19
Brockton,1,20
Brockton,1,21
Brockton,1,23
Brockway,1,0
Brockway,1,1
Brockway,3,4
Brockway,3,6
Brockway,1,7
Brockway,14,9
Brockway,5,10
Brockway,1,11
Brockway,2,15
Brockway,10,16
Brockway,6,17
Brockway,1,18
Brockway,5,19
Brockway,3,21
Brockway,3,22
Brockwell,3,6
Brocton,2,0
Brocton,1,1
Brocton,1,2
Brocton,2,6
Brocton,1,7
Brocton,1,9
Brocton,1,11
Brocton,4,12
Brocton,1,13
Brocton,2,15
Brocton,3,16
Brocton,2,20
Brocton,1,22
Brodheadsville,2,2
Brodheadsville,4,6
Brodheadsville,1,8
Brodheadsville,1,10
Brodheadsville,1,15
Brodnax,1,0
Brodnax,2,1
Brodnax,6,2
Brodnax,5,3
Brodnax,11,4
Brodnax,7,5
Brodnax,12,6
Brodnax,8,7
Brodnax,12,8
Brodnax,9,9
Brodnax,8,10
Brodnax,8,11
Brodnax,8,12
Brodnax,3,13
Brodnax,8,14
Brodnax,12,15
Brodnax,13,16
Brodnax,10,17
Brodnax,8,18
Brodnax,7,19
Brodnax,8,20
Brodnax,3,21
Brodnax,4,22
Brodnax,5,23
Brogan,1,4
Brogan,1,5
Brogan,2,7
Brogan,2,17
Brogue,1,1
Brogue,3,3
Brogue,7,5
Brogue,2,7
Brogue,1,8
Brogue,3,11
Brogue,8,15
Brogue,1,18
Broken Arrow,1,2
Broken Arrow,1,4
Broken Arrow,1,5
Broken Arrow,8,6
Broken Arrow,15,7
Broken Arrow,19,8
Broken Arrow,4,9
Broken Arrow,9,10
Broken Arrow,6,11
Broken Arrow,2,12
Broken Arrow,3,13
Broken Arrow,8,14
Broken Arrow,11,15
Broken Arrow,5,16
Broken Arrow,6,17
Broken Arrow,2,18
Broken Arrow,4,19
Broken Arrow,1,20
Bronson,2,0
Bronson,2,1
Bronson,1,2
Bronson,1,6
Bronson,3,7
Bronson,9,8
Bronson,1,9
Bronson,2,10
Bronson,2,11
Bronson,2,12
Bronson,2,13
Bronson,4,14
Bronson,2,15
Bronson,2,16
Bronson,4,17
Bronson,3,18
Bronson,1,19
Bronson,2,20
Bronson,1,21
Bronson,1,22
Bronson,1,23
Bronston,1,13
Bronx,243,0
Bronx,195,1
Bronx,152,2
Bronx,152,3
Bronx,239,4
Bronx,398,5
Bronx,598,6
Bronx,435,7
Bronx,428,8
Bronx,356,9
Bronx,386,10
Bronx,388,11
Bronx,377,12
Bronx,543,13
Bronx,655,14
Bronx,611,15
Bronx,589,16
Bronx,498,17
Bronx,446,18
Bronx,425,19
Bronx,372,20
Bronx,388,21
Bronx,358,22
Bronx,295,23
Bronxville,3,0
Bronxville,1,1
Bronxville,3,2
Bronxville,3,5
Bronxville,20,6
Bronxville,35,7
Bronxville,37,8
Bronxville,17,9
Bronxville,11,10
Bronxville,5,11
Bronxville,7,12
Bronxville,14,13
Bronxville,17,14
Bronxville,48,15
Bronxville,26,16
Bronxville,49,17
Bronxville,20,18
Bronxville,9,19
Bronxville,7,20
Bronxville,5,21
Bronxville,2,22
Bronxville,4,23
Brook,1,5
Brook Park,3,0
Brook Park,3,1
Brook Park,2,2
Brook Park,1,4
Brook Park,10,6
Brook Park,6,7
Brook Park,7,8
Brook Park,10,9
Brook Park,3,10
Brook Park,5,11
Brook Park,9,12
Brook Park,12,13
Brook Park,5,14
Brook Park,7,15
Brook Park,9,16
Brook Park,5,17
Brook Park,7,18
Brook Park,4,19
Brook Park,7,20
Brook Park,3,21
Brook Park,1,22
Brook Park,3,23
Brookdale,2,6
Brookdale,1,8
Brookdale,2,10
Brookdale,1,17
Brookdale,1,18
Brookdale,1,19
Brookdale,2,20
Brookdale,2,23
Brooker,2,3
Brooker,1,4
Brooker,1,7
Brooker,2,8
Brooker,1,14
Brooker,2,17
Brooker,1,19
Brooker,1,22
Brooker,1,23
Brookeville,1,6
Brookeville,2,9
Brookeville,7,12
Brookeville,1,14
Brookfield,1,0
Brookfield,2,1
Brookfield,1,3
Brookfield,5,4
Brookfield,8,5
Brookfield,19,6
Brookfield,26,7
Brookfield,20,8
Brookfield,11,9
Brookfield,5,10
Brookfield,9,11
Brookfield,16,12
Brookfield,14,13
Brookfield,12,14
Brookfield,18,15
Brookfield,17,16
Brookfield,27,17
Brookfield,5,18
Brookfield,14,19
Brookfield,5,20
Brookfield,14,21
Brookfield,7,22
Brookfield,3,23
Brookhaven,3,0
Brookhaven,8,1
Brookhaven,1,3
Brookhaven,1,4
Brookhaven,2,5
Brookhaven,9,6
Brookhaven,15,7
Brookhaven,10,8
Brookhaven,3,9
Brookhaven,4,10
Brookhaven,6,11
Brookhaven,3,12
Brookhaven,8,13
Brookhaven,5,14
Brookhaven,18,15
Brookhaven,8,16
Brookhaven,5,17
Brookhaven,4,18
Brookhaven,4,19
Brookhaven,4,20
Brookhaven,6,21
Brookhaven,3,22
Brookings,2,0
Brookings,3,1
Brookings,4,2
Brookings,14,3
Brookings,13,5
Brookings,12,6
Brookings,4,7
Brookings,4,8
Brookings,4,9
Brookings,4,10
Brookings,8,11
Brookings,9,12
Brookings,12,13
Brookings,11,14
Brookings,18,15
Brookings,11,16
Brookings,10,17
Brookings,9,18
Brookings,10,19
Brookings,4,20
Brookings,5,21
Brookings,1,22
Brookings,2,23
Brookland,3,2
Brookland,1,4
Brookland,2,5
Brookland,5,6
Brookland,3,7
Brookland,4,8
Brookland,1,13
Brookland,2,14
Brookland,3,15
Brookland,4,16
Brookland,2,18
Brookland,7,19
Brookland,5,20
Brooklawn,1,0
Brooklawn,1,15
Brooklawn,1,16
Brooklawn,1,17
Brooklet,1,3
Brooklet,2,4
Brooklet,2,13
Brooklet,3,14
Brooklet,4,15
Brooklet,2,16
Brooklet,1,18
Brookline,3,2
Brookline,2,3
Brookline,2,4
Brookline,2,5
Brookline,3,6
Brookline,17,7
Brookline,15,8
Brookline,2,9
Brookline,8,10
Brookline,2,11
Brookline,1,12
Brookline,2,13
Brookline,3,14
Brookline,5,15
Brookline,15,16
Brookline,10,17
Brookline,5,18
Brookline,3,19
Brookline,2,20
Brookline,3,21
Brookline,3,22
Brookline,1,23
Brooklyn,214,0
Brooklyn,154,1
Brooklyn,144,2
Brooklyn,122,3
Brooklyn,215,4
Brooklyn,365,5
Brooklyn,440,6
Brooklyn,436,7
Brooklyn,353,8
Brooklyn,346,9
Brooklyn,329,10
Brooklyn,321,11
Brooklyn,332,12
Brooklyn,450,13
Brooklyn,475,14
Brooklyn,496,15
Brooklyn,489,16
Brooklyn,400,17
Brooklyn,342,18
Brooklyn,345,19
Brooklyn,318,20
Brooklyn,245,21
Brooklyn,277,22
Brooklyn,231,23
Brookneal,1,7
Brookneal,4,11
Brookneal,1,14
Brookneal,3,19
Brookneal,4,23
Brookpark,1,5
Brookpark,2,6
Brookpark,2,7
Brookpark,7,8
Brookpark,1,9
Brookpark,1,10
Brookpark,4,11
Brookpark,2,14
Brookpark,2,15
Brookpark,6,16
Brookpark,1,17
Brookpark,3,18
Brookpark,1,19
Brookpark,1,21
Brookpark,1,22
Brooks,1,3
Brooks,1,4
Brooks,1,5
Brooks,7,6
Brooks,7,7
Brooks,1,11
Brooks,4,12
Brooks,2,13
Brooks,2,14
Brooks,1,16
Brooks,3,17
Brooks,1,18
Brooks,6,19
Brooks,1,23
Brookshire,1,1
Brookshire,2,2
Brookshire,4,3
Brookshire,2,4
Brookshire,5,5
Brookshire,5,6
Brookshire,1,7
Brookshire,1,8
Brookshire,1,9
Brookshire,7,10
Brookshire,4,11
Brookshire,2,12
Brookshire,9,13
Brookshire,7,14
Brookshire,5,15
Brookshire,14,16
Brookshire,6,17
Brookshire,3,18
Brookshire,4,19
Brookshire,4,20
Brookshire,2,21
Brookston,2,0
Brookston,1,1
Brookston,1,4
Brookston,1,5
Brookston,6,6
Brookston,4,7
Brookston,1,8
Brookston,2,9
Brookston,3,10
Brookston,4,11
Brookston,2,13
Brookston,3,14
Brookston,1,15
Brookston,1,16
Brookston,7,17
Brookston,8,18
Brookston,16,19
Brookston,4,20
Brookston,8,21
Brookston,2,22
Brookston,1,23
Brooksville,16,0
Brooksville,10,1
Brooksville,12,2
Brooksville,5,3
Brooksville,51,4
Brooksville,60,5
Brooksville,89,6
Brooksville,156,7
Brooksville,135,8
Brooksville,39,9
Brooksville,37,10
Brooksville,39,11
Brooksville,42,12
Brooksville,28,13
Brooksville,36,14
Brooksville,22,15
Brooksville,35,16
Brooksville,27,17
Brooksville,30,18
Brooksville,19,19
Brooksville,25,20
Brooksville,17,21
Brooksville,8,22
Brooksville,16,23
Brookville,14,0
Brookville,2,1
Brookville,1,2
Brookville,6,3
Brookville,7,4
Brookville,20,5
Brookville,21,6
Brookville,43,7
Brookville,21,8
Brookville,14,9
Brookville,14,10
Brookville,19,11
Brookville,19,12
Brookville,21,13
Brookville,29,14
Brookville,37,15
Brookville,40,16
Brookville,44,17
Brookville,28,18
Brookville,35,19
Brookville,13,20
Brookville,7,21
Brookville,5,22
Brookville,15,23
Brookwood,1,5
Brookwood,6,6
Brookwood,7,7
Brookwood,2,10
Brookwood,2,12
Brookwood,1,13
Brookwood,5,16
Brookwood,5,17
Brookwood,3,18
Brookwood,1,19
Broomall,9,0
Broomall,3,1
Broomall,15,6
Broomall,7,7
Broomall,7,8
Broomall,5,9
Broomall,3,10
Broomall,6,11
Broomall,3,12
Broomall,12,13
Broomall,10,14
Broomall,12,15
Broomall,19,16
Broomall,10,17
Broomall,3,18
Broomall,6,19
Broomall,3,20
Broomall,1,21
Broomall,1,22
Broomall,2,23
Broomfield,3,0
Broomfield,2,1
Broomfield,13,2
Broomfield,2,3
Broomfield,1,4
Broomfield,13,5
Broomfield,21,6
Broomfield,33,7
Broomfield,30,8
Broomfield,28,9
Broomfield,13,10
Broomfield,13,11
Broomfield,29,12
Broomfield,12,13
Broomfield,19,14
Broomfield,35,15
Broomfield,38,16
Broomfield,60,17
Broomfield,40,18
Broomfield,12,19
Broomfield,19,20
Broomfield,9,21
Broomfield,9,22
Broomfield,2,23
Brooten,2,4
Brooten,1,14
Brooten,1,17
Brooten,1,19
Brooten,1,20
Brooten,1,22
Brothers,3,0
Brothers,2,1
Brothers,3,2
Brothers,5,3
Brothers,8,4
Brothers,7,5
Brothers,3,6
Brothers,10,7
Brothers,10,8
Brothers,10,9
Brothers,3,10
Brothers,9,11
Brothers,7,12
Brothers,5,13
Brothers,4,14
Brothers,3,15
Brothers,9,16
Brothers,12,17
Brothers,13,18
Brothers,5,19
Brothers,3,20
Brothers,9,21
Brothers,2,23
Broussard,5,4
Broussard,3,5
Broussard,18,6
Broussard,40,7
Broussard,27,8
Broussard,16,9
Broussard,9,10
Broussard,1,11
Broussard,1,12
Broussard,1,14
Broussard,3,17
Browerville,1,5
Browerville,1,6
Browerville,4,9
Browerville,1,10
Browerville,1,14
Browerville,1,15
Brown City,3,5
Brownfield,1,7
Browning,3,0
Browning,3,5
Browning,1,6
Browning,3,7
Browning,3,8
Browning,1,10
Browning,5,12
Browning,5,13
Browning,3,14
Browning,1,15
Browning,2,16
Browning,9,17
Browning,2,18
Browning,2,19
Browning,2,20
Browning,3,22
Browning,4,23
Browns Mills,1,4
Browns Mills,1,6
Browns Mills,4,7
Browns Mills,2,14
Browns Mills,4,16
Browns Mills,7,22
Browns Summit,2,0
Browns Summit,2,5
Browns Summit,1,6
Browns Summit,1,8
Browns Summit,1,9
Browns Summit,2,10
Browns Summit,1,12
Browns Summit,2,13
Browns Summit,4,14
Browns Summit,3,15
Browns Summit,1,16
Browns Summit,4,17
Browns Summit,1,18
Browns Valley,3,0
Browns Valley,5,1
Browns Valley,5,2
Browns Valley,5,3
Browns Valley,3,4
Browns Valley,1,5
Browns Valley,16,6
Browns Valley,9,7
Browns Valley,3,8
Browns Valley,2,9
Browns Valley,5,10
Browns Valley,1,11
Browns Valley,10,12
Browns Valley,9,13
Browns Valley,2,14
Browns Valley,12,15
Browns Valley,3,16
Browns Valley,11,17
Browns Valley,7,18
Browns Valley,8,19
Browns Valley,7,20
Browns Valley,6,21
Browns Valley,2,22
Browns Valley,3,23
Brownsboro,1,0
Brownsboro,2,4
Brownsboro,2,5
Brownsboro,3,6
Brownsboro,8,7
Brownsboro,7,8
Brownsboro,3,9
Brownsboro,1,10
Brownsboro,3,11
Brownsboro,3,12
Brownsboro,1,13
Brownsboro,6,14
Brownsboro,4,15
Brownsboro,6,16
Brownsboro,6,17
Brownsboro,2,18
Brownsboro,3,19
Brownsboro,4,20
Brownsboro,3,21
Brownsboro,4,22
Brownsburg,1,4
Brownsburg,1,5
Brownsburg,4,6
Brownsburg,1,7
Brownsburg,3,8
Brownsburg,1,9
Brownsburg,16,10
Brownsburg,3,11
Brownsburg,2,12
Brownsburg,3,13
Brownsburg,2,14
Brownsburg,1,15
Brownsburg,5,16
Brownsburg,7,17
Brownsburg,2,18
Brownsburg,1,19
Brownsburg,5,21
Brownsdale,2,13
Brownsdale,1,17
Brownsdale,2,21
Brownstown,2,0
Brownstown,1,4
Brownstown,5,6
Brownstown,5,7
Brownstown,2,9
Brownstown,1,10
Brownstown,2,11
Brownstown,3,13
Brownstown,3,14
Brownstown,1,15
Brownstown,1,16
Brownstown,2,18
Brownstown,5,19
Brownstown,3,20
Brownstown,1,22
Brownsville,3,0
Brownsville,4,1
Brownsville,2,2
Brownsville,1,3
Brownsville,2,4
Brownsville,10,5
Brownsville,6,6
Brownsville,6,7
Brownsville,11,8
Brownsville,4,9
Brownsville,5,10
Brownsville,10,11
Brownsville,8,12
Brownsville,3,13
Brownsville,3,14
Brownsville,17,15
Brownsville,5,16
Brownsville,18,17
Brownsville,5,18
Brownsville,2,19
Brownsville,13,20
Brownsville,2,21
Brownton,4,0
Brownton,4,1
Brownton,2,2
Brownton,1,3
Brownton,4,5
Brownton,3,6
Brownton,4,7
Brownton,3,8
Brownton,3,9
Brownton,3,10
Brownton,1,11
Brownton,6,12
Brownton,2,13
Brownton,7,14
Brownton,4,15
Brownton,11,16
Brownton,1,17
Brownton,5,18
Brownton,8,19
Brownton,3,20
Brownton,1,21
Brownton,4,22
Brownton,1,23
Brownwood,6,7
Brownwood,1,9
Bruce,1,20
Bruceton Mills,3,0
Bruceton Mills,1,1
Bruceton Mills,2,2
Bruceton Mills,7,3
Bruceton Mills,12,4
Bruceton Mills,2,5
Bruceton Mills,6,6
Bruceton Mills,7,7
Bruceton Mills,3,8
Bruceton Mills,7,9
Bruceton Mills,6,10
Bruceton Mills,6,11
Bruceton Mills,7,12
Bruceton Mills,5,13
Bruceton Mills,4,14
Bruceton Mills,7,15
Bruceton Mills,6,16
Bruceton Mills,10,17
Bruceton Mills,4,18
Bruceton Mills,2,19
Bruceton Mills,2,20
Bruceton Mills,3,21
Bruceton Mills,3,22
Bruceton Mills,4,23
Bruceville,1,4
Bruceville,1,15
Bruington,1,11
Brule,1,1
Brule,2,2
Brule,1,12
Brule,2,13
Brule,2,14
Brule,2,15
Brule,7,16
Brule,2,21
Brule,2,22
Brundidge,1,1
Brundidge,3,4
Brundidge,5,5
Brundidge,8,6
Brundidge,8,7
Brundidge,4,8
Brundidge,4,9
Brundidge,7,10
Brundidge,3,11
Brundidge,7,12
Brundidge,9,13
Brundidge,9,14
Brundidge,11,15
Brundidge,5,16
Brundidge,6,17
Brundidge,5,18
Brundidge,5,19
Brundidge,4,20
Brundidge,4,21
Brundidge,2,22
Bruneau,2,23
Bruning,1,17
Bruno,1,7
Bruno,1,14
Bruno,3,16
Bruno,1,21
Brunson,1,0
Brunson,1,3
Brunson,1,4
Brunson,4,5
Brunson,3,6
Brunson,4,7
Brunson,2,9
Brunson,3,14
Brunson,4,15
Brunson,1,16
Brunson,1,18
Brunson,1,19
Brunson,1,20
Brunson,2,21
Brunson,2,22
Brunswick,6,0
Brunswick,1,1
Brunswick,2,2
Brunswick,4,3
Brunswick,2,4
Brunswick,8,5
Brunswick,19,6
Brunswick,20,7
Brunswick,21,8
Brunswick,13,9
Brunswick,8,10
Brunswick,7,11
Brunswick,8,12
Brunswick,15,13
Brunswick,11,14
Brunswick,7,15
Brunswick,13,16
Brunswick,19,17
Brunswick,10,18
Brunswick,6,19
Brunswick,7,20
Brunswick,13,21
Brunswick,5,22
Brunswick,5,23
Brusett,1,2
Brush,4,3
Brush,2,6
Brush,3,8
Brush,3,9
Brush,5,10
Brush,8,11
Brush,7,12
Brush,1,13
Brush,8,16
Brush,9,17
Brush Creek,1,5
Brush Creek,2,6
Brush Creek,1,10
Brush Creek,1,11
Brush Creek,1,13
Brush Creek,2,14
Brush Prairie,1,5
Brush Prairie,1,7
Brush Prairie,1,8
Brush Prairie,1,10
Brush Prairie,1,14
Brush Prairie,1,18
Brush Prairie,1,21
Brush Prairie,2,23
Bryan,2,8
Bryan,1,9
Bryan,2,10
Bryan,1,11
Bryan,1,15
Bryan,1,16
Bryan,4,17
Bryan,3,18
Bryan,3,19
Bryan,2,20
Bryan,2,23
Bryans Road,1,8
Bryans Road,1,9
Bryans Road,3,10
Bryans Road,1,13
Bryans Road,2,14
Bryans Road,2,16
Bryans Road,3,17
Bryans Road,1,18
Bryans Road,1,19
Bryant,2,0
Bryant,5,1
Bryant,3,2
Bryant,5,4
Bryant,5,5
Bryant,5,6
Bryant,36,7
Bryant,12,8
Bryant,6,9
Bryant,9,10
Bryant,10,11
Bryant,10,12
Bryant,6,13
Bryant,5,14
Bryant,6,15
Bryant,3,16
Bryant,10,17
Bryant,3,21
Bryant Pond,1,17
Bryantown,5,7
Bryantown,1,8
Bryantown,1,9
Bryantown,2,13
Bryantown,1,14
Bryantown,1,16
Bryantown,1,17
Bryantown,1,20
Bryce,1,0
Bryce,1,2
Bryce,2,7
Bryce,5,9
Bryce,1,15
Bryce,2,22
Bryce Canyon City,1,9
Bryce Canyon City,1,12
Bryce Canyon City,1,13
Bryceville,2,4
Bryceville,2,6
Bryceville,3,7
Bryceville,3,8
Bryceville,1,9
Bryceville,1,12
Bryceville,1,13
Bryceville,1,14
Bryceville,3,15
Bryceville,1,17
Bryceville,1,20
Bryn Athyn,1,2
Bryn Athyn,1,7
Bryn Athyn,2,13
Bryn Athyn,1,14
Bryn Athyn,1,15
Bryn Athyn,2,17
Bryn Athyn,2,23
Bryn Mawr,1,0
Bryn Mawr,1,1
Bryn Mawr,1,2
Bryn Mawr,3,3
Bryn Mawr,3,4
Bryn Mawr,3,5
Bryn Mawr,4,6
Bryn Mawr,14,7
Bryn Mawr,30,8
Bryn Mawr,14,9
Bryn Mawr,8,10
Bryn Mawr,11,11
Bryn Mawr,16,12
Bryn Mawr,8,13
Bryn Mawr,15,14
Bryn Mawr,22,15
Bryn Mawr,12,16
Bryn Mawr,12,17
Bryn Mawr,8,18
Bryn Mawr,2,19
Bryn Mawr,2,20
Bryn Mawr,3,21
Bryn Mawr,2,22
Bryn Mawr,1,23
Bryson City,12,0
Bryson City,2,7
Bryson City,1,8
Bryson City,3,10
Bryson City,1,11
Bryson City,1,12
Bryson City,6,13
Bryson City,7,14
Bryson City,1,15
Bryson City,6,16
Bryson City,3,17
Bryson City,3,19
Buchanan,2,0
Buchanan,9,1
Buchanan,2,2
Buchanan,4,3
Buchanan,6,4
Buchanan,5,5
Buchanan,8,6
Buchanan,11,7
Buchanan,11,8
Buchanan,6,9
Buchanan,29,10
Buchanan,33,11
Buchanan,15,12
Buchanan,43,13
Buchanan,27,14
Buchanan,26,15
Buchanan,40,16
Buchanan,48,17
Buchanan,26,18
Buchanan,20,19
Buchanan,30,20
Buchanan,18,21
Buchanan,9,22
Buchanan,8,23
Buckeye,7,0
Buckeye,7,1
Buckeye,7,2
Buckeye,19,3
Buckeye,17,4
Buckeye,39,5
Buckeye,87,6
Buckeye,73,7
Buckeye,54,8
Buckeye,29,9
Buckeye,27,10
Buckeye,18,11
Buckeye,45,12
Buckeye,36,13
Buckeye,50,14
Buckeye,45,15
Buckeye,55,16
Buckeye,70,17
Buckeye,41,18
Buckeye,25,19
Buckeye,16,20
Buckeye,38,21
Buckeye,16,22
Buckeye,15,23
Buckeye Lake,1,8
Buckeystown,2,7
Buckfield,1,18
Buckhannon,1,10
Buckhannon,1,15
Buckhannon,1,16
Buckhead,1,6
Buckhead,1,7
Buckhead,3,8
Buckhead,3,11
Buckhead,3,12
Buckhead,6,13
Buckhead,2,14
Buckhead,3,15
Buckhead,6,16
Buckhead,1,18
Buckhead,1,19
Buckhead,2,20
Buckhead,1,21
Buckhead,1,23
Buckholts,1,10
Buckingham,1,8
Buckingham,3,9
Buckingham,3,10
Buckingham,1,12
Buckingham,2,13
Buckingham,2,16
Buckingham,3,19
Buckingham,3,20
Buckley,2,4
Buckley,3,5
Buckley,4,6
Buckley,7,7
Buckley,5,8
Buckley,2,10
Buckley,6,12
Buckley,4,13
Buckley,3,14
Buckley,1,15
Buckley,1,16
Buckley,8,18
Buckley,3,20
Buckley,1,22
Bucklin,1,6
Bucklin,5,16
Buckner,1,8
Buckner,1,9
Buckner,1,10
Buckner,2,11
Buckner,1,12
Bucyrus,2,1
Bucyrus,1,5
Bucyrus,8,6
Bucyrus,12,7
Bucyrus,4,8
Bucyrus,1,11
Bucyrus,3,12
Bucyrus,1,16
Bucyrus,1,20
Buda,2,0
Buda,4,1
Buda,9,2
Buda,5,3
Buda,12,4
Buda,11,5
Buda,30,6
Buda,30,7
Buda,18,8
Buda,9,9
Buda,6,10
Buda,5,11
Buda,12,12
Buda,12,13
Buda,15,14
Buda,13,15
Buda,20,16
Buda,14,17
Buda,21,18
Buda,18,19
Buda,6,20
Buda,5,21
Buda,11,22
Buda,7,23
Budd Lake,1,2
Budd Lake,2,3
Budd Lake,3,6
Budd Lake,3,7
Budd Lake,17,8
Budd Lake,1,11
Budd Lake,6,12
Budd Lake,7,15
Budd Lake,4,16
Budd Lake,2,17
Budd Lake,5,21
Budd Lake,1,22
Budd Lake,4,23
Buellton,2,0
Buellton,2,2
Buellton,3,4
Buellton,5,5
Buellton,9,6
Buellton,2,7
Buellton,7,8
Buellton,7,9
Buellton,2,10
Buellton,3,11
Buellton,6,12
Buellton,3,13
Buellton,1,14
Buellton,4,16
Buellton,6,17
Buellton,10,18
Buellton,5,19
Buellton,4,20
Buellton,1,21
Buellton,1,22
Buellton,1,23
Buena,2,12
Buena,2,13
Buena,1,18
Buena Park,19,0
Buena Park,29,1
Buena Park,42,2
Buena Park,35,3
Buena Park,33,4
Buena Park,76,5
Buena Park,134,6
Buena Park,98,7
Buena Park,90,8
Buena Park,84,9
Buena Park,49,10
Buena Park,40,11
Buena Park,61,12
Buena Park,69,13
Buena Park,86,14
Buena Park,46,15
Buena Park,66,16
Buena Park,72,17
Buena Park,38,18
Buena Park,37,19
Buena Park,26,20
Buena Park,18,21
Buena Park,38,22
Buena Park,28,23
Buena Vista,3,1
Buena Vista,2,2
Buena Vista,2,3
Buena Vista,6,7
Buena Vista,4,9
Buena Vista,4,10
Buena Vista,5,11
Buena Vista,3,13
Buena Vista,2,14
Buena Vista,6,15
Buena Vista,6,16
Buena Vista,3,17
Buena Vista,13,18
Buena Vista,2,19
Buena Vista,13,20
Buena Vista,5,21
Buena Vista,3,23
Buffalo,48,0
Buffalo,42,1
Buffalo,49,2
Buffalo,42,3
Buffalo,44,4
Buffalo,64,5
Buffalo,151,6
Buffalo,302,7
Buffalo,258,8
Buffalo,164,9
Buffalo,128,10
Buffalo,171,11
Buffalo,133,12
Buffalo,122,13
Buffalo,209,14
Buffalo,352,15
Buffalo,409,16
Buffalo,326,17
Buffalo,179,18
Buffalo,82,19
Buffalo,68,20
Buffalo,66,21
Buffalo,52,22
Buffalo,80,23
Buffalo Grove,4,0
Buffalo Grove,2,2
Buffalo Grove,9,5
Buffalo Grove,8,6
Buffalo Grove,27,7
Buffalo Grove,36,8
Buffalo Grove,4,9
Buffalo Grove,3,10
Buffalo Grove,6,11
Buffalo Grove,6,12
Buffalo Grove,8,13
Buffalo Grove,16,14
Buffalo Grove,17,15
Buffalo Grove,18,16
Buffalo Grove,37,17
Buffalo Grove,20,18
Buffalo Grove,2,19
Buffalo Grove,1,21
Buffalo Grove,1,22
Buffalo Grove,1,23
Buffalo Junction,1,1
Buffalo Junction,1,4
Buffalo Junction,5,6
Buffalo Junction,1,7
Buffalo Junction,3,8
Buffalo Junction,2,9
Buffalo Junction,1,10
Buffalo Junction,1,13
Buffalo Junction,5,14
Buffalo Junction,2,15
Buffalo Junction,5,17
Buffalo Junction,3,18
Buffalo Junction,1,19
Buffalo Junction,1,21
Buffalo Junction,1,22
Buffalo Junction,3,23
Buffalo Lake,1,5
Buffalo Lake,3,7
Buffalo Lake,2,13
Buffalo Lake,1,14
Buffalo Lake,1,15
Buffalo Lake,1,16
Buffalo Lake,2,20
Buffalo Lake,2,21
Buffalo Lake,1,22
Buffalo Mills,2,2
Buffalo Valley,1,6
Buffalo Valley,1,7
Buffalo Valley,1,8
Buffalo Valley,2,13
Buffalo Valley,4,14
Buffalo Valley,5,15
Buffalo Valley,1,16
Buffalo Valley,1,17
Buffalo Valley,2,18
Buffalo Valley,1,20
Buford,1,0
Buford,6,1
Buford,2,3
Buford,8,4
Buford,11,5
Buford,40,6
Buford,30,7
Buford,25,8
Buford,9,9
Buford,20,10
Buford,16,11
Buford,18,12
Buford,26,13
Buford,37,14
Buford,14,15
Buford,39,16
Buford,35,17
Buford,17,18
Buford,13,19
Buford,12,20
Buford,15,21
Buford,9,22
Buford,7,23
Buhl,1,4
Buhl,3,6
Buhl,2,7
Buhl,1,8
Buhl,1,10
Buhl,3,11
Buhl,3,12
Buhl,3,13
Buhl,3,16
Buhl,1,17
Buhl,3,19
Buhl,2,20
Buhl,1,22
Bulger,2,0
Bulger,1,4
Bulger,1,6
Bulger,3,8
Bulger,1,9
Bulger,1,17
Bulger,4,21
Bulger,2,22
Bullhead City,3,0
Bullhead City,1,1
Bullhead City,1,3
Bullhead City,3,4
Bullhead City,2,5
Bullhead City,8,6
Bullhead City,5,7
Bullhead City,1,8
Bullhead City,1,9
Bullhead City,3,10
Bullhead City,11,11
Bullhead City,4,12
Bullhead City,7,13
Bullhead City,10,14
Bullhead City,5,15
Bullhead City,3,16
Bullhead City,5,17
Bullhead City,3,18
Bullhead City,5,19
Bullhead City,4,20
Bullhead City,6,21
Bullhead City,6,22
Bullhead City,11,23
Bullock,1,4
Bullock,2,12
Bulls Gap,1,0
Bulls Gap,1,3
Bulls Gap,3,7
Bulls Gap,2,8
Bulls Gap,5,9
Bulls Gap,1,10
Bulls Gap,1,13
Bulls Gap,10,14
Bulls Gap,2,15
Bulls Gap,3,16
Bulls Gap,2,17
Bulls Gap,3,18
Bulls Gap,1,19
Bulls Gap,2,21
Bulls Gap,1,22
Bulls Gap,9,23
Bumpass,2,3
Bumpass,5,5
Bumpass,2,6
Bumpass,4,8
Bumpass,2,9
Bumpass,2,16
Bumpass,4,17
Bumpass,4,18
Bumpass,1,21
Buncombe,1,15
Buncombe,1,18
Bunker Hill,4,0
Bunker Hill,1,1
Bunker Hill,1,2
Bunker Hill,2,3
Bunker Hill,5,4
Bunker Hill,3,5
Bunker Hill,5,6
Bunker Hill,3,7
Bunker Hill,2,8
Bunker Hill,7,9
Bunker Hill,5,10
Bunker Hill,3,11
Bunker Hill,2,12
Bunker Hill,4,13
Bunker Hill,12,14
Bunker Hill,15,15
Bunker Hill,5,16
Bunker Hill,14,17
Bunker Hill,4,18
Bunker Hill,4,19
Bunker Hill,1,20
Bunker Hill,7,21
Bunker Hill,1,22
Bunker Hill,7,23
Bunkerville,1,15
Bunkerville,1,17
Bunkie,2,1
Bunkie,1,16
Bunkie,3,21
Bunn,4,11
Bunn,1,15
Bunnell,2,1
Bunnell,1,3
Bunnell,1,4
Bunnell,1,6
Bunnell,1,7
Bunnell,1,8
Bunnell,2,11
Bunnell,3,12
Bunnell,3,13
Bunnell,3,14
Bunnell,5,15
Bunnell,6,16
Bunnell,6,17
Bunnell,4,18
Bunnell,5,20
Bunnell,1,21
Bunnell,3,23
Bunnlevel,1,2
Bunnlevel,1,4
Bunnlevel,5,7
Bunnlevel,1,8
Bunnlevel,2,12
Bunnlevel,2,16
Bunnlevel,1,18
Burbank,33,0
Burbank,18,1
Burbank,18,2
Burbank,12,3
Burbank,23,4
Burbank,44,5
Burbank,86,6
Burbank,74,7
Burbank,78,8
Burbank,73,9
Burbank,86,10
Burbank,101,11
Burbank,88,12
Burbank,142,13
Burbank,115,14
Burbank,114,15
Burbank,83,16
Burbank,124,17
Burbank,64,18
Burbank,45,19
Burbank,25,20
Burbank,38,21
Burbank,24,22
Burbank,21,23
Burgaw,2,0
Burgaw,2,1
Burgaw,2,3
Burgaw,1,5
Burgaw,6,6
Burgaw,4,7
Burgaw,3,8
Burgaw,8,9
Burgaw,3,10
Burgaw,1,11
Burgaw,6,12
Burgaw,6,13
Burgaw,11,14
Burgaw,6,15
Burgaw,8,16
Burgaw,16,17
Burgaw,6,18
Burgaw,1,19
Burgaw,1,20
Burgaw,8,21
Burgaw,1,22
Burgess,1,13
Burgess,4,15
Burgess,1,16
Burgess,1,18
Burgess,1,21
Burgettstown,4,2
Burgettstown,7,7
Burgettstown,2,8
Burgettstown,3,13
Burgettstown,2,14
Burgettstown,4,15
Burgettstown,3,19
Burgettstown,2,21
Burgoon,1,8
Burien,1,4
Burien,1,14
Burien,1,16
Burkburnett,1,1
Burkburnett,1,2
Burkburnett,1,10
Burkburnett,1,16
Burke,1,0
Burke,9,5
Burke,15,6
Burke,27,7
Burke,20,8
Burke,10,9
Burke,1,10
Burke,13,11
Burke,16,12
Burke,12,13
Burke,13,14
Burke,24,15
Burke,23,16
Burke,19,17
Burke,10,18
Burke,7,19
Burke,3,20
Burke,4,21
Burke,1,23
Burkeville,2,5
Burkeville,5,6
Burkeville,6,7
Burkeville,11,8
Burkeville,3,9
Burkeville,5,10
Burkeville,2,11
Burkeville,1,12
Burkeville,4,14
Burkeville,8,15
Burkeville,9,16
Burkeville,8,18
Burkeville,1,19
Burkeville,3,20
Burkeville,3,22
Burkeville,5,23
Burleson,4,0
Burleson,1,1
Burleson,3,2
Burleson,2,3
Burleson,5,4
Burleson,6,5
Burleson,15,6
Burleson,14,7
Burleson,11,8
Burleson,7,9
Burleson,3,10
Burleson,7,11
Burleson,10,12
Burleson,8,13
Burleson,14,14
Burleson,15,15
Burleson,6,16
Burleson,12,17
Burleson,10,18
Burleson,3,19
Burleson,15,20
Burleson,4,21
Burleson,5,22
Burleson,4,23
Burley,3,10
Burley,1,19
Burlingame,9,0
Burlingame,5,1
Burlingame,4,2
Burlingame,9,3
Burlingame,10,4
Burlingame,16,5
Burlingame,15,6
Burlingame,31,7
Burlingame,37,8
Burlingame,24,9
Burlingame,20,10
Burlingame,20,11
Burlingame,12,12
Burlingame,19,13
Burlingame,26,14
Burlingame,31,15
Burlingame,35,16
Burlingame,29,17
Burlingame,23,18
Burlingame,7,19
Burlingame,12,20
Burlingame,19,21
Burlingame,12,22
Burlingame,10,23
Burlington,9,0
Burlington,19,1
Burlington,18,2
Burlington,5,3
Burlington,22,4
Burlington,23,5
Burlington,48,6
Burlington,40,7
Burlington,38,8
Burlington,43,9
Burlington,35,10
Burlington,30,11
Burlington,21,12
Burlington,40,13
Burlington,40,14
Burlington,40,15
Burlington,69,16
Burlington,73,17
Burlington,41,18
Burlington,16,19
Burlington,12,20
Burlington,31,21
Burlington,15,22
Burlington,6,23
Burlington Junction,1,10
Burlington Junction,1,22
Burlison,1,13
Burna,1,10
Burna,5,11
Burnet,1,20
Burney,9,0
Burney,3,1
Burney,5,3
Burney,1,4
Burney,5,5
Burney,7,6
Burney,6,7
Burney,5,8
Burney,9,9
Burney,11,10
Burney,5,11
Burney,9,12
Burney,4,13
Burney,23,14
Burney,7,15
Burney,15,16
Burney,2,17
Burney,5,19
Burney,8,20
Burney,5,21
Burney,6,22
Burney,1,23
Burnham,1,6
Burnham,2,8
Burnham,4,17
Burnham,4,19
Burnham,4,20
Burnham,2,21
Burnham,1,23
Burns,8,0
Burns,10,1
Burns,2,2
Burns,1,3
Burns,6,4
Burns,8,5
Burns,20,6
Burns,13,7
Burns,13,8
Burns,23,9
Burns,17,10
Burns,12,11
Burns,11,12
Burns,9,13
Burns,5,14
Burns,29,15
Burns,19,16
Burns,19,17
Burns,12,18
Burns,19,19
Burns,8,20
Burns,20,21
Burns,3,22
Burns,5,23
Burnside,1,23
Burnsville,9,0
Burnsville,10,1
Burnsville,9,2
Burnsville,10,3
Burnsville,7,4
Burnsville,18,5
Burnsville,41,6
Burnsville,69,7
Burnsville,59,8
Burnsville,27,9
Burnsville,30,10
Burnsville,11,11
Burnsville,21,12
Burnsville,51,13
Burnsville,42,14
Burnsville,61,15
Burnsville,78,16
Burnsville,68,17
Burnsville,23,18
Burnsville,24,19
Burnsville,34,20
Burnsville,30,21
Burnsville,19,22
Burnsville,24,23
Burnt Cabins,1,2
Burnt Cabins,1,3
Burnt Cabins,1,4
Burnt Cabins,3,6
Burnt Cabins,3,7
Burnt Cabins,2,9
Burnt Cabins,1,10
Burnt Cabins,1,14
Burnt Cabins,1,15
Burnt Cabins,2,16
Burnt Cabins,3,17
Burnt Cabins,1,18
Burnt Cabins,3,19
Burnt Hills,1,6
Burnt Hills,1,7
Burnt Hills,2,13
Burnt Hills,2,14
Burnt Hills,1,17
Burnt Prairie,1,4
Burnt Prairie,1,7
Burnt Prairie,2,8
Burnt Ranch,1,0
Burnt Ranch,2,1
Burnt Ranch,5,2
Burnt Ranch,4,5
Burnt Ranch,1,6
Burnt Ranch,3,7
Burnt Ranch,2,8
Burnt Ranch,1,11
Burnt Ranch,3,12
Burnt Ranch,2,13
Burnt Ranch,2,14
Burnt Ranch,8,16
Burnt Ranch,5,17
Burnt Ranch,3,18
Burnt Ranch,1,19
Burnt Ranch,1,20
Burnt Ranch,3,21
Burnt Ranch,4,22
Burnt Ranch,4,23
Burr Oak,1,17
Burr Ridge,1,4
Burr Ridge,1,6
Burr Ridge,3,7
Burr Ridge,5,8
Burr Ridge,1,10
Burr Ridge,1,15
Burr Ridge,1,16
Burr Ridge,1,17
Burr Ridge,1,21
Burson,1,1
Burson,1,3
Burson,1,8
Burson,2,12
Burson,1,15
Burson,1,20
Burson,1,22
Burson,1,23
Burt,1,14
Burt,1,15
Burtchville,2,6
Burtchville,1,13
Burtchville,2,16
Burtchville,2,19
Burton,13,0
Burton,8,1
Burton,4,2
Burton,2,3
Burton,33,4
Burton,22,5
Burton,42,6
Burton,51,7
Burton,37,8
Burton,26,9
Burton,17,10
Burton,34,11
Burton,16,12
Burton,15,13
Burton,15,14
Burton,30,15
Burton,33,16
Burton,31,17
Burton,32,18
Burton,16,19
Burton,7,20
Burton,13,21
Burton,9,22
Burton,4,23
Burtonsville,1,1
Burtonsville,1,5
Burtonsville,1,6
Burtonsville,6,7
Burtonsville,5,8
Burtonsville,1,9
Burtonsville,1,10
Burtonsville,2,11
Burtonsville,1,13
Burtonsville,1,16
Burtonsville,1,17
Burtonsville,1,18
Burtonsville,2,19
Burtonsville,1,20
Burtonsville,2,21
Burtonsville,1,23
Burtrum,1,18
Burtrum,4,19
Burtrum,1,21
Busby,1,1
Busby,1,2
Busby,4,6
Busby,1,8
Busby,3,9
Busby,1,10
Busby,2,12
Busby,2,13
Busby,2,14
Bushkill,1,6
Bushkill,1,7
Bushkill,2,9
Bushkill,1,10
Bushkill,2,11
Bushkill,2,14
Bushkill,1,19
Bushkill,1,21
Bushkill,1,22
Bushkill,1,23
Bushnell,6,0
Bushnell,5,1
Bushnell,2,2
Bushnell,5,3
Bushnell,10,4
Bushnell,7,5
Bushnell,20,6
Bushnell,18,7
Bushnell,9,8
Bushnell,12,9
Bushnell,8,10
Bushnell,11,11
Bushnell,12,12
Bushnell,18,13
Bushnell,11,14
Bushnell,9,15
Bushnell,13,16
Bushnell,3,17
Bushnell,12,18
Bushnell,4,19
Bushnell,18,20
Bushnell,12,21
Bushnell,2,22
Bushnell,7,23
Buskirk,1,0
Buskirk,1,1
Buskirk,3,8
Buskirk,1,16
Buskirk,3,17
Buskirk,4,19
Buskirk,3,21
Bussey,2,15
Bussey,2,16
Bussey,1,20
Busy,1,16
Butler,2,2
Butler,1,4
Butler,6,6
Butler,4,7
Butler,4,8
Butler,8,9
Butler,4,10
Butler,6,11
Butler,5,12
Butler,6,13
Butler,15,14
Butler,1,15
Butler,14,16
Butler,14,17
Butler,14,18
Butler,9,19
Butler,1,20
Butler,1,21
Butner,5,0
Butner,6,6
Butner,3,7
Butner,1,8
Butner,7,10
Butner,10,11
Butner,3,12
Butner,7,13
Butner,2,15
Butner,4,18
Butner,2,19
Butner,3,20
Butner,3,21
Butner,3,22
Butner,1,23
Butte,7,0
Butte,4,1
Butte,6,2
Butte,9,3
Butte,6,4
Butte,11,5
Butte,28,6
Butte,26,7
Butte,25,8
Butte,17,9
Butte,19,10
Butte,10,11
Butte,14,12
Butte,7,13
Butte,5,14
Butte,26,15
Butte,18,16
Butte,24,17
Butte,15,18
Butte,17,19
Butte,13,20
Butte,12,21
Butte,14,22
Butte,9,23
Butte City,2,4
Butte City,1,5
Butte City,1,6
Butte City,3,7
Butte City,3,8
Butte City,1,10
Butte City,2,11
Butte City,4,14
Butte City,2,15
Butte City,2,16
Butte City,2,17
Butte City,2,19
Butte Falls,1,0
Butte Falls,1,1
Butte Falls,1,8
Butte Falls,4,11
Butte Falls,2,12
Butte Falls,2,13
Butte Falls,3,14
Butte Falls,6,16
Butte Falls,1,17
Butte Falls,2,18
Butterfield,2,0
Butterfield,1,1
Butterfield,1,5
Butterfield,5,6
Butterfield,3,7
Butterfield,8,8
Butterfield,1,10
Butterfield,4,11
Butterfield,1,12
Butterfield,1,13
Butterfield,1,15
Butterfield,4,16
Butterfield,2,17
Butterfield,3,18
Butterfield,1,19
Butterfield,5,20
Butterfield,2,21
Buttonwillow,8,0
Buttonwillow,5,1
Buttonwillow,7,2
Buttonwillow,5,3
Buttonwillow,8,4
Buttonwillow,16,5
Buttonwillow,13,6
Buttonwillow,23,7
Buttonwillow,10,8
Buttonwillow,10,9
Buttonwillow,13,10
Buttonwillow,10,11
Buttonwillow,7,12
Buttonwillow,15,13
Buttonwillow,23,14
Buttonwillow,27,15
Buttonwillow,22,16
Buttonwillow,16,17
Buttonwillow,13,18
Buttonwillow,5,19
Buttonwillow,13,20
Buttonwillow,19,21
Buttonwillow,8,22
Buttonwillow,6,23
Buxton,5,0
Buxton,1,1
Buxton,1,2
Buxton,4,3
Buxton,7,4
Buxton,3,5
Buxton,4,6
Buxton,7,7
Buxton,4,8
Buxton,6,9
Buxton,1,10
Buxton,1,11
Buxton,5,12
Buxton,2,13
Buxton,5,14
Buxton,2,15
Buxton,1,16
Buxton,4,17
Buxton,2,18
Buxton,1,19
Buxton,2,20
Buxton,4,21
Buxton,5,23
Buzzards Bay,1,5
Buzzards Bay,2,7
Buzzards Bay,7,8
Buzzards Bay,2,9
Buzzards Bay,3,10
Buzzards Bay,4,11
Buzzards Bay,1,14
Buzzards Bay,3,16
Buzzards Bay,1,17
Buzzards Bay,2,18
BWI Airport,1,8
BWI Airport,1,9
BWI Airport,1,10
BWI Airport,1,11
BWI Airport,1,22
Bybee,1,14
Bybee,1,15
Byers,8,5
Byers,3,6
Byers,2,7
Byers,1,8
Byers,2,9
Byers,1,10
Byers,3,11
Byers,3,12
Byers,3,13
Byers,15,14
Byers,6,15
Byers,1,17
Byers,2,18
Byers,1,19
Byers,2,21
Byers,1,23
Byesville,1,8
Byesville,1,9
Byesville,1,12
Byesville,2,13
Byesville,1,21
Byfield,1,3
Byfield,1,4
Byfield,1,6
Byfield,1,9
Byfield,1,15
Byfield,1,16
Byfield,1,17
Byfield,1,21
Byhalia,1,1
Byhalia,1,2
Byhalia,1,3
Byhalia,2,5
Byhalia,3,7
Byhalia,3,8
Byhalia,4,9
Byhalia,4,10
Byhalia,2,11
Byhalia,2,12
Byhalia,2,13
Byhalia,2,14
Byhalia,6,15
Byhalia,2,16
Byhalia,4,17
Byhalia,2,20
Byhalia,2,21
Byhalia,6,22
Byhalia,2,23
Bylas,2,1
Bylas,1,6
Bylas,1,7
Bylas,1,14
Bylas,1,16
Bylas,2,17
Bynum,2,7
Byram,2,1
Byram,3,5
Byram,4,6
Byram,5,7
Byram,5,8
Byram,3,9
Byram,4,10
Byram,8,11
Byram,2,12
Byram,3,13
Byram,11,14
Byram,8,15
Byram,5,16
Byram,6,17
Byram,1,18
Byram,1,22
Byram Township,1,5
Byram Township,2,16
Byram Township,2,20
Byrdstown,1,10
Byrdstown,2,17
Byrnedale,2,9
Byrnedale,1,10
Byrnedale,1,11
Byrnedale,1,18
Byromville,3,7
Byron,6,0
Byron,7,1
Byron,6,2
Byron,9,3
Byron,20,4
Byron,25,5
Byron,31,6
Byron,46,7
Byron,25,8
Byron,23,9
Byron,23,10
Byron,14,11
Byron,14,12
Byron,38,13
Byron,39,14
Byron,32,15
Byron,46,16
Byron,47,17
Byron,37,18
Byron,27,19
Byron,15,20
Byron,18,21
Byron,16,22
Byron,11,23
Byron Center,2,1
Byron Center,2,2
Byron Center,3,3
Byron Center,7,4
Byron Center,5,5
Byron Center,24,6
Byron Center,25,7
Byron Center,13,8
Byron Center,18,9
Byron Center,7,10
Byron Center,3,11
Byron Center,2,12
Byron Center,10,13
Byron Center,7,14
Byron Center,9,15
Byron Center,11,16
Byron Center,8,17
Byron Center,7,18
Byron Center,4,19
Byron Center,3,20
Byron Center,2,21
Byron Center,1,22
Caballo,2,2
Caballo,1,6
Caballo,3,8
Caballo,2,9
Caballo,2,10
Caballo,2,12
Caballo,1,14
Caballo,2,15
Caballo,1,17
Caballo,2,18
Cabery,1,18
Cabin Creek,2,1
Cabin Creek,1,2
Cabin Creek,1,4
Cabin Creek,1,5
Cabin Creek,1,6
Cabin Creek,1,8
Cabin Creek,1,9
Cabin Creek,5,10
Cabin Creek,2,11
Cabin Creek,2,12
Cabin Creek,1,13
Cabin Creek,2,14
Cabin Creek,2,15
Cabin Creek,1,16
Cabin Creek,3,17
Cabin Creek,1,19
Cabin Creek,4,20
Cabin Creek,3,21
Cabin Creek,10,22
Cabin Creek,1,23
Cabin John,2,0
Cabin John,4,5
Cabin John,5,6
Cabin John,4,7
Cabin John,4,8
Cabin John,4,9
Cabin John,3,10
Cabin John,6,11
Cabin John,16,12
Cabin John,17,13
Cabin John,23,14
Cabin John,39,15
Cabin John,9,16
Cabin John,11,17
Cabin John,4,18
Cabin John,10,19
Cabin John,4,20
Cabin John,2,21
Cabin John,2,22
Cabin John,1,23
Cabins,1,11
Cable,1,14
Cabool,1,5
Cabool,1,21
Cabot,3,0
Cabot,1,1
Cabot,1,2
Cabot,2,3
Cabot,1,4
Cabot,3,5
Cabot,18,6
Cabot,32,7
Cabot,10,8
Cabot,3,9
Cabot,5,10
Cabot,5,11
Cabot,5,12
Cabot,5,13
Cabot,3,14
Cabot,2,15
Cabot,5,16
Cabot,4,17
Cabot,9,18
Cabot,3,19
Cabot,3,22
Cabot,2,23
Caddo,1,6
Caddo,1,17
Caddo Gap,1,7
Caddo Gap,1,13
Caddo Gap,1,15
Caddo Mills,1,2
Caddo Mills,2,5
Caddo Mills,1,7
Caddo Mills,1,9
Cades,3,0
Cades,2,2
Cades,1,4
Cades,1,5
Cades,2,6
Cades,7,7
Cades,1,8
Cades,2,9
Cades,1,10
Cades,1,11
Cades,3,14
Cades,3,15
Cades,1,16
Cades,5,17
Cades,2,18
Cades,2,19
Cades,2,20
Cades,2,23
Cadet,1,7
Cadet,2,11
Cadet,1,15
Cadet,2,16
Cadillac,2,16
Cadillac,1,17
Cadiz,1,0
Cadiz,1,6
Cadiz,2,7
Cadiz,1,8
Cadiz,1,10
Cadiz,1,11
Cadiz,1,12
Cadiz,2,13
Cadiz,1,14
Cadiz,4,15
Cadiz,1,17
Cadiz,1,20
Cadott,1,4
Cahone,2,5
Cahone,1,8
Cahone,3,11
Cahone,1,14
Cahone,1,16
Cahone,3,18
Cahone,1,19
Cahone,1,23
Cairnbrook,2,0
Cairnbrook,2,3
Cairnbrook,1,4
Cairnbrook,5,5
Cairnbrook,3,7
Cairnbrook,1,8
Cairnbrook,2,9
Cairnbrook,4,13
Cairnbrook,1,15
Cairnbrook,4,16
Cairnbrook,1,17
Cairnbrook,2,20
Cairnbrook,1,23
Cairo,2,2
Cairo,1,5
Cairo,1,15
Cairo,1,20
Cairo,3,22
Cairo,4,23
Calabasas,15,0
Calabasas,13,1
Calabasas,15,2
Calabasas,11,3
Calabasas,8,4
Calabasas,6,5
Calabasas,17,6
Calabasas,14,7
Calabasas,23,8
Calabasas,22,9
Calabasas,32,10
Calabasas,27,11
Calabasas,18,12
Calabasas,30,13
Calabasas,33,14
Calabasas,72,15
Calabasas,55,16
Calabasas,37,17
Calabasas,25,18
Calabasas,21,19
Calabasas,27,20
Calabasas,23,21
Calabasas,20,22
Calabasas,20,23
Calabash,1,1
Calabash,1,8
Calabash,1,10
Calabash,1,15
Calabash,2,16
Calabash,3,18
Calabash,2,19
Calabash,1,21
Calabash,4,23
Calamus,4,14
Caldwell,8,0
Caldwell,5,1
Caldwell,1,2
Caldwell,1,3
Caldwell,10,4
Caldwell,2,5
Caldwell,8,6
Caldwell,6,7
Caldwell,4,8
Caldwell,3,9
Caldwell,11,10
Caldwell,12,11
Caldwell,15,12
Caldwell,30,13
Caldwell,24,14
Caldwell,36,15
Caldwell,22,16
Caldwell,17,17
Caldwell,39,18
Caldwell,21,19
Caldwell,17,20
Caldwell,2,21
Caldwell,3,22
Caldwell,3,23
Caledonia,1,0
Caledonia,5,1
Caledonia,1,2
Caledonia,3,3
Caledonia,13,4
Caledonia,19,5
Caledonia,28,6
Caledonia,32,7
Caledonia,23,8
Caledonia,15,9
Caledonia,10,10
Caledonia,18,11
Caledonia,17,12
Caledonia,9,13
Caledonia,13,14
Caledonia,16,15
Caledonia,15,16
Caledonia,15,17
Caledonia,6,18
Caledonia,6,19
Caledonia,7,20
Caledonia,4,21
Caledonia,2,22
Caledonia,8,23
Calera,5,0
Calera,4,1
Calera,3,2
Calera,5,4
Calera,6,5
Calera,18,6
Calera,21,7
Calera,15,8
Calera,11,9
Calera,18,10
Calera,20,11
Calera,24,12
Calera,22,13
Calera,24,14
Calera,21,15
Calera,14,16
Calera,16,17
Calera,15,18
Calera,17,19
Calera,5,20
Calera,5,21
Calera,1,22
Calera,2,23
Calhan,3,1
Calhan,1,4
Calhan,4,6
Calhan,4,7
Calhan,1,8
Calhan,1,9
Calhan,1,10
Calhan,1,11
Calhan,10,12
Calhan,1,17
Calhan,8,18
Calhan,4,19
Calhan,1,20
Calhan,4,23
Calhoun,5,0
Calhoun,6,1
Calhoun,1,2
Calhoun,5,3
Calhoun,13,4
Calhoun,10,5
Calhoun,15,6
Calhoun,20,7
Calhoun,6,8
Calhoun,11,9
Calhoun,15,10
Calhoun,7,11
Calhoun,7,12
Calhoun,16,13
Calhoun,12,14
Calhoun,30,15
Calhoun,4,16
Calhoun,17,17
Calhoun,7,18
Calhoun,8,19
Calhoun,10,20
Calhoun,6,21
Calhoun,6,22
Calhoun City,1,22
Calhoun City,1,23
Calhoun Falls,2,0
Calhoun Falls,2,2
Calhoun Falls,1,6
Calhoun Falls,2,7
Calhoun Falls,2,8
Calhoun Falls,1,11
Calhoun Falls,2,12
Calhoun Falls,1,14
Calhoun Falls,3,15
Calhoun Falls,1,16
Calhoun Falls,4,17
Calhoun Falls,2,19
Calhoun Falls,1,20
Calhoun Falls,1,21
Calhoun Falls,1,23
Calico Rock,4,6
Calico Rock,2,8
Calico Rock,4,9
Caliente,1,1
Caliente,1,2
Caliente,5,3
Caliente,5,4
Caliente,12,5
Caliente,4,6
Caliente,7,7
Caliente,11,8
Caliente,10,9
Caliente,15,10
Caliente,4,11
Caliente,10,12
Caliente,12,13
Caliente,14,14
Caliente,3,15
Caliente,11,16
Caliente,13,17
Caliente,8,18
Caliente,14,19
Caliente,3,20
Caliente,6,21
Caliente,6,22
Caliente,2,23
California,1,0
California,2,1
California,1,7
California,4,12
California,1,13
California,1,14
California,3,17
California,2,18
California,6,19
California,8,20
California,1,21
California,8,22
California City,1,0
California City,2,1
California City,1,2
California City,5,4
California City,2,7
California City,1,8
California City,1,9
California City,2,10
California City,2,11
California City,1,12
California City,2,13
California City,5,14
California City,3,16
California City,1,18
California City,1,19
California City,1,20
California City,2,22
California City,3,23
California Hot Springs,2,0
California Hot Springs,3,3
California Hot Springs,2,5
California Hot Springs,7,6
California Hot Springs,7,7
California Hot Springs,3,9
California Hot Springs,5,10
California Hot Springs,2,12
California Hot Springs,3,13
California Hot Springs,1,14
California Hot Springs,6,15
California Hot Springs,2,16
California Hot Springs,3,17
California Hot Springs,2,18
California Hot Springs,2,19
California Hot Springs,1,20
California Hot Springs,2,21
California Hot Springs,4,22
Calimesa,4,0
Calimesa,3,2
Calimesa,1,3
Calimesa,1,5
Calimesa,2,6
Calimesa,5,7
Calimesa,1,8
Calimesa,1,9
Calimesa,4,10
Calimesa,3,11
Calimesa,5,12
Calimesa,1,13
Calimesa,4,14
Calimesa,1,15
Calimesa,3,16
Calimesa,3,17
Calimesa,4,18
Calimesa,2,20
Calimesa,3,21
Calimesa,2,22
Calimesa,3,23
Calistoga,17,0
Calistoga,3,1
Calistoga,9,2
Calistoga,13,3
Calistoga,7,4
Calistoga,16,5
Calistoga,31,6
Calistoga,22,7
Calistoga,24,8
Calistoga,20,9
Calistoga,16,10
Calistoga,9,11
Calistoga,10,12
Calistoga,26,13
Calistoga,16,14
Calistoga,19,15
Calistoga,36,16
Calistoga,29,17
Calistoga,20,18
Calistoga,21,19
Calistoga,4,20
Calistoga,5,21
Calistoga,11,22
Calistoga,9,23
Callahan,4,0
Callahan,4,1
Callahan,6,2
Callahan,3,3
Callahan,6,4
Callahan,6,5
Callahan,5,6
Callahan,13,7
Callahan,5,8
Callahan,5,9
Callahan,6,11
Callahan,6,12
Callahan,8,13
Callahan,13,14
Callahan,31,15
Callahan,27,16
Callahan,37,17
Callahan,14,18
Callahan,7,19
Callahan,3,20
Callahan,7,21
Callahan,6,22
Callahan,5,23
Callao,4,0
Callao,1,4
Callao,6,6
Callao,9,7
Callao,2,8
Callao,1,10
Callao,1,11
Callao,4,12
Callao,1,14
Callao,1,15
Callao,1,16
Callao,1,17
Callao,3,18
Callao,3,19
Callao,6,22
Callao,1,23
Callaway,7,1
Callaway,1,6
Callaway,1,8
Callaway,1,9
Callaway,1,10
Callaway,4,12
Callaway,5,13
Callaway,6,14
Callaway,5,15
Callaway,4,16
Callaway,2,17
Callaway,4,18
Callaway,3,19
Callaway,1,22
Callicoon,4,10
Callicoon,1,11
Calpine,1,1
Calpine,1,6
Calpine,2,8
Calpine,2,9
Calpine,3,10
Calpine,1,11
Calpine,3,12
Calpine,3,13
Calpine,4,14
Calpine,1,15
Calpine,3,16
Calpine,5,17
Calpine,1,18
Calpine,2,19
Calpine,1,20
Calpine,2,21
Calpine,2,22
Calumet,2,7
Calumet,2,8
Calumet,1,14
Calumet,1,18
Calumet,1,20
Calumet City,4,0
Calumet City,5,1
Calumet City,1,2
Calumet City,8,3
Calumet City,6,4
Calumet City,6,5
Calumet City,17,6
Calumet City,15,7
Calumet City,11,8
Calumet City,5,9
Calumet City,11,10
Calumet City,17,11
Calumet City,3,12
Calumet City,6,13
Calumet City,7,14
Calumet City,9,15
Calumet City,6,16
Calumet City,6,17
Calumet City,7,18
Calumet City,9,19
Calumet City,9,20
Calumet City,3,21
Calumet City,8,22
Calvert,1,11
Calvert,1,16
Calvert City,1,11
Calvert City,2,12
Calverton,2,3
Calverton,6,4
Calverton,3,5
Calverton,7,6
Calverton,4,7
Calverton,2,8
Calverton,1,11
Calverton,1,14
Calverton,1,15
Calverton,2,17
Calvin,2,20
Camak,1,14
Camak,1,16
Camak,1,19
Camanche,1,7
Camano Island,1,7
Camano Island,4,8
Camano Island,1,16
Camano Island,3,17
Camano Island,2,18
Camarillo,13,0
Camarillo,20,1
Camarillo,15,2
Camarillo,23,3
Camarillo,15,4
Camarillo,35,5
Camarillo,25,6
Camarillo,69,7
Camarillo,57,8
Camarillo,34,9
Camarillo,36,10
Camarillo,41,11
Camarillo,45,12
Camarillo,68,13
Camarillo,102,14
Camarillo,89,15
Camarillo,62,16
Camarillo,51,17
Camarillo,37,18
Camarillo,20,19
Camarillo,22,20
Camarillo,22,21
Camarillo,19,22
Camarillo,15,23
Camas,2,1
Camas,1,2
Camas,1,3
Camas,1,5
Camas,1,6
Camas,6,8
Camas,2,9
Camas,1,10
Camas,1,11
Camas,1,13
Camas,3,14
Camas,1,15
Camas,3,16
Camas,2,17
Camas,3,18
Camas,2,19
Camas,4,20
Camas,2,21
Camas,1,22
Camas,2,23
Camas Valley,2,0
Camas Valley,1,1
Camas Valley,1,3
Camas Valley,2,4
Camas Valley,6,5
Camas Valley,2,6
Camas Valley,2,7
Camas Valley,11,8
Camas Valley,2,10
Camas Valley,2,11
Camas Valley,5,12
Camas Valley,5,13
Camas Valley,1,14
Camas Valley,2,15
Camas Valley,3,16
Camas Valley,4,18
Camas Valley,4,19
Camas Valley,1,20
Camas Valley,1,21
Camas Valley,7,22
Camas Valley,3,23
Cambria,6,0
Cambria,6,1
Cambria,2,2
Cambria,5,4
Cambria,2,5
Cambria,2,6
Cambria,4,7
Cambria,10,8
Cambria,3,9
Cambria,7,10
Cambria,9,11
Cambria,15,12
Cambria,10,13
Cambria,6,14
Cambria,13,15
Cambria,16,16
Cambria,3,17
Cambria,13,18
Cambria,3,19
Cambria,7,20
Cambria,9,21
Cambria,8,22
Cambria,6,23
Cambria Heights,1,0
Cambria Heights,1,1
Cambria Heights,5,3
Cambria Heights,1,4
Cambria Heights,8,5
Cambria Heights,16,6
Cambria Heights,13,7
Cambria Heights,6,8
Cambria Heights,5,9
Cambria Heights,6,10
Cambria Heights,4,11
Cambria Heights,7,12
Cambria Heights,15,13
Cambria Heights,17,14
Cambria Heights,12,15
Cambria Heights,4,16
Cambria Heights,8,17
Cambria Heights,7,18
Cambria Heights,3,19
Cambria Heights,5,20
Cambria Heights,9,21
Cambria Heights,11,22
Cambria Heights,10,23
Cambridge,13,0
Cambridge,13,1
Cambridge,15,2
Cambridge,7,3
Cambridge,10,4
Cambridge,23,5
Cambridge,26,6
Cambridge,50,7
Cambridge,55,8
Cambridge,42,9
Cambridge,48,10
Cambridge,31,11
Cambridge,25,12
Cambridge,20,13
Cambridge,34,14
Cambridge,30,15
Cambridge,57,16
Cambridge,51,17
Cambridge,18,18
Cambridge,15,19
Cambridge,18,20
Cambridge,6,21
Cambridge,12,22
Cambridge,6,23
Cambridge City,3,1
Cambridge City,1,2
Cambridge City,3,6
Cambridge City,3,7
Cambridge City,1,8
Cambridge City,3,9
Cambridge City,6,10
Cambridge City,2,11
Cambridge City,11,13
Cambridge City,5,14
Cambridge City,7,15
Cambridge City,1,20
Cambridge Springs,1,8
Cambridge Springs,1,11
Cambridge Springs,10,12
Cambridge Springs,2,16
Cambridge Springs,1,22
Camby,3,7
Camby,1,8
Camby,7,15
Camby,3,18
Camby,2,23
Camden,28,0
Camden,16,1
Camden,14,2
Camden,7,3
Camden,25,4
Camden,52,5
Camden,58,6
Camden,60,7
Camden,57,8
Camden,29,9
Camden,32,10
Camden,38,11
Camden,44,12
Camden,26,13
Camden,52,14
Camden,85,15
Camden,82,16
Camden,73,17
Camden,78,18
Camden,43,19
Camden,31,20
Camden,30,21
Camden,35,22
Camden,27,23
Camden on Gauley,1,11
Camden Wyoming,2,0
Camden Wyoming,2,2
Camden Wyoming,5,13
Camden Wyoming,1,20
Camdenton,1,1
Camden-Wyoming,1,2
Camden-Wyoming,1,4
Camden-Wyoming,2,8
Camden-Wyoming,1,10
Camden-Wyoming,1,13
Camden-Wyoming,1,16
Camden-Wyoming,1,17
Cameron,1,0
Cameron,1,1
Cameron,4,2
Cameron,5,3
Cameron,7,4
Cameron,4,5
Cameron,6,6
Cameron,16,7
Cameron,9,8
Cameron,11,9
Cameron,10,10
Cameron,10,11
Cameron,10,12
Cameron,8,13
Cameron,11,14
Cameron,15,15
Cameron,18,16
Cameron,9,17
Cameron,12,18
Cameron,13,19
Cameron,11,20
Cameron,12,21
Cameron,6,22
Cameron,1,23
Cameron Park,3,0
Cameron Park,1,1
Cameron Park,2,3
Cameron Park,1,4
Cameron Park,1,5
Cameron Park,2,6
Cameron Park,6,7
Cameron Park,7,8
Cameron Park,7,9
Cameron Park,3,10
Cameron Park,2,11
Cameron Park,2,12
Cameron Park,15,13
Cameron Park,9,14
Cameron Park,9,15
Cameron Park,7,16
Cameron Park,9,17
Cameron Park,9,18
Cameron Park,7,19
Cameron Park,6,20
Cameron Park,9,21
Cameron Park,4,22
Cameron Park,6,23
Camilla,2,5
Camilla,2,6
Camilla,2,10
Camilla,4,11
Camilla,1,12
Camilla,1,15
Camilla,2,16
Camilla,2,18
Camilla,1,20
Camillus,4,4
Camillus,6,15
Camillus,2,16
Camillus,7,17
Camino,2,0
Camino,5,1
Camino,2,2
Camino,1,3
Camino,6,5
Camino,16,6
Camino,10,7
Camino,17,8
Camino,8,9
Camino,7,10
Camino,3,11
Camino,6,12
Camino,6,13
Camino,8,14
Camino,16,15
Camino,5,16
Camino,13,17
Camino,14,18
Camino,6,19
Camino,6,20
Camino,10,21
Camino,2,22
Camino,4,23
Cammal,2,11
Cammal,1,12
Camp Creek,1,9
Camp Creek,1,11
Camp Creek,1,12
Camp Creek,1,16
Camp Creek,4,17
Camp Creek,5,22
Camp Dennison,1,6
Camp Douglas,3,1
Camp Douglas,2,6
Camp Douglas,2,7
Camp Douglas,2,11
Camp Douglas,1,21
Camp Hill,3,0
Camp Hill,1,1
Camp Hill,1,2
Camp Hill,5,3
Camp Hill,12,4
Camp Hill,11,5
Camp Hill,10,6
Camp Hill,18,7
Camp Hill,18,8
Camp Hill,22,9
Camp Hill,11,10
Camp Hill,11,11
Camp Hill,7,12
Camp Hill,19,13
Camp Hill,27,14
Camp Hill,12,15
Camp Hill,27,16
Camp Hill,26,17
Camp Hill,7,18
Camp Hill,4,19
Camp Hill,4,20
Camp Hill,6,21
Camp Hill,3,22
Camp Hill,1,23
Camp Lejeune,1,7
Camp Lejeune,1,9
Camp Lejeune,1,12
Camp Lejeune,1,13
Camp Meeker,3,4
Camp Meeker,5,5
Camp Meeker,1,6
Camp Meeker,1,9
Camp Meeker,1,21
Camp Meeker,1,23
Camp Pendleton,5,0
Camp Pendleton,6,1
Camp Pendleton,8,2
Camp Pendleton,12,3
Camp Pendleton,12,4
Camp Pendleton,14,5
Camp Pendleton,22,6
Camp Pendleton,15,7
Camp Pendleton,25,8
Camp Pendleton,42,9
Camp Pendleton,46,10
Camp Pendleton,31,11
Camp Pendleton,20,12
Camp Pendleton,16,13
Camp Pendleton,11,14
Camp Pendleton,11,15
Camp Pendleton,16,16
Camp Pendleton,7,17
Camp Pendleton,8,18
Camp Pendleton,11,19
Camp Pendleton,3,20
Camp Pendleton,21,21
Camp Pendleton,7,22
Camp Pendleton,3,23
Camp Pendleton Marine Corps Base,2,0
Camp Pendleton Marine Corps Base,7,1
Camp Pendleton Marine Corps Base,2,2
Camp Pendleton Marine Corps Base,5,3
Camp Pendleton Marine Corps Base,8,4
Camp Pendleton Marine Corps Base,9,5
Camp Pendleton Marine Corps Base,5,6
Camp Pendleton Marine Corps Base,10,7
Camp Pendleton Marine Corps Base,13,8
Camp Pendleton Marine Corps Base,10,9
Camp Pendleton Marine Corps Base,9,10
Camp Pendleton Marine Corps Base,23,11
Camp Pendleton Marine Corps Base,14,12
Camp Pendleton Marine Corps Base,8,13
Camp Pendleton Marine Corps Base,9,14
Camp Pendleton Marine Corps Base,9,15
Camp Pendleton Marine Corps Base,7,16
Camp Pendleton Marine Corps Base,3,17
Camp Pendleton Marine Corps Base,7,19
Camp Pendleton Marine Corps Base,5,20
Camp Pendleton Marine Corps Base,4,21
Camp Pendleton Marine Corps Base,5,22
Camp Pendleton Marine Corps Base,3,23
Camp Sherman,5,0
Camp Sherman,2,2
Camp Sherman,1,4
Camp Sherman,1,5
Camp Sherman,2,6
Camp Sherman,7,7
Camp Sherman,7,8
Camp Sherman,17,9
Camp Sherman,2,10
Camp Sherman,5,11
Camp Sherman,3,12
Camp Sherman,1,13
Camp Sherman,9,14
Camp Sherman,6,15
Camp Sherman,8,16
Camp Sherman,10,17
Camp Sherman,1,18
Camp Sherman,3,19
Camp Sherman,3,20
Camp Sherman,1,21
Camp Sherman,1,22
Camp Sherman,2,23
Camp Verde,2,0
Camp Verde,1,2
Camp Verde,3,3
Camp Verde,1,4
Camp Verde,1,5
Camp Verde,2,6
Camp Verde,5,7
Camp Verde,4,8
Camp Verde,4,9
Camp Verde,11,10
Camp Verde,7,11
Camp Verde,4,12
Camp Verde,3,13
Camp Verde,3,14
Camp Verde,17,15
Camp Verde,6,16
Camp Verde,9,17
Camp Verde,5,18
Camp Verde,8,19
Camp Verde,1,20
Camp Verde,3,21
Campbell,8,0
Campbell,3,1
Campbell,3,2
Campbell,2,3
Campbell,2,4
Campbell,3,5
Campbell,6,6
Campbell,22,7
Campbell,19,8
Campbell,10,9
Campbell,14,10
Campbell,17,11
Campbell,16,12
Campbell,10,13
Campbell,15,14
Campbell,13,15
Campbell,13,16
Campbell,21,17
Campbell,15,18
Campbell,10,19
Campbell,8,20
Campbell,5,21
Campbell,7,22
Campbell,11,23
Campbell Hall,2,12
Campbell Hall,1,16
Campbell Hall,1,18
Campbellsburg,2,7
Campbellsburg,5,8
Campbellsburg,2,10
Campbellsburg,2,11
Campbellsburg,1,12
Campbellsburg,1,13
Campbellsburg,1,14
Campbellsville,2,9
Campbellsville,3,13
Campbellton,2,0
Campbellton,4,1
Campbellton,5,3
Campbellton,1,4
Campbellton,1,5
Campbellton,1,6
Campbellton,3,7
Campbellton,1,9
Campbellton,1,11
Campbellton,2,12
Campbellton,6,13
Campbellton,1,14
Campbellton,5,15
Campbellton,4,16
Campbellton,1,17
Campbellton,3,18
Campbellton,1,19
Campbellton,2,20
Campbellton,4,21
Campbellton,6,22
Campbellton,2,23
Campo,2,2
Campo,1,7
Campo,2,10
Campo,2,12
Campo,1,13
Campo Seco,1,3
Campo Seco,1,18
Campobello,5,0
Campobello,5,1
Campobello,3,2
Campobello,2,3
Campobello,1,4
Campobello,7,5
Campobello,9,6
Campobello,22,7
Campobello,15,8
Campobello,8,9
Campobello,6,10
Campobello,6,11
Campobello,7,12
Campobello,7,13
Campobello,8,14
Campobello,16,15
Campobello,13,16
Campobello,32,17
Campobello,19,18
Campobello,23,19
Campobello,8,20
Campobello,7,21
Campobello,5,22
Campobello,7,23
Campton,1,6
Campton,1,7
Campton,2,11
Campton,1,12
Campton,1,15
Campton,1,18
Campton,1,19
Camptonville,1,0
Camptonville,1,4
Camptonville,3,6
Camptonville,4,8
Camptonville,4,10
Camptonville,8,11
Camptonville,3,12
Camptonville,3,13
Camptonville,4,14
Camptonville,7,15
Camptonville,4,16
Camptonville,3,17
Camptonville,1,18
Camptonville,1,19
Camptonville,2,22
Camptonville,2,23
Cana,1,0
Cana,2,1
Cana,2,5
Cana,4,6
Cana,5,7
Cana,3,8
Cana,3,9
Cana,6,10
Cana,10,11
Cana,4,12
Cana,17,13
Cana,4,14
Cana,5,15
Cana,11,16
Cana,8,17
Cana,3,18
Cana,13,19
Cana,5,20
Cana,10,21
Cana,18,22
Cana,1,23
Canaan,2,0
Canaan,7,1
Canaan,10,2
Canaan,3,4
Canaan,1,5
Canaan,7,6
Canaan,6,7
Canaan,7,8
Canaan,4,9
Canaan,6,10
Canaan,6,11
Canaan,13,12
Canaan,7,13
Canaan,10,14
Canaan,16,16
Canaan,7,17
Canaan,5,18
Canaan,2,19
Canaan,4,20
Canaan,8,21
Canaan,7,22
Canaan,2,23
Canadensis,1,7
Canadensis,1,8
Canadensis,1,20
Canadian,3,10
Canajoharie,1,0
Canajoharie,1,2
Canajoharie,4,3
Canajoharie,3,4
Canajoharie,1,5
Canajoharie,6,6
Canajoharie,6,7
Canajoharie,5,8
Canajoharie,2,9
Canajoharie,3,11
Canajoharie,4,12
Canajoharie,1,13
Canajoharie,1,14
Canajoharie,1,15
Canajoharie,3,16
Canajoharie,2,18
Canajoharie,2,19
Canajoharie,2,20
Canajoharie,2,22
Canajoharie,1,23
Canal Fulton,1,7
Canal Fulton,1,8
Canal Fulton,1,11
Canal Fulton,2,12
Canal Fulton,2,13
Canal Fulton,1,17
Canal Point,1,1
Canal Point,1,4
Canal Point,2,6
Canal Point,2,7
Canal Point,1,13
Canal Point,1,23
Canal Winchester,2,4
Canal Winchester,2,5
Canal Winchester,19,6
Canal Winchester,27,7
Canal Winchester,12,8
Canal Winchester,3,9
Canal Winchester,4,10
Canal Winchester,1,12
Canal Winchester,6,13
Canal Winchester,1,14
Canal Winchester,9,15
Canal Winchester,6,16
Canal Winchester,9,17
Canal Winchester,3,18
Canal Winchester,9,19
Canal Winchester,1,20
Canal Winchester,1,21
Canaseraga,2,15
Canastota,2,0
Canastota,13,1
Canastota,3,2
Canastota,4,3
Canastota,4,4
Canastota,2,5
Canastota,13,6
Canastota,6,7
Canastota,6,8
Canastota,3,9
Canastota,10,10
Canastota,4,11
Canastota,5,12
Canastota,5,13
Canastota,8,14
Canastota,10,15
Canastota,11,16
Canastota,8,17
Canastota,9,18
Canastota,3,19
Canastota,1,20
Canastota,9,21
Canastota,4,22
Canastota,1,23
Canby,3,0
Canby,4,1
Canby,3,2
Canby,6,3
Canby,6,4
Canby,9,5
Canby,7,6
Canby,5,7
Canby,13,8
Canby,17,9
Canby,4,10
Canby,5,11
Canby,2,12
Canby,9,13
Canby,3,14
Canby,9,15
Canby,6,16
Canby,5,17
Canby,1,19
Canby,2,20
Canby,3,21
Canby,4,22
Canby,5,23
Candia,2,6
Candia,1,7
Candia,2,18
Candler,2,2
Candler,2,3
Candler,2,4
Candler,10,5
Candler,9,6
Candler,28,7
Candler,26,8
Candler,6,9
Candler,19,10
Candler,6,11
Candler,13,12
Candler,28,13
Candler,21,14
Candler,30,15
Candler,15,16
Candler,24,17
Candler,21,18
Candler,6,19
Candler,11,20
Candler,1,21
Candler,5,22
Candler,2,23
Candor,2,1
Candor,1,4
Candor,5,6
Candor,6,7
Candor,3,8
Candor,1,14
Candor,6,16
Candor,1,17
Candor,1,18
Candor,4,19
Candor,11,21
Canfield,1,7
Canfield,4,8
Canfield,1,10
Canfield,1,13
Canfield,3,14
Canfield,2,15
Canfield,3,16
Canfield,1,17
Canfield,2,18
Canfield,1,19
Canfield,1,20
Canisteo,2,12
Cannon Ball,2,7
Cannon Ball,1,22
Cannon Beach,1,9
Cannon Beach,5,12
Cannon Beach,1,16
Cannon Beach,7,18
Cannon Beach,1,19
Cannon Beach,1,20
Cannon Falls,4,0
Cannon Falls,13,2
Cannon Falls,7,3
Cannon Falls,4,4
Cannon Falls,8,5
Cannon Falls,14,6
Cannon Falls,12,7
Cannon Falls,3,8
Cannon Falls,6,9
Cannon Falls,22,10
Cannon Falls,11,11
Cannon Falls,6,12
Cannon Falls,5,13
Cannon Falls,6,14
Cannon Falls,22,15
Cannon Falls,8,16
Cannon Falls,20,17
Cannon Falls,9,18
Cannon Falls,20,19
Cannon Falls,21,20
Cannon Falls,11,21
Cannon Falls,5,22
Cannon Falls,8,23
Cannonville,1,10
Cannonville,2,11
Cannonville,1,15
Canoga Park,1,0
Canoga Park,2,1
Canoga Park,1,3
Canoga Park,2,4
Canoga Park,3,6
Canoga Park,4,7
Canoga Park,5,8
Canoga Park,3,9
Canoga Park,1,10
Canoga Park,2,11
Canoga Park,2,12
Canoga Park,3,13
Canoga Park,6,14
Canoga Park,3,15
Canoga Park,2,16
Canoga Park,2,17
Canoga Park,2,18
Canoga Park,1,19
Canoga Park,1,21
Canoga Park,3,23
Canon,1,8
Canon City,4,1
Canon City,1,4
Canon City,1,5
Canon City,3,6
Canon City,4,7
Canon City,5,8
Canon City,10,9
Canon City,3,10
Canon City,12,11
Canon City,5,12
Canon City,1,13
Canon City,4,14
Canon City,10,15
Canon City,1,16
Canon City,3,17
Canon City,7,18
Canon City,9,19
Canon City,10,20
Canon City,6,21
Canon City,4,23
Canonsburg,3,0
Canonsburg,2,1
Canonsburg,2,2
Canonsburg,5,3
Canonsburg,6,4
Canonsburg,4,5
Canonsburg,13,6
Canonsburg,6,7
Canonsburg,12,8
Canonsburg,13,9
Canonsburg,6,10
Canonsburg,6,11
Canonsburg,11,12
Canonsburg,17,13
Canonsburg,6,14
Canonsburg,3,15
Canonsburg,8,16
Canonsburg,5,17
Canonsburg,5,18
Canonsburg,7,19
Canonsburg,2,20
Canonsburg,3,22
Canonsburg,11,23
Canterbury,1,4
Canterbury,1,5
Canterbury,1,7
Canterbury,3,8
Canterbury,3,10
Canterbury,1,12
Canterbury,1,13
Canterbury,1,15
Canterbury,2,16
Canterbury,9,17
Canterbury,1,18
Canterbury,1,19
Canterbury,1,20
Canterbury,2,22
Cantil,1,0
Cantil,1,1
Cantil,2,2
Cantil,8,4
Cantil,1,5
Cantil,5,6
Cantil,2,7
Cantil,4,8
Cantil,2,9
Cantil,1,10
Cantil,3,11
Cantil,7,12
Cantil,2,13
Cantil,3,14
Cantil,7,15
Cantil,8,16
Cantil,3,17
Cantil,2,18
Cantil,3,19
Cantil,2,20
Cantil,2,21
Cantil,3,22
Cantil,3,23
Canton,12,0
Canton,5,1
Canton,9,2
Canton,18,3
Canton,23,4
Canton,34,5
Canton,91,6
Canton,120,7
Canton,119,8
Canton,71,9
Canton,47,10
Canton,75,11
Canton,52,12
Canton,67,13
Canton,88,14
Canton,90,15
Canton,130,16
Canton,147,17
Canton,80,18
Canton,52,19
Canton,24,20
Canton,30,21
Canton,15,22
Canton,22,23
Cantonment,6,0
Cantonment,8,1
Cantonment,5,2
Cantonment,15,3
Cantonment,10,4
Cantonment,25,5
Cantonment,28,6
Cantonment,48,7
Cantonment,51,8
Cantonment,21,9
Cantonment,19,10
Cantonment,18,11
Cantonment,16,12
Cantonment,23,13
Cantonment,19,14
Cantonment,34,15
Cantonment,43,16
Cantonment,31,17
Cantonment,18,18
Cantonment,9,19
Cantonment,8,20
Cantonment,13,21
Cantonment,12,22
Cantonment,2,23
Cantua Creek,1,1
Cantua Creek,4,2
Cantua Creek,2,3
Cantua Creek,1,5
Cantua Creek,1,6
Cantua Creek,1,7
Cantua Creek,1,9
Cantua Creek,1,12
Cantua Creek,3,13
Cantua Creek,5,14
Cantua Creek,1,15
Cantua Creek,4,17
Cantua Creek,1,18
Cantua Creek,1,19
Cantua Creek,3,20
Canyon,6,0
Canyon,2,2
Canyon,1,5
Canyon,4,6
Canyon,4,7
Canyon,3,8
Canyon,4,10
Canyon,6,11
Canyon,1,12
Canyon,1,13
Canyon,3,14
Canyon,2,15
Canyon,2,16
Canyon,1,19
Canyon,2,21
Canyon,3,22
Canyon,2,23
Canyon City,1,3
Canyon City,1,5
Canyon City,3,8
Canyon City,3,9
Canyon City,2,10
Canyon City,3,11
Canyon City,6,12
Canyon City,2,13
Canyon City,3,14
Canyon City,5,15
Canyon City,1,16
Canyon City,1,17
Canyon City,1,18
Canyon City,1,19
Canyon City,1,21
Canyon City,3,23
Canyon Country,19,0
Canyon Country,6,1
Canyon Country,8,2
Canyon Country,13,3
Canyon Country,16,4
Canyon Country,92,5
Canyon Country,35,6
Canyon Country,40,7
Canyon Country,33,8
Canyon Country,36,9
Canyon Country,17,10
Canyon Country,21,11
Canyon Country,14,12
Canyon Country,24,13
Canyon Country,28,14
Canyon Country,27,15
Canyon Country,39,16
Canyon Country,15,17
Canyon Country,37,18
Canyon Country,22,19
Canyon Country,15,20
Canyon Country,9,21
Canyon Country,5,22
Canyon Country,7,23
Canyon Creek,1,0
Canyon Creek,1,2
Canyon Creek,2,4
Canyon Creek,2,5
Canyon Creek,1,7
Canyon Creek,1,8
Canyon Creek,2,9
Canyon Creek,1,10
Canyon Creek,3,11
Canyon Creek,1,12
Canyon Creek,5,14
Canyon Creek,2,15
Canyon Creek,4,16
Canyon Creek,6,18
Canyon Creek,4,19
Canyon Creek,3,20
Canyon Creek,2,22
Canyon Creek,5,23
Canyon Dam,1,9
Canyon Dam,1,11
Canyon Dam,1,13
Canyon Dam,2,16
Canyon Dam,2,17
Canyon Dam,1,21
Canyon Dam,2,22
Canyondam,1,8
Canyondam,1,10
Canyondam,1,22
Canyonville,3,1
Canyonville,2,3
Canyonville,2,4
Canyonville,1,5
Canyonville,1,6
Canyonville,1,7
Canyonville,1,8
Canyonville,1,9
Canyonville,5,10
Canyonville,1,11
Canyonville,1,12
Canyonville,1,14
Canyonville,2,15
Canyonville,3,16
Canyonville,2,18
Canyonville,2,19
Canyonville,1,21
Canyonville,6,23
Capac,1,4
Capac,1,5
Capac,1,10
Capac,4,13
Capac,1,17
Capac,2,20
Capay,1,2
Capay,1,3
Capay,4,4
Capay,3,5
Capay,1,6
Capay,5,7
Capay,3,8
Capay,7,9
Capay,2,10
Capay,4,11
Capay,2,12
Capay,3,14
Capay,1,18
Capay,3,20
Capay,1,22
Capay,1,23
Cape Canaveral,3,6
Cape Canaveral,3,7
Cape Canaveral,1,8
Cape Canaveral,3,9
Cape Canaveral,1,11
Cape Canaveral,1,14
Cape Canaveral,4,15
Cape Canaveral,1,17
Cape Canaveral,1,18
Cape Canaveral,1,19
Cape Canaveral,1,20
Cape Carteret,3,16
Cape Carteret,1,17
Cape Charles,1,5
Cape Charles,6,6
Cape Charles,1,7
Cape Charles,4,8
Cape Charles,11,9
Cape Charles,4,10
Cape Charles,10,11
Cape Charles,7,12
Cape Charles,10,13
Cape Charles,5,14
Cape Charles,3,15
Cape Charles,9,16
Cape Charles,10,17
Cape Charles,2,18
Cape Charles,8,19
Cape Charles,4,20
Cape Charles,4,21
Cape Charles,3,22
Cape Charles,1,23
Cape Coral,3,0
Cape Coral,4,2
Cape Coral,1,3
Cape Coral,4,4
Cape Coral,5,5
Cape Coral,19,6
Cape Coral,32,7
Cape Coral,31,8
Cape Coral,8,9
Cape Coral,11,10
Cape Coral,8,11
Cape Coral,18,12
Cape Coral,16,13
Cape Coral,16,14
Cape Coral,38,15
Cape Coral,22,16
Cape Coral,15,17
Cape Coral,16,18
Cape Coral,11,19
Cape Coral,3,20
Cape Coral,3,21
Cape Coral,2,22
Cape Coral,6,23
Cape Fair,1,2
Cape Fair,1,17
Cape Fair,1,18
Cape Fair,1,19
Cape Girardeau,7,4
Cape Girardeau,2,17
Cape Girardeau,1,21
Cape Girardeau,1,22
Cape Girardeau,3,23
Cape May,3,7
Cape May,3,8
Cape May,1,9
Cape May,2,16
Cape May,1,17
Cape May Court House,9,0
Cape May Court House,3,1
Cape May Court House,4,2
Cape May Court House,5,3
Cape May Court House,3,4
Cape May Court House,2,5
Cape May Court House,2,6
Cape May Court House,4,7
Cape May Court House,13,8
Cape May Court House,9,9
Cape May Court House,9,10
Cape May Court House,10,11
Cape May Court House,8,12
Cape May Court House,8,13
Cape May Court House,9,14
Cape May Court House,3,15
Cape May Court House,6,16
Cape May Court House,5,17
Cape May Court House,5,18
Cape May Court House,10,19
Cape May Court House,3,20
Cape May Court House,11,21
Cape May Court House,2,22
Cape May Court House,9,23
Cape Neddick,1,11
Capistrano Beach,2,0
Capistrano Beach,5,1
Capistrano Beach,1,2
Capistrano Beach,9,4
Capistrano Beach,6,6
Capistrano Beach,2,7
Capistrano Beach,3,8
Capistrano Beach,2,9
Capistrano Beach,7,10
Capistrano Beach,4,11
Capistrano Beach,16,12
Capistrano Beach,8,13
Capistrano Beach,13,14
Capistrano Beach,18,15
Capistrano Beach,9,16
Capistrano Beach,7,17
Capistrano Beach,2,18
Capistrano Beach,2,19
Capistrano Beach,2,20
Capistrano Beach,3,21
Capistrano Beach,4,22
Capistrano Beach,4,23
Capitol Heights,6,0
Capitol Heights,7,1
Capitol Heights,6,2
Capitol Heights,3,3
Capitol Heights,10,4
Capitol Heights,19,5
Capitol Heights,26,6
Capitol Heights,29,7
Capitol Heights,26,8
Capitol Heights,6,9
Capitol Heights,9,10
Capitol Heights,24,11
Capitol Heights,21,12
Capitol Heights,17,13
Capitol Heights,29,14
Capitol Heights,27,15
Capitol Heights,38,16
Capitol Heights,23,17
Capitol Heights,20,18
Capitol Heights,9,19
Capitol Heights,12,20
Capitol Heights,10,21
Capitol Heights,17,22
Capitol Heights,14,23
Capitola,2,0
Capitola,3,4
Capitola,2,5
Capitola,6,6
Capitola,1,7
Capitola,8,8
Capitola,15,9
Capitola,1,10
Capitola,3,11
Capitola,13,12
Capitola,16,13
Capitola,13,14
Capitola,15,15
Capitola,19,16
Capitola,33,17
Capitola,11,18
Capitola,9,19
Capitola,1,21
Capitola,4,22
Capitola,1,23
Capon Bridge,1,6
Capon Bridge,1,7
Capon Bridge,1,10
Capon Bridge,2,17
Capon Bridge,3,19
Capon Bridge,1,20
Capron,2,5
Capron,1,6
Capron,2,7
Capron,1,9
Capron,1,10
Capron,4,12
Capron,1,13
Capron,3,14
Capron,3,15
Capron,2,16
Capron,3,18
Capron,2,19
Capron,9,20
Captiva,1,6
Captiva,1,11
Captiva,1,12
Carbon,4,10
Carbon,2,11
Carbon Hill,1,0
Carbon Hill,1,1
Carbon Hill,3,2
Carbon Hill,2,4
Carbon Hill,4,5
Carbon Hill,4,6
Carbon Hill,1,8
Carbon Hill,4,9
Carbon Hill,1,10
Carbon Hill,5,11
Carbon Hill,3,12
Carbon Hill,3,13
Carbon Hill,2,14
Carbon Hill,2,16
Carbon Hill,3,18
Carbon Hill,1,19
Carbon Hill,1,20
Carbon Hill,2,21
Carbon Hill,2,22
Carbon Hill,2,23
Carbondale,4,0
Carbondale,1,1
Carbondale,3,3
Carbondale,9,5
Carbondale,1,6
Carbondale,2,7
Carbondale,7,8
Carbondale,5,10
Carbondale,2,11
Carbondale,4,13
Carbondale,3,14
Carbondale,3,15
Carbondale,6,16
Carbondale,1,17
Carbondale,7,18
Carbondale,10,21
Carbondale,3,22
Cardiff by the Sea,6,0
Cardiff by the Sea,7,1
Cardiff by the Sea,4,2
Cardiff by the Sea,3,3
Cardiff by the Sea,6,4
Cardiff by the Sea,7,5
Cardiff by the Sea,9,6
Cardiff by the Sea,35,7
Cardiff by the Sea,12,8
Cardiff by the Sea,8,9
Cardiff by the Sea,11,10
Cardiff by the Sea,28,11
Cardiff by the Sea,9,12
Cardiff by the Sea,22,13
Cardiff by the Sea,27,14
Cardiff by the Sea,31,15
Cardiff by the Sea,16,16
Cardiff by the Sea,17,17
Cardiff by the Sea,7,18
Cardiff by the Sea,8,19
Cardiff by the Sea,14,20
Cardiff by the Sea,11,21
Cardiff by the Sea,9,22
Cardiff by the Sea,7,23
Cardington,1,1
Cardington,1,17
Cardwell,3,0
Cardwell,4,1
Cardwell,2,2
Cardwell,10,3
Cardwell,5,4
Cardwell,8,5
Cardwell,10,6
Cardwell,32,7
Cardwell,21,8
Cardwell,21,9
Cardwell,23,10
Cardwell,9,11
Cardwell,3,12
Cardwell,3,14
Cardwell,5,15
Cardwell,6,16
Cardwell,5,17
Cardwell,8,18
Cardwell,22,19
Cardwell,8,20
Cardwell,18,21
Cardwell,15,22
Cardwell,14,23
Carefree,1,17
Carencro,5,4
Carencro,6,5
Carencro,12,6
Carencro,28,7
Carencro,15,8
Carencro,9,9
Carencro,8,10
Carencro,2,11
Carencro,4,12
Carencro,1,13
Carencro,1,15
Carencro,1,16
Carencro,1,20
Caret,1,1
Caret,1,5
Caret,1,6
Caret,1,8
Caret,2,10
Caret,1,11
Caret,2,14
Caret,1,16
Caret,2,23
Carey,1,7
Carey,2,8
Carey,1,12
Carey,1,13
Carey,1,18
Carey,2,21
Carle Place,1,3
Carle Place,1,6
Carle Place,7,7
Carle Place,3,8
Carle Place,5,9
Carle Place,2,10
Carle Place,6,11
Carle Place,4,12
Carle Place,14,13
Carle Place,6,14
Carle Place,6,15
Carle Place,6,16
Carle Place,12,17
Carle Place,4,18
Carle Place,8,19
Carleton,2,2
Carleton,2,4
Carleton,1,6
Carleton,2,7
Carleton,7,9
Carleton,3,11
Carleton,3,12
Carleton,3,13
Carleton,1,14
Carleton,3,15
Carleton,1,16
Carleton,1,17
Carleton,1,21
Carleton,3,22
Carleton,1,23
Carlin,1,1
Carlin,1,3
Carlin,2,4
Carlin,1,5
Carlin,1,6
Carlin,3,7
Carlin,3,9
Carlin,1,10
Carlin,3,13
Carlin,4,15
Carlin,2,16
Carlin,4,17
Carlin,1,18
Carlin,1,21
Carlin,1,23
Carlisle,15,0
Carlisle,21,1
Carlisle,12,2
Carlisle,6,3
Carlisle,10,4
Carlisle,21,5
Carlisle,36,6
Carlisle,27,7
Carlisle,51,8
Carlisle,29,9
Carlisle,30,10
Carlisle,63,11
Carlisle,57,12
Carlisle,43,13
Carlisle,62,14
Carlisle,111,15
Carlisle,85,16
Carlisle,21,17
Carlisle,57,18
Carlisle,33,19
Carlisle,39,20
Carlisle,18,21
Carlisle,21,22
Carlisle,13,23
Carlock,1,0
Carlock,1,4
Carlock,1,7
Carlock,2,8
Carlock,1,9
Carlock,1,20
Carlos,1,0
Carlos,1,1
Carlos,2,4
Carlos,2,7
Carlos,1,13
Carlos,1,14
Carlos,2,15
Carlos,5,17
Carlos,1,21
Carlos,2,22
Carlotta,4,0
Carlotta,3,1
Carlotta,3,4
Carlotta,4,5
Carlotta,4,6
Carlotta,2,7
Carlotta,8,8
Carlotta,7,9
Carlotta,8,12
Carlotta,1,13
Carlotta,4,16
Carlotta,3,17
Carlotta,7,18
Carlotta,3,19
Carlotta,3,20
Carlotta,2,21
Carlotta,7,22
Carlotta,2,23
Carlsbad,11,0
Carlsbad,16,1
Carlsbad,15,2
Carlsbad,3,3
Carlsbad,22,4
Carlsbad,18,5
Carlsbad,39,6
Carlsbad,64,7
Carlsbad,74,8
Carlsbad,51,9
Carlsbad,94,10
Carlsbad,107,11
Carlsbad,60,12
Carlsbad,100,13
Carlsbad,111,14
Carlsbad,95,15
Carlsbad,79,16
Carlsbad,84,17
Carlsbad,64,18
Carlsbad,31,19
Carlsbad,18,20
Carlsbad,31,21
Carlsbad,17,22
Carlsbad,16,23
Carlstadt,5,0
Carlstadt,4,1
Carlstadt,2,2
Carlstadt,4,3
Carlstadt,5,4
Carlstadt,6,5
Carlstadt,5,6
Carlstadt,5,7
Carlstadt,5,8
Carlstadt,3,9
Carlstadt,5,10
Carlstadt,6,11
Carlstadt,6,12
Carlstadt,9,13
Carlstadt,12,14
Carlstadt,30,15
Carlstadt,12,16
Carlstadt,9,17
Carlstadt,8,18
Carlstadt,9,19
Carlstadt,5,20
Carlstadt,5,21
Carlstadt,1,22
Carlstadt,7,23
Carlton,3,0
Carlton,5,1
Carlton,4,2
Carlton,2,3
Carlton,3,4
Carlton,12,5
Carlton,11,6
Carlton,11,7
Carlton,15,8
Carlton,10,9
Carlton,10,10
Carlton,7,11
Carlton,6,12
Carlton,14,13
Carlton,14,14
Carlton,7,15
Carlton,19,16
Carlton,11,17
Carlton,7,18
Carlton,4,19
Carlton,11,20
Carlton,18,21
Carlton,16,22
Carlton,6,23
Carmel,12,0
Carmel,7,1
Carmel,5,2
Carmel,1,3
Carmel,3,4
Carmel,7,5
Carmel,21,6
Carmel,33,7
Carmel,41,8
Carmel,31,9
Carmel,32,10
Carmel,35,11
Carmel,41,12
Carmel,48,13
Carmel,42,14
Carmel,88,15
Carmel,45,16
Carmel,48,17
Carmel,31,18
Carmel,18,19
Carmel,19,20
Carmel,15,21
Carmel,19,22
Carmel,3,23
Carmel Valley,4,0
Carmel Valley,3,1
Carmel Valley,7,2
Carmel Valley,4,3
Carmel Valley,2,4
Carmel Valley,4,5
Carmel Valley,4,6
Carmel Valley,7,7
Carmel Valley,8,8
Carmel Valley,7,9
Carmel Valley,7,10
Carmel Valley,12,11
Carmel Valley,6,12
Carmel Valley,6,13
Carmel Valley,14,14
Carmel Valley,12,15
Carmel Valley,8,16
Carmel Valley,12,17
Carmel Valley,9,18
Carmel Valley,12,19
Carmel Valley,9,20
Carmel Valley,2,21
Carmel Valley,2,22
Carmel Valley,6,23
Carmel-by-the-Sea,1,0
Carmel-by-the-Sea,1,2
Carmel-by-the-Sea,1,3
Carmel-by-the-Sea,1,5
Carmel-by-the-Sea,3,6
Carmel-by-the-Sea,3,7
Carmel-by-the-Sea,6,8
Carmel-by-the-Sea,4,9
Carmel-by-the-Sea,18,10
Carmel-by-the-Sea,4,11
Carmel-by-the-Sea,8,12
Carmel-by-the-Sea,17,13
Carmel-by-the-Sea,5,14
Carmel-by-the-Sea,8,15
Carmel-by-the-Sea,10,16
Carmel-by-the-Sea,11,17
Carmel-by-the-Sea,2,18
Carmel-by-the-Sea,4,19
Carmel-by-the-Sea,3,20
Carmel-by-the-Sea,1,21
Carmel-by-the-Sea,1,22
Carmichael,25,0
Carmichael,10,1
Carmichael,16,2
Carmichael,13,3
Carmichael,20,4
Carmichael,46,5
Carmichael,24,6
Carmichael,34,7
Carmichael,62,8
Carmichael,35,9
Carmichael,40,10
Carmichael,30,11
Carmichael,33,12
Carmichael,69,13
Carmichael,60,14
Carmichael,71,15
Carmichael,75,16
Carmichael,68,17
Carmichael,42,18
Carmichael,48,19
Carmichael,53,20
Carmichael,30,21
Carmichael,33,22
Carmichael,21,23
Carmichaels,1,6
Carmichaels,1,8
Carmichaels,2,12
Carmichaels,2,16
Carnation,1,4
Carnation,1,6
Carnation,2,9
Carnation,1,12
Carnation,3,13
Carnation,1,14
Carnation,2,19
Carnation,1,23
Carnegie,5,0
Carnegie,8,1
Carnegie,4,2
Carnegie,2,3
Carnegie,4,4
Carnegie,8,5
Carnegie,32,6
Carnegie,18,7
Carnegie,24,8
Carnegie,9,9
Carnegie,12,10
Carnegie,12,11
Carnegie,6,12
Carnegie,6,13
Carnegie,20,14
Carnegie,18,15
Carnegie,25,16
Carnegie,23,17
Carnegie,23,18
Carnegie,3,19
Carnegie,3,20
Carnegie,10,21
Carnegie,5,22
Carnegie,2,23
Carnelian Bay,1,6
Carnelian Bay,2,8
Carnelian Bay,2,9
Carnelian Bay,1,10
Carnelian Bay,3,11
Carnelian Bay,1,12
Carnelian Bay,6,13
Carnelian Bay,5,14
Carnelian Bay,1,15
Carnelian Bay,4,16
Carnelian Bay,3,17
Carnelian Bay,1,18
Carnelian Bay,1,19
Carnelian Bay,2,21
Carnelian Bay,4,22
Carnelian Bay,1,23
Carnesville,2,0
Carnesville,1,2
Carnesville,1,3
Carnesville,1,4
Carnesville,3,5
Carnesville,4,6
Carnesville,5,8
Carnesville,6,9
Carnesville,6,10
Carnesville,6,11
Carnesville,4,12
Carnesville,1,13
Carnesville,2,14
Carnesville,7,15
Carnesville,5,16
Carnesville,4,17
Carnesville,6,18
Carnesville,2,19
Carnesville,1,20
Carnesville,2,23
Carney,1,15
Caro,1,11
Carol Stream,1,1
Carol Stream,1,3
Carol Stream,19,4
Carol Stream,22,5
Carol Stream,46,6
Carol Stream,63,7
Carol Stream,44,8
Carol Stream,2,9
Carol Stream,3,11
Carol Stream,7,12
Carol Stream,3,13
Carol Stream,1,14
Carol Stream,46,15
Carol Stream,50,16
Carol Stream,25,17
Carol Stream,17,18
Carol Stream,2,19
Carol Stream,1,20
Carol Stream,2,21
Carolina Beach,1,13
Carp Lake,2,17
Carpentersville,1,7
Carpentersville,1,18
Carpinteria,4,0
Carpinteria,7,1
Carpinteria,5,2
Carpinteria,8,3
Carpinteria,7,4
Carpinteria,18,5
Carpinteria,39,6
Carpinteria,32,7
Carpinteria,31,8
Carpinteria,25,9
Carpinteria,29,10
Carpinteria,31,11
Carpinteria,18,12
Carpinteria,37,13
Carpinteria,26,14
Carpinteria,34,15
Carpinteria,35,16
Carpinteria,28,17
Carpinteria,30,18
Carpinteria,14,19
Carpinteria,15,20
Carpinteria,10,21
Carpinteria,15,22
Carpinteria,8,23
Carpio,1,5
Carpio,2,9
Carpio,3,10
Carpio,1,23
Carr,4,3
Carr,5,4
Carr,4,5
Carr,6,6
Carr,5,7
Carr,2,8
Carr,1,9
Carr,2,11
Carr,5,13
Carr,6,15
Carr,2,16
Carr,9,17
Carr,3,19
Carr,4,20
Carrabelle,1,6
Carrabelle,1,8
Carrabelle,2,9
Carrabelle,2,10
Carrabelle,3,12
Carrabelle,1,13
Carrabelle,1,14
Carrabelle,1,17
Carrabelle,1,18
Carrabelle,1,19
Carrabelle,1,22
Carrier Mills,1,3
Carriere,1,0
Carriere,1,3
Carriere,1,16
Carrington,1,4
Carrington,1,7
Carrington,1,8
Carrington,1,11
Carrington,2,12
Carrington,1,14
Carrington,2,16
Carrington,1,17
Carrington,1,23
Carroll,3,2
Carroll,1,5
Carroll,6,6
Carroll,5,7
Carroll,1,8
Carroll,3,9
Carroll,4,10
Carroll,1,13
Carroll,3,14
Carroll,2,15
Carroll,2,16
Carroll,4,17
Carroll,5,18
Carroll,3,19
Carroll,2,22
Carrollton,5,0
Carrollton,13,1
Carrollton,18,2
Carrollton,10,3
Carrollton,26,4
Carrollton,48,5
Carrollton,72,6
Carrollton,87,7
Carrollton,90,8
Carrollton,64,9
Carrollton,43,10
Carrollton,39,11
Carrollton,72,12
Carrollton,50,13
Carrollton,74,14
Carrollton,71,15
Carrollton,71,16
Carrollton,49,17
Carrollton,46,18
Carrollton,37,19
Carrollton,34,20
Carrollton,25,21
Carrollton,11,22
Carrollton,18,23
Carrolltown,6,0
Carrolltown,5,1
Carrolltown,2,2
Carrolltown,3,3
Carrolltown,1,5
Carrolltown,6,7
Carrolltown,8,8
Carrolltown,2,9
Carrolltown,2,10
Carrolltown,4,11
Carrolltown,5,12
Carrolltown,2,13
Carrolltown,9,14
Carrolltown,7,15
Carrolltown,6,16
Carrolltown,1,17
Carrolltown,2,18
Carrolltown,5,19
Carrolltown,6,20
Carrolltown,5,21
Carrolltown,8,22
Carrolltown,2,23
Carrsville,3,1
Carrsville,1,6
Carrsville,3,10
Carrsville,2,12
Carrsville,3,13
Carrsville,1,14
Carrsville,2,16
Carrsville,1,19
Carson,39,0
Carson,19,1
Carson,17,2
Carson,20,3
Carson,38,4
Carson,84,5
Carson,132,6
Carson,122,7
Carson,117,8
Carson,56,9
Carson,52,10
Carson,90,11
Carson,79,12
Carson,115,13
Carson,122,14
Carson,121,15
Carson,140,16
Carson,85,17
Carson,71,18
Carson,46,19
Carson,41,20
Carson,20,21
Carson,27,22
Carson,40,23
Carson City,9,0
Carson City,2,1
Carson City,5,3
Carson City,19,4
Carson City,18,5
Carson City,43,6
Carson City,36,7
Carson City,28,8
Carson City,24,9
Carson City,14,10
Carson City,13,11
Carson City,33,12
Carson City,33,13
Carson City,15,14
Carson City,22,15
Carson City,31,16
Carson City,53,17
Carson City,24,18
Carson City,14,19
Carson City,9,20
Carson City,5,21
Carson City,6,22
Carson City,7,23
Carter,1,6
Carter,1,17
Carteret,4,0
Carteret,6,1
Carteret,9,2
Carteret,13,3
Carteret,7,4
Carteret,9,5
Carteret,14,6
Carteret,15,7
Carteret,4,8
Carteret,5,9
Carteret,7,10
Carteret,6,11
Carteret,15,12
Carteret,12,13
Carteret,9,14
Carteret,10,15
Carteret,18,16
Carteret,7,17
Carteret,7,18
Carteret,7,19
Carteret,5,20
Carteret,6,21
Carteret,9,22
Carteret,9,23
Cartersville,1,0
Cartersville,3,2
Cartersville,2,3
Cartersville,19,4
Cartersville,15,5
Cartersville,31,6
Cartersville,23,7
Cartersville,20,8
Cartersville,10,9
Cartersville,15,10
Cartersville,18,11
Cartersville,14,12
Cartersville,13,13
Cartersville,9,14
Cartersville,26,15
Cartersville,17,16
Cartersville,20,17
Cartersville,20,18
Cartersville,18,19
Cartersville,14,20
Cartersville,2,21
Cartersville,3,22
Cartersville,2,23
Carthage,1,2
Carthage,1,4
Carthage,6,6
Carthage,9,7
Carthage,4,8
Carthage,5,9
Carthage,5,10
Carthage,11,11
Carthage,4,12
Carthage,7,13
Carthage,8,14
Carthage,8,15
Carthage,5,16
Carthage,2,17
Carthage,15,18
Carthage,1,20
Carthage,6,21
Cartwright,2,5
Cartwright,2,7
Cartwright,1,8
Cartwright,1,9
Cartwright,1,13
Caruthers,10,0
Caruthers,2,1
Caruthers,3,2
Caruthers,5,3
Caruthers,13,5
Caruthers,15,6
Caruthers,9,7
Caruthers,18,8
Caruthers,6,9
Caruthers,7,10
Caruthers,7,11
Caruthers,7,12
Caruthers,7,13
Caruthers,12,14
Caruthers,12,15
Caruthers,18,16
Caruthers,18,17
Caruthers,10,18
Caruthers,9,19
Caruthers,7,20
Caruthers,11,21
Caruthers,4,22
Caruthers,10,23
Caruthersville,2,12
Caruthersville,1,16
Caruthersville,1,21
Caruthersville,1,23
Carver,3,1
Carver,1,2
Carver,1,5
Carver,2,6
Carver,6,7
Carver,2,8
Carver,2,9
Carver,1,10
Carver,1,11
Carver,1,15
Carver,2,18
Carver,3,19
Carver,1,20
Carver,1,22
Cary,11,0
Cary,7,1
Cary,13,2
Cary,11,3
Cary,13,4
Cary,10,5
Cary,44,6
Cary,60,7
Cary,85,8
Cary,50,9
Cary,43,10
Cary,55,11
Cary,55,12
Cary,62,13
Cary,75,14
Cary,103,15
Cary,196,16
Cary,204,17
Cary,147,18
Cary,69,19
Cary,40,20
Cary,36,21
Cary,25,22
Cary,10,23
Caryville,23,0
Caryville,3,1
Caryville,4,2
Caryville,5,3
Caryville,4,4
Caryville,6,5
Caryville,16,6
Caryville,7,7
Caryville,16,8
Caryville,18,9
Caryville,11,10
Caryville,17,11
Caryville,13,12
Caryville,19,13
Caryville,15,14
Caryville,13,15
Caryville,10,16
Caryville,5,17
Caryville,12,18
Caryville,6,19
Caryville,3,20
Caryville,6,21
Caryville,1,23
Casa Blanca,2,0
Casa Blanca,2,4
Casa Blanca,6,5
Casa Blanca,12,6
Casa Blanca,2,7
Casa Blanca,1,8
Casa Blanca,7,9
Casa Blanca,9,10
Casa Blanca,6,11
Casa Blanca,7,12
Casa Blanca,7,13
Casa Blanca,7,14
Casa Blanca,11,15
Casa Blanca,7,16
Casa Blanca,1,17
Casa Blanca,1,18
Casa Blanca,1,19
Casa Blanca,2,20
Casa Blanca,1,21
Casa Blanca,2,22
Casa Grande,3,0
Casa Grande,5,1
Casa Grande,3,2
Casa Grande,6,3
Casa Grande,20,4
Casa Grande,9,5
Casa Grande,6,6
Casa Grande,6,7
Casa Grande,14,8
Casa Grande,11,9
Casa Grande,6,10
Casa Grande,11,11
Casa Grande,15,12
Casa Grande,14,13
Casa Grande,7,14
Casa Grande,7,15
Casa Grande,3,16
Casa Grande,15,17
Casa Grande,6,18
Casa Grande,8,19
Casa Grande,6,20
Casa Grande,4,21
Casa Grande,5,22
Casa Grande,12,23
Casar,4,14
Cascade,4,0
Cascade,4,1
Cascade,2,2
Cascade,1,3
Cascade,5,5
Cascade,4,6
Cascade,7,7
Cascade,15,8
Cascade,7,9
Cascade,14,10
Cascade,12,11
Cascade,7,12
Cascade,7,13
Cascade,13,14
Cascade,13,15
Cascade,14,16
Cascade,10,17
Cascade,14,18
Cascade,7,19
Cascade,7,20
Cascade,4,21
Cascade,5,22
Cascade,3,23
Cascade Locks,3,0
Cascade Locks,5,1
Cascade Locks,1,2
Cascade Locks,8,3
Cascade Locks,5,4
Cascade Locks,4,5
Cascade Locks,21,6
Cascade Locks,16,7
Cascade Locks,11,8
Cascade Locks,16,9
Cascade Locks,10,10
Cascade Locks,22,11
Cascade Locks,16,12
Cascade Locks,23,13
Cascade Locks,29,14
Cascade Locks,15,15
Cascade Locks,14,16
Cascade Locks,12,17
Cascade Locks,13,18
Cascade Locks,11,19
Cascade Locks,8,20
Cascade Locks,12,21
Cascade Locks,4,22
Cascade Locks,4,23
Cascadia,1,9
Cascadia,1,12
Cascadia,1,15
Cascadia,3,17
Casco,1,0
Casco,1,2
Casco,2,4
Casco,1,5
Casco,7,6
Casco,7,7
Casco,3,8
Casco,2,9
Casco,4,11
Casco,1,14
Casco,5,15
Casco,2,16
Casco,1,18
Casco,1,19
Casco,1,20
Casey,1,0
Casey,1,1
Casey,3,4
Casey,3,5
Casey,2,6
Casey,2,7
Casey,2,8
Casey,2,9
Casey,2,10
Casey,3,11
Casey,2,12
Casey,2,14
Casey,2,15
Casey,4,16
Casey,3,17
Casey,2,18
Casey,1,19
Casey,1,20
Casey,1,21
Caseyville,1,0
Caseyville,2,3
Caseyville,3,4
Caseyville,2,5
Caseyville,4,6
Caseyville,4,7
Caseyville,3,8
Caseyville,2,9
Caseyville,3,10
Caseyville,2,11
Caseyville,3,12
Caseyville,6,13
Caseyville,2,14
Caseyville,11,15
Caseyville,4,16
Caseyville,5,17
Caseyville,4,18
Caseyville,2,19
Caseyville,4,20
Caseyville,4,21
Caseyville,1,22
Cash,1,7
Cash,1,8
Cash,2,11
Cash,1,14
Cash,1,15
Cashiers,1,2
Cashiers,1,3
Cashiers,2,5
Cashiers,1,7
Cashiers,2,8
Cashiers,1,9
Cashiers,2,10
Cashiers,2,16
Cashiers,4,17
Cashiers,10,19
Cashiers,1,20
Cashiers,1,23
Cashion,1,5
Cashion,1,7
Cashion,1,10
Cashion,1,15
Cashion,2,20
Cashion,1,21
Casmalia,2,0
Casmalia,2,5
Casmalia,1,6
Casmalia,3,7
Casmalia,1,8
Casmalia,1,9
Casmalia,1,10
Casmalia,1,13
Casmalia,6,14
Casmalia,2,15
Casmalia,2,17
Casmalia,1,19
Casmalia,3,20
Casmalia,1,21
Casmalia,2,22
Casnovia,1,8
Caspar,1,5
Caspar,5,7
Caspar,1,12
Caspar,2,13
Caspar,3,15
Caspar,2,16
Caspar,1,17
Caspar,1,20
Caspar,2,21
Caspar,1,22
Casper,1,0
Casper,1,1
Casper,1,7
Casper,1,8
Casper,1,9
Casper,1,10
Casper,4,11
Casper,3,13
Casper,5,14
Casper,8,16
Casper,6,17
Casper,1,19
Casper,2,21
Casper,1,22
Cass Lake,1,0
Cass Lake,2,1
Cass Lake,1,3
Cass Lake,2,4
Cass Lake,2,5
Cass Lake,2,6
Cass Lake,8,7
Cass Lake,1,8
Cass Lake,3,9
Cass Lake,3,10
Cass Lake,3,11
Cass Lake,4,12
Cass Lake,4,13
Cass Lake,4,14
Cass Lake,3,16
Cass Lake,3,17
Cass Lake,3,18
Cass Lake,3,20
Cass Lake,4,21
Cass Lake,5,22
Cassatt,4,1
Cassatt,1,2
Cassatt,2,3
Cassatt,3,4
Cassatt,1,5
Cassatt,11,6
Cassatt,12,7
Cassatt,7,8
Cassatt,4,9
Cassatt,2,10
Cassatt,5,11
Cassatt,3,12
Cassatt,3,13
Cassatt,3,14
Cassatt,6,15
Cassatt,7,16
Cassatt,4,17
Cassatt,7,18
Cassatt,1,19
Cassatt,3,20
Cassatt,3,21
Cassatt,3,22
Cassatt,3,23
Cassel,1,2
Cassel,1,4
Cassel,1,6
Cassel,2,11
Cassel,1,13
Cassel,5,14
Cassel,1,16
Cassel,2,18
Cassel,1,19
Cassel,3,21
Casselberry,1,1
Casselberry,1,2
Casselberry,2,4
Casselberry,8,5
Casselberry,8,6
Casselberry,19,7
Casselberry,22,8
Casselberry,14,9
Casselberry,15,10
Casselberry,9,11
Casselberry,9,12
Casselberry,3,13
Casselberry,13,14
Casselberry,15,15
Casselberry,15,16
Casselberry,12,17
Casselberry,12,18
Casselberry,8,19
Casselberry,5,20
Casselberry,5,21
Casselberry,2,22
Casselberry,1,23
Casselton,1,5
Casselton,1,6
Casselton,1,7
Casselton,1,13
Casselton,1,15
Cassoday,1,4
Cassopolis,2,6
Cassopolis,2,13
Cassopolis,2,15
Cassopolis,2,16
Cassville,1,0
Cassville,2,2
Cassville,1,3
Cassville,1,5
Cassville,1,6
Cassville,3,7
Cassville,4,8
Cassville,1,12
Cassville,3,14
Cassville,1,15
Cassville,1,16
Cassville,1,19
Cassville,1,20
Cassville,1,21
Castaic,51,0
Castaic,29,1
Castaic,34,2
Castaic,33,3
Castaic,43,4
Castaic,47,5
Castaic,34,6
Castaic,48,7
Castaic,40,8
Castaic,58,9
Castaic,36,10
Castaic,44,11
Castaic,72,12
Castaic,44,13
Castaic,56,14
Castaic,60,15
Castaic,55,16
Castaic,55,17
Castaic,44,18
Castaic,32,19
Castaic,33,20
Castaic,39,21
Castaic,60,22
Castaic,39,23
Castalia,3,0
Castalia,5,4
Castalia,2,5
Castalia,3,6
Castalia,4,7
Castalia,1,8
Castalia,7,9
Castalia,5,10
Castalia,2,11
Castalia,8,12
Castalia,13,13
Castalia,4,14
Castalia,4,15
Castalia,1,16
Castalia,3,17
Castalia,8,18
Castalia,2,19
Castalia,5,21
Castalian Springs,1,6
Castalian Springs,1,7
Castalian Springs,3,18
Castalian Springs,1,22
Castella,6,0
Castella,1,1
Castella,3,2
Castella,1,3
Castella,4,4
Castella,2,5
Castella,7,6
Castella,5,8
Castella,4,9
Castella,1,10
Castella,2,11
Castella,2,12
Castella,10,13
Castella,2,14
Castella,5,15
Castella,4,16
Castella,5,17
Castella,14,18
Castella,4,19
Castella,5,20
Castella,2,21
Castella,2,22
Castella,5,23
Castile,1,14
Castile,1,15
Castile,1,17
Castile,1,19
Castile,1,23
Castle Creek,1,10
Castle Creek,2,12
Castle Creek,1,15
Castle Creek,2,19
Castle Creek,1,20
Castle Dale,2,0
Castle Dale,1,1
Castle Dale,1,6
Castle Dale,2,7
Castle Dale,1,10
Castle Dale,1,16
Castle Hayne,3,0
Castle Hayne,1,1
Castle Hayne,1,4
Castle Hayne,3,8
Castle Hayne,4,10
Castle Hayne,2,11
Castle Hayne,5,12
Castle Hayne,2,14
Castle Hayne,10,15
Castle Hayne,10,16
Castle Hayne,2,17
Castle Hayne,2,19
Castle Hayne,3,20
Castle Hayne,1,21
Castle Hayne,1,22
Castle Hayne,1,23
Castle Pines,2,7
Castle Rock,3,0
Castle Rock,6,1
Castle Rock,5,2
Castle Rock,11,3
Castle Rock,10,4
Castle Rock,22,5
Castle Rock,36,6
Castle Rock,61,7
Castle Rock,49,8
Castle Rock,56,9
Castle Rock,25,10
Castle Rock,26,11
Castle Rock,33,12
Castle Rock,18,13
Castle Rock,19,14
Castle Rock,19,15
Castle Rock,29,16
Castle Rock,23,17
Castle Rock,23,18
Castle Rock,17,19
Castle Rock,16,20
Castle Rock,16,21
Castle Rock,16,22
Castle Rock,8,23
Castleberry,1,1
Castleberry,1,4
Castleberry,3,7
Castleberry,1,8
Castleberry,1,9
Castleberry,1,10
Castleberry,1,11
Castleberry,2,12
Castleberry,3,14
Castleberry,1,15
Castleberry,5,16
Castleberry,3,17
Castleberry,2,18
Castleberry,4,19
Castleberry,1,20
Castleberry,1,22
Castleton On Hudson,1,0
Castleton On Hudson,3,1
Castleton On Hudson,1,2
Castleton On Hudson,5,3
Castleton On Hudson,7,4
Castleton On Hudson,8,5
Castleton On Hudson,6,6
Castleton On Hudson,6,7
Castleton On Hudson,8,8
Castleton On Hudson,4,9
Castleton On Hudson,6,10
Castleton On Hudson,5,11
Castleton On Hudson,6,12
Castleton On Hudson,6,13
Castleton On Hudson,10,14
Castleton On Hudson,9,15
Castleton On Hudson,7,16
Castleton On Hudson,8,17
Castleton On Hudson,13,18
Castleton On Hudson,5,19
Castleton On Hudson,5,20
Castleton On Hudson,9,21
Castleton On Hudson,3,22
Castleton On Hudson,4,23
Castlewood,1,1
Castlewood,1,7
Castlewood,1,10
Castlewood,1,12
Castlewood,4,16
Castlewood,2,18
Castlewood,3,20
Castlewood,1,22
Castro Valley,31,0
Castro Valley,32,1
Castro Valley,29,2
Castro Valley,22,3
Castro Valley,22,4
Castro Valley,29,5
Castro Valley,55,6
Castro Valley,86,7
Castro Valley,141,8
Castro Valley,69,9
Castro Valley,62,10
Castro Valley,94,11
Castro Valley,99,12
Castro Valley,96,13
Castro Valley,169,14
Castro Valley,139,15
Castro Valley,144,16
Castro Valley,147,17
Castro Valley,98,18
Castro Valley,69,19
Castro Valley,50,20
Castro Valley,41,21
Castro Valley,47,22
Castro Valley,43,23
Castroville,7,0
Castroville,7,1
Castroville,9,2
Castroville,4,3
Castroville,4,4
Castroville,7,5
Castroville,25,6
Castroville,24,7
Castroville,32,8
Castroville,9,9
Castroville,11,10
Castroville,10,11
Castroville,22,12
Castroville,20,13
Castroville,29,14
Castroville,58,15
Castroville,48,16
Castroville,45,17
Castroville,23,18
Castroville,17,19
Castroville,20,20
Castroville,20,21
Castroville,7,22
Castroville,11,23
Cataldo,1,5
Cataldo,1,11
Cataldo,1,12
Cataldo,3,16
Cataldo,1,17
Cataldo,1,18
Cataldo,1,20
Catarina,3,17
Catasauqua,4,23
Cataumet,1,17
Catawba,3,0
Catawba,5,1
Catawba,1,2
Catawba,2,3
Catawba,3,4
Catawba,7,5
Catawba,7,6
Catawba,10,7
Catawba,5,8
Catawba,4,9
Catawba,3,10
Catawba,3,11
Catawba,2,12
Catawba,9,13
Catawba,6,14
Catawba,7,15
Catawba,5,16
Catawba,8,17
Catawba,5,18
Catawba,10,19
Catawba,2,20
Catawba,4,21
Catawba,5,22
Catawba,7,23
Catawissa,1,4
Catawissa,8,6
Catawissa,2,7
Catawissa,1,9
Catawissa,1,10
Catawissa,2,11
Catawissa,13,12
Catawissa,4,13
Catawissa,14,15
Catawissa,8,16
Catawissa,11,17
Catawissa,10,18
Catawissa,2,19
Catawissa,4,20
Catawissa,1,21
Catawissa,3,22
Catawissa,5,23
Catharpin,2,7
Catharpin,2,8
Catharpin,1,10
Catharpin,1,12
Catharpin,1,16
Catharpin,1,17
Catharpin,1,18
Cathay,1,8
Catherine,2,11
Catherine,1,12
Catherine,2,14
Catheys Valley,2,1
Catheys Valley,4,4
Catheys Valley,8,5
Catheys Valley,3,6
Catheys Valley,3,7
Catheys Valley,1,8
Catheys Valley,3,9
Catheys Valley,1,10
Catheys Valley,1,11
Catheys Valley,5,12
Catheys Valley,9,13
Catheys Valley,9,14
Catheys Valley,2,15
Catheys Valley,6,16
Catheys Valley,2,17
Catheys Valley,3,18
Catheys Valley,4,19
Catheys Valley,6,20
Catheys Valley,3,21
Catheys Valley,3,22
Cathlamet,1,5
Cathlamet,1,6
Cathlamet,1,11
Cathlamet,2,12
Cathlamet,1,14
Cathlamet,1,15
Cathlamet,1,20
Catlett,1,0
Catlett,1,4
Catlett,1,5
Catlett,3,6
Catlett,17,7
Catlett,4,8
Catlett,9,9
Catlett,2,10
Catlett,4,11
Catlett,4,12
Catlett,17,13
Catlett,12,14
Catlett,8,15
Catlett,2,16
Catlett,6,17
Catlett,8,18
Catlett,17,19
Catlett,5,20
Catlett,4,21
Catlett,4,22
Catlett,4,23
Catlettsburg,1,22
Cato,3,10
Cato,1,11
Cato,2,17
Cato,9,19
Cato,13,23
Catonsville,16,0
Catonsville,10,1
Catonsville,17,2
Catonsville,10,3
Catonsville,15,4
Catonsville,29,5
Catonsville,30,6
Catonsville,33,7
Catonsville,33,8
Catonsville,24,9
Catonsville,12,10
Catonsville,11,11
Catonsville,24,12
Catonsville,28,13
Catonsville,31,14
Catonsville,37,15
Catonsville,28,16
Catonsville,26,17
Catonsville,24,18
Catonsville,18,19
Catonsville,23,20
Catonsville,22,21
Catonsville,20,22
Catonsville,25,23
Catoosa,1,5
Catoosa,2,6
Catoosa,2,8
Catoosa,2,12
Catoosa,3,14
Catoosa,2,15
Catoosa,2,20
Catoosa,1,22
Catskill,4,0
Catskill,4,1
Catskill,9,2
Catskill,14,3
Catskill,9,4
Catskill,14,5
Catskill,21,6
Catskill,26,7
Catskill,8,8
Catskill,15,9
Catskill,4,10
Catskill,21,11
Catskill,14,12
Catskill,17,13
Catskill,14,14
Catskill,20,15
Catskill,14,16
Catskill,5,17
Catskill,6,18
Catskill,9,19
Catskill,15,20
Catskill,27,21
Catskill,7,22
Catskill,8,23
Cave City,1,6
Cave City,1,8
Cave City,7,12
Cave City,1,21
Cave Creek,1,0
Cave Creek,2,6
Cave Creek,6,7
Cave Creek,2,8
Cave Creek,1,9
Cave Creek,1,10
Cave Creek,1,11
Cave Creek,3,12
Cave Creek,2,14
Cave Creek,4,15
Cave Creek,2,16
Cave Creek,3,17
Cave Creek,3,18
Cave Creek,1,19
Cave Creek,2,21
Cave Creek,1,22
Cave Junction,2,0
Cave Junction,4,1
Cave Junction,3,3
Cave Junction,3,6
Cave Junction,19,7
Cave Junction,6,8
Cave Junction,3,9
Cave Junction,4,10
Cave Junction,3,11
Cave Junction,10,12
Cave Junction,3,13
Cave Junction,9,14
Cave Junction,8,15
Cave Junction,2,16
Cave Junction,3,17
Cave Junction,24,18
Cave Junction,8,19
Cave Junction,10,20
Cave Junction,8,21
Cave Junction,2,22
Cave Junction,9,23
Cave Spring,3,15
Cave Spring,1,16
Cave Spring,2,20
Cave Spring,3,21
Cave Springs,1,7
Cave-in-Rock,1,20
Cave-in-Rock,2,21
Cayce,1,0
Cayce,1,1
Cayce,2,2
Cayce,3,3
Cayce,3,4
Cayce,2,5
Cayce,5,6
Cayce,15,7
Cayce,10,8
Cayce,1,9
Cayce,2,10
Cayce,2,11
Cayce,1,12
Cayce,3,13
Cayce,6,14
Cayce,7,15
Cayce,10,16
Cayce,4,17
Cayce,4,18
Cayce,2,19
Cayce,3,20
Cayce,3,21
Cayce,4,22
Cayucos,2,0
Cayucos,1,2
Cayucos,2,4
Cayucos,1,6
Cayucos,9,7
Cayucos,4,8
Cayucos,1,9
Cayucos,6,10
Cayucos,2,11
Cayucos,5,12
Cayucos,8,13
Cayucos,6,14
Cayucos,8,15
Cayucos,9,16
Cayucos,8,17
Cayucos,10,18
Cayucos,1,19
Cayucos,2,20
Cayucos,10,21
Cayucos,4,22
Cayucos,2,23
Cayuga,3,12
Cayuta,3,9
Cazadero,2,2
Cazadero,1,6
Cazadero,6,7
Cazadero,2,9
Cazadero,3,10
Cazadero,2,11
Cazadero,3,13
Cazadero,9,14
Cazadero,3,15
Cazadero,5,16
Cazadero,6,17
Cazadero,5,18
Cazadero,8,19
Cazadero,4,20
Cazadero,4,21
Cazadero,3,22
Cazadero,4,23
Cecil,2,0
Cecil,1,6
Cecil,3,7
Cecil,1,9
Cecil,1,11
Cecil,2,12
Cecil,2,13
Cecil,2,16
Cecil,1,18
Cecil,1,19
Cecilia,3,6
Cecilia,2,7
Cecilia,1,13
Cecilton,3,9
Cedar,1,4
Cedar,1,17
Cedar Bluff,1,5
Cedar Bluff,1,6
Cedar Bluff,1,7
Cedar Bluff,2,8
Cedar Bluff,1,9
Cedar Bluff,1,10
Cedar Bluff,2,12
Cedar Bluff,5,14
Cedar Bluff,3,15
Cedar Bluff,5,16
Cedar Bluff,5,18
Cedar Bluff,4,20
Cedar City,22,0
Cedar City,4,1
Cedar City,5,2
Cedar City,4,3
Cedar City,5,4
Cedar City,13,5
Cedar City,14,6
Cedar City,41,7
Cedar City,42,8
Cedar City,28,9
Cedar City,19,10
Cedar City,18,11
Cedar City,32,12
Cedar City,35,13
Cedar City,28,14
Cedar City,61,15
Cedar City,25,16
Cedar City,24,17
Cedar City,27,18
Cedar City,8,19
Cedar City,11,20
Cedar City,16,21
Cedar City,9,22
Cedar City,11,23
Cedar Creek,3,4
Cedar Creek,1,5
Cedar Creek,4,6
Cedar Creek,1,7
Cedar Creek,1,8
Cedar Creek,2,10
Cedar Creek,11,15
Cedar Creek,4,16
Cedar Creek,2,17
Cedar Creek,2,19
Cedar Creek,1,22
Cedar Creek,1,23
Cedar Crest,1,7
Cedar Falls,1,5
Cedar Falls,2,6
Cedar Falls,3,7
Cedar Falls,2,8
Cedar Falls,1,9
Cedar Falls,1,10
Cedar Falls,1,12
Cedar Falls,1,13
Cedar Falls,5,14
Cedar Falls,1,16
Cedar Falls,1,21
Cedar Glen,1,0
Cedar Glen,1,2
Cedar Glen,1,5
Cedar Glen,1,6
Cedar Glen,1,7
Cedar Glen,3,8
Cedar Glen,4,9
Cedar Glen,2,10
Cedar Glen,1,11
Cedar Glen,4,13
Cedar Glen,5,14
Cedar Glen,2,16
Cedar Glen,1,17
Cedar Glen,4,18
Cedar Glen,2,19
Cedar Glen,2,22
Cedar Glen,3,23
Cedar Grove,2,0
Cedar Grove,2,5
Cedar Grove,6,7
Cedar Grove,1,8
Cedar Grove,1,9
Cedar Grove,2,11
Cedar Grove,5,12
Cedar Grove,2,13
Cedar Grove,1,14
Cedar Grove,5,15
Cedar Grove,3,16
Cedar Grove,2,17
Cedar Grove,3,18
Cedar Grove,2,20
Cedar Grove,4,21
Cedar Grove,1,23
Cedar Hill,3,1
Cedar Hill,5,2
Cedar Hill,5,4
Cedar Hill,3,5
Cedar Hill,8,6
Cedar Hill,9,7
Cedar Hill,5,8
Cedar Hill,3,9
Cedar Hill,6,10
Cedar Hill,5,11
Cedar Hill,3,12
Cedar Hill,5,13
Cedar Hill,7,14
Cedar Hill,4,15
Cedar Hill,1,16
Cedar Hill,9,17
Cedar Hill,2,18
Cedar Hill,2,19
Cedar Hill,1,20
Cedar Hill,1,21
Cedar Key,1,2
Cedar Key,1,4
Cedar Key,1,6
Cedar Key,1,12
Cedar Key,1,13
Cedar Key,1,15
Cedar Key,1,17
Cedar Key,1,18
Cedar Key,1,21
Cedar Key,1,22
Cedar Knolls,2,0
Cedar Knolls,1,1
Cedar Knolls,1,3
Cedar Knolls,3,5
Cedar Knolls,6,6
Cedar Knolls,7,7
Cedar Knolls,8,8
Cedar Knolls,4,10
Cedar Knolls,2,12
Cedar Knolls,6,13
Cedar Knolls,2,14
Cedar Knolls,3,15
Cedar Knolls,6,16
Cedar Knolls,13,17
Cedar Knolls,8,18
Cedar Knolls,2,21
Cedar Knolls,3,23
Cedar Lake,2,9
Cedar Park,1,1
Cedar Park,2,2
Cedar Park,4,4
Cedar Park,4,5
Cedar Park,8,6
Cedar Park,15,7
Cedar Park,13,8
Cedar Park,9,9
Cedar Park,5,10
Cedar Park,6,11
Cedar Park,4,12
Cedar Park,7,13
Cedar Park,8,14
Cedar Park,7,15
Cedar Park,9,16
Cedar Park,9,17
Cedar Park,17,18
Cedar Park,6,19
Cedar Park,3,20
Cedar Park,6,21
Cedar Park,5,22
Cedar Park,1,23
Cedar Rapids,5,0
Cedar Rapids,3,1
Cedar Rapids,6,2
Cedar Rapids,2,3
Cedar Rapids,6,4
Cedar Rapids,16,5
Cedar Rapids,22,6
Cedar Rapids,35,7
Cedar Rapids,22,8
Cedar Rapids,12,9
Cedar Rapids,20,10
Cedar Rapids,27,11
Cedar Rapids,19,12
Cedar Rapids,14,13
Cedar Rapids,16,14
Cedar Rapids,47,15
Cedar Rapids,49,16
Cedar Rapids,31,17
Cedar Rapids,17,18
Cedar Rapids,27,19
Cedar Rapids,11,20
Cedar Rapids,10,21
Cedar Rapids,12,22
Cedar Rapids,6,23
Cedar Run,2,14
Cedar Run,1,15
Cedar Springs,6,4
Cedar Springs,10,5
Cedar Springs,14,6
Cedar Springs,16,7
Cedar Springs,11,8
Cedar Springs,6,9
Cedar Springs,1,10
Cedar Springs,1,13
Cedar Springs,4,14
Cedar Springs,3,15
Cedar Springs,5,16
Cedar Springs,14,17
Cedar Springs,6,18
Cedar Springs,8,19
Cedar Springs,3,21
Cedar Springs,2,22
Cedar Valley,3,0
Cedar Valley,1,3
Cedar Valley,4,5
Cedar Valley,10,6
Cedar Valley,7,7
Cedar Valley,1,8
Cedar Valley,1,9
Cedar Valley,2,10
Cedar Valley,1,12
Cedar Valley,10,13
Cedar Valley,4,14
Cedar Valley,3,15
Cedar Valley,3,16
Cedar Valley,7,17
Cedar Valley,5,18
Cedar Valley,7,19
Cedar Valley,6,20
Cedar Valley,2,21
Cedarbluff,1,13
Cedarburg,3,12
Cedarhurst,1,4
Cedarhurst,1,14
Cedarhurst,1,15
Cedarpines Park,1,0
Cedarpines Park,2,4
Cedarpines Park,1,6
Cedarpines Park,3,7
Cedarpines Park,1,8
Cedarpines Park,1,9
Cedarpines Park,3,10
Cedarpines Park,1,11
Cedarpines Park,3,13
Cedarpines Park,3,14
Cedarpines Park,6,15
Cedarpines Park,4,16
Cedarpines Park,11,17
Cedarpines Park,6,18
Cedarpines Park,5,19
Cedarpines Park,4,20
Cedarpines Park,9,21
Cedarpines Park,4,22
Cedarpines Park,3,23
Cedartown,1,6
Cedartown,5,8
Cedartown,6,9
Cedartown,2,12
Cedartown,2,14
Cedartown,2,15
Cedartown,4,16
Cedartown,5,17
Cedartown,5,19
Cedartown,1,20
Cedartown,1,22
Cedarville,1,0
Cedarville,4,4
Cedarville,2,5
Cedarville,3,6
Cedarville,3,8
Cedarville,4,9
Cedarville,2,11
Cedarville,1,12
Cedarville,2,13
Cedarville,1,14
Cedarville,2,15
Cedarville,2,16
Cedarville,1,17
Cedarville,4,18
Cedarville,3,19
Cedarville,5,20
Cedarville,3,21
Celina,3,0
Celina,3,7
Celina,1,8
Celina,1,10
Celina,3,12
Celina,3,13
Celina,4,14
Celina,1,15
Celina,2,16
Celina,7,17
Celina,2,18
Cement City,3,6
Cement City,2,8
Cement City,1,9
Cement City,3,11
Cement City,3,13
Cement City,3,15
Cement City,1,16
Cement City,5,17
Centennial,12,7
Centennial,4,8
Centennial,1,9
Centennial,2,15
Center,4,9
Center,2,12
Center,3,14
Center,1,16
Center,2,17
Center,3,18
Center Barnstead,1,8
Center Barnstead,1,16
Center Barnstead,1,22
Center City,4,6
Center City,1,7
Center City,2,8
Center City,1,10
Center City,2,14
Center City,1,16
Center City,1,18
Center City,1,21
Center Conway,1,6
Center Cross,3,6
Center Cross,3,7
Center Cross,3,9
Center Cross,2,10
Center Cross,1,18
Center Cross,2,19
Center Cross,1,21
Center Cross,5,23
Center Hill,1,0
Center Hill,1,1
Center Hill,1,2
Center Hill,1,3
Center Hill,3,5
Center Hill,1,8
Center Hill,1,10
Center Hill,2,11
Center Hill,1,12
Center Hill,1,17
Center Hill,1,19
Center Hill,1,20
Center Hill,5,23
Center Line,1,0
Center Line,2,1
Center Line,1,5
Center Line,3,6
Center Line,2,7
Center Line,3,9
Center Line,1,10
Center Line,1,12
Center Line,1,13
Center Line,1,14
Center Line,9,16
Center Line,3,17
Center Line,2,18
Center Line,1,21
Center Line,1,23
Center Moriches,1,4
Center Moriches,1,6
Center Moriches,2,9
Center Moriches,1,17
Center Point,1,4
Center Point,1,5
Center Point,1,7
Center Point,5,8
Center Point,4,9
Center Point,1,10
Center Point,1,12
Center Point,6,16
Center Point,4,17
Center Point,1,18
Center Point,1,19
Center Point,2,21
Center Point,2,22
Center Ridge,3,12
Center Sandwich,1,6
Center Sandwich,1,8
Center Tuftonboro,2,10
Center Valley,2,1
Center Valley,1,3
Center Valley,1,5
Center Valley,6,6
Center Valley,3,7
Center Valley,8,8
Center Valley,2,10
Center Valley,5,11
Center Valley,12,12
Center Valley,13,13
Center Valley,10,14
Center Valley,19,15
Center Valley,7,16
Center Valley,9,17
Center Valley,14,18
Center Valley,1,19
Center Valley,5,20
Center Valley,5,21
Center Valley,2,22
Center Valley,4,23
Centerburg,2,6
Centerburg,5,7
Centerburg,1,12
Centerburg,1,15
Centerburg,2,16
Centereach,1,4
Centereach,4,6
Centereach,7,7
Centereach,11,8
Centereach,4,9
Centereach,5,10
Centereach,1,11
Centereach,2,12
Centereach,6,13
Centereach,3,14
Centereach,10,15
Centereach,13,16
Centereach,8,17
Centereach,1,18
Centereach,3,19
Centerfield,4,8
Centerfield,1,12
Centerport,1,8
Centerton,2,12
Centerville,6,0
Centerville,3,1
Centerville,6,2
Centerville,4,3
Centerville,7,4
Centerville,8,5
Centerville,12,6
Centerville,19,7
Centerville,32,8
Centerville,11,9
Centerville,17,10
Centerville,13,11
Centerville,16,12
Centerville,26,13
Centerville,28,14
Centerville,27,15
Centerville,24,16
Centerville,26,17
Centerville,14,18
Centerville,10,19
Centerville,12,20
Centerville,7,21
Centerville,12,22
Centerville,5,23
Central,7,0
Central,3,1
Central,6,2
Central,2,3
Central,11,4
Central,6,5
Central,15,6
Central,25,7
Central,35,8
Central,13,9
Central,9,10
Central,7,11
Central,12,12
Central,5,13
Central,15,14
Central,24,15
Central,25,16
Central,28,17
Central,25,18
Central,14,19
Central,7,20
Central,10,21
Central,5,22
Central,7,23
Central City,2,0
Central City,5,1
Central City,1,3
Central City,1,4
Central City,3,7
Central City,15,8
Central City,4,9
Central City,8,10
Central City,5,12
Central City,5,13
Central City,1,14
Central City,3,15
Central City,4,16
Central City,4,17
Central City,2,18
Central City,4,19
Central City,1,20
Central City,5,22
Central Coast,1,1
Central Contra Costa,1,0
Central Contra Costa,2,7
Central Contra Costa,1,8
Central Contra Costa,1,9
Central Contra Costa,1,10
Central Contra Costa,1,11
Central Contra Costa,1,13
Central Contra Costa,1,14
Central Contra Costa,1,17
Central Contra Costa,1,20
Central Contra Costa,2,23
Central Islip,2,2
Central Islip,1,4
Central Islip,6,5
Central Islip,4,6
Central Islip,8,7
Central Islip,8,8
Central Islip,1,9
Central Islip,2,10
Central Islip,2,13
Central Islip,6,16
Central Islip,2,17
Central Islip,4,18
Central Islip,4,21
Central Point,5,0
Central Point,7,1
Central Point,9,2
Central Point,5,3
Central Point,4,4
Central Point,8,5
Central Point,11,6
Central Point,14,7
Central Point,12,8
Central Point,16,9
Central Point,17,10
Central Point,19,11
Central Point,14,12
Central Point,24,13
Central Point,16,14
Central Point,18,15
Central Point,32,16
Central Point,31,17
Central Point,21,18
Central Point,18,19
Central Point,8,20
Central Point,3,21
Central Point,7,22
Central Point,2,23
Central Square,1,1
Central Square,2,18
Central Square,7,19
Central Square,1,21
Central Valley,2,0
Central Valley,2,2
Central Valley,2,3
Central Valley,4,4
Central Valley,3,5
Central Valley,6,6
Central Valley,15,7
Central Valley,7,8
Central Valley,9,9
Central Valley,7,10
Central Valley,10,11
Central Valley,5,12
Central Valley,8,13
Central Valley,8,14
Central Valley,9,15
Central Valley,5,16
Central Valley,4,17
Central Valley,5,18
Central Valley,4,19
Central Valley,6,20
Central Valley,5,21
Central Valley,3,22
Central Valley,3,23
Centralia,2,0
Centralia,4,1
Centralia,2,4
Centralia,2,5
Centralia,12,6
Centralia,2,9
Centralia,4,10
Centralia,2,11
Centralia,1,12
Centralia,6,13
Centralia,2,14
Centralia,2,15
Centralia,3,17
Centralia,4,18
Centralia,3,19
Centralia,1,20
Centralia,4,21
Centralia,1,22
Centre,2,4
Centre,1,5
Centre,5,7
Centre,2,8
Centre,2,9
Centre,1,10
Centre,1,11
Centre,3,12
Centre,1,13
Centre,8,14
Centre,8,15
Centre,4,16
Centre,5,17
Centre,1,18
Centre,1,20
Centre Hall,5,1
Centre Hall,7,2
Centre Hall,4,3
Centre Hall,3,4
Centre Hall,10,5
Centre Hall,4,6
Centre Hall,11,7
Centre Hall,6,8
Centre Hall,6,9
Centre Hall,4,10
Centre Hall,15,11
Centre Hall,3,12
Centre Hall,7,13
Centre Hall,1,14
Centre Hall,21,15
Centre Hall,22,16
Centre Hall,20,17
Centre Hall,19,18
Centre Hall,5,19
Centre Hall,6,20
Centre Hall,6,21
Centre Hall,8,22
Centre Hall,3,23
Centreville,13,0
Centreville,11,1
Centreville,12,2
Centreville,18,3
Centreville,27,4
Centreville,66,5
Centreville,123,6
Centreville,159,7
Centreville,110,8
Centreville,91,9
Centreville,71,10
Centreville,71,11
Centreville,79,12
Centreville,104,13
Centreville,145,14
Centreville,181,15
Centreville,235,16
Centreville,178,17
Centreville,85,18
Centreville,62,19
Centreville,34,20
Centreville,41,21
Centreville,32,22
Centreville,22,23
Century,6,0
Century,2,2
Century,3,3
Century,1,4
Century,6,5
Century,4,6
Century,3,7
Century,6,8
Century,2,9
Century,3,10
Century,4,12
Century,3,13
Century,6,14
Century,4,15
Century,2,16
Century,3,17
Century,2,18
Century,6,19
Century,1,20
Century,3,21
Century,5,22
Century,2,23
Ceres,11,0
Ceres,6,1
Ceres,11,2
Ceres,8,3
Ceres,11,4
Ceres,9,5
Ceres,28,6
Ceres,52,7
Ceres,36,8
Ceres,15,9
Ceres,15,10
Ceres,19,11
Ceres,25,12
Ceres,27,13
Ceres,40,14
Ceres,58,15
Ceres,36,16
Ceres,30,17
Ceres,29,18
Ceres,20,19
Ceres,15,20
Ceres,22,21
Ceres,17,22
Ceres,17,23
Ceresco,1,4
Ceresco,1,9
Ceresco,2,17
Cerrillos,4,15
Cerritos,28,0
Cerritos,16,1
Cerritos,42,2
Cerritos,26,3
Cerritos,37,4
Cerritos,65,5
Cerritos,92,6
Cerritos,109,7
Cerritos,79,8
Cerritos,54,9
Cerritos,100,10
Cerritos,107,11
Cerritos,64,12
Cerritos,93,13
Cerritos,130,14
Cerritos,112,15
Cerritos,120,16
Cerritos,107,17
Cerritos,77,18
Cerritos,38,19
Cerritos,24,20
Cerritos,41,21
Cerritos,22,22
Cerritos,57,23
Cerro Gordo,1,15
Ceylon,1,9
Ceylon,1,10
Chadbourn,1,5
Chadbourn,1,7
Chadbourn,1,10
Chadbourn,2,12
Chadbourn,3,13
Chadbourn,1,14
Chadbourn,1,15
Chadbourn,9,16
Chadbourn,2,21
Chadbourn,3,23
Chadds Ford,4,1
Chadds Ford,1,2
Chadds Ford,6,3
Chadds Ford,4,4
Chadds Ford,6,5
Chadds Ford,8,6
Chadds Ford,9,7
Chadds Ford,7,8
Chadds Ford,8,9
Chadds Ford,7,10
Chadds Ford,3,11
Chadds Ford,2,12
Chadds Ford,8,13
Chadds Ford,3,14
Chadds Ford,2,15
Chadds Ford,8,16
Chadds Ford,11,17
Chadds Ford,13,18
Chadds Ford,5,19
Chadds Ford,4,20
Chadds Ford,3,21
Chadds Ford,4,23
Chadwicks,1,17
Chadwicks,1,19
Chaffee,2,12
Chagrin Falls,1,5
Chagrin Falls,4,6
Chagrin Falls,7,7
Chagrin Falls,5,8
Chagrin Falls,3,10
Chagrin Falls,2,11
Chagrin Falls,1,12
Chagrin Falls,2,13
Chagrin Falls,2,14
Chagrin Falls,2,15
Chagrin Falls,4,16
Chagrin Falls,3,17
Chagrin Falls,3,18
Chagrin Falls,1,19
Chalfont,1,2
Chalfont,2,6
Chalfont,7,7
Chalfont,10,8
Chalfont,2,9
Chalfont,2,11
Chalfont,1,13
Chalfont,2,14
Chalfont,3,16
Chalfont,2,17
Chalfont,1,18
Chalfont,2,19
Chalfont,1,20
Chalfont,2,22
Chalfont,1,23
Challenge,1,2
Challenge,2,3
Challenge,1,5
Challenge,1,7
Challenge,4,10
Challenge,1,12
Challenge,1,13
Challenge,1,14
Challenge,3,16
Challenge,1,17
Challenge,1,19
Chalmers,1,1
Chalmers,1,4
Chalmers,2,6
Chalmers,3,11
Chalmers,1,13
Chalmers,5,19
Chalmers,4,20
Chalmers,1,22
Chambers,4,0
Chambers,4,1
Chambers,9,2
Chambers,4,3
Chambers,3,4
Chambers,3,5
Chambers,5,6
Chambers,9,7
Chambers,7,8
Chambers,13,9
Chambers,21,10
Chambers,6,11
Chambers,21,12
Chambers,6,13
Chambers,5,14
Chambers,3,15
Chambers,7,16
Chambers,4,17
Chambers,3,18
Chambers,8,19
Chambers,4,20
Chambers,4,21
Chambers,1,22
Chambers,8,23
Chambersburg,10,0
Chambersburg,3,1
Chambersburg,4,2
Chambersburg,3,3
Chambersburg,25,4
Chambersburg,20,5
Chambersburg,25,6
Chambersburg,16,7
Chambersburg,18,8
Chambersburg,15,9
Chambersburg,18,10
Chambersburg,14,11
Chambersburg,31,12
Chambersburg,25,13
Chambersburg,36,14
Chambersburg,35,15
Chambersburg,10,16
Chambersburg,24,17
Chambersburg,31,18
Chambersburg,11,19
Chambersburg,17,20
Chambersburg,19,21
Chambersburg,18,22
Chambersburg,7,23
Champaign,1,0
Champaign,4,1
Champaign,1,2
Champaign,8,3
Champaign,4,4
Champaign,7,5
Champaign,16,6
Champaign,13,7
Champaign,24,8
Champaign,5,9
Champaign,7,10
Champaign,14,11
Champaign,4,12
Champaign,7,13
Champaign,1,14
Champaign,4,15
Champaign,3,16
Champaign,4,17
Champaign,7,18
Champaign,1,19
Champaign,2,20
Champaign,6,21
Champaign,4,22
Champaign,1,23
Champion,2,2
Champion,2,6
Champion,1,7
Champion,2,8
Champion,1,16
Champion,1,17
Champion,1,19
Champion,1,20
Champions Gate,1,3
Champions Gate,1,4
Champions Gate,1,5
Champions Gate,3,6
Champions Gate,1,7
Champions Gate,4,8
Champions Gate,2,9
Champions Gate,9,11
Champions Gate,5,12
Champions Gate,6,13
Champions Gate,2,14
Champions Gate,3,15
Champions Gate,2,17
Champions Gate,3,18
Champions Gate,3,19
Champlain,1,1
Champlain,2,4
Champlain,1,5
Champlain,6,6
Champlain,4,8
Champlain,8,9
Champlain,3,12
Champlain,1,13
Champlain,1,14
Champlain,1,16
Champlain,3,17
Champlain,2,18
Champlain,3,20
Champlain,3,21
Champlin,3,0
Champlin,6,1
Champlin,1,4
Champlin,3,5
Champlin,5,6
Champlin,18,7
Champlin,6,8
Champlin,3,9
Champlin,2,10
Champlin,8,11
Champlin,5,12
Champlin,11,13
Champlin,17,14
Champlin,25,15
Champlin,16,16
Champlin,17,17
Champlin,3,18
Champlin,4,19
Champlin,3,20
Champlin,7,21
Champlin,4,22
Chancellor,1,9
Chancellor,1,14
Chancellor,1,16
Chancellor,1,20
Chandler,18,0
Chandler,24,1
Chandler,5,2
Chandler,20,3
Chandler,36,4
Chandler,45,5
Chandler,80,6
Chandler,130,7
Chandler,144,8
Chandler,80,9
Chandler,59,10
Chandler,64,11
Chandler,72,12
Chandler,85,13
Chandler,111,14
Chandler,138,15
Chandler,146,16
Chandler,119,17
Chandler,104,18
Chandler,57,19
Chandler,49,20
Chandler,38,21
Chandler,33,22
Chandler,27,23
Chanhassen,2,0
Chanhassen,1,2
Chanhassen,2,4
Chanhassen,3,5
Chanhassen,10,6
Chanhassen,15,7
Chanhassen,12,8
Chanhassen,7,9
Chanhassen,6,10
Chanhassen,10,11
Chanhassen,18,12
Chanhassen,9,13
Chanhassen,7,14
Chanhassen,8,15
Chanhassen,15,16
Chanhassen,9,17
Chanhassen,7,18
Chanhassen,2,19
Chanhassen,5,20
Chanhassen,4,21
Chanhassen,1,22
Chanhassen,2,23
Channahon,2,1
Channahon,2,3
Channahon,2,4
Channahon,6,5
Channahon,7,6
Channahon,9,7
Channahon,3,8
Channahon,5,9
Channahon,5,10
Channahon,7,11
Channahon,1,12
Channahon,3,13
Channahon,4,15
Channahon,3,16
Channahon,2,17
Channahon,5,18
Channahon,5,19
Channahon,2,20
Channahon,2,21
Channahon,1,22
Channahon,2,23
Channelview,1,0
Channelview,3,1
Channelview,1,2
Channelview,1,3
Channelview,2,4
Channelview,14,5
Channelview,16,6
Channelview,17,7
Channelview,8,8
Channelview,1,9
Channelview,5,10
Channelview,11,11
Channelview,6,12
Channelview,2,13
Channelview,4,14
Channelview,3,15
Channelview,3,16
Channelview,6,17
Channelview,1,18
Channelview,2,19
Channelview,2,20
Channelview,1,21
Channelview,2,22
Channing,1,0
Channing,2,16
Chantilly,1,0
Chantilly,4,1
Chantilly,1,2
Chantilly,11,3
Chantilly,9,4
Chantilly,11,5
Chantilly,19,6
Chantilly,106,7
Chantilly,110,8
Chantilly,31,9
Chantilly,21,10
Chantilly,40,11
Chantilly,30,12
Chantilly,40,13
Chantilly,63,14
Chantilly,92,15
Chantilly,114,16
Chantilly,86,17
Chantilly,74,18
Chantilly,33,19
Chantilly,17,20
Chantilly,23,21
Chantilly,23,22
Chantilly,8,23
Chanute,1,9
Chaparral,1,14
Chaparral,3,15
Chapel Hill,3,0
Chapel Hill,1,1
Chapel Hill,7,2
Chapel Hill,7,3
Chapel Hill,6,4
Chapel Hill,3,5
Chapel Hill,9,6
Chapel Hill,12,7
Chapel Hill,12,8
Chapel Hill,12,9
Chapel Hill,2,10
Chapel Hill,16,11
Chapel Hill,11,12
Chapel Hill,18,13
Chapel Hill,18,14
Chapel Hill,29,15
Chapel Hill,31,16
Chapel Hill,22,17
Chapel Hill,23,18
Chapel Hill,16,19
Chapel Hill,3,20
Chapel Hill,10,21
Chapel Hill,10,22
Chapel Hill,9,23
Chapin,6,0
Chapin,9,1
Chapin,9,2
Chapin,13,3
Chapin,18,4
Chapin,17,5
Chapin,29,6
Chapin,83,7
Chapin,67,8
Chapin,36,9
Chapin,50,10
Chapin,53,11
Chapin,33,12
Chapin,61,13
Chapin,52,14
Chapin,48,15
Chapin,49,16
Chapin,52,17
Chapin,30,18
Chapin,21,19
Chapin,25,20
Chapin,33,21
Chapin,19,22
Chapin,7,23
Chaplin,1,9
Chaplin,2,10
Chaplin,2,14
Chaplin,2,17
Chapman,1,6
Chapmanville,2,8
Chapmanville,2,9
Chapmanville,3,12
Chapmanville,5,13
Chapmanville,2,14
Chapmanville,1,16
Chapmanville,3,17
Chappaqua,3,5
Chappaqua,5,6
Chappaqua,14,7
Chappaqua,10,8
Chappaqua,4,9
Chappaqua,2,10
Chappaqua,2,11
Chappaqua,1,12
Chappaqua,1,13
Chappaqua,2,14
Chappaqua,12,15
Chappaqua,5,16
Chappaqua,3,17
Chappaqua,6,18
Chappaqua,1,19
Chappaqua,1,21
Chappaqua,2,22
Chappell,1,3
Chappell,1,4
Chappell,1,17
Chappell,1,18
Chappell Hill,1,21
Chappells,1,1
Chappells,1,3
Chappells,4,4
Chappells,5,5
Chappells,1,6
Chappells,1,7
Chappells,1,8
Chappells,3,9
Chappells,1,10
Chappells,1,13
Chappells,1,15
Chappells,2,18
Chappells,5,19
Chappells,2,20
Chappells,2,22
Chaptico,1,14
Chardon,3,4
Chardon,1,6
Chardon,5,7
Chardon,3,8
Chardon,5,11
Chardon,3,16
Chardon,3,17
Chardon,2,18
Chardon,1,19
Chardon,1,20
Chariton,3,7
Chariton,2,9
Chariton,1,11
Chariton,1,12
Chariton,1,13
Chariton,4,14
Charleroi,2,1
Charleroi,2,5
Charleroi,10,6
Charleroi,3,7
Charleroi,1,9
Charleroi,4,10
Charleroi,2,12
Charleroi,6,14
Charleroi,12,15
Charleroi,6,16
Charleroi,6,17
Charleroi,6,18
Charleroi,2,19
Charleroi,5,20
Charleroi,3,21
Charleroi,3,23
Charles City,7,1
Charles City,1,2
Charles City,2,5
Charles City,5,6
Charles City,3,7
Charles City,13,8
Charles City,4,9
Charles City,5,10
Charles City,12,11
Charles City,18,12
Charles City,14,13
Charles City,3,14
Charles City,3,15
Charles City,7,16
Charles City,8,17
Charles City,20,18
Charles City,11,19
Charles City,5,20
Charles City,8,21
Charles City,6,22
Charles City,4,23
Charles Town,1,0
Charles Town,1,1
Charles Town,1,4
Charles Town,1,5
Charles Town,4,6
Charles Town,2,7
Charles Town,2,8
Charles Town,1,9
Charles Town,3,10
Charles Town,4,11
Charles Town,5,12
Charles Town,5,13
Charles Town,1,14
Charles Town,7,15
Charles Town,4,16
Charles Town,14,17
Charles Town,5,18
Charles Town,3,19
Charles Town,1,20
Charles Town,2,21
Charles Town,2,23
Charleston,30,0
Charleston,21,1
Charleston,25,2
Charleston,24,3
Charleston,37,4
Charleston,62,5
Charleston,227,6
Charleston,268,7
Charleston,253,8
Charleston,136,9
Charleston,92,10
Charleston,135,11
Charleston,124,12
Charleston,156,13
Charleston,202,14
Charleston,271,15
Charleston,337,16
Charleston,263,17
Charleston,150,18
Charleston,100,19
Charleston,56,20
Charleston,82,21
Charleston,77,22
Charleston,52,23
Charleston Afb,1,7
Charleston Afb,1,13
Charlestown,1,1
Charlestown,5,4
Charlestown,7,5
Charlestown,14,6
Charlestown,22,7
Charlestown,21,8
Charlestown,18,9
Charlestown,11,10
Charlestown,6,11
Charlestown,2,12
Charlestown,1,13
Charlestown,3,14
Charlestown,6,15
Charlestown,24,16
Charlestown,18,17
Charlestown,9,18
Charlestown,4,19
Charlestown,4,20
Charlestown,2,21
Charlestown,5,22
Charlestown,2,23
Charlevoix,1,16
Charlo,3,0
Charlo,1,1
Charlo,1,4
Charlo,1,7
Charlo,4,8
Charlo,1,9
Charlo,3,10
Charlo,1,12
Charlo,2,13
Charlo,4,14
Charlo,2,16
Charlo,6,17
Charlo,2,19
Charlo,3,21
Charlo,1,23
Charlotte,258,0
Charlotte,257,1
Charlotte,305,2
Charlotte,211,3
Charlotte,786,4
Charlotte,827,5
Charlotte,1809,6
Charlotte,2768,7
Charlotte,3036,8
Charlotte,1691,9
Charlotte,1403,10
Charlotte,1623,11
Charlotte,1238,12
Charlotte,1547,13
Charlotte,1894,14
Charlotte,2337,15
Charlotte,5222,16
Charlotte,5019,17
Charlotte,3566,18
Charlotte,2148,19
Charlotte,941,20
Charlotte,748,21
Charlotte,581,22
Charlotte,291,23
Charlotte Court House,4,10
Charlotte Court House,6,11
Charlotte Court House,3,15
Charlotte Court House,1,17
Charlotte Hall,4,2
Charlotte Hall,2,4
Charlotte Hall,1,5
Charlotte Hall,1,6
Charlotte Hall,2,7
Charlotte Hall,2,8
Charlotte Hall,3,9
Charlotte Hall,2,10
Charlotte Hall,8,11
Charlotte Hall,6,12
Charlotte Hall,4,13
Charlotte Hall,2,14
Charlotte Hall,1,15
Charlotte Hall,10,16
Charlotte Hall,12,17
Charlotte Hall,3,18
Charlotte Hall,2,21
Charlottesville,30,0
Charlottesville,6,1
Charlottesville,27,2
Charlottesville,22,3
Charlottesville,13,4
Charlottesville,21,5
Charlottesville,70,6
Charlottesville,98,7
Charlottesville,110,8
Charlottesville,100,9
Charlottesville,62,10
Charlottesville,66,11
Charlottesville,126,12
Charlottesville,95,13
Charlottesville,109,14
Charlottesville,147,15
Charlottesville,151,16
Charlottesville,163,17
Charlottesville,56,18
Charlottesville,41,19
Charlottesville,51,20
Charlottesville,39,21
Charlottesville,38,22
Charlottesville,39,23
Charlton,1,4
Charlton,4,5
Charlton,2,6
Charlton,2,7
Charlton,3,8
Charlton,1,9
Charlton,2,10
Charlton,2,11
Charlton,1,14
Charlton,2,15
Charlton,2,16
Charlton,2,17
Charlton,1,22
Charlton,1,23
Chase City,2,1
Chase City,2,2
Chase City,2,3
Chase City,3,4
Chase City,1,5
Chase City,8,6
Chase City,7,7
Chase City,1,8
Chase City,5,9
Chase City,3,10
Chase City,7,11
Chase City,3,12
Chase City,3,13
Chase City,11,15
Chase City,14,16
Chase City,5,17
Chase City,6,18
Chase City,1,19
Chase City,10,20
Chaseley,1,18
Chaska,5,0
Chaska,9,1
Chaska,2,2
Chaska,4,3
Chaska,5,4
Chaska,6,5
Chaska,24,6
Chaska,20,7
Chaska,18,8
Chaska,13,9
Chaska,12,10
Chaska,4,11
Chaska,9,12
Chaska,8,13
Chaska,9,14
Chaska,19,15
Chaska,8,16
Chaska,28,17
Chaska,10,18
Chaska,4,19
Chaska,8,20
Chaska,7,21
Chaska,4,22
Chaska,4,23
Chateaugay,6,20
Chatfield,1,0
Chatfield,2,2
Chatfield,2,3
Chatfield,2,4
Chatfield,6,5
Chatfield,6,6
Chatfield,12,7
Chatfield,4,8
Chatfield,4,9
Chatfield,4,10
Chatfield,2,11
Chatfield,1,12
Chatfield,6,13
Chatfield,3,14
Chatfield,9,15
Chatfield,9,16
Chatfield,7,17
Chatfield,6,18
Chatfield,5,19
Chatfield,5,20
Chatfield,2,21
Chatfield,4,22
Chatfield,2,23
Chatham,8,0
Chatham,4,1
Chatham,3,2
Chatham,4,5
Chatham,11,6
Chatham,14,7
Chatham,9,8
Chatham,7,9
Chatham,7,10
Chatham,3,11
Chatham,19,12
Chatham,6,13
Chatham,15,14
Chatham,10,15
Chatham,9,16
Chatham,17,17
Chatham,8,18
Chatham,11,19
Chatham,19,20
Chatham,3,21
Chatham,6,22
Chatom,2,19
Chatsworth,19,0
Chatsworth,11,1
Chatsworth,13,2
Chatsworth,7,3
Chatsworth,7,4
Chatsworth,17,5
Chatsworth,24,6
Chatsworth,24,7
Chatsworth,14,8
Chatsworth,15,9
Chatsworth,15,10
Chatsworth,10,11
Chatsworth,20,12
Chatsworth,26,13
Chatsworth,34,14
Chatsworth,38,15
Chatsworth,15,16
Chatsworth,32,17
Chatsworth,23,18
Chatsworth,13,19
Chatsworth,14,20
Chatsworth,9,21
Chatsworth,9,22
Chatsworth,11,23
Chattahoochee,6,0
Chattahoochee,2,1
Chattahoochee,8,2
Chattahoochee,2,3
Chattahoochee,12,4
Chattahoochee,4,5
Chattahoochee,1,6
Chattahoochee,6,7
Chattahoochee,7,8
Chattahoochee,5,9
Chattahoochee,2,10
Chattahoochee,7,11
Chattahoochee,13,12
Chattahoochee,4,13
Chattahoochee,7,14
Chattahoochee,8,15
Chattahoochee,12,16
Chattahoochee,8,17
Chattahoochee,5,18
Chattahoochee,10,20
Chattahoochee,3,21
Chattahoochee,2,22
Chattahoochee,7,23
Chattanooga,173,0
Chattanooga,107,1
Chattanooga,111,2
Chattanooga,109,3
Chattanooga,104,4
Chattanooga,179,5
Chattanooga,318,6
Chattanooga,444,7
Chattanooga,382,8
Chattanooga,277,9
Chattanooga,342,10
Chattanooga,363,11
Chattanooga,450,12
Chattanooga,481,13
Chattanooga,561,14
Chattanooga,704,15
Chattanooga,747,16
Chattanooga,703,17
Chattanooga,403,18
Chattanooga,272,19
Chattanooga,234,20
Chattanooga,203,21
Chattanooga,196,22
Chattanooga,146,23
Chattaroy,1,5
Chattaroy,1,6
Chattaroy,3,7
Chattaroy,1,8
Chauvin,1,10
Chauvin,1,17
Chazy,1,12
Chebanse,1,0
Chebanse,2,5
Chebanse,1,6
Chebanse,2,7
Chebanse,1,8
Chebanse,2,9
Chebanse,2,10
Chebanse,1,11
Chebanse,2,16
Chebanse,1,18
Chebanse,1,20
Cheboygan,1,12
Cheboygan,2,13
Cheboygan,1,14
Cheboygan,1,16
Cheboygan,1,17
Checotah,1,5
Cheektowaga,1,6
Cheektowaga,1,16
Cheektowaga,2,17
Chehalis,4,0
Chehalis,3,1
Chehalis,2,2
Chehalis,2,3
Chehalis,6,4
Chehalis,3,5
Chehalis,3,6
Chehalis,2,7
Chehalis,3,8
Chehalis,6,9
Chehalis,5,10
Chehalis,18,11
Chehalis,11,12
Chehalis,12,13
Chehalis,8,14
Chehalis,13,15
Chehalis,6,16
Chehalis,22,17
Chehalis,7,18
Chehalis,6,19
Chehalis,2,20
Chehalis,4,21
Chehalis,10,22
Chehalis,2,23
Chelmsford,1,0
Chelmsford,2,4
Chelmsford,10,5
Chelmsford,13,6
Chelmsford,19,7
Chelmsford,25,8
Chelmsford,12,9
Chelmsford,12,10
Chelmsford,4,11
Chelmsford,2,12
Chelmsford,2,13
Chelmsford,7,14
Chelmsford,9,15
Chelmsford,27,16
Chelmsford,25,17
Chelmsford,4,18
Chelmsford,1,23
Chelsea,1,2
Chelsea,2,3
Chelsea,1,4
Chelsea,15,5
Chelsea,19,6
Chelsea,25,7
Chelsea,23,8
Chelsea,17,9
Chelsea,23,10
Chelsea,9,11
Chelsea,5,12
Chelsea,7,13
Chelsea,6,14
Chelsea,5,15
Chelsea,29,16
Chelsea,42,17
Chelsea,13,18
Chelsea,5,19
Chelsea,3,20
Chelsea,1,21
Cheltenham,3,0
Cheltenham,2,1
Cheltenham,1,4
Cheltenham,3,5
Cheltenham,5,6
Cheltenham,11,7
Cheltenham,12,8
Cheltenham,4,9
Cheltenham,4,10
Cheltenham,4,11
Cheltenham,2,12
Cheltenham,2,13
Cheltenham,5,14
Cheltenham,11,15
Cheltenham,4,16
Cheltenham,10,17
Cheltenham,8,18
Cheltenham,5,19
Cheltenham,2,20
Cheltenham,4,21
Cheltenham,2,22
Cheltenham,5,23
Chemult,2,1
Chemult,2,2
Chemult,3,4
Chemult,4,5
Chemult,4,6
Chemult,4,7
Chemult,5,8
Chemult,3,9
Chemult,9,10
Chemult,4,11
Chemult,11,12
Chemult,15,13
Chemult,9,14
Chemult,18,15
Chemult,15,16
Chemult,3,17
Chemult,13,18
Chemult,19,19
Chemult,6,20
Chemult,16,21
Chemult,7,22
Chemult,2,23
Chemung,1,15
Chenango Forks,2,5
Chenango Forks,2,7
Cheney,2,1
Cheney,1,3
Cheney,1,4
Cheney,7,5
Cheney,4,6
Cheney,2,7
Cheney,5,8
Cheney,2,11
Cheney,2,12
Cheney,1,14
Cheney,1,15
Cheney,1,17
Cheney,1,18
Cheney,3,21
Cheneyville,1,9
Cheneyville,1,10
Cheneyville,2,12
Cheneyville,1,13
Chenoa,4,3
Chenoa,2,4
Chenoa,1,5
Chenoa,5,7
Chenoa,3,8
Chenoa,1,13
Chenoa,1,15
Chenoa,2,16
Chenoa,1,21
Chenoa,1,22
Cheraw,5,0
Cheraw,3,1
Cheraw,1,2
Cheraw,8,4
Cheraw,4,5
Cheraw,9,6
Cheraw,16,7
Cheraw,13,8
Cheraw,4,9
Cheraw,2,10
Cheraw,5,11
Cheraw,10,12
Cheraw,2,13
Cheraw,5,14
Cheraw,9,15
Cheraw,11,16
Cheraw,7,17
Cheraw,8,18
Cheraw,7,19
Cheraw,4,20
Cheraw,6,21
Cheraw,7,22
Cheraw,5,23
Cherokee,3,6
Cherokee,3,7
Cherokee,4,8
Cherokee,2,9
Cherokee,4,11
Cherokee,3,12
Cherokee,2,13
Cherokee,1,14
Cherokee,1,17
Cherokee,1,18
Cherokee,5,20
Cherokee,2,21
Cherokee,3,22
Cherry Creek,1,17
Cherry Hill,7,0
Cherry Hill,5,1
Cherry Hill,4,2
Cherry Hill,15,3
Cherry Hill,11,4
Cherry Hill,16,5
Cherry Hill,14,6
Cherry Hill,42,7
Cherry Hill,28,8
Cherry Hill,17,9
Cherry Hill,11,10
Cherry Hill,18,11
Cherry Hill,47,12
Cherry Hill,35,13
Cherry Hill,84,14
Cherry Hill,52,15
Cherry Hill,74,16
Cherry Hill,107,17
Cherry Hill,76,18
Cherry Hill,11,19
Cherry Hill,4,20
Cherry Hill,13,21
Cherry Hill,11,22
Cherry Hill,14,23
Cherry Log,6,19
Cherry Tree,1,1
Cherry Tree,6,8
Cherry Tree,2,9
Cherry Tree,1,11
Cherry Tree,2,15
Cherry Tree,1,17
Cherry Tree,1,18
Cherry Tree,2,19
Cherry Tree,2,21
Cherry Tree,2,22
Cherry Valley,3,0
Cherry Valley,1,1
Cherry Valley,1,4
Cherry Valley,2,5
Cherry Valley,2,6
Cherry Valley,1,7
Cherry Valley,3,8
Cherry Valley,3,9
Cherry Valley,5,10
Cherry Valley,2,11
Cherry Valley,1,12
Cherry Valley,5,14
Cherry Valley,1,15
Cherry Valley,2,16
Cherry Valley,1,17
Cherry Valley,1,18
Cherry Valley,1,19
Cherry Valley,2,20
Cherry Valley,1,21
Cherry Valley,2,22
Cherryvale,6,7
Cherryvale,1,10
Cherryville,5,0
Cherryville,2,6
Cherryville,4,8
Cherryville,1,11
Cherryville,1,12
Cherryville,1,14
Cherryville,1,15
Cherryville,5,16
Cherryville,3,22
Chesapeake,29,0
Chesapeake,27,1
Chesapeake,19,2
Chesapeake,11,3
Chesapeake,53,4
Chesapeake,71,5
Chesapeake,229,6
Chesapeake,303,7
Chesapeake,221,8
Chesapeake,120,9
Chesapeake,113,10
Chesapeake,133,11
Chesapeake,157,12
Chesapeake,157,13
Chesapeake,242,14
Chesapeake,323,15
Chesapeake,365,16
Chesapeake,283,17
Chesapeake,138,18
Chesapeake,96,19
Chesapeake,113,20
Chesapeake,94,21
Chesapeake,69,22
Chesapeake,42,23
Chesapeake Beach,3,12
Chesapeake Beach,3,13
Chesapeake Beach,5,16
Chesapeake City,3,8
Chesapeake City,1,15
Chesapeake City,9,18
Chesapeake City,1,19
Chesapeake City,1,21
Cheshire,2,0
Cheshire,2,1
Cheshire,6,2
Cheshire,9,3
Cheshire,2,4
Cheshire,2,5
Cheshire,13,6
Cheshire,25,7
Cheshire,22,8
Cheshire,10,9
Cheshire,8,10
Cheshire,10,11
Cheshire,13,12
Cheshire,16,13
Cheshire,16,14
Cheshire,26,15
Cheshire,31,16
Cheshire,22,17
Cheshire,23,18
Cheshire,14,19
Cheshire,11,20
Cheshire,18,21
Cheshire,15,22
Cheshire,7,23
Chesnee,7,0
Chesnee,5,1
Chesnee,7,2
Chesnee,8,3
Chesnee,14,4
Chesnee,22,5
Chesnee,25,6
Chesnee,50,7
Chesnee,28,8
Chesnee,8,9
Chesnee,14,10
Chesnee,10,11
Chesnee,13,12
Chesnee,12,13
Chesnee,22,14
Chesnee,29,15
Chesnee,62,16
Chesnee,43,17
Chesnee,49,18
Chesnee,33,19
Chesnee,18,20
Chesnee,7,21
Chesnee,19,22
Chesnee,6,23
Chester,50,0
Chester,36,1
Chester,47,2
Chester,29,3
Chester,86,4
Chester,107,5
Chester,157,6
Chester,219,7
Chester,137,8
Chester,74,9
Chester,79,10
Chester,91,11
Chester,104,12
Chester,103,13
Chester,121,14
Chester,168,15
Chester,144,16
Chester,212,17
Chester,115,18
Chester,100,19
Chester,86,20
Chester,80,21
Chester,85,22
Chester,42,23
Chester Springs,2,2
Chester Springs,2,3
Chester Springs,5,4
Chester Springs,4,5
Chester Springs,11,6
Chester Springs,20,7
Chester Springs,20,8
Chester Springs,7,9
Chester Springs,7,10
Chester Springs,12,11
Chester Springs,3,12
Chester Springs,7,13
Chester Springs,2,14
Chester Springs,2,15
Chester Springs,9,16
Chester Springs,13,17
Chester Springs,18,18
Chester Springs,8,19
Chester Springs,2,20
Chester Springs,5,21
Chester Springs,4,22
Chester Springs,5,23
Chesterfield,14,0
Chesterfield,13,1
Chesterfield,14,2
Chesterfield,14,3
Chesterfield,56,4
Chesterfield,53,5
Chesterfield,91,6
Chesterfield,93,7
Chesterfield,90,8
Chesterfield,33,9
Chesterfield,30,10
Chesterfield,22,11
Chesterfield,31,12
Chesterfield,39,13
Chesterfield,34,14
Chesterfield,71,15
Chesterfield,77,16
Chesterfield,68,17
Chesterfield,61,18
Chesterfield,46,19
Chesterfield,41,20
Chesterfield,14,21
Chesterfield,28,22
Chesterfield,22,23
Chesterland,6,7
Chesterland,1,8
Chesterland,1,14
Chesterland,1,16
Chesterton,1,0
Chesterton,3,1
Chesterton,4,2
Chesterton,3,4
Chesterton,2,5
Chesterton,11,6
Chesterton,19,7
Chesterton,20,8
Chesterton,13,9
Chesterton,15,10
Chesterton,17,11
Chesterton,18,12
Chesterton,7,13
Chesterton,9,14
Chesterton,17,15
Chesterton,16,16
Chesterton,9,17
Chesterton,12,18
Chesterton,17,19
Chesterton,10,20
Chesterton,7,21
Chesterton,7,22
Chesterton,4,23
Chestertown,1,1
Chestertown,6,3
Chestertown,8,5
Chestertown,15,6
Chestertown,14,7
Chestertown,4,8
Chestertown,2,9
Chestertown,2,10
Chestertown,6,11
Chestertown,12,12
Chestertown,3,13
Chestertown,10,14
Chestertown,12,15
Chestertown,3,16
Chestertown,7,17
Chestertown,12,18
Chestertown,13,19
Chestertown,14,20
Chestertown,3,21
Chestertown,1,22
Chestertown,2,23
Chestnut Hill,1,4
Chestnut Hill,3,6
Chestnut Hill,15,7
Chestnut Hill,14,8
Chestnut Hill,7,9
Chestnut Hill,9,10
Chestnut Hill,14,16
Chestnut Hill,6,17
Chestnutridge,1,12
Cheswick,2,0
Cheswick,1,1
Cheswick,1,4
Cheswick,1,5
Cheswick,1,6
Cheswick,2,7
Cheswick,1,8
Cheswick,1,15
Cheswick,3,16
Cheswick,1,18
Chetek,1,12
Chetopa,1,14
Chetopa,1,15
Cheverly,2,7
Cheverly,1,9
Cheverly,1,17
Chevy Chase,4,0
Chevy Chase,4,1
Chevy Chase,2,2
Chevy Chase,3,3
Chevy Chase,2,4
Chevy Chase,15,5
Chevy Chase,23,6
Chevy Chase,21,7
Chevy Chase,16,8
Chevy Chase,21,9
Chevy Chase,16,10
Chevy Chase,17,11
Chevy Chase,24,12
Chevy Chase,45,13
Chevy Chase,42,14
Chevy Chase,45,15
Chevy Chase,49,16
Chevy Chase,62,17
Chevy Chase,31,18
Chevy Chase,14,19
Chevy Chase,6,20
Chevy Chase,7,21
Chevy Chase,11,22
Chevy Chase,5,23
Cheyenne,3,0
Cheyenne,6,1
Cheyenne,9,2
Cheyenne,1,3
Cheyenne,3,4
Cheyenne,5,5
Cheyenne,8,6
Cheyenne,4,7
Cheyenne,20,8
Cheyenne,9,9
Cheyenne,9,10
Cheyenne,3,11
Cheyenne,4,12
Cheyenne,8,13
Cheyenne,17,14
Cheyenne,11,15
Cheyenne,3,16
Cheyenne,10,17
Cheyenne,8,18
Cheyenne,13,19
Cheyenne,1,20
Cheyenne,4,21
Cheyenne,8,22
Cheyenne Wells,2,20
Cheyney,1,8
Cheyney,1,12
Cheyney,2,17
Chicago,130,0
Chicago,117,1
Chicago,97,2
Chicago,284,3
Chicago,439,4
Chicago,562,5
Chicago,797,6
Chicago,1078,7
Chicago,1130,8
Chicago,284,9
Chicago,431,10
Chicago,495,11
Chicago,213,12
Chicago,273,13
Chicago,216,14
Chicago,540,15
Chicago,460,16
Chicago,340,17
Chicago,413,18
Chicago,211,19
Chicago,221,20
Chicago,215,21
Chicago,203,22
Chicago,109,23
Chicago Heights,2,0
Chicago Heights,2,2
Chicago Heights,7,3
Chicago Heights,3,4
Chicago Heights,3,5
Chicago Heights,10,6
Chicago Heights,13,7
Chicago Heights,9,8
Chicago Heights,1,9
Chicago Heights,1,10
Chicago Heights,7,11
Chicago Heights,2,12
Chicago Heights,1,13
Chicago Heights,1,14
Chicago Heights,13,15
Chicago Heights,4,16
Chicago Heights,6,17
Chicago Heights,9,18
Chicago Heights,6,19
Chicago Heights,3,20
Chicago Heights,3,21
Chicago Heights,3,22
Chicago Heights,1,23
Chicago Ridge,1,0
Chicago Ridge,2,2
Chicago Ridge,1,3
Chicago Ridge,2,5
Chicago Ridge,6,6
Chicago Ridge,4,7
Chicago Ridge,4,8
Chicago Ridge,1,9
Chicago Ridge,2,10
Chicago Ridge,1,11
Chicago Ridge,5,12
Chicago Ridge,1,13
Chicago Ridge,7,14
Chicago Ridge,5,15
Chicago Ridge,4,16
Chicago Ridge,2,17
Chicago Ridge,1,19
Chicago Ridge,1,20
Chicago Ridge,1,22
Chicago Ridge,5,23
Chichester,1,5
Chichester,3,10
Chichester,1,16
Chichester,1,17
Chickamauga,2,7
Chickamauga,1,10
Chickasaw,1,6
Chickasaw,1,14
Chickasaw,1,19
Chickasha,1,6
Chico,12,0
Chico,20,1
Chico,24,2
Chico,13,3
Chico,14,4
Chico,26,5
Chico,29,6
Chico,49,7
Chico,43,8
Chico,18,9
Chico,40,10
Chico,33,11
Chico,35,12
Chico,30,13
Chico,42,14
Chico,53,15
Chico,58,16
Chico,50,17
Chico,53,18
Chico,30,19
Chico,29,20
Chico,11,21
Chico,25,22
Chico,24,23
Chicopee,1,5
Chicopee,3,6
Chicopee,2,7
Chicopee,1,8
Chicopee,1,9
Chicopee,2,12
Chicopee,1,14
Chicopee,4,15
Chicopee,4,16
Chicopee,2,19
Chicopee,1,22
Chidester,3,8
Chidester,3,9
Chidester,2,10
Chidester,4,12
Chidester,8,13
Chidester,4,14
Chidester,4,17
Chidester,4,18
Chiefland,3,0
Chiefland,2,1
Chiefland,4,2
Chiefland,2,3
Chiefland,3,4
Chiefland,4,5
Chiefland,6,6
Chiefland,5,7
Chiefland,6,8
Chiefland,3,9
Chiefland,4,10
Chiefland,1,11
Chiefland,2,12
Chiefland,4,13
Chiefland,3,14
Chiefland,8,15
Chiefland,5,16
Chiefland,9,17
Chiefland,2,18
Chiefland,4,19
Chiefland,4,20
Chiefland,7,21
Chiefland,3,22
Chiefland,2,23
Chilcoot,2,0
Chilcoot,2,3
Chilcoot,3,5
Chilcoot,1,7
Chilcoot,2,8
Chilcoot,1,10
Chilcoot,6,11
Chilcoot,2,12
Chilcoot,1,16
Chilcoot,1,20
Chilcoot,1,21
Chilcoot,2,22
Chilcoot,2,23
Childersburg,1,6
Childersburg,1,16
Childress,2,8
Childwold,4,15
Chilhowie,1,0
Chilhowie,1,1
Chilhowie,1,4
Chilhowie,4,5
Chilhowie,5,6
Chilhowie,6,7
Chilhowie,2,8
Chilhowie,3,9
Chilhowie,4,10
Chilhowie,7,11
Chilhowie,14,12
Chilhowie,5,13
Chilhowie,13,14
Chilhowie,3,15
Chilhowie,5,16
Chilhowie,3,17
Chilhowie,8,18
Chilhowie,1,22
Chilhowie,1,23
Chillicothe,2,5
Chillicothe,2,6
Chillicothe,6,7
Chillicothe,3,8
Chillicothe,4,9
Chillicothe,7,11
Chillicothe,3,12
Chillicothe,2,13
Chillicothe,4,14
Chillicothe,5,15
Chillicothe,6,16
Chillicothe,8,17
Chillicothe,2,18
Chillicothe,2,19
Chillicothe,1,20
Chillicothe,1,21
Chillicothe,1,22
Chiloquin,15,0
Chiloquin,10,1
Chiloquin,12,2
Chiloquin,11,3
Chiloquin,12,4
Chiloquin,16,5
Chiloquin,28,6
Chiloquin,13,7
Chiloquin,22,8
Chiloquin,25,9
Chiloquin,9,10
Chiloquin,26,11
Chiloquin,16,12
Chiloquin,22,13
Chiloquin,23,14
Chiloquin,29,15
Chiloquin,29,16
Chiloquin,24,17
Chiloquin,23,18
Chiloquin,24,19
Chiloquin,22,20
Chiloquin,21,21
Chiloquin,22,22
Chiloquin,10,23
Chilton,1,5
Chilton,4,6
Chilton,3,7
Chilton,1,11
Chimacum,1,9
Chimacum,1,11
Chimacum,1,16
Chimayo,1,5
Chimayo,1,15
Chimayo,2,18
China Grove,5,0
China Grove,3,1
China Grove,2,2
China Grove,5,3
China Grove,7,4
China Grove,7,5
China Grove,4,6
China Grove,14,7
China Grove,3,8
China Grove,11,9
China Grove,4,10
China Grove,4,11
China Grove,6,12
China Grove,11,13
China Grove,10,14
China Grove,18,15
China Grove,3,16
China Grove,13,17
China Grove,3,18
China Grove,3,19
China Grove,6,20
China Grove,1,21
China Grove,1,23
Chincoteague,4,8
Chinle,6,6
Chinle,1,8
Chinle,2,9
Chinle,8,14
Chinle,1,15
Chinle,2,18
Chinle,6,21
Chinle,1,22
Chino,36,0
Chino,39,1
Chino,44,2
Chino,37,3
Chino,56,4
Chino,130,5
Chino,95,6
Chino,115,7
Chino,119,8
Chino,63,9
Chino,91,10
Chino,74,11
Chino,81,12
Chino,92,13
Chino,106,14
Chino,86,15
Chino,82,16
Chino,96,17
Chino,69,18
Chino,53,19
Chino,42,20
Chino,71,21
Chino,46,22
Chino,49,23
Chino Hills,3,0
Chino Hills,17,1
Chino Hills,6,2
Chino Hills,2,3
Chino Hills,4,4
Chino Hills,11,5
Chino Hills,17,6
Chino Hills,13,7
Chino Hills,9,8
Chino Hills,14,9
Chino Hills,20,10
Chino Hills,17,11
Chino Hills,12,12
Chino Hills,29,13
Chino Hills,16,14
Chino Hills,19,15
Chino Hills,16,16
Chino Hills,22,17
Chino Hills,11,18
Chino Hills,10,19
Chino Hills,14,20
Chino Hills,7,21
Chino Hills,7,22
Chino Hills,2,23
Chino Valley,1,0
Chino Valley,8,6
Chino Valley,2,7
Chino Valley,8,8
Chino Valley,8,9
Chino Valley,1,10
Chino Valley,3,11
Chino Valley,11,12
Chino Valley,6,13
Chino Valley,5,14
Chino Valley,9,15
Chino Valley,9,16
Chino Valley,3,17
Chino Valley,4,18
Chino Valley,5,21
Chino Valley,4,22
Chinook,1,0
Chinook,1,1
Chinook,2,6
Chinook,1,7
Chinook,1,9
Chinook,2,10
Chinook,4,12
Chinook,2,13
Chinook,2,15
Chinook,2,16
Chinook,3,18
Chinook,2,20
Chinook,3,21
Chinook,1,22
Chinquapin,2,8
Chinquapin,2,10
Chinquapin,1,21
Chipley,5,0
Chipley,9,1
Chipley,3,2
Chipley,7,3
Chipley,7,4
Chipley,13,5
Chipley,12,6
Chipley,24,7
Chipley,12,8
Chipley,7,9
Chipley,8,10
Chipley,8,11
Chipley,10,12
Chipley,10,13
Chipley,11,14
Chipley,14,15
Chipley,16,16
Chipley,11,17
Chipley,4,18
Chipley,3,19
Chipley,14,20
Chipley,13,21
Chipley,3,22
Chipley,4,23
Chippewa Falls,3,5
Chippewa Falls,5,6
Chippewa Falls,3,7
Chippewa Falls,3,8
Chippewa Falls,1,9
Chippewa Falls,4,10
Chippewa Falls,2,11
Chippewa Falls,2,12
Chippewa Falls,1,13
Chippewa Falls,4,15
Chippewa Falls,4,16
Chippewa Falls,1,18
Chisago City,2,2
Chisago City,5,6
Chisago City,3,7
Chisago City,2,8
Chisago City,2,9
Chisago City,1,10
Chisago City,2,11
Chisago City,2,12
Chisago City,4,13
Chisago City,3,14
Chisago City,3,15
Chisago City,8,16
Chisago City,2,17
Chisago City,4,18
Chisago City,7,19
Chisago City,1,21
Chisago City,1,22
Chisholm,1,2
Chisholm,1,4
Chisholm,1,5
Chisholm,3,6
Chisholm,8,7
Chisholm,6,8
Chisholm,4,9
Chisholm,2,10
Chisholm,1,11
Chisholm,3,14
Chisholm,8,15
Chisholm,3,16
Chisholm,2,17
Chisholm,3,18
Chisholm,4,19
Chisholm,3,20
Chisholm,7,22
Chisholm,6,23
Chittenango,1,2
Chittenango,8,12
Chittenango,2,14
Chittenango,1,17
Chittenango,3,18
Chittenango,1,19
Chittenango,1,20
Chocowinity,4,2
Chocowinity,1,4
Chocowinity,1,7
Chocowinity,1,8
Chocowinity,2,15
Chocowinity,1,16
Chocowinity,3,19
Chocowinity,2,23
Choctaw,2,4
Choctaw,3,5
Choctaw,6,6
Choctaw,7,7
Choctaw,4,8
Choctaw,5,9
Choctaw,3,10
Choctaw,1,11
Choctaw,2,12
Choctaw,3,14
Choctaw,3,15
Choctaw,5,16
Choctaw,4,17
Choctaw,4,18
Choctaw,1,20
Choctaw,1,21
Chokoloskee,1,1
Choteau,1,4
Choteau,1,7
Choteau,3,8
Choteau,1,15
Choteau,3,17
Choteau,2,19
Choteau,3,20
Choteau,1,22
Choudrant,1,15
Choudrant,1,18
Choudrant,1,19
Choudrant,2,20
Chowchilla,10,0
Chowchilla,10,1
Chowchilla,8,2
Chowchilla,5,3
Chowchilla,15,4
Chowchilla,20,5
Chowchilla,26,6
Chowchilla,18,7
Chowchilla,15,8
Chowchilla,28,9
Chowchilla,17,10
Chowchilla,7,11
Chowchilla,23,12
Chowchilla,20,13
Chowchilla,14,14
Chowchilla,21,15
Chowchilla,23,16
Chowchilla,28,17
Chowchilla,20,18
Chowchilla,23,19
Chowchilla,19,20
Chowchilla,16,21
Chowchilla,16,22
Chowchilla,10,23
Chrisney,2,6
Chrisney,1,12
Christiana,1,0
Christiana,4,5
Christiana,5,6
Christiana,5,7
Christiana,2,8
Christiana,5,9
Christiana,3,10
Christiana,6,11
Christiana,6,12
Christiana,4,13
Christiana,3,15
Christiana,5,16
Christiana,7,17
Christiana,6,18
Christiana,5,19
Christiana,4,20
Christiana,19,21
Christiana,2,23
Christiansburg,3,0
Christiansburg,3,1
Christiansburg,2,2
Christiansburg,3,4
Christiansburg,12,5
Christiansburg,8,6
Christiansburg,22,7
Christiansburg,18,8
Christiansburg,12,9
Christiansburg,13,10
Christiansburg,22,11
Christiansburg,46,12
Christiansburg,24,13
Christiansburg,28,14
Christiansburg,22,15
Christiansburg,26,16
Christiansburg,37,17
Christiansburg,23,18
Christiansburg,15,19
Christiansburg,14,20
Christiansburg,18,21
Christiansburg,7,22
Christiansburg,3,23
Christine,1,8
Christine,2,10
Christine,1,11
Christine,1,16
Christmas,5,0
Christmas,2,1
Christmas,3,2
Christmas,5,3
Christmas,15,4
Christmas,5,5
Christmas,3,6
Christmas,12,7
Christmas,14,8
Christmas,4,9
Christmas,2,10
Christmas,12,11
Christmas,5,12
Christmas,8,13
Christmas,5,14
Christmas,17,15
Christmas,9,16
Christmas,15,17
Christmas,11,18
Christmas,5,19
Christmas,3,20
Christmas,6,21
Christmas,4,22
Christmas,1,23
Chualar,2,1
Chualar,3,5
Chualar,5,6
Chualar,1,7
Chualar,3,13
Chualar,2,14
Chualar,2,15
Chualar,3,16
Chualar,4,17
Chualar,2,18
Chualar,3,19
Chualar,1,20
Chuckey,1,2
Chuckey,1,5
Chuckey,1,6
Chuckey,4,7
Chuckey,2,8
Chuckey,2,9
Chuckey,2,14
Chuckey,1,19
Chugwater,1,6
Chugwater,1,9
Chugwater,1,10
Chugwater,7,11
Chugwater,4,13
Chugwater,4,14
Chugwater,5,15
Chugwater,1,16
Chugwater,1,17
Chugwater,1,18
Chula,7,9
Chula,1,10
Chula,1,12
Chula,1,15
Chula,2,17
Chula,3,21
Chula Vista,9,0
Chula Vista,10,1
Chula Vista,22,2
Chula Vista,11,3
Chula Vista,14,4
Chula Vista,24,5
Chula Vista,79,6
Chula Vista,64,7
Chula Vista,32,8
Chula Vista,15,9
Chula Vista,16,10
Chula Vista,10,11
Chula Vista,15,12
Chula Vista,31,13
Chula Vista,44,14
Chula Vista,34,15
Chula Vista,38,16
Chula Vista,39,17
Chula Vista,29,18
Chula Vista,25,19
Chula Vista,16,20
Chula Vista,17,21
Chula Vista,20,22
Chula Vista,23,23
Chuluota,1,1
Chuluota,1,5
Chuluota,2,6
Chuluota,1,7
Chuluota,2,9
Chuluota,2,12
Chuluota,2,13
Chuluota,1,14
Chuluota,1,16
Chuluota,1,23
Chunchula,1,7
Chunchula,5,10
Chunchula,1,11
Chunchula,1,12
Chunchula,3,13
Chunchula,3,14
Chunchula,5,16
Chunchula,1,17
Chunchula,3,18
Chunchula,1,19
Chunky,1,15
Chunky,2,17
Church Creek,2,11
Church Creek,7,13
Church Creek,1,19
Church Hill,1,3
Church Hill,7,5
Church Hill,4,6
Church Hill,5,7
Church Hill,6,9
Church Hill,5,10
Church Hill,5,11
Church Hill,12,12
Church Hill,9,13
Church Hill,2,14
Church Hill,3,15
Church Hill,1,16
Church Hill,3,17
Church Hill,3,18
Church Hill,2,20
Church Hill,7,21
Church Point,1,7
Church Point,2,22
Church Road,1,2
Church Road,1,5
Church Road,3,6
Church Road,2,10
Church Road,1,11
Church Road,3,12
Church Road,3,13
Church Road,1,14
Church Road,1,15
Church Road,1,16
Church Road,3,18
Church Road,6,19
Church Road,1,22
Church View,2,4
Church View,1,8
Church View,1,9
Church View,4,10
Church View,2,11
Church View,1,15
Church View,1,17
Church View,3,18
Churchs Ferry,2,7
Churchs Ferry,1,9
Churchs Ferry,1,22
Churchton,2,6
Churchville,9,0
Churchville,8,1
Churchville,3,2
Churchville,1,3
Churchville,8,4
Churchville,16,5
Churchville,12,6
Churchville,12,7
Churchville,18,8
Churchville,5,9
Churchville,11,10
Churchville,4,11
Churchville,7,12
Churchville,3,13
Churchville,4,14
Churchville,8,15
Churchville,12,16
Churchville,14,17
Churchville,9,18
Churchville,9,19
Churchville,6,20
Churchville,17,21
Churchville,6,22
Churchville,2,23
Churubusco,3,5
Churubusco,2,8
Churubusco,7,11
Churubusco,6,15
Churubusco,3,22
Cibola,3,0
Cibola,6,1
Cibola,2,2
Cibola,1,3
Cibola,3,4
Cibola,6,5
Cibola,8,6
Cibola,12,7
Cibola,3,9
Cibola,3,10
Cibola,2,11
Cibola,1,12
Cibola,1,13
Cibola,3,14
Cibola,6,15
Cibola,6,16
Cibola,13,17
Cibola,5,18
Cibola,3,19
Cibola,4,20
Cibola,3,21
Cibola,5,22
Cibola,1,23
Cicero,7,4
Cicero,12,5
Cicero,3,6
Cicero,8,7
Cicero,2,8
Cicero,3,9
Cicero,7,11
Cicero,3,12
Cicero,6,13
Cicero,2,14
Cicero,7,15
Cicero,9,16
Cicero,11,17
Cicero,1,18
Cicero,11,19
Cicero,6,20
Cicero,5,21
Cicero,1,22
Cicero,3,23
Cimarron,1,7
Cimarron,1,12
Cimarron,1,13
Cimarron,3,16
Cimarron,2,18
Cimarron,3,21
Cincinnati,9,0
Cincinnati,5,1
Cincinnati,5,2
Cincinnati,9,3
Cincinnati,42,4
Cincinnati,102,5
Cincinnati,210,6
Cincinnati,505,7
Cincinnati,357,8
Cincinnati,186,9
Cincinnati,162,10
Cincinnati,182,11
Cincinnati,198,12
Cincinnati,152,13
Cincinnati,213,14
Cincinnati,381,15
Cincinnati,412,16
Cincinnati,493,17
Cincinnati,261,18
Cincinnati,132,19
Cincinnati,76,20
Cincinnati,45,21
Cincinnati,41,22
Cincinnati,13,23
Cincinnatus,2,10
Cincinnatus,12,20
Cinebar,1,13
Cinnaminson,2,0
Cinnaminson,3,2
Cinnaminson,3,5
Cinnaminson,3,7
Cinnaminson,2,9
Cinnaminson,6,15
Cinnaminson,4,16
Cinnaminson,1,17
Cinnaminson,1,19
Cinnaminson,3,20
Cinnaminson,1,21
Circle,1,0
Circle,1,7
Circle,1,11
Circle,4,12
Circle,1,14
Circle Pines,1,0
Circle Pines,4,1
Circle Pines,4,2
Circle Pines,2,3
Circle Pines,6,4
Circle Pines,5,5
Circle Pines,14,6
Circle Pines,16,7
Circle Pines,11,8
Circle Pines,3,9
Circle Pines,6,10
Circle Pines,5,11
Circle Pines,5,12
Circle Pines,14,13
Circle Pines,11,14
Circle Pines,9,15
Circle Pines,15,16
Circle Pines,12,17
Circle Pines,9,18
Circle Pines,7,19
Circle Pines,8,20
Circle Pines,8,21
Circle Pines,1,22
Circle Pines,1,23
Circleville,5,0
Circleville,1,1
Circleville,1,2
Circleville,1,4
Circleville,3,6
Circleville,6,7
Circleville,2,8
Circleville,2,10
Circleville,1,11
Circleville,1,12
Circleville,4,13
Circleville,6,14
Circleville,5,15
Circleville,3,16
Circleville,4,17
Circleville,5,18
Circleville,3,19
Circleville,2,20
Circleville,1,23
Cisco,1,0
Cisco,2,1
Cisco,2,4
Cisco,1,6
Cisco,3,7
Cisco,2,8
Cisco,1,9
Cisco,2,13
Cisco,7,14
Cisco,2,15
Cisco,3,16
Cisco,1,18
Cisco,1,19
Cisco,1,20
Cisco,9,21
Cisco,1,22
Cisco,5,23
Citra,4,0
Citra,4,2
Citra,4,4
Citra,6,5
Citra,11,6
Citra,11,7
Citra,7,8
Citra,9,9
Citra,25,10
Citra,23,11
Citra,18,12
Citra,21,13
Citra,19,14
Citra,13,15
Citra,12,16
Citra,12,17
Citra,11,18
Citra,5,19
Citra,10,20
Citra,6,21
Citra,5,22
Citra,3,23
Citronelle,2,3
Citronelle,1,5
Citronelle,3,6
Citronelle,1,7
Citronelle,2,8
Citronelle,1,22
Citrus Heights,9,0
Citrus Heights,7,1
Citrus Heights,4,2
Citrus Heights,2,3
Citrus Heights,11,4
Citrus Heights,15,5
Citrus Heights,19,6
Citrus Heights,36,7
Citrus Heights,50,8
Citrus Heights,21,9
Citrus Heights,17,10
Citrus Heights,31,11
Citrus Heights,17,12
Citrus Heights,21,13
Citrus Heights,36,14
Citrus Heights,58,15
Citrus Heights,41,16
Citrus Heights,50,17
Citrus Heights,38,18
Citrus Heights,10,19
Citrus Heights,16,20
Citrus Heights,12,21
Citrus Heights,16,22
Citrus Heights,12,23
Citrus Springs,1,2
Citrus Springs,2,4
Citrus Springs,1,5
Citrus Springs,1,6
Citrus Springs,4,7
Citrus Springs,4,8
Citrus Springs,1,9
Citrus Springs,1,11
Citrus Springs,5,13
Citrus Springs,2,14
Citrus Springs,3,17
Citrus Springs,1,18
Citrus Springs,1,19
Citrus Springs,1,20
Citrus Springs,4,21
City Of Industry,3,0
City Of Industry,2,1
City Of Industry,2,2
City Of Industry,18,3
City Of Industry,4,4
City Of Industry,15,5
City Of Industry,1,6
City Of Industry,18,7
City Of Industry,36,8
City Of Industry,24,9
City Of Industry,30,10
City Of Industry,35,11
City Of Industry,32,12
City Of Industry,35,13
City Of Industry,63,14
City Of Industry,90,15
City Of Industry,50,16
City Of Industry,85,17
City Of Industry,29,18
City Of Industry,7,19
City Of Industry,3,20
City Of Industry,4,21
City Of Industry,6,22
City Of Industry,5,23
Clackamas,5,0
Clackamas,4,1
Clackamas,5,2
Clackamas,4,3
Clackamas,7,4
Clackamas,6,5
Clackamas,27,6
Clackamas,41,7
Clackamas,14,8
Clackamas,22,9
Clackamas,21,10
Clackamas,24,11
Clackamas,21,12
Clackamas,23,13
Clackamas,27,14
Clackamas,37,15
Clackamas,26,16
Clackamas,20,17
Clackamas,18,18
Clackamas,12,19
Clackamas,12,20
Clackamas,7,21
Clackamas,3,22
Clackamas,1,23
Clairfield,2,14
Clairton,13,0
Clairton,2,1
Clairton,8,5
Clairton,4,6
Clairton,8,7
Clairton,3,8
Clairton,9,12
Clairton,1,13
Clairton,1,14
Clairton,7,15
Clairton,11,16
Clairton,2,18
Clairton,3,19
Clairton,7,23
Clallam Bay,1,2
Clallam Bay,1,20
Clallam Bay,1,21
Clancy,3,0
Clancy,1,1
Clancy,1,2
Clancy,3,3
Clancy,10,6
Clancy,8,7
Clancy,7,8
Clancy,9,9
Clancy,3,10
Clancy,2,11
Clancy,5,12
Clancy,2,13
Clancy,7,14
Clancy,8,15
Clancy,6,16
Clancy,7,17
Clancy,10,18
Clancy,16,19
Clancy,10,20
Clancy,7,21
Clancy,4,22
Clancy,3,23
Clanton,6,0
Clanton,7,1
Clanton,7,2
Clanton,12,3
Clanton,20,4
Clanton,27,5
Clanton,26,6
Clanton,49,7
Clanton,34,8
Clanton,17,9
Clanton,22,10
Clanton,26,11
Clanton,47,12
Clanton,32,13
Clanton,25,14
Clanton,30,15
Clanton,31,16
Clanton,37,17
Clanton,23,18
Clanton,23,19
Clanton,24,20
Clanton,15,21
Clanton,12,22
Clanton,4,23
Clara City,3,0
Clara City,5,6
Clara City,7,7
Clara City,4,8
Clara City,4,9
Clara City,2,10
Clara City,2,11
Clara City,2,12
Clara City,1,13
Clara City,6,14
Clara City,8,15
Clara City,3,16
Clara City,3,17
Clara City,1,18
Clara City,2,19
Clara City,1,21
Clara City,4,22
Clara City,1,23
Clare,1,5
Clare,3,10
Clare,7,11
Clare,2,12
Clare,1,13
Clare,9,14
Clare,6,15
Claremont,16,0
Claremont,16,1
Claremont,12,2
Claremont,27,3
Claremont,28,4
Claremont,38,5
Claremont,35,6
Claremont,50,7
Claremont,35,8
Claremont,26,9
Claremont,46,10
Claremont,45,11
Claremont,64,12
Claremont,66,13
Claremont,92,14
Claremont,72,15
Claremont,45,16
Claremont,50,17
Claremont,34,18
Claremont,19,19
Claremont,27,20
Claremont,36,21
Claremont,30,22
Claremont,32,23
Claremore,2,6
Claremore,1,7
Clarence,1,0
Clarence,2,7
Clarence,2,8
Clarence,1,14
Clarence,3,15
Clarence,1,16
Clarendon,1,4
Clarendon,1,6
Clarendon,3,8
Clarendon,2,11
Clarendon,1,13
Clarendon,1,14
Clarendon,3,15
Clarendon,5,16
Clarendon,2,17
Clarendon,1,19
Clarendon,3,21
Clarendon,1,23
Clarendon Hills,2,4
Clarendon Hills,11,7
Clarendon Hills,14,8
Clarendon Hills,1,10
Clarendon Hills,1,11
Clarendon Hills,2,13
Clarendon Hills,6,15
Clarendon Hills,3,16
Clarendon Hills,2,17
Clarendon Hills,4,18
Clarendon Hills,1,20
Clarendon Hills,1,23
Clarinda,1,18
Clarington,3,10
Clarington,1,12
Clarion,4,0
Clarion,6,1
Clarion,4,2
Clarion,6,4
Clarion,2,6
Clarion,12,7
Clarion,10,8
Clarion,10,9
Clarion,1,10
Clarion,7,11
Clarion,4,12
Clarion,15,13
Clarion,12,14
Clarion,6,15
Clarion,6,16
Clarion,6,17
Clarion,13,18
Clarion,6,19
Clarion,7,22
Clarion,14,23
Clarissa,1,9
Clarissa,3,11
Clarissa,1,16
Clarissa,3,23
Clark,7,0
Clark,4,1
Clark,8,2
Clark,1,3
Clark,4,4
Clark,17,5
Clark,31,6
Clark,24,7
Clark,12,8
Clark,11,9
Clark,11,10
Clark,12,11
Clark,13,12
Clark,14,13
Clark,27,14
Clark,20,15
Clark,21,16
Clark,26,17
Clark,17,18
Clark,9,19
Clark,6,20
Clark,19,21
Clark,4,22
Clark,4,23
Clark Mills,1,11
Clark Mills,1,18
Clarkdale,2,4
Clarkdale,1,12
Clarkdale,1,14
Clarkdale,1,15
Clarkdale,1,16
Clarkdale,1,20
Clarkesville,1,6
Clarkesville,5,7
Clarkesville,2,8
Clarkesville,2,10
Clarkesville,2,11
Clarkesville,4,12
Clarkesville,4,17
Clarkesville,1,18
Clarkesville,1,20
Clarkfield,1,0
Clarkfield,3,6
Clarkfield,1,9
Clarkfield,2,12
Clarkfield,5,13
Clarkfield,4,14
Clarkfield,1,16
Clarkfield,2,19
Clarkfield,3,22
Clarklake,3,2
Clarklake,2,10
Clarklake,1,12
Clarklake,8,13
Clarklake,3,14
Clarklake,1,15
Clarklake,4,16
Clarklake,2,17
Clarklake,1,18
Clarkrange,1,17
Clarkrange,1,18
Clarks Grove,9,0
Clarks Grove,7,1
Clarks Grove,2,3
Clarks Grove,2,5
Clarks Grove,1,6
Clarks Grove,4,7
Clarks Grove,3,8
Clarks Grove,5,9
Clarks Grove,3,10
Clarks Grove,1,11
Clarks Grove,1,14
Clarks Grove,3,15
Clarks Grove,6,17
Clarks Grove,8,18
Clarks Grove,4,19
Clarks Grove,4,20
Clarks Grove,7,21
Clarks Grove,7,22
Clarks Grove,1,23
Clarks Hill,2,2
Clarks Hill,2,4
Clarks Hill,1,5
Clarks Hill,1,7
Clarks Hill,1,10
Clarks Hill,2,11
Clarks Hill,1,12
Clarks Hill,2,13
Clarks Hill,1,14
Clarks Hill,3,15
Clarks Hill,3,16
Clarks Hill,1,17
Clarks Hill,1,18
Clarks Hill,9,19
Clarks Hill,1,20
Clarks Hill,1,22
Clarks Mills,3,7
Clarks Summit,2,0
Clarks Summit,2,2
Clarks Summit,1,4
Clarks Summit,3,5
Clarks Summit,1,6
Clarks Summit,1,7
Clarks Summit,4,10
Clarks Summit,4,11
Clarks Summit,1,12
Clarks Summit,1,13
Clarks Summit,8,14
Clarks Summit,2,15
Clarks Summit,4,16
Clarks Summit,4,17
Clarks Summit,2,18
Clarks Summit,1,21
Clarks Summit,3,22
Clarksboro,4,0
Clarksboro,1,1
Clarksboro,1,9
Clarksboro,3,10
Clarksboro,2,11
Clarksboro,2,12
Clarksboro,2,13
Clarksboro,2,14
Clarksboro,2,15
Clarksboro,1,21
Clarksboro,1,22
Clarksboro,3,23
Clarksburg,9,0
Clarksburg,4,1
Clarksburg,9,3
Clarksburg,3,4
Clarksburg,14,5
Clarksburg,12,6
Clarksburg,22,7
Clarksburg,14,8
Clarksburg,18,9
Clarksburg,19,10
Clarksburg,23,11
Clarksburg,22,12
Clarksburg,24,13
Clarksburg,29,14
Clarksburg,28,15
Clarksburg,18,16
Clarksburg,20,17
Clarksburg,18,18
Clarksburg,13,19
Clarksburg,12,20
Clarksburg,7,21
Clarksburg,6,22
Clarksburg,6,23
Clarkson,2,10
Clarkson,1,12
Clarkson,1,13
Clarkson,1,18
Clarkson,1,20
Clarkston,11,0
Clarkston,11,1
Clarkston,7,2
Clarkston,22,3
Clarkston,8,4
Clarkston,21,5
Clarkston,31,6
Clarkston,44,7
Clarkston,44,8
Clarkston,25,9
Clarkston,20,10
Clarkston,22,11
Clarkston,22,12
Clarkston,28,13
Clarkston,41,14
Clarkston,30,15
Clarkston,34,16
Clarkston,18,17
Clarkston,31,18
Clarkston,31,19
Clarkston,13,20
Clarkston,18,21
Clarkston,17,22
Clarkston,5,23
Clarksville,11,0
Clarksville,4,2
Clarksville,9,3
Clarksville,18,4
Clarksville,17,5
Clarksville,34,6
Clarksville,24,7
Clarksville,31,8
Clarksville,27,9
Clarksville,22,10
Clarksville,26,11
Clarksville,24,12
Clarksville,33,13
Clarksville,51,14
Clarksville,32,15
Clarksville,67,16
Clarksville,62,17
Clarksville,38,18
Clarksville,24,19
Clarksville,24,20
Clarksville,16,21
Clarksville,10,22
Clarksville,9,23
Clarkton,1,11
Clarkton,3,12
Clarkton,2,13
Clarkton,4,14
Clarkton,3,15
Clarkton,2,19
Clarkton,1,22
Claryville,1,7
Clatskanie,2,0
Clatskanie,1,1
Clatskanie,4,2
Clatskanie,5,3
Clatskanie,6,4
Clatskanie,10,5
Clatskanie,7,6
Clatskanie,10,7
Clatskanie,9,8
Clatskanie,10,9
Clatskanie,12,10
Clatskanie,5,11
Clatskanie,12,12
Clatskanie,7,13
Clatskanie,10,14
Clatskanie,13,15
Clatskanie,20,16
Clatskanie,9,17
Clatskanie,6,18
Clatskanie,11,19
Clatskanie,9,20
Clatskanie,7,21
Clatskanie,10,22
Clatskanie,1,23
Claude,3,7
Claude,1,8
Claude,1,11
Claudville,4,8
Claudville,1,14
Claudville,3,18
Claudville,3,22
Claverack,4,8
Claverack,1,9
Claverack,3,11
Claverack,3,16
Claverack,4,17
Claverack,1,23
Claxton,1,2
Claxton,1,5
Claxton,3,15
Claxton,2,16
Claxton,5,20
Clay,3,8
Clay,6,12
Clay,4,13
Clay,1,14
Clay,1,15
Clay,7,16
Clay,12,17
Clay,3,18
Clay,8,19
Clay,1,21
Clay,1,22
Clay City,1,14
Claymont,4,0
Claymont,4,1
Claymont,3,2
Claymont,2,3
Claymont,7,4
Claymont,6,5
Claymont,19,6
Claymont,17,7
Claymont,15,8
Claymont,15,9
Claymont,12,10
Claymont,16,11
Claymont,14,12
Claymont,12,13
Claymont,12,14
Claymont,8,15
Claymont,7,16
Claymont,8,17
Claymont,7,18
Claymont,9,19
Claymont,6,20
Claymont,5,21
Claymont,11,22
Claymont,8,23
Claypool,7,9
Claypool,2,19
Claypool,1,21
Claysburg,3,0
Claysburg,1,1
Claysburg,1,2
Claysburg,3,4
Claysburg,2,5
Claysburg,6,6
Claysburg,3,7
Claysburg,5,8
Claysburg,6,9
Claysburg,2,14
Claysburg,8,15
Claysburg,3,16
Claysburg,2,17
Claysburg,1,18
Claysburg,3,20
Claysburg,4,21
Claysburg,2,22
Claysburg,1,23
Claysville,1,1
Claysville,2,5
Claysville,3,7
Claysville,2,9
Claysville,12,10
Claysville,3,11
Claysville,6,12
Claysville,2,13
Claysville,2,14
Claysville,5,15
Claysville,2,16
Claysville,2,18
Claysville,4,19
Claysville,9,20
Claysville,6,21
Claysville,4,23
Clayton,13,0
Clayton,13,2
Clayton,3,3
Clayton,8,4
Clayton,7,5
Clayton,14,6
Clayton,22,7
Clayton,22,8
Clayton,15,9
Clayton,9,10
Clayton,20,11
Clayton,15,12
Clayton,14,13
Clayton,14,14
Clayton,35,15
Clayton,26,16
Clayton,46,17
Clayton,43,18
Clayton,27,19
Clayton,13,20
Clayton,3,21
Clayton,12,22
Clayton,27,23
Clayville,1,0
Clayville,3,7
Clayville,1,14
Clayville,1,18
Cle Elum,3,0
Cle Elum,3,3
Cle Elum,1,4
Cle Elum,5,5
Cle Elum,4,6
Cle Elum,1,7
Cle Elum,1,8
Cle Elum,13,9
Cle Elum,6,10
Cle Elum,7,11
Cle Elum,5,12
Cle Elum,3,13
Cle Elum,9,14
Cle Elum,10,15
Cle Elum,8,16
Cle Elum,23,18
Cle Elum,7,19
Cle Elum,14,20
Cle Elum,18,21
Cle Elum,3,22
Clear Brook,5,3
Clear Brook,9,5
Clear Brook,4,6
Clear Brook,1,7
Clear Brook,6,8
Clear Brook,4,9
Clear Brook,3,10
Clear Brook,5,11
Clear Brook,4,12
Clear Brook,11,13
Clear Brook,17,14
Clear Brook,11,15
Clear Brook,11,16
Clear Brook,12,17
Clear Brook,11,18
Clear Brook,3,19
Clear Brook,5,20
Clear Brook,3,21
Clear Brook,1,22
Clear Brook,2,23
Clear Lake,2,0
Clear Lake,3,2
Clear Lake,6,4
Clear Lake,2,5
Clear Lake,1,6
Clear Lake,3,7
Clear Lake,3,8
Clear Lake,5,9
Clear Lake,5,10
Clear Lake,4,11
Clear Lake,5,12
Clear Lake,5,13
Clear Lake,10,14
Clear Lake,4,15
Clear Lake,7,16
Clear Lake,13,17
Clear Lake,3,18
Clear Lake,6,19
Clear Lake,2,20
Clear Lake,1,21
Clear Lake,1,22
Clear Spring,8,0
Clear Spring,4,1
Clear Spring,3,3
Clear Spring,1,4
Clear Spring,14,5
Clear Spring,9,6
Clear Spring,3,7
Clear Spring,1,8
Clear Spring,8,9
Clear Spring,3,10
Clear Spring,10,11
Clear Spring,5,12
Clear Spring,10,13
Clear Spring,8,14
Clear Spring,3,15
Clear Spring,7,16
Clear Spring,8,17
Clear Spring,1,18
Clear Spring,1,19
Clear Spring,1,20
Clear Spring,3,22
Clearbrook,1,16
Clearfield,63,0
Clearfield,11,1
Clearfield,6,2
Clearfield,10,3
Clearfield,32,4
Clearfield,22,5
Clearfield,47,6
Clearfield,57,7
Clearfield,49,8
Clearfield,47,9
Clearfield,53,10
Clearfield,55,11
Clearfield,70,12
Clearfield,84,13
Clearfield,61,14
Clearfield,89,15
Clearfield,98,16
Clearfield,55,17
Clearfield,30,18
Clearfield,35,19
Clearfield,35,20
Clearfield,17,21
Clearfield,28,22
Clearfield,21,23
Clearlake,2,1
Clearlake,1,2
Clearlake,1,3
Clearlake,4,4
Clearlake,3,5
Clearlake,3,7
Clearlake,3,8
Clearlake,3,9
Clearlake,2,10
Clearlake,1,12
Clearlake,1,13
Clearlake,12,14
Clearlake,8,15
Clearlake,6,16
Clearlake,4,17
Clearlake,4,18
Clearlake,1,19
Clearlake,2,20
Clearlake,2,21
Clearlake,4,22
Clearlake,2,23
Clearlake Oaks,4,0
Clearlake Oaks,2,1
Clearlake Oaks,6,2
Clearlake Oaks,6,3
Clearlake Oaks,4,4
Clearlake Oaks,7,5
Clearlake Oaks,11,6
Clearlake Oaks,10,7
Clearlake Oaks,7,8
Clearlake Oaks,18,9
Clearlake Oaks,16,10
Clearlake Oaks,15,11
Clearlake Oaks,14,12
Clearlake Oaks,10,13
Clearlake Oaks,17,14
Clearlake Oaks,16,15
Clearlake Oaks,12,16
Clearlake Oaks,18,17
Clearlake Oaks,13,18
Clearlake Oaks,8,19
Clearlake Oaks,13,20
Clearlake Oaks,11,21
Clearlake Oaks,1,22
Clearlake Oaks,9,23
Clearville,2,2
Clearville,4,12
Clearville,2,13
Clearville,3,16
Clearwater,54,0
Clearwater,39,1
Clearwater,35,2
Clearwater,36,3
Clearwater,82,4
Clearwater,102,5
Clearwater,186,6
Clearwater,279,7
Clearwater,344,8
Clearwater,145,9
Clearwater,130,10
Clearwater,155,11
Clearwater,158,12
Clearwater,194,13
Clearwater,251,14
Clearwater,367,15
Clearwater,286,16
Clearwater,229,17
Clearwater,121,18
Clearwater,95,19
Clearwater,62,20
Clearwater,79,21
Clearwater,69,22
Clearwater,53,23
Clearwater Beach,2,0
Clearwater Beach,4,2
Clearwater Beach,1,3
Clearwater Beach,1,4
Clearwater Beach,1,5
Clearwater Beach,2,6
Clearwater Beach,2,7
Clearwater Beach,3,8
Clearwater Beach,2,9
Clearwater Beach,2,10
Clearwater Beach,4,11
Clearwater Beach,3,12
Clearwater Beach,1,13
Clearwater Beach,6,14
Clearwater Beach,3,15
Clearwater Beach,5,16
Clearwater Beach,6,17
Clearwater Beach,4,18
Clearwater Beach,4,19
Clearwater Beach,1,20
Clearwater Beach,8,21
Clearwater Beach,1,22
Clearwater Beach,2,23
Cleburne,1,5
Cleburne,1,8
Cleburne,1,17
Cleburne,1,18
Clementon,2,0
Clementon,3,2
Clementon,2,4
Clementon,1,6
Clementon,2,7
Clementon,2,8
Clementon,1,9
Clementon,2,10
Clementon,3,12
Clementon,1,13
Clementon,2,14
Clementon,3,15
Clementon,9,16
Clementon,12,17
Clementon,1,18
Clementon,1,20
Clementon,1,22
Clements,5,1
Clements,2,2
Clements,2,4
Clements,1,5
Clements,1,6
Clements,1,8
Clements,1,9
Clements,1,10
Clements,2,11
Clements,3,12
Clements,4,13
Clements,6,14
Clements,6,15
Clements,1,16
Clements,1,17
Clements,2,18
Clements,5,19
Clements,8,20
Clements,3,21
Clements,4,22
Clements,2,23
Clemmons,1,1
Clemmons,4,2
Clemmons,3,3
Clemmons,2,4
Clemmons,5,6
Clemmons,3,7
Clemmons,1,8
Clemmons,3,9
Clemmons,3,10
Clemmons,10,11
Clemmons,1,12
Clemmons,2,13
Clemmons,4,14
Clemmons,1,15
Clemmons,4,16
Clemmons,3,17
Clemmons,2,18
Clemmons,2,19
Clemmons,8,20
Clemmons,2,21
Clemons,1,23
Clemson,1,0
Clemson,1,1
Clemson,2,2
Clemson,1,3
Clemson,2,4
Clemson,1,5
Clemson,4,6
Clemson,4,7
Clemson,7,8
Clemson,3,9
Clemson,2,10
Clemson,8,11
Clemson,7,12
Clemson,11,13
Clemson,6,14
Clemson,8,15
Clemson,10,16
Clemson,6,17
Clemson,8,18
Clemson,8,19
Clemson,1,20
Clemson,1,21
Clemson,2,22
Clemson,3,23
Clendenin,2,1
Clendenin,1,5
Clendenin,1,6
Clendenin,8,7
Clendenin,2,8
Clendenin,1,9
Clendenin,4,11
Clendenin,6,12
Clendenin,3,13
Clendenin,6,14
Clendenin,3,15
Clendenin,1,16
Clendenin,1,17
Clendenin,1,19
Clendenin,1,20
Clendenin,2,21
Clendenin,2,22
Clendenin,2,23
Cleona,1,5
Cleona,1,7
Cleona,5,8
Cleona,2,13
Cleona,1,15
Cleona,1,17
Clermont,15,0
Clermont,5,1
Clermont,6,2
Clermont,7,3
Clermont,29,4
Clermont,25,5
Clermont,42,6
Clermont,58,7
Clermont,56,8
Clermont,44,9
Clermont,29,10
Clermont,60,11
Clermont,44,12
Clermont,53,13
Clermont,75,14
Clermont,79,15
Clermont,63,16
Clermont,71,17
Clermont,50,18
Clermont,32,19
Clermont,40,20
Clermont,26,21
Clermont,35,22
Clermont,11,23
Cleveland,22,0
Cleveland,15,1
Cleveland,19,2
Cleveland,16,3
Cleveland,168,4
Cleveland,181,5
Cleveland,318,6
Cleveland,460,7
Cleveland,497,8
Cleveland,131,9
Cleveland,148,10
Cleveland,141,11
Cleveland,122,12
Cleveland,141,13
Cleveland,174,14
Cleveland,232,15
Cleveland,272,16
Cleveland,287,17
Cleveland,199,18
Cleveland,107,19
Cleveland,73,20
Cleveland,55,21
Cleveland,48,22
Cleveland,23,23
Cleveland Heights,1,8
Cleveland Heights,1,11
Cleves,1,2
Cleves,2,4
Cleves,3,6
Cleves,10,7
Cleves,5,8
Cleves,2,9
Cleves,3,10
Cleves,6,11
Cleves,2,12
Cleves,10,13
Cleves,6,14
Cleves,10,15
Cleves,8,16
Cleves,9,17
Cleves,12,18
Cleves,5,19
Cleves,1,23
Clewiston,2,0
Clewiston,3,3
Clewiston,1,4
Clewiston,6,5
Clewiston,10,6
Clewiston,2,7
Clewiston,9,8
Clewiston,3,9
Clewiston,6,10
Clewiston,3,11
Clewiston,4,12
Clewiston,4,13
Clewiston,1,14
Clewiston,5,15
Clewiston,2,16
Clewiston,2,17
Clewiston,4,19
Clewiston,2,20
Clewiston,3,21
Clewiston,2,23
Cliffwood,2,2
Cliffwood,2,3
Cliffwood,2,14
Cliffwood,1,16
Cliffwood,1,21
Clifton,2,0
Clifton,22,1
Clifton,16,2
Clifton,15,3
Clifton,30,4
Clifton,47,5
Clifton,61,6
Clifton,99,7
Clifton,84,8
Clifton,35,9
Clifton,45,10
Clifton,46,11
Clifton,45,12
Clifton,62,13
Clifton,64,14
Clifton,112,15
Clifton,96,16
Clifton,84,17
Clifton,74,18
Clifton,63,19
Clifton,11,20
Clifton,27,21
Clifton,33,22
Clifton,16,23
Clifton Forge,1,0
Clifton Forge,2,1
Clifton Forge,2,2
Clifton Forge,5,3
Clifton Forge,12,6
Clifton Forge,10,7
Clifton Forge,5,8
Clifton Forge,2,9
Clifton Forge,8,10
Clifton Forge,1,11
Clifton Forge,3,12
Clifton Forge,5,13
Clifton Forge,1,14
Clifton Forge,4,15
Clifton Forge,3,16
Clifton Forge,4,18
Clifton Forge,1,19
Clifton Forge,1,20
Clifton Forge,5,22
Clifton Forge,3,23
Clifton Heights,1,0
Clifton Heights,1,5
Clifton Heights,1,6
Clifton Heights,3,7
Clifton Heights,1,8
Clifton Heights,1,12
Clifton Heights,3,13
Clifton Heights,3,14
Clifton Heights,1,15
Clifton Heights,1,16
Clifton Heights,3,17
Clifton Heights,2,18
Clifton Heights,3,19
Clifton Heights,1,20
Clifton Heights,3,21
Clifton Heights,1,23
Clifton Park,25,0
Clifton Park,3,1
Clifton Park,9,2
Clifton Park,6,3
Clifton Park,12,4
Clifton Park,24,5
Clifton Park,28,6
Clifton Park,85,7
Clifton Park,55,8
Clifton Park,27,9
Clifton Park,22,10
Clifton Park,38,11
Clifton Park,38,12
Clifton Park,38,13
Clifton Park,48,14
Clifton Park,54,15
Clifton Park,60,16
Clifton Park,45,17
Clifton Park,32,18
Clifton Park,18,19
Clifton Park,22,20
Clifton Park,17,21
Clifton Park,17,22
Clifton Park,11,23
Clifton Springs,2,1
Clifton Springs,2,2
Clifton Springs,1,3
Clifton Springs,3,5
Clifton Springs,1,6
Clifton Springs,5,8
Clifton Springs,2,9
Clifton Springs,8,10
Clifton Springs,3,11
Clifton Springs,6,12
Clifton Springs,18,13
Clifton Springs,7,14
Clifton Springs,9,15
Clifton Springs,7,16
Clifton Springs,3,17
Clifton Springs,3,18
Clifton Springs,6,19
Clifton Springs,2,20
Clifton Springs,4,21
Clifton Springs,3,22
Clifton Springs,2,23
Climax,6,0
Climax,1,1
Climax,1,4
Climax,2,5
Climax,2,7
Climax,2,9
Climax,6,11
Climax,6,12
Climax,7,13
Climax,6,14
Climax,11,15
Climax,9,16
Climax,4,17
Climax,2,18
Climax,3,19
Climax,2,20
Climax,1,22
Clinchco,1,9
Clinchco,4,16
Clinchco,1,18
Clinchco,3,19
Clinchco,3,21
Clint,1,4
Clint,5,5
Clint,3,6
Clint,3,7
Clint,6,8
Clint,3,9
Clint,1,10
Clint,1,11
Clint,5,12
Clint,1,13
Clint,2,15
Clint,2,16
Clint,4,17
Clint,1,20
Clint,2,23
Clinton,27,0
Clinton,31,1
Clinton,48,2
Clinton,36,3
Clinton,53,4
Clinton,62,5
Clinton,75,6
Clinton,118,7
Clinton,97,8
Clinton,86,9
Clinton,86,10
Clinton,105,11
Clinton,119,12
Clinton,87,13
Clinton,108,14
Clinton,121,15
Clinton,140,16
Clinton,112,17
Clinton,106,18
Clinton,110,19
Clinton,53,20
Clinton,73,21
Clinton,40,22
Clinton,40,23
Clinton Corners,1,1
Clinton Corners,4,4
Clinton Corners,2,5
Clinton Corners,5,6
Clinton Corners,6,7
Clinton Corners,7,8
Clinton Corners,4,9
Clinton Corners,1,10
Clinton Corners,7,11
Clinton Corners,7,12
Clinton Corners,8,13
Clinton Corners,4,14
Clinton Corners,3,15
Clinton Corners,4,16
Clinton Corners,12,17
Clinton Corners,2,18
Clinton Corners,7,19
Clinton Corners,4,21
Clinton Corners,6,22
Clinton Township,2,0
Clinton Township,3,1
Clinton Township,4,2
Clinton Township,3,4
Clinton Township,9,5
Clinton Township,11,6
Clinton Township,14,7
Clinton Township,14,8
Clinton Township,5,9
Clinton Township,4,10
Clinton Township,7,11
Clinton Township,4,12
Clinton Township,15,13
Clinton Township,4,14
Clinton Township,8,15
Clinton Township,11,16
Clinton Township,9,17
Clinton Township,4,18
Clinton Township,4,19
Clinton Township,2,21
Clinton Township,1,22
Clinton Township,3,23
Clintondale,1,7
Clintondale,2,12
Clintonville,1,7
Clintonville,2,14
Clintonville,1,18
Clintwood,1,9
Clintwood,3,11
Clintwood,1,12
Clio,9,0
Clio,8,1
Clio,8,2
Clio,8,3
Clio,25,4
Clio,23,5
Clio,26,6
Clio,47,7
Clio,28,8
Clio,35,9
Clio,12,10
Clio,47,11
Clio,11,12
Clio,14,13
Clio,21,14
Clio,22,15
Clio,16,16
Clio,25,17
Clio,31,18
Clio,9,19
Clio,14,20
Clio,13,21
Clio,12,22
Clio,17,23
Clipper Mills,1,2
Clipper Mills,1,10
Clipper Mills,2,14
Clipper Mills,1,17
Clitherall,3,7
Clitherall,1,8
Clitherall,2,12
Clitherall,1,15
Clitherall,2,17
Clitherall,1,20
Clive,4,0
Clive,3,5
Clive,7,6
Clive,12,7
Clive,5,8
Clive,4,9
Clive,4,10
Clive,5,11
Clive,6,12
Clive,7,13
Clive,2,14
Clive,20,15
Clive,21,16
Clive,15,17
Clive,7,18
Clive,3,19
Clive,2,23
Cloquet,3,0
Cloquet,1,3
Cloquet,4,4
Cloquet,2,5
Cloquet,2,6
Cloquet,6,7
Cloquet,9,8
Cloquet,6,10
Cloquet,5,11
Cloquet,2,12
Cloquet,5,13
Cloquet,2,14
Cloquet,6,15
Cloquet,4,16
Cloquet,4,17
Cloquet,7,18
Cloquet,6,19
Cloquet,9,20
Cloquet,3,21
Cloquet,5,22
Cloquet,5,23
Closter,1,11
Clover,14,0
Clover,13,1
Clover,7,2
Clover,5,3
Clover,18,4
Clover,18,5
Clover,33,6
Clover,50,7
Clover,36,8
Clover,25,9
Clover,24,10
Clover,16,11
Clover,28,12
Clover,25,13
Clover,32,14
Clover,36,15
Clover,50,16
Clover,50,17
Clover,36,18
Clover,28,19
Clover,30,20
Clover,15,21
Clover,13,22
Clover,9,23
Cloverdale,15,0
Cloverdale,8,1
Cloverdale,11,2
Cloverdale,3,3
Cloverdale,5,4
Cloverdale,16,5
Cloverdale,24,6
Cloverdale,19,7
Cloverdale,19,8
Cloverdale,17,9
Cloverdale,19,10
Cloverdale,19,11
Cloverdale,28,12
Cloverdale,35,13
Cloverdale,34,14
Cloverdale,34,15
Cloverdale,33,16
Cloverdale,46,17
Cloverdale,20,18
Cloverdale,17,19
Cloverdale,22,20
Cloverdale,30,21
Cloverdale,23,22
Cloverdale,16,23
Clovis,22,0
Clovis,21,1
Clovis,5,2
Clovis,5,3
Clovis,12,4
Clovis,18,5
Clovis,25,6
Clovis,34,7
Clovis,37,8
Clovis,23,9
Clovis,13,10
Clovis,23,11
Clovis,20,12
Clovis,26,13
Clovis,28,14
Clovis,44,15
Clovis,48,16
Clovis,51,17
Clovis,42,18
Clovis,18,19
Clovis,22,20
Clovis,28,21
Clovis,14,22
Clovis,20,23
Clute,1,2
Clute,1,8
Clute,1,14
Clute,3,15
Clyde,9,0
Clyde,5,1
Clyde,4,3
Clyde,10,4
Clyde,2,5
Clyde,14,6
Clyde,13,7
Clyde,20,8
Clyde,26,9
Clyde,24,10
Clyde,20,11
Clyde,16,12
Clyde,27,13
Clyde,23,14
Clyde,11,15
Clyde,11,16
Clyde,20,17
Clyde,22,18
Clyde,15,19
Clyde,16,20
Clyde,21,21
Clyde,15,22
Clyde,4,23
Clymer,17,14
Clymer,3,18
Coahoma,1,18
Coahoma,1,19
Coal Center,1,1
Coal Center,1,8
Coal Center,1,17
Coal Center,3,18
Coal Center,2,19
Coal Center,1,23
Coal City,2,4
Coal City,1,7
Coal City,1,17
Coal City,1,23
Coal Township,1,1
Coal Township,4,2
Coal Township,1,3
Coal Township,3,4
Coal Township,1,5
Coal Township,6,7
Coal Township,5,8
Coal Township,4,9
Coal Township,1,10
Coal Township,2,11
Coal Township,1,12
Coal Township,2,13
Coal Township,4,14
Coal Township,5,15
Coal Township,13,16
Coal Township,5,19
Coal Township,4,21
Coal Township,3,22
Coal Twp,1,0
Coal Twp,2,9
Coal Twp,3,13
Coal Twp,1,14
Coal Twp,1,16
Coal Twp,1,19
Coal Valley,1,7
Coal Valley,1,13
Coaldale,1,11
Coaling,4,6
Coaling,1,7
Coaling,1,14
Coaling,1,15
Coaling,1,16
Coaling,2,22
Coaling,1,23
Coalinga,11,0
Coalinga,8,1
Coalinga,10,2
Coalinga,4,3
Coalinga,9,4
Coalinga,33,5
Coalinga,15,6
Coalinga,10,7
Coalinga,20,8
Coalinga,12,9
Coalinga,5,10
Coalinga,12,11
Coalinga,28,12
Coalinga,26,13
Coalinga,37,14
Coalinga,23,15
Coalinga,29,16
Coalinga,12,17
Coalinga,21,18
Coalinga,17,19
Coalinga,13,20
Coalinga,15,21
Coalinga,11,22
Coalinga,13,23
Coalmont,1,5
Coalmont,1,8
Coalmont,4,9
Coalmont,2,10
Coalmont,1,12
Coalmont,1,13
Coalmont,1,15
Coalmont,1,17
Coalport,5,1
Coalport,1,5
Coalport,3,6
Coalport,3,7
Coalport,2,8
Coalport,2,9
Coalport,2,10
Coalport,10,11
Coalport,23,12
Coalport,5,13
Coalport,3,15
Coalport,2,16
Coalport,2,19
Coalport,1,20
Coalport,3,22
Coalville,23,0
Coalville,6,1
Coalville,12,2
Coalville,8,3
Coalville,16,4
Coalville,19,5
Coalville,25,6
Coalville,25,7
Coalville,28,8
Coalville,20,9
Coalville,17,10
Coalville,10,11
Coalville,7,12
Coalville,32,13
Coalville,13,14
Coalville,18,15
Coalville,12,16
Coalville,26,17
Coalville,14,18
Coalville,12,19
Coalville,19,20
Coalville,13,21
Coalville,15,22
Coalville,17,23
Coarsegold,8,0
Coarsegold,8,1
Coarsegold,10,2
Coarsegold,5,3
Coarsegold,9,4
Coarsegold,13,5
Coarsegold,22,6
Coarsegold,15,7
Coarsegold,18,8
Coarsegold,18,9
Coarsegold,20,10
Coarsegold,18,11
Coarsegold,11,12
Coarsegold,20,13
Coarsegold,17,14
Coarsegold,31,15
Coarsegold,19,16
Coarsegold,22,17
Coarsegold,20,18
Coarsegold,12,19
Coarsegold,13,20
Coarsegold,9,21
Coarsegold,12,22
Coarsegold,7,23
Coatesville,12,0
Coatesville,14,1
Coatesville,13,2
Coatesville,5,3
Coatesville,15,4
Coatesville,18,5
Coatesville,74,6
Coatesville,86,7
Coatesville,67,8
Coatesville,26,9
Coatesville,26,10
Coatesville,20,11
Coatesville,33,12
Coatesville,41,13
Coatesville,33,14
Coatesville,31,15
Coatesville,55,16
Coatesville,32,17
Coatesville,25,18
Coatesville,25,19
Coatesville,19,20
Coatesville,16,21
Coatesville,13,22
Coatesville,20,23
Coats,3,14
Coats,6,16
Coats,1,18
Coats,1,23
Cobalt,4,13
Cobb,3,0
Cobb,1,5
Cobb,2,7
Cobb,1,8
Cobb,2,9
Cobb,2,11
Cobb,1,12
Cobb,5,13
Cobb,2,14
Cobb,1,15
Cobb,3,16
Cobb,2,17
Cobb,1,18
Cobb,6,19
Cobb,1,23
Cobbs Creek,1,10
Cobbs Creek,3,12
Cobbs Creek,5,13
Cobbtown,1,8
Cobbtown,3,10
Cobbtown,4,12
Cobbtown,7,20
Cobleskill,2,0
Cobleskill,1,13
Cobleskill,5,19
Cochecton,1,13
Cochecton,2,21
Cochise,2,2
Cochise,1,3
Cochise,1,8
Cochise,1,9
Cochise,2,15
Cochise,2,17
Cochise,1,18
Cochise,1,20
Cochise,1,22
Cochise,1,23
Cochran,1,13
Cochran,2,14
Cochran,1,17
Cochran,1,19
Cochran,2,20
Cochran,4,21
Cochran,2,23
Cochranton,5,10
Cochranton,2,14
Cochranton,2,21
Cochranton,1,23
Cochranville,1,0
Cochranville,1,4
Cochranville,4,5
Cochranville,8,6
Cochranville,4,7
Cochranville,3,8
Cochranville,1,9
Cochranville,3,10
Cochranville,5,11
Cochranville,1,12
Cochranville,1,13
Cochranville,1,14
Cochranville,7,15
Cochranville,6,16
Cochranville,5,17
Cochranville,1,18
Cochranville,3,19
Cochranville,4,20
Cochranville,1,21
Cochranville,2,23
Cockeysville,1,0
Cockeysville,1,1
Cockeysville,2,2
Cockeysville,4,3
Cockeysville,6,4
Cockeysville,7,5
Cockeysville,5,6
Cockeysville,5,7
Cockeysville,9,8
Cockeysville,8,9
Cockeysville,14,10
Cockeysville,5,11
Cockeysville,3,12
Cockeysville,8,13
Cockeysville,9,14
Cockeysville,4,15
Cockeysville,17,16
Cockeysville,13,17
Cockeysville,10,18
Cockeysville,4,19
Cockeysville,5,20
Cockeysville,6,21
Cockeysville,3,22
Cockeysville,2,23
Cocoa,10,0
Cocoa,20,1
Cocoa,9,2
Cocoa,15,3
Cocoa,24,4
Cocoa,31,5
Cocoa,40,6
Cocoa,60,7
Cocoa,67,8
Cocoa,56,9
Cocoa,41,10
Cocoa,50,11
Cocoa,57,12
Cocoa,57,13
Cocoa,53,14
Cocoa,77,15
Cocoa,91,16
Cocoa,81,17
Cocoa,67,18
Cocoa,44,19
Cocoa,37,20
Cocoa,35,21
Cocoa,25,22
Cocoa,17,23
Cocoa Beach,1,4
Cocoa Beach,2,6
Cocoa Beach,6,8
Cocoa Beach,1,9
Cocoa Beach,2,10
Cocoa Beach,2,11
Cocoa Beach,4,12
Cocoa Beach,1,13
Cocoa Beach,1,14
Cocoa Beach,2,15
Cocoa Beach,4,16
Cocoa Beach,3,17
Cocoa Beach,1,18
Cocoa Beach,1,19
Cocoa Beach,1,20
Cocoa Beach,1,23
Cocoa-Rockledge,1,11
Cocoa-Rockledge,1,20
Cocoa-Rockledge,1,22
Cocoa-Rockledge,1,23
Cocolamus,1,13
Cocolamus,7,14
Cocolamus,1,15
Cocolamus,2,16
Cocolamus,2,18
Cocolamus,1,19
Coconut Creek,2,4
Coconut Creek,2,6
Coconut Creek,1,7
Coconut Creek,5,8
Coconut Creek,1,15
Coconut Creek,2,16
Coconut Creek,1,17
Coconut Creek,1,18
Coconut Creek,1,20
Coden,1,11
Coden,4,13
Coden,1,15
Coden,1,21
Cody,3,14
Codyville Plt,1,9
Coeburn,3,1
Coeburn,1,3
Coeburn,1,4
Coeburn,1,8
Coeburn,1,10
Coeburn,2,13
Coeburn,2,15
Coeburn,3,18
Coeburn,4,19
Coeburn,1,20
Coeburn,1,21
Coeburn,2,22
Coeur D Alene,4,5
Coeur D Alene,2,6
Coeur D Alene,5,7
Coeur D Alene,5,8
Coeur D Alene,1,9
Coeur D Alene,3,10
Coeur D Alene,1,11
Coeur D Alene,6,12
Coeur D Alene,4,13
Coeur D Alene,4,14
Coeur D Alene,4,17
Coeur D Alene,1,19
Coeur D Alene,4,22
Coeur D Alene,1,23
Coeymans Hollow,1,8
Coeymans Hollow,1,13
Coeymans Hollow,2,18
Coeymans Hollow,2,19
Coffee Creek,3,0
Coffee Creek,1,20
Coffeeville,1,12
Coffeeville,1,16
Coffeeville,1,23
Cofield,1,13
Cofield,2,14
Cogan Station,2,0
Cogan Station,2,2
Cogan Station,3,4
Cogan Station,2,6
Cogan Station,3,8
Cogan Station,4,9
Cogan Station,10,10
Cogan Station,2,11
Cogan Station,4,12
Cogan Station,1,13
Cogan Station,2,14
Cogan Station,3,15
Cogan Station,3,16
Cogan Station,2,18
Cogan Station,8,19
Cogan Station,4,20
Cogan Station,1,21
Cogan Station,5,22
Cogan Station,2,23
Cogswell,2,13
Cogswell,1,20
Cohagen,1,2
Cohagen,1,10
Cohagen,1,11
Cohagen,3,14
Cohagen,4,15
Cohasset,1,1
Cohasset,1,4
Cohasset,3,6
Cohasset,2,7
Cohasset,6,8
Cohasset,6,9
Cohasset,4,12
Cohasset,5,13
Cohasset,6,14
Cohasset,4,15
Cohasset,3,17
Cohasset,4,18
Cohasset,1,19
Cohasset,6,20
Cohasset,2,22
Cohasset,2,23
Cohocton,2,11
Cohocton,1,16
Cohoes,7,2
Cohoes,2,3
Cohoes,1,4
Cohoes,1,5
Cohoes,2,6
Cohoes,8,7
Cohoes,8,8
Cohoes,6,9
Cohoes,1,10
Cohoes,19,11
Cohoes,2,12
Cohoes,7,13
Cohoes,6,14
Cohoes,8,15
Cohoes,13,16
Cohoes,25,17
Cohoes,1,18
Cohoes,2,19
Cohoes,2,20
Cohoes,7,21
Coinjock,1,0
Cokato,2,2
Cokato,1,4
Cokato,2,5
Cokato,2,6
Cokato,1,7
Cokato,3,8
Cokato,1,9
Cokato,5,10
Cokato,1,11
Cokato,1,13
Cokato,2,15
Cokato,2,16
Cokato,3,17
Cokato,2,18
Cokato,1,20
Cokeburg,1,7
Coker,1,4
Coker,3,5
Coker,5,6
Coker,5,7
Coker,4,8
Coker,3,9
Coker,2,10
Coker,3,11
Coker,1,12
Coker,5,14
Coker,2,15
Coker,5,16
Coker,1,17
Coker,1,18
Coker,3,20
Coker,2,21
Coker,1,23
Cokeville,2,12
Colbert,1,4
Colbert,3,5
Colbert,2,6
Colbert,4,7
Colbert,2,8
Colby,1,8
Colby,1,16
Colby,1,17
Colby,1,18
Colchester,3,6
Colchester,6,7
Colchester,3,8
Colchester,7,9
Colchester,1,11
Colchester,1,14
Colchester,1,15
Colchester,1,16
Colchester,4,17
Colchester,8,18
Colchester,9,20
Colchester,7,22
Colchester,1,23
Cold Spring,1,0
Cold Spring,2,3
Cold Spring,1,4
Cold Spring,1,5
Cold Spring,13,6
Cold Spring,13,7
Cold Spring,10,8
Cold Spring,5,9
Cold Spring,6,11
Cold Spring,8,12
Cold Spring,2,13
Cold Spring,3,14
Cold Spring,9,15
Cold Spring,3,16
Cold Spring,3,17
Cold Spring,4,18
Cold Spring,4,19
Cold Spring,4,20
Cold Spring,1,21
Cold Spring,2,22
Cold Spring,5,23
Cold Spring Harbor,1,5
Cold Spring Harbor,1,8
Cold Spring Harbor,2,15
Coldwater,3,2
Coldwater,1,4
Coldwater,1,5
Coldwater,1,6
Coldwater,2,7
Coldwater,2,8
Coldwater,6,9
Coldwater,2,12
Coldwater,1,13
Coldwater,1,14
Coldwater,1,15
Coldwater,4,16
Coldwater,2,17
Coldwater,6,18
Coldwater,1,19
Coldwater,5,21
Colebrook,1,6
Colebrook,1,7
Colebrook,1,8
Colebrook,5,9
Coleharbor,1,13
Coleman,2,1
Coleman,1,2
Coleman,1,4
Coleman,2,5
Coleman,2,7
Coleman,8,8
Coleman,1,9
Coleman,9,10
Coleman,2,11
Coleman,2,12
Coleman,3,13
Coleman,5,14
Coleman,2,15
Coleman,1,16
Coleman,3,17
Coleman,3,18
Coleman,5,20
Coleman,1,21
Coleman Falls,3,17
Colerain,3,22
Coleraine,1,0
Coleraine,1,1
Coleraine,2,6
Coleraine,2,8
Coleraine,2,9
Coleraine,1,10
Coleraine,1,11
Coleraine,1,17
Coleraine,1,21
Coleridge,1,7
Coleridge,1,10
Coleville,5,2
Coleville,2,4
Coleville,4,5
Coleville,4,6
Coleville,5,7
Coleville,8,8
Coleville,8,9
Coleville,3,10
Coleville,5,11
Coleville,4,12
Coleville,11,13
Coleville,4,14
Coleville,9,15
Coleville,15,16
Coleville,8,17
Coleville,9,18
Coleville,13,19
Coleville,2,20
Coleville,8,21
Coleville,5,22
Coleville,4,23
Colfax,4,0
Colfax,9,1
Colfax,7,2
Colfax,3,3
Colfax,13,4
Colfax,17,5
Colfax,20,6
Colfax,25,7
Colfax,36,8
Colfax,19,9
Colfax,30,10
Colfax,25,11
Colfax,30,12
Colfax,38,13
Colfax,35,14
Colfax,40,15
Colfax,32,16
Colfax,31,17
Colfax,27,18
Colfax,23,19
Colfax,28,20
Colfax,14,21
Colfax,32,22
Colfax,13,23
Collbran,1,14
College Grove,1,5
College Grove,2,7
College Grove,1,8
College Grove,2,9
College Grove,1,10
College Grove,1,15
College Grove,3,17
College Grove,2,18
College Grove,2,22
College Park,8,0
College Park,7,1
College Park,9,2
College Park,8,3
College Park,17,4
College Park,12,5
College Park,24,6
College Park,22,7
College Park,30,8
College Park,20,9
College Park,17,10
College Park,14,11
College Park,11,12
College Park,18,13
College Park,29,14
College Park,38,15
College Park,50,16
College Park,32,17
College Park,36,18
College Park,11,19
College Park,25,20
College Park,18,21
College Park,14,22
College Park,6,23
College Point,4,0
College Point,1,1
College Point,1,2
College Point,1,4
College Point,2,5
College Point,2,6
College Point,4,7
College Point,2,8
College Point,4,10
College Point,5,11
College Point,3,12
College Point,4,13
College Point,6,16
College Point,5,17
College Point,2,18
College Point,3,19
College Point,6,20
College Point,1,21
College Point,1,22
College Point,2,23
College Station,1,1
College Station,1,10
College Station,1,12
College Station,1,13
College Station,1,18
College Station,1,20
Collegeville,10,0
Collegeville,7,1
Collegeville,4,2
Collegeville,4,3
Collegeville,13,4
Collegeville,24,5
Collegeville,40,6
Collegeville,61,7
Collegeville,45,8
Collegeville,17,9
Collegeville,11,10
Collegeville,24,11
Collegeville,31,12
Collegeville,22,13
Collegeville,25,14
Collegeville,38,15
Collegeville,46,16
Collegeville,44,17
Collegeville,26,18
Collegeville,19,19
Collegeville,17,20
Collegeville,14,21
Collegeville,14,22
Collegeville,8,23
Colleyville,1,1
Colleyville,1,9
Colleyville,1,11
Colleyville,1,16
Colleyville,3,17
Collierville,1,0
Collierville,1,1
Collierville,1,4
Collierville,3,5
Collierville,6,6
Collierville,4,7
Collierville,2,8
Collierville,1,9
Collierville,1,10
Collierville,2,13
Collierville,1,14
Collierville,4,15
Collierville,2,16
Collierville,4,18
Collierville,2,19
Collierville,2,20
Collingdale,1,6
Collingswood,1,0
Collingswood,2,6
Collingswood,1,8
Collingswood,1,12
Collingswood,4,15
Collingswood,5,16
Collingswood,8,17
Collingswood,1,19
Collins,1,2
Collins,8,4
Collins,1,5
Collins,1,7
Collins,3,10
Collins,1,11
Collins,1,13
Collins,2,14
Collins,1,15
Collins,1,20
Collins,2,23
Collinston,3,0
Collinston,1,1
Collinston,1,6
Collinston,2,7
Collinston,1,8
Collinston,1,9
Collinston,1,10
Collinston,2,12
Collinston,3,14
Collinston,2,18
Collinston,1,19
Collinston,1,23
Collinsville,2,0
Collinsville,1,1
Collinsville,4,2
Collinsville,5,3
Collinsville,6,4
Collinsville,7,5
Collinsville,11,6
Collinsville,22,7
Collinsville,11,8
Collinsville,6,9
Collinsville,11,10
Collinsville,13,11
Collinsville,4,12
Collinsville,11,13
Collinsville,6,14
Collinsville,12,15
Collinsville,8,16
Collinsville,9,17
Collinsville,12,18
Collinsville,6,19
Collinsville,3,20
Collinsville,4,21
Collinsville,3,22
Collinsville,4,23
Colma,3,8
Colma,2,9
Colma,1,16
Colma,1,17
Colma,1,20
Colmar,1,0
Colmar,7,1
Colmar,1,2
Colmar,5,4
Colmar,4,5
Colmar,5,6
Colmar,15,7
Colmar,12,8
Colmar,2,9
Colmar,6,10
Colmar,1,11
Colmar,4,12
Colmar,4,13
Colmar,8,14
Colmar,13,15
Colmar,14,16
Colmar,7,17
Colmar,3,18
Colmar,4,19
Colmar,4,20
Colmar,4,21
Colmar,3,22
Colmar,1,23
Colmesneil,1,10
Colo,2,7
Colo,1,8
Cologne,1,1
Cologne,2,5
Cologne,2,6
Cologne,1,7
Cologne,6,8
Cologne,2,9
Cologne,2,13
Cologne,1,14
Cologne,1,15
Cologne,1,16
Cologne,2,18
Cologne,3,19
Cologne,1,20
Cologne,3,21
Cologne,4,22
Coloma,6,3
Coloma,13,4
Coloma,4,5
Coloma,2,6
Coloma,2,7
Coloma,1,8
Coloma,1,9
Coloma,1,10
Coloma,1,11
Coloma,3,13
Coloma,12,14
Coloma,3,15
Coloma,3,16
Coloma,6,17
Coloma,1,18
Coloma,3,19
Coloma,3,21
Coloma,1,22
Colona,1,3
Colona,4,5
Colona,4,6
Colona,3,7
Colona,1,8
Colona,1,9
Colona,2,10
Colona,4,11
Colona,1,12
Colona,2,15
Colona,1,17
Colona,2,21
Colona,1,22
Colonia,2,0
Colonia,1,1
Colonia,1,2
Colonia,1,3
Colonia,3,4
Colonia,7,5
Colonia,14,6
Colonia,5,7
Colonia,5,8
Colonia,5,9
Colonia,2,11
Colonia,3,12
Colonia,6,13
Colonia,5,14
Colonia,9,15
Colonia,3,16
Colonia,4,17
Colonia,6,18
Colonia,4,19
Colonia,4,20
Colonia,7,21
Colonia,5,22
Colonia,9,23
Colonial Beach,5,1
Colonial Beach,1,2
Colonial Beach,4,3
Colonial Beach,1,7
Colonial Beach,1,10
Colonial Beach,12,12
Colonial Beach,1,13
Colonial Beach,2,15
Colonial Beach,4,16
Colonial Beach,11,17
Colonial Beach,1,18
Colonial Beach,4,19
Colonial Beach,1,21
Colonial Beach,4,23
Colonial Heights,6,0
Colonial Heights,13,1
Colonial Heights,17,2
Colonial Heights,14,3
Colonial Heights,15,4
Colonial Heights,19,5
Colonial Heights,15,6
Colonial Heights,44,7
Colonial Heights,36,8
Colonial Heights,26,9
Colonial Heights,23,10
Colonial Heights,26,11
Colonial Heights,28,12
Colonial Heights,23,13
Colonial Heights,23,14
Colonial Heights,28,15
Colonial Heights,42,16
Colonial Heights,36,17
Colonial Heights,37,18
Colonial Heights,23,19
Colonial Heights,20,20
Colonial Heights,21,21
Colonial Heights,27,22
Colonial Heights,10,23
Colonie,1,6
Colonie,1,7
Colonie,1,8
Colonie,1,10
Colonie,1,12
Colonie,1,13
Colonie,1,17
Colora,2,17
Colorado City,4,0
Colorado City,1,2
Colorado City,2,4
Colorado City,3,5
Colorado City,3,6
Colorado City,5,7
Colorado City,4,8
Colorado City,1,9
Colorado City,1,10
Colorado City,5,13
Colorado City,1,15
Colorado City,4,16
Colorado City,2,17
Colorado City,1,18
Colorado City,2,19
Colorado City,1,20
Colorado City,2,21
Colorado City,1,22
Colorado City,1,23
Colorado Springs,11,0
Colorado Springs,16,1
Colorado Springs,11,2
Colorado Springs,14,3
Colorado Springs,11,4
Colorado Springs,14,5
Colorado Springs,73,6
Colorado Springs,233,7
Colorado Springs,213,8
Colorado Springs,107,9
Colorado Springs,80,10
Colorado Springs,55,11
Colorado Springs,59,12
Colorado Springs,69,13
Colorado Springs,67,14
Colorado Springs,112,15
Colorado Springs,110,16
Colorado Springs,103,17
Colorado Springs,54,18
Colorado Springs,38,19
Colorado Springs,15,20
Colorado Springs,22,21
Colorado Springs,27,22
Colorado Springs,17,23
Colquitt,1,11
Colquitt,1,12
Colquitt,4,17
Colstrip,1,16
Colstrip,3,21
Colton,42,0
Colton,51,1
Colton,51,2
Colton,50,3
Colton,48,4
Colton,74,5
Colton,143,6
Colton,144,7
Colton,108,8
Colton,63,9
Colton,73,10
Colton,105,11
Colton,137,12
Colton,175,13
Colton,262,14
Colton,261,15
Colton,205,16
Colton,167,17
Colton,128,18
Colton,49,19
Colton,44,20
Colton,50,21
Colton,59,22
Colton,61,23
Colts Neck,5,3
Colts Neck,1,12
Colts Neck,4,13
Colts Neck,4,14
Colts Neck,5,15
Colts Neck,9,16
Colts Neck,12,17
Colts Neck,7,18
Colts Neck,1,19
Columbia,145,0
Columbia,100,1
Columbia,144,2
Columbia,82,3
Columbia,263,4
Columbia,276,5
Columbia,445,6
Columbia,924,7
Columbia,998,8
Columbia,366,9
Columbia,353,10
Columbia,412,11
Columbia,635,12
Columbia,735,13
Columbia,744,14
Columbia,914,15
Columbia,1161,16
Columbia,1112,17
Columbia,735,18
Columbia,425,19
Columbia,309,20
Columbia,234,21
Columbia,264,22
Columbia,179,23
Columbia City,1,6
Columbia City,3,7
Columbia City,5,10
Columbia City,1,13
Columbia City,7,14
Columbia City,3,15
Columbia City,1,21
Columbia City,4,23
Columbia Cross Roads,4,6
Columbia Cross Roads,1,11
Columbia Cross Roads,2,12
Columbia Cross Roads,2,15
Columbia Falls,6,0
Columbia Falls,3,1
Columbia Falls,4,2
Columbia Falls,2,3
Columbia Falls,6,4
Columbia Falls,2,5
Columbia Falls,6,6
Columbia Falls,19,7
Columbia Falls,11,8
Columbia Falls,9,9
Columbia Falls,3,10
Columbia Falls,8,11
Columbia Falls,4,12
Columbia Falls,8,13
Columbia Falls,6,14
Columbia Falls,8,15
Columbia Falls,9,16
Columbia Falls,10,17
Columbia Falls,13,18
Columbia Falls,4,19
Columbia Falls,7,20
Columbia Falls,7,21
Columbia Falls,12,22
Columbia Falls,2,23
Columbia Station,3,11
Columbia Station,1,15
Columbia Station,1,16
Columbia Station,1,17
Columbiana,1,4
Columbiana,2,5
Columbiana,4,6
Columbiana,2,10
Columbiana,2,11
Columbiana,1,12
Columbiana,1,17
Columbiana,1,19
Columbiaville,1,0
Columbiaville,3,6
Columbiaville,1,7
Columbus,44,0
Columbus,16,1
Columbus,30,2
Columbus,37,3
Columbus,161,4
Columbus,234,5
Columbus,398,6
Columbus,684,7
Columbus,643,8
Columbus,221,9
Columbus,259,10
Columbus,263,11
Columbus,253,12
Columbus,269,13
Columbus,296,14
Columbus,449,15
Columbus,545,16
Columbus,540,17
Columbus,365,18
Columbus,201,19
Columbus,155,20
Columbus,81,21
Columbus,93,22
Columbus,44,23
Columbus Grove,1,16
Columbus Grove,1,19
Columbus Junction,1,3
Columbus Junction,2,6
Columbus Junction,2,17
Columbus Junction,2,22
Colusa,3,0
Colusa,3,1
Colusa,3,2
Colusa,2,4
Colusa,4,5
Colusa,4,6
Colusa,9,7
Colusa,9,8
Colusa,8,9
Colusa,11,10
Colusa,1,11
Colusa,7,12
Colusa,13,13
Colusa,7,14
Colusa,16,15
Colusa,16,16
Colusa,11,17
Colusa,7,18
Colusa,9,19
Colusa,5,20
Colusa,11,21
Colusa,2,22
Colusa,7,23
Colver,2,21
Colville,1,9
Colville,1,19
Colwich,5,11
Colwich,1,12
Comanche,1,1
Comanche,1,4
Comanche,1,8
Comanche,1,10
Comanche,2,15
Comanche,1,17
Comanche,1,21
Comer,2,7
Comer,2,20
Comfort,2,8
Comfort,1,9
Comfort,4,16
Comfrey,2,17
Comfrey,1,21
Commack,1,1
Commack,1,2
Commack,4,3
Commack,8,4
Commack,13,5
Commack,8,6
Commack,29,7
Commack,28,8
Commack,6,9
Commack,4,10
Commack,14,11
Commack,13,12
Commack,8,13
Commack,20,14
Commack,24,15
Commack,26,16
Commack,10,17
Commack,7,18
Commack,15,19
Commack,1,20
Commack,4,21
Commack,1,22
Commack,1,23
Commerce,8,0
Commerce,2,1
Commerce,4,2
Commerce,13,3
Commerce,45,4
Commerce,8,5
Commerce,17,6
Commerce,39,7
Commerce,35,8
Commerce,13,9
Commerce,36,10
Commerce,34,11
Commerce,22,12
Commerce,61,13
Commerce,54,14
Commerce,75,15
Commerce,51,16
Commerce,65,17
Commerce,20,18
Commerce,21,19
Commerce,15,20
Commerce,19,21
Commerce,5,22
Commerce,9,23
Commerce City,4,0
Commerce City,7,1
Commerce City,3,2
Commerce City,5,3
Commerce City,3,4
Commerce City,23,5
Commerce City,30,6
Commerce City,27,7
Commerce City,16,8
Commerce City,13,9
Commerce City,6,10
Commerce City,4,11
Commerce City,1,12
Commerce City,19,13
Commerce City,11,14
Commerce City,18,15
Commerce City,12,16
Commerce City,9,17
Commerce City,12,18
Commerce City,8,19
Commerce City,8,20
Commerce City,11,21
Commerce City,5,22
Commerce City,8,23
Commodore,3,13
Commodore,5,22
Como,1,20
Comptche,2,6
Comptche,2,8
Comptche,3,10
Comptche,5,12
Comptche,4,13
Comptche,3,14
Comptche,1,16
Comptche,2,18
Comptche,1,19
Comptche,3,22
Comptche,7,23
Compton,52,0
Compton,61,1
Compton,54,2
Compton,21,3
Compton,31,4
Compton,71,5
Compton,69,6
Compton,129,7
Compton,121,8
Compton,63,9
Compton,73,10
Compton,73,11
Compton,100,12
Compton,102,13
Compton,139,14
Compton,186,15
Compton,172,16
Compton,146,17
Compton,148,18
Compton,68,19
Compton,74,20
Compton,62,21
Compton,67,22
Compton,62,23
Comstock,1,7
Comstock,2,10
Comstock,1,11
Comstock,1,23
Comstock Park,2,1
Comstock Park,2,2
Comstock Park,5,4
Comstock Park,6,5
Comstock Park,16,6
Comstock Park,17,7
Comstock Park,6,8
Comstock Park,4,9
Comstock Park,2,10
Comstock Park,12,11
Comstock Park,10,12
Comstock Park,6,13
Comstock Park,9,14
Comstock Park,7,15
Comstock Park,18,16
Comstock Park,7,17
Comstock Park,4,18
Comstock Park,5,19
Comstock Park,2,20
Comstock Park,4,21
Comstock Park,2,22
Comstock Park,2,23
Concan,1,10
Concho,4,0
Concho,1,1
Concho,3,2
Concho,2,3
Concho,1,4
Concho,4,5
Concho,1,6
Concho,4,7
Concho,1,8
Concho,1,11
Concho,2,12
Concho,2,14
Concho,2,16
Concho,2,17
Concho,1,19
Concho,3,20
Concho,4,21
Concho,2,22
Concho,2,23
Concord,43,0
Concord,16,1
Concord,25,2
Concord,22,3
Concord,43,4
Concord,68,5
Concord,113,6
Concord,157,7
Concord,161,8
Concord,94,9
Concord,66,10
Concord,53,11
Concord,41,12
Concord,76,13
Concord,163,14
Concord,122,15
Concord,137,16
Concord,129,17
Concord,152,18
Concord,59,19
Concord,47,20
Concord,26,21
Concord,51,22
Concord,59,23
Concord Twp,1,8
Concordia,4,0
Concordia,5,1
Concordia,1,2
Concordia,1,4
Concordia,1,5
Concordia,1,6
Concordia,3,7
Concordia,1,8
Concordia,3,9
Concordia,2,10
Concordia,1,11
Concordia,2,12
Concordia,1,14
Concordia,1,16
Concordia,3,18
Concordia,2,19
Concordia,1,23
Concrete,1,6
Concrete,1,7
Concrete,4,15
Concrete,4,17
Concrete,3,18
Concrete,1,19
Condon,6,6
Condon,4,7
Condon,6,8
Condon,5,9
Condon,3,10
Condon,2,11
Condon,4,12
Condon,3,13
Condon,8,14
Condon,5,15
Condon,3,16
Condon,2,17
Condon,3,18
Condon,2,19
Condon,5,20
Condon,1,21
Condon,1,22
Condon,3,23
Conestoga,2,3
Conestoga,1,4
Conestoga,1,5
Conestoga,1,10
Conestoga,3,14
Conestoga,1,16
Conestoga,1,17
Conestoga,1,19
Conestoga,2,20
Conesville,1,18
Confluence,8,0
Confluence,21,2
Confluence,1,6
Confluence,1,7
Confluence,7,10
Confluence,4,11
Confluence,1,12
Confluence,1,13
Confluence,3,14
Confluence,4,15
Confluence,7,16
Confluence,3,17
Confluence,2,18
Congers,3,1
Congress,4,0
Congress,3,1
Congress,4,2
Congress,6,3
Congress,7,4
Congress,15,5
Congress,11,6
Congress,10,7
Congress,9,8
Congress,23,9
Congress,10,10
Congress,12,11
Congress,6,12
Congress,16,13
Congress,8,14
Congress,7,15
Congress,5,16
Congress,3,17
Congress,2,18
Congress,2,19
Congress,2,20
Congress,17,21
Congress,1,22
Congress,8,23
Conifer,7,2
Conifer,1,3
Conifer,2,7
Conifer,6,11
Conifer,4,12
Conifer,1,13
Conifer,1,15
Conifer,2,17
Conifer,1,18
Conifer,1,19
Conifer,1,20
Conklin,1,4
Conklin,7,6
Conklin,2,7
Conklin,3,8
Conklin,1,17
Conklin,2,19
Conley,1,0
Conley,1,1
Conley,2,2
Conley,4,3
Conley,3,4
Conley,1,5
Conley,1,6
Conley,9,7
Conley,8,8
Conley,5,9
Conley,6,10
Conley,2,11
Conley,2,12
Conley,7,13
Conley,8,14
Conley,14,15
Conley,13,16
Conley,8,17
Conley,8,18
Conley,5,19
Conley,6,20
Conley,4,21
Conley,3,22
Conley,8,23
Conneaut,3,6
Conneaut,1,8
Conneaut,2,11
Conneaut,2,13
Conneaut,1,14
Conneaut,1,18
Conneaut Lake,1,8
Conneaut Lake,1,10
Conneaut Lake,1,13
Conneaut Lake,1,15
Connell,1,14
Connell,2,17
Connellsville,3,0
Connellsville,3,7
Connellsville,7,8
Connellsville,8,9
Connellsville,1,10
Connellsville,7,12
Connellsville,1,14
Connellsville,4,18
Connellsville,6,20
Connellsville,5,21
Connelly Springs,4,0
Connelly Springs,11,7
Connelly Springs,1,8
Connelly Springs,5,9
Connelly Springs,2,11
Connelly Springs,1,12
Connelly Springs,1,14
Connelly Springs,5,15
Connelly Springs,9,16
Connelly Springs,3,17
Connelly Springs,4,18
Connelly Springs,4,19
Connelly Springs,1,20
Connelly Springs,5,21
Connelly Springs,5,22
Conner,1,1
Conner,1,2
Conner,1,4
Conner,1,6
Conner,1,8
Conner,1,10
Conner,2,13
Conner,2,14
Conner,2,15
Conner,3,17
Conner,1,18
Conner,5,22
Connersville,5,12
Connersville,1,20
Conover,5,1
Conover,5,6
Conover,3,7
Conover,3,10
Conover,5,11
Conover,4,12
Conover,1,13
Conover,6,14
Conover,2,15
Conover,4,16
Conover,12,17
Conover,2,18
Conover,5,19
Conover,6,20
Conover,5,21
Conover,1,22
Conowingo,2,8
Conowingo,2,11
Conowingo,4,14
Conowingo,1,15
Conowingo,5,16
Conowingo,1,17
Conowingo,4,21
Conrad,1,0
Conrad,2,2
Conrad,2,4
Conrad,2,7
Conrad,2,9
Conrad,3,10
Conrad,4,11
Conrad,3,12
Conrad,3,13
Conrad,1,14
Conrad,1,15
Conrad,2,16
Conrad,5,17
Conrad,1,18
Conrad,1,19
Conrad,2,20
Conrad,2,21
Conrad,2,22
Conrad,2,23
Conroe,5,1
Conroe,8,2
Conroe,7,3
Conroe,13,4
Conroe,19,5
Conroe,41,6
Conroe,35,7
Conroe,44,8
Conroe,8,9
Conroe,11,10
Conroe,11,11
Conroe,15,12
Conroe,17,13
Conroe,37,14
Conroe,35,15
Conroe,31,16
Conroe,36,17
Conroe,25,18
Conroe,6,19
Conroe,1,20
Conroe,3,21
Conroe,4,22
Conroe,4,23
Conservation,5,0
Conservation,1,1
Conservation,6,2
Conservation,3,3
Conservation,9,4
Conservation,5,5
Conservation,8,6
Conservation,8,7
Conservation,4,8
Conservation,4,10
Conservation,1,11
Conservation,10,13
Conservation,2,14
Conservation,7,15
Conservation,6,16
Conservation,3,17
Conservation,4,18
Conservation,11,19
Conservation,2,20
Conservation,6,21
Conservation,5,22
Conservation,1,23
Conshohocken,25,0
Conshohocken,20,1
Conshohocken,14,2
Conshohocken,6,3
Conshohocken,28,4
Conshohocken,45,5
Conshohocken,91,6
Conshohocken,91,7
Conshohocken,126,8
Conshohocken,69,9
Conshohocken,63,10
Conshohocken,58,11
Conshohocken,77,12
Conshohocken,62,13
Conshohocken,75,14
Conshohocken,78,15
Conshohocken,80,16
Conshohocken,96,17
Conshohocken,61,18
Conshohocken,29,19
Conshohocken,28,20
Conshohocken,31,21
Conshohocken,18,22
Conshohocken,16,23
Constable,4,10
Constable,4,15
Constableville,2,2
Constableville,2,15
Constantia,1,15
Constantia,2,23
Constantine,2,11
Constantine,2,13
Continental Divide,4,3
Continental Divide,3,4
Continental Divide,2,5
Continental Divide,2,7
Continental Divide,2,8
Continental Divide,7,9
Continental Divide,1,10
Continental Divide,2,11
Continental Divide,2,14
Continental Divide,1,15
Continental Divide,2,16
Continental Divide,4,17
Continental Divide,2,18
Continental Divide,2,19
Contoocook,1,6
Contoocook,1,7
Contoocook,2,8
Contoocook,1,9
Contoocook,3,10
Contoocook,1,11
Contoocook,2,17
Contoocook,1,18
Contoocook,1,21
Convent,1,8
Convent,3,15
Convent,2,16
Convent,1,18
Convent,4,21
Converse,1,0
Converse,3,4
Converse,3,5
Converse,16,6
Converse,11,7
Converse,9,8
Converse,5,9
Converse,4,10
Converse,4,11
Converse,1,12
Converse,2,13
Converse,4,14
Converse,12,15
Converse,10,16
Converse,15,17
Converse,2,18
Converse,3,19
Converse,5,22
Convoy,1,5
Convoy,1,16
Convoy,3,21
Conway,19,0
Conway,28,1
Conway,27,2
Conway,16,3
Conway,49,4
Conway,59,5
Conway,136,6
Conway,238,7
Conway,173,8
Conway,100,9
Conway,79,10
Conway,122,11
Conway,134,12
Conway,118,13
Conway,125,14
Conway,153,15
Conway,156,16
Conway,172,17
Conway,130,18
Conway,90,19
Conway,57,20
Conway,54,21
Conway,57,22
Conway,33,23
Conyers,3,0
Conyers,3,1
Conyers,13,2
Conyers,8,3
Conyers,7,4
Conyers,18,5
Conyers,24,6
Conyers,20,7
Conyers,6,8
Conyers,2,9
Conyers,5,10
Conyers,3,11
Conyers,10,12
Conyers,18,13
Conyers,9,14
Conyers,12,15
Conyers,6,16
Conyers,8,17
Conyers,7,18
Conyers,8,19
Conyers,28,20
Conyers,14,21
Conyers,2,22
Conyers,9,23
Cook,1,2
Cook,1,5
Cook,2,6
Cook,5,7
Cook,7,8
Cook,1,9
Cook,2,10
Cook,1,14
Cook,1,15
Cook,4,17
Cook,2,19
Cook,3,20
Cook,1,22
Cook,1,23
Cooke City,1,12
Cooke City,1,19
Cookeville,12,0
Cookeville,4,2
Cookeville,1,3
Cookeville,10,4
Cookeville,6,5
Cookeville,10,6
Cookeville,19,7
Cookeville,13,8
Cookeville,6,9
Cookeville,15,10
Cookeville,18,11
Cookeville,5,12
Cookeville,20,13
Cookeville,22,14
Cookeville,28,15
Cookeville,41,16
Cookeville,16,17
Cookeville,6,18
Cookeville,5,19
Cookeville,3,20
Cookeville,2,21
Cookeville,1,22
Cookeville,1,23
Cooksburg,3,21
Cooksville,2,5
Cooksville,1,6
Cooksville,2,7
Cooksville,4,8
Cooksville,2,9
Cooksville,2,11
Cooksville,3,14
Cooksville,8,15
Cooksville,5,16
Cooksville,1,17
Cooksville,1,18
Cooksville,2,19
Cooksville,3,20
Cooksville,3,21
Cooksville,1,23
Cool,3,0
Cool,2,1
Cool,3,2
Cool,1,4
Cool,2,6
Cool,3,7
Cool,3,8
Cool,5,9
Cool,2,10
Cool,8,11
Cool,3,12
Cool,11,13
Cool,5,14
Cool,10,15
Cool,8,16
Cool,7,18
Cool,6,19
Cool,6,20
Cool,5,21
Cool,12,22
Cool,2,23
Cool Ridge,4,0
Cool Ridge,1,1
Cool Ridge,5,2
Cool Ridge,1,3
Cool Ridge,1,5
Cool Ridge,1,6
Cool Ridge,2,11
Cool Ridge,2,13
Cool Ridge,2,14
Cool Ridge,2,16
Cool Ridge,4,18
Cool Ridge,2,20
Cool Ridge,2,21
Cool Ridge,1,22
Cool Ridge,4,23
Coolidge,6,0
Coolidge,1,1
Coolidge,1,2
Coolidge,3,3
Coolidge,1,4
Coolidge,5,5
Coolidge,15,6
Coolidge,15,7
Coolidge,9,8
Coolidge,12,9
Coolidge,2,10
Coolidge,7,11
Coolidge,15,12
Coolidge,5,13
Coolidge,10,14
Coolidge,4,15
Coolidge,7,16
Coolidge,7,17
Coolidge,9,18
Coolidge,2,19
Coolidge,3,20
Coolidge,5,21
Coolidge,5,22
Coolidge,11,23
Coolspring,3,14
Coolville,1,0
Coolville,1,8
Coolville,1,9
Coolville,1,18
Coon Rapids,3,6
Coon Rapids,1,11
Cooper City,1,7
Cooper City,1,9
Coopersburg,4,0
Coopersburg,3,1
Coopersburg,1,3
Coopersburg,1,4
Coopersburg,1,5
Coopersburg,9,6
Coopersburg,2,7
Coopersburg,10,8
Coopersburg,14,10
Coopersburg,4,11
Coopersburg,12,12
Coopersburg,5,13
Coopersburg,9,14
Coopersburg,11,15
Coopersburg,5,16
Coopersburg,9,17
Coopersburg,9,18
Coopersburg,4,19
Coopersburg,1,20
Coopersburg,2,21
Coopersburg,2,22
Coopersburg,1,23
Cooperstown,1,12
Cooperstown,1,14
Cooperstown,1,17
Cooperstown,1,23
Coopersville,7,4
Coopersville,9,5
Coopersville,15,6
Coopersville,17,7
Coopersville,5,8
Coopersville,6,9
Coopersville,3,10
Coopersville,4,11
Coopersville,1,12
Coopersville,2,15
Coopersville,2,16
Coopersville,6,17
Coopersville,1,18
Coopersville,2,19
Coopersville,1,21
Coos Bay,8,0
Coos Bay,4,2
Coos Bay,6,3
Coos Bay,8,4
Coos Bay,13,5
Coos Bay,4,6
Coos Bay,28,7
Coos Bay,16,8
Coos Bay,14,9
Coos Bay,10,10
Coos Bay,17,11
Coos Bay,16,12
Coos Bay,14,13
Coos Bay,13,14
Coos Bay,18,15
Coos Bay,12,16
Coos Bay,20,17
Coos Bay,13,18
Coos Bay,15,19
Coos Bay,15,20
Coos Bay,18,21
Coos Bay,7,22
Coos Bay,5,23
Coosawhatchie,1,1
Coosawhatchie,1,2
Coosawhatchie,2,4
Coosawhatchie,4,5
Coosawhatchie,2,7
Coosawhatchie,1,8
Coosawhatchie,3,9
Coosawhatchie,2,10
Coosawhatchie,2,11
Coosawhatchie,1,12
Coosawhatchie,5,13
Coosawhatchie,1,14
Coosawhatchie,6,15
Coosawhatchie,6,16
Coosawhatchie,1,17
Coosawhatchie,3,18
Coosawhatchie,2,20
Coosawhatchie,1,21
Copake,1,11
Copake,1,12
Copake,1,17
Cope,1,0
Cope,2,1
Cope,6,2
Cope,3,3
Cope,9,4
Cope,10,5
Cope,5,6
Cope,11,7
Cope,4,8
Cope,1,9
Cope,3,10
Cope,2,11
Cope,2,12
Cope,1,13
Cope,3,14
Cope,4,15
Cope,2,16
Cope,5,17
Cope,4,19
Cope,6,20
Cope,4,21
Cope,5,22
Cope,7,23
Copenhagen,2,19
Copiague,3,6
Copiague,4,7
Copiague,4,8
Copiague,1,11
Copiague,2,12
Copiague,1,16
Copiague,1,17
Copiague,1,22
Copley,1,10
Coppell,1,0
Coppell,1,2
Coppell,5,4
Coppell,7,5
Coppell,9,6
Coppell,8,7
Coppell,17,8
Coppell,2,9
Coppell,4,10
Coppell,2,11
Coppell,3,12
Coppell,5,13
Coppell,1,14
Coppell,3,15
Coppell,4,16
Coppell,7,17
Coppell,5,18
Coppell,4,19
Coppell,1,20
Coppell,2,21
Copper Hill,4,10
Copper Hill,3,18
Copper Hill,4,19
Copper Hill,3,22
Copperas Cove,1,1
Copperas Cove,8,6
Copperas Cove,5,8
Copperas Cove,1,13
Copperhill,2,5
Copperhill,1,8
Copperhill,1,13
Copperhill,2,15
Copperhill,1,16
Copperhill,1,19
Copperhill,1,23
Copperopolis,3,0
Copperopolis,1,1
Copperopolis,6,2
Copperopolis,3,3
Copperopolis,7,4
Copperopolis,3,5
Copperopolis,2,6
Copperopolis,6,7
Copperopolis,8,8
Copperopolis,10,9
Copperopolis,9,10
Copperopolis,3,11
Copperopolis,15,12
Copperopolis,12,13
Copperopolis,7,14
Copperopolis,6,15
Copperopolis,8,16
Copperopolis,8,17
Copperopolis,5,18
Copperopolis,6,19
Copperopolis,8,20
Copperopolis,12,21
Copperopolis,5,22
Copperopolis,6,23
Coquille,3,0
Coquille,1,1
Coquille,3,2
Coquille,3,3
Coquille,7,4
Coquille,5,5
Coquille,8,6
Coquille,13,7
Coquille,6,8
Coquille,11,9
Coquille,9,10
Coquille,7,11
Coquille,12,12
Coquille,8,13
Coquille,10,14
Coquille,16,15
Coquille,10,16
Coquille,9,17
Coquille,7,18
Coquille,9,19
Coquille,8,20
Coquille,4,21
Coral,1,7
Coral Gables,4,4
Coral Gables,11,5
Coral Gables,2,6
Coral Gables,22,7
Coral Gables,49,8
Coral Gables,23,9
Coral Gables,43,10
Coral Gables,49,11
Coral Gables,56,12
Coral Gables,74,13
Coral Gables,83,14
Coral Gables,95,15
Coral Gables,62,16
Coral Gables,22,17
Coral Gables,15,18
Coral Gables,23,19
Coral Gables,6,20
Coral Gables,2,22
Coral Springs,4,0
Coral Springs,1,1
Coral Springs,1,2
Coral Springs,1,3
Coral Springs,5,4
Coral Springs,3,5
Coral Springs,3,6
Coral Springs,13,7
Coral Springs,13,8
Coral Springs,4,9
Coral Springs,2,10
Coral Springs,2,11
Coral Springs,1,12
Coral Springs,5,13
Coral Springs,2,14
Coral Springs,7,15
Coral Springs,3,16
Coral Springs,5,17
Coral Springs,16,18
Coral Springs,2,19
Coral Springs,3,20
Coral Springs,4,21
Coral Springs,2,22
Coral Springs,3,23
Coral Springs-Margate,1,7
Coral Springs-Margate,1,10
Coral Springs-Margate,1,16
Coralville,2,0
Coralville,4,1
Coralville,1,2
Coralville,1,4
Coralville,1,5
Coralville,7,6
Coralville,3,7
Coralville,4,8
Coralville,6,9
Coralville,1,10
Coralville,2,11
Coralville,6,12
Coralville,11,13
Coralville,4,14
Coralville,12,15
Coralville,10,16
Coralville,8,17
Coralville,5,18
Coralville,3,19
Coralville,1,20
Coralville,8,21
Coralville,1,23
Coram,1,2
Coram,1,3
Coram,2,4
Coram,2,5
Coram,5,6
Coram,8,7
Coram,4,8
Coram,1,9
Coram,1,11
Coram,18,13
Coram,2,14
Coram,4,15
Coram,6,16
Coram,1,17
Coram,6,18
Coram,1,20
Coram,1,21
Coram,4,22
Coraopolis,1,0
Coraopolis,4,2
Coraopolis,5,3
Coraopolis,3,4
Coraopolis,11,6
Coraopolis,28,7
Coraopolis,9,8
Coraopolis,4,9
Coraopolis,8,10
Coraopolis,20,11
Coraopolis,9,12
Coraopolis,6,13
Coraopolis,4,14
Coraopolis,14,15
Coraopolis,7,16
Coraopolis,9,17
Coraopolis,3,18
Coraopolis,1,19
Coraopolis,2,20
Coraopolis,3,21
Coraopolis,1,23
Corapeake,9,20
Corapeake,4,22
Corapeake,4,23
Corbett,1,1
Corbett,7,3
Corbett,7,4
Corbett,10,5
Corbett,6,6
Corbett,7,7
Corbett,11,8
Corbett,8,9
Corbett,15,10
Corbett,11,11
Corbett,9,12
Corbett,7,13
Corbett,10,14
Corbett,3,15
Corbett,13,16
Corbett,21,17
Corbett,34,18
Corbett,18,19
Corbett,5,20
Corbett,8,21
Corbett,1,22
Corbett,2,23
Corbin,2,0
Corbin,1,6
Corbin,3,7
Corbin,2,11
Corbin,1,12
Corbin,2,13
Corbin,1,15
Corbin,7,23
Corcoran,7,0
Corcoran,3,1
Corcoran,6,2
Corcoran,1,3
Corcoran,2,4
Corcoran,22,5
Corcoran,11,6
Corcoran,11,7
Corcoran,14,8
Corcoran,8,9
Corcoran,4,11
Corcoran,5,12
Corcoran,8,13
Corcoran,14,14
Corcoran,7,15
Corcoran,5,16
Corcoran,11,17
Corcoran,6,18
Corcoran,5,19
Corcoran,4,20
Corcoran,6,21
Corcoran,7,22
Corcoran,6,23
Cord,2,2
Cord,1,7
Cordele,4,2
Cordele,1,3
Cordele,3,7
Cordele,1,8
Cordele,1,9
Cordele,1,10
Cordele,4,11
Cordele,3,12
Cordele,2,13
Cordele,1,14
Cordele,4,15
Cordele,1,16
Cordele,1,17
Cordele,1,18
Cordele,1,19
Cordele,1,21
Cordele,1,22
Cordell,1,18
Cordesville,1,2
Cordesville,2,3
Cordesville,1,4
Cordesville,3,5
Cordesville,5,6
Cordesville,2,8
Cordesville,1,11
Cordesville,1,12
Cordesville,1,13
Cordesville,1,15
Cordesville,3,17
Cordesville,1,18
Cordesville,2,19
Cordesville,3,21
Cordesville,1,22
Cordesville,1,23
Cordova,5,0
Cordova,6,1
Cordova,2,2
Cordova,6,3
Cordova,16,4
Cordova,27,5
Cordova,29,6
Cordova,36,7
Cordova,25,8
Cordova,13,9
Cordova,9,10
Cordova,18,11
Cordova,9,12
Cordova,18,13
Cordova,22,14
Cordova,21,15
Cordova,26,16
Cordova,28,17
Cordova,21,18
Cordova,9,19
Cordova,13,20
Cordova,10,21
Cordova,16,22
Cordova,7,23
Corfu,2,0
Corfu,2,1
Corfu,2,2
Corfu,1,3
Corfu,3,4
Corfu,8,5
Corfu,13,6
Corfu,7,7
Corfu,4,8
Corfu,9,9
Corfu,5,10
Corfu,7,11
Corfu,6,12
Corfu,4,13
Corfu,13,14
Corfu,6,15
Corfu,7,16
Corfu,7,17
Corfu,14,18
Corfu,6,19
Corfu,6,20
Corfu,1,21
Corfu,1,22
Corfu,4,23
Corinna,1,16
Corinne,1,3
Corinne,1,4
Corinne,8,6
Corinne,1,7
Corinne,1,16
Corinne,1,21
Corinth,1,4
Corinth,2,5
Corinth,2,6
Corinth,5,7
Corinth,4,8
Corinth,2,9
Corinth,3,10
Corinth,3,11
Corinth,1,13
Corinth,1,14
Corinth,5,15
Corinth,1,16
Corinth,1,20
Corinth,2,21
Cornelia,2,7
Cornelia,1,8
Cornelia,1,9
Cornelia,2,10
Cornelia,1,14
Cornelia,2,17
Cornelius,5,0
Cornelius,1,1
Cornelius,13,2
Cornelius,2,3
Cornelius,1,4
Cornelius,11,5
Cornelius,4,6
Cornelius,24,7
Cornelius,14,8
Cornelius,3,9
Cornelius,5,10
Cornelius,7,11
Cornelius,7,12
Cornelius,12,13
Cornelius,14,14
Cornelius,10,15
Cornelius,19,16
Cornelius,23,17
Cornelius,22,18
Cornelius,13,19
Cornelius,5,20
Cornelius,3,21
Cornelius,3,22
Cornelius,1,23
Cornersville,6,0
Cornersville,1,4
Cornersville,1,5
Cornersville,1,6
Cornersville,5,7
Cornersville,4,8
Cornersville,1,11
Cornersville,1,12
Cornersville,3,13
Cornersville,1,14
Cornersville,5,15
Cornersville,1,16
Cornersville,2,17
Cornersville,1,23
Corning,12,0
Corning,23,1
Corning,11,2
Corning,16,3
Corning,6,4
Corning,16,5
Corning,33,6
Corning,38,7
Corning,26,8
Corning,10,9
Corning,15,10
Corning,26,11
Corning,13,12
Corning,27,13
Corning,37,14
Corning,38,15
Corning,32,16
Corning,29,17
Corning,22,18
Corning,13,19
Corning,23,20
Corning,24,21
Corning,10,22
Corning,16,23
Cornville,4,5
Cornville,3,6
Cornville,2,8
Cornville,3,10
Cornville,2,15
Cornville,1,19
Cornville,1,20
Cornville,3,21
Cornwall,1,1
Cornwall,1,7
Cornwall,2,8
Cornwall,2,12
Cornwall,3,17
Cornwall,1,18
Cornwall Bridge,5,21
Corona,120,0
Corona,111,1
Corona,105,2
Corona,124,3
Corona,145,4
Corona,389,5
Corona,382,6
Corona,352,7
Corona,316,8
Corona,320,9
Corona,336,10
Corona,357,11
Corona,381,12
Corona,407,13
Corona,477,14
Corona,432,15
Corona,418,16
Corona,387,17
Corona,329,18
Corona,177,19
Corona,180,20
Corona,162,21
Corona,158,22
Corona,131,23
Corona Del Mar,1,8
Corona Del Mar,3,9
Corona Del Mar,3,10
Corona Del Mar,1,11
Corona Del Mar,4,12
Corona Del Mar,1,13
Corona Del Mar,4,14
Corona Del Mar,1,15
Corona Del Mar,3,16
Corona Del Mar,1,19
Corona Del Mar,1,20
Corona Del Mar,3,21
Corona Del Mar,2,22
Corona Del Mar,1,23
Coronado,1,0
Coronado,2,1
Coronado,1,3
Coronado,1,4
Coronado,8,5
Coronado,16,6
Coronado,9,7
Coronado,4,8
Coronado,1,10
Coronado,2,11
Coronado,4,12
Coronado,3,13
Coronado,21,14
Coronado,24,15
Coronado,16,16
Coronado,4,17
Coronado,5,18
Coronado,2,19
Coronado,1,20
Coronado,7,21
Coronado,2,22
Corpus Christi,6,6
Corpus Christi,1,7
Corpus Christi,3,8
Corpus Christi,3,9
Corpus Christi,2,11
Corpus Christi,1,12
Corpus Christi,2,15
Corpus Christi,4,16
Corpus Christi,2,17
Corpus Christi,1,18
Corpus Christi,1,20
Corpus Christi,2,21
Corral,3,2
Correctionville,1,13
Correctionville,1,16
Correctionville,1,17
Correctionville,2,18
Corrigan,1,9
Corrigan,1,11
Corrigan,1,15
Corrigan,1,16
Corry,3,4
Corry,3,6
Corry,1,15
Corry,2,16
Corry,8,20
Corry,9,23
Corryton,2,13
Corryton,1,15
Corryton,2,17
Corryton,3,21
Corsica,3,0
Corsica,1,2
Corsica,1,3
Corsica,2,4
Corsica,6,5
Corsica,9,6
Corsica,7,7
Corsica,3,9
Corsica,2,10
Corsica,11,11
Corsica,2,12
Corsica,12,13
Corsica,2,14
Corsica,7,15
Corsica,10,17
Corsica,3,19
Corsica,1,20
Corsica,2,21
Corsica,12,22
Corsica,4,23
Corsicana,1,3
Corsicana,1,11
Corsicana,5,12
Corsicana,3,14
Corsicana,1,18
Corsicana,3,22
Corsicana,1,23
Corte Madera,2,0
Corte Madera,3,1
Corte Madera,5,2
Corte Madera,4,4
Corte Madera,1,5
Corte Madera,2,6
Corte Madera,11,7
Corte Madera,15,8
Corte Madera,7,9
Corte Madera,3,10
Corte Madera,8,11
Corte Madera,8,12
Corte Madera,11,13
Corte Madera,19,14
Corte Madera,18,15
Corte Madera,23,16
Corte Madera,22,17
Corte Madera,7,18
Corte Madera,7,19
Corte Madera,3,20
Corte Madera,1,21
Corte Madera,6,22
Corte Madera,3,23
Cortez,2,0
Cortez,1,1
Cortez,1,2
Cortez,2,3
Cortez,1,7
Cortez,4,8
Cortez,4,9
Cortez,3,10
Cortez,2,11
Cortez,5,12
Cortez,3,13
Cortez,3,15
Cortez,1,16
Cortez,1,18
Cortez,1,19
Cortez,2,20
Cortez,5,21
Cortez,1,22
Cortland,15,2
Cortland,1,5
Cortland,2,7
Cortland,1,8
Cortland,1,9
Cortland,5,10
Cortland,5,11
Cortland,1,13
Cortland,2,14
Cortland,2,15
Cortland,1,16
Cortland,1,17
Cortland,1,18
Cortland,4,19
Cortland,1,20
Cortland,3,21
Cortland,2,22
Cortland,3,23
Cortlandt Manor,3,0
Cortlandt Manor,6,1
Cortlandt Manor,1,2
Cortlandt Manor,2,4
Cortlandt Manor,2,5
Cortlandt Manor,21,6
Cortlandt Manor,32,7
Cortlandt Manor,23,8
Cortlandt Manor,18,9
Cortlandt Manor,8,10
Cortlandt Manor,19,11
Cortlandt Manor,12,12
Cortlandt Manor,12,13
Cortlandt Manor,29,14
Cortlandt Manor,24,15
Cortlandt Manor,28,16
Cortlandt Manor,39,17
Cortlandt Manor,28,18
Cortlandt Manor,7,19
Cortlandt Manor,14,20
Cortlandt Manor,14,21
Cortlandt Manor,15,22
Cortlandt Manor,2,23
Corvallis,5,0
Corvallis,5,1
Corvallis,3,2
Corvallis,3,3
Corvallis,7,4
Corvallis,6,5
Corvallis,5,6
Corvallis,8,7
Corvallis,14,8
Corvallis,11,9
Corvallis,18,10
Corvallis,12,11
Corvallis,10,12
Corvallis,10,13
Corvallis,7,14
Corvallis,16,15
Corvallis,38,16
Corvallis,21,17
Corvallis,16,18
Corvallis,7,19
Corvallis,7,20
Corvallis,13,21
Corvallis,9,22
Corydon,1,7
Corydon,2,8
Corydon,11,9
Corydon,2,11
Corydon,6,12
Corydon,2,13
Corydon,5,14
Corydon,7,16
Corydon,4,18
Corydon,1,19
Corydon,5,20
Corydon,7,21
Cos Cob,1,1
Cos Cob,2,7
Cos Cob,2,8
Cos Cob,1,9
Cos Cob,2,10
Cos Cob,6,11
Cos Cob,2,12
Cos Cob,5,13
Cos Cob,4,14
Cos Cob,3,15
Cos Cob,7,16
Cos Cob,1,17
Cos Cob,2,18
Cos Cob,2,19
Cos Cob,1,20
Cos Cob,1,23
Cosby,8,0
Cosby,2,1
Cosby,2,2
Cosby,2,3
Cosby,1,4
Cosby,1,6
Cosby,3,7
Cosby,1,8
Cosby,5,9
Cosby,2,10
Cosby,2,11
Cosby,1,12
Cosby,14,13
Cosby,5,14
Cosby,6,15
Cosby,4,19
Cosby,4,20
Cosby,5,21
Cosby,1,22
Cosby,7,23
Coshocton,2,6
Coshocton,1,7
Coshocton,1,10
Coshocton,2,17
Cosmopolis,1,5
Cosmopolis,1,6
Cosmopolis,1,7
Cosmopolis,1,9
Cosmopolis,1,14
Cosmopolis,2,15
Cosmos,1,1
Cosmos,1,7
Cosmos,3,9
Cosmos,2,12
Cosmos,2,13
Cosmos,1,15
Cosmos,1,16
Cosmos,3,17
Cosmos,5,18
Cosmos,1,19
Cosmos,2,20
Cosmos,1,23
Costa Mesa,31,0
Costa Mesa,21,1
Costa Mesa,38,2
Costa Mesa,19,3
Costa Mesa,22,4
Costa Mesa,12,5
Costa Mesa,67,6
Costa Mesa,112,7
Costa Mesa,100,8
Costa Mesa,88,9
Costa Mesa,72,10
Costa Mesa,87,11
Costa Mesa,110,12
Costa Mesa,144,13
Costa Mesa,215,14
Costa Mesa,128,15
Costa Mesa,156,16
Costa Mesa,177,17
Costa Mesa,71,18
Costa Mesa,46,19
Costa Mesa,41,20
Costa Mesa,33,21
Costa Mesa,30,22
Costa Mesa,29,23
Cotati,4,0
Cotati,4,1
Cotati,7,2
Cotati,5,3
Cotati,2,4
Cotati,2,5
Cotati,12,6
Cotati,14,7
Cotati,20,8
Cotati,6,9
Cotati,10,10
Cotati,8,11
Cotati,2,12
Cotati,11,13
Cotati,7,14
Cotati,10,15
Cotati,11,16
Cotati,19,17
Cotati,11,18
Cotati,6,19
Cotati,3,20
Cotati,8,21
Cotati,15,22
Cotati,4,23
Cotopaxi,3,2
Cotopaxi,4,3
Cotopaxi,8,5
Cotopaxi,1,7
Cotopaxi,1,8
Cotopaxi,6,9
Cotopaxi,1,10
Cotopaxi,1,12
Cotopaxi,4,14
Cotopaxi,3,15
Cotopaxi,1,16
Cotopaxi,3,17
Cotopaxi,2,21
Cotopaxi,3,22
Cottage Grove,22,0
Cottage Grove,7,1
Cottage Grove,10,2
Cottage Grove,6,3
Cottage Grove,27,4
Cottage Grove,13,5
Cottage Grove,10,6
Cottage Grove,25,7
Cottage Grove,30,8
Cottage Grove,24,9
Cottage Grove,18,10
Cottage Grove,8,11
Cottage Grove,13,12
Cottage Grove,19,13
Cottage Grove,31,14
Cottage Grove,26,15
Cottage Grove,29,16
Cottage Grove,30,17
Cottage Grove,19,18
Cottage Grove,27,19
Cottage Grove,16,20
Cottage Grove,20,21
Cottage Grove,10,22
Cottage Grove,13,23
Cottageville,3,1
Cottageville,3,2
Cottageville,1,3
Cottageville,6,4
Cottageville,4,5
Cottageville,7,6
Cottageville,11,7
Cottageville,5,8
Cottageville,4,9
Cottageville,4,10
Cottageville,3,11
Cottageville,5,12
Cottageville,3,13
Cottageville,4,14
Cottageville,3,15
Cottageville,1,16
Cottageville,6,17
Cottageville,1,18
Cottageville,9,19
Cottageville,6,20
Cottageville,2,21
Cottageville,3,22
Cottageville,1,23
Cotton,1,0
Cotton,1,3
Cotton,1,4
Cotton,1,6
Cotton,2,8
Cotton,3,9
Cotton,1,10
Cotton,1,11
Cotton,4,12
Cotton,4,13
Cotton,2,14
Cotton,4,16
Cotton,3,17
Cotton,1,19
Cotton,2,20
Cotton,1,21
Cotton,4,22
Cotton,1,23
Cottondale,4,0
Cottondale,6,1
Cottondale,4,2
Cottondale,13,3
Cottondale,16,4
Cottondale,39,5
Cottondale,48,6
Cottondale,37,7
Cottondale,41,8
Cottondale,13,9
Cottondale,17,10
Cottondale,13,11
Cottondale,29,12
Cottondale,19,13
Cottondale,29,14
Cottondale,23,15
Cottondale,28,16
Cottondale,35,17
Cottondale,33,18
Cottondale,19,19
Cottondale,15,20
Cottondale,9,21
Cottondale,12,22
Cottondale,4,23
Cottontown,2,0
Cottontown,3,6
Cottontown,4,11
Cottontown,1,18
Cottonwood,14,0
Cottonwood,12,1
Cottonwood,11,2
Cottonwood,4,3
Cottonwood,11,4
Cottonwood,11,5
Cottonwood,18,6
Cottonwood,38,7
Cottonwood,21,8
Cottonwood,10,9
Cottonwood,11,10
Cottonwood,20,11
Cottonwood,29,12
Cottonwood,24,13
Cottonwood,29,14
Cottonwood,37,15
Cottonwood,38,16
Cottonwood,38,17
Cottonwood,43,18
Cottonwood,32,19
Cottonwood,31,20
Cottonwood,36,21
Cottonwood,21,22
Cottonwood,17,23
Cotuit,1,9
Cotuit,1,10
Cotuit,1,11
Cotuit,1,16
Cotulla,2,2
Cotulla,1,3
Cotulla,1,7
Cotulla,3,9
Cotulla,1,12
Cotulla,1,13
Cotulla,1,14
Cotulla,1,17
Cotulla,1,20
Cotulla,3,21
Cotulla,1,22
Coudersport,1,0
Coudersport,5,2
Coudersport,1,3
Coudersport,4,5
Coudersport,3,6
Coudersport,1,7
Coudersport,5,8
Coudersport,2,9
Coudersport,3,10
Coudersport,2,12
Coudersport,1,13
Coudersport,5,14
Coudersport,7,15
Coudersport,3,16
Coudersport,2,17
Coudersport,7,18
Coudersport,5,19
Coudersport,4,20
Coudersport,2,21
Coudersport,6,22
Coudersport,3,23
Coulee City,2,19
Coulterville,2,0
Coulterville,1,1
Coulterville,2,3
Coulterville,1,5
Coulterville,3,6
Coulterville,7,7
Coulterville,7,8
Coulterville,6,9
Coulterville,11,10
Coulterville,7,11
Coulterville,8,12
Coulterville,8,13
Coulterville,9,14
Coulterville,8,15
Coulterville,4,16
Coulterville,11,17
Coulterville,7,18
Coulterville,2,19
Coulterville,3,20
Coulterville,1,21
Coulterville,1,22
Coulterville,5,23
Counce,2,19
Counce,1,23
Council,4,9
Council,4,10
Council,1,13
Council,2,20
Council,2,22
Council Bluffs,7,0
Council Bluffs,1,1
Council Bluffs,2,2
Council Bluffs,9,4
Council Bluffs,19,5
Council Bluffs,25,6
Council Bluffs,45,7
Council Bluffs,21,8
Council Bluffs,18,9
Council Bluffs,9,10
Council Bluffs,13,11
Council Bluffs,21,12
Council Bluffs,15,13
Council Bluffs,14,14
Council Bluffs,18,15
Council Bluffs,28,16
Council Bluffs,24,17
Council Bluffs,17,18
Council Bluffs,7,19
Council Bluffs,8,20
Council Bluffs,3,21
Council Bluffs,6,22
Council Bluffs,7,23
Country Club Hills,1,1
Country Club Hills,7,3
Country Club Hills,3,4
Country Club Hills,4,5
Country Club Hills,3,6
Country Club Hills,14,7
Country Club Hills,13,8
Country Club Hills,2,9
Country Club Hills,4,10
Country Club Hills,7,11
Country Club Hills,2,12
Country Club Hills,1,14
Country Club Hills,1,15
Country Club Hills,2,16
Country Club Hills,4,17
Country Club Hills,4,18
Country Club Hills,2,20
Country Club Hills,2,22
Country Club Hills,1,23
Countryside,2,4
Countryside,4,5
Countryside,5,6
Countryside,7,7
Countryside,1,8
Countryside,2,11
Countryside,3,12
Countryside,2,13
Countryside,2,14
Countryside,9,15
Countryside,1,16
Countryside,1,17
Countryside,5,18
Countryside,5,19
Countryside,3,20
Countryside,2,21
Countryside,4,22
Countryside,1,23
Coupeville,2,8
Coupeville,3,10
Coupeville,7,11
Coupeville,1,12
Coupeville,2,14
Coupeville,7,15
Coupeville,1,17
Coupeville,1,22
Coupland,3,0
Coupland,2,2
Coupland,1,3
Coupland,1,4
Coupland,3,5
Coupland,7,6
Coupland,7,7
Coupland,3,10
Coupland,1,12
Coupland,3,13
Coupland,2,14
Coupland,1,16
Coupland,2,17
Coupland,2,18
Coupland,1,19
Coupland,7,21
Courtenay,1,16
Courtland,5,0
Courtland,4,1
Courtland,2,2
Courtland,1,5
Courtland,3,6
Courtland,5,7
Courtland,5,8
Courtland,9,9
Courtland,2,10
Courtland,10,11
Courtland,12,12
Courtland,12,13
Courtland,8,14
Courtland,6,15
Courtland,3,16
Courtland,13,17
Courtland,8,18
Courtland,6,19
Courtland,3,20
Courtland,3,21
Courtland,8,22
Courtland,3,23
Cove,1,0
Cove,2,2
Cove,1,5
Cove,1,6
Cove,3,7
Cove,6,8
Cove,3,10
Cove,4,11
Cove,1,13
Cove,4,14
Cove,8,15
Cove,1,16
Cove,1,20
Cove City,3,7
Cove City,4,13
Cove City,1,14
Cove City,1,15
Cove City,1,16
Cove City,1,17
Cove City,7,21
Cove City,1,22
Covelo,2,0
Covelo,7,1
Covelo,5,2
Covelo,1,3
Covelo,3,4
Covelo,1,5
Covelo,7,6
Covelo,7,7
Covelo,3,8
Covelo,10,9
Covelo,7,10
Covelo,10,11
Covelo,5,12
Covelo,6,14
Covelo,10,15
Covelo,6,16
Covelo,7,17
Covelo,9,18
Covelo,6,19
Covelo,12,20
Covelo,8,21
Covelo,4,22
Covelo,3,23
Coventry,1,2
Coventry,1,4
Coventry,1,7
Coventry,4,11
Coventry,4,16
Covert,1,5
Covert,5,9
Covert,1,11
Covert,2,12
Covert,3,13
Covert,4,15
Covert,2,16
Covert,6,18
Covert,3,19
Covert,2,21
Covesville,2,4
Covesville,3,13
Covesville,3,14
Covesville,2,15
Covesville,3,16
Covesville,1,18
Covesville,1,19
Covesville,2,20
Covina,11,0
Covina,18,1
Covina,29,2
Covina,12,3
Covina,25,4
Covina,36,5
Covina,45,6
Covina,53,7
Covina,50,8
Covina,37,9
Covina,32,10
Covina,33,11
Covina,50,12
Covina,45,13
Covina,51,14
Covina,63,15
Covina,45,16
Covina,99,17
Covina,42,18
Covina,36,19
Covina,42,20
Covina,39,21
Covina,36,22
Covina,28,23
Covington,12,0
Covington,17,1
Covington,4,2
Covington,7,3
Covington,34,4
Covington,35,5
Covington,61,6
Covington,120,7
Covington,130,8
Covington,71,9
Covington,73,10
Covington,52,11
Covington,47,12
Covington,66,13
Covington,91,14
Covington,73,15
Covington,91,16
Covington,78,17
Covington,48,18
Covington,31,19
Covington,42,20
Covington,30,21
Covington,16,22
Covington,11,23
Covington Township,1,16
Covington Township,1,17
Cowan,1,11
Cowansville,3,11
Coward,3,1
Coward,2,2
Coward,3,4
Coward,2,5
Coward,9,6
Coward,12,7
Coward,8,8
Coward,2,9
Coward,1,10
Coward,4,11
Coward,2,12
Coward,3,14
Coward,3,15
Coward,5,16
Coward,3,17
Coward,4,18
Coward,5,19
Coward,1,20
Coward,1,21
Coward,2,22
Coward,4,23
Cowarts,1,3
Cowarts,3,11
Cowarts,1,12
Cowarts,1,15
Cowarts,1,18
Coweta,1,5
Coweta,1,6
Coweta,1,18
Cowlesville,1,19
Cowpens,8,0
Cowpens,8,1
Cowpens,11,2
Cowpens,13,3
Cowpens,10,4
Cowpens,28,5
Cowpens,40,6
Cowpens,50,7
Cowpens,39,8
Cowpens,42,9
Cowpens,24,10
Cowpens,57,11
Cowpens,42,12
Cowpens,49,13
Cowpens,47,14
Cowpens,71,15
Cowpens,76,16
Cowpens,70,17
Cowpens,50,18
Cowpens,43,19
Cowpens,14,20
Cowpens,18,21
Cowpens,12,22
Cowpens,12,23
Coxs Creek,3,10
Coxs Creek,1,12
Coxsackie,1,2
Coxsackie,1,5
Coxsackie,1,6
Coxsackie,1,7
Coxsackie,1,9
Coxsackie,1,11
Coxsackie,1,15
Coxsackie,2,16
Coxsackie,5,17
Coxsackie,7,18
Coxsackie,2,19
Coxsackie,3,20
Coxsackie,8,21
Coxsackie,2,22
Coyanosa,3,6
Coyanosa,1,14
Coyote,1,2
Coyote,2,4
Coyote,1,5
Coyote,2,6
Coyote,2,7
Coyote,3,8
Coyote,3,9
Coyote,1,10
Coyote,4,11
Coyote,5,12
Coyote,9,13
Coyote,15,14
Coyote,10,15
Coyote,7,16
Coyote,4,17
Coyote,2,20
Coyote,2,21
Cozad,1,1
Cozad,3,2
Cozad,1,7
Cozad,1,12
Cozad,1,15
Cozad,2,16
Crab Orchard,2,4
Crab Orchard,1,5
Crab Orchard,1,6
Crab Orchard,4,7
Crab Orchard,3,8
Crab Orchard,3,9
Crab Orchard,3,10
Crab Orchard,2,11
Crab Orchard,6,12
Crab Orchard,9,13
Crab Orchard,4,14
Crab Orchard,4,15
Crab Orchard,8,16
Crab Orchard,1,17
Crab Orchard,3,18
Crab Orchard,1,19
Crab Orchard,1,20
Crab Orchard,1,21
Crab Orchard,6,23
Crabtree,1,6
Crabtree,1,9
Crabtree,3,20
Crabtree,1,23
Craig,9,2
Craig,2,5
Craig,1,8
Craig,4,9
Craig,1,10
Craig,2,11
Craig,1,14
Craig,1,17
Craig,5,18
Craig,1,19
Craig,2,23
Craigmont,1,4
Craigmont,4,7
Craigsville,4,7
Craigsville,8,10
Craigsville,4,13
Craigsville,2,17
Cramerton,1,2
Cranberry,7,10
Cranberry,1,11
Cranberry,5,12
Cranberry,1,15
Cranberry,1,16
Cranberry,4,17
Cranberry,1,18
Cranberry,8,20
Cranberry Township,1,1
Cranberry Township,1,2
Cranberry Township,1,4
Cranberry Township,3,5
Cranberry Township,1,6
Cranberry Township,4,7
Cranberry Township,4,8
Cranberry Township,5,10
Cranberry Township,4,12
Cranberry Township,6,13
Cranberry Township,1,14
Cranberry Township,4,15
Cranberry Township,1,16
Cranberry Township,6,18
Cranberry Township,1,20
Cranberry Township,3,21
Cranberry Twp,1,1
Cranberry Twp,2,5
Cranberry Twp,4,6
Cranberry Twp,3,7
Cranberry Twp,2,8
Cranberry Twp,1,9
Cranberry Twp,1,10
Cranberry Twp,7,11
Cranberry Twp,1,12
Cranberry Twp,4,13
Cranberry Twp,1,14
Cranberry Twp,1,16
Cranberry Twp,1,18
Cranberry Twp,4,20
Cranberry Twp,1,21
Cranbury,1,0
Cranbury,5,1
Cranbury,4,2
Cranbury,7,3
Cranbury,6,4
Cranbury,4,5
Cranbury,1,6
Cranbury,8,7
Cranbury,5,8
Cranbury,2,9
Cranbury,7,10
Cranbury,5,11
Cranbury,4,12
Cranbury,4,13
Cranbury,7,14
Cranbury,7,15
Cranbury,4,16
Cranbury,9,17
Cranbury,10,18
Cranbury,8,19
Cranbury,2,20
Cranbury,3,21
Cranbury,3,22
Cranbury,12,23
Crandall,1,6
Crandall,2,7
Crandall,1,8
Crandall,2,16
Crandall,2,17
Crandall,1,18
Crane,1,6
Crane Hill,1,8
Cranesville,2,5
Cranford,11,0
Cranford,4,1
Cranford,12,2
Cranford,3,3
Cranford,10,4
Cranford,15,5
Cranford,23,6
Cranford,19,7
Cranford,19,8
Cranford,17,9
Cranford,15,10
Cranford,25,11
Cranford,12,12
Cranford,23,13
Cranford,34,14
Cranford,36,15
Cranford,25,16
Cranford,37,17
Cranford,36,18
Cranford,13,19
Cranford,15,20
Cranford,11,21
Cranford,9,22
Cranford,16,23
Cranston,2,0
Cranston,1,1
Cranston,1,3
Cranston,1,4
Cranston,6,5
Cranston,7,6
Cranston,25,7
Cranston,36,8
Cranston,23,9
Cranston,27,10
Cranston,14,11
Cranston,10,12
Cranston,22,13
Cranston,24,14
Cranston,10,15
Cranston,44,16
Cranston,32,17
Cranston,11,18
Cranston,13,19
Cranston,4,20
Cranston,2,21
Cranston,2,22
Cranston,1,23
Crary,1,10
Crary,2,15
Craryville,5,0
Craryville,3,1
Craryville,1,3
Craryville,2,4
Craryville,3,6
Craryville,3,7
Craryville,1,9
Craryville,1,10
Craryville,1,11
Craryville,3,14
Craryville,3,15
Craryville,4,16
Craryville,3,17
Craryville,2,18
Craryville,2,19
Craryville,1,20
Craryville,2,21
Craryville,2,22
Craryville,1,23
Crawford,2,0
Crawford,1,8
Crawford,1,12
Crawford,5,13
Crawford,5,15
Crawford,1,16
Crawford,1,17
Crawfordsville,4,0
Crawfordsville,16,1
Crawfordsville,6,2
Crawfordsville,6,3
Crawfordsville,9,4
Crawfordsville,4,5
Crawfordsville,8,6
Crawfordsville,9,7
Crawfordsville,13,8
Crawfordsville,3,9
Crawfordsville,9,10
Crawfordsville,14,11
Crawfordsville,2,12
Crawfordsville,21,13
Crawfordsville,38,14
Crawfordsville,13,15
Crawfordsville,5,16
Crawfordsville,20,17
Crawfordsville,13,18
Crawfordsville,4,19
Crawfordsville,8,20
Crawfordsville,9,22
Crawfordsville,3,23
Crawfordville,11,0
Crawfordville,7,1
Crawfordville,9,2
Crawfordville,6,3
Crawfordville,16,4
Crawfordville,7,5
Crawfordville,23,6
Crawfordville,38,7
Crawfordville,25,8
Crawfordville,16,9
Crawfordville,16,10
Crawfordville,20,11
Crawfordville,18,12
Crawfordville,30,13
Crawfordville,29,14
Crawfordville,19,15
Crawfordville,19,16
Crawfordville,31,17
Crawfordville,28,18
Crawfordville,25,19
Crawfordville,20,20
Crawfordville,15,21
Crawfordville,13,22
Crawfordville,12,23
Crawley,1,6
Crawley,2,7
Crawley,1,8
Crawley,1,14
Crawley,1,16
Crawley,1,20
Crawley,1,23
Cream Ridge,1,7
Cream Ridge,1,9
Cream Ridge,1,12
Cream Ridge,1,15
Cream Ridge,3,17
Cream Ridge,1,21
Creede,1,3
Creede,4,4
Creede,2,5
Creede,3,6
Creede,1,7
Creede,2,9
Creede,1,10
Creede,3,11
Creede,3,12
Creede,1,13
Creede,2,15
Creede,1,16
Creede,2,17
Creede,9,18
Creede,1,19
Creede,1,20
Creede,5,21
Creede,1,22
Creede,1,23
Creedmoor,5,0
Creedmoor,3,1
Creedmoor,4,2
Creedmoor,6,3
Creedmoor,4,4
Creedmoor,1,5
Creedmoor,3,6
Creedmoor,4,7
Creedmoor,4,8
Creedmoor,6,9
Creedmoor,5,10
Creedmoor,9,11
Creedmoor,5,12
Creedmoor,6,13
Creedmoor,7,14
Creedmoor,3,15
Creedmoor,12,16
Creedmoor,5,17
Creedmoor,9,18
Creedmoor,15,19
Creedmoor,9,20
Creedmoor,7,21
Creedmoor,4,22
Creedmoor,1,23
Creekside,3,8
Creekside,1,20
Creighton,2,9
Creighton,2,11
Creighton,2,12
Creighton,2,14
Creighton,1,17
Creighton,1,19
Creola,2,4
Creola,2,7
Creola,1,8
Creola,5,9
Creola,3,10
Creola,2,11
Creola,2,12
Creola,6,13
Creola,7,14
Creola,1,15
Creola,3,16
Creola,2,17
Creola,2,19
Creola,1,20
Crescent,10,0
Crescent,4,1
Crescent,1,2
Crescent,3,3
Crescent,2,4
Crescent,2,5
Crescent,3,6
Crescent,12,7
Crescent,12,8
Crescent,9,9
Crescent,9,10
Crescent,9,11
Crescent,6,12
Crescent,7,13
Crescent,4,14
Crescent,12,15
Crescent,4,16
Crescent,3,17
Crescent,12,18
Crescent,9,19
Crescent,6,20
Crescent,4,21
Crescent,6,22
Crescent,2,23
Crescent City,22,0
Crescent City,10,1
Crescent City,14,2
Crescent City,11,3
Crescent City,8,4
Crescent City,19,5
Crescent City,17,6
Crescent City,23,7
Crescent City,21,8
Crescent City,18,9
Crescent City,23,10
Crescent City,38,11
Crescent City,36,12
Crescent City,46,13
Crescent City,35,14
Crescent City,48,15
Crescent City,52,16
Crescent City,50,17
Crescent City,44,18
Crescent City,32,19
Crescent City,26,20
Crescent City,29,21
Crescent City,35,22
Crescent City,14,23
Crescent Lake,2,0
Crescent Lake,3,1
Crescent Lake,1,2
Crescent Lake,1,8
Crescent Lake,4,9
Crescent Lake,2,10
Crescent Lake,3,11
Crescent Lake,3,12
Crescent Lake,2,13
Crescent Lake,2,14
Crescent Lake,2,15
Crescent Lake,2,16
Crescent Lake,1,17
Crescent Lake,3,19
Crescent Lake,1,20
Crescent Lake,1,21
Crescent Lake,2,22
Crescent Lake,3,23
Crescent Mills,1,1
Crescent Mills,1,7
Crescent Mills,1,8
Crescent Mills,1,11
Crescent Mills,1,12
Crescent Mills,1,14
Crescent Mills,2,18
Crescent Springs,2,7
Crescent Springs,1,8
Crescent Springs,3,9
Crescent Springs,3,10
Crescent Springs,1,11
Crescent Valley,3,0
Crescent Valley,1,1
Crescent Valley,1,2
Crescent Valley,2,3
Crescent Valley,3,4
Crescent Valley,6,5
Crescent Valley,14,6
Crescent Valley,7,7
Crescent Valley,13,8
Crescent Valley,3,9
Crescent Valley,3,10
Crescent Valley,7,11
Crescent Valley,2,12
Crescent Valley,9,13
Crescent Valley,1,14
Crescent Valley,13,15
Crescent Valley,16,16
Crescent Valley,12,17
Crescent Valley,6,18
Crescent Valley,2,19
Crescent Valley,4,20
Crescent Valley,4,21
Crescent Valley,2,22
Crescent Valley,3,23
Cresco,1,11
Cresco,1,14
Cresco,1,16
Cresco,1,18
Cresco,7,20
Cresson,2,0
Cresson,1,1
Cresson,2,4
Cresson,1,5
Cresson,5,6
Cresson,2,7
Cresson,2,8
Cresson,3,9
Cresson,6,10
Cresson,4,11
Cresson,3,12
Cresson,5,13
Cresson,4,14
Cresson,9,15
Cresson,4,16
Cresson,3,17
Cresson,1,18
Cresson,5,19
Cresson,5,20
Cresson,6,22
Cresson,1,23
Cressona,3,16
Cressona,3,23
Crest Hill,1,8
Crest Hill,1,9
Crest Hill,2,11
Crest Hill,1,12
Crested Butte,1,14
Crested Butte,1,16
Crestline,10,0
Crestline,11,1
Crestline,7,2
Crestline,9,3
Crestline,12,5
Crestline,19,6
Crestline,11,7
Crestline,12,8
Crestline,13,9
Crestline,9,10
Crestline,16,11
Crestline,7,12
Crestline,22,13
Crestline,22,14
Crestline,28,15
Crestline,28,16
Crestline,21,17
Crestline,27,18
Crestline,25,19
Crestline,20,20
Crestline,26,21
Crestline,19,22
Crestline,11,23
Creston,2,1
Creston,1,2
Creston,1,3
Creston,4,4
Creston,4,6
Creston,7,7
Creston,3,8
Creston,3,10
Creston,2,12
Creston,1,13
Creston,10,14
Creston,3,17
Creston,3,18
Creston,2,19
Creston,2,20
Creston,4,21
Creston,2,22
Creston,6,23
Crestview,10,0
Crestview,10,1
Crestview,10,2
Crestview,16,3
Crestview,15,4
Crestview,29,5
Crestview,44,6
Crestview,35,7
Crestview,37,8
Crestview,11,9
Crestview,16,10
Crestview,20,11
Crestview,25,12
Crestview,28,13
Crestview,40,14
Crestview,28,15
Crestview,23,16
Crestview,31,17
Crestview,19,18
Crestview,26,19
Crestview,21,20
Crestview,24,21
Crestview,8,22
Crestview,8,23
Crestview Hills,2,5
Crestview Hills,6,7
Crestview Hills,3,8
Crestview Hills,3,9
Crestview Hills,2,10
Crestview Hills,1,11
Crestview Hills,3,12
Crestview Hills,3,13
Crestview Hills,2,14
Crestview Hills,1,15
Crestview Hills,6,16
Crestview Hills,3,18
Crestwood,2,0
Crestwood,3,6
Crestwood,3,7
Crestwood,9,8
Crestwood,5,9
Crestwood,2,10
Crestwood,1,11
Crestwood,2,12
Crestwood,4,13
Crestwood,3,14
Crestwood,3,15
Crestwood,3,16
Crestwood,1,17
Crestwood,1,19
Crestwood,6,20
Crestwood,1,22
Creswell,10,0
Creswell,2,1
Creswell,3,2
Creswell,8,3
Creswell,2,4
Creswell,6,5
Creswell,3,6
Creswell,6,7
Creswell,17,8
Creswell,6,10
Creswell,2,11
Creswell,5,12
Creswell,10,13
Creswell,10,14
Creswell,9,15
Creswell,3,16
Creswell,9,17
Creswell,12,18
Creswell,10,19
Creswell,3,20
Creswell,1,21
Creswell,8,22
Creswell,5,23
Crete,1,4
Crete,2,5
Crete,1,7
Crete,1,9
Crete,1,12
Crete,3,13
Crete,2,14
Crete,2,15
Crete,1,16
Crete,3,17
Crete,2,18
Crete,1,19
Crete,1,23
Creve Coeur,1,3
Creve Coeur,4,4
Creve Coeur,1,5
Creve Coeur,5,6
Creve Coeur,8,7
Creve Coeur,2,8
Creve Coeur,2,10
Creve Coeur,1,11
Creve Coeur,1,12
Creve Coeur,4,16
Creve Coeur,1,17
Creve Coeur,1,18
Creve Coeur,1,19
Creve Coeur,1,20
Creve Coeur,1,21
Creve Coeur,2,22
Creve Coeur,2,23
Crewe,1,2
Crewe,4,4
Crewe,6,5
Crewe,1,7
Crewe,4,8
Crewe,5,9
Crewe,3,10
Crewe,3,11
Crewe,2,12
Crewe,6,13
Crewe,8,14
Crewe,5,15
Crewe,2,16
Crewe,3,17
Crewe,4,18
Crewe,1,20
Crewe,6,21
Crewe,3,22
Crewe,3,23
Criders,2,20
Criders,2,23
Crimora,7,3
Crimora,2,12
Crimora,3,14
Crimora,10,15
Crimora,6,18
Crimora,1,19
Crimora,2,22
Crimora,2,23
Cripple Creek,2,6
Cripple Creek,1,14
Cripple Creek,6,17
Crisfield,14,12
Crisfield,1,14
Crittenden,1,2
Crittenden,2,3
Crittenden,3,4
Crittenden,2,5
Crittenden,6,6
Crittenden,9,7
Crittenden,1,8
Crittenden,2,9
Crittenden,2,11
Crittenden,1,16
Crockett,9,0
Crockett,10,1
Crockett,6,2
Crockett,4,3
Crockett,5,4
Crockett,3,5
Crockett,8,6
Crockett,15,7
Crockett,16,8
Crockett,3,9
Crockett,9,10
Crockett,11,11
Crockett,8,12
Crockett,10,13
Crockett,11,14
Crockett,11,15
Crockett,4,16
Crockett,8,17
Crockett,7,18
Crockett,11,19
Crockett,6,20
Crockett,11,21
Crockett,9,22
Crockett,4,23
Crofton,2,5
Crofton,7,6
Crofton,3,8
Crofton,3,10
Crofton,3,13
Crofton,1,15
Crompond,1,8
Crompond,1,11
Crompond,1,14
Crompond,1,16
Crompond,1,17
Crompond,1,20
Cromwell,7,0
Cromwell,1,1
Cromwell,3,2
Cromwell,3,3
Cromwell,4,4
Cromwell,10,5
Cromwell,17,6
Cromwell,31,7
Cromwell,30,8
Cromwell,19,9
Cromwell,11,10
Cromwell,18,11
Cromwell,14,12
Cromwell,31,13
Cromwell,49,14
Cromwell,47,15
Cromwell,26,16
Cromwell,52,17
Cromwell,15,18
Cromwell,4,19
Cromwell,9,20
Cromwell,12,21
Cromwell,6,22
Cromwell,8,23
Crook,1,4
Crook,1,8
Crook,1,10
Crook,8,11
Crook,2,14
Crook,2,16
Crook,1,17
Crook,2,20
Crook,1,21
Crooksville,1,11
Cropseyville,1,11
Cropseyville,4,13
Cropseyville,3,15
Cropseyville,1,18
Cropwell,1,7
Cropwell,1,21
Crosby,1,0
Crosby,7,7
Crosby,1,8
Crosby,5,9
Crosby,2,10
Crosby,1,11
Crosby,1,12
Crosby,3,13
Crosby,10,14
Crosby,4,15
Crosby,3,17
Crosby,3,18
Crosby,3,19
Crosby,3,21
Crosby,2,22
Crosby,1,23
Cross,4,0
Cross,5,1
Cross,1,3
Cross,5,4
Cross,6,5
Cross,11,6
Cross,8,7
Cross,7,8
Cross,3,9
Cross,4,10
Cross,3,11
Cross,2,12
Cross,5,13
Cross,3,14
Cross,5,15
Cross,8,16
Cross,7,17
Cross,7,18
Cross,11,19
Cross,9,20
Cross,3,21
Cross,5,22
Cross,8,23
Cross City,1,0
Cross City,3,4
Cross City,2,5
Cross City,1,7
Cross City,2,8
Cross City,3,9
Cross City,2,10
Cross City,2,11
Cross City,1,14
Cross City,2,15
Cross City,5,17
Cross City,3,18
Cross City,1,19
Cross City,1,20
Cross City,2,22
Cross Fork,3,9
Cross Hill,8,0
Cross Hill,1,1
Cross Hill,2,2
Cross Hill,2,3
Cross Hill,2,5
Cross Hill,2,6
Cross Hill,3,7
Cross Hill,3,8
Cross Hill,1,9
Cross Hill,2,10
Cross Hill,3,11
Cross Hill,2,12
Cross Hill,1,13
Cross Hill,2,14
Cross Hill,5,15
Cross Hill,3,16
Cross Hill,4,17
Cross Hill,2,18
Cross Hill,10,19
Cross Hill,4,20
Cross Hill,3,21
Cross Hill,4,22
Cross Hill,2,23
Cross Junction,3,5
Cross Junction,1,6
Cross Junction,1,9
Cross Junction,2,10
Cross Junction,7,11
Cross Junction,1,12
Cross Junction,2,13
Cross Junction,4,14
Cross Junction,3,15
Cross Junction,5,16
Cross Junction,1,17
Cross Junction,1,18
Cross Junction,1,19
Cross Junction,3,23
Cross Plains,2,0
Cross Plains,2,4
Cross Plains,8,5
Cross Plains,11,6
Cross Plains,4,7
Cross Plains,5,8
Cross Plains,1,9
Cross Plains,1,10
Cross Plains,6,11
Cross Plains,1,12
Cross Plains,7,13
Cross Plains,5,14
Cross Plains,3,15
Cross Plains,4,16
Cross Plains,2,17
Cross Plains,2,19
Cross Plains,2,20
Cross Plains,3,21
Cross River,4,0
Cross River,2,4
Cross River,3,7
Cross River,7,8
Cross River,1,9
Cross River,1,10
Cross River,1,11
Cross River,1,12
Cross River,1,13
Cross River,4,14
Cross River,5,15
Cross River,4,16
Cross River,1,17
Cross River,1,18
Cross River,2,21
Cross River,4,22
Crossett,1,12
Crossett,2,13
Crossett,2,14
Crossett,2,17
Crossnore,1,14
Crossroads,1,7
Crossville,2,0
Crossville,1,2
Crossville,2,3
Crossville,4,4
Crossville,6,5
Crossville,13,6
Crossville,10,7
Crossville,12,8
Crossville,7,9
Crossville,9,10
Crossville,6,11
Crossville,12,12
Crossville,8,13
Crossville,14,14
Crossville,12,15
Crossville,16,16
Crossville,6,17
Crossville,9,18
Crossville,10,19
Crossville,3,20
Crossville,3,21
Crossville,4,22
Crossville,8,23
Crothersville,1,0
Crothersville,3,1
Crothersville,2,4
Crothersville,1,5
Crothersville,4,7
Crothersville,1,8
Crothersville,2,9
Crothersville,2,10
Crothersville,1,11
Crothersville,4,12
Crothersville,4,13
Crothersville,6,14
Crothersville,4,16
Crothersville,3,17
Crothersville,4,18
Crothersville,4,19
Crothersville,1,20
Crothersville,2,21
Croton Falls,2,6
Croton Falls,1,8
Croton Falls,6,17
Croton on Hudson,2,0
Croton on Hudson,2,2
Croton on Hudson,2,4
Croton on Hudson,2,5
Croton on Hudson,1,6
Croton on Hudson,9,7
Croton on Hudson,6,8
Croton on Hudson,2,9
Croton on Hudson,1,10
Croton on Hudson,1,11
Croton on Hudson,1,13
Croton on Hudson,2,14
Croton on Hudson,6,15
Croton on Hudson,3,17
Croton on Hudson,2,18
Croton on Hudson,2,20
Croton on Hudson,1,21
Croton on Hudson,2,23
Croton-on-Hudson,1,4
Croton-on-Hudson,1,5
Croton-on-Hudson,1,6
Croton-on-Hudson,4,7
Croton-on-Hudson,1,8
Croton-on-Hudson,2,9
Croton-on-Hudson,3,12
Croton-on-Hudson,1,13
Croton-on-Hudson,7,15
Croton-on-Hudson,6,16
Croton-on-Hudson,7,17
Croton-on-Hudson,2,18
Croton-on-Hudson,1,19
Croton-on-Hudson,2,20
Croton-on-Hudson,1,21
Croton-on-Hudson,1,22
Croton-on-Hudson,2,23
Crouse,1,6
Crouse,2,16
Crouse,2,17
Crouse,2,21
Crow Agency,2,0
Crow Agency,1,4
Crow Agency,2,5
Crow Agency,2,7
Crow Agency,3,9
Crow Agency,2,10
Crow Agency,4,11
Crow Agency,2,12
Crow Agency,1,13
Crow Agency,1,15
Crow Agency,1,16
Crow Agency,6,17
Crow Agency,1,18
Crow Agency,1,21
Crowley,1,2
Crowley,2,5
Crowley,3,7
Crowley,5,8
Crowley,9,9
Crowley,1,10
Crowley,2,11
Crowley,3,12
Crowley,1,13
Crowley,3,14
Crowley,2,15
Crowley,7,16
Crowley,4,17
Crowley,2,18
Crowley,1,19
Crowley,1,20
Crown,3,8
Crown Point,7,1
Crown Point,3,3
Crown Point,4,4
Crown Point,11,5
Crown Point,13,6
Crown Point,15,7
Crown Point,7,8
Crown Point,9,9
Crown Point,8,10
Crown Point,9,11
Crown Point,4,12
Crown Point,6,13
Crown Point,10,14
Crown Point,9,15
Crown Point,5,16
Crown Point,4,17
Crown Point,1,18
Crown Point,3,19
Crown Point,4,20
Crown Point,7,21
Crown Point,1,22
Crownsville,4,1
Crownsville,2,3
Crownsville,3,4
Crownsville,8,5
Crownsville,4,6
Crownsville,17,7
Crownsville,9,8
Crownsville,18,9
Crownsville,2,10
Crownsville,4,11
Crownsville,7,12
Crownsville,13,13
Crownsville,11,14
Crownsville,3,15
Crownsville,13,16
Crownsville,12,17
Crownsville,9,18
Crownsville,6,19
Crownsville,7,20
Crownsville,1,21
Crownsville,3,22
Crows Landing,1,0
Crows Landing,2,1
Crows Landing,1,3
Crows Landing,3,4
Crows Landing,10,5
Crows Landing,2,6
Crows Landing,5,7
Crows Landing,1,8
Crows Landing,4,9
Crows Landing,5,10
Crows Landing,2,11
Crows Landing,2,12
Crows Landing,5,13
Crows Landing,12,14
Crows Landing,8,15
Crows Landing,12,16
Crows Landing,10,17
Crows Landing,10,18
Crows Landing,6,19
Crows Landing,3,20
Crows Landing,7,21
Crows Landing,9,22
Crows Landing,3,23
Croydon,1,0
Croydon,1,4
Croydon,1,13
Croydon,3,14
Croydon,1,16
Croydon,1,17
Croydon,1,19
Croydon,1,20
Croydon,1,22
Crozet,7,1
Crozet,1,2
Crozet,9,5
Crozet,1,6
Crozet,17,7
Crozet,2,8
Crozet,3,9
Crozet,5,10
Crozet,12,11
Crozet,10,12
Crozet,4,13
Crozet,10,14
Crozet,8,15
Crozet,20,16
Crozet,11,17
Crozet,10,18
Crozet,12,19
Crozet,7,20
Crozet,2,21
Crozet,2,22
Crozet,6,23
Crozier,1,7
Crozier,1,18
Crozier,1,19
Crum Lynne,4,0
Crum Lynne,2,1
Crum Lynne,3,2
Crum Lynne,6,3
Crum Lynne,2,4
Crum Lynne,1,5
Crum Lynne,5,6
Crum Lynne,7,7
Crum Lynne,6,8
Crum Lynne,3,9
Crum Lynne,5,10
Crum Lynne,8,11
Crum Lynne,2,12
Crum Lynne,6,13
Crum Lynne,4,14
Crum Lynne,6,15
Crum Lynne,4,16
Crum Lynne,3,17
Crum Lynne,6,18
Crum Lynne,1,19
Crum Lynne,5,20
Crum Lynne,6,21
Crum Lynne,7,22
Crum Lynne,8,23
Crumpler,4,16
Crumpler,1,20
Crystal Bay,2,0
Crystal Bay,1,1
Crystal Bay,1,5
Crystal Bay,2,6
Crystal Bay,7,7
Crystal Bay,4,9
Crystal Bay,1,10
Crystal Bay,2,13
Crystal Bay,2,16
Crystal Bay,2,17
Crystal Bay,1,18
Crystal Bay,1,23
Crystal Beach,1,7
Crystal Beach,1,8
Crystal Beach,2,9
Crystal Beach,1,11
Crystal Beach,2,12
Crystal Beach,2,13
Crystal Beach,1,14
Crystal Beach,1,16
Crystal Beach,1,18
Crystal City,1,0
Crystal City,6,6
Crystal City,1,8
Crystal City,1,14
Crystal Lake,1,4
Crystal Lake,1,5
Crystal Lake,1,9
Crystal Lake,2,13
Crystal Lake,2,14
Crystal Lake,1,15
Crystal Lake,3,16
Crystal Lake,4,17
Crystal Lake,1,18
Crystal Lake,1,19
Crystal River,3,0
Crystal River,2,1
Crystal River,8,2
Crystal River,1,3
Crystal River,6,4
Crystal River,4,5
Crystal River,6,6
Crystal River,10,7
Crystal River,11,8
Crystal River,9,9
Crystal River,9,10
Crystal River,8,11
Crystal River,13,12
Crystal River,15,13
Crystal River,6,14
Crystal River,8,15
Crystal River,6,16
Crystal River,2,17
Crystal River,5,18
Crystal River,3,19
Crystal River,3,20
Crystal River,7,21
Crystal River,5,22
Crystal River,5,23
Crystal Spring,9,0
Crystal Spring,5,1
Crystal Spring,2,3
Crystal Spring,5,4
Crystal Spring,2,5
Crystal Spring,2,6
Crystal Spring,1,7
Crystal Spring,2,9
Crystal Spring,1,10
Crystal Spring,2,11
Crystal Spring,1,12
Crystal Spring,2,13
Crystal Spring,1,14
Crystal Spring,4,15
Crystal Spring,4,16
Crystal Spring,1,18
Crystal Spring,6,20
Crystal Spring,3,21
Crystal Spring,5,22
Crystal Spring,2,23
Crystal Springs,1,4
Crystal Springs,5,5
Crystal Springs,3,7
Crystal Springs,2,9
Crystal Springs,2,12
Crystal Springs,2,14
Crystal Springs,1,16
Crystal Springs,4,18
Crystal Springs,3,19
Crystal Springs,1,21
Crystal Springs,1,22
Cuba,4,3
Cuba,1,4
Cuba,4,5
Cuba,2,6
Cuba,2,7
Cuba,2,8
Cuba,5,9
Cuba,6,10
Cuba,6,11
Cuba,2,12
Cuba,5,13
Cuba,3,14
Cuba,5,15
Cuba,2,16
Cuba,1,17
Cuba,4,18
Cuba,1,19
Cuba,1,21
Cubero,2,1
Cubero,1,2
Cubero,2,8
Cubero,1,9
Cubero,1,11
Cubero,4,12
Cubero,2,13
Cubero,3,14
Cubero,5,15
Cubero,3,16
Cubero,2,17
Cubero,4,18
Cubero,1,19
Cubero,1,21
Cudahy,2,1
Cudahy,2,6
Cudahy,1,7
Cudahy,3,8
Cudahy,2,16
Cudahy,1,17
Cudahy,1,19
Cudahy,1,21
Cudahy,1,23
Cuddebackville,1,13
Cuddebackville,4,16
Cuervo,2,2
Cuervo,1,3
Cuervo,1,4
Cuervo,1,6
Cuervo,3,8
Cuervo,1,9
Cuervo,3,10
Cuervo,5,11
Cuervo,1,14
Cuervo,3,17
Cuervo,1,19
Culbertson,1,7
Culbertson,1,8
Culbertson,1,17
Culbertson,1,18
Culbertson,2,20
Culbertson,1,21
Culbertson,1,23
Culdesac,1,12
Culdesac,2,14
Culdesac,1,15
Culdesac,1,16
Culdesac,1,18
Cullen,1,3
Cullen,4,8
Culleoka,2,11
Culleoka,3,20
Culleoka,2,23
Cullman,3,1
Cullman,1,3
Cullman,9,4
Cullman,19,6
Cullman,56,7
Cullman,39,8
Cullman,12,9
Cullman,26,10
Cullman,41,11
Cullman,43,12
Cullman,34,13
Cullman,54,14
Cullman,69,15
Cullman,58,16
Cullman,42,17
Cullman,36,18
Cullman,18,19
Cullman,15,20
Cullman,6,21
Cullman,3,22
Cullman,4,23
Culloden,1,0
Culloden,1,2
Culloden,1,5
Culloden,3,6
Culloden,4,7
Culloden,1,8
Culloden,2,9
Culloden,1,10
Culloden,1,11
Culloden,1,14
Culloden,3,15
Culloden,9,16
Culloden,1,17
Culloden,2,18
Culloden,4,19
Culloden,7,20
Culloden,1,21
Culloden,1,22
Culloden,1,23
Cullom,1,18
Cullowhee,2,7
Cullowhee,1,8
Cullowhee,2,9
Cullowhee,1,10
Cullowhee,1,11
Cullowhee,2,14
Cullowhee,2,15
Cullowhee,2,16
Cullowhee,1,17
Cullowhee,8,18
Cullowhee,2,19
Cullowhee,1,20
Cullowhee,2,21
Culpeper,2,0
Culpeper,1,1
Culpeper,1,2
Culpeper,4,4
Culpeper,6,5
Culpeper,14,6
Culpeper,9,7
Culpeper,7,8
Culpeper,4,9
Culpeper,5,10
Culpeper,4,11
Culpeper,7,12
Culpeper,15,13
Culpeper,12,14
Culpeper,19,15
Culpeper,25,16
Culpeper,29,17
Culpeper,10,18
Culpeper,13,19
Culpeper,5,20
Culpeper,3,21
Culpeper,2,22
Culpeper,1,23
Culver,6,0
Culver,2,1
Culver,10,2
Culver,3,3
Culver,4,4
Culver,3,5
Culver,4,6
Culver,6,7
Culver,5,8
Culver,4,9
Culver,3,10
Culver,1,11
Culver,6,12
Culver,3,13
Culver,21,14
Culver,12,15
Culver,6,16
Culver,3,17
Culver,2,18
Culver,10,19
Culver,5,20
Culver,3,21
Culver,6,22
Culver,7,23
Culver City,14,0
Culver City,25,1
Culver City,12,2
Culver City,10,3
Culver City,10,4
Culver City,36,5
Culver City,103,6
Culver City,32,7
Culver City,52,8
Culver City,55,9
Culver City,62,10
Culver City,68,11
Culver City,78,12
Culver City,95,13
Culver City,81,14
Culver City,76,15
Culver City,72,16
Culver City,63,17
Culver City,50,18
Culver City,46,19
Culver City,28,20
Culver City,40,21
Culver City,23,22
Culver City,19,23
Cumberland,4,0
Cumberland,2,1
Cumberland,1,2
Cumberland,5,3
Cumberland,13,4
Cumberland,11,5
Cumberland,2,6
Cumberland,4,7
Cumberland,21,8
Cumberland,18,9
Cumberland,10,10
Cumberland,23,11
Cumberland,8,12
Cumberland,27,13
Cumberland,32,14
Cumberland,14,15
Cumberland,8,16
Cumberland,22,17
Cumberland,15,18
Cumberland,15,19
Cumberland,12,20
Cumberland,6,21
Cumberland,7,22
Cumberland,2,23
Cumberland Center,1,7
Cumberland City,2,8
Cumberland City,1,12
Cumberland City,2,19
Cumberland City,1,21
Cumberland Furnace,1,6
Cumberland Furnace,2,8
Cumberland Furnace,2,18
Cumberland Furnace,2,19
Cumberland Furnace,2,20
Cumby,5,7
Cumming,3,0
Cumming,4,1
Cumming,1,2
Cumming,1,3
Cumming,1,4
Cumming,3,5
Cumming,9,6
Cumming,11,7
Cumming,3,8
Cumming,8,9
Cumming,1,10
Cumming,9,11
Cumming,1,12
Cumming,9,13
Cumming,7,14
Cumming,9,15
Cumming,14,16
Cumming,22,17
Cumming,15,18
Cumming,5,19
Cumming,3,20
Cumming,6,21
Cumming,3,22
Cummings,2,2
Cummings,1,3
Cummings,6,6
Cummings,2,8
Cummings,1,10
Cummings,1,13
Cummings,1,15
Cummings,1,16
Cummings,1,17
Cummington,1,6
Cunningham,1,6
Cunningham,2,13
Cunningham,2,14
Cupertino,6,0
Cupertino,1,1
Cupertino,8,2
Cupertino,3,3
Cupertino,4,4
Cupertino,9,5
Cupertino,16,6
Cupertino,21,7
Cupertino,43,8
Cupertino,19,9
Cupertino,14,10
Cupertino,4,11
Cupertino,13,12
Cupertino,13,13
Cupertino,45,14
Cupertino,102,15
Cupertino,98,16
Cupertino,54,17
Cupertino,40,18
Cupertino,19,19
Cupertino,13,20
Cupertino,7,21
Cupertino,11,22
Cupertino,8,23
Curlew,1,12
Currie,2,0
Currie,1,4
Currie,2,7
Currie,1,10
Currie,2,11
Currie,4,12
Currie,5,15
Currie,3,18
Currie,8,19
Currie,1,20
Currie,1,22
Currituck,5,14
Curtice,1,14
Curtis Bay,10,0
Curtis Bay,13,1
Curtis Bay,7,2
Curtis Bay,10,3
Curtis Bay,18,4
Curtis Bay,23,5
Curtis Bay,38,6
Curtis Bay,22,7
Curtis Bay,27,8
Curtis Bay,18,9
Curtis Bay,9,10
Curtis Bay,16,11
Curtis Bay,20,12
Curtis Bay,12,13
Curtis Bay,22,14
Curtis Bay,26,15
Curtis Bay,18,16
Curtis Bay,9,17
Curtis Bay,11,18
Curtis Bay,8,19
Curtis Bay,15,20
Curtis Bay,22,21
Curtis Bay,14,22
Curtis Bay,2,23
Curtiss,1,5
Curtiss,1,8
Curwensville,3,1
Curwensville,2,5
Curwensville,6,6
Curwensville,3,7
Curwensville,5,8
Curwensville,4,9
Curwensville,3,10
Curwensville,10,11
Curwensville,1,12
Curwensville,6,13
Curwensville,9,14
Curwensville,8,15
Curwensville,2,16
Curwensville,7,17
Curwensville,11,18
Curwensville,7,19
Curwensville,1,20
Cushing,2,1
Cushing,2,4
Cushing,1,5
Cushing,4,6
Cushing,3,7
Cushing,3,8
Cushing,1,11
Cushing,1,12
Cushing,4,13
Cushing,1,14
Cushing,3,15
Cushing,4,18
Cushing,3,19
Cushing,6,20
Cushing,5,21
Cushing,7,22
Cusick,1,6
Cusick,2,7
Cusick,1,17
Cusick,3,18
Cusick,2,22
Cusseta,2,0
Cusseta,4,4
Cusseta,2,6
Cusseta,2,7
Cusseta,7,8
Cusseta,1,9
Cusseta,3,12
Cusseta,1,15
Cusseta,3,16
Cusseta,2,17
Cusseta,2,18
Cusseta,8,19
Cusseta,1,20
Cusseta,2,21
Cusseta,1,23
Custer,1,2
Custer,1,4
Custer,3,5
Custer,3,6
Custer,1,7
Custer,1,9
Custer,3,10
Custer,2,12
Custer,10,13
Custer,1,14
Custer,1,15
Custer,4,16
Custer,4,17
Custer,5,18
Custer,3,20
Custer,1,21
Custer,1,22
Custer,1,23
Custer City,2,9
Custer City,1,10
Custer City,4,15
Cut Bank,4,5
Cut Bank,1,6
Cut Bank,1,7
Cut Bank,2,8
Cut Bank,1,11
Cut Bank,3,13
Cut Bank,1,14
Cut Bank,1,15
Cut Bank,2,17
Cut Bank,2,18
Cut Bank,4,20
Cut Bank,1,21
Cutchogue,2,6
Cutchogue,1,7
Cutchogue,1,13
Cuthbert,3,6
Cuthbert,4,7
Cuthbert,3,9
Cuthbert,3,11
Cuthbert,4,18
Cutler,6,0
Cutler,2,1
Cutler,2,2
Cutler,2,3
Cutler,1,4
Cutler,6,5
Cutler,8,6
Cutler,7,7
Cutler,12,8
Cutler,8,9
Cutler,4,10
Cutler,8,11
Cutler,10,12
Cutler,7,13
Cutler,12,14
Cutler,11,15
Cutler,10,16
Cutler,14,17
Cutler,4,18
Cutler,10,19
Cutler,6,20
Cutler,5,21
Cutler,4,22
Cutler,8,23
Cutler Bay,11,0
Cutler Bay,6,1
Cutler Bay,4,2
Cutler Bay,10,3
Cutler Bay,32,4
Cutler Bay,14,5
Cutler Bay,34,6
Cutler Bay,28,7
Cutler Bay,34,8
Cutler Bay,26,9
Cutler Bay,39,10
Cutler Bay,71,11
Cutler Bay,109,12
Cutler Bay,102,13
Cutler Bay,154,14
Cutler Bay,128,15
Cutler Bay,131,16
Cutler Bay,122,17
Cutler Bay,85,18
Cutler Bay,35,19
Cutler Bay,30,20
Cutler Bay,35,21
Cutler Bay,9,22
Cutler Bay,7,23
Cuyahoga Falls,1,6
Cuyahoga Falls,6,7
Cuyahoga Falls,8,8
Cuyahoga Falls,2,10
Cuyahoga Falls,5,11
Cuyahoga Falls,2,12
Cuyahoga Falls,1,13
Cuyahoga Falls,3,14
Cuyahoga Falls,4,15
Cuyahoga Falls,5,16
Cuyahoga Falls,5,17
Cuyahoga Falls,2,18
Cuyahoga Falls,2,19
Cuyahoga Falls,2,20
Cuyahoga Falls,3,21
Cuyahoga Falls,1,22
Cuyama,1,5
Cuyama,1,6
Cuyama,1,8
Cuyama,1,11
Cuyama,1,13
Cuyama,1,23
Cyclone,1,1
Cyclone,2,9
Cyclone,1,10
Cyclone,4,13
Cyclone,7,14
Cyclone,2,15
Cyclone,3,16
Cyclone,2,18
Cyclone,1,19
Cyclone,4,21
Cygnet,1,6
Cygnet,1,10
Cygnet,1,15
Cygnet,1,16
Cygnet,1,18
Cygnet,1,21
Cypress,1,0
Cypress,4,1
Cypress,3,2
Cypress,3,3
Cypress,9,4
Cypress,11,5
Cypress,16,6
Cypress,19,7
Cypress,7,8
Cypress,17,9
Cypress,12,10
Cypress,13,11
Cypress,10,12
Cypress,10,13
Cypress,21,14
Cypress,9,15
Cypress,20,16
Cypress,11,17
Cypress,14,18
Cypress,8,19
Cypress,2,20
Cypress,3,21
Cypress,1,23
Cyrus,1,7
Cyrus,1,10
Cyrus,1,20
Cyrus,1,21
Cyrus,1,23
Dacula,2,0
Dacula,1,1
Dacula,2,3
Dacula,1,4
Dacula,1,5
Dacula,3,6
Dacula,3,9
Dacula,13,10
Dacula,7,11
Dacula,7,12
Dacula,2,13
Dacula,2,14
Dacula,1,15
Dacula,2,16
Dacula,3,17
Dacula,4,18
Dacula,5,19
Dacula,3,20
Dacula,3,22
Dacula,2,23
Dade City,6,0
Dade City,12,1
Dade City,11,2
Dade City,5,3
Dade City,17,4
Dade City,27,5
Dade City,50,6
Dade City,47,7
Dade City,48,8
Dade City,27,9
Dade City,19,10
Dade City,29,11
Dade City,24,12
Dade City,31,13
Dade City,37,14
Dade City,24,15
Dade City,23,16
Dade City,31,17
Dade City,16,18
Dade City,11,19
Dade City,12,20
Dade City,12,21
Dade City,13,22
Dade City,10,23
Dadeville,4,10
Dadeville,1,11
Dadeville,1,13
Dadeville,1,14
Dafter,2,0
Dafter,1,2
Dagsboro,1,12
Dagsboro,3,14
Dagsboro,2,19
Dahlgren,1,10
Dahlgren,4,13
Dahlgren,1,16
Dahlgren,2,17
Dahlgren,1,21
Dahlonega,1,12
Dahlonega,7,13
Dahlonega,1,14
Dairy,1,5
Dairy,1,6
Dairy,3,7
Dairy,1,11
Dairy,3,15
Dairy,1,16
Dairy,5,18
Dairy,2,19
Dairy,1,20
Dakota,4,0
Dakota,2,1
Dakota,5,2
Dakota,12,3
Dakota,8,4
Dakota,4,5
Dakota,9,6
Dakota,10,7
Dakota,18,8
Dakota,2,9
Dakota,1,10
Dakota,2,11
Dakota,4,12
Dakota,11,13
Dakota,2,14
Dakota,5,15
Dakota,19,16
Dakota,26,17
Dakota,7,18
Dakota,3,19
Dakota,9,20
Dakota,8,21
Dakota,1,22
Dakota,4,23
Dakota City,1,8
Dalbo,2,1
Dalbo,2,6
Dalbo,1,7
Dalbo,2,15
Dalbo,1,22
Dale,1,5
Dale,4,6
Dale,2,7
Dale,2,8
Dale,1,9
Dale,1,10
Dale,8,11
Dale,3,12
Dale,1,13
Dale,2,14
Dale,1,15
Dale,1,16
Dale,6,17
Dale,1,18
Dale,3,19
Dale,2,21
Daleville,3,0
Daleville,4,2
Daleville,1,3
Daleville,3,4
Daleville,2,5
Daleville,5,6
Daleville,6,7
Daleville,5,8
Daleville,13,9
Daleville,2,10
Daleville,8,11
Daleville,4,12
Daleville,14,13
Daleville,11,14
Daleville,20,15
Daleville,11,16
Daleville,14,17
Daleville,4,18
Daleville,3,19
Daleville,2,20
Daleville,4,21
Daleville,1,22
Daleville,2,23
Dalhart,1,0
Dalhart,3,9
Dalhart,1,10
Dalhart,6,13
Dalhart,4,14
Dalhart,1,16
Dallas,727,0
Dallas,659,1
Dallas,663,2
Dallas,580,3
Dallas,1362,4
Dallas,1839,5
Dallas,2693,6
Dallas,2992,7
Dallas,3094,8
Dallas,1495,9
Dallas,1635,10
Dallas,1593,11
Dallas,1848,12
Dallas,2094,13
Dallas,2296,14
Dallas,2504,15
Dallas,3063,16
Dallas,3033,17
Dallas,2468,18
Dallas,1904,19
Dallas,1362,20
Dallas,1204,21
Dallas,972,22
Dallas,749,23
Dallas Center,1,8
Dallas Center,1,21
Dallastown,1,0
Dallastown,1,2
Dallastown,2,3
Dallastown,3,4
Dallastown,3,5
Dallastown,8,6
Dallastown,8,7
Dallastown,2,8
Dallastown,3,10
Dallastown,1,11
Dallastown,3,12
Dallastown,3,13
Dallastown,5,14
Dallastown,6,15
Dallastown,3,16
Dallastown,4,17
Dallastown,2,18
Dallastown,1,20
Dallastown,1,21
Dallastown,1,23
Dallesport,2,6
Dallesport,1,8
Dallesport,2,15
Dallesport,1,16
Dallesport,1,17
Dallesport,1,18
Dalmatia,3,2
Dalmatia,1,9
Dalmatia,9,12
Dalmatia,5,13
Dalmatia,1,14
Dalmatia,3,15
Dalmatia,6,16
Dalmatia,3,18
Dalmatia,1,19
Dalmatia,1,22
Dalton,7,0
Dalton,6,1
Dalton,6,2
Dalton,2,3
Dalton,9,4
Dalton,7,5
Dalton,10,6
Dalton,14,7
Dalton,14,8
Dalton,12,9
Dalton,9,10
Dalton,22,11
Dalton,11,12
Dalton,6,13
Dalton,10,14
Dalton,13,15
Dalton,27,16
Dalton,22,17
Dalton,13,18
Dalton,22,19
Dalton,10,20
Dalton,3,21
Dalton,2,22
Dalton,7,23
Daly City,9,0
Daly City,8,1
Daly City,9,2
Daly City,9,3
Daly City,14,4
Daly City,18,5
Daly City,20,6
Daly City,37,7
Daly City,42,8
Daly City,29,9
Daly City,15,10
Daly City,36,11
Daly City,25,12
Daly City,28,13
Daly City,28,14
Daly City,38,15
Daly City,52,16
Daly City,48,17
Daly City,44,18
Daly City,26,19
Daly City,18,20
Daly City,27,21
Daly City,17,22
Daly City,17,23
Dalzell,3,0
Dalzell,3,2
Dalzell,2,3
Dalzell,11,4
Dalzell,7,5
Dalzell,8,6
Dalzell,17,7
Dalzell,11,8
Dalzell,2,9
Dalzell,5,10
Dalzell,6,11
Dalzell,12,12
Dalzell,7,13
Dalzell,5,14
Dalzell,11,15
Dalzell,6,16
Dalzell,12,17
Dalzell,10,18
Dalzell,5,19
Dalzell,4,20
Dalzell,13,21
Dalzell,5,22
Dalzell,4,23
Damascus,1,1
Damascus,1,3
Damascus,5,4
Damascus,5,5
Damascus,11,6
Damascus,15,7
Damascus,15,8
Damascus,3,9
Damascus,12,10
Damascus,6,11
Damascus,11,12
Damascus,20,13
Damascus,21,14
Damascus,18,15
Damascus,22,16
Damascus,34,17
Damascus,14,18
Damascus,11,19
Damascus,10,20
Damascus,3,21
Damascus,3,22
Damascus,3,23
Dameron,3,18
Dammeron Valley,1,5
Dammeron Valley,1,8
Dammeron Valley,2,19
Dammeron Valley,2,22
Damon,2,2
Damon,1,14
Dana,2,10
Dana,5,21
Dana Point,3,0
Dana Point,2,1
Dana Point,2,2
Dana Point,1,3
Dana Point,4,5
Dana Point,4,6
Dana Point,3,7
Dana Point,1,8
Dana Point,3,9
Dana Point,7,10
Dana Point,4,11
Dana Point,16,12
Dana Point,9,13
Dana Point,9,14
Dana Point,2,15
Dana Point,5,16
Dana Point,2,17
Dana Point,5,18
Dana Point,2,19
Dana Point,1,20
Dana Point,6,21
Dana Point,1,22
Dana Point,2,23
Danbury,6,0
Danbury,1,1
Danbury,7,2
Danbury,4,4
Danbury,6,5
Danbury,34,6
Danbury,28,7
Danbury,14,8
Danbury,7,9
Danbury,7,10
Danbury,9,11
Danbury,24,12
Danbury,18,13
Danbury,39,14
Danbury,57,15
Danbury,35,16
Danbury,38,17
Danbury,34,18
Danbury,13,19
Danbury,6,20
Danbury,18,21
Danbury,8,22
Danbury,13,23
Dandridge,5,0
Dandridge,2,1
Dandridge,2,3
Dandridge,6,4
Dandridge,3,5
Dandridge,7,6
Dandridge,7,7
Dandridge,6,8
Dandridge,12,9
Dandridge,13,10
Dandridge,14,11
Dandridge,9,12
Dandridge,8,13
Dandridge,12,14
Dandridge,8,15
Dandridge,17,16
Dandridge,12,17
Dandridge,10,18
Dandridge,4,19
Dandridge,6,20
Dandridge,3,21
Dandridge,8,22
Dandridge,5,23
Dane,1,6
Dane,1,7
Dane,1,9
Dane,1,10
Dane,2,11
Dane,1,16
Dane,1,17
Danforth,1,5
Danforth,1,16
Danforth,1,18
Dania,8,0
Dania,3,1
Dania,4,2
Dania,3,3
Dania,21,4
Dania,13,5
Dania,20,6
Dania,24,7
Dania,21,8
Dania,11,9
Dania,7,10
Dania,12,11
Dania,11,12
Dania,12,13
Dania,16,14
Dania,22,15
Dania,21,16
Dania,12,17
Dania,8,18
Dania,4,19
Dania,13,20
Dania,12,21
Dania,9,22
Dania,7,23
Dania Beach,1,1
Dania Beach,5,4
Dania Beach,3,5
Dania Beach,8,6
Dania Beach,2,7
Dania Beach,2,8
Dania Beach,2,9
Dania Beach,4,10
Dania Beach,5,11
Dania Beach,2,12
Dania Beach,5,13
Dania Beach,1,14
Dania Beach,6,15
Dania Beach,3,16
Dania Beach,6,18
Dania Beach,6,19
Dania Beach,4,20
Dania Beach,3,21
Dania Beach,4,22
Dania Beach,1,23
Daniel Island,1,2
Daniel Island,1,17
Daniels,1,0
Daniels,1,1
Daniels,2,5
Daniels,1,10
Daniels,1,14
Daniels,1,17
Danielson,5,0
Danielson,3,2
Danielson,1,5
Danielson,1,6
Danielson,1,8
Danielson,8,10
Danielson,2,11
Danielson,4,14
Danielson,2,17
Danielson,2,18
Danielsville,2,6
Danielsville,1,10
Danielsville,2,16
Danielsville,2,17
Dansville,1,1
Dansville,12,6
Dansville,1,7
Dansville,3,8
Dansville,2,10
Dansville,3,13
Dansville,1,14
Dansville,2,15
Dansville,5,18
Dansville,2,19
Dansville,4,21
Dante,2,12
Dante,2,14
Dante,2,22
Danube,1,5
Danube,2,6
Danube,2,8
Danube,1,10
Danube,1,11
Danube,1,13
Danube,2,15
Danube,1,17
Danube,1,18
Danube,1,19
Danvers,2,4
Danvers,4,5
Danvers,14,6
Danvers,15,7
Danvers,16,8
Danvers,7,9
Danvers,8,10
Danvers,3,11
Danvers,2,12
Danvers,1,13
Danvers,3,14
Danvers,5,15
Danvers,16,16
Danvers,8,17
Danvers,2,18
Danvers,2,22
Danville,19,0
Danville,14,1
Danville,15,2
Danville,14,3
Danville,12,4
Danville,42,5
Danville,34,6
Danville,52,7
Danville,67,8
Danville,56,9
Danville,34,10
Danville,79,11
Danville,78,12
Danville,93,13
Danville,89,14
Danville,112,15
Danville,120,16
Danville,71,17
Danville,55,18
Danville,26,19
Danville,46,20
Danville,45,21
Danville,32,22
Danville,16,23
Daphne,1,0
Daphne,5,1
Daphne,4,2
Daphne,5,3
Daphne,6,4
Daphne,15,5
Daphne,19,6
Daphne,90,7
Daphne,34,8
Daphne,35,9
Daphne,25,10
Daphne,21,11
Daphne,44,12
Daphne,26,13
Daphne,54,14
Daphne,41,15
Daphne,38,16
Daphne,49,17
Daphne,37,18
Daphne,23,19
Daphne,14,20
Daphne,9,21
Daphne,10,22
Daphne,5,23
Darby,4,0
Darby,4,1
Darby,1,4
Darby,2,5
Darby,7,6
Darby,10,7
Darby,6,8
Darby,3,9
Darby,3,10
Darby,7,11
Darby,2,12
Darby,1,13
Darby,8,14
Darby,4,15
Darby,7,16
Darby,7,17
Darby,1,18
Darby,6,19
Darby,6,20
Darby,9,21
Darby,4,22
Darby,1,23
Dardanelle,1,0
Dardanelle,1,9
Dardanelle,1,10
Dardanelle,2,11
Dardanelle,4,12
Dardanelle,3,14
Dardanelle,1,15
Dardanelle,1,16
Dardanelle,5,17
Dardanelle,2,18
Dardanelle,1,21
Dardanelle,1,23
Darfur,2,19
Darien,16,0
Darien,24,1
Darien,22,2
Darien,3,3
Darien,30,4
Darien,47,5
Darien,77,6
Darien,47,7
Darien,54,8
Darien,21,9
Darien,38,10
Darien,31,11
Darien,13,12
Darien,34,13
Darien,33,14
Darien,61,15
Darien,69,16
Darien,49,17
Darien,25,18
Darien,25,19
Darien,25,20
Darien,30,21
Darien,10,22
Darien,23,23
Darien Center,2,3
Darien Center,1,9
Darien Center,1,17
Darien Center,3,21
Darlington,15,0
Darlington,6,1
Darlington,7,2
Darlington,14,3
Darlington,28,4
Darlington,29,5
Darlington,46,6
Darlington,52,7
Darlington,48,8
Darlington,19,9
Darlington,32,10
Darlington,25,11
Darlington,18,12
Darlington,24,13
Darlington,41,14
Darlington,36,15
Darlington,32,16
Darlington,40,17
Darlington,38,18
Darlington,30,19
Darlington,28,20
Darlington,32,21
Darlington,22,22
Darlington,26,23
Darragh,1,6
Darragh,1,22
Darrington,1,8
Darwin,2,4
Darwin,3,6
Darwin,4,10
Darwin,1,13
Darwin,3,19
Darwin,1,20
Darwin,2,22
Dassel,2,0
Dassel,5,5
Dassel,7,6
Dassel,1,7
Dassel,6,8
Dassel,3,9
Dassel,4,12
Dassel,5,13
Dassel,4,14
Dassel,4,15
Dassel,9,16
Dassel,1,17
Dassel,6,18
Dassel,3,19
Dassel,8,20
Dassel,5,21
Dassel,3,22
Dateland,1,0
Dateland,3,3
Dateland,2,4
Dateland,4,5
Dateland,5,6
Dateland,2,8
Dateland,1,10
Dateland,3,11
Dateland,3,14
Dateland,6,16
Dateland,1,20
Dateland,1,22
Dateland,2,23
Daufuskie Island,1,7
Dauphin,7,0
Dauphin,3,1
Dauphin,4,2
Dauphin,3,3
Dauphin,1,4
Dauphin,2,5
Dauphin,8,6
Dauphin,10,7
Dauphin,3,8
Dauphin,4,9
Dauphin,6,10
Dauphin,11,11
Dauphin,5,12
Dauphin,8,13
Dauphin,2,14
Dauphin,8,15
Dauphin,2,16
Dauphin,3,17
Dauphin,4,18
Dauphin,3,20
Dauphin,5,22
Dauphin,3,23
Dauphin Island,1,13
Dauphin Island,1,15
Davenport,23,0
Davenport,17,1
Davenport,9,2
Davenport,11,3
Davenport,31,4
Davenport,42,5
Davenport,163,6
Davenport,109,7
Davenport,109,8
Davenport,92,9
Davenport,73,10
Davenport,68,11
Davenport,92,12
Davenport,59,13
Davenport,72,14
Davenport,77,15
Davenport,80,16
Davenport,68,17
Davenport,68,18
Davenport,39,19
Davenport,30,20
Davenport,19,21
Davenport,17,22
Davenport,17,23
Davidson,4,0
Davidson,2,1
Davidson,1,3
Davidson,1,4
Davidson,4,6
Davidson,8,7
Davidson,3,8
Davidson,2,9
Davidson,1,10
Davidson,4,11
Davidson,10,12
Davidson,4,13
Davidson,8,14
Davidson,14,15
Davidson,10,16
Davidson,10,17
Davidson,4,18
Davidson,4,19
Davidson,3,21
Davidson,1,22
Davidson,1,23
Davidsonville,4,0
Davidsonville,2,1
Davidsonville,2,3
Davidsonville,5,4
Davidsonville,1,5
Davidsonville,5,6
Davidsonville,17,7
Davidsonville,5,8
Davidsonville,3,9
Davidsonville,1,10
Davidsonville,4,11
Davidsonville,7,12
Davidsonville,5,13
Davidsonville,3,14
Davidsonville,7,15
Davidsonville,8,16
Davidsonville,5,17
Davidsonville,8,18
Davidsonville,5,20
Davidsonville,1,22
Davidsonville,1,23
Davidsville,4,2
Davidsville,1,3
Davidsville,2,4
Davidsville,2,5
Davidsville,1,6
Davidsville,3,7
Davidsville,1,8
Davidsville,1,10
Davidsville,1,13
Davidsville,1,15
Davidsville,1,16
Davidsville,3,17
Davidsville,3,18
Davidsville,2,19
Davidsville,1,20
Davidsville,3,21
Davidsville,5,22
Davidsville,2,23
Davie,15,4
Davie,6,5
Davie,16,6
Davie,22,7
Davie,18,8
Davie,16,9
Davie,8,10
Davie,3,11
Davie,15,12
Davie,20,13
Davie,12,14
Davie,20,15
Davie,23,16
Davie,14,17
Davie,7,18
Davie,1,19
Davie,3,21
Davie,1,22
Davis,7,0
Davis,8,1
Davis,6,2
Davis,15,3
Davis,12,4
Davis,28,5
Davis,38,6
Davis,40,7
Davis,36,8
Davis,36,9
Davis,25,10
Davis,31,11
Davis,23,12
Davis,50,13
Davis,66,14
Davis,83,15
Davis,65,16
Davis,66,17
Davis,45,18
Davis,25,19
Davis,28,20
Davis,23,21
Davis,12,22
Davis,13,23
Davis City,1,1
Davis City,1,11
Davis City,1,22
Davis City,3,23
Davis Creek,1,1
Davis Creek,1,3
Davis Creek,2,4
Davis Creek,2,5
Davis Creek,1,6
Davis Creek,2,10
Davis Creek,2,11
Davis Creek,2,13
Davis Creek,1,14
Davis Creek,3,15
Davis Creek,2,18
Davis Creek,1,19
Davis Creek,1,20
Davis Creek,1,21
Davis Creek,2,23
Davisburg,3,0
Davisburg,1,1
Davisburg,1,3
Davisburg,4,4
Davisburg,4,5
Davisburg,12,6
Davisburg,3,7
Davisburg,15,8
Davisburg,3,9
Davisburg,5,10
Davisburg,1,11
Davisburg,3,12
Davisburg,2,13
Davisburg,3,14
Davisburg,8,15
Davisburg,5,16
Davisburg,4,17
Davisburg,6,18
Davisburg,3,19
Davisburg,1,20
Davisburg,3,21
Davisburg,1,22
Davisburg,1,23
Davison,4,0
Davison,5,1
Davison,6,2
Davison,6,3
Davison,42,4
Davison,12,5
Davison,39,6
Davison,50,7
Davison,33,8
Davison,16,9
Davison,10,10
Davison,18,11
Davison,12,12
Davison,9,13
Davison,11,14
Davison,16,15
Davison,14,16
Davison,21,17
Davison,18,18
Davison,8,19
Davison,10,20
Davison,7,21
Davison,3,22
Davison,5,23
Daviston,1,6
Daviston,1,7
Daviston,1,8
Daviston,1,9
Daviston,2,13
Dawn,1,13
Dawson,1,0
Dawson,5,1
Dawson,4,2
Dawson,2,5
Dawson,3,7
Dawson,6,8
Dawson,3,9
Dawson,6,11
Dawson,3,12
Dawson,1,13
Dawson,2,14
Dawson,4,15
Dawson,3,16
Dawson,2,17
Dawson,4,18
Dawson,1,19
Dawson,2,21
Dawson Springs,1,17
Dawsonville,1,8
Dawsonville,1,9
Dawsonville,2,11
Dawsonville,1,12
Dawsonville,2,20
Dawsonville,4,21
Dayton,68,0
Dayton,65,1
Dayton,60,2
Dayton,29,3
Dayton,186,4
Dayton,133,5
Dayton,232,6
Dayton,495,7
Dayton,527,8
Dayton,134,9
Dayton,155,10
Dayton,173,11
Dayton,227,12
Dayton,209,13
Dayton,314,14
Dayton,420,15
Dayton,708,16
Dayton,717,17
Dayton,384,18
Dayton,290,19
Dayton,138,20
Dayton,127,21
Dayton,107,22
Dayton,81,23
Daytona Beach,10,0
Daytona Beach,3,1
Daytona Beach,7,2
Daytona Beach,8,3
Daytona Beach,23,4
Daytona Beach,20,5
Daytona Beach,23,6
Daytona Beach,33,7
Daytona Beach,22,8
Daytona Beach,12,9
Daytona Beach,19,10
Daytona Beach,52,11
Daytona Beach,40,12
Daytona Beach,36,13
Daytona Beach,39,14
Daytona Beach,48,15
Daytona Beach,48,16
Daytona Beach,40,17
Daytona Beach,30,18
Daytona Beach,19,19
Daytona Beach,25,20
Daytona Beach,28,21
Daytona Beach,22,22
Daytona Beach,15,23
Dayville,2,0
Dayville,2,2
Dayville,1,3
Dayville,1,4
Dayville,2,6
Dayville,2,8
Dayville,2,10
Dayville,1,11
Dayville,2,12
Dayville,1,13
Dayville,4,15
Dayville,8,17
Dayville,4,20
Dayville,3,22
Dayville,4,23
Dazey,1,7
De Beque,9,1
De Beque,2,2
De Beque,7,5
De Beque,18,6
De Beque,9,7
De Beque,11,8
