City,Severity,Total Accidents
Aaronsburg,2,12
Abbeville,1,4
Abbeville,2,195
Abbeville,4,5
Abbotsford,2,5
Abbott,3,2
Abbottstown,2,40
Abbottstown,4,6
Aberdeen,1,2
Aberdeen,2,497
Aberdeen,3,30
Aberdeen,4,29
Abernathy,2,1
Abilene,2,23
Abilene,3,2
Abilene,4,3
Abingdon,1,2
Abingdon,2,497
Abingdon,3,57
Abingdon,4,44
Abington,1,76
Abington,2,620
Abington,3,1
Abington,4,1
Abrams,2,3
Absarokee,2,13
Absecon,2,82
Absecon,3,1
Absecon,4,5
Acampo,1,2
Acampo,2,420
Acampo,4,2
Accident,2,27
Accident,3,2
Accident,4,8
Accokeek,1,1
Accokeek,2,119
Accokeek,4,2
Accomac,2,18
Accomac,4,3
Accord,2,2
Accord,4,1
Ackley,2,1
Acme,2,31
Acme,3,1
Acoma,2,7
Acosta,2,2
Acra,2,2
Acra,4,2
Acton,1,18
Acton,2,933
Acton,3,4
Acton,4,4
Acushnet,2,1
Acworth,1,1
Acworth,2,164
Acworth,3,53
Acworth,4,11
Ada,1,5
Ada,2,82
Ada,3,1
Ada,4,2
Adah,2,3
Adah,4,2
Adair,2,40
Adair,3,6
Adair,4,3
Adair Village,2,1
Adairsville,2,77
Adairsville,3,11
Adairsville,4,7
Adams,2,85
Adams,3,1
Adams,4,4
Adams Center,2,5
Adams Run,2,7
Adamsburg,2,2
Adamsburg,4,5
Adamstown,2,24
Adamstown,4,8
Adamsville,2,7
Addis,2,7
Addis,4,2
Addison,1,55
Addison,2,530
Addison,3,92
Addison,4,7
Addy,2,3
Addyston,2,1
Adel,2,114
Adel,3,16
Adel,4,5
Adelanto,1,1
Adelanto,2,188
Adelanto,3,1
Adelanto,4,2
Adelphi,2,20
Adelphi,3,1
Adelphi,4,1
Adin,2,13
Adkins,2,1
Adrian,2,180
Adrian,3,4
Adrian,4,6
Advance,2,85
Advance,3,11
Advance,4,12
Afton,1,1
Afton,2,231
Afton,3,4
Afton,4,26
Agate,2,16
Agate,3,6
Agate,4,1
Agawam,1,1
Agency,2,5
Agency,4,1
Agoura Hills,1,3
Agoura Hills,2,425
Aguila,2,4
Aguila,4,1
Aguilar,2,14
Aguilar,3,7
Aguilar,4,1
Ahoskie,2,23
Ahoskie,4,7
Ahwahnee,2,58
Ahwahnee,4,1
Aiken,1,15
Aiken,2,995
Aiken,3,25
Aiken,4,8
Ailey,2,3
Ailey,4,1
Ainsworth,2,13
Ainsworth,4,1
Airmont,2,5
Airville,1,2
Airville,2,15
Airville,4,4
Airway Heights,2,9
Airway Heights,3,1
Aitkin,1,3
Aitkin,2,162
Ajo,1,1
Ajo,2,97
Ajo,4,6
Akeley,2,88
Akron,1,28
Akron,2,855
Akron,3,666
Akron,4,17
Alabaster,1,2
Alabaster,2,189
Alabaster,3,72
Alabaster,4,6
Alachua,2,300
Alachua,3,43
Alachua,4,4
Alameda,2,27
Alamo,1,8
Alamo,2,570
Alamo,3,117
Alamo,4,4
Alamogordo,2,3
Alamosa,2,26
Alamosa,4,12
Alanson,1,1
Alanson,2,10
Alanson,4,8
Alapaha,2,5
Alapaha,4,1
Albany,1,5
Albany,2,2605
Albany,3,171
Albany,4,71
Albemarle,2,15
Albemarle,4,3
Albers,2,2
Albers,3,12
Albers,4,1
Albert City,2,4
Albert City,4,2
Albert Lea,2,399
Albert Lea,3,6
Albert Lea,4,1
Alberta,2,100
Alberta,3,15
Alberta,4,11
Alberton,2,147
Alberton,4,3
Albertson,2,26
Albertson,4,5
Albertville,2,190
Albertville,3,13
Albertville,4,1
Albia,2,2
Albia,4,4
Albin,2,1
Albion,2,129
Albion,3,7
Albion,4,20
Albrightsville,2,6
Albrightsville,4,1
Albuquerque,1,101
Albuquerque,2,1455
Albuquerque,3,467
Albuquerque,4,17
Alburgh,2,2
Alburgh,4,2
Alburtis,2,1
Alcoa,2,29
Alcoa,4,1
Alcolu,1,1
Alcolu,2,165
Alcolu,3,16
Alcolu,4,8
Alcove,2,2
Alda,2,1
Alda,3,2
Aldan,2,8
Alden,2,71
Alden,4,3
Alder,2,1
Alder Creek,2,5
Alderpoint,1,1
Alderpoint,2,23
Alderson,2,1
Aldie,1,5
Aldie,2,180
Aldie,3,4
Aldie,4,19
Aldrich,2,12
Aledo,2,74
Aledo,3,24
Aledo,4,2
Alexander,2,40
Alexander,3,3
Alexander,4,6
Alexander City,2,15
Alexandria,1,9
Alexandria,2,3065
Alexandria,3,326
Alexandria,4,59
Alexandria Bay,2,4
Alexandria Bay,3,1
Alexandria Bay,4,1
Alexis,4,1
Alford,2,42
Alford,4,3
Alfred,2,2
Alfred Station,2,2
Alger,2,4
Algodones,2,9
Algodones,3,2
Algodones,4,2
Algona,2,1
Algonac,2,2
Algonquin,1,1
Algonquin,2,13
Alhambra,2,888
Alhambra,3,216
Alhambra,4,3
Aliceville,2,4
Aliquippa,2,33
Aliquippa,3,4
Aliquippa,4,5
Aliso Viejo,2,144
Aliso Viejo,4,1
Allegan,2,2
Allegan,4,3
Allegany,2,4
Allegany,3,2
Allegany,4,2
Alleghany,1,1
Alleghany,2,1
Allen,2,280
Allen,3,2
Allen,4,3
Allen Park,1,1
Allen Park,2,198
Allen Park,3,51
Allen Park,4,4
Allendale,1,11
Allendale,2,118
Allendale,4,2
Allenhurst,2,1
Allenhurst,4,2
Allenstown,1,1
Allensville,2,15
Allenton,2,24
Allenton,3,10
Allenton,4,1
Allentown,1,10
Allentown,2,968
Allentown,3,133
Allentown,4,35
Allenwood,2,133
Allenwood,3,1
Allenwood,4,7
Alleyton,2,4
Alleyton,3,1
Alleyton,4,2
Alliance,1,3
Alliance,2,15
Alliance,4,1
Allison,2,1
Allison Park,1,1
Allison Park,2,25
Allison Park,3,1
Allison Park,4,4
Allons,2,2
Allons,4,1
Allport,2,9
Allston,1,11
Allston,2,96
Allston,3,29
Allyn,2,14
Allyn,4,2
Alma,2,65
Alma,3,13
Alma,4,16
Almond,2,6
Almond,4,2
Almont,2,3
Almont,4,1
Almyra,4,1
Alpaugh,2,9
Alpena,2,12
Alpena,4,4
Alpha,2,21
Alpha,3,4
Alpharetta,1,1
Alpharetta,2,172
Alpharetta,4,3
Alpine,1,1
Alpine,2,96
Alpine,3,1
Alpine,4,10
Alpine Meadows,2,8
Alplaus,2,1
Alplaus,4,3
Alsea,2,42
Alsea,4,3
Alsip,2,117
Alsip,3,50
Alsip,4,1
Alstead,2,1
Alta,2,464
Alta,3,24
Alta,4,8
Alta Vista,2,3
Alta Vista,4,1
Altadena,1,6
Altadena,2,440
Altadena,3,6
Altamont,2,32
Altamont,3,9
Altamont,4,1
Altamonte Springs,1,1
Altamonte Springs,2,572
Altamonte Springs,3,37
Altamonte Springs,4,7
Altavista,2,37
Altavista,4,5
Altha,1,1
Altha,2,35
Altha,3,1
Altha,4,1
Altheimer,2,2
Altheimer,4,2
Altmar,2,3
Altmar,4,1
Alto,1,7
Alto,2,32
Alto,4,3
Alton,2,45
Alton,3,2
Alton,4,4
Alton Bay,2,2
Altona,2,1
Altoona,1,17
Altoona,2,1026
Altoona,3,52
Altoona,4,28
Altura,2,19
Altura,4,1
Alturas,2,98
Alturas,4,1
Altus,2,3
Altus,4,2
Alum Bank,1,1
Alum Bank,2,61
Alum Bank,3,1
Alum Bank,4,2
Alum Creek,2,11
Alva,1,10
Alva,2,155
Alva,3,2
Alva,4,3
Alvada,2,1
Alvarado,2,38
Alvarado,3,9
Alvaton,2,1
Alverda,4,1
Alverton,2,2
Alverton,4,2
Alvin,2,10
Alvin,3,1
Alviso,2,32
Alviso,3,1
Alzada,2,15
Alzada,4,3
Amador City,2,4
Amagansett,2,13
Amagansett,4,2
Amagon,2,3
Amana,2,3
Amana,4,1
Amanda,2,2
Amanda Park,2,2
Amargosa Valley,2,7
Amargosa Valley,4,3
Amarillo,1,1
Amarillo,2,25
Amarillo,3,1
Amarillo,4,6
Amawalk,2,16
Amazonia,2,4
Ambler,1,19
Ambler,2,625
Ambler,3,3
Ambler,4,3
Amboy,1,1
Amboy,2,37
Amboy,3,1
Ambridge,2,17
Ambridge,4,7
Ambrose,2,3
Ambrose,4,1
Amelia,2,21
Amelia,3,1
Amelia Court House,2,138
Amelia Court House,3,1
Amelia Court House,4,51
Amenia,2,49
American Canyon,1,6
American Canyon,2,332
American Canyon,3,32
American Canyon,4,2
American Falls,2,13
American Falls,4,2
American Fork,1,8
American Fork,2,269
American Fork,3,82
American Fork,4,6
Americus,2,6
Americus,4,1
Amery,2,2
Ames,2,155
Ames,3,18
Ames,4,11
Amesbury,1,1
Amesbury,2,18
Amesbury,3,4
Amherst,2,120
Amherst,3,57
Amherst,4,13
Amherst Junction,2,2
Amidon,2,6
Amissville,2,10
Amissville,4,3
Amite,2,1
Amity,2,72
Amity,4,6
Amityville,2,131
Amityville,3,1
Amityville,4,5
Amma,2,7
Amsterdam,2,155
Amsterdam,3,5
Amsterdam,4,2
Amston,2,9
Amston,4,4
Anacoco,2,1
Anaconda,2,182
Anaconda,4,4
Anacortes,2,45
Anacortes,3,2
Anacortes,4,5
Anaheim,1,24
Anaheim,2,6549
Anaheim,3,166
Anaheim,4,12
Anaheim-Santa Ana-Garden Grove,2,2
Anahuac,2,2
Anahuac,3,3
Analomink,2,1
Anamoose,2,2
Anamosa,2,18
Anamosa,3,1
Anamosa,4,2
Anatone,2,2
Ancram,2,38
Ancramdale,2,4
Andalusia,2,24
Andalusia,3,1
Andalusia,4,2
Anderson,1,282
Anderson,2,3918
Anderson,3,85
Anderson,4,40
Andersonville,1,1
Andersonville,2,42
Andersonville,3,3
Andes,1,1
Andes,2,5
Andes,4,2
Andover,1,2
Andover,2,343
Andover,3,136
Andover,4,13
Andreas,2,3
Andrews,1,14
Andrews,2,195
Andrews,4,14
Andrews Air Force Base,1,1
Andrews Air Force Base,2,83
Aneta,2,2
Aneth,2,19
Angel Fire,2,1
Angels Camp,2,151
Angier,2,59
Angier,4,17
Angleton,2,22
Angola,2,86
Angola,3,1
Angola,4,2
Angora,2,18
Angora,4,1
Angwin,1,1
Angwin,2,55
Angwin,4,1
Anita,2,60
Anita,3,5
Anita,4,5
Aniwa,2,1
Aniwa,4,1
Ankeny,2,147
Ankeny,3,23
Ankeny,4,10
Ann Arbor,1,3
Ann Arbor,2,626
Ann Arbor,3,57
Ann Arbor,4,47
Anna,2,42
Anna,3,12
Anna,4,1
Anna Maria,2,4
Annandale,1,3
Annandale,2,645
Annandale,3,115
Annandale,4,9
Annapolis,1,8
Annapolis,2,722
Annapolis,3,18
Annapolis,4,33
Annapolis Junction,1,2
Annapolis Junction,2,81
Annapolis Junction,3,2
Annapolis Junction,4,1
Anniston,1,4
Anniston,2,67
Anniston,3,18
Anniston,4,4
Annville,1,1
Annville,2,161
Annville,3,17
Annville,4,24
Anoka,1,12
Anoka,2,513
Anoka,3,3
Anoka,4,8
Ansley,2,1
Ansley,4,1
Anson,2,1
Ansonia,2,32
Ansonia,4,4
Ansted,2,2
Antelope,1,5
Antelope,2,669
Antelope,4,6
Anthem,2,6
Anthony,2,40
Antigo,2,2
Antimony,2,5
Antioch,1,85
Antioch,2,3609
Antioch,3,198
Antioch,4,17
Anton,2,1
Anton,4,1
Anton Chico,2,3
Anton Chico,4,1
Antonito,2,8
Antonito,4,3
Antrim,2,2
Antwerp,2,2
Apache Junction,1,2
Apache Junction,2,75
Apache Junction,4,1
Apalachin,2,16
Apex,1,27
Apex,2,760
Apex,3,5
Apex,4,18
Apison,1,1
Apison,2,47
Apollo,2,81
Apollo,4,17
Apollo Beach,1,6
Apollo Beach,2,189
Apollo Beach,3,73
Apollo Beach,4,3
Apopka,1,11
Apopka,2,1061
Apopka,3,8
Apopka,4,8
Apple Creek,2,3
Apple Valley,1,3
Apple Valley,2,397
Apple Valley,3,18
Apple Valley,4,2
Applegate,2,80
Applegate,3,4
Applegate,4,3
Appleton,2,163
Appleton,3,52
Appleton,4,10
Appling,2,12
Appling,3,2
Appomattox,2,32
Appomattox,4,12
Aptos,1,14
Aptos,2,705
Aptos,3,1
Aptos,4,1
Aquasco,2,1
Arab,2,23
Arabi,2,13
Arabi,3,3
Arabi,4,1
Arapahoe,2,3
Ararat,2,6
Ararat,4,5
Arbuckle,1,2
Arbuckle,2,177
Arbuckle,3,4
Arbuckle,4,2
Arbyrd,2,1
Arbyrd,4,1
Arcade,2,8
Arcadia,1,7
Arcadia,2,994
Arcadia,3,103
Arcadia,4,17
Arcadia West,1,2
Arcanum,2,12
Arcata,1,3
Arcata,2,272
Arcata,4,1
Arch Cape,2,18
Archbald,2,12
Archbold,1,1
Archbold,2,18
Archbold,3,22
Archdale,2,2
Archdale,4,1
Archer,2,75
Archer City,2,4
Arco,2,5
Arco,4,2
Arcola,2,2
Arcola,3,15
Arcola,4,2
Ardara,2,3
Ardara,4,2
Arden,1,1
Arden,2,433
Arden,3,97
Arden,4,42
Ardmore,1,8
Ardmore,2,210
Ardmore,3,15
Ardmore,4,1
Ardsley,2,101
Ardsley,3,17
Ardsley,4,1
Argenta,3,3
Argos,2,6
Argos,4,1
Argusville,2,43
Argyle,2,77
Argyle,3,14
Argyle,4,2
Ariel,2,13
Ariel,4,2
Arimo,2,2
Aripeka,2,2
Ariton,2,16
Arkadelphia,2,132
Arkadelphia,3,1
Arkadelphia,4,12
Arkansas City,2,1
Arlee,2,56
Arlee,4,4
Arleta,2,64
Arleta,3,2
Arleta,4,1
Arlington,1,13
Arlington,2,4215
Arlington,3,775
Arlington,4,81
Arlington Heights,1,3
Arlington Heights,2,145
Arlington Heights,3,25
Arlington Heights,4,7
Armagh,2,2
Armbrust,2,1
Armington,2,1
Armona,1,1
Armona,2,85
Armonk,1,1
Armonk,2,124
Armonk,3,21
Armonk,4,1
Armstrong,2,3
Armstrong,4,2
Armuchee,2,11
Armuchee,3,1
Armuchee,4,1
Arnegard,2,1
Arnold,1,4
Arnold,2,277
Arnold,3,28
Arnold,4,6
Arnoldsville,2,2
Arnoldsville,4,1
Aromas,1,4
Aromas,2,228
Aromas,3,1
Aromas,4,3
Arona,2,7
Arona,4,1
Arrey,2,2
Arrey,4,1
Arriba,2,3
Arriba,3,2
Arriba,4,3
Arrington,2,42
Arrington,3,4
Arrington,4,7
Arroyo Grande,1,8
Arroyo Grande,2,506
Arroyo Grande,3,1
Arroyo Grande,4,2
Artesia,2,240
Artesia,3,2
Artesia,4,2
Arthur,2,2
Artois,2,7
Arundel,2,1
Arvada,1,11
Arvada,2,194
Arvada,3,38
Arvada,4,17
Arverne,2,4
Arvilla,2,6
Arvin,1,6
Arvin,2,372
Arvin,3,4
Arvin,4,7
Asbury,2,59
Asbury,3,17
Asbury,4,2
Asbury Park,2,67
Asbury Park,4,5
Ash,2,12
Ash,4,3
Ash Flat,2,2
Ash Flat,4,1
Ash Fork,1,1
Ash Fork,2,125
Ash Fork,3,15
Ash Fork,4,5
Ash Grove,2,16
Ash Grove,3,2
Ashaway,1,2
Ashaway,2,22
Ashaway,3,2
Ashburn,1,16
Ashburn,2,806
Ashburn,3,14
Ashburn,4,43
Ashburnham,2,1
Ashby,1,2
Ashby,2,225
Ashby,3,3
Ashdown,2,6
Ashdown,4,3
Asheboro,2,82
Asheboro,3,6
Asheboro,4,29
Asheville,1,9
Asheville,2,1774
Asheville,3,329
Asheville,4,125
Ashford,2,19
Ashford,4,3
Ashkum,2,1
Ashkum,3,21
Ashland,1,5
Ashland,2,1862
Ashland,3,127
Ashland,4,52
Ashland City,2,14
Ashland City,4,2
Ashley,2,26
Ashley,4,2
Ashtabula,2,17
Ashtabula,3,9
Ashton,2,9
Ashton,3,2
Ashuelot,2,2
Ashville,2,91
Ashville,3,9
Ashville,4,6
Askov,2,30
Aspen,2,30
Aspen,4,18
Aspers,1,3
Aspers,2,20
Aspers,4,2
Aspinwall,2,2
Assawoman,2,2
Assawoman,4,1
Assonet,2,17
Astatula,2,7
Astatula,4,3
Aston,2,158
Aston,3,7
Aston,4,10
Astor,2,57
Astor,4,3
Astoria,2,645
Astoria,3,49
Astoria,4,16
Atalissa,2,13
Atalissa,3,4
Atascadero,2,241
Atascadero,3,1
Atascosa,2,4
Atco,1,1
Atco,2,20
Atco,4,5
Atglen,2,36
Athena,2,22
Athens,1,14
Athens,2,644
Athens,3,44
Athens,4,19
Atherton,2,40
Atherton,3,1
Athol,2,7
Atkins,2,134
Atkins,3,13
Atkins,4,9
Atkinson,1,1
Atkinson,2,14
Atkinson,3,1
Atkinson,4,1
Atlanta,1,35
Atlanta,2,10604
Atlanta,3,4912
Atlanta,4,652
Atlanta-Decatur,2,3
Atlanta-Decatur,3,2
Atlantic,2,66
Atlantic,3,7
Atlantic,4,9
Atlantic Beach,2,6
Atlantic City,2,80
Atlantic City,4,6
Atlantic Highlands,2,4
Atlantic Highlands,4,1
Atlantic Mine,4,1
Atlas,2,3
Atmore,1,1
Atmore,2,71
Atmore,3,8
Atmore,4,12
Atoka,2,3
Attalla,2,24
Attalla,3,10
Attalla,4,7
Attica,2,20
Attica,4,6
Attleboro,1,1
Attleboro,2,121
Attleboro,3,39
Attleboro Falls,1,1
Attleboro Falls,2,37
Attleboro Falls,3,21
Atwater,1,7
Atwater,2,798
Atwater,3,5
Atwater,4,1
Atwood,2,7
Atwood,3,6
Atwood,4,4
Auberry,1,1
Auberry,2,155
Aubrey,4,1
Auburn,1,13
Auburn,2,1856
Auburn,3,180
Auburn,4,39
Auburn Hills,2,113
Auburn Hills,3,49
Auburn Hills,4,2
Auburndale,1,10
Auburndale,2,109
Auburndale,3,10
Auburndale,4,5
Auburntown,2,1
Auburntown,4,1
Audubon,2,33
Augusta,1,379
Augusta,2,2364
Augusta,3,101
Augusta,4,21
Ault,2,20
Ault,4,5
Aumsville,2,56
Aumsville,4,6
Aurora,1,20
Aurora,2,1108
Aurora,3,344
Aurora,4,58
Austell,1,2
Austell,2,226
Austell,3,127
Austell,4,8
Austerlitz,2,13
Austerlitz,3,2
Austerlitz,4,1
Austin,1,705
Austin,2,19788
Austin,3,561
Austin,4,117
Austinburg,2,5
Austinburg,3,3
Austinville,2,170
Austinville,3,23
Austinville,4,3
Autaugaville,2,22
Autaugaville,4,2
Autryville,2,14
Autryville,4,5
Auxvasse,2,9
Ava,2,6
Avalon,2,1
Avalon-Mulat,2,21
Avalon-Mulat,3,3
Ave Maria,2,2
Avella,2,17
Avella,4,4
Avenal,2,130
Avenal,3,2
Avenal,4,1
Avenel,2,58
Avenel,3,2
Avenel,4,4
Aventura,2,524
Averill Park,2,66
Averill Park,4,6
Avery,2,6
Avila Beach,1,1
Avila Beach,2,59
Avilla,2,1
Avis,2,11
Avoca,2,59
Avoca,3,7
Avoca,4,5
Avon,1,9
Avon,2,366
Avon,3,32
Avon,4,30
Avon By the Sea,2,1
Avon By the Sea,4,1
Avon Park,1,2
Avon Park,2,183
Avon Park,3,1
Avon Park,4,1
Avondale,1,7
Avondale,2,681
Avondale,3,113
Avondale,4,6
Avondale Estates,2,29
Avondale Estates,3,7
Avondale Estates,4,1
Avonmore,2,13
Avonmore,4,3
Awendaw,2,11
Awendaw,3,1
Axis,2,2
Axis,3,1
Axson,2,1
Axson,4,1
Axtell,2,1
Axton,2,20
Axton,4,10
Ayden,2,14
Ayden,4,8
Ayer,1,1
Ayer,2,10
Ayer,4,2
Aylett,2,20
Aylett,4,8
Aynor,1,4
Aynor,2,171
Aynor,3,1
Azalea,2,84
Azle,2,5
Aztec,2,1
Azusa,1,5
Azusa,2,1219
Azusa,3,239
Azusa,4,3
Babb,2,26
Babson Park,2,2
Babylon,1,2
Babylon,2,41
Babylon,3,2
Babylon,4,2
Backus,2,69
Baconton,2,10
Baconton,4,2
Baden,2,5
Baden,4,4
Badger,2,22
Bagdad,2,3
Bagley,2,50
Bahama,2,2
Bailey,2,98
Bailey,3,3
Bailey,4,14
Baileys Harbor,2,2
Baileys Harbor,4,5
Baileyton,2,7
Baileyton,4,1
Bainbridge,1,1
Bainbridge,2,45
Bainbridge,3,3
Bainbridge,4,5
Bainbridge Island,2,2
Bainville,2,4
Baird,2,1
Baird,3,3
Baird,4,2
Baker,1,18
Baker,2,417
Baker,4,1
Baker City,2,581
Baker City,3,16
Baker City,4,71
Bakers Mills,2,5
Bakersfield,1,81
Bakersfield,2,8869
Bakersfield,3,38
Bakersfield,4,46
Bakersville,2,11
Bakersville,4,1
Bal Harbour,1,1
Bal Harbour,2,54
Bala Cynwyd,1,13
Bala Cynwyd,2,583
Bala Cynwyd,3,63
Bala Cynwyd,4,9
Balaton,2,26
Balch Springs,2,243
Balch Springs,3,218
Balch Springs,4,3
Bald Knob,2,23
Bald Knob,4,2
Baldwin,1,1
Baldwin,2,104
Baldwin,3,9
Baldwin,4,1
Baldwin City,4,1
Baldwin Park,1,2
Baldwin Park,2,2373
Baldwin Park,3,539
Baldwin Park,4,8
Baldwin Place,2,16
Baldwinsville,2,30
Baldwinsville,4,5
Baldwinville,2,1
Ball Ground,2,14
Ball Ground,3,2
Ball Ground,4,3
Ballantine,2,37
Ballard,2,1
Ballico,1,1
Ballico,2,52
Ballston Lake,2,108
Ballston Lake,3,1
Ballston Lake,4,3
Ballston Spa,2,471
Ballston Spa,3,10
Ballston Spa,4,13
Ballwin,2,39
Ballwin,3,1
Ballwin,4,2
Balmorhea,2,5
Balmorhea,3,3
Balmorhea,4,3
Balsam Grove,2,3
Balsam Grove,4,1
Baltimore,1,47
Baltimore,2,2014
Baltimore,3,286
Baltimore,4,120
Bamberg,1,3
Bamberg,2,100
Bancroft,2,12
Bancroft,3,3
Bancroft,4,1
Bandon,2,109
Bandon,3,1
Bandon,4,3
Bandy,2,3
Bandy,4,1
Bangor,1,1
Bangor,2,55
Bangor,3,10
Bangor,4,6
Banks,2,174
Banks,3,2
Banks,4,4
Bankston,2,2
Banner,2,12
Banner,4,2
Banner Elk,2,13
Bannockburn,2,3
Bapchule,2,69
Bapchule,3,2
Bapchule,4,1
Bar Harbor,2,1
Baraboo,2,50
Baraboo,3,4
Baraboo,4,2
Barberton,1,2
Barberton,2,42
Barberton,3,13
Barberton,4,1
Barboursville,2,172
Barboursville,4,8
Barclay,2,7
Barclay,4,3
Barco,2,4
Bard,2,3
Bard,3,1
Bardstown,2,4
Bardstown,4,1
Bardwell,2,1
Bardwell,4,2
Bargersville,2,2
Barhamsville,1,1
Barhamsville,2,23
Barhamsville,4,7
Baring,2,4
Barker,2,3
Barker,4,2
Barkhamsted,2,2
Barkhamsted,4,1
Barksdale,2,3
Barksdale AFB,2,4
Barksdale AFB,3,9
Barksdale AFB,4,1
Barling,2,2
Barling,4,2
Barnardsville,2,1
Barnardsville,4,1
Barnegat,2,57
Barnegat,4,4
Barnesville,2,116
Barnesville,3,18
Barnesville,4,10
Barnet,3,1
Barnett,1,1
Barnett,2,2
Barneveld,1,1
Barneveld,2,22
Barney,2,16
Barney,4,7
Barnhart,2,13
Barnhart,3,15
Barnhart,4,1
Barnhill,2,1
Barnhill,3,9
Barnstead,2,1
Barnum,2,62
Barnum,3,3
Barnwell,1,9
Barnwell,2,167
Barren Springs,2,1
Barren Springs,4,1
Barrett,2,7
Barrington,1,3
Barrington,2,609
Barrington,3,35
Barrington,4,8
Barry,3,6
Barstow,1,3
Barstow,2,336
Barstow,3,20
Barstow,4,2
Bartlett,1,29
Bartlett,2,253
Bartlett,3,1
Bartlett,4,3
Barto,1,1
Barto,2,23
Barto,4,2
Barton,2,3
Barton,4,1
Bartonsville,2,14
Bartonsville,3,2
Bartonsville,4,1
Bartow,1,7
Bartow,2,77
Bartow,3,1
Bartow,4,5
Basalt,2,1
Bascom,2,15
Basehor,2,12
Basehor,3,1
Basehor,4,1
Basin,2,19
Basin,4,1
Baskerville,2,16
Baskerville,4,6
Basking Ridge,2,88
Basking Ridge,3,28
Basking Ridge,4,3
Basom,4,1
Bass Lake,1,1
Bass Lake,2,47
Bassett,2,69
Bassett,3,2
Bassett,4,28
Bastian,2,53
Bastian,3,6
Bastian,4,7
Bastrop,1,1
Bastrop,2,7
Basye,2,1
Basye,4,2
Batavia,1,8
Batavia,2,337
Batavia,3,14
Batavia,4,4
Bates,2,39
Bates City,2,48
Bates City,3,6
Bates City,4,2
Batesburg,1,3
Batesburg,2,137
Batesburg,3,4
Batesburg,4,2
Batesburg-Leesville,1,6
Batesburg-Leesville,2,170
Batesburg-Leesville,3,1
Batesburg-Leesville,4,3
Batesville,2,53
Batesville,3,3
Batesville,4,11
Bath,2,43
Bath,4,12
Baton Rouge,1,634
Baton Rouge,2,21014
Baton Rouge,3,1116
Baton Rouge,4,68
Battle Creek,2,195
Battle Creek,3,49
Battle Creek,4,19
Battle Ground,2,28
Battle Ground,3,1
Battle Lake,2,40
Battle Mountain,2,45
Battle Mountain,3,5
Battle Mountain,4,2
Battleboro,2,36
Battleboro,3,6
Battleboro,4,4
Battlefield,2,4
Baudette,2,25
Bauxite,2,3
Baxley,2,5
Baxley,4,3
Baxter,1,1
Baxter,2,81
Baxter,3,1
Bay,2,16
Bay City,2,104
Bay City,3,6
Bay City,4,9
Bay Harbor Islands,2,24
Bay Minette,1,1
Bay Minette,2,102
Bay Minette,3,21
Bay Minette,4,10
Bay Pines,2,1
Bay Point,1,7
Bay Point,2,210
Bay Saint Louis,2,22
Bay Saint Louis,3,5
Bay Saint Louis,4,2
Bay Shore,1,8
Bay Shore,2,384
Bay Shore,3,4
Bay Shore,4,4
Bay Springs,2,2
Bay St Louis,1,1
Bay St Louis,2,28
Bay St Louis,4,3
Bayard,2,3
Bayard,4,1
Bayboro,2,2
Bayfield,2,8
Bayfield,4,6
Bayonne,2,162
Bayonne,3,14
Bayonne,4,4
Bayou La Batre,2,1
Bayport,1,3
Bayport,2,69
Bayport,3,1
Bayside,1,1
Bayside,2,472
Bayside,3,17
Bayside,4,6
Bayside Hills,3,1
Baytown,1,1
Baytown,2,94
Baytown,3,33
Baytown,4,13
Bayville,2,59
Bayville,4,1
Beach City,1,1
Beach City,2,7
Beach City,4,2
Beach Haven,2,1
Beach Lake,2,2
Beach Park,1,1
Beach Park,2,72
Beach Park,4,4
Beachwood,1,6
Beachwood,2,104
Beachwood,3,35
Beacon,1,1
Beacon,2,177
Beacon,3,37
Beacon,4,1
Beacon Falls,2,51
Beacon Falls,3,1
Beacon Falls,4,6
Beale AFB,2,5
Bealeton,2,248
Bealeton,3,5
Bealeton,4,35
Beallsville,2,6
Beallsville,4,3
Bean Station,2,2
Bean Station,4,1
Bear,1,8
Bear,2,194
Bear,3,2
Bear,4,24
Bear Creek,2,6
Bear Creek,4,1
Bear Creek Township,2,5
Bear Creek Township,3,1
Bear Creek Township,4,2
Bear Lake,2,2
Bear Mountain,2,17
Bearcreek,2,3
Bearden,2,10
Bearden,4,4
Beasley,2,6
Beasley,4,1
Beatrice,2,5
Beatty,2,21
Beatty,4,1
Beattyville,2,1
Beattyville,4,1
Beaufort,1,29
Beaufort,2,694
Beaufort,4,1
Beaumont,1,1
Beaumont,2,41
Beaumont,3,15
Beaumont,4,7
Beaver,1,1
Beaver,2,248
Beaver,3,18
Beaver,4,6
Beaver Creek,2,7
Beaver Crossing,2,15
Beaver Crossing,3,1
Beaver Crossing,4,2
Beaver Dam,2,3
Beaver Falls,2,61
Beaver Falls,3,9
Beaver Falls,4,9
Beaver Springs,1,2
Beaver Springs,2,56
Beaver Springs,4,9
Beavercreek,1,1
Beavercreek,2,7
Beavercreek,3,2
Beavercreek Township,2,1
Beaverdale,2,3
Beaverdam,2,5
Beaverdam,4,3
Beaverton,1,1
Beaverton,2,452
Beaverton,3,3
Beaverton,4,16
Beavertown,2,27
Beavertown,4,4
Beccaria,2,2
Bechtelsville,2,13
Bechtelsville,4,2
Becker,1,1
Becker,2,64
Becket,2,6
Becket,3,1
Beckley,2,183
Beckley,4,3
Beckwourth,2,21
Beckwourth,4,3
Bedford,1,5
Bedford,2,767
Bedford,3,117
Bedford,4,74
Bedford Hills,2,50
Bedford Hills,3,2
Bedminster,2,193
Bedminster,3,70
Bedminster,4,6
Bee Branch,2,1
Bee Cave,2,4
Beebe,2,28
Beebe,4,6
Beech Creek,1,1
Beech Creek,2,63
Beech Creek,4,7
Beech Grove,1,2
Beech Grove,2,70
Beech Grove,3,31
Beech Grove,4,1
Beech Island,1,9
Beech Island,2,264
Beech Island,3,1
Beech Island,4,1
Beecher,2,5
Beecher,4,4
Beechgrove,2,9
Beechgrove,3,1
Beechgrove,4,3
Beersheba Springs,2,3
Beersheba Springs,4,1
Beeville,3,1
Beeville,4,1
Beggs,2,1
Bejou,2,1
Bel Air,1,2
Bel Air,2,241
Bel Air,3,23
Bel Air,4,12
Bel Alton,2,3
Bel Alton,4,1
Belcamp,2,12
Belcamp,4,2
Belcher,2,7
Belchertown,1,1
Belchertown,2,1
Belcourt,2,1
Belden,2,31
Belding,1,2
Belding,2,7
Belen,2,2
Belen,3,1
Belews Creek,2,11
Belews Creek,4,4
Belfair,2,60
Belfair,3,1
Belfair,4,3
Belfast,2,1
Belfield,2,18
Belford,2,1
Belfry,2,6
Belgium,2,4
Belgium,3,1
Belgrade,1,1
Belgrade,2,368
Belgrade,4,1
Belhaven,2,6
Belhaven,4,4
Belington,2,8
Belington,4,1
Bell,1,1
Bell,2,67
Bell Buckle,2,2
Bell Canyon,2,8
Bell Gardens,1,3
Bell Gardens,2,1212
Bell Gardens,3,106
Bell Gardens,4,2
Bella Vista,2,171
Bella Vista,4,2
Bellaire,1,2
Bellaire,2,138
Bellaire,3,77
Bellbrook,1,1
Bellbrook,2,5
Belle,2,48
Belle,4,2
Belle Center,2,10
Belle Fourche,2,3
Belle Fourche,4,2
Belle Glade,1,5
Belle Glade,2,18
Belle Haven,2,3
Belle Haven,4,1
Belle Isle,2,3
Belle Plaine,2,90
Belle Plaine,3,1
Belle Plaine,4,3
Belle Valley,3,1
Belle Vernon,2,121
Belle Vernon,3,8
Belle Vernon,4,7
Belleair,2,6
Belleair Beach,2,16
Belleair Beach,3,1
Belleair Bluffs,1,1
Belleair Bluffs,2,5
Bellefontaine,2,14
Bellefonte,1,3
Bellefonte,2,548
Bellefonte,3,58
Bellefonte,4,30
Bellemont,2,39
Bellemont,3,1
Bellerose,1,1
Bellerose,2,327
Bellerose,3,1
Bellerose,4,2
Belleview,1,3
Belleview,2,214
Belleview,4,8
Belleville,1,4
Belleville,2,358
Belleville,3,57
Belleville,4,20
Bellevue,1,7
Bellevue,2,794
Bellevue,3,319
Bellevue,4,9
Bellflower,1,7
Bellflower,2,871
Bellflower,3,11
Bellflower,4,2
Bellingham,2,192
Bellingham,3,111
Bellingham,4,18
Bellmawr,1,2
Bellmawr,2,689
Bellmawr,3,163
Bellmawr,4,3
Bellmore,1,1
Bellmore,2,318
Bellmore,3,1
Bellows Falls,2,4
Bellport,1,2
Bellport,2,52
Bells,2,5
Bells,3,2
Bells,4,4
Bellville,2,9
Bellvue,2,13
Bellvue,4,5
Bellwood,2,46
Bellwood,3,102
Belmar,2,169
Belmar,3,6
Belmar,4,3
Belmond,2,5
Belmont,1,15
Belmont,2,515
Belmont,3,81
Belmont,4,5
Belmont Hills,2,1
Beloit,1,1
Beloit,2,34
Beloit,3,12
Beloit,4,4
Belpre,2,6
Belsano,2,5
Belspring,2,1
Belspring,4,1
Belt,2,34
Belton,1,47
Belton,2,623
Belton,3,39
Belton,4,5
Beltsville,1,3
Beltsville,2,469
Beltsville,3,18
Beltsville,4,33
Belvedere Tiburon,1,1
Belvedere Tiburon,2,43
Belvedere-Tiburon,1,1
Belvedere-Tiburon,2,6
Belvidere,2,55
Belvidere,3,14
Belvidere,4,1
Belview,2,13
Belzoni,2,3
Bemidji,1,1
Bemidji,2,240
Bemus Point,4,1
Ben Lomond,1,3
Ben Lomond,2,170
Ben Lomond,4,1
Bena,2,16
Benbrook,2,1
Bend,2,1267
Bend,3,1
Bend,4,23
Bendersville,2,1
Benedict,2,2
Benedict,4,3
Benezett,2,5
Benicia,1,2
Benicia,2,353
Benicia,3,61
Benicia,4,3
Bennet,2,3
Bennet,4,2
Bennett,2,60
Bennett,3,6
Bennett,4,12
Bennettsville,1,17
Bennettsville,2,381
Bennettsville,3,1
Bennettsville,4,5
Bennington,2,7
Bennington,3,1
Bensalem,2,392
Bensalem,3,93
Bensalem,4,13
Bensenville,1,40
Bensenville,2,284
Benson,1,1
Benson,2,213
Benson,3,30
Benson,4,27
Bent Mountain,2,1
Bentleyville,2,39
Bentleyville,3,7
Bentleyville,4,4
Benton,2,453
Benton,3,42
Benton,4,52
Benton City,2,3
Benton City,4,1
Benton Harbor,2,184
Benton Harbor,3,55
Benton Harbor,4,24
Bentonia,2,1
Bentonville,1,1
Bentonville,2,140
Bentonville,3,1
Bentonville,4,24
Benwood,2,8
Berea,2,10
Berea,3,2
Beresford,2,1
Beresford,4,1
Bergen,2,65
Bergenfield,2,4
Bergholz,2,3
Bergholz,4,2
Bergton,2,6
Bergton,4,3
Berkeley,1,12
Berkeley,2,1650
Berkeley,3,346
Berkeley,4,9
Berkeley Heights,2,44
Berkeley Heights,3,13
Berkeley Heights,4,1
Berkeley Springs,2,26
Berkeley Springs,4,2
Berkley,2,8
Berkley,4,1
Berlin,1,4
Berlin,2,530
Berlin,3,7
Berlin,4,56
Berlin Center,2,1
Berlin Heights,2,8
Berlin Heights,3,5
Bern,2,1
Bern,4,1
Bernalillo,2,5
Bernalillo,3,2
Bernard,2,3
Bernardston,2,1
Bernardston,3,1
Bernardsville,2,1
Berne,2,4
Berne,4,3
Bernhards Bay,2,1
Bernhards Bay,4,1
Bernville,2,77
Bernville,3,8
Bernville,4,15
Berrien Springs,2,21
Berrien Springs,4,9
Berry,2,26
Berry,4,2
Berry Creek,2,67
Berry Creek,3,1
Berryville,2,204
Berryville,3,1
Berryville,4,24
Bertha,2,2
Berthold,2,8
Berthoud,2,63
Berthoud,3,6
Berthoud,4,6
Bertrand,2,5
Berwick,1,1
Berwick,2,140
Berwick,4,10
Berwyn,1,5
Berwyn,2,256
Berwyn,3,195
Berwyn,4,5
Berwyn Heights,2,2
Beryl,2,11
Beryl,3,1
Bessemer,1,2
Bessemer,2,265
Bessemer,3,114
Bessemer,4,11
Bessemer City,2,43
Bessemer City,3,3
Bessemer City,4,4
Bethany,1,2
Bethany,2,28
Bethany,3,3
Bethany,4,6
Bethany Beach,2,2
Bethel,1,1
Bethel,2,161
Bethel,3,7
Bethel,4,12
Bethel Heights,2,1
Bethel Island,2,33
Bethel Park,2,5
Bethel Park,4,1
Bethesda,1,1
Bethesda,2,1757
Bethesda,3,122
Bethesda,4,35
Bethlehem,1,4
Bethlehem,2,767
Bethlehem,3,53
Bethlehem,4,29
Bethpage,1,1
Bethpage,2,62
Bethpage,4,3
Bethune,1,2
Bethune,2,71
Bethune,4,1
Bettendorf,2,89
Bettendorf,3,19
Bettendorf,4,13
Beulah,2,7
Beulah,4,3
Beulaville,2,15
Beulaville,4,5
Beverly,1,2
Beverly,2,38
Beverly Hills,1,3
Beverly Hills,2,74
Beverly Hills,4,2
Bicknell,2,1
Biddeford,2,2
Biddeford,3,10
Bidwell,2,3
Bieber,2,2
Big Arm,2,15
Big Bar,2,26
Big Bear City,2,40
Big Bear City,4,1
Big Bend,2,12
Big Bend,3,7
Big Bend,4,1
Big Cove Tannery,2,8
Big Falls,2,18
Big Island,2,13
Big Island,4,6
Big Lake,1,4
Big Lake,2,102
Big Lake,4,1
Big Oak Flat,2,3
Big Oak Flat,4,1
Big Pine,2,74
Big Pine Key,2,38
Big Pine Key,4,6
Big Pool,2,51
Big Pool,3,7
Big Pool,4,5
Big Rapids,2,2
Big Rock,2,4
Big Rock,4,3
Big Run,2,23
Big Run,4,2
Big Sandy,2,16
Big Sky,2,144
Big Spring,2,10
Big Spring,3,6
Big Spring,4,2
Big Springs,2,14
Big Springs,3,2
Big Springs,4,4
Big Stone Gap,2,19
Big Stone Gap,4,3
Big Sur,1,4
Big Sur,2,214
Big Timber,2,152
Big Timber,4,1
Bigelow,2,25
Bigfork,2,221
Bigfork,4,8
Biggers,2,6
Biggs,1,1
Biggs,2,84
Biggs,4,1
Bighorn,2,12
Biglerville,1,2
Biglerville,2,43
Biglerville,4,3
Billerica,1,26
Billerica,2,163
Billings,2,775
Billings,4,7
Billingsley,2,12
Billingsley,4,3
Biloxi,2,50
Biloxi,3,9
Biloxi,4,3
Binford,2,2
Bingen,2,12
Bingham Lake,1,3
Bingham Lake,2,33
Binghamton,2,139
Binghamton,3,33
Binghamton,4,7
Biola,2,10
Birch River,2,2
Birch Run,2,32
Birch Run,3,4
Birch Run,4,1
Birchwood,1,2
Birchwood,2,30
Birchwood,4,1
Bird in Hand,1,3
Bird in Hand,2,57
Bird in Hand,3,1
Bird in Hand,4,3
Bird Island,2,12
Birds Landing,2,13
Birds Lndg,2,1
Birdsboro,2,96
Birdsboro,3,8
Birdsboro,4,6
Birdseye,2,7
Birdseye,4,3
Birdsnest,2,7
Birdsnest,4,1
Birmingham,1,64
Birmingham,2,4376
Birmingham,3,1393
Birmingham,4,93
Birney,2,2
Biscayne Park,2,22
Biscoe,2,100
Biscoe,3,2
Biscoe,4,12
Bishop,1,1
Bishop,2,415
Bishop,3,1
Bishop,4,1
Bishopville,1,12
Bishopville,2,404
Bishopville,3,7
Bishopville,4,10
Bismarck,2,89
Bismarck,4,1
Bitely,2,1
Bivalve,2,2
Bivins,2,2
Bivins,4,2
Biwabik,2,19
Bixby,1,5
Bixby,2,8
Blachly,2,25
Black Canyon City,1,2
Black Canyon City,2,321
Black Canyon City,3,61
Black Canyon City,4,6
Black Creek,2,3
Black Creek,4,1
Black Diamond,2,3
Black Diamond,4,1
Black Eagle,2,19
Black Earth,2,3
Black Hawk,2,10
Black Hawk,4,8
Black Mountain,2,46
Black Mountain,3,16
Black Mountain,4,6
Black Oak,2,2
Black River Falls,2,18
Black River Falls,3,8
Black Rock,2,8
Blackduck,1,1
Blackduck,2,23
Blackfoot,2,37
Blackfoot,4,2
Blacklick,2,24
Blacksburg,1,6
Blacksburg,2,576
Blacksburg,3,68
Blacksburg,4,16
Blackshear,2,8
Blackshear,4,2
Blackstock,1,3
Blackstock,2,77
Blackstock,3,2
Blackstone,1,4
Blackstone,2,80
Blackstone,3,3
Blackstone,4,20
Blacksville,2,1
Blackville,1,5
Blackville,2,77
Blackwater,2,24
Blackwater,3,6
Blackwater,4,1
Blackwood,1,3
Blackwood,2,430
Blackwood,3,1
Blackwood,4,6
Bladen,2,1
Bladenboro,2,10
Bladenboro,4,3
Bladensburg,2,59
Blaine,2,29
Blaine,3,13
Blaine,4,3
Blair,1,2
Blair,2,44
Blair,3,1
Blair,4,8
Blairs,1,1
Blairs,2,35
Blairs,4,6
Blairs Mills,2,6
Blairsburg,2,9
Blairsburg,4,1
Blairsden Graeagle,2,74
Blairsden-Graeagle,2,7
Blairstown,1,1
Blairstown,2,70
Blairstown,3,12
Blairstown,4,2
Blairsville,2,89
Blairsville,3,1
Blairsville,4,26
Blakely,2,3
Blakely,4,4
Blakesburg,2,1
Blakeslee,2,12
Blakeslee,3,2
Blanca,2,7
Blanca,4,3
Blanchard,2,7
Blanchester,2,1
Blanchester,4,1
Bland,2,122
Bland,3,10
Bland,4,7
Blandburg,2,7
Blandford,2,11
Blandford,3,4
Blanding,2,41
Blandon,2,10
Blandon,4,5
Blauvelt,2,11
Blauvelt,4,3
Blencoe,2,9
Blencoe,3,1
Blencoe,4,2
Blenheim,1,3
Blenheim,2,43
Blevins,2,1
Bliss,2,27
Bliss,4,1
Blissfield,2,1
Blissfield,4,1
Blocksburg,2,6
Blodgett,2,41
Blodgett,4,3
Blomkest,2,32
Bloom,4,1
Bloomburg,2,3
Bloomburg,4,1
Bloomfield,1,3
Bloomfield,2,577
Bloomfield,3,6
Bloomfield,4,19
Bloomfield Hills,2,24
Bloomfield Hills,3,9
Blooming Prairie,2,79
Blooming Prairie,4,2
Bloomingburg,2,25
Bloomingburg,3,11
Bloomingburg,4,1
Bloomingdale,1,28
Bloomingdale,2,227
Bloomingdale,3,11
Bloomingdale,4,15
Bloomington,1,22
Bloomington,2,1641
Bloomington,3,158
Bloomington,4,20
Bloomington Springs,2,5
Bloomington Springs,4,1
Bloomsburg,1,1
Bloomsburg,2,415
Bloomsburg,3,31
Bloomsburg,4,11
Bloomsbury,2,26
Bloomsbury,3,1
Bloomsdale,2,1
Bloomville,2,2
Blossburg,2,40
Blossvale,1,2
Blossvale,2,32
Blossvale,4,1
Blounts Creek,2,1
Blountstown,2,65
Blountsville,1,10
Blountsville,2,117
Blountsville,3,3
Blountville,2,51
Blountville,3,7
Blountville,4,13
Blowing Rock,2,9
Blowing Rock,4,1
Bloxom,2,13
Bloxom,4,3
Blue Ash,2,2
Blue Bell,1,7
Blue Bell,2,313
Blue Bell,3,5
Blue Bell,4,6
Blue Earth,2,139
Blue Earth,3,3
Blue Eye,1,1
Blue Grass,2,4
Blue Grass,4,1
Blue Hill,2,2
Blue Hill,4,1
Blue Island,2,20
Blue Island,3,4
Blue Island,4,1
Blue Jay,2,24
Blue Lake,1,2
Blue Lake,2,165
Blue Mounds,2,2
Blue Mountain,4,1
Blue Mountain Lake,2,1
Blue Point,2,1
Blue Ridge,1,1
Blue Ridge,2,42
Blue Ridge,3,1
Blue Ridge,4,11
Blue Ridge Summit,4,1
Blue River,2,373
Blue River,4,18
Blue Springs,1,1
Blue Springs,2,294
Blue Springs,3,38
Blue Springs,4,8
Bluefield,2,47
Bluefield,3,1
Bluefield,4,7
Bluemont,2,68
Bluemont,3,1
Bluemont,4,8
Bluewater,2,2
Bluff,2,14
Bluff City,2,4
Bluff City,4,1
Bluffs,3,5
Bluffton,1,14
Bluffton,2,362
Bluffton,3,13
Bluffton,4,8
Blythe,1,8
Blythe,2,269
Blythe,3,7
Blythe,4,3
Blytheville,2,74
Blytheville,3,1
Blytheville,4,12
Blythewood,1,22
Blythewood,2,607
Blythewood,3,20
Blythewood,4,7
Boalsburg,1,1
Boalsburg,2,138
Boalsburg,4,20
Boardman,2,172
Boardman,3,6
Boaz,2,19
Boca Ciega,2,3
Boca Grande,2,21
Boca Raton,1,16
Boca Raton,2,1729
Boca Raton,3,321
Boca Raton,4,5
Bock,2,3
Bodega,2,16
Bodega Bay,1,6
Bodega Bay,2,123
Bodfish,2,61
Boerne,2,29
Boerne,3,27
Boerne,4,2
Bogart,2,13
Bogart,4,1
Bogata,4,1
Bogota,2,21
Bogue Chitto,2,9
Bogue Chitto,3,3
Bogue Chitto,4,2
Bohemia,1,4
Bohemia,2,119
Bohemia,3,2
Bohemia,4,2
Boiceville,2,2
Boiceville,4,1
Boiling Springs,1,114
Boiling Springs,2,1341
Boiling Springs,3,14
Boiling Springs,4,2
Bois D Arc,2,10
Bois D'Arc,2,18
Boise,2,1548
Boise,3,2
Boise,4,11
Bokeelia,1,2
Bokeelia,2,23
Bokeelia,4,1
Boles,2,6
Boles,4,3
Boligee,2,41
Boligee,3,2
Boligee,4,2
Bolinas,1,1
Bolinas,2,42
Bolingbrook,2,155
Bolingbrook,3,291
Bolingbrook,4,2
Bolivar,2,31
Bolivar,3,13
Bolivar,4,3
Bolivia,1,1
Bolivia,2,21
Bolivia,4,8
Bolton,1,9
Bolton,2,115
Bolton,3,5
Bolton,4,17
Bolton Landing,2,10
Bolton Landing,4,2
Bon Aqua,2,5
Bon Aqua,3,1
Bon Aqua,4,3
Bonaire,2,27
Bonaire,3,1
Bonaire,4,6
Bonanza,2,104
Bonanza,4,2
Bond,2,24
Bond,4,6
Bonduel,2,5
Bonduel,4,2
Bondurant,1,1
Bondurant,2,23
Bondville,2,2
Bonfield,1,1
Bonfield,2,2
Bonifay,1,1
Bonifay,2,180
Bonifay,3,5
Bonita,2,37
Bonita,3,13
Bonita Springs,1,27
Bonita Springs,2,1976
Bonita Springs,3,56
Bonita Springs,4,9
Bonne Terre,3,1
Bonneau,1,4
Bonneau,2,118
Bonneau,3,1
Bonneau,4,1
Bonner,2,65
Bonner,4,1
Bonner Springs,2,127
Bonner Springs,3,7
Bonner Springs,4,2
Bonnerdale,2,2
Bonners Ferry,2,1
Bonney Lake,1,3
Bonney Lake,2,33
Bonnie,3,4
Bonnieville,2,9
Bonnieville,3,1
Bonnieville,4,3
Bono,2,27
Bono,4,4
Bonsall,1,1
Bonsall,2,309
Bonsall,3,4
Boomer,2,6
Boomer,4,4
Boone,2,84
Boone,3,3
Boone,4,16
Boones Mill,2,91
Boones Mill,3,1
Boones Mill,4,12
Booneville,2,14
Booneville,4,5
Boonsboro,2,152
Boonsboro,3,5
Boonsboro,4,14
Boonton,2,35
Boonton,3,6
Boonville,2,121
Boonville,3,8
Boonville,4,15
Borden,2,2
Bordentown,1,4
Bordentown,2,474
Bordentown,3,63
Bordentown,4,14
Borger,2,4
Borger,4,5
Boring,2,119
Boring,3,1
Boring,4,11
Boron,1,1
Boron,2,122
Boron,4,1
Boscawen,2,2
Boscobel,2,1
Bosler,2,14
Bosque,2,5
Bosque,3,4
Bosque Farms,2,7
Bosque Farms,4,3
Bossier City,2,208
Bossier City,3,131
Bossier City,4,13
Bostic,2,8
Bostic,4,2
Boston,1,102
Boston,2,1149
Boston,3,321
Boston,4,7
Boswell,1,2
Boswell,2,100
Boswell,4,7
Bothell,1,1
Bothell,2,283
Bothell,3,105
Bothell,4,8
Botkins,2,20
Botkins,3,7
Botkins,4,1
Boulder,1,1
Boulder,2,294
Boulder,3,7
Boulder,4,20
Boulder Creek,1,6
Boulder Creek,2,307
Boulder Creek,3,1
Boulder Creek,4,2
Bound Brook,2,77
Bound Brook,3,16
Bound Brook,4,1
Bountiful,2,152
Bountiful,3,17
Bourbon,2,6
Bourbon,3,2
Bourbon,4,1
Bourbonnais,2,3
Bourbonnais,3,53
Bourg,2,4
Bourg,4,1
Bouse,2,16
Bouse,3,1
Bouse,4,3
Bouton,2,1
Bovey,1,1
Bovey,2,46
Bow,1,1
Bow,2,39
Bow,3,28
Bow,4,8
Bowbells,2,1
Bowdoinham,3,4
Bowdon,2,13
Bowerston,2,2
Bowerston,4,2
Bowersville,2,1
Bowie,1,2
Bowie,2,385
Bowie,3,4
Bowie,4,26
Bowler,2,2
Bowling Green,1,5
Bowling Green,2,174
Bowling Green,3,27
Bowling Green,4,28
Bowlus,2,11
Bowman,1,5
Bowman,2,493
Bowman,3,79
Bowman,4,5
Bowmanstown,2,1
Bowmansville,2,3
Bowmansville,4,2
Box Elder,2,12
Box Springs,2,8
Box Springs,4,3
Boxborough,1,1
Boxborough,2,23
Boxborough,3,6
Boxford,2,26
Boxford,3,11
Boxholm,2,1
Boyce,2,47
Boyce,3,2
Boyce,4,10
Boyd,2,2
Boyds,2,31
Boyds,4,2
Boydton,1,1
Boydton,2,70
Boydton,3,1
Boydton,4,18
Boyertown,2,20
Boyertown,4,1
Boyes,2,6
Boylston,1,1
Boyne City,2,1
Boyne Falls,2,6
Boyne Falls,4,3
Boynton Beach,1,12
Boynton Beach,2,1005
Boynton Beach,3,135
Boynton Beach,4,7
Boys Town,2,7
Bozeman,2,1505
Bozeman,4,9
Bozrah,2,4
Bozrah,4,2
Braceville,2,4
Braceville,3,12
Bracey,2,51
Bracey,3,9
Bracey,4,15
Brackenridge,4,1
Brackettville,2,4
Braddock,2,9
Braddock,4,2
Bradenton,1,120
Bradenton,2,6901
Bradenton,3,129
Bradenton,4,32
Bradenton Beach,2,21
Bradenville,2,10
Bradenville,4,5
Bradford,1,4
Bradford,2,272
Bradford,3,1
Bradford,4,5
Bradgate,2,1
Bradgate,4,1
Bradley,1,3
Bradley,2,185
Bradley,3,3
Bradley,4,4
Bradley Beach,2,4
Bradner,2,4
Brady,2,27
Brady,3,1
Brady,4,1
Bradyville,2,1
Braham,2,33
Braham,4,1
Braidwood,2,2
Braidwood,3,36
Brainard,2,2
Brainard,4,2
Brainerd,1,6
Brainerd,2,281
Braintree,1,15
Braintree,2,209
Braintree,3,65
Braintree,4,3
Branch,2,1
Branch,4,1
Branchville,1,1
Branchville,2,57
Branchville,4,1
Brandamore,2,1
Brandon,1,33
Brandon,2,1463
Brandon,3,33
Brandon,4,22
Brandy Station,1,1
Brandy Station,2,19
Brandywine,1,1
Brandywine,2,560
Brandywine,4,3
Branford,1,3
Branford,2,269
Branford,3,55
Branford,4,6
Branscomb,2,7
Branson,2,4
Brant Lake,2,7
Brantley,1,1
Brantley,2,27
Braselton,2,72
Braselton,3,24
Braselton,4,7
Brashear,2,1
Brasstown,2,8
Brasstown,4,2
Brattleboro,2,3
Brattleboro,3,2
Braxton,2,5
Brayton,2,8
Brayton,4,3
Brazil,2,98
Brazil,3,15
Brazil,4,13
Brazoria,2,6
Brea,1,4
Brea,2,1067
Brea,3,2
Breaux Bridge,2,163
Breaux Bridge,3,75
Breaux Bridge,4,14
Breckenridge,2,45
Breckenridge,4,12
Brecksville,2,18
Brecksville,3,7
Breese,2,1
Breese,4,2
Breezewood,2,129
Breezewood,3,28
Breezewood,4,6
Breezy Point,2,1
Breinigsville,2,83
Breinigsville,3,1
Breinigsville,4,10
Bremen,2,67
Bremen,3,2
Bremen,4,15
Bremerton,1,1
Bremerton,2,150
Bremerton,3,4
Bremerton,4,1
Bremo Bluff,2,23
Bremo Bluff,4,7
Bremond,2,1
Brenham,2,2
Brent,2,5
Brent,4,4
Brentwood,1,39
Brentwood,2,1793
Brentwood,3,108
Brentwood,4,19
Brevard,2,25
Brevard,4,8
Brewerton,2,14
Brewerton,3,2
Brewerton,4,5
Brewster,1,6
Brewster,2,837
Brewster,3,96
Brewster,4,9
Brewton,2,21
Brewton,3,4
Brewton,4,7
Brian Head,2,25
Brian Head,4,1
Briarcliff Manor,1,1
Briarcliff Manor,2,142
Briarcliff Manor,3,1
Briarcliff Manor,4,4
Bricelyn,2,24
Bricelyn,3,1
Briceville,2,2
Briceville,4,2
Brick,1,2
Brick,2,184
Brick,3,1
Brick,4,10
Bridal Veil,2,35
Bridal Veil,3,3
Bridal Veil,4,2
Bridge City,2,2
Bridgehampton,2,18
Bridgeport,1,9
Bridgeport,2,1119
Bridgeport,3,128
Bridgeport,4,27
Bridger,2,26
Bridgeton,1,2
Bridgeton,2,196
Bridgeton,3,86
Bridgeton,4,23
Bridgeview,1,2
Bridgeview,2,142
Bridgeview,3,78
Bridgeview,4,4
Bridgeville,1,4
Bridgeville,2,233
Bridgeville,3,17
Bridgeville,4,14
Bridgewater,1,3
Bridgewater,2,215
Bridgewater,3,37
Bridgewater,4,23
Bridgman,2,40
Bridgman,3,12
Bridgton,2,2
Brielle,2,10
Brierfield,2,4
Briggs,2,2
Briggsdale,2,2
Briggsdale,4,1
Brigham City,1,1
Brigham City,2,221
Brigham City,3,15
Brigham City,4,2
Brighton,1,16
Brighton,2,565
Brighton,3,101
Brighton,4,30
Brightwaters,2,2
Brightwood,2,9
Brightwood,4,1
Brilliant,1,1
Brilliant,2,6
Brilliant,3,1
Brillion,2,2
Brillion,3,1
Brimfield,2,6
Brimfield,3,18
Brinkley,2,91
Brinkley,4,6
Brinklow,2,3
Brinklow,4,1
Brinnon,2,30
Brinnon,4,3
Briones,2,4
Brisbane,1,2
Brisbane,2,148
Brisbin,2,1
Bristol,1,4
Bristol,2,440
Bristol,3,84
Bristol,4,33
Bristolville,2,1
Bristow,2,103
Bristow,3,2
Bristow,4,9
Britt,2,18
Broad Brook,2,2
Broad Brook,4,2
Broad Channel,2,4
Broad Run,2,67
Broad Run,3,2
Broad Run,4,15
Broad Top,2,7
Broadalbin,2,6
Broadalbin,4,3
Broadbent,2,19
Broadlands,2,5
Broadus,2,32
Broadus,4,3
Broadview,2,11
Broadview,3,5
Broadview Heights,2,13
Broadview Heights,3,9
Broadway,2,151
Broadway,3,24
Broadway,4,36
Brockport,1,5
Brockport,2,196
Brockport,3,1
Brockport,4,2
Brockton,1,7
Brockton,2,78
Brockway,2,54
Brockway,3,1
Brockway,4,4
Brockwell,2,2
Brockwell,4,1
Brocton,2,22
Brodheadsville,2,5
Brodheadsville,4,4
Brodnax,1,2
Brodnax,2,145
Brodnax,3,8
Brodnax,4,23
Brogan,2,6
Brogue,2,20
Brogue,4,6
Broken Arrow,1,23
Broken Arrow,2,83
Bronson,1,1
Bronson,2,47
Bronston,2,1
Bronx,1,7
Bronx,2,7614
Bronx,3,1824
Bronx,4,82
Bronxville,1,2
Bronxville,2,340
Bronxville,3,1
Brook,3,1
Brook Park,1,1
Brook Park,2,108
Brook Park,3,12
Brook Park,4,1
Brookdale,2,12
Brooker,2,12
Brookeville,2,9
Brookeville,4,2
Brookfield,1,2
Brookfield,2,214
Brookfield,3,36
Brookfield,4,7
Brookhaven,2,122
Brookhaven,3,5
Brookhaven,4,3
Brookings,2,172
Brookings,4,2
Brookland,2,31
Brookland,3,1
Brookland,4,10
Brooklawn,2,4
Brooklet,2,12
Brooklet,4,3
Brookline,1,2
Brookline,2,106
Brookline,4,1
Brooklyn,1,11
Brooklyn,2,6657
Brooklyn,3,1065
Brooklyn,4,106
Brookneal,2,8
Brookneal,4,5
Brookpark,2,11
Brookpark,3,23
Brookpark,4,1
Brooks,2,29
Brooks,3,5
Brooks,4,4
Brookshire,2,53
Brookshire,3,30
Brookshire,4,6
Brookston,2,70
Brookston,3,3
Brookston,4,5
Brooksville,1,89
Brooksville,2,837
Brooksville,3,23
Brooksville,4,5
Brookville,1,18
Brookville,2,399
Brookville,3,44
Brookville,4,14
Brookwood,1,1
Brookwood,2,32
Broomall,2,105
Broomall,3,27
Broomall,4,5
Broomfield,1,1
Broomfield,2,376
Broomfield,3,62
Broomfield,4,17
Brooten,2,7
Brothers,2,145
Broussard,1,16
Broussard,2,107
Broussard,4,1
Browerville,2,9
Brown City,2,1
Brown City,4,2
Brownfield,2,1
Browning,2,49
Browning,4,3
Browns Mills,1,1
Browns Mills,2,15
Browns Mills,4,3
Browns Summit,2,18
Browns Summit,4,7
Browns Valley,1,1
Browns Valley,2,135
Browns Valley,4,2
Brownsboro,1,1
Brownsboro,2,69
Brownsboro,3,1
Brownsboro,4,1
Brownsburg,1,1
Brownsburg,2,39
Brownsburg,3,13
Brownsburg,4,5
Brownsdale,2,5
Brownstown,1,1
Brownstown,2,15
Brownstown,3,16
Brownstown,4,5
Brownsville,1,1
Brownsville,2,128
Brownsville,3,5
Brownsville,4,6
Brownton,2,84
Brownton,4,1
Brownwood,2,1
Brownwood,4,6
Bruce,2,1
Bruceton Mills,2,119
Bruceville,2,1
Bruceville,3,1
Bruington,2,1
Brule,2,17
Brule,4,4
Brundidge,2,106
Brundidge,3,2
Brundidge,4,2
Bruneau,2,1
Bruneau,4,1
Bruning,2,1
Bruno,2,6
Brunson,1,1
Brunson,2,30
Brunswick,1,4
Brunswick,2,171
Brunswick,3,30
Brunswick,4,25
Brusett,2,1
Brush,2,36
Brush,3,3
Brush,4,11
Brush Creek,2,6
Brush Creek,3,2
Brush Prairie,2,9
Bryan,2,20
Bryan,4,2
Bryans Road,2,15
Bryant,2,133
Bryant,4,8
Bryant Pond,2,1
Bryantown,2,13
Bryce,2,12
Bryce Canyon City,2,3
Bryceville,2,19
Bryn Athyn,2,10
Bryn Mawr,1,4
Bryn Mawr,2,191
Bryn Mawr,4,1
Bryson City,2,37
Bryson City,3,1
Bryson City,4,8
Buchanan,2,364
Buchanan,3,44
Buchanan,4,28
Buckeye,1,10
Buckeye,2,715
Buckeye,3,101
Buckeye,4,10
Buckeye Lake,2,1
Buckeystown,2,2
Buckfield,2,1
Buckhannon,2,2
Buckhannon,4,1
Buckhead,2,25
Buckhead,3,7
Buckhead,4,2
Buckholts,2,1
Buckingham,2,13
Buckingham,3,1
Buckingham,4,4
Buckley,1,1
Buckley,2,33
Buckley,3,16
Bucklin,2,1
Bucklin,4,5
Buckner,2,2
Buckner,3,4
Bucyrus,2,33
Buda,1,11
Buda,2,268
Buda,3,13
Buda,4,3
Budd Lake,2,46
Budd Lake,3,9
Budd Lake,4,1
Buellton,2,84
Buena,2,4
Buena,4,1
Buena Park,1,5
Buena Park,2,1209
Buena Park,3,97
Buena Park,4,3
Buena Vista,2,51
Buena Vista,3,1
Buena Vista,4,30
Buffalo,1,5
Buffalo,2,3037
Buffalo,3,453
Buffalo,4,46
Buffalo Grove,1,2
Buffalo Grove,2,223
Buffalo Grove,4,1
Buffalo Junction,2,31
Buffalo Junction,4,5
Buffalo Lake,2,14
Buffalo Mills,2,2
Buffalo Valley,2,18
Buffalo Valley,3,1
Buford,1,1
Buford,2,255
Buford,3,127
Buford,4,27
Buhl,2,24
Buhl,4,3
Bulger,1,2
Bulger,2,10
Bulger,4,3
Bullhead City,2,90
Bullhead City,3,7
Bullhead City,4,11
Bullock,2,2
Bullock,3,1
Bulls Gap,2,38
Bulls Gap,3,2
Bulls Gap,4,7
Bumpass,2,16
Bumpass,4,10
Buncombe,3,2
Bunker Hill,2,115
Bunker Hill,4,2
Bunkerville,2,2
Bunkie,2,5
Bunkie,3,1
Bunn,2,3
Bunn,4,2
Bunnell,2,46
Bunnell,3,1
Bunnell,4,1
Bunnlevel,2,9
Bunnlevel,4,4
Burbank,1,1
Burbank,2,1336
Burbank,3,187
Burbank,4,5
Burgaw,2,82
Burgaw,3,4
Burgaw,4,16
Burgess,2,5
Burgess,4,3
Burgettstown,2,16
Burgettstown,4,11
Burgoon,2,1
Burien,1,1
Burien,2,2
Burkburnett,2,4
Burke,2,224
Burke,4,4
Burkeville,1,1
Burkeville,2,61
Burkeville,3,3
Burkeville,4,11
Burleson,2,144
Burleson,3,35
Burleson,4,5
Burley,2,2
Burley,4,2
Burlingame,1,10
Burlingame,2,400
Burlingame,3,23
Burlingame,4,2
Burlington,1,12
Burlington,2,577
Burlington,3,94
Burlington,4,51
Burlington Junction,4,2
Burlison,2,1
Burna,2,4
Burna,4,2
Burnet,2,1
Burney,2,145
Burney,4,6
Burnham,2,18
Burns,2,270
Burns,3,6
Burns,4,16
Burnside,2,1
Burnsville,1,4
Burnsville,2,744
Burnsville,3,17
Burnsville,4,10
Burnt Cabins,1,1
Burnt Cabins,2,19
Burnt Cabins,4,3
Burnt Hills,2,7
Burnt Prairie,3,4
Burnt Ranch,2,55
Burr Oak,2,1
Burr Ridge,1,3
Burr Ridge,2,12
Burson,2,9
Burt,2,1
Burt,3,1
Burtchville,2,7
Burton,1,11
Burton,2,491
Burton,3,6
Burton,4,2
Burtonsville,1,1
Burtonsville,2,23
Burtonsville,3,1
Burtonsville,4,3
Burtrum,2,6
Busby,2,17
Bushkill,2,13
Bushnell,1,1
Bushnell,2,198
Bushnell,3,25
Bushnell,4,10
Buskirk,2,15
Buskirk,4,1
Bussey,2,4
Bussey,4,1
Busy,2,1
Butler,2,95
Butler,3,1
Butler,4,19
Butner,2,50
Butner,3,5
Butner,4,5
Butte,2,339
Butte,4,3
Butte City,1,1
Butte City,2,24
Butte Falls,2,23
Butterfield,2,44
Butterfield,4,1
Buttonwillow,1,1
Buttonwillow,2,290
Buttonwillow,3,8
Buttonwillow,4,3
Buxton,2,76
Buxton,4,1
Buzzards Bay,1,3
Buzzards Bay,2,22
Buzzards Bay,3,1
BWI Airport,2,4
BWI Airport,4,1
Bybee,2,2
Byers,2,39
Byers,3,6
Byers,4,9
Byesville,2,3
Byesville,3,3
Byfield,2,6
Byfield,3,2
Byhalia,2,41
Byhalia,3,6
Byhalia,4,4
Bylas,2,8
Bynum,2,2
Byram,2,53
Byram,3,12
Byram,4,6
Byram Township,2,4
Byram Township,4,1
Byrdstown,2,2
Byrdstown,4,1
Byrnedale,2,5
Byromville,2,3
Byron,1,13
Byron,2,515
Byron,3,31
Byron,4,16
Byron Center,1,13
Byron Center,2,158
Byron Center,3,1
Byron Center,4,1
Caballo,2,11
Caballo,3,7
Cabery,2,1
Cabin Creek,2,41
Cabin Creek,4,4
Cabin John,2,168
Cabin John,3,1
Cabin John,4,1
Cabins,2,1
Cable,2,1
Cabool,2,2
Cabot,2,115
Cabot,4,10
Caddo,2,1
Caddo,3,1
Caddo Gap,2,2
Caddo Gap,4,1
Caddo Mills,1,1
Caddo Mills,2,4
Cades,1,2
Cades,2,38
Cades,3,1
Cadet,2,2
Cadet,4,4
Cadillac,2,3
Cadiz,2,15
Cadiz,3,1
Cadiz,4,1
Cadott,2,1
Cahone,2,11
Cahone,4,2
Cairnbrook,2,29
Cairo,2,9
Cairo,3,1
Cairo,4,2
Calabasas,1,1
Calabasas,2,578
Calabasas,3,3
Calabasas,4,2
Calabash,2,12
Calabash,4,4
Calamus,2,3
Calamus,4,1
Caldwell,2,273
Caldwell,3,3
Caldwell,4,24
Caledonia,1,9
Caledonia,2,258
Caledonia,3,15
Caledonia,4,4
Calera,1,4
Calera,2,211
Calera,3,66
Calera,4,11
Calhan,2,33
Calhan,4,11
Calhoun,1,1
Calhoun,2,186
Calhoun,3,27
Calhoun,4,23
Calhoun City,2,2
Calhoun Falls,2,25
Calhoun Falls,4,1
Calico Rock,2,5
Calico Rock,4,5
Caliente,2,176
Caliente,4,1
California,2,34
California,4,4
California City,2,36
California Hot Springs,2,54
California Hot Springs,4,3
Calimesa,2,51
Calimesa,3,5
Calistoga,1,4
Calistoga,2,380
Calistoga,3,2
Calistoga,4,7
Callahan,2,227
Callao,2,31
Callao,3,1
Callao,4,13
Callaway,2,32
Callaway,4,13
Callicoon,2,5
Calpine,2,37
Calumet,2,7
Calumet City,1,2
Calumet City,2,33
Calumet City,3,143
Calumet City,4,1
Calvert,2,2
Calvert City,2,1
Calvert City,3,2
Calverton,1,1
Calverton,2,25
Calverton,3,2
Calverton,4,1
Calvin,2,1
Calvin,3,1
Camak,2,1
Camak,3,2
Camanche,2,1
Camano Island,2,8
Camano Island,4,3
Camarillo,1,11
Camarillo,2,919
Camarillo,3,2
Camarillo,4,3
Camas,2,38
Camas,3,2
Camas Valley,2,67
Cambria,1,2
Cambria,2,162
Cambria,4,1
Cambria Heights,2,174
Cambridge,1,24
Cambridge,2,551
Cambridge,3,31
Cambridge,4,19
Cambridge City,2,39
Cambridge City,3,5
Cambridge City,4,2
Cambridge Springs,2,11
Cambridge Springs,4,4
Camby,2,15
Camby,4,1
Camden,1,23
Camden,2,891
Camden,3,78
Camden,4,30
Camden on Gauley,2,1
Camden Wyoming,2,6
Camden Wyoming,4,4
Camdenton,4,1
Camden-Wyoming,2,8
Cameron,2,193
Cameron,3,2
Cameron,4,15
Cameron Park,1,2
Cameron Park,2,125
Camilla,2,15
Camilla,4,2
Camillus,2,13
Camillus,4,6
Camino,2,173
Cammal,2,3
Camp Creek,2,12
Camp Creek,3,1
Camp Dennison,2,1
Camp Douglas,2,7
Camp Douglas,3,1
Camp Douglas,4,2
Camp Hill,1,5
Camp Hill,2,248
Camp Hill,3,4
Camp Hill,4,9
Camp Lejeune,2,4
Camp Meeker,2,12
Camp Pendleton,2,336
Camp Pendleton,3,35
Camp Pendleton,4,1
Camp Pendleton Marine Corps Base,2,159
Camp Pendleton Marine Corps Base,3,18
Camp Sherman,2,92
Camp Sherman,4,5
Camp Verde,2,85
Camp Verde,3,10
Camp Verde,4,5
Campbell,1,2
Campbell,2,245
Campbell,3,3
Campbell,4,3
Campbell Hall,2,4
Campbellsburg,2,11
Campbellsburg,3,2
Campbellsburg,4,1
Campbellsville,2,4
Campbellsville,4,1
Campbellton,1,1
Campbellton,2,53
Campbellton,4,2
Campo,2,7
Campo,4,1
Campo Seco,2,2
Campobello,1,21
Campobello,2,214
Campobello,3,6
Campton,1,1
Campton,2,3
Campton,3,4
Camptonville,2,51
Cana,2,123
Cana,3,4
Cana,4,8
Canaan,2,133
Canaan,3,1
Canaan,4,6
Canadensis,2,3
Canadian,2,2
Canadian,4,1
Canajoharie,2,43
Canajoharie,3,8
Canal Fulton,2,6
Canal Fulton,4,2
Canal Point,2,8
Canal Winchester,1,6
Canal Winchester,2,107
Canal Winchester,3,2
Canaseraga,2,1
Canaseraga,4,1
Canastota,2,127
Canastota,3,14
Canastota,4,3
Canby,2,125
Canby,4,6
Candia,2,5
Candler,2,254
Candler,3,23
Candler,4,10
Candor,2,35
Candor,4,6
Canfield,1,1
Canfield,2,17
Canfield,3,1
Canfield,4,1
Canisteo,2,2
Cannon Ball,2,3
Cannon Beach,2,14
Cannon Beach,4,2
Cannon Falls,1,2
Cannon Falls,2,240
Cannon Falls,3,1
Cannon Falls,4,2
Cannonville,2,4
Canoga Park,2,46
Canoga Park,4,3
Canon,2,1
Canon City,2,79
Canon City,3,1
Canon City,4,23
Canonsburg,2,114
Canonsburg,3,15
Canonsburg,4,27
Canterbury,2,10
Canterbury,3,14
Canterbury,4,4
Cantil,2,74
Cantil,4,1
Canton,1,31
Canton,2,963
Canton,3,347
Canton,4,80
Cantonment,1,10
Cantonment,2,463
Cantonment,3,4
Cantonment,4,5
Cantua Creek,2,30
Canyon,1,1
Canyon,2,46
Canyon City,2,37
Canyon Country,1,1
Canyon Country,2,568
Canyon Country,3,6
Canyon Country,4,3
Canyon Creek,2,46
Canyon Dam,2,10
Canyondam,2,3
Canyonville,2,36
Capac,2,9
Capac,3,1
Capay,1,1
Capay,2,41
Cape Canaveral,2,19
Cape Canaveral,3,1
Cape Carteret,2,4
Cape Charles,2,85
Cape Charles,3,1
Cape Charles,4,17
Cape Coral,1,16
Cape Coral,2,274
Cape Coral,4,2
Cape Fair,2,4
Cape Girardeau,2,5
Cape Girardeau,3,2
Cape Girardeau,4,7
Cape May,2,10
Cape May Court House,2,140
Cape May Court House,3,2
Cape May Court House,4,10
Cape Neddick,3,1
Capistrano Beach,2,111
Capistrano Beach,3,18
Capitol Heights,2,385
Capitol Heights,3,4
Capitol Heights,4,19
Capitola,1,5
Capitola,2,171
Capon Bridge,2,8
Capon Bridge,4,1
Capron,2,29
Capron,4,5
Captiva,2,3
Carbon,2,4
Carbon,4,2
Carbon Hill,2,35
Carbon Hill,3,9
Carbon Hill,4,3
Carbondale,2,62
Carbondale,4,9
Cardiff by the Sea,1,2
Cardiff by the Sea,2,281
Cardiff by the Sea,3,30
Cardiff by the Sea,4,1
Cardington,2,2
Cardwell,2,253
Cardwell,4,2
Carefree,2,1
Carencro,1,18
Carencro,2,73
Carencro,4,2
Caret,2,10
Caret,4,2
Carey,1,1
Carey,2,5
Carey,3,1
Carey,4,1
Carle Place,1,1
Carle Place,2,84
Carleton,2,27
Carleton,3,1
Carleton,4,6
Carlin,2,29
Carlisle,1,7
Carlisle,2,729
Carlisle,3,88
Carlisle,4,57
Carlock,3,7
Carlos,2,18
Carlotta,2,75
Carlsbad,1,6
Carlsbad,2,1105
Carlsbad,3,107
Carlsbad,4,2
Carlstadt,1,1
Carlstadt,2,151
Carlstadt,3,13
Carlstadt,4,3
Carlton,2,222
Carlton,3,3
Carlton,4,1
Carmel,1,7
Carmel,2,619
Carmel,3,17
Carmel,4,2
Carmel Valley,1,6
Carmel Valley,2,161
Carmel-by-the-Sea,1,1
Carmel-by-the-Sea,2,110
Carmel-by-the-Sea,4,1
Carmichael,1,20
Carmichael,2,936
Carmichael,3,1
Carmichael,4,1
Carmichaels,2,4
Carmichaels,4,2
Carnation,2,10
Carnation,4,2
Carnegie,1,1
Carnegie,2,234
Carnegie,3,40
Carnegie,4,7
Carnelian Bay,1,1
Carnelian Bay,2,37
Carnesville,2,49
Carnesville,3,17
Carnesville,4,3
Carney,2,1
Caro,4,1
Carol Stream,1,31
Carol Stream,2,322
Carol Stream,4,2
Carolina Beach,2,1
Carp Lake,2,1
Carp Lake,4,1
Carpentersville,2,2
Carpinteria,1,2
Carpinteria,2,499
Carpinteria,4,5
Carpio,2,7
Carr,2,44
Carr,3,6
Carr,4,8
Carrabelle,2,15
Carrier Mills,2,1
Carriere,2,3
Carrington,2,11
Carroll,1,1
Carroll,2,39
Carroll,4,5
Carrollton,1,18
Carrollton,2,685
Carrollton,3,337
Carrollton,4,33
Carrolltown,1,1
Carrolltown,2,93
Carrolltown,4,3
Carrsville,1,1
Carrsville,2,9
Carrsville,4,6
Carson,1,2
Carson,2,1426
Carson,3,243
Carson,4,22
Carson City,1,9
Carson City,2,428
Carson City,3,17
Carson City,4,9
Carter,2,2
Carteret,2,163
Carteret,3,48
Carteret,4,2
Cartersville,1,1
Cartersville,2,235
Cartersville,3,48
Cartersville,4,31
Carthage,1,1
Carthage,2,66
Carthage,3,7
Carthage,4,24
Cartwright,2,7
Caruthers,1,3
Caruthers,2,217
Caruthersville,2,3
Caruthersville,4,2
Carver,1,3
Carver,2,24
Cary,1,29
Cary,2,1312
Cary,3,68
Cary,4,15
Caryville,1,1
Caryville,2,184
Caryville,3,41
Caryville,4,7
Casa Blanca,2,74
Casa Blanca,3,11
Casa Blanca,4,9
Casa Grande,2,167
Casa Grande,3,20
Casa Grande,4,15
Casar,2,3
Casar,4,1
Cascade,2,172
Cascade,3,1
Cascade,4,6
Cascade Locks,2,246
Cascade Locks,3,21
Cascade Locks,4,16
Cascadia,2,6
Casco,2,32
Casco,3,7
Casey,2,18
Casey,3,20
Casey,4,1
Caseyville,2,7
Caseyville,3,65
Cash,2,6
Cashiers,2,25
Cashiers,4,3
Cashion,2,7
Casmalia,2,29
Casnovia,2,1
Caspar,1,2
Caspar,2,15
Caspar,4,2
Casper,2,27
Casper,4,9
Cass Lake,2,61
Cassatt,1,6
Cassatt,2,92
Cassel,2,18
Casselberry,2,195
Casselberry,3,4
Casselton,2,5
Cassoday,3,1
Cassopolis,2,6
Cassopolis,3,1
Cassopolis,4,1
Cassville,2,22
Castaic,1,4
Castaic,2,968
Castaic,3,107
Castaic,4,7
Castalia,1,1
Castalia,2,31
Castalia,3,41
Castalia,4,7
Castalian Springs,2,5
Castalian Springs,4,1
Castella,2,95
Castella,4,1
Castile,2,5
Castle Creek,2,6
Castle Creek,3,1
Castle Dale,1,2
Castle Dale,2,6
Castle Hayne,2,39
Castle Hayne,3,7
Castle Hayne,4,5
Castle Pines,2,2
Castle Rock,1,9
Castle Rock,2,397
Castle Rock,3,126
Castle Rock,4,15
Castleberry,2,26
Castleberry,3,5
Castleton On Hudson,2,143
Castleton On Hudson,4,2
Castlewood,2,8
Castlewood,4,6
Castro Valley,1,27
Castro Valley,2,1666
Castro Valley,3,118
Castro Valley,4,3
Castroville,1,14
Castroville,2,453
Castroville,4,2
Cataldo,2,7
Cataldo,3,2
Catarina,2,2
Catarina,4,1
Catasauqua,2,3
Catasauqua,4,1
Cataumet,2,1
Catawba,1,7
Catawba,2,105
Catawba,3,1
Catawba,4,10
Catawissa,1,1
Catawissa,2,83
Catawissa,4,6
Catharpin,2,7
Catharpin,4,2
Cathay,2,1
Catherine,2,4
Catherine,4,1
Catheys Valley,1,1
Catheys Valley,2,77
Cathlamet,2,8
Catlett,2,91
Catlett,4,42
Catlettsburg,2,1
Cato,2,21
Cato,4,7
Catonsville,1,1
Catonsville,2,474
Catonsville,3,46
Catonsville,4,25
Catoosa,2,15
Catskill,2,266
Catskill,3,19
Catskill,4,20
Cave City,2,10
Cave Creek,2,35
Cave Junction,2,142
Cave Junction,3,1
Cave Spring,2,8
Cave Spring,4,1
Cave Springs,2,1
Cave-in-Rock,1,1
Cave-in-Rock,2,1
Cave-in-Rock,4,1
Cayce,1,2
Cayce,2,83
Cayce,3,9
Cayucos,1,1
Cayucos,2,100
Cayuga,2,3
Cayuta,2,1
Cayuta,4,2
Cazadero,2,69
Cazadero,3,1
Cecil,2,13
Cecil,3,2
Cecil,4,1
Cecilia,2,6
Cecilton,2,2
Cecilton,4,1
Cedar,2,2
Cedar Bluff,2,26
Cedar Bluff,3,1
Cedar Bluff,4,4
Cedar City,1,1
Cedar City,2,482
Cedar City,3,17
Cedar City,4,2
Cedar Creek,1,1
Cedar Creek,2,28
Cedar Creek,4,4
Cedar Crest,2,1
Cedar Falls,2,16
Cedar Falls,4,3
Cedar Glen,2,38
Cedar Grove,2,37
Cedar Grove,3,3
Cedar Grove,4,2
Cedar Hill,1,2
Cedar Hill,2,72
Cedar Hill,3,10
Cedar Hill,4,3
Cedar Key,2,10
Cedar Knolls,2,36
Cedar Knolls,3,40
Cedar Knolls,4,1
Cedar Lake,4,2
Cedar Park,1,10
Cedar Park,2,136
Cedar Park,3,2
Cedar Park,4,1
Cedar Rapids,1,1
Cedar Rapids,2,344
Cedar Rapids,3,70
Cedar Rapids,4,20
Cedar Run,2,3
Cedar Springs,1,12
Cedar Springs,2,95
Cedar Springs,3,1
Cedar Springs,4,2
Cedar Valley,2,76
Cedar Valley,3,1
Cedarbluff,2,1
Cedarburg,2,2
Cedarburg,4,1
Cedarhurst,2,3
Cedarpines Park,2,70
Cedarpines Park,4,1
Cedartown,2,25
Cedartown,3,1
Cedartown,4,8
Cedarville,1,1
Cedarville,2,42
Celina,2,29
Celina,4,1
Cement City,2,14
Cement City,3,1
Cement City,4,6
Centennial,1,1
Centennial,2,18
Center,1,1
Center,2,9
Center,4,5
Center Barnstead,2,3
Center City,2,12
Center City,4,1
Center Conway,1,1
Center Cross,2,15
Center Cross,4,5
Center Hill,2,20
Center Line,2,22
Center Line,3,9
Center Line,4,1
Center Moriches,1,1
Center Moriches,2,4
Center Point,2,24
Center Point,3,6
Center Ridge,2,1
Center Ridge,4,2
Center Sandwich,1,1
Center Sandwich,2,1
Center Tuftonboro,2,2
Center Valley,1,1
Center Valley,2,99
Center Valley,3,21
Center Valley,4,8
Centerburg,1,1
Centerburg,2,10
Centereach,1,1
Centereach,2,78
Centerfield,2,5
Centerport,2,1
Centerton,2,1
Centerton,4,1
Centerville,1,4
Centerville,2,275
Centerville,3,48
Centerville,4,18
Central,1,21
Central,2,294
Central,4,1
Central City,2,69
Central City,4,4
Central Coast,2,1
Central Contra Costa,2,9
Central Contra Costa,3,4
Central Islip,1,5
Central Islip,2,45
Central Point,1,1
Central Point,2,309
Central Point,3,6
Central Point,4,5
Central Square,2,4
Central Square,4,7
Central Valley,2,107
Central Valley,3,23
Central Valley,4,2
Centralia,2,43
Centralia,3,11
Centralia,4,3
Centre,1,1
Centre,2,43
Centre,4,1
Centre Hall,2,173
Centre Hall,4,23
Centreville,1,1
Centreville,2,1730
Centreville,3,196
Centreville,4,43
Century,1,1
Century,2,76
Ceres,1,6
Ceres,2,546
Ceres,3,2
Ceres,4,3
Ceresco,2,3
Ceresco,4,1
Cerrillos,2,3
Cerrillos,4,1
Cerritos,1,6
Cerritos,2,1507
Cerritos,3,121
Cerritos,4,6
Cerro Gordo,2,1
Ceylon,2,2
Chadbourn,2,19
Chadbourn,4,5
Chadds Ford,2,117
Chadds Ford,4,9
Chadwicks,2,2
Chaffee,2,1
Chaffee,4,1
Chagrin Falls,1,6
Chagrin Falls,2,33
Chagrin Falls,3,1
Chalfont,1,2
Chalfont,2,36
Chalfont,4,1
Challenge,2,16
Challenge,4,1
Chalmers,2,11
Chalmers,3,7
Chambers,1,1
Chambers,2,129
Chambers,3,22
Chambers,4,10
Chambersburg,1,1
Chambersburg,2,349
Chambersburg,3,47
Chambersburg,4,38
Champaign,2,10
Champaign,3,138
Champion,2,11
Champions Gate,2,46
Champlain,2,26
Champlain,3,1
Champlain,4,12
Champlin,1,2
Champlin,2,165
Chancellor,2,4
Chandler,1,18
Chandler,2,1609
Chandler,3,41
Chandler,4,16
Chanhassen,1,3
Chanhassen,2,151
Chanhassen,3,1
Channahon,2,10
Channahon,3,66
Channahon,4,2
Channelview,1,1
Channelview,2,67
Channelview,3,36
Channelview,4,8
Channing,2,2
Channing,4,1
Chantilly,1,5
Chantilly,2,931
Chantilly,3,2
Chantilly,4,29
Chanute,2,1
Chaparral,2,4
Chapel Hill,1,1
Chapel Hill,2,234
Chapel Hill,3,27
Chapel Hill,4,28
Chapin,1,16
Chapin,2,721
Chapin,3,66
Chapin,4,17
Chaplin,2,6
Chaplin,4,1
Chapman,2,1
Chapmanville,2,17
Chapmanville,4,1
Chappaqua,2,73
Chappaqua,3,1
Chappell,2,4
Chappell Hill,2,1
Chappells,1,3
Chappells,2,28
Chaptico,4,1
Chardon,1,1
Chardon,2,26
Chariton,2,12
Charleroi,2,58
Charleroi,3,5
Charleroi,4,10
Charles City,2,112
Charles City,3,2
Charles City,4,45
Charles Town,2,69
Charleston,1,24
Charleston,2,2661
Charleston,3,434
Charleston,4,61
Charleston Afb,2,2
Charlestown,1,3
Charlestown,2,144
Charlestown,3,38
Charlevoix,4,1
Charlo,2,35
Charlotte,1,2028
Charlotte,2,36765
Charlotte,3,1461
Charlotte,4,252
Charlotte Court House,2,10
Charlotte Court House,4,4
Charlotte Hall,2,61
Charlotte Hall,4,4
Charlottesville,2,1403
Charlottesville,3,100
Charlottesville,4,177
Charlton,1,1
Charlton,2,15
Charlton,3,10
Chase City,2,69
Chase City,4,25
Chaseley,2,1
Chaska,1,4
Chaska,2,235
Chaska,4,1
Chateaugay,2,4
Chateaugay,4,2
Chatfield,1,2
Chatfield,2,100
Chatfield,4,2
Chatham,2,162
Chatham,3,1
Chatham,4,30
Chatom,2,2
Chatsworth,1,3
Chatsworth,2,412
Chatsworth,3,2
Chatsworth,4,3
Chattahoochee,1,1
Chattahoochee,2,122
Chattahoochee,3,13
Chattahoochee,4,5
Chattanooga,1,70
Chattanooga,2,7488
Chattanooga,3,394
Chattanooga,4,57
Chattaroy,2,6
Chauvin,2,1
Chauvin,3,1
Chazy,4,1
Chebanse,2,2
Chebanse,3,14
Cheboygan,2,4
Cheboygan,3,1
Cheboygan,4,1
Checotah,2,1
Cheektowaga,2,3
Cheektowaga,3,1
Chehalis,2,120
Chehalis,3,32
Chehalis,4,8
Chelmsford,1,10
Chelmsford,2,133
Chelmsford,3,28
Chelmsford,4,4
Chelsea,1,24
Chelsea,2,208
Chelsea,3,15
Chelsea,4,4
Cheltenham,1,2
Cheltenham,2,106
Cheltenham,3,1
Chemult,1,1
Chemult,2,171
Chemult,3,1
Chemult,4,1
Chemung,4,1
Chenango Forks,2,3
Chenango Forks,4,1
Cheney,2,27
Cheney,3,2
Cheney,4,4
Cheneyville,2,5
Chenoa,2,2
Chenoa,3,19
Cheraw,1,3
Cheraw,2,145
Cheraw,4,3
Cherokee,1,1
Cherokee,2,31
Cherokee,4,2
Cherry Creek,2,1
Cherry Hill,1,1
Cherry Hill,2,668
Cherry Hill,3,30
Cherry Hill,4,17
Cherry Log,2,4
Cherry Log,4,2
Cherry Tree,2,16
Cherry Tree,4,4
Cherry Valley,1,1
Cherry Valley,2,21
Cherry Valley,3,18
Cherryvale,2,7
Cherryville,2,19
Cherryville,4,4
Chesapeake,1,40
Chesapeake,2,2701
Chesapeake,3,562
Chesapeake,4,105
Chesapeake Beach,2,10
Chesapeake Beach,4,1
Chesapeake City,2,12
Chesapeake City,4,3
Cheshire,1,1
Cheshire,2,275
Cheshire,3,38
Cheshire,4,9
Chesnee,1,42
Chesnee,2,466
Chesnee,4,3
Chester,1,79
Chester,2,2093
Chester,3,233
Chester,4,67
Chester Springs,1,5
Chester Springs,2,160
Chester Springs,3,2
Chester Springs,4,1
Chesterfield,1,44
Chesterfield,2,867
Chesterfield,3,105
Chesterfield,4,39
Chesterland,1,2
Chesterland,2,7
Chesterton,2,172
Chesterton,3,38
Chesterton,4,31
Chestertown,1,1
Chestertown,2,119
Chestertown,3,2
Chestertown,4,28
Chestnut Hill,1,11
Chestnut Hill,2,58
Chestnutridge,2,1
Cheswick,1,1
Cheswick,2,13
Chetek,2,1
Chetopa,2,2
Cheverly,2,4
Chevy Chase,2,453
Chevy Chase,3,26
Chevy Chase,4,6
Cheyenne,2,147
Cheyenne,4,20
Cheyenne Wells,2,2
Cheyney,2,4
Chicago,1,187
Chicago,2,2896
Chicago,3,6086
Chicago,4,89
Chicago Heights,2,102
Chicago Heights,3,7
Chicago Heights,4,1
Chicago Ridge,2,49
Chicago Ridge,3,7
Chichester,2,6
Chickamauga,2,3
Chickasaw,2,1
Chickasaw,3,1
Chickasaw,4,1
Chickasha,2,1
Chico,1,5
Chico,2,754
Chico,3,1
Chico,4,1
Chicopee,2,8
Chicopee,3,13
Chicopee,4,1
Chidester,2,15
Chidester,4,17
Chiefland,2,96
Chilcoot,2,26
Childersburg,2,2
Childress,2,2
Childwold,2,2
Childwold,4,2
Chilhowie,2,69
Chilhowie,3,12
Chilhowie,4,6
Chillicothe,1,2
Chillicothe,2,51
Chillicothe,3,4
Chillicothe,4,2
Chiloquin,2,462
Chiloquin,4,2
Chilton,1,1
Chilton,2,5
Chilton,3,1
Chilton,4,2
Chimacum,2,3
Chimayo,2,4
China Grove,1,1
China Grove,2,117
China Grove,3,12
China Grove,4,14
Chincoteague,2,3
Chincoteague,4,1
Chinle,2,20
Chinle,4,7
Chino,1,9
Chino,2,1753
Chino,3,6
Chino,4,4
Chino Hills,1,2
Chino Hills,2,294
Chino Hills,4,2
Chino Valley,2,77
Chino Valley,4,10
Chinook,2,27
Chinquapin,2,4
Chinquapin,4,1
Chipley,1,5
Chipley,2,219
Chipley,3,3
Chipley,4,1
Chippewa Falls,2,31
Chippewa Falls,3,1
Chippewa Falls,4,1
Chisago City,1,2
Chisago City,2,49
Chisago City,4,1
Chisholm,2,66
Chittenango,2,15
Chittenango,3,1
Chittenango,4,1
Chocowinity,2,13
Chocowinity,4,2
Choctaw,1,3
Choctaw,2,42
Choctaw,3,9
Chokoloskee,2,1
Choteau,2,15
Choudrant,2,3
Choudrant,3,2
Chowchilla,1,6
Chowchilla,2,402
Chowchilla,3,1
Chowchilla,4,3
Chrisney,2,2
Chrisney,4,1
Christiana,1,1
Christiana,2,76
Christiana,3,8
Christiana,4,7
Christiansburg,2,325
Christiansburg,3,47
Christiansburg,4,9
Christine,2,5
Christmas,1,1
Christmas,2,159
Christmas,3,2
Christmas,4,9
Chualar,1,3
Chualar,2,28
Chuckey,1,1
Chuckey,2,12
Chuckey,4,1
Chugwater,2,25
Chugwater,4,1
Chula,2,11
Chula,3,4
Chula Vista,1,5
Chula Vista,2,573
Chula Vista,3,57
Chula Vista,4,2
Chuluota,2,14
Chunchula,2,18
Chunchula,4,6
Chunky,2,1
Chunky,3,1
Chunky,4,1
Church Creek,2,7
Church Creek,4,3
Church Hill,2,62
Church Hill,3,2
Church Hill,4,11
Church Point,2,2
Church Point,4,1
Church Road,2,19
Church Road,3,1
Church Road,4,7
Church View,2,10
Church View,3,1
Church View,4,4
Churchs Ferry,2,4
Churchton,2,2
Churchville,2,178
Churchville,3,2
Churchville,4,24
Churubusco,2,11
Churubusco,4,10
Cibola,1,2
Cibola,2,65
Cibola,3,30
Cibola,4,3
Cicero,2,82
Cicero,3,7
Cicero,4,18
Cimarron,2,11
Cincinnati,1,80
Cincinnati,2,2232
Cincinnati,3,1827
Cincinnati,4,52
Cincinnatus,2,7
Cincinnatus,4,7
Cinebar,2,1
Cinnaminson,2,28
Cinnaminson,4,1
Circle,2,6
Circle,4,2
Circle Pines,2,167
Circle Pines,3,10
Circleville,1,1
Circleville,2,52
Circleville,3,1
Circleville,4,2
Cisco,2,34
Cisco,3,6
Cisco,4,4
Citra,1,2
Citra,2,231
Citra,4,6
Citronelle,2,9
Citronelle,4,1
Citrus Heights,1,4
Citrus Heights,2,520
Citrus Heights,3,25
Citrus Springs,2,32
City Of Industry,1,2
City Of Industry,2,592
City Of Industry,3,3
Clackamas,1,1
Clackamas,2,361
Clackamas,3,22
Clackamas,4,3
Clairfield,2,1
Clairfield,4,1
Clairton,1,1
Clairton,2,61
Clairton,3,1
Clairton,4,16
Clallam Bay,2,3
Clancy,2,132
Clanton,1,12
Clanton,2,491
Clanton,3,47
Clanton,4,6
Clara City,1,3
Clara City,2,56
Clare,2,26
Clare,3,1
Clare,4,2
Claremont,1,1
Claremont,2,835
Claremont,3,93
Claremont,4,12
Claremore,2,2
Claremore,3,1
Clarence,2,10
Clarendon,2,19
Clarendon,4,5
Clarendon Hills,1,6
Clarendon Hills,2,42
Clarinda,2,1
Clarington,2,4
Clarion,1,2
Clarion,2,132
Clarion,3,12
Clarion,4,5
Clarissa,2,8
Clark,1,2
Clark,2,315
Clark,3,5
Clark Mills,2,2
Clarkdale,2,7
Clarkesville,1,1
Clarkesville,2,17
Clarkesville,3,1
Clarkesville,4,3
Clarkfield,2,22
Clarklake,2,19
Clarklake,4,6
Clarkrange,2,2
Clarks Grove,2,78
Clarks Hill,2,28
Clarks Hill,4,4
Clarks Mills,2,1
Clarks Mills,4,2
Clarks Summit,2,33
Clarks Summit,3,10
Clarks Summit,4,1
Clarksboro,2,24
Clarksburg,1,1
Clarksburg,2,316
Clarksburg,3,18
Clarksburg,4,15
Clarkson,2,6
Clarkston,1,1
Clarkston,2,384
Clarkston,3,151
Clarkston,4,18
Clarksville,1,4
Clarksville,2,477
Clarksville,3,73
Clarksville,4,59
Clarkton,2,11
Clarkton,4,5
Claryville,2,1
Clatskanie,1,1
Clatskanie,2,187
Clatskanie,3,2
Clatskanie,4,6
Claude,2,5
Claudville,2,6
Claudville,4,5
Claverack,2,14
Claverack,4,2
Claxton,2,9
Claxton,4,3
Clay,2,39
Clay,4,8
Clay City,2,1
Claymont,1,6
Claymont,2,195
Claymont,3,6
Claymont,4,20
Claypool,2,6
Claypool,4,4
Claysburg,1,3
Claysburg,2,50
Claysburg,4,3
Claysville,2,49
Claysville,3,6
Claysville,4,10
Clayton,1,15
Clayton,2,351
Clayton,3,19
Clayton,4,36
Clayville,2,6
Cle Elum,2,118
Cle Elum,3,7
Cle Elum,4,19
Clear Brook,2,101
Clear Brook,3,9
Clear Brook,4,18
Clear Lake,1,2
Clear Lake,2,87
Clear Lake,3,1
Clear Lake,4,1
Clear Spring,2,98
Clear Spring,3,3
Clear Spring,4,10
Clearbrook,2,1
Clearfield,1,6
Clearfield,2,951
Clearfield,3,87
Clearfield,4,31
Clearlake,2,69
Clearlake Oaks,2,247
Clearlake Oaks,4,1
Clearville,2,11
Clearwater,1,138
Clearwater,2,3351
Clearwater,3,51
Clearwater,4,11
Clearwater Beach,1,5
Clearwater Beach,2,63
Cleburne,2,4
Clementon,1,1
Clementon,2,42
Clementon,4,5
Clements,2,61
Clemmons,1,1
Clemmons,2,52
Clemmons,3,6
Clemmons,4,5
Clemons,2,1
Clemson,1,7
Clemson,2,100
Clendenin,2,47
Cleona,2,9
Cleona,4,2
Clermont,1,3
Clermont,2,924
Clermont,3,12
Clermont,4,16
Cleveland,1,87
Cleveland,2,2579
Cleveland,3,1131
Cleveland,4,52
Cleveland Heights,2,2
Cleves,1,3
Cleves,2,46
Cleves,3,41
Cleves,4,5
Clewiston,1,3
Clewiston,2,63
Clewiston,4,8
Cliffwood,2,8
Clifton,1,2
Clifton,2,1144
Clifton,3,15
Clifton,4,28
Clifton Forge,2,65
Clifton Forge,4,13
Clifton Heights,2,29
Clifton Park,1,1
Clifton Park,2,697
Clifton Park,3,31
Clifton Park,4,5
Clifton Springs,2,95
Clifton Springs,4,2
Climax,2,47
Climax,3,15
Climax,4,9
Clinchco,2,6
Clinchco,4,6
Clint,2,36
Clint,3,2
Clint,4,2
Clinton,1,17
Clinton,2,1736
Clinton,3,98
Clinton,4,82
Clinton Corners,1,1
Clinton Corners,2,93
Clinton Township,1,1
Clinton Township,2,105
Clinton Township,3,31
Clinton Township,4,4
Clintondale,2,3
Clintonville,2,2
Clintonville,4,2
Clintwood,2,4
Clintwood,4,1
Clio,1,18
Clio,2,442
Clio,3,10
Clio,4,11
Clipper Mills,2,5
Clitherall,2,10
Clive,1,1
Clive,2,108
Clive,3,17
Clive,4,1
Cloquet,1,1
Cloquet,2,93
Cloquet,3,2
Closter,2,1
Clover,1,27
Clover,2,579
Clover,3,1
Clover,4,4
Cloverdale,1,2
Cloverdale,2,465
Cloverdale,3,16
Cloverdale,4,30
Clovis,1,7
Clovis,2,590
Clovis,4,2
Clute,2,5
Clute,4,1
Clyde,1,3
Clyde,2,293
Clyde,3,37
Clyde,4,15
Clymer,2,9
Clymer,4,11
Coahoma,2,1
Coahoma,3,1
Coal Center,2,9
Coal City,3,4
Coal City,4,1
Coal Township,2,59
Coal Township,4,6
Coal Twp,2,9
Coal Valley,2,1
Coal Valley,3,1
Coaldale,2,1
Coaling,2,11
Coalinga,1,2
Coalinga,2,375
Coalinga,3,12
Coalinga,4,5
Coalmont,2,9
Coalmont,4,3
Coalport,2,56
Coalport,4,11
Coalville,1,2
Coalville,2,370
Coalville,3,32
Coalville,4,3
Coarsegold,1,7
Coarsegold,2,349
Coarsegold,4,1
Coatesville,1,18
Coatesville,2,672
Coatesville,4,29
Coats,2,10
Coats,4,1
Cobalt,2,2
Cobalt,4,2
Cobb,2,30
Cobb,3,1
Cobb,4,2
Cobbs Creek,2,7
Cobbs Creek,4,2
Cobbtown,2,10
Cobbtown,4,5
Cobleskill,2,4
Cobleskill,4,4
Cochecton,2,1
Cochecton,4,2
Cochise,2,12
Cochise,4,1
Cochran,2,12
Cochran,4,1
Cochranton,2,7
Cochranton,4,3
Cochranville,2,58
Cochranville,4,4
Cockeysville,1,1
Cockeysville,2,126
Cockeysville,3,12
Cockeysville,4,12
Cocoa,1,7
Cocoa,2,982
Cocoa,3,50
Cocoa,4,25
Cocoa Beach,2,32
Cocoa Beach,4,1
Cocoa-Rockledge,2,4
Cocolamus,2,14
Coconut Creek,2,16
Coden,2,7
Cody,2,1
Cody,4,2
Codyville Plt,3,1
Coeburn,2,17
Coeburn,3,1
Coeburn,4,4
Coeur D Alene,2,40
Coeur D Alene,3,2
Coeur D Alene,4,3
Coeymans Hollow,2,6
Coffee Creek,2,4
Coffeeville,2,3
Cofield,2,2
Cofield,4,1
Cogan Station,2,63
Cogswell,2,3
Cohagen,2,10
Cohasset,2,56
Cohocton,2,3
Cohoes,1,1
Cohoes,2,113
Cohoes,3,2
Cohoes,4,12
Coinjock,2,1
Cokato,2,29
Cokeburg,2,1
Coker,1,1
Coker,2,45
Coker,3,1
Cokeville,2,2
Colbert,1,1
Colbert,2,11
Colby,2,1
Colby,3,3
Colchester,2,43
Colchester,3,1
Colchester,4,8
Cold Spring,1,1
Cold Spring,2,94
Cold Spring,4,5
Cold Spring Harbor,2,4
Coldwater,2,30
Coldwater,3,7
Coldwater,4,2
Colebrook,2,7
Colebrook,4,1
Coleharbor,2,1
Coleman,2,50
Coleman,3,1
Coleman,4,2
Coleman Falls,2,2
Coleman Falls,4,1
Colerain,2,2
Colerain,3,1
Coleraine,2,12
Coleridge,2,2
Coleville,2,133
Coleville,3,1
Coleville,4,2
Colfax,2,508
Colfax,3,30
Colfax,4,13
Collbran,2,1
College Grove,2,10
College Grove,3,3
College Grove,4,2
College Park,1,1
College Park,2,436
College Park,3,34
College Park,4,5
College Point,2,43
College Point,3,16
College Station,2,6
Collegeville,1,6
Collegeville,2,542
Collegeville,4,16
Colleyville,2,7
Collierville,1,1
Collierville,2,32
Collierville,3,2
Collierville,4,2
Collingdale,2,1
Collingswood,2,23
Collins,1,1
Collins,2,16
Collins,3,1
Collins,4,4
Collinston,2,18
Collinston,4,1
Collinsville,1,1
Collinsville,2,60
Collinsville,3,104
Collinsville,4,16
Colma,2,8
Colmar,1,1
Colmar,2,122
Colmar,3,1
Colmar,4,4
Colmesneil,4,1
Colo,2,3
Cologne,2,32
Coloma,2,51
Coloma,3,11
Coloma,4,4
Colona,2,2
Colona,3,25
Colonia,2,107
Colonia,3,1
Colonia,4,3
Colonial Beach,2,39
Colonial Beach,4,13
Colonial Heights,1,2
Colonial Heights,2,469
Colonial Heights,3,78
Colonial Heights,4,23
Colonie,2,5
Colonie,3,2
Colora,2,1
Colora,4,1
Colorado City,2,30
Colorado City,3,7
Colorado City,4,7
Colorado Springs,1,71
Colorado Springs,2,1157
Colorado Springs,3,216
Colorado Springs,4,87
Colquitt,2,4
Colquitt,4,2
Colstrip,2,4
Colton,1,7
Colton,2,2234
Colton,3,297
Colton,4,12
Colts Neck,2,46
Colts Neck,4,2
Columbia,1,288
Columbia,2,10374
Columbia,3,1091
Columbia,4,202
Columbia City,2,22
Columbia City,4,3
Columbia Cross Roads,2,8
Columbia Cross Roads,4,1
Columbia Falls,2,168
Columbia Falls,4,1
Columbia Station,2,6
Columbiana,1,1
Columbiana,2,13
Columbiaville,1,1
Columbiaville,2,4
Columbus,1,149
Columbus,2,4049
Columbus,3,1942
Columbus,4,141
Columbus Grove,2,2
Columbus Junction,2,6
Columbus Junction,4,1
Colusa,1,1
Colusa,2,166
Colusa,4,1
Colver,2,2
Colville,2,1
Colville,3,1
Colwich,2,3
Colwich,4,3
Comanche,2,8
Comer,2,3
Comer,4,1
Comfort,2,3
Comfort,4,4
Comfrey,2,3
Commack,1,3
Commack,2,211
Commack,3,29
Commack,4,3
Commerce,1,3
Commerce,2,606
Commerce,3,51
Commerce,4,11
Commerce City,1,8
Commerce City,2,169
Commerce City,3,76
Commerce City,4,10
Commodore,2,6
Commodore,4,2
Como,2,1
Comptche,2,33
Compton,1,26
Compton,2,2051
Compton,3,62
Compton,4,5
Comstock,2,5
Comstock Park,1,8
Comstock Park,2,138
Comstock Park,3,2
Concan,4,1
Concho,2,42
Concord,1,58
Concord,2,1654
Concord,3,168
Concord,4,43
Concord Twp,2,1
Concordia,2,24
Concordia,3,9
Concrete,2,9
Concrete,4,5
Condon,2,66
Conestoga,2,13
Conesville,2,1
Confluence,1,1
Confluence,2,57
Confluence,3,1
Confluence,4,4
Congers,2,2
Congers,4,1
Congress,2,165
Congress,3,3
Congress,4,23
Conifer,2,25
Conifer,4,2
Conklin,1,1
Conklin,2,14
Conklin,4,1
Conley,2,92
Conley,3,30
Conley,4,7
Conneaut,2,7
Conneaut,3,3
Conneaut Lake,2,4
Connell,2,3
Connellsville,2,30
Connellsville,4,15
Connelly Springs,2,54
Connelly Springs,4,7
Conner,2,21
Connersville,2,5
Connersville,4,1
Conover,2,53
Conover,3,8
Conover,4,8
Conowingo,2,16
Conowingo,3,1
Conowingo,4,2
Conrad,2,39
Conrad,4,2
Conroe,1,15
Conroe,2,269
Conroe,3,131
Conroe,4,1
Conservation,2,90
Conservation,3,19
Conservation,4,2
Conshohocken,1,21
Conshohocken,2,1102
Conshohocken,3,147
Conshohocken,4,17
Constable,2,6
Constable,4,2
Constableville,2,2
Constableville,4,2
Constantia,2,1
Constantia,4,2
Constantine,2,1
Constantine,4,3
Continental Divide,2,31
Continental Divide,3,3
Continental Divide,4,2
Contoocook,2,4
Contoocook,3,7
Contoocook,4,2
Convent,2,9
Convent,3,1
Convent,4,1
Converse,1,1
Converse,2,82
Converse,3,21
Converse,4,6
Convoy,2,5
Conway,1,84
Conway,2,2175
Conway,3,20
Conway,4,46
Conyers,2,174
Conyers,3,36
Conyers,4,33
Cook,2,32
Cooke City,2,2
Cookeville,2,232
Cookeville,3,28
Cookeville,4,4
Cooksburg,2,3
Cooksville,2,34
Cooksville,3,1
Cooksville,4,5
Cool,2,107
Cool Ridge,2,34
Coolidge,1,3
Coolidge,2,137
Coolidge,3,4
Coolidge,4,16
Coolspring,2,3
Coolville,2,4
Coon Rapids,2,1
Coon Rapids,4,3
Cooper City,2,2
Coopersburg,2,92
Coopersburg,3,17
Coopersburg,4,10
Cooperstown,2,3
Cooperstown,4,1
Coopersville,1,3
Coopersville,2,71
Coopersville,3,6
Coopersville,4,1
Coos Bay,2,293
Coos Bay,4,1
Coosawhatchie,2,30
Coosawhatchie,3,12
Coosawhatchie,4,2
Copake,2,3
Cope,1,5
Cope,2,94
Cope,4,1
Copenhagen,2,1
Copenhagen,4,1
Copiague,1,3
Copiague,2,14
Copley,2,1
Coppell,1,8
Coppell,2,69
Coppell,3,14
Copper Hill,2,8
Copper Hill,4,6
Copperas Cove,2,15
Copperhill,2,8
Copperhill,4,1
Copperopolis,1,1
Copperopolis,2,155
Copperopolis,4,3
Coquille,2,168
Coquille,4,1
Coral,2,1
Coral Gables,2,640
Coral Gables,4,1
Coral Springs,2,102
Coral Springs,3,2
Coral Springs,4,1
Coral Springs-Margate,2,3
Coralville,2,82
Coralville,3,15
Coralville,4,4
Coram,1,2
Coram,2,60
Coram,4,6
Coraopolis,1,3
Coraopolis,2,118
Coraopolis,3,14
Coraopolis,4,17
Corapeake,2,11
Corapeake,4,6
Corbett,2,196
Corbett,3,8
Corbett,4,10
Corbin,2,16
Corbin,3,1
Corbin,4,2
Corcoran,1,1
Corcoran,2,169
Corcoran,4,3
Cord,2,3
Cordele,2,20
Cordele,3,5
Cordele,4,6
Cordell,2,1
Cordesville,1,3
Cordesville,2,25
Cordesville,3,1
Cordova,1,3
Cordova,2,333
Cordova,3,50
Cordova,4,6
Corfu,2,127
Corfu,3,10
Corfu,4,1
Corinna,2,1
Corinne,1,1
Corinne,2,12
Corinth,2,31
Corinth,3,1
Corinth,4,1
Cornelia,2,8
Cornelia,4,1
Cornelius,2,166
Cornelius,3,51
Cornelius,4,5
Cornersville,1,1
Cornersville,2,24
Cornersville,3,6
Cornersville,4,2
Corning,1,2
Corning,2,503
Corning,3,1
Corning,4,10
Cornville,2,18
Cornville,3,1
Cornwall,2,9
Cornwall,4,1
Cornwall Bridge,2,4
Cornwall Bridge,4,1
Corona,1,29
Corona,2,6255
Corona,3,388
Corona,4,24
Corona Del Mar,2,29
Coronado,1,2
Coronado,2,131
Coronado,3,1
Corpus Christi,2,23
Corpus Christi,3,3
Corpus Christi,4,2
Corral,2,1
Corral,4,2
Correctionville,2,5
Corrigan,2,4
Corry,2,16
Corry,4,10
Corryton,2,6
Corryton,4,2
Corsica,2,87
Corsica,3,3
Corsica,4,10
Corsicana,2,11
Corsicana,3,4
Corte Madera,1,4
Corte Madera,2,184
Corte Madera,3,1
Cortez,2,40
Cortez,4,2
Cortland,2,35
Cortland,3,3
Cortland,4,13
Cortlandt Manor,1,2
Cortlandt Manor,2,323
Cortlandt Manor,4,34
Corvallis,1,1
Corvallis,2,241
Corvallis,3,3
Corvallis,4,6
Corydon,2,38
Corydon,3,9
Corydon,4,6
Cos Cob,2,41
Cos Cob,3,1
Cosby,2,61
Cosby,3,8
Cosby,4,7
Coshocton,2,5
Coshocton,4,1
Cosmopolis,2,6
Cosmopolis,3,1
Cosmos,2,23
Costa Mesa,1,3
Costa Mesa,2,1697
Costa Mesa,3,141
Costa Mesa,4,8
Cotati,1,2
Cotati,2,198
Cotati,4,1
Cotopaxi,2,28
Cotopaxi,3,1
Cotopaxi,4,12
Cottage Grove,2,433
Cottage Grove,3,15
Cottage Grove,4,5
Cottageville,1,5
Cottageville,2,89
Cottageville,4,1
Cotton,2,37
Cottondale,1,6
Cottondale,2,430
Cottondale,3,60
Cottondale,4,10
Cottontown,2,6
Cottontown,4,4
Cottonwood,1,3
Cottonwood,2,541
Cottonwood,3,6
Cottonwood,4,6
Cotuit,1,1
Cotuit,2,3
Cotulla,2,9
Cotulla,3,5
Cotulla,4,2
Coudersport,2,68
Coudersport,3,2
Coudersport,4,2
Coulee City,2,1
Coulee City,4,1
Coulterville,1,2
Coulterville,2,112
Counce,2,2
Counce,4,1
Council,2,8
Council,4,5
Council Bluffs,1,2
Council Bluffs,2,253
Council Bluffs,3,66
Council Bluffs,4,16
Country Club Hills,2,21
Country Club Hills,3,56
Countryside,1,1
Countryside,2,16
Countryside,3,42
Coupeville,2,16
Coupeville,4,8
Coupland,1,1
Coupland,2,42
Coupland,4,3
Courtenay,2,1
Courtland,2,113
Courtland,3,1
Courtland,4,17
Cove,2,34
Cove,4,2
Cove City,2,13
Cove City,4,6
Covelo,2,139
Coventry,1,2
Coventry,2,6
Coventry,4,3
Covert,2,19
Covert,3,6
Covert,4,4
Covesville,2,15
Covesville,3,1
Covesville,4,1
Covina,1,12
Covina,2,871
Covina,3,70
Covina,4,4
Covington,1,21
Covington,2,816
Covington,3,335
Covington,4,68
Covington Township,2,1
Covington Township,4,1
Cowan,2,1
Cowansville,2,2
Cowansville,4,1
Coward,1,1
Coward,2,77
Coward,4,1
Cowarts,2,6
Cowarts,4,1
Coweta,1,1
Coweta,2,2
Cowlesville,2,1
Cowpens,1,20
Cowpens,2,647
Cowpens,3,142
Cowpens,4,25
Coxs Creek,2,2
Coxs Creek,4,2
Coxsackie,2,33
Coxsackie,3,1
Coxsackie,4,2
Coyanosa,2,3
Coyanosa,4,1
Coyote,1,1
Coyote,2,72
Cozad,2,8
Cozad,3,1
Crab Orchard,2,53
Crab Orchard,3,9
Crab Orchard,4,1
Crabtree,2,5
Crabtree,4,1
Craig,2,21
Craig,3,1
Craig,4,7
Craigmont,2,3
Craigmont,4,2
Craigsville,2,10
Craigsville,4,8
Cramerton,2,1
Cranberry,2,23
Cranberry,4,5
Cranberry Township,2,24
Cranberry Township,3,21
Cranberry Township,4,1
Cranberry Twp,2,22
Cranberry Twp,3,7
Cranberry Twp,4,5
Cranbury,2,117
Cranbury,3,8
Cranbury,4,3
Crandall,1,1
Crandall,2,8
Crane,2,1
Crane Hill,1,1
Cranesville,2,1
Cranesville,4,1
Cranford,1,1
Cranford,2,420
Cranford,3,13
Cranford,4,6
Cranston,1,12
Cranston,2,239
Cranston,3,67
Crary,2,3
Craryville,2,41
Craryville,3,1
Craryville,4,1
Crawford,2,12
Crawford,4,4
Crawfordsville,2,176
Crawfordsville,3,6
Crawfordsville,4,55
Crawfordville,1,4
Crawfordville,2,436
Crawfordville,3,10
Crawfordville,4,3
Crawley,2,7
Crawley,4,1
Cream Ridge,2,8
Creede,2,33
Creede,3,2
Creede,4,9
Creedmoor,2,120
Creedmoor,3,8
Creedmoor,4,9
Creekside,2,2
Creekside,4,2
Creighton,2,9
Creighton,4,1
Creola,2,35
Creola,3,3
Creola,4,1
Crescent,2,139
Crescent,3,7
Crescent,4,5
Crescent City,1,1
Crescent City,2,659
Crescent City,3,1
Crescent City,4,10
Crescent Lake,2,38
Crescent Mills,2,7
Crescent Mills,4,1
Crescent Springs,1,2
Crescent Springs,2,8
Crescent Valley,2,121
Crescent Valley,3,13
Crescent Valley,4,3
Cresco,2,8
Cresco,4,3
Cresson,2,67
Cresson,4,7
Cressona,2,3
Cressona,4,3
Crest Hill,2,3
Crest Hill,4,2
Crested Butte,2,2
Crestline,1,4
Crestline,2,370
Crestline,3,1
Crestline,4,10
Creston,1,1
Creston,2,59
Crestview,1,5
Crestview,2,488
Crestview,3,28
Crestview,4,13
Crestview Hills,1,1
Crestview Hills,2,13
Crestview Hills,3,21
Crestwood,2,36
Crestwood,3,8
Crestwood,4,5
Creswell,2,147
Creswell,3,1
Creswell,4,2
Crete,2,20
Crete,3,1
Creve Coeur,2,19
Creve Coeur,3,19
Crewe,2,55
Crewe,4,15
Criders,2,2
Criders,4,2
Crimora,2,25
Crimora,4,8
Cripple Creek,2,7
Cripple Creek,4,2
Crisfield,2,9
Crisfield,4,6
Crittenden,1,1
Crittenden,2,26
Crittenden,3,1
Crittenden,4,1
Crockett,1,1
Crockett,2,161
Crockett,3,30
Crockett,4,7
Crofton,1,2
Crofton,2,16
Crofton,4,1
Crompond,2,6
Cromwell,2,370
Cromwell,3,48
Cromwell,4,9
Crook,1,1
Crook,2,11
Crook,3,2
Crook,4,5
Crooksville,1,1
Cropseyville,2,8
Cropseyville,4,1
Cropwell,2,2
Crosby,2,48
Crosby,3,1
Crosby,4,1
Cross,1,10
Cross,2,119
Cross,4,1
Cross City,1,3
Cross City,2,28
Cross Fork,2,3
Cross Hill,1,2
Cross Hill,2,64
Cross Hill,4,5
Cross Junction,2,30
Cross Junction,3,1
Cross Junction,4,4
Cross Plains,2,54
Cross Plains,3,11
Cross Plains,4,4
Cross River,2,40
Cross River,4,2
Crossett,2,5
Crossett,4,2
Crossnore,2,1
Crossroads,2,1
Crossville,1,1
Crossville,2,159
Crossville,3,10
Crossville,4,7
Crothersville,2,35
Crothersville,3,7
Crothersville,4,7
Croton Falls,2,6
Croton Falls,4,3
Croton on Hudson,2,47
Croton-on-Hudson,2,43
Crouse,2,6
Crouse,4,1
Crow Agency,2,29
Crowley,2,40
Crowley,3,4
Crowley,4,3
Crown,2,3
Crown Point,2,109
Crown Point,3,23
Crown Point,4,8
Crownsville,2,138
Crownsville,3,10
Crownsville,4,8
Crows Landing,1,3
Crows Landing,2,118
Crows Landing,4,2
Croydon,2,8
Croydon,3,3
Crozet,2,101
Crozet,3,33
Crozet,4,25
Crozier,2,3
Crum Lynne,2,100
Crum Lynne,3,6
Crum Lynne,4,4
Crumpler,2,5
Crystal Bay,1,1
Crystal Bay,2,24
Crystal Bay,4,1
Crystal Beach,1,1
Crystal Beach,2,11
Crystal City,2,5
Crystal City,4,4
Crystal Lake,1,1
Crystal Lake,2,15
Crystal Lake,4,1
Crystal River,1,2
Crystal River,2,150
Crystal River,3,1
Crystal River,4,2
Crystal Spring,2,55
Crystal Spring,3,4
Crystal Spring,4,1
Crystal Springs,2,16
Crystal Springs,3,3
Crystal Springs,4,6
Cuba,2,45
Cuba,3,7
Cuba,4,4
Cubero,2,28
Cubero,3,3
Cubero,4,1
Cudahy,2,14
Cuddebackville,2,3
Cuddebackville,4,2
Cuervo,2,19
Cuervo,3,2
Cuervo,4,1
Culbertson,2,8
Culdesac,2,5
Culdesac,4,1
Cullen,2,3
Cullen,4,2
Culleoka,2,6
Culleoka,4,1
Cullman,1,10
Cullman,2,513
Cullman,3,60
Cullman,4,5
Culloden,2,43
Culloden,4,2
Cullom,2,1
Cullowhee,2,25
Cullowhee,4,2
Culpeper,2,164
Culpeper,3,1
Culpeper,4,33
Culver,2,133
Culver,3,1
Culver,4,1
Culver City,1,3
Culver City,2,890
Culver City,3,254
Culver City,4,3
Cumberland,2,201
Cumberland,3,26
Cumberland,4,55
Cumberland Center,3,1
Cumberland City,2,4
Cumberland City,4,2
Cumberland Furnace,2,7
Cumberland Furnace,3,1
Cumberland Furnace,4,1
Cumby,2,5
Cumming,1,1
Cumming,2,134
Cumming,3,8
Cumming,4,5
Cummings,2,16
Cummington,2,1
Cunningham,2,4
Cunningham,4,1
Cupertino,1,6
Cupertino,2,527
Cupertino,3,36
Cupertino,4,2
Curlew,2,1
Currie,2,24
Currie,3,1
Currie,4,5
Currituck,2,3
Currituck,4,2
Curtice,2,1
Curtis Bay,2,310
Curtis Bay,3,51
Curtis Bay,4,29
Curtiss,2,1
Curtiss,3,1
Curwensville,2,82
Curwensville,3,2
Curwensville,4,4
Cushing,1,1
Cushing,2,48
Cushing,4,1
Cusick,2,8
Cusick,4,1
Cusseta,2,26
Cusseta,3,10
Cusseta,4,5
Custer,2,45
Custer,3,1
Custer City,2,7
Cut Bank,2,21
Cut Bank,4,2
Cutchogue,2,4
Cuthbert,2,10
Cuthbert,4,7
Cutler,1,1
Cutler,2,152
Cutler,4,14
Cutler Bay,2,1255
Cutler Bay,4,1
Cuyahoga Falls,1,1
Cuyahoga Falls,2,51
Cuyama,2,6
Cyclone,2,24
Cyclone,4,3
Cygnet,2,4
Cygnet,3,2
Cypress,1,4
Cypress,2,217
Cypress,3,3
Cyrus,2,5
Dacula,1,1
Dacula,2,57
Dacula,3,3
Dacula,4,6
Dade City,1,19
Dade City,2,492
Dade City,3,20
Dade City,4,11
Dadeville,2,6
Dadeville,4,1
Dafter,2,2
Dafter,3,1
Dagsboro,2,4
Dagsboro,4,2
Dahlgren,2,7
Dahlgren,4,2
Dahlonega,2,6
Dahlonega,4,3
Dairy,2,18
Dakota,2,174
Dakota,3,1
Dakota,4,1
Dakota City,2,1
Dalbo,2,8
Dale,1,3
Dale,2,26
Dale,3,4
Dale,4,6
Daleville,2,118
Daleville,3,11
Daleville,4,13
Dalhart,2,10
Dalhart,3,1
Dalhart,4,5
Dallas,1,970
Dallas,2,35025
Dallas,3,6600
Dallas,4,234
Dallas Center,2,2
Dallastown,1,4
Dallastown,2,55
Dallastown,3,2
Dallesport,2,8
Dalmatia,2,31
Dalmatia,4,2
Dalton,2,226
Dalton,3,27
Dalton,4,11
Daly City,1,7
Daly City,2,504
Daly City,3,98
Daly City,4,5
Dalzell,1,5
Dalzell,2,162
Dalzell,4,2
Damascus,2,217
Damascus,3,1
Damascus,4,26
Dameron,2,2
Dameron,4,1
Dammeron Valley,2,6
Damon,2,3
Dana,2,4
Dana,4,3
Dana Point,2,94
Danbury,2,349
Danbury,3,60
Danbury,4,17
Dandridge,2,138
Dandridge,3,29
Dandridge,4,12
Dane,1,2
Dane,2,6
Danforth,3,3
Dania,1,3
Dania,2,258
Dania,3,31
Dania,4,2
Dania Beach,2,53
Dania Beach,3,19
Dania Beach,4,1
Daniel Island,2,2
Daniels,2,7
Danielson,2,22
Danielson,4,7
Danielsville,2,5
Danielsville,4,2
Dansville,2,29
Dansville,3,1
Dansville,4,6
Dante,2,4
Dante,4,2
Danube,2,13
Danvers,1,2
Danvers,2,97
Danvers,3,9
Danville,1,5
Danville,2,1033
Danville,3,137
Danville,4,46
Daphne,1,4
Daphne,2,480
Daphne,3,115
Daphne,4,11
Darby,1,1
Darby,2,102
Dardanelle,2,19
Dardanelle,4,4
Darfur,2,2
Darien,1,11
Darien,2,602
Darien,3,180
Darien,4,14
Darien Center,2,7
Darlington,1,31
Darlington,2,639
Darlington,3,5
Darlington,4,13
Darragh,2,2
Darrington,2,1
Darwin,2,16
Dassel,2,75
Dassel,4,1
Dateland,2,27
Dateland,3,5
Dateland,4,2
Daufuskie Island,2,1
Dauphin,2,96
Dauphin,4,9
Dauphin Island,2,2
Davenport,1,18
Davenport,2,1218
Davenport,3,126
Davenport,4,23
Davidson,1,1
Davidson,2,64
Davidson,3,31
Davidson,4,3
Davidsonville,1,1
Davidsonville,2,91
Davidsonville,3,4
Davidsonville,4,3
Davidsville,2,37
Davie,1,2
Davie,2,193
Davie,3,23
Davie,4,2
Davis,1,4
Davis,2,709
Davis,3,65
Davis,4,3
Davis City,2,5
Davis City,4,1
Davis Creek,2,24
Davisburg,2,63
Davisburg,3,29
Davison,1,19
Davison,2,349
Davison,3,5
Davison,4,2
Daviston,2,5
Daviston,4,1
Dawn,2,1
Dawson,2,43
Dawson,3,2
Dawson,4,7
Dawson Springs,3,1
Dawsonville,2,8
Dawsonville,4,3
Dayton,1,401
Dayton,2,4980
Dayton,3,536
Dayton,4,62
Daytona Beach,1,2
Daytona Beach,2,512
Daytona Beach,3,100
Daytona Beach,4,8
Dayville,2,29
Dayville,3,2
Dayville,4,8
Dazey,2,1
De Beque,2,109
De Beque,3,4
De Beque,4,14
De Berry,2,9
De Berry,4,2
De Borgia,2,4
De Lancey,2,1
De Leon,2,3
De Leon Springs,1,1
De Leon Springs,2,59
De Leon Springs,3,1
De Leon Springs,4,3
De Mossville,2,4
De Pere,2,53
De Pere,3,16
De Pere,4,4
De Soto,1,1
De Soto,2,98
De Soto,3,5
De Soto,4,8
De Witt,2,23
De Witt,3,1
De Witt,4,3
Deadwood,2,21
Deadwood,4,2
Deal Island,2,6
Deal Island,4,2
Deansboro,2,11
Dearborn,1,1
Dearborn,2,327
Dearborn,3,65
Dearborn,4,9
Dearborn Heights,1,1
Dearborn Heights,2,1
Death Valley,2,39
Deatsville,1,2
Deatsville,2,86
Deatsville,3,19
Deatsville,4,3
Debary,2,108
Debary,3,35
Debary,4,2
Decatur,1,9
Decatur,2,1487
Decatur,3,679
Decatur,4,102
Decherd,2,117
Decherd,4,1
Decker,2,7
Decker,4,1
Declo,2,29
Decorah,2,1
Dedham,1,9
Dedham,2,107
Dedham,3,18
Dedham,4,1
Deep Gap,2,2
Deep Gap,4,2
Deep River,2,14
Deep River,4,1
Deep Run,2,10
Deep Run,4,2
Deepwater,2,1
Deer,2,2
Deer,4,1
Deer Creek,1,1
Deer Creek,2,44
Deer Creek,3,2
Deer Island,2,30
Deer Lodge,2,152
Deer Park,1,1
Deer Park,2,128
Deer Park,3,2
Deer Park,4,5
Deer River,2,98
Deer Trail,2,5
Deer Trail,3,1
Deerbrook,4,1
Deerfield,1,4
Deerfield,2,252
Deerfield,3,73
Deerfield,4,6
Deerfield Beach,1,4
Deerfield Beach,2,487
Deerfield Beach,3,92
Deerfield Beach,4,6
Deerwood,2,60
Deeth,2,42
Deeth,3,2
Defiance,2,12
Defiance,4,1
Deforest,2,68
Deforest,3,9
Deforest,4,3
Defuniak Springs,2,442
Defuniak Springs,3,43
Defuniak Springs,4,21
Dekalb,2,23
Dekalb,3,18
Dekalb,4,3
Del City,2,2
Del Mar,1,1
Del Mar,2,273
Del Mar,3,34
Del Norte,2,4
Del Norte,4,1
Del Rey,1,2
Del Rey,2,94
Del Rio,2,6
Del Rio,4,5
Del Valle,1,53
Del Valle,2,848
Del Valle,3,3
Del Valle,4,6
Delafield,2,52
Delafield,3,19
Delafield,4,2
Delanco,2,1
DeLand,1,3
DeLand,2,697
DeLand,3,29
DeLand,4,18
Delano,1,7
Delano,2,678
Delano,3,1
Delano,4,5
Delanson,2,77
Delanson,4,5
Delaplane,2,133
Delaplane,3,21
Delaplane,4,25
Delavan,2,13
Delavan,3,3
Delavan,4,3
Delaware,1,21
Delaware,2,209
Delaware,3,3
Delaware,4,3
Delaware City,2,1
Delaware Water Gap,2,25
Delaware Water Gap,3,3
Delaware Water Gap,4,2
Delbarton,2,2
Delco,2,12
Delco,4,2
Delevan,2,2
Delhi,1,5
Delhi,2,412
Delhi,3,4
Delight,2,1
Delight,4,1
Dell,2,13
Dell City,2,2
Delmar,2,45
Delmar,3,1
Delmar,4,11
Delmont,1,3
Delmont,2,33
Delmont,4,6
Delphi,2,4
Delphi,4,3
Delphos,2,4
Delran,1,1
Delran,2,19
Delran,4,1
Delray Beach,1,2
Delray Beach,2,711
Delray Beach,3,134
Delray Beach,4,3
Delta,1,1
Delta,2,135
Delta,3,23
Delta,4,12
Deltaville,2,14
Deltaville,4,4
Deltona,2,268
Deltona,3,19
Deltona,4,7
Deming,2,55
Deming,3,10
Deming,4,10
Demopolis,2,6
Demorest,2,13
Demotte,2,50
Demotte,3,19
Demotte,4,12
Denair,2,155
Denair,4,1
Dendron,2,5
Dendron,4,6
Denham Springs,2,166
Denham Springs,3,31
Denham Springs,4,2
Denhoff,2,2
Denio,2,8
Denison,2,6
Denison,3,1
Denison,4,4
Denmark,1,2
Denmark,2,58
Denmark,3,3
Dennard,2,2
Dennard,4,2
Dennehotso,2,3
Dennis,2,1
Dennison,1,2
Dennison,2,19
Dennison,3,10
Dennison,4,1
Dent,2,9
Denton,2,728
Denton,3,373
Denton,4,54
Denver,1,202
Denver,2,4401
Denver,3,2035
Denver,4,144
Denville,2,85
Denville,3,18
Denville,4,4
Depew,2,8
Depoe Bay,2,78
Deposit,2,18
Deputy,2,3
Deputy,4,1
Derby,2,42
Derby,4,4
Derby Line,3,1
Deridder,2,1
Dermott,2,10
Dermott,4,6
Derrick City,2,27
Derrick City,3,1
Derrick City,4,2
Derry,1,1
Derry,2,52
Derry,4,3
Derwood,2,113
Derwood,3,5
Derwood,4,11
Des Allemands,2,17
Des Allemands,4,1
Des Moines,1,19
Des Moines,2,892
Des Moines,3,157
Des Moines,4,33
Des Plaines,1,8
Des Plaines,2,351
Des Plaines,3,185
Des Plaines,4,4
Desdemona,2,3
Desdemona,4,1
Desha,2,1
Deshler,2,1
Desoto,2,51
Desoto,3,50
Desoto,4,1
Destin,2,161
Destin,3,2
Destin,4,9
Destrehan,2,20
Destrehan,3,13
Destrehan,4,1
Detroit,1,76
Detroit,2,4649
Detroit,3,1515
Detroit,4,98
Detroit Lakes,1,4
Detroit Lakes,2,191
Devens,1,1
Devens,2,6
Devils Lake,2,11
Devine,3,2
Devon,1,2
Devon,2,66
Dewey,2,96
Dewey,3,1
Dewey,4,10
Deweyville,2,7
DeWitt,2,86
DeWitt,3,6
DeWitt,4,16
Dewy Rose,2,3
Dewy Rose,4,1
Dexter,2,180
Dexter,3,16
Dexter,4,6
Dexter City,2,1
Diablo,2,8
Diamond,2,5
Diamond,3,5
Diamond Bar,1,9
Diamond Bar,2,2022
Diamond Bar,3,10
Diamond Bar,4,4
Diamond Point,2,46
Diamond Point,4,5
Diamond Springs,1,2
Diamond Springs,2,119
Diamondhead,2,11
Diamondhead,4,2
Diberville,2,17
Diberville,3,2
Diberville,4,3
D'Iberville,2,10
D'Iberville,4,1
Diboll,2,3
Dickerson,2,22
Dickerson,3,12
Dickerson,4,9
Dickinson,2,73
Dickinson,3,26
Dickson,1,1
Dickson,2,59
Dickson,3,10
Dickson,4,4
Dierks,2,5
Dierks,4,3
Dike,2,8
Dike,3,1
Dike,4,2
Dillard,2,1
Dilley,2,8
Dilley,3,1
Dillon,1,16
Dillon,2,717
Dillon,3,35
Dillon,4,38
Dillon Beach,2,8
Dillonvale,2,1
Dillsboro,2,7
Dillsboro,4,1
Dillsburg,1,7
Dillsburg,2,199
Dillsburg,4,10
Dillwyn,2,35
Dillwyn,4,19
Dilworth,2,1
Dimmitt,2,4
Dimmitt,3,1
Dimmitt,4,3
Dimondale,2,7
Dimondale,3,3
Dingmans Ferry,2,46
Dinosaur,2,8
Dinosaur,4,4
Dinuba,1,5
Dinuba,2,349
Dinuba,3,1
Dinwiddie,2,148
Dinwiddie,3,22
Dinwiddie,4,25
Discovery Bay,1,4
Discovery Bay,2,185
Discovery Bay,3,1
Discovery Bay,4,3
Disputanta,2,35
Disputanta,4,15
District 1,2,3
District 1,4,1
District 12 Oxon Hill,2,3
District 13,2,1
District 17 Chillum,2,1
District 18 Seat Pleasant,2,3
District 2,3,1
District 24 Braddock,2,1
District 4 Kent Island,2,21
District 4 Kent Island,4,1
District 5,2,19
District 5,4,1
District 6 Northern,2,1
District 7 Ocean City,2,5
District 9,3,1
District F,1,1
District F,2,1
District Heights,1,1
District Heights,2,240
District Heights,3,22
District Heights,4,13
Dittmer,2,4
Dittmer,4,4
Divernon,2,1
Divernon,3,17
Divide,2,86
Divide,4,16
Dix,2,10
Dix,3,16
Dix,4,1
Dix Hills,1,1
Dix Hills,2,23
Dixon,1,3
Dixon,2,826
Dixon,3,91
Dixon,4,4
Dixon Springs,2,1
Dixon Springs,4,1
Dobbins,2,39
Dobbs Ferry,2,81
Dobbs Ferry,3,1
Dobson,2,49
Dobson,3,2
Dobson,4,14
Doddridge,2,8
Doddridge,4,3
Dodge,2,2
Dodge Center,1,1
Dodge Center,2,68
Dodge City,2,1
Dodgeville,2,2
Dodson,2,1
Doerun,2,1
Doerun,4,3
Dolan Springs,2,42
Dolan Springs,4,1
Dolores,2,5
Dolores,4,2
Dolphin,2,26
Dolphin,4,1
Dolton,2,18
Dolton,3,9
Donalds,1,3
Donalds,2,72
Donalds,4,1
Donaldson,2,37
Donaldson,4,3
Donaldsonville,2,2
Donalsonville,2,1
Donegal,2,39
Donegal,3,20
Donegal,4,6
Dongola,3,8
Doniphan,2,4
Doniphan,4,1
Donna,1,1
Donna,2,10
Donnellson,2,13
Donnellson,3,1
Donnellson,4,2
Donnelly,2,3
Doon,2,3
Dora,2,9
Dora,3,2
Doral,2,1116
Doral,4,2
Dorchester,1,43
Dorchester,2,801
Dorchester,3,203
Dorchester,4,2
Dorchester Center,1,19
Dorchester Center,2,260
Dorchester Center,3,29
Dorena,2,1
Dornsife,2,14
Dornsife,4,1
Dorris,2,48
Dos Palos,2,291
Dos Palos,4,1
Dos Rios,2,45
Doswell,2,366
Doswell,3,5
Doswell,4,2
Dothan,1,33
Dothan,2,1067
Dothan,3,6
Dothan,4,7
Double Springs,2,11
Douglas,2,44
Douglas,3,2
Douglas,4,15
Douglas City,2,75
Douglassville,2,51
Douglassville,4,5
Douglasville,2,123
Douglasville,3,49
Douglasville,4,14
Dove Creek,2,23
Dove Creek,4,9
Dover,1,23
Dover,2,805
Dover,3,58
Dover,4,47
Dover AFB,2,3
Dover Plains,2,35
Dovray,2,3
Dowagiac,2,10
Dowagiac,4,8
Dowelltown,2,6
Dowelltown,4,1
Downers Grove,1,60
Downers Grove,2,569
Downers Grove,3,91
Downers Grove,4,4
Downey,1,4
Downey,2,1728
Downey,3,383
Downey,4,3
Downieville,2,8
Downieville,4,1
Downingtown,1,12
Downingtown,2,784
Downingtown,3,8
Downingtown,4,13
Downs,3,12
Downsville,2,1
Dows,2,16
Dows,3,1
Doyle,2,180
Doyle,4,6
Doylesburg,2,9
Doylesburg,4,3
Doylestown,1,1
Doylestown,2,52
Doylestown,4,13
Dozier,2,5
Dracut,2,2
Dragoon,2,13
Dragoon,3,4
Dragoon,4,3
Drain,2,77
Drain,3,1
Drake,2,15
Drake,4,5
Drakes Branch,2,14
Drakes Branch,3,1
Drakes Branch,4,8
Drakesboro,2,1
Draper,1,8
Draper,2,742
Draper,3,158
Draper,4,7
Drasco,2,3
Drasco,4,3
Dravosburg,1,2
Dravosburg,2,14
Dravosburg,4,5
Drayton,2,5
Dresden,2,3
Dresden,4,2
Dresher,1,3
Dresher,2,123
Dresher,3,2
Drewryville,2,26
Drewryville,3,1
Drewryville,4,2
Drewsey,2,55
Drexel Hill,2,86
Drexel Hill,4,2
Drifting,2,4
Driftwood,2,14
Driftwood,4,1
Driggs,2,1
Driggs,4,1
Dripping Springs,1,2
Dripping Springs,2,23
Driscoll,2,10
Drummond,2,253
Drummonds,2,1
Drumore,2,6
Drums,2,117
Drums,3,14
Drums,4,17
Dry Branch,2,38
Dry Branch,3,4
Dry Branch,4,4
Dry Fork,2,10
Dry Fork,4,3
Dry Ridge,2,2
Dry Run,2,2
Dry Run,4,1
Drybranch,2,17
Drybranch,4,1
Dryden,2,13
Dryden,4,5
Drytown,2,11
Du Bois,1,1
Du Bois,2,282
Du Bois,3,14
Du Bois,4,7
Duanesburg,2,100
Duarte,1,1
Duarte,2,506
Duarte,3,74
Duarte,4,2
Dublin,1,12
Dublin,2,891
Dublin,3,197
Dublin,4,15
Dubois,2,112
Dubois,3,1
Dubois,4,5
Dubuque,2,17
Dubuque,4,4
Duchesne,1,1
Duchesne,2,99
Duck,2,3
Duck Creek Village,2,2
Duck River,2,3
Duck River,4,2
Ducor,2,27
Ducor,4,1
Dudley,1,1
Dudley,2,43
Dudley,3,6
Dudley,4,5
Due West,1,1
Due West,2,18
Duette,2,4
Duette,4,1
Duff,2,1
Duff,4,1
Duffield,2,22
Duffield,3,1
Duffield,4,5
Dufur,2,47
Dufur,4,1
Dugger,2,3
Dugger,4,3
Dugspur,2,2
Dugway,1,1
Dugway,2,82
Dugway,3,4
Dugway,4,1
Duke Center,2,34
Duke Center,4,1
Dulce,2,2
Duluth,1,4
Duluth,2,1062
Duluth,3,158
Duluth,4,14
Duluth city,2,19
Dumas,2,4
Dumas,3,1
Dumas,4,2
Dumfries,1,3
Dumfries,2,860
Dumfries,3,62
Dumfries,4,10
Dumont,2,44
Dumont,3,14
Dumont,4,2
Dunbar,2,101
Dunbar,4,6
Duncan,1,90
Duncan,2,1133
Duncan,3,122
Duncan,4,12
Duncannon,1,2
Duncannon,2,197
Duncannon,4,33
Duncans Mills,2,13
Duncansville,1,1
Duncansville,2,314
Duncansville,3,24
Duncansville,4,7
Duncanville,1,4
Duncanville,2,363
Duncanville,3,126
Duncanville,4,3
Dundalk,2,158
Dundalk,3,26
Dundalk,4,12
Dundas,2,89
Dundas,4,1
Dundee,1,2
Dundee,2,161
Dundee,3,5
Dundee,4,10
Dunedin,1,6
Dunedin,2,272
Dunedin,3,1
Dunellen,2,21
Dunkirk,2,131
Dunkirk,3,5
Dunkirk,4,4
Dunlap,2,61
Dunlap,4,4
Dunmore,2,1
Dunn,1,1
Dunn,2,484
Dunn,3,97
Dunn,4,63
Dunn Center,2,2
Dunn Loring,2,176
Dunn Loring,3,30
Dunn Loring,4,2
Dunnell,2,5
Dunnellon,1,2
Dunnellon,2,282
Dunnellon,4,11
Dunnigan,1,1
Dunnigan,2,93
Dunnigan,3,1
Dunnsville,2,29
Dunnsville,4,17
Dunseith,2,1
Dunsmuir,2,148
Dunsmuir,3,1
Dunsmuir,4,1
Dunstable,2,1
Dupo,2,5
Dupo,3,17
Dupont,2,100
Dupont,3,56
Dupont,4,2
Duquesne,2,29
Duquesne,4,8
Durand,2,32
Durand,4,4
Durango,2,30
Durango,3,1
Durango,4,8
Durant,2,23
Durant,3,3
Durant,4,3
Durbin,2,1
Durham,1,40
Durham,2,1450
Durham,3,202
Durham,4,85
Durhamville,2,31
Durkee,2,20
Durkee,4,3
Dushore,1,1
Dushore,2,75
Dushore,4,10
Duson,1,15
Duson,2,50
Duson,3,2
Duson,4,1
Dutch Flat,2,110
Dutch Flat,3,12
Dutch Flat,4,3
Dutch John,1,1
Dutch John,2,10
Dutch John,4,1
Dutton,2,30
Dutton,4,8
Duvall,2,9
Duvall,4,2
Duxbury,1,30
Duxbury,2,104
Duxbury,3,2
Dwight,2,3
Dwight,3,44
Dyersburg,2,1
Dyersville,2,10
Dyersville,4,1
Dyess,2,16
Dyess,4,4
Dyke,2,3
Dyke,4,3
Dysart,2,34
Dysart,4,6
Eads,2,23
Eads,3,1
Eads,4,10
Eagar,1,1
Eagar,2,8
Eagle,2,274
Eagle,3,10
Eagle,4,12
Eagle Bend,2,8
Eagle Bridge,2,15
Eagle Bridge,4,1
Eagle Creek,2,64
Eagle Creek,4,5
Eagle Lake,1,1
Eagle Lake,2,63
Eagle Lake,4,1
Eagle Mountain,2,15
Eagle Point,2,235
Eagle Point,3,1
Eagle Point,4,3
Eagle Rock,2,39
Eagle Rock,3,1
Eagle Rock,4,12
Eagle Springs,2,19
Eagle Springs,4,4
Eagles Mere,2,4
Eagleville,2,4
Eagleville,3,2
Earl Park,2,1
Earl Park,4,1
Earle,1,1
Earle,2,9
Earleton,2,2
Earleville,2,6
Earleville,4,1
Earlham,2,28
Earlham,3,8
Earlham,4,2
Earlimart,1,5
Earlimart,2,400
Earling,2,2
Earling,4,1
Earlville,2,2
Early,2,6
Early,4,4
Early Branch,1,3
Early Branch,2,43
Earlysville,2,20
Earlysville,4,10
Earp,2,50
Earth City,2,14
Earth City,3,20
Easley,1,131
Easley,2,1279
Easley,4,4
East Alton,4,1
East Amherst,2,3
East Aurora,2,6
East Aurora,4,3
East Bank,2,2
East Bend,2,9
East Bend,4,3
East Berlin,2,101
East Berlin,4,9
East Bernard,2,4
East Bernard,3,1
East Berne,2,11
East Berne,4,2
East Bernstadt,2,10
East Bernstadt,3,1
East Bernstadt,4,5
East Bethany,2,1
East Boston,1,4
East Boston,2,52
East Boston,3,3
East Boston,4,1
East Brady,2,2
East Branch,2,7
East Branch,3,1
East Brookfield,2,2
East Brunswick,2,394
East Brunswick,3,72
East Brunswick,4,3
East Canaan,2,1
East Canton,2,4
East Canton,4,1
East Carbon,2,17
East Carondelet,3,2
East Chatham,2,46
East Chatham,4,1
East Chicago,2,5
East Chicago,3,1
East Dover,2,1
East Dublin,2,7
East Dublin,3,6
East Dubuque,2,8
East Durham,2,3
East Durham,4,3
East Earl,1,4
East Earl,2,84
East Earl,4,3
East Ellijay,2,2
East Ellijay,4,1
East Elmhurst,2,398
East Elmhurst,3,6
East Falmouth,1,4
East Falmouth,2,11
East Flat Rock,2,9
East Freedom,2,120
East Freedom,3,4
East Freedom,4,3
East Fultonham,2,1
East Fultonham,4,1
East Glacier Park,2,17
East Glacier Park,4,1
East Granby,1,1
East Granby,2,19
East Granby,4,11
East Grand Forks,2,1
East Greenbush,2,66
East Greenbush,3,4
East Greenbush,4,4
East Greenville,1,2
East Greenville,2,50
East Greenwich,1,1
East Greenwich,2,87
East Greenwich,3,16
East Haddam,2,6
East Haddam,4,1
East Hampstead,2,4
East Hampton,2,27
East Hampton,3,1
East Hampton,4,4
East Hanover,2,13
East Hartford,1,3
East Hartford,2,958
East Hartford,3,146
East Hartford,4,30
East Haven,2,152
East Haven,3,45
East Haven,4,6
East Hazel Crest,2,2
East Helena,2,80
East Islip,1,1
East Islip,2,51
East Kern,2,2
East Killingly,2,1
East Kingston,1,1
East Lansing,2,51
East Lansing,4,2
East Leroy,4,1
East Liberty,2,3
East Linn,2,3
East Liverpool,2,10
East Longmeadow,2,5
East Lyme,2,112
East Lyme,3,35
East Lyme,4,3
East Marion,2,3
East Mc Keesport,1,1
East Mc Keesport,2,7
East Mc Keesport,4,2
East Meadow,1,1
East Meadow,2,87
East Meadow,4,3
East Meredith,2,1
East Meredith,4,2
East Millsboro,2,1
East Moline,2,3
East Moline,3,10
East Montpelier,2,1
East Montpelier,3,1
East Moriches,2,3
East Nassau,2,29
East Nassau,4,2
East New Market,2,42
East New Market,3,1
East New Market,4,5
East Norriton,2,3
East Northport,1,2
East Northport,2,9
East Norwich,2,3
East Orange,1,4
East Orange,2,580
East Orange,3,42
East Orange,4,4
East Palatka,2,90
East Palatka,4,3
East Palestine,2,4
East Palo Alto,1,1
East Palo Alto,2,22
East Patchogue,1,1
East Patchogue,2,9
East Peoria,1,11
East Peoria,2,147
East Peoria,3,74
East Peoria,4,1
East Petersburg,1,1
East Petersburg,2,33
East Petersburg,3,1
East Petersburg,4,1
East Pittsburgh,2,14
East Pittsburgh,4,3
East Providence,1,7
East Providence,2,56
East Providence,3,107
East Quogue,2,15
East Rancho Dominguez,2,3
East Rochester,1,2
East Rochester,2,81
East Rochester,3,4
East Rochester,4,1
East Rockaway,2,1
East Rutherford,1,1
East Rutherford,2,307
East Rutherford,3,59
East Rutherford,4,3
East Saint Louis,2,79
East Saint Louis,3,254
East Saint Louis,4,6
East San Gabriel Valley,1,1
East San Gabriel Valley,2,3
East San Gabriel Valley,3,1
East Sandwich,1,1
East Sandwich,2,10
East Schodack,2,1
East Schodack,4,1
East Setauket,2,23
East Sierra,2,6
East Smithfield,2,1
East Smithfield,4,1
East Springfield,2,1
East Springfield,4,2
East St Louis,2,118
East St Louis,3,24
East St Louis,4,12
East St. Louis,3,1
East Stroudsburg,1,2
East Stroudsburg,2,99
East Stroudsburg,3,13
East Stroudsburg,4,5
East Syracuse,2,150
East Syracuse,3,19
East Syracuse,4,17
East Taunton,1,1
East Taunton,2,4
East Tawas,2,2
East Tehama,2,38
East Troy,2,5
East Troy,4,1
East Wakefield,3,1
East Walpole,1,1
East Walpole,2,13
East Walpole,3,9
East Wareham,2,2
East Waterford,2,15
East Waterford,4,1
East Wenatchee,2,1
East Weymouth,1,1
East Weymouth,2,4
East Whatcom,2,1
East Whatcom,3,1
East Windsor,2,91
East Windsor,3,10
East Windsor,4,8
Eastaboga,2,24
Eastaboga,3,5
Eastaboga,4,1
Eastanollee,2,4
Eastanollee,3,1
Eastanollee,4,1
Eastchester,2,11
Eastchester,4,1
Eastham,1,1
Eastham,2,4
Eastlake,1,1
Eastlake,2,29
Eastlake,3,1
Eastlake,4,1
Eastland,2,18
Eastland,3,6
Eastland,4,1
Eastman,2,10
Eastman,4,3
Easton,1,2
Easton,2,688
Easton,3,21
Easton,4,83
Eastover,1,13
Eastover,2,292
Eastover,3,1
Eastover,4,2
Eastpoint,2,9
Eastpointe,2,2
Eastport,1,1
Eastport,2,12
Eastport,3,1
Eastview,2,2
Eaton,2,43
Eaton,3,4
Eaton,4,7
Eaton Park,2,2
Eaton Rapids,2,8
Eaton Rapids,4,3
Eatonton,2,25
Eatonton,4,5
Eatontown,2,291
Eatontown,3,3
Eatontown,4,3
Eatonville,1,1
Eatonville,2,51
Eatonville,4,5
Eau Claire,2,66
Eau Claire,3,16
Eau Claire,4,4
Ebensburg,1,2
Ebensburg,2,232
Ebensburg,3,4
Ebensburg,4,9
Ebony,2,4
Ebony,4,1
Ebro,2,41
Ebro,3,1
Echo,2,167
Echo,3,3
Echo,4,1
Echo Lake,2,85
Echo Lake,4,2
Echola,2,5
Eckerman,2,1
Eckerty,2,1
Eckerty,4,1
Eclectic,2,38
Economy,2,5
Economy,4,2
Edcouch,1,1
Edcouch,2,4
Edcouch,4,5
Eddington,2,1
Eddy,1,1
Eddy,3,4
Eddystone,2,1
Eddyville,2,72
Eddyville,3,1
Eddyville,4,4
Eden,2,142
Eden,3,4
Eden,4,21
Eden Prairie,1,3
Eden Prairie,2,628
Eden Prairie,3,9
Eden Prairie,4,1
Eden Valley,1,1
Eden Valley,2,16
Edenton,2,14
Edenton,4,2
Edgar,2,6
Edgar,4,2
Edgefield,1,5
Edgefield,2,76
Edgefield,4,1
Edgeley,2,9
Edgemont,2,3
Edgemont,4,1
Edgemoor,1,2
Edgemoor,2,68
Edgemoor,3,4
Edgerton,1,1
Edgerton,2,102
Edgerton,3,14
Edgerton,4,9
Edgewater,1,1
Edgewater,2,82
Edgewater,3,13
Edgewater,4,2
Edgewood,1,2
Edgewood,2,176
Edgewood,3,13
Edgewood,4,12
Edina,2,9
Edinboro,2,20
Edinboro,3,2
Edinboro,4,4
Edinburg,1,5
Edinburg,2,236
Edinburg,3,15
Edinburg,4,39
Edinburgh,2,75
Edinburgh,3,10
Edinburgh,4,8
Edison,1,2
Edison,2,982
Edison,3,108
Edison,4,15
Edisto Island,2,6
Edmeston,2,3
Edmeston,4,2
Edmond,1,35
Edmond,2,305
Edmond,3,16
Edmond,4,1
Edmonds,1,1
Edmonds,2,22
Edmonton,2,1
Edmore,2,2
Edmore,4,1
Edna,2,5
Edna,4,3
Edon,1,1
Edon,2,16
Edon,3,41
Edon,4,4
Edward,2,2
Edwards,1,3
Edwards,2,227
Edwards,3,19
Edwards,4,16
Edwardsville,1,1
Edwardsville,2,32
Edwardsville,3,45
Edwardsville,4,1
Effie,2,11
Effingham,1,14
Effingham,2,240
Effingham,3,55
Effingham,4,2
Effort,2,3
Effort,4,1
Efland,2,79
Efland,3,22
Efland,4,4
Egan,2,16
Egan,3,8
Egan,4,2
Egg Harbor City,2,61
Egg Harbor City,3,1
Egg Harbor City,4,7
Egg Harbor Township,1,1
Egg Harbor Township,2,119
Egg Harbor Township,3,1
Egg Harbor Township,4,1
Egg Harbor Twp,2,88
Egg Harbor Twp,4,3
Eglin AFB,1,2
Eglin AFB,2,180
Eglin AFB,3,1
Eglin Air Force Base,2,44
Eglon,2,2
Eglon,4,1
Egnar,2,7
Egnar,4,2
Ehrenberg,2,17
Ehrenberg,3,3
Ehrenberg,4,1
Ehrhardt,1,3
Ehrhardt,2,37
Ehrhardt,4,1
Eight Mile,2,38
Eight Mile,4,9
Eighty Four,2,40
Eighty Four,3,5
Eighty Four,4,8
Eitzen,2,1
Ekalaka,2,1
Ekron,2,3
Ekron,4,1
El Campo,2,3
El Cerrito,1,2
El Cerrito,2,96
El Cerrito,3,10
El Cerrito,4,1
El Dorado,2,173
El Dorado,3,4
El Dorado,4,10
El Dorado Hills,1,5
El Dorado Hills,2,575
El Dorado Hills,3,3
El Granada,2,11
El Macero,2,4
El Mirage,1,1
El Mirage,2,176
El Mirage,4,4
El Monte,1,4
El Monte,2,1089
El Monte,3,233
El Monte,4,3
El Nido,1,1
El Nido,2,53
El Nido,4,1
El Paso,1,40
El Paso,2,2109
El Paso,3,334
El Paso,4,39
El Portal,2,23
El Prado,2,1
El Reno,2,17
El Reno,3,1
El Reno,4,2
El Segundo,2,186
El Segundo,3,23
El Sobrante,1,15
El Sobrante,2,365
El Sobrante,3,14
Eland,2,3
Eland,4,1
Elba,2,31
Elba,3,1
Elba,4,1
Elbe,2,2
Elberfeld,2,4
Elberfeld,4,2
Elberon,2,8
Elberon,4,3
Elberta,1,1
Elberta,2,12
Elberta,4,4
Elberton,2,27
Elberton,4,11
Elbow Lake,2,27
Elbridge,2,4
Elbridge,4,3
Elburn,2,16
Elburn,3,2
Elburn,4,2
Eldon,2,4
Eldon,4,2
Eldora,2,3
Eldorado,2,5
Eldorado,3,2
Eldorado,4,2
Eldorado Springs,4,1
Eldred,2,41
Eldred,3,2
Eldridge,2,19
Eldridge,3,2
Eldridge,4,3
Electra,2,12
Electra,3,1
Elgin,1,47
Elgin,2,1152
Elgin,3,225
Elgin,4,16
Elizabeth,1,5
Elizabeth,2,746
Elizabeth,3,195
Elizabeth,4,33
Elizabeth City,2,42
Elizabeth City,4,4
Elizabethport,2,230
Elizabethport,3,18
Elizabethport,4,1
Elizabethton,2,9
Elizabethton,4,3
Elizabethtown,1,21
Elizabethtown,2,511
Elizabethtown,3,3
Elizabethtown,4,37
Elizabethville,2,9
Elizaville,2,3
Elizaville,4,1
Elk,2,30
Elk City,2,2
Elk Creek,2,9
Elk Falls,2,1
Elk Falls,4,2
Elk Garden,2,2
Elk Grove,1,17
Elk Grove,2,1269
Elk Grove,3,31
Elk Grove,4,7
Elk Grove Village,1,6
Elk Grove Village,2,92
Elk Grove Village,3,103
Elk Grove Village,4,2
Elk Mound,1,1
Elk Mound,2,34
Elk Mound,3,4
Elk Mountain,2,19
Elk Mountain,4,1
Elk Park,2,3
Elk Park,4,1
Elk River,1,21
Elk River,2,748
Elk River,3,2
Elk River,4,1
Elkader,2,2
Elkader,4,2
Elkhart,1,1
Elkhart,2,81
Elkhart,3,37
Elkhart,4,5
Elkhart Lake,2,6
Elkhart Lake,4,4
Elkhorn,2,34
Elkhorn,3,1
Elkhorn,4,3
Elkin,2,35
Elkin,3,6
Elkin,4,7
Elkins,2,5
Elkins,4,5
Elkins Park,1,5
Elkins Park,2,583
Elkins Park,3,1
Elkins Park,4,1
Elkland,2,14
Elkland,4,2
Elkmont,1,1
Elkmont,2,40
Elkmont,3,10
Elkmont,4,2
Elko,1,3
Elko,2,166
Elko,3,10
Elko,4,8
Elko New Market,2,117
Elko New Market,3,6
Elkridge,2,394
Elkridge,3,47
Elkridge,4,22
Elkton,2,586
Elkton,3,16
Elkton,4,80
Elkview,2,123
Elkview,4,3
Elkwood,2,23
Elkwood,3,1
Elkwood,4,6
Ellabell,2,49
Ellabell,3,21
Ellabell,4,8
Ellaville,2,11
Ellaville,4,1
Ellenboro,2,26
Ellenboro,4,4
Ellenburg Depot,2,2
Ellenburg Depot,4,1
Ellendale,2,214
Ellendale,3,4
Ellensburg,2,11
Ellensburg,4,3
Ellenton,1,13
Ellenton,2,375
Ellenton,3,71
Ellenton,4,4
Ellenville,2,4
Ellenwood,2,135
Ellenwood,3,27
Ellenwood,4,10
Ellerbe,2,13
Ellerbe,4,6
Ellerslie,2,1
Ellettsville,1,1
Ellettsville,2,2
Ellettsville,4,1
Ellicott City,1,2
Ellicott City,2,384
Ellicott City,3,30
Ellicott City,4,22
Ellicottville,2,2
Ellicottville,4,1
Ellijay,2,65
Ellijay,3,1
Ellijay,4,19
Ellington,2,17
Ellington,4,9
Elliott,2,4
Elliottsburg,1,1
Elliottsburg,2,23
Elliottsburg,4,3
Ellison Bay,2,1
Ellison Bay,4,2
Elliston,2,281
Elliston,3,44
Elliston,4,16
Ellisville,2,10
Ellisville,3,2
Elloree,1,3
Elloree,2,84
Ellsworth,2,72
Ellsworth,3,4
Ellsworth,4,7
Ellwood City,2,68
Ellwood City,4,7
Elm City,2,49
Elm City,3,2
Elm City,4,5
Elm Creek,2,4
Elm Creek,3,1
Elm Grove,2,1
Elm Mott,2,2
Elma,1,1
Elma,2,28
Elma,3,1
Elmendorf,2,9
Elmendorf,3,4
Elmendorf,4,2
Elmer,2,26
Elmer,4,11
Elmhurst,1,42
Elmhurst,2,890
Elmhurst,3,574
Elmhurst,4,5
Elmhurst Township,2,1
Elmhurst Township,3,3
Elmira,2,22
Elmira,4,6
Elmo,2,28
Elmont,1,1
Elmont,2,32
Elmont,3,1
Elmont,4,3
Elmora,2,9
Elmore,2,63
Elmore,3,31
Elmore,4,2
Elmsford,1,5
Elmsford,2,537
Elmsford,3,43
Elmsford,4,3
Elmwood,2,1
Elmwood Park,1,1
Elmwood Park,2,205
Elmwood Park,3,36
Elmwood Park,4,2
Elnora,2,9
Elnora,3,1
Elnora,4,3
Elon,2,18
Elon,4,1
Eloy,2,103
Eloy,3,12
Eloy,4,7
Elrama,2,1
Elrama,4,1
Elrod,2,18
Elrosa,2,3
Elsinore,2,1
Elsmere,2,10
Elverson,2,73
Elverson,3,2
Elverta,2,177
Elwood,2,27
Elwood,4,5
Ely,1,4
Ely,2,117
Ely,3,1
Ely,4,2
Elyria,2,89
Elyria,3,59
Elyria,4,6
Elysburg,2,70
Elysburg,3,2
Elysburg,4,9
Elysian,2,18
Embarrass,2,20
Embudo,2,1
Emden,3,1
Emelle,2,5
Emerado,2,11
Emerald Hills,2,15
Emerald Isle,2,2
Emerson,2,10
Emerson,3,1
Emerson,4,2
Emery,2,1
Emeryville,1,8
Emeryville,2,989
Emeryville,3,273
Emeryville,4,4
Emigrant,2,19
Emigrant,4,1
Emigrant Gap,2,75
Emigrant Gap,3,2
Emily,2,11
Emlenton,2,104
Emlenton,3,12
Emlenton,4,17
Emmaus,2,38
Emmaus,3,1
Emmaus,4,3
Emmet,2,4
Emmet,3,1
Emmet,4,5
Emmetsburg,2,4
Emmetsburg,4,3
Emmett,2,5
Emmitsburg,2,59
Emmitsburg,4,5
Emmons,2,1
Empire,1,1
Empire,2,46
Empire,3,1
Empire,4,10
Emporia,2,217
Emporia,3,16
Emporia,4,25
Emporium,2,38
Emporium,4,1
Encinal,2,6
Encinitas,1,2
Encinitas,2,625
Encinitas,3,86
Encinitas,4,2
Encino,1,3
Encino,2,1215
Encino,3,38
Encino,4,2
Endeavor,2,3
Endeavor,3,2
Endeavor,4,3
Enderlin,2,7
Endicott,2,38
Endicott,4,2
Enfield,2,157
Enfield,3,23
Enfield,4,19
Engadine,2,1
England,2,5
England,4,3
Englewood,1,54
Englewood,2,1140
Englewood,3,201
Englewood,4,20
Englewood Cliffs,2,28
Englewood Cliffs,3,1
Englewood Cliffs,4,2
English,2,20
English,3,4
English,4,5
Englishtown,2,113
Englishtown,3,1
Englishtown,4,6
Enid,2,1
Enigma,2,5
Enigma,3,1
Ennice,2,6
Ennice,4,2
Ennis,2,73
Ennis,3,21
Ennis,4,6
Enola,2,119
Enola,3,14
Enola,4,7
Enon,2,4
Enon,3,8
Enon,4,2
Enon Valley,2,18
Enon Valley,3,1
Enon Valley,4,5
Enoree,1,10
Enoree,2,245
Enoree,3,10
Enoree,4,1
Enterprise,1,3
Enterprise,2,256
Enterprise,3,1
Enterprise,4,6
Entiat,2,1
Enumclaw,2,36
Enumclaw,4,5
Enville,2,1
Epes,2,10
Epes,3,5
Epes,4,2
Ephraim,2,29
Ephraim,4,1
Ephrata,1,28
Ephrata,2,660
Ephrata,3,3
Ephrata,4,19
Epping,2,17
Epsom,2,6
Epworth,2,4
Epworth,4,1
Equality,2,1
Erie,1,1
Erie,2,311
Erie,3,67
Erie,4,43
Erin,2,16
Erin,4,5
Erlanger,1,16
Erlanger,2,116
Erlanger,3,72
Erlanger,4,2
Ernul,2,1
Erskine,2,18
Erving,2,1
Erwin,2,30
Erwin,3,5
Erwin,4,7
Erwinna,2,1
Escalante,2,7
Escalon,1,2
Escalon,2,293
Escalon,4,2
Escondido,1,9
Escondido,2,1978
Escondido,3,132
Escondido,4,8
Eskdale,2,63
Eskdale,4,2
Esko,2,121
Esko,3,1
Esmont,2,3
Esmont,4,5
Esopus,2,2
Espanola,2,18
Espanola,4,3
Esparto,2,107
Esparto,3,1
Esparto,4,2
Esperance,2,14
Esperance,4,3
Essex,1,1
Essex,2,173
Essex,3,26
Essex,4,24
Essex Junction,2,1
Essington,1,1
Essington,2,199
Essington,3,61
Essington,4,2
Estacada,2,72
Estacada,4,14
Estero,1,27
Estero,2,902
Estero,3,45
Estero,4,8
Estero Island,2,2
Estes Park,1,1
Estes Park,2,12
Estes Park,4,4
Estill,1,4
Estill,2,62
Estill Springs,2,5
Estill Springs,4,2
Estillfork,2,1
Ethel,2,6
Ethelsville,2,5
Ethelsville,4,2
Ethridge,2,1
Etna,1,1
Etna,2,53
Etna,3,10
Etoile,3,1
Etowah,2,19
Etowah,4,2
Etters,1,4
Etters,2,107
Etters,3,2
Etters,4,6
Euclid,1,1
Euclid,2,53
Euclid,3,26
Eudora,2,24
Eudora,4,9
Eufaula,2,33
Eufaula,4,1
Eugene,2,968
Eugene,3,20
Eugene,4,14
Euless,2,217
Euless,3,1
Eunice,2,2
Eure,2,10
Eure,4,3
Eureka,1,7
Eureka,2,612
Eureka,3,30
Eureka,4,2
Eureka Springs,2,22
Eureka Springs,4,11
Eustis,2,151
Eustis,4,3
Eutaw,2,50
Eutaw,3,10
Eutaw,4,3
Eutawville,1,3
Eutawville,2,105
Evans,2,17
Evans,4,1
Evans City,2,4
Evans City,4,2
Evans Mills,2,8
Evans Mills,4,1
Evansdale,2,24
Evansdale,3,4
Evanston,1,1
Evanston,2,105
Evanston,4,14
Evansville,1,1
Evansville,2,221
Evansville,3,4
Evansville,4,71
Evart,2,1
Eveleth,1,1
Eveleth,2,131
Evening Shade,2,10
Evening Shade,4,3
Evensville,1,1
Evensville,2,2
Everett,1,15
Everett,2,653
Everett,3,178
Everett,4,12
Evergreen,1,1
Evergreen,2,216
Evergreen,3,43
Evergreen,4,30
Evergreen Park,2,4
Everson,1,1
Everson,2,40
Everson,3,2
Everson,4,4
Everton,2,4
Everton,4,3
Evington,2,27
Evington,4,4
Ewing,2,15
Ewing,4,5
Excelsior,1,1
Excelsior,2,123
Excelsior,4,2
Exchange,2,11
Exeter,1,6
Exeter,2,346
Exeter,3,3
Exira,2,1
Exmore,2,38
Exmore,4,4
Export,2,60
Export,4,8
Exton,1,13
Exton,2,579
Exton,3,32
Exton,4,13
Eyota,2,126
Fabens,2,7
Faber,2,33
Faber,4,6
Factoryville,2,12
Factoryville,3,1
Factoryville,4,1
Fair Bluff,2,2
Fair Grove,1,2
Fair Grove,2,12
Fair Haven,3,1
Fair Lawn,2,109
Fair Lawn,4,1
Fair Oaks,1,16
Fair Oaks,2,1372
Fair Oaks,3,3
Fair Oaks,4,5
Fair Play,1,7
Fair Play,2,265
Fair Play,3,33
Fair Play,4,4
Fairborn,1,1
Fairborn,2,35
Fairborn,3,10
Fairborn,4,1
Fairburn,2,124
Fairburn,3,54
Fairburn,4,14
Fairchild Air Force Base,2,1
Fairdale,1,2
Fairdale,2,46
Fairdale,3,2
Fairdale,4,1
Fairfax,1,6
Fairfax,2,3033
Fairfax,3,462
Fairfax,4,21
Fairfax Station,2,407
Fairfax Station,3,1
Fairfax Station,4,6
Fairfield,1,23
Fairfield,2,2605
Fairfield,3,469
Fairfield,4,33
Fairhaven,2,2
Fairhaven,3,1
Fairhaven,4,1
Fairhope,2,29
Fairhope,3,2
Fairhope,4,2
Fairland,2,20
Fairland,3,6
Fairland,4,3
Fairlee,2,1
Fairless Hills,2,10
Fairless Hills,4,1
Fairmont,2,326
Fairmont,3,7
Fairmont,4,12
Fairmount,2,15
Fairmount,3,1
Fairmount,4,1
Fairmount City,2,29
Fairmount City,4,2
Fairmount Heights,2,2
Fairplay,2,137
Fairplay,3,3
Fairplay,4,38
Fairport,1,2
Fairport,2,229
Fairview,1,2
Fairview,2,338
Fairview,3,20
Fairview,4,19
Fairview Heights,2,16
Fairview Heights,3,52
Fairview Heights,4,2
Faison,2,45
Faison,3,3
Faison,4,8
Falconer,2,1
Falfurrias,2,4
Falfurrias,4,3
Falkville,2,42
Falkville,3,28
Falkville,4,1
Fall Branch,2,21
Fall Branch,3,8
Fall Branch,4,2
Fall City,2,9
Fall City,3,1
Fall City,4,3
Fall Creek,2,3
Fall River,2,25
Fall River,3,10
Fall River,4,1
Fall River Mills,2,40
Fallbrook,1,12
Fallbrook,2,1777
Fallbrook,3,43
Fallbrook,4,8
Fallentimber,2,36
Falling Waters,2,89
Falling Waters,3,2
Falling Waters,4,3
Fallon,1,6
Fallon,2,206
Fallon,3,1
Fallon,4,7
Falls Church,1,1
Falls Church,2,1251
Falls Church,3,209
Falls Church,4,23
Falls Creek,2,48
Falls Creek,3,4
Falls Creek,4,1
Falls Of Rough,2,2
Falls Village,2,4
Falls Village,4,2
Fallsburg,2,2
Fallston,2,27
Fallston,4,8
Falmouth,1,3
Falmouth,2,7
Falmouth,3,6
Falmouth,4,2
Fancy Gap,2,117
Fancy Gap,3,28
Fancy Gap,4,10
Fannettsburg,2,2
Fanning Springs,1,2
Fanning Springs,2,9
Far Hills,2,28
Far Hills,3,2
Far Hills,4,3
Far Rockaway,2,12
Far Rockaway,4,2
Fargo,2,204
Fargo,3,2
Faribault,1,1
Faribault,2,474
Faribault,3,5
Farina,2,1
Farina,3,27
Farley,2,4
Farmer City,2,1
Farmer City,3,13
Farmersburg,2,2
Farmersburg,4,1
Farmersville,2,33
Farmersville,3,11
Farmingdale,1,3
Farmingdale,2,303
Farmingdale,3,2
Farmingdale,4,9
Farmington,1,7
Farmington,2,1244
Farmington,3,175
Farmington,4,21
Farmington Hills,2,1
Farmington Hills,3,1
Farmingville,1,4
Farmingville,2,30
Farmingville,3,4
Farmland,2,6
Farmland,4,3
Farmville,2,80
Farmville,4,29
Farnham,2,21
Farnham,3,1
Farnham,4,7
Farragut,2,33
Farragut,3,12
Farson,2,1
Farwell,2,14
Farwell,4,1
Fate,3,10
Faucett,2,7
Faulkner,2,1
Faulkner,4,1
Faunsdale,2,1
Faunsdale,3,1
Faunsdale,4,1
Fawn Grove,1,1
Fawn Grove,2,6
Fayette,1,1
Fayette,2,29
Fayette,4,1
Fayette City,2,6
Fayette City,4,1
Fayetteville,1,2
Fayetteville,2,768
Fayetteville,3,34
Fayetteville,4,107
Feasterville Trevose,2,109
Feasterville Trevose,3,25
Feasterville Trevose,4,2
Feasterville-Trevose,2,56
Feasterville-Trevose,3,10
Feasterville-Trevose,4,4
Federal Way,2,378
Federal Way,3,166
Federal Way,4,5
Federalsburg,2,69
Federalsburg,3,1
Federalsburg,4,20
Feeding Hills,2,3
Felda,2,6
Fellows,2,35
Fellows,4,1
Fellsmere,2,72
Fellsmere,3,19
Fellsmere,4,4
Felton,1,2
Felton,2,257
Felton,4,9
Felts Mills,2,2
Felts Mills,4,1
Fenelton,2,2
Fenelton,4,1
Fennville,2,41
Fennville,3,10
Fennville,4,9
Fenton,1,14
Fenton,2,486
Fenton,3,36
Fenton,4,13
Fenwick,2,1
Ferdinand,2,10
Ferdinand,4,6
Fergus Falls,2,97
Fergus Falls,4,1
Ferguson,2,2
Fern Park,2,7
Fernandina Beach,1,2
Fernandina Beach,2,153
Fernandina Beach,3,1
Fernandina Beach,4,1
Ferndale,2,138
Ferndale,3,29
Ferndale,4,1
Fernley,1,6
Fernley,2,109
Fernley,3,2
Fernley,4,5
Ferris,1,1
Ferris,2,65
Ferris,3,22
Ferris,4,3
Ferron,2,73
Ferron,3,3
Ferrum,2,12
Ferrum,4,10
Fessenden,2,2
Festus,2,49
Festus,3,27
Festus,4,1
Feura Bush,2,25
Feura Bush,4,3
Fiddletown,2,38
Fieldale,2,30
Fieldale,3,1
Fieldale,4,10
Fields,2,2
Fields Landing,2,2
Fife,1,1
Fife,2,99
Fife,3,65
Fife,4,1
Filer,2,3
Fillmore,1,4
Fillmore,2,576
Fillmore,3,30
Fillmore,4,7
Fincastle,2,125
Fincastle,3,12
Fincastle,4,19
Findlay,2,29
Findlay,3,25
Findlay,4,1
Fingal,2,1
Finksburg,1,1
Finksburg,2,32
Finksburg,4,5
Finland,2,2
Finlayson,2,75
Finlayson,3,2
Finleyville,2,20
Finleyville,4,7
Fircrest,2,2
Firebaugh,1,3
Firebaugh,2,318
Firebaugh,3,10
Firebaugh,4,6
Firth,2,39
Firth,4,4
Fish Camp,2,28
Fish Creek,2,6
Fish Creek,4,4
Fisher,2,4
Fisher,4,3
Fishers,1,5
Fishers,2,112
Fishers,3,29
Fishers,4,4
Fishersville,2,99
Fishersville,3,20
Fishersville,4,20
Fishertown,2,4
Fisherville,2,5
Fisherville,3,5
Fishing Creek,2,1
Fishkill,1,2
Fishkill,2,245
Fishkill,3,32
Fishkill,4,4
Fishtail,2,5
Fiskdale,2,4
Fiskdale,4,2
Fitchburg,1,4
Fitchburg,2,39
Fithian,3,8
Fitzgerald,2,4
Fitzpatrick,2,7
Fitzpatrick,4,1
Fitzwilliam,1,2
Fitzwilliam,2,1
Five Points,2,51
Five Points,4,1
Flag Pond,2,11
Flag Pond,3,1
Flagler,2,9
Flagler,3,2
Flagler,4,3
Flagler Beach,2,77
Flagler Beach,3,5
Flagler Beach,4,2
Flagstaff,2,687
Flagstaff,3,76
Flagstaff,4,38
Flanders,2,23
Flanders,3,1
Flanders,4,4
Flasher,2,2
Flat Rock,2,161
Flat Rock,3,20
Flat Rock,4,18
Flat Top,2,53
Flat Top,4,1
Flatonia,2,6
Flatonia,3,1
Flatonia,4,1
Flatwoods,2,22
Flatwoods,4,1
Fleetwood,2,61
Fleetwood,4,12
Fleming,2,20
Fleming,3,3
Fleming,4,4
Fleming Island,2,146
Fleming Island,3,1
Flemington,2,15
Flemington,4,1
Fletcher,1,1
Fletcher,2,356
Fletcher,3,150
Fletcher,4,31
Flint,1,138
Flint,2,3665
Flint,3,75
Flint,4,53
Flint Hill,2,1
Flint Hill,4,1
Flinton,2,9
Flintstone,2,70
Flintstone,3,6
Flintstone,4,9
Flintville,2,2
Flintville,4,3
Flomaton,2,1
Flomaton,4,2
Floodwood,2,82
Floodwood,4,2
Flora,2,5
Flora,4,1
Florahome,2,22
Floral City,1,1
Floral City,2,49
Floral Park,2,102
Floral Park,3,2
Floral Park,4,1
Florala,2,1
Florence,1,101
Florence,2,3265
Florence,3,118
Florence,4,47
Florham Park,2,63
Florham Park,3,1
Florham Park,4,1
Florida,2,2
Florida,4,1
Florida City,2,72
Florissant,1,5
Florissant,2,88
Florissant,3,42
Florissant,4,11
Floriston,1,1
Floriston,2,244
Floriston,3,16
Floriston,4,5
Flossmoor,2,2
Flournoy,2,1
Flourtown,2,108
Flovilla,2,11
Flovilla,4,3
Floweree,2,10
Floweree,4,1
Flowery Branch,2,39
Flowery Branch,3,13
Flowery Branch,4,3
Flowood,2,107
Flowood,4,5
Floyd,2,40
Floyd,4,14
Floydada,2,4
Floyds Knobs,1,2
Floyds Knobs,2,12
Floyds Knobs,3,13
Floyds Knobs,4,1
Flushing,1,10
Flushing,2,1980
Flushing,3,401
Flushing,4,33
Fluvanna,3,1
Fogelsville,2,42
Fogelsville,3,1
Fogelsville,4,4
Folcroft,2,25
Foley,1,2
Foley,2,107
Foley,4,1
Folkston,2,10
Folkston,4,2
Follansbee,2,1
Folly Beach,1,1
Folly Beach,2,2
Folsom,2,273
Folsom,3,2
Folsom,4,2
Fombell,2,5
Fombell,4,1
Fond du Lac,1,2
Fond du Lac,2,72
Fond du Lac,3,15
Fond du Lac,4,3
Fonda,2,8
Fonda,4,4
Fontana,1,16
Fontana,2,3045
Fontana,3,226
Fontana,4,11
Foothill Ranch,2,60
Forbes,2,1
Forbestown,2,16
Force,2,4
Ford,2,16
Ford,4,4
Ford City,2,2
Ford City,4,1
Fordoche,2,5
Fordoche,4,1
Fords,2,223
Fords,3,40
Fords,4,1
Fordsville,2,1
Fordyce,2,17
Fordyce,4,8
Forest,2,108
Forest,3,2
Forest,4,37
Forest City,2,51
Forest City,4,10
Forest Grove,2,105
Forest Grove,3,1
Forest Grove,4,9
Forest Hill,2,44
Forest Hill,3,13
Forest Hill,4,1
Forest Hills,2,492
Forest Hills,3,42
Forest Hills,4,2
Forest Home,2,1
Forest Knolls,2,7
Forest Lake,1,5
Forest Lake,2,500
Forest Lake,3,22
Forest Lake,4,3
Forest Lakes,2,28
Forest Lakes,4,3
Forest Park,2,303
Forest Park,3,330
Forest Park,4,27
Forest Ranch,2,82
Forest Ranch,3,1
Forest Ranch,4,5
Foresthill,1,1
Foresthill,2,165
Foreston,2,9
Forestport,1,1
Forestport,2,12
Forestville,1,1
Forestville,2,178
Forestville,4,1
Foristell,2,50
Foristell,3,13
Foristell,4,2
Fork,1,1
Fork,2,23
Fork Union,2,10
Fork Union,4,3
Forked River,2,85
Forked River,4,1
Forkland,2,3
Forks,2,24
Forks,3,1
Forks of Salmon,2,14
Forksville,2,17
Forksville,4,2
Forman,2,2
Formoso,2,2
Forney,2,298
Forney,3,75
Forney,4,11
Forrest,2,1
Forrest City,2,101
Forrest City,4,14
Forreston,2,10
Forreston,3,2
Forreston,4,1
Forsyth,1,1
Forsyth,2,405
Forsyth,3,80
Forsyth,4,29
Fort A P Hill,2,1
Fort Ann,2,80
Fort Ann,4,11
Fort Atkinson,2,4
Fort Atkinson,4,2
Fort Belvoir,2,54
Fort Benning,2,6
Fort Benning,3,1
Fort Benton,2,21
Fort Bidwell,2,2
Fort Blackmore,2,3
Fort Blackmore,4,1
Fort Bliss,2,31
Fort Bliss,3,1
Fort Bragg,1,4
Fort Bragg,2,270
Fort Bragg,4,2
Fort Branch,2,5
Fort Branch,4,6
Fort Bridger,2,89
Fort Bridger,4,10
Fort Calhoun,2,2
Fort Calhoun,4,4
Fort Campbell,2,4
Fort Collins,1,25
Fort Collins,2,308
Fort Collins,3,62
Fort Collins,4,26
Fort Davis,1,1
Fort Davis,2,13
Fort Davis,3,1
Fort Defiance,2,31
Fort Defiance,4,9
Fort Denaud,2,12
Fort Denaud,3,1
Fort Denaud,4,1
Fort Deposit,2,31
Fort Deposit,3,33
Fort Dix,2,2
Fort Dodge,2,9
Fort Drum,2,2
Fort Drum,4,1
Fort Duchesne,2,16
Fort Edward,2,70
Fort Edward,4,2
Fort Eustis,2,2
Fort Garland,2,40
Fort Garland,3,1
Fort Garland,4,9
Fort Gay,2,1
Fort George G Meade,2,43
Fort Gibson,2,1
Fort Gordon,2,1
Fort Gratiot,2,21
Fort Gratiot,3,2
Fort Gratiot,4,1
Fort Hancock,2,13
Fort Hancock,3,7
Fort Hancock,4,2
Fort Harrison,2,4
Fort Hill,2,5
Fort Hood,2,11
Fort Jones,2,56
Fort Klamath,2,13
Fort Knox,2,2
Fort Lauderdale,1,68
Fort Lauderdale,2,7544
Fort Lauderdale,3,1211
Fort Lauderdale,4,69
Fort Lawn,1,6
Fort Lawn,2,75
Fort Lawn,4,1
Fort Lee,2,1625
Fort Lee,3,327
Fort Lee,4,18
Fort Littleton,2,23
Fort Littleton,3,17
Fort Littleton,4,2
Fort Loudon,2,10
Fort Loudon,4,3
Fort Lupton,2,21
Fort Lupton,4,11
Fort Madison,2,5
Fort Mc Coy,1,2
Fort Mc Coy,2,70
Fort McCoy,2,33
Fort McCoy,4,1
Fort McDowell,2,76
Fort McDowell,3,2
Fort McDowell,4,6
Fort Meade,2,26
Fort Mill,1,66
Fort Mill,2,1847
Fort Mill,3,120
Fort Mill,4,12
Fort Mitchell,1,1
Fort Mitchell,2,59
Fort Mitchell,3,10
Fort Mitchell,4,9
Fort Mohave,1,2
Fort Mohave,2,39
Fort Mohave,4,6
Fort Monmouth,2,1
Fort Monroe,2,91
Fort Monroe,3,1
Fort Monroe,4,7
Fort Montgomery,2,124
Fort Montgomery,4,1
Fort Morgan,2,45
Fort Morgan,3,9
Fort Morgan,4,13
Fort Myer,2,63
Fort Myer,3,1
Fort Myers,1,268
Fort Myers,2,8166
Fort Myers,3,213
Fort Myers,4,36
Fort Myers Beach,1,6
Fort Myers Beach,2,151
Fort Myers Beach,3,1
Fort Myers Beach,4,1
Fort Oglethorpe,2,2
Fort Payne,2,28
Fort Payne,3,6
Fort Payne,4,2
Fort Peck,2,1
Fort Pierce,1,3
Fort Pierce,2,528
Fort Pierce,3,84
Fort Pierce,4,17
Fort Plain,2,69
Fort Plain,3,2
Fort Plain,4,1
Fort Recovery,2,1
Fort Rice,2,2
Fort Ripley,2,35
Fort Ripley city,2,2
Fort Rock,2,14
Fort Rucker,2,8
Fort Rucker,4,2
Fort Scott,2,2
Fort Shaw,2,10
Fort Sill,3,1
Fort Smith,1,12
Fort Smith,2,361
Fort Smith,3,5
Fort Smith,4,22
Fort Stockton,2,19
Fort Stockton,3,6
Fort Stockton,4,6
Fort Thomas,2,16
Fort Thomas,3,6
Fort Thomas,4,1
Fort Valley,1,1
Fort Valley,2,72
Fort Valley,3,16
Fort Valley,4,16
Fort Walton Beach,1,3
Fort Walton Beach,2,866
Fort Walton Beach,3,2
Fort Walton Beach,4,6
Fort Washington,1,11
Fort Washington,2,1107
Fort Washington,3,86
Fort Washington,4,15
Fort Wayne,1,2
Fort Wayne,2,243
Fort Wayne,3,30
Fort Wayne,4,45
Fort White,1,1
Fort White,2,81
Fort Worth,1,16
Fort Worth,2,4768
Fort Worth,3,1710
Fort Worth,4,77
Fort Yates,2,6
Fortine,2,2
Fortson,2,24
Fortson,3,12
Fortson,4,3
Fortuna,2,170
Fortuna,3,1
Fortuna,4,1
Fortville,1,1
Fortville,2,3
Fossil,2,38
Fosston,2,22
Foster,1,1
Foster,2,59
Foster,4,4
Foster City,2,13
Fosters,2,77
Fosters,3,20
Fosters,4,1
Fostoria,2,1
Fouke,2,6
Fountain,1,3
Fountain,2,332
Fountain,3,78
Fountain,4,13
Fountain City,2,7
Fountain City,4,3
Fountain Green,2,10
Fountain Hill,2,7
Fountain Hill,4,3
Fountain Hills,2,1
Fountain Inn,1,15
Fountain Inn,2,515
Fountain Inn,3,22
Fountain Inn,4,11
Fountain Valley,1,3
Fountain Valley,2,649
Fountain Valley,3,119
Fountain Valley,4,2
Four Oaks,2,84
Four Oaks,3,14
Four Oaks,4,10
Fowler,1,3
Fowler,2,406
Fowler,3,2
Fowler,4,12
Fowlerville,2,54
Fowlerville,3,9
Fowlerville,4,4
Fox,2,1
Fox,4,1
Fox Island,2,1
Fox Lake,1,2
Fox Lake,2,38
Fox Lake,4,3
Fox River Grove,2,5
Foxboro,1,2
Foxboro,2,148
Foxboro,3,63
Foxboro,4,1
Foxburg,2,2
Foxworth,2,1
Foxworth,4,1
Frackville,2,20
Frackville,3,7
Frackville,4,5
Frametown,2,16
Frametown,4,1
Framingham,1,7
Framingham,2,122
Framingham,3,60
Framingham,4,1
Francesville,2,3
Francesville,4,2
Franconia,3,7
Frankenmuth,2,4
Frankford,2,14
Frankford,4,12
Frankfort,1,4
Frankfort,2,165
Frankfort,3,4
Frankfort,4,17
Franklin,1,6
Franklin,2,644
Franklin,3,122
Franklin,4,95
Franklin Furnace,1,1
Franklin Furnace,2,1
Franklin Grove,3,1
Franklin Lakes,2,40
Franklin Lakes,3,2
Franklin Lakes,4,1
Franklin Park,2,113
Franklin Park,3,37
Franklin Square,1,1
Franklin Square,2,28
Franklin Square,3,1
Franklin Square,4,4
Franklinton,2,23
Franklinton,4,6
Franklintown,2,1
Franklinville,2,46
Franklinville,4,10
Frankston,2,1
Franksville,2,15
Franksville,3,4
Franksville,4,1
Frankton,2,1
Franktown,1,1
Franktown,2,21
Franktown,3,1
Franktown,4,3
Frazee,1,2
Frazee,2,61
Frazer,2,13
Frazeysburg,1,1
Frazeysburg,2,6
Frazier Park,1,2
Frazier Park,2,152
Fraziers Bottom,2,24
Fraziers Bottom,4,5
Frederic,3,1
Frederica,2,27
Frederick,1,15
Frederick,2,2767
Frederick,3,147
Frederick,4,117
Fredericksburg,1,7
Fredericksburg,2,3265
Fredericksburg,3,321
Fredericksburg,4,168
Fredericktown,2,23
Fredericktown,3,2
Fredericktown,4,1
Fredonia,2,58
Fredonia,4,10
Free Soil,2,3
Free Soil,4,4
Free Union,2,1
Free Union,4,1
Freeburg,2,14
Freedom,1,2
Freedom,2,59
Freedom,4,5
Freehold,2,120
Freehold,4,24
Freeland,2,17
Freeland,3,1
Freeland,4,1
Freeman,1,1
Freeman,2,26
Freeman,4,3
Freeport,1,3
Freeport,2,378
Freeport,3,6
Freeport,4,10
Freer,2,1
Freeville,2,7
Freeville,4,1
Fremont,1,30
Fremont,2,2477
Fremont,3,446
Fremont,4,21
French Camp,1,3
French Camp,2,389
French Camp,3,25
French Camp,4,2
French Gulch,2,102
French Gulch,3,1
French Gulch,4,5
Frenchglen,2,7
Frenchtown,2,55
Frenchville,2,21
Fresh Meadows,2,418
Fresh Meadows,3,105
Fresno,1,60
Fresno,2,6548
Fresno,3,5
Fresno,4,15
Friant,1,3
Friant,2,183
Friedens,1,2
Friedens,2,45
Friedens,4,2
Friendship,1,1
Friendship,2,8
Friendship,3,1
Friendsville,2,28
Friendsville,3,3
Friendsville,4,8
Friendswood,2,82
Friendswood,3,25
Frierson,2,3
Frisco,1,1
Frisco,2,369
Frisco,3,31
Frisco,4,31
Frisco City,2,2
Fritch,2,1
Fritch,4,1
Fromberg,2,10
Front Royal,2,217
Front Royal,3,11
Front Royal,4,31
Frontenac,2,8
Frostburg,2,34
Frostburg,3,2
Frostburg,4,5
Frostproof,1,1
Frostproof,2,22
Frostproof,4,3
Fruit Heights,2,3
Fruita,2,9
Fruita,3,1
Fruita,4,3
Fruitland,2,24
Fruitland,4,3
Fruitland Park,2,38
Fruitport,2,7
Fruitport,3,7
Fruitport,4,1
Fryburg,2,5
Ft Mitchell,1,15
Ft Mitchell,2,146
Ft Mitchell,3,46
Ft Mitchell,4,1
Ft Wright,2,10
Fulda,1,1
Fulda,2,21
Fulks Run,2,20
Fulks Run,4,15
Fullerton,1,7
Fullerton,2,1266
Fullerton,3,15
Fullerton,4,2
Fulton,1,4
Fulton,2,179
Fulton,4,26
Fultondale,2,58
Fultondale,3,19
Fultondale,4,1
Fultonville,2,100
Fultonville,3,8
Fultonville,4,1
Fuquay Varina,1,6
Fuquay Varina,2,159
Fuquay Varina,3,2
Fuquay Varina,4,5
Fuquay-Varina,1,2
Fuquay-Varina,2,55
Fuquay-Varina,4,5
Furlong,2,2
Furlong,4,1
Fyffe,2,5
Gable,2,92
Gable,3,13
Gable,4,1
Gackle,2,3
Gadsden,1,2
Gadsden,2,62
Gadsden,3,2
Gadsden,4,2
Gaffney,1,38
Gaffney,2,1351
Gaffney,3,149
Gaffney,4,41
Gahanna,2,1
Gail,2,1
Gaines,1,1
Gaines,2,64
Gaines,4,1
Gainesboro,2,16
Gainesboro,4,2
Gainesville,1,6
Gainesville,2,1819
Gainesville,3,90
Gainesville,4,48
Gaithersburg,2,409
Gaithersburg,3,43
Gaithersburg,4,26
Galata,2,1
Galax,2,12
Galax,4,5
Galena,2,103
Galena,3,10
Galena,4,12
Galena Park,2,4
Gales Creek,2,74
Gales Creek,4,5
Gales Ferry,2,12
Gales Ferry,4,7
Galesburg,2,75
Galesburg,3,35
Galesburg,4,6
Galeton,2,30
Galeton,4,2
Galien,2,1
Galion,2,6
Galivants Ferry,1,6
Galivants Ferry,2,145
Gallagher,2,78
Gallagher,4,2
Gallatin,1,1
Gallatin,2,20
Gallatin,4,8
Gallatin Gateway,2,134
Gallatin Gateway,4,7
Gallion,2,4
Gallipolis,2,10
Gallitzin,2,48
Gallitzin,4,2
Galloway,1,3
Galloway,2,36
Galloway,3,4
Galloway,4,1
Gallup,1,1
Gallup,2,83
Gallup,3,13
Gallup,4,2
Galt,1,7
Galt,2,642
Galt,3,6
Galt,4,6
Galva,2,1
Galveston,2,28
Galveston,3,32
Galveston,4,1
Galway,1,1
Galway,2,39
Gamaliel,2,2
Gamaliel,4,4
Gambrills,1,2
Gambrills,2,48
Gambrills,4,1
Ganado,1,1
Ganado,2,242
Ganado,3,15
Ganado,4,21
Gandeeville,2,2
Gandeeville,4,1
Gansevoort,1,1
Gansevoort,2,293
Gansevoort,3,11
Gansevoort,4,7
Gap,1,2
Gap,2,139
Gap,3,1
Gap,4,20
Garberville,1,1
Garberville,2,178
Garberville,4,1
Garden City,1,6
Garden City,2,296
Garden City,4,2
Garden Grove,1,7
Garden Grove,2,1951
Garden Grove,3,7
Garden Prairie,2,17
Garden Prairie,3,1
Garden Prairie,4,1
Garden Valley,2,63
Gardena,1,20
Gardena,2,2208
Gardena,3,372
Gardena,4,9
Gardendale,2,71
Gardendale,3,19
Gardendale,4,8
Gardiner,2,93
Gardiner,3,1
Gardiner,4,3
Gardner,2,127
Gardner,3,51
Gardner,4,3
Gardners,1,1
Gardners,2,46
Gardners,4,13
Gardnerville,1,4
Gardnerville,2,108
Gardnerville,3,1
Gardnerville,4,8
Garfield,2,70
Garfield,3,1
Garfield,4,9
Garibaldi,2,10
Garland,1,9
Garland,2,807
Garland,3,313
Garland,4,11
Garland City,2,1
Garner,1,60
Garner,2,2337
Garner,3,338
Garner,4,52
Garnerville,2,3
Garnet Valley,2,14
Garnett,2,39
Garrett,2,24
Garrett,4,3
Garrettsville,2,3
Garrison,2,186
Garrison,3,1
Garrison,4,5
Garryowen,2,45
Garryowen,4,1
Garvin,2,28
Garwood,2,1
Gary,1,3
Gary,2,586
Gary,3,253
Gary,4,28
Garysburg,2,40
Garysburg,3,7
Garysburg,4,5
Garyville,2,10
Garyville,3,2
Gas City,2,12
Gas City,3,1
Gas City,4,4
Gasburg,2,9
Gasburg,4,4
Gasport,2,7
Gasport,3,1
Gasport,4,2
Gasquet,2,117
Gasquet,4,4
Gassaway,2,14
Gassaway,4,2
Gassville,2,2
Gaston,1,20
Gaston,2,647
Gaston,3,28
Gaston,4,24
Gastonia,1,1
Gastonia,2,275
Gastonia,3,44
Gastonia,4,15
Gate City,2,23
Gate City,4,9
Gates,2,65
Gates,3,1
Gates,4,7
Gates Mills,2,6
Gatesville,2,3
Gateway,2,4
Gateway,4,1
Gatlinburg,2,5
Gatlinburg,4,5
Gatzke,2,1
Gauley Bridge,2,1
Gautier,2,61
Gautier,3,10
Gautier,4,2
Gay,2,9
Gay,4,2
Gaylesville,1,2
Gaylesville,2,9
Gaylord,2,61
Gaylord,3,2
Gaylord,4,1
Gazelle,2,10
Geismar,2,9
Geismar,3,2
Genesee,2,21
Geneseo,2,13
Geneseo,3,20
Geneseo,4,1
Geneva,2,109
Geneva,3,7
Geneva,4,5
Genoa,2,23
Genoa,3,2
Genoa,4,5
Genola,2,2
Gentry,2,7
Gentry,4,4
George West,2,1
Georgetown,1,35
Georgetown,2,893
Georgetown,3,74
Georgetown,4,49
Georgiana,2,33
Georgiana,3,27
Georgiana,4,2
Geraldine,2,8
Gerber,2,153
Gerber,3,2
Gerber,4,1
Gerlach,2,1
German Twp,4,1
Germanton,2,9
Germanton,4,1
Germantown,1,11
Germantown,2,331
Germantown,3,26
Germantown,4,16
Gerton,2,3
Gervais,2,101
Gervais,3,1
Gervais,4,4
Gettysburg,1,11
Gettysburg,2,372
Gettysburg,3,2
Gettysburg,4,16
Getzville,2,3
Geyser,2,13
Geyserville,1,3
Geyserville,2,158
Ghent,2,84
Ghent,3,1
Ghent,4,3
Gibbon,2,11
Gibbon,4,1
Gibbonsville,2,1
Gibbstown,2,33
Gibbstown,3,9
Gibbstown,4,1
Gibsland,1,1
Gibsland,2,3
Gibsland,3,9
Gibson,2,10
Gibson,4,2
Gibsonburg,2,2
Gibsonia,1,4
Gibsonia,2,29
Gibsonia,3,5
Gibsonia,4,8
Gibsonton,1,15
Gibsonton,2,518
Gibsonton,3,58
Gibsonton,4,4
Gibsonville,2,8
Gibsonville,4,1
Giddings,2,3
Gifford,2,9
Gifford,4,2
Gig Harbor,1,1
Gig Harbor,2,225
Gig Harbor,3,5
Gig Harbor,4,5
Gig Harbor Peninsula,2,1
Gila Bend,2,112
Gila Bend,3,13
Gila Bend,4,15
Gilbert,1,10
Gilbert,2,564
Gilbert,3,3
Gilbert,4,11
Gilberton,2,1
Gilberton,4,1
Gilbertown,2,1
Gilbertown,4,1
Gilberts,2,33
Gilberts,3,6
Gilbertsville,1,7
Gilbertsville,2,179
Gilchrist,2,169
Gilchrist,4,1
Gildford,2,8
Gilford,1,1
Gilford,2,9
Gill,2,5
Gill,4,6
Gillett,2,8
Gillett,4,1
Gillette,2,23
Gillette,4,3
Gillham,2,3
Gilliam,2,1
Gilman,3,4
Gilmanton,2,2
Gilmanton Iron Works,1,1
Gilmanton Iron Works,2,2
Gilmer,2,3
Gilmore,2,21
Gilmore,4,1
Gilroy,1,16
Gilroy,2,1209
Gilroy,3,1
Gilroy,4,14
Gilson,3,4
Gilsum,2,1
Giltner,2,6
Girard,2,104
Girard,3,9
Girard,4,10
Glade Hill,2,20
Glade Hill,3,1
Glade Hill,4,4
Glade Spring,2,91
Glade Spring,3,19
Glade Spring,4,10
Glade Valley,2,3
Glades,2,1
Gladewater,2,1
Gladewater,3,2
Gladstone,2,100
Gladstone,3,6
Gladstone,4,18
Gladwyne,1,3
Gladwyne,2,226
Gladwyne,3,21
Gladwyne,4,2
Gladys,2,26
Gladys,4,12
Glasgow,2,139
Glasgow,3,4
Glasgow,4,17
Glassboro,2,31
Glassport,2,3
Glastonbury,2,122
Glastonbury,3,2
Glastonbury,4,14
Gleason,2,2
Gleason,4,1
Glen,2,1
Glen Allen,1,19
Glen Allen,2,1268
Glen Allen,3,46
Glen Allen,4,8
Glen Arm,2,2
Glen Aubrey,2,5
Glen Aubrey,4,1
Glen Burnie,1,9
Glen Burnie,2,646
Glen Burnie,3,40
Glen Burnie,4,58
Glen Campbell,2,10
Glen Carbon,2,23
Glen Carbon,3,21
Glen Carbon,4,3
Glen Daniel,2,2
Glen Echo,2,6
Glen Ellen,1,3
Glen Ellen,2,125
Glen Ellen,4,1
Glen Ellyn,1,31
Glen Ellyn,2,276
Glen Ellyn,3,12
Glen Ellyn,4,2
Glen Gardner,2,2
Glen Gardner,4,1
Glen Head,2,34
Glen Head,4,1
Glen Hope,2,6
Glen Jean,2,1
Glen Lyn,2,1
Glen Mills,2,127
Glen Mills,4,8
Glen Morgan,2,3
Glen Oaks,1,1
Glen Oaks,2,25
Glen Richey,2,3
Glen Ridge,2,4
Glen Ridge,4,1
Glen Rock,1,10
Glen Rock,2,128
Glen Rock,3,11
Glen Rock,4,5
Glen Saint Mary,2,104
Glen Saint Mary,3,14
Glen Saint Mary,4,3
Glen St Mary,2,48
Glen St Mary,3,1
Glen St Mary,4,1
Glen Ullin,2,16
Glenarden,2,4
Glenarm,2,1
Glenarm,3,15
Glenbeulah,2,1
Glenbrook,1,6
Glenbrook,2,84
Glenbrook,4,1
Glenburn,2,2
Glencoe,1,4
Glencoe,2,121
Glencoe,3,42
Glencoe,4,1
Glendale,1,33
Glendale,2,2850
Glendale,3,66
Glendale,4,38
Glendale Heights,1,42
Glendale Heights,2,242
Glendale Heights,3,1
Glendive,2,158
Glendive,4,2
Glendo,2,28
Glendo,4,2
Glendora,1,6
Glendora,2,1304
Glendora,3,206
Glendora,4,2
Gleneden Beach,2,13
Gleneden Beach,4,3
Glenelg,2,4
Glenelg,4,1
Glenfield,2,15
Glenfield,4,4
Glenford,2,1
Glenhaven,2,31
Glenmont,2,98
Glenmont,4,5
Glenmoore,2,121
Glenmoore,3,3
Glenmoore,4,10
Glenn,1,2
Glenn,2,57
Glenn,4,1
Glenn Dale,2,1
Glenns Ferry,2,32
Glenns Ferry,4,3
Glennville,2,33
Glennville,3,1
Glennville,4,6
Glenolden,2,53
Glenoma,2,4
Glenpool,2,2
Glenrock,2,12
Glenrock,4,1
Glens Falls,2,6
Glens Falls,4,1
Glenshaw,2,2
Glenshaw,4,1
Glenside,1,10
Glenside,2,408
Glenside,4,2
Glenview,1,1
Glenview,2,40
Glenview,3,8
Glenview,4,1
Glenville,2,83
Glenville,4,8
Glenwood,1,1
Glenwood,2,99
Glenwood,4,4
Glenwood Landing,2,1
Glenwood Springs,1,2
Glenwood Springs,2,412
Glenwood Springs,3,99
Glenwood Springs,4,43
Glidden,4,2
Glide,2,75
Glide,4,4
Globe,1,3
Globe,2,69
Globe,4,7
Glorieta,2,3
Gloster,2,4
Gloster,4,2
Gloucester,1,1
Gloucester,2,251
Gloucester,3,5
Gloucester,4,66
Gloucester City,2,227
Gloucester City,3,83
Gloucester City,4,6
Gloucester Point,2,23
Gloucester Point,3,1
Gloucester Point,4,1
Glouster,2,5
Glouster,4,1
Gloversville,2,11
Gloversville,4,4
Gloverville,2,12
Glyndon,2,40
Glyndon,3,2
Glyndon,4,1
Gnadenhutten,2,3
Gobles,2,3
Godfrey,2,2
Godfrey,4,1
Godley,2,1
Godwin,2,242
Godwin,3,85
Godwin,4,31
Goffstown,1,2
Goffstown,2,3
Golconda,2,60
Golconda,3,2
Golconda,4,1
Gold Bar,2,15
Gold Bar,4,1
Gold Beach,2,125
Gold Beach,4,2
Gold Canyon,2,57
Gold Canyon,3,1
Gold Creek,2,66
Gold Hill,1,1
Gold Hill,2,216
Gold Hill,3,6
Gold Hill,4,4
Gold River,2,46
Gold Run,2,55
Gold Run,3,2
Gold Run,4,1
Golden,1,5
Golden,2,566
Golden,3,112
Golden,4,139
Golden Beach,2,23
Golden City,2,1
Golden Valley,1,1
Golden Valley,2,137
Golden Valley,4,7
Goldendale,2,69
Goldendale,4,6
Goldens Bridge,2,35
Goldfield,2,15
Goldfield,4,3
Goldsboro,2,104
Goldsboro,3,2
Goldsboro,4,23
Goldsmith,1,1
Goldsmith,2,2
Goldston,2,10
Goldston,4,4
Goldthwaite,1,1
Goldthwaite,2,6
Goldvein,2,9
Goldvein,4,3
Goleta,1,6
Goleta,2,628
Goleta,3,1
Goleta,4,5
Golf,2,1
Goliad,2,5
Goliad,3,1
Goliad,4,1
Gonvick,2,4
Gonzales,1,10
Gonzales,2,246
Gonzales,3,18
Gonzales,4,1
Goochland,2,45
Goochland,4,8
Good Hope,2,2
Good Thunder,2,16
Goode,2,35
Goode,3,1
Goode,4,12
Goodells,2,7
Goodells,3,2
Goodells,4,2
Goodfield,2,1
Goodfield,3,15
Goodhue,1,1
Goodhue,2,18
Goodland,2,2
Goodlettsville,1,8
Goodlettsville,2,451
Goodlettsville,3,85
Goodlettsville,4,23
Goodman,2,2
Goodman,4,1
Goodrich,1,4
Goodrich,2,77
Goodrich,3,1
Goodrich,4,2
Goodridge,2,3
Goodview,2,10
Goodview,3,1
Goodview,4,8
Goodwater,4,1
Goodwin,2,5
Goodyear,1,8
Goodyear,2,582
Goodyear,3,67
Goodyear,4,4
Goodyears Bar,2,8
Goose Creek,1,24
Goose Creek,2,433
Goose Lake,2,2
Gordo,2,9
Gordo,4,1
Gordon,2,13
Gordon,3,1
Gordon,4,1
Gordonsville,2,167
Gordonsville,3,29
Gordonsville,4,28
Gordonville,1,1
Gordonville,2,72
Gordonville,4,5
Gore,2,32
Gore,4,5
Goreville,2,2
Goreville,3,21
Gorham,2,2
Gormania,2,3
Goshen,2,222
Goshen,3,9
Goshen,4,31
Gosport,2,7
Gosport,4,4
Gotha,1,2
Gotha,2,182
Gotha,3,4
Gotha,4,1
Gothenburg,2,9
Gothenburg,4,1
Gould,2,6
Gould,4,2
Gould City,2,2
Gould City,4,1
Gouldsboro,2,29
Gouldsboro,3,2
Gouldsboro,4,4
Gouverneur,2,2
Gouverneur,4,3
Government Camp,2,270
Government Camp,4,12
Gowanda,2,1
Gowanda,4,1
Gowen,1,1
Gowen,2,7
Gower,2,1
Gowrie,2,2
Gowrie,4,1
Grabill,2,15
Grabill,4,6
Graceville,2,36
Gracewood,1,1
Grady,2,21
Grady,4,2
Graford,2,4
Grafton,2,60
Grafton,3,4
Grafton,4,5
Graham,1,2
Graham,2,197
Graham,3,21
Graham,4,28
Grain Valley,1,1
Grain Valley,2,88
Grain Valley,3,19
Grain Valley,4,1
Grambling,2,1
Gramercy,2,17
Gramercy,3,6
Gramercy,4,2
Grampian,2,56
Grampian,4,2
Granada,2,35
Granada,4,3
Granada Hills,1,2
Granada Hills,2,629
Granada Hills,3,54
Granada Hills,4,5
Granbury,2,2
Granby,2,25
Granby,4,9
Grand Bay,1,1
Grand Bay,2,95
Grand Bay,3,22
Grand Bay,4,3
Grand Blanc,1,17
Grand Blanc,2,696
Grand Blanc,3,14
Grand Blanc,4,3
Grand Cane,3,1
Grand Canyon,2,21
Grand Forks,2,54
Grand Forks,4,2
Grand Haven,1,15
Grand Haven,2,121
Grand Haven,3,1
Grand Haven,4,3
Grand Island,2,209
Grand Island,3,23
Grand Island,4,1
Grand Isle,2,1
Grand Junction,2,41
Grand Junction,3,4
Grand Junction,4,7
Grand Ledge,2,28
Grand Ledge,3,2
Grand Ledge,4,5
Grand Marais,2,2
Grand Meadow,2,34
Grand Prairie,1,3
Grand Prairie,2,829
Grand Prairie,3,428
Grand Prairie,4,7
Grand Rapids,1,296
Grand Rapids,2,6866
Grand Rapids,3,315
Grand Rapids,4,48
Grand Ridge,2,104
Grand Ridge,3,8
Grand Ridge,4,3
Grand Rivers,2,8
Grand Rivers,3,1
Grand Ronde,2,148
Grand Ronde,4,3
Grand Terrace,1,1
Grand Terrace,2,412
Grand Terrace,3,43
Grand View,2,1
Grand View,4,1
Grandin,2,27
Grandview,2,212
Grandview,3,36
Grandview,4,12
Grandville,1,16
Grandville,2,202
Grandville,3,20
Grandville,4,1
Grandy,2,3
Grandy,4,2
Granger,1,1
Granger,2,26
Granger,3,1
Granger,4,4
Grangeville,2,4
Granite,2,4
Granite Bay,1,5
Granite Bay,2,287
Granite Canon,2,30
Granite Canon,4,1
Granite City,2,83
Granite City,3,103
Granite City,4,8
Granite Falls,2,110
Granite Falls,4,10
Granite Springs,2,1
Graniteville,1,8
Graniteville,2,236
Graniteville,3,8
Graniteville,4,1
Grannis,2,2
Grannis,4,1
Grant,2,82
Grant,3,13
Grant,4,11
Grant Park,1,1
Grant Park,2,5
Grantham,2,1
Grantham,3,5
Granton,2,1
Granton,4,2
Grants,2,16
Grants,3,1
Grants,4,2
Grants Pass,2,699
Grants Pass,3,12
Grants Pass,4,4
Grantsboro,2,4
Grantsboro,4,1
Grantsburg,3,2
Grantsburg,4,1
Grantsville,1,1
Grantsville,2,218
Grantsville,3,10
Grantsville,4,6
Grantville,2,303
Grantville,3,53
Grantville,4,13
Granville,2,106
Granville,4,1
Granville Summit,2,6
Granville Summit,4,2
Grapeland,1,1
Grapeland,2,2
Grapeview,1,2
Grapeview,2,7
Grapeview,3,1
Grapeview,4,1
Grapevine,1,5
Grapevine,2,247
Grapevine,3,10
Grasonville,2,81
Grasonville,4,7
Grass Lake,2,55
Grass Lake,3,20
Grass Lake,4,4
Grass Range,2,29
Grass Valley,1,6
Grass Valley,2,1103
Grass Valley,3,4
Grass Valley,4,9
Grassflat,2,49
Grassflat,3,2
Grassflat,4,2
Grasston,2,18
Grassy Butte,2,13
Grassy Creek,2,4
Grassy Creek,4,4
Grassy Meadows,2,4
Gratis,2,1
Graton,2,10
Gravette,2,7
Gravette,4,7
Grawn,2,1
Grawn,3,1
Grawn,4,1
Gray,2,24
Gray,3,7
Gray,4,5
Gray Court,1,18
Gray Court,2,460
Gray Court,3,12
Gray Court,4,5
Gray Mountain,2,16
Gray Mountain,4,3
Gray Summit,2,3
Gray Summit,3,1
Grayland,2,1
Grayland,3,1
Grayling,2,9
Grayling,3,5
Grayling,4,4
Grays River,2,1
Grayslake,1,8
Grayslake,2,493
Grayslake,3,2
Grayslake,4,3
Grayson,2,15
Grayson,3,2
Grayson,4,5
Graysville,2,28
Graysville,3,2
Graysville,4,6
Graytown,2,6
Grayville,2,6
Grayville,3,3
Grayville,4,2
Great Barrington,2,1
Great Barrington,4,1
Great Bend,2,14
Great Bend,3,2
Great Falls,1,1
Great Falls,2,333
Great Falls,3,1
Great Falls,4,15
Great Lakes,1,2
Great Lakes,2,19
Great Meadows,2,13
Great Mills,1,1
Great Mills,2,6
Great Mills,4,1
Great Neck,1,2
Great Neck,2,350
Great Neck,3,59
Great Neck,4,1
Great River,2,28
Great Valley,2,4
Great Valley,4,3
Greeley,1,2
Greeley,2,52
Greeley,3,1
Greeley,4,21
Greeleyville,2,33
Green Bay,2,131
Green Bay,3,18
Green Bay,4,11
Green Brook,2,14
Green Cove Springs,1,3
Green Cove Springs,2,114
Green Cove Springs,4,2
Green Forest,2,15
Green Forest,4,1
Green Isle,2,21
Green Lane,1,2
Green Lane,2,107
Green Lane,3,1
Green Lane,4,1
Green Mountain,1,1
Green Mountain,2,1
Green Mountain Falls,2,4
Green Pond,1,2
Green Pond,2,56
Green River,2,234
Green River,3,14
Green River,4,5
Green Sea,1,2
Green Sea,2,65
Green Springs,2,1
Green Sulphur Springs,2,26
Green Sulphur Springs,4,2
Green Valley,2,7
Green Valley Lake,2,18
Greenacres,1,1
Greenacres,2,23
Greenacres,3,6
Greenacres,4,1
Greenback,2,4
Greenbelt,1,1
Greenbelt,2,369
Greenbelt,3,45
Greenbelt,4,20
Greenbrae,1,5
Greenbrae,2,197
Greenbrier,2,46
Greenbrier,4,7
Greenbush,2,3
Greenbush,4,2
Greencastle,1,1
Greencastle,2,128
Greencastle,3,8
Greencastle,4,20
Greendale,1,1
Greendale,2,2
Greendale,3,1
Greene,2,6
Greene,4,1
Greeneville,2,58
Greeneville,3,8
Greeneville,4,18
Greenfield,1,7
Greenfield,2,489
Greenfield,3,40
Greenfield,4,42
Greenfield Center,2,38
Greenfield Center,4,1
Greenfield Park,2,1
Greenland,1,1
Greenland,2,3
Greenland,3,2
Greenlawn,1,1
Greenlawn,2,8
Greenlawn,4,1
Greenleaf,2,2
Greenough,2,6
Greenport,2,8
Greens Fork,2,16
Greens Fork,3,3
Greensboro,1,3
Greensboro,2,967
Greensboro,3,212
Greensboro,4,98
Greensburg,1,2
Greensburg,2,434
Greensburg,3,4
Greensburg,4,82
Greentown,2,88
Greentown,3,4
Greentown,4,1
Greenup,2,1
Greenup,3,11
Greenup,4,1
Greenvale,1,1
Greenvale,2,11
Greenville,1,865
Greenville,2,11162
Greenville,3,643
Greenville,4,126
Greenwell Springs,1,15
Greenwell Springs,2,284
Greenwell Springs,3,1
Greenwell Springs,4,7
Greenwich,2,987
Greenwich,3,110
Greenwich,4,14
Greenwood,1,39
Greenwood,2,1217
Greenwood,3,36
Greenwood,4,45
Greenwood Village,2,2
Greer,1,208
Greer,2,2893
Greer,3,174
Greer,4,22
Grenada,1,1
Grenada,2,71
Grenora,2,1
Grenville,2,2
Gresham,1,3
Gresham,2,88
Gresham,4,2
Gretna,2,282
Gretna,3,16
Gretna,4,29
Grey Eagle,1,1
Grey Eagle,2,11
Greybull,2,6
Greycliff,2,82
Greycliff,4,2
Gridley,1,1
Gridley,2,182
Griffin,1,4
Griffin,2,290
Griffin,3,12
Griffin,4,74
Griffith,2,3
Griffith,4,1
Griffithville,2,1
Grifton,2,27
Grifton,4,1
Griggsville,3,10
Grimes,2,42
Grimes,3,3
Grimes,4,3
Grimesland,2,19
Grindstone,2,1
Grinnell,2,138
Grinnell,3,14
Grinnell,4,7
Griswold,2,2
Grizzly Flats,2,21
Groom,2,6
Groom,4,1
Grosse Pointe,2,2
Grosse Tete,2,154
Grosse Tete,3,61
Grosse Tete,4,12
Groton,2,100
Groton,3,23
Groton,4,3
Grottoes,2,36
Grottoes,4,20
Grouse Creek,2,13
Grove City,1,3
Grove City,2,188
Grove City,3,118
Grove City,4,15
Grove Hill,2,2
Grove Hill,4,1
Groveland,1,1
Groveland,2,453
Groveland,3,1
Groveland,4,7
Groveport,1,2
Groveport,2,92
Groveport,3,3
Groveport,4,1
Grover,2,28
Grover,4,5
Grover Beach,2,4
Grovertown,1,1
Grovertown,2,7
Grovertown,4,1
Groves,2,2
Groveton,2,3
Groveton,3,1
Grovetown,1,7
Grovetown,2,94
Grovetown,3,20
Grovetown,4,11
Grundy,2,15
Grundy,4,6
Grundy Center,2,1
Gruver,2,2
Grygla,2,4
Guadalupe,2,28
Guadalupe,4,2
Gualala,1,1
Gualala,2,84
Guerneville,1,6
Guerneville,2,167
Gueydan,2,1
Guffey,2,17
Guffey,4,6
Guild,2,147
Guild,3,27
Guild,4,3
Guilderland,2,13
Guilderland,3,1
Guilford,2,156
Guilford,3,35
Guilford,4,15
Guin,2,8
Guin,3,2
Guin,4,1
Guinda,2,6
Gulf Breeze,1,5
Gulf Breeze,2,514
Gulf Breeze,3,2
Gulf Breeze,4,1
Gulf Shores,2,2
Gulfport,1,1
Gulfport,2,138
Gulfport,3,10
Gulfport,4,6
Gulliver,2,4
Gulliver,4,1
Gully,2,2
Gulph Mills,2,1
Gum Spring,2,69
Gum Spring,4,3
Gunnison,2,57
Gunnison,4,14
Guntersville,1,2
Guntersville,2,22
Gurdon,2,55
Gurdon,3,1
Gurdon,4,6
Gurley,2,37
Gurnee,1,16
Gurnee,2,741
Gurnee,3,15
Gurnee,4,7
Gustine,1,3
Gustine,2,476
Gustine,3,4
Gustine,4,5
Guston,2,1
Guthrie,2,22
Guthrie,3,3
Guthrie,4,4
Guthrie Center,2,1
Guys,2,1
Guysville,2,3
Guysville,3,1
Guyton,1,1
Guyton,3,1
Gwinner,2,7
Gwynn Oak,1,1
Gwynn Oak,2,357
Gwynn Oak,3,48
Gwynn Oak,4,15
Gypsum,2,108
Gypsum,3,8
Gypsum,4,13
Hacienda Heights,1,15
Hacienda Heights,2,2130
Hacienda Heights,3,1
Hacienda Heights,4,6
Hackberry,2,8
Hackberry,4,3
Hackensack,2,214
Hackensack,3,26
Hackensack,4,6
Hackett,2,1
Hackett,4,2
Hackettstown,2,49
Hackettstown,3,13
Hackettstown,4,4
Hackleburg,2,4
Haddam,2,14
Haddam,4,3
Haddock,2,2
Haddon Heights,2,74
Haddon Heights,3,1
Haddon Township,2,8
Haddonfield,2,19
Haddonfield,3,2
Hadley,2,18
Hadley,4,2
Hagaman,2,1
Hager City,2,6
Hager City,4,2
Hagerman,2,2
Hagerstown,1,2
Hagerstown,2,922
Hagerstown,3,74
Hagerstown,4,103
Hague,2,18
Hague,4,13
Hahira,2,15
Hahira,4,5
Haines,2,81
Haines,4,18
Haines City,1,16
Haines City,2,90
Haines City,4,6
Haines Falls,2,1
Haines Falls,4,3
Hainesport,1,1
Hainesport,2,21
Hainesville,1,1
Hainesville,2,16
Hainesville,3,1
Hale Center,2,1
Halethorpe,1,3
Halethorpe,2,1014
Halethorpe,3,129
Halethorpe,4,61
Haleyville,2,9
Haleyville,4,2
Half Moon Bay,1,6
Half Moon Bay,2,305
Half Moon Bay,3,9
Half Moon Bay,4,6
Half Way,2,1
Half Way,4,1
Halfmoon,1,1
Halfmoon,2,200
Halfmoon,4,6
Halfway,2,15
Halfway,4,1
Halifax,1,9
Halifax,2,179
Halifax,4,38
Hall,2,6
Hallam,2,5
Hallandale,1,3
Hallandale,2,1022
Hallandale,3,178
Hallandale,4,28
Hallandale Beach,1,1
Hallandale Beach,2,62
Hallandale Beach,3,2
Hallandale Beach,4,1
Halliday,2,5
Hallowell,2,1
Hallowell,3,2
Hallsboro,2,4
Hallstead,2,15
Hallstead,3,5
Hallstead,4,2
Hallsville,2,5
Hallsville,3,3
Hallsville,4,1
Hallwood,2,12
Hallwood,4,2
Halsey,2,127
Halsey,3,8
Halsey,4,1
Haltom City,2,104
Haltom City,3,14
Hambleton,2,1
Hambleton,4,1
Hamburg,2,333
Hamburg,3,42
Hamburg,4,48
Hamden,2,173
Hamden,3,2
Hamden,4,2
Hamel,2,18
Hamel,3,1
Hamel,4,4
Hamer,1,4
Hamer,2,117
Hamer,3,6
Hamer,4,1
Hamilton,1,8
Hamilton,2,460
Hamilton,3,11
Hamilton,4,25
Hamilton City,2,38
Hamlet,1,1
Hamlet,2,28
Hamlet,4,7
Hamlin,2,26
Hamlin,4,2
Hammett,2,33
Hammett,4,1
Hammond,1,1
Hammond,2,730
Hammond,3,322
Hammond,4,31
Hammonton,2,187
Hammonton,4,30
Hampden,1,1
Hampden,2,8
Hampden,3,3
Hampshire,1,2
Hampshire,2,33
Hampshire,3,27
Hampstead,2,155
Hampstead,3,5
Hampstead,4,18
Hampton,1,34
Hampton,2,1768
Hampton,3,314
Hampton,4,105
Hampton Bays,1,2
Hampton Bays,2,43
Hampton Falls,2,1
Hamptonville,2,52
Hamptonville,3,3
Hamptonville,4,10
Hamshire,2,2
Hamshire,3,1
Hamtramck,2,107
Hamtramck,3,44
Hamtramck,4,2
Hanahan,2,22
Hanceville,1,2
Hanceville,2,102
Hanceville,3,52
Hanceville,4,3
Hancock,2,135
Hancock,3,18
Hancock,4,15
Hanford,1,9
Hanford,2,864
Hanford,4,4
Hanford Site,2,4
Hanford Site,4,1
Hankinson,2,16
Hanksville,2,31
Hanley Falls,2,15
Hanlontown,2,2
Hanlontown,4,1
Hanna,2,147
Hanna,3,2
Hanna,4,9
Hanna City,2,2
Hannacroix,2,49
Hannaford,2,1
Hannibal,2,17
Hannibal,3,1
Hannibal,4,4
Hanover,1,68
Hanover,2,895
Hanover,3,3
Hanover,4,49
Hanover Park,1,31
Hanover Park,2,304
Hanover Park,4,1
Hanover Township,2,2
Hanoverton,2,1
Hanscom Afb,2,1
Hansford,2,2
Hanska,2,10
Hanson,1,14
Hanson,2,30
Hanston,2,2
Hanston,4,1
Happy Camp,2,55
Happy Jack,2,24
Happy Jack,4,2
Happy Valley,2,210
Happy Valley,3,10
Happy Valley,4,4
Harbinger,2,4
Harbor City,1,2
Harbor City,2,390
Harbor City,3,1
Harbor City,4,1
Harbor Springs,2,1
Harborcreek,2,12
Harborcreek,4,5
Harcourt,4,1
Hardeeville,1,5
Hardeeville,2,572
Hardeeville,3,20
Hardeeville,4,11
Hardin,2,76
Hardin,4,1
Hardinsburg,2,1
Hardinsburg,4,2
Hardy,2,32
Hardy,4,9
Hardyville,2,5
Hardyville,4,1
Harford,2,10
Harford,3,5
Harker Heights,2,1
Harlan,2,30
Harlan,4,10
Harlem,1,1
Harlem,2,46
Harlem,3,12
Harlem,4,2
Harleysville,1,10
Harleysville,2,398
Harleysville,3,28
Harleysville,4,6
Harleyville,1,2
Harleyville,2,241
Harleyville,3,30
Harleyville,4,6
Harlingen,2,2
Harlowton,2,4
Harmans,2,7
Harmans,4,1
Harmon,2,2
Harmony,1,1
Harmony,2,52
Harmony,3,4
Harmony,4,7
Harper,2,100
Harper,4,1
Harper Woods,2,131
Harper Woods,3,67
Harper Woods,4,4
Harpers Ferry,2,65
Harpers Ferry,3,1
Harpers Ferry,4,4
Harpersville,2,19
Harpersville,4,3
Harpster,2,3
Harpster,4,1
Harpursville,2,1
Harpursville,3,2
Harrells,2,4
Harrells,4,1
Harrellsville,2,4
Harrellsville,4,3
Harriman,2,135
Harriman,3,17
Harriman,4,4
Harrington,2,34
Harrington,4,14
Harrington Park,2,2
Harris,2,40
Harris,3,1
Harrisburg,1,13
Harrisburg,2,1667
Harrisburg,3,293
Harrisburg,4,114
Harrison,1,6
Harrison,2,523
Harrison,3,30
Harrison,4,13
Harrison City,2,19
Harrison City,4,1
Harrison Township,1,1
Harrison Township,2,94
Harrison Township,3,42
Harrison Township,4,2
Harrison Valley,2,8
Harrison Valley,4,1
Harrisonburg,2,643
Harrisonburg,3,78
Harrisonburg,4,82
Harrisonville,2,89
Harrisonville,3,10
Harrisonville,4,1
Harrisville,2,65
Harrisville,3,9
Harrisville,4,9
Harrod,3,1
Harrodsburg,2,1
Harrold,2,2
Harshaw,2,3
Hartfield,1,1
Hartfield,2,17
Hartfield,4,4
Hartford,1,4
Hartford,2,1787
Hartford,3,524
Hartford,4,39
Hartford City,2,1
Hartland,2,30
Hartland,4,1
Hartleton,2,2
Hartly,2,7
Hartly,4,6
Hartman,2,35
Hartman,4,2
Hartsburg,2,1
Hartsburg,3,5
Hartsdale,1,2
Hartsdale,2,58
Hartsel,2,21
Hartsel,4,6
Hartselle,2,61
Hartselle,3,16
Hartsfield,2,5
Hartsfield,4,1
Hartsville,1,24
Hartsville,2,563
Hartsville,4,8
Hartville,2,1
Hartwell,2,6
Hartwell,4,2
Harvard,1,1
Harvard,2,23
Harvard,4,2
Harvest,1,1
Harvest,2,83
Harvest,3,1
Harvest,4,1
Harvey,1,1
Harvey,2,69
Harvey,3,2
Harveys Lake,2,3
Harwich,1,1
Harwich,2,12
Harwich,4,1
Harwich Port,2,1
Harwick,4,1
Harwinton,2,24
Harwinton,4,10
Harwood,1,1
Harwood,2,29
Harwood,4,3
Harwood Heights,2,3
Hasbrouck Heights,2,115
Hasbrouck Heights,4,3
Haskell,2,30
Haskell,3,3
Haskell,4,3
Haslet,2,29
Haslett,2,9
Haslett,3,1
Hastings,1,8
Hastings,2,497
Hastings,3,9
Hastings,4,3
Hastings on Hudson,2,65
Hastings on Hudson,4,3
Hastings-on-Hudson,2,26
Hastings-on-Hudson,3,1
Haswell,2,5
Haswell,4,4
Hat Creek,2,24
Hat Creek,4,1
Hatboro,1,11
Hatboro,2,336
Hatboro,3,10
Hatboro,4,2
Hatch,2,10
Hatchechubbee,2,1
Hatfield,1,13
Hatfield,2,406
Hatfield,4,5
Hathaway,2,17
Hatley,2,3
Hattiesburg,1,2
Hattiesburg,2,630
Hattiesburg,3,43
Hattiesburg,4,18
Hattieville,2,1
Haubstadt,2,20
Haubstadt,4,9
Haugan,2,14
Haugan,4,1
Haughton,2,14
Haughton,3,1
Hauppauge,1,3
Hauppauge,2,275
Hauppauge,3,48
Hauppauge,4,11
Havana,1,1
Havana,2,165
Havana,3,1
Havana,4,2
Havelock,2,3
Havelock,3,2
Havelock,4,1
Haverford,2,80
Haverford,3,1
Haverhill,1,3
Haverhill,2,134
Haverhill,3,41
Haverhill,4,1
Haverstraw,2,7
Havertown,2,93
Haviland,1,1
Haviland,2,1
Havre,2,67
Havre de Grace,2,235
Havre de Grace,3,25
Havre de Grace,4,15
Haw River,2,58
Haw River,3,11
Haw River,4,1
Hawaiian Gardens,2,37
Hawaiian Gardens,3,9
Hawarden,2,1
Hawesville,2,6
Hawesville,4,4
Hawick,2,27
Hawk Point,2,1
Hawk Run,2,6
Hawkinsville,2,14
Hawkinsville,4,2
Hawley,2,83
Hawley,3,6
Hawley,4,9
Hawthorn,2,3
Hawthorn,4,1
Hawthorn Woods,1,1
Hawthorn Woods,2,28
Hawthorn Woods,4,1
Hawthorne,1,11
Hawthorne,2,1473
Hawthorne,3,222
Hawthorne,4,13
Haxtun,2,7
Haxtun,4,4
Hayden,1,11
Hayden,2,110
Hayden,3,7
Hayden,4,9
Hayes,1,2
Hayes,2,122
Hayes,3,3
Hayes,4,10
Hayesville,2,59
Hayesville,4,15
Hayfield,1,1
Hayfield,2,33
Hayfork,1,1
Hayfork,2,158
Haymarket,1,1
Haymarket,2,151
Haymarket,3,19
Haymarket,4,6
Hayneville,1,1
Hayneville,2,23
Hayneville,3,1
Hays,2,7
Hays,3,2
Haysi,2,4
Haysi,4,4
Hayti,2,7
Hayti,4,1
Hayward,1,45
Hayward,2,3194
Hayward,3,534
Hayward,4,5
Hazel,2,1
Hazel Crest,2,116
Hazel Crest,3,121
Hazel Green,1,1
Hazel Green,2,103
Hazel Green,3,2
Hazel Park,2,149
Hazel Park,3,97
Hazel Park,4,7
Hazelton,2,49
Hazelton,4,7
Hazelwood,1,7
Hazelwood,2,174
Hazelwood,3,174
Hazelwood,4,8
Hazen,2,70
Hazen,4,5
Hazle Township,2,5
Hazle Township,4,1
Hazlehurst,2,32
Hazlehurst,3,1
Hazlehurst,4,6
Hazlet,2,103
Hazlet Township,2,1
Hazleton,2,71
Hazleton,3,6
Hazleton,4,9
Head Waters,2,7
Head Waters,4,3
Headland,2,23
Healdsburg,1,8
Healdsburg,2,294
Healdsburg,4,6
Heart Butte,2,1
Heaters,2,1
Heath,1,2
Heath,2,20
Heath Springs,1,3
Heath Springs,2,98
Heathsville,1,1
Heathsville,2,75
Heathsville,3,2
Heathsville,4,34
Heber,1,2
Heber,2,59
Heber,3,1
Heber,4,6
Heber City,1,7
Heber City,2,572
Heber City,3,5
Heber City,4,13
Heber Springs,2,17
Heber Springs,4,7
Hebo,1,1
Hebo,2,48
Hebo,4,1
Hebron,1,2
Hebron,2,175
Hebron,3,44
Hebron,4,25
Hector,1,1
Hector,2,44
Hector,4,1
Hedgesville,2,18
Heflin,1,1
Heflin,2,160
Heflin,3,30
Heflin,4,12
Hegins,2,1
Heidelberg,2,2
Heidelberg,4,1
Heilwood,2,2
Heilwood,4,2
Heiskell,2,46
Heiskell,3,7
Heiskell,4,6
Helena,1,1
Helena,2,449
Helena,4,3
Helendale,2,210
Helendale,3,4
Helendale,4,1
Helix,2,41
Helix,4,2
Hellam,2,1
Hellertown,2,94
Hellertown,3,10
Hellertown,4,5
Helm,2,5
Helmville,2,25
Helmville,4,1
Helper,1,1
Helper,2,96
Helper,4,1
Heltonville,4,1
Hemet,1,2
Hemet,2,169
Hemingway,1,12
Hemingway,2,156
Hemphill,2,2
Hemphill,4,1
Hempstead,1,1
Hempstead,2,231
Hempstead,3,7
Hempstead,4,3
Henagar,2,3
Henderson,1,5
Henderson,2,389
Henderson,3,41
Henderson,4,68
Hendersonville,1,3
Hendersonville,2,741
Hendersonville,3,77
Hendersonville,4,52
Hendricks,4,2
Henefer,1,1
Henefer,2,15
Henefer,3,1
Henley,4,1
Henniker,2,2
Henning,1,1
Henning,2,41
Henrico,1,122
Henrico,2,3298
Henrico,3,72
Henrico,4,29
Henrietta,1,1
Henrietta,2,157
Henrietta,3,8
Henrietta,4,3
Henrieville,2,5
Henry,2,6
Henry,4,3
Henryetta,2,1
Henryville,1,1
Henryville,2,76
Henryville,3,11
Henryville,4,6
Hensley,2,25
Hensley,4,5
Hephzibah,1,40
Hephzibah,2,215
Hephzibah,3,2
Hephzibah,4,2
Heppner,2,57
Herald,1,1
Herald,2,91
Herculaneum,2,9
Herculaneum,3,21
Herculaneum,4,3
Hercules,1,2
Hercules,2,238
Hercules,3,27
Hereford,1,2
Hereford,2,46
Hereford,4,13
Herkimer,2,17
Herkimer,3,6
Herlong,2,28
Herman,2,1
Hermantown,2,30
Herminie,2,5
Hermiston,2,301
Hermiston,3,1
Hermiston,4,4
Hermitage,1,22
Hermitage,2,674
Hermitage,3,41
Hermitage,4,9
Hermosa Beach,1,1
Hermosa Beach,2,6
Hernandez,2,1
Hernando,1,4
Hernando,2,191
Hernando,3,9
Hernando,4,8
Hernando Beach,2,1
Herndon,2,465
Herndon,4,10
Hernshaw,2,3
Heron,2,2
Heron Lake,1,1
Heron Lake,2,56
Herriman,2,44
Herriman,3,1
Herriman,4,2
Herron,2,2
Herron,4,1
Herscher,1,1
Hersey,2,3
Hershey,2,32
Hershey,3,1
Hershey,4,8
Hertel,2,2
Hertel,4,1
Hertford,2,9
Hertford,4,4
Hesperia,1,13
Hesperia,2,1373
Hesperia,3,184
Hesperia,4,18
Hesperus,2,4
Hesperus,4,2
Hesston,2,7
Hesston,4,3
Heth,2,96
Heth,3,3
Heth,4,9
Hettinger,2,6
Hewitt,1,1
Hewitt,2,33
Hewlett,2,6
Heyburn,2,13
Hialeah,1,15
Hialeah,2,9378
Hialeah,3,144
Hialeah,4,29
Hiawassee,2,3
Hiawassee,4,1
Hiawatha,2,11
Hiawatha,3,1
Hiawatha,4,1
Hibbing,1,1
Hibbing,2,171
Hibbing,3,1
Hickman,2,56
Hickman,4,1
Hickory,1,5
Hickory,2,183
Hickory,3,10
Hickory,4,38
Hickory Creek,2,4
Hickory Creek,3,4
Hickory Flat,2,4
Hickory Flat,4,1
Hickory Grove,1,1
Hickory Grove,2,15
Hickory Hills,2,22
Hickory Hills,3,9
Hicksville,1,2
Hicksville,2,57
Hicksville,3,1
Hicksville,4,3
Hico,2,2
Hidalgo,2,1
Hidden Valley Lake,2,44
Hiddenite,2,5
Hiddenite,4,2
Higden,2,7
Higden,4,7
Higganum,2,33
Higganum,4,3
Higginsville,2,14
Higginsville,3,2
High Hill,2,27
High Hill,3,3
High Hill,4,1
High Point,1,2
High Point,2,128
High Point,3,16
High Point,4,24
High Ridge,1,1
High Ridge,2,37
High Ridge,3,24
High Ridge,4,6
High Springs,1,2
High Springs,2,99
High Springs,3,12
High Springs,4,2
Highland,1,1
Highland,2,528
Highland,3,20
Highland,4,13
Highland City,2,3
Highland Falls,2,149
Highland Falls,3,11
Highland Falls,4,4
Highland Heights,2,3
Highland Home,1,1
Highland Home,2,40
Highland Mills,2,111
Highland Mills,4,6
Highland Park,1,3
Highland Park,2,536
Highland Park,3,104
Highland Park,4,3
Highlands,2,75
Highlands,4,9
Highlands Ranch,1,1
Highlands Ranch,2,5
Highlandville,2,3
Highspire,2,10
Highspire,4,4
Hightstown,2,262
Hightstown,3,45
Hightstown,4,3
Highwood,2,10
Highwood,4,1
Hiko,2,11
Hiko,4,4
Hilbert,2,6
Hildale,2,3
Hildebran,2,5
Hilger,2,5
Hilham,2,1
Hill AFB,2,2
Hill AFB,3,1
Hill City,2,30
Hillburn,2,124
Hillburn,3,26
Hillburn,4,1
Hilliard,1,6
Hilliard,2,108
Hilliard,3,36
Hilliard,4,4
Hillman,2,18
Hillrose,2,8
Hillrose,3,1
Hillrose,4,2
Hillsboro,1,4
Hillsboro,2,373
Hillsboro,3,8
Hillsboro,4,33
Hillsboro Beach,2,1
Hillsborough,1,1
Hillsborough,2,241
Hillsborough,3,29
Hillsborough,4,40
Hillsdale,1,1
Hillsdale,2,57
Hillsdale,3,13
Hillsdale,4,2
Hillsgrove,2,4
Hillside,1,2
Hillside,2,588
Hillside,3,301
Hillside,4,6
Hillsville,2,199
Hillsville,3,26
Hillsville,4,14
Hilmar,1,8
Hilmar,2,215
Hilmar,4,5
Hilton,2,79
Hilton Head Island,1,2
Hilton Head Island,2,92
Hiltons,2,1
Hinckley,1,2
Hinckley,2,246
Hindsville,2,7
Hindsville,3,1
Hines,2,76
Hines,4,1
Hinesville,2,20
Hinesville,3,1
Hinesville,4,7
Hingham,1,2
Hingham,2,30
Hinkley,2,84
Hinsdale,1,13
Hinsdale,2,243
Hinsdale,3,37
Hinton,2,19
Hinton,3,1
Hinton,4,2
Hiram,1,1
Hiram,2,22
Hiram,4,2
Hitchcock,2,15
Hitchcock,3,4
Hitchcock,4,2
Hiwasse,2,3
Hiwasse,4,1
Hixson,1,10
Hixson,2,709
Hixson,3,2
Hixson,4,3
Hixton,2,8
Hixton,3,7
Hixton,4,2
Ho Ho Kus,2,6
Hoagland,2,2
Hoagland,4,2
Hobart,1,1
Hobart,2,95
Hobart,3,20
Hobart,4,1
Hobbs,2,11
Hobbs,3,1
Hobbs,4,1
Hobe Sound,2,444
Hobe Sound,3,22
Hobe Sound,4,10
Hoboken,2,14
Hoboken,4,3
Hobson,2,18
Hobson,4,1
Hobucken,2,4
Hockessin,1,4
Hockessin,2,48
Hockessin,4,3
Hockley,2,43
Hockley,3,2
Hockley,4,3
Hodges,1,10
Hodges,2,136
Hodges,4,3
Hoffman,2,26
Hoffman,4,1
Hoffman Estates,1,1
Hoffman Estates,2,128
Hoffman Estates,3,90
Hoffman Estates,4,3
Hoffmeister,2,2
Hogansville,2,105
Hogansville,3,27
Hogansville,4,14
Hohenwald,2,10
Hohenwald,4,2
Ho-Ho-Kus,2,6
Hokah,2,14
Holbrook,1,36
Holbrook,2,388
Holbrook,3,42
Holbrook,4,10
Holcombe,2,4
Holcombe,4,2
Holden,2,37
Holden,3,11
Holder,2,2
Holderness,2,2
Holdingford,2,2
Holdrege,2,4
Holdrege,4,1
Holiday,1,29
Holiday,2,461
Holiday,3,2
Holiday,4,3
Holladay,2,22
Holladay,3,9
Holland,1,40
Holland,2,333
Holland,3,17
Holland,4,10
Holland Patent,2,23
Hollandale,2,5
Holley,1,1
Holley,2,9
Holliday,2,4
Hollidaysburg,1,2
Hollidaysburg,2,157
Hollidaysburg,4,10
Hollis,2,66
Hollis,4,1
Hollister,1,21
Hollister,2,1024
Hollister,3,1
Hollister,4,10
Holliston,1,1
Holliston,2,3
Holloway,2,15
Hollsopple,2,72
Hollsopple,4,3
Holly,1,4
Holly,2,181
Holly,3,18
Holly,4,6
Holly Hill,1,11
Holly Hill,2,232
Holly Hill,3,7
Holly Hill,4,3
Holly Pond,2,13
Holly Ridge,1,1
Holly Ridge,2,25
Holly Ridge,4,7
Holly Springs,1,34
Holly Springs,2,973
Holly Springs,3,2
Holly Springs,4,10
Hollywood,1,49
Hollywood,2,3073
Hollywood,3,366
Hollywood,4,41
Holman,2,1
Holmdel,2,191
Holmdel,4,2
Holmen,2,2
Holmes,1,1
Holmes,2,87
Holmes,3,16
Holmes,4,1
Holmes Beach,2,1
Holmesville,2,1
Holstein,2,1
Holt,1,1
Holt,2,251
Holt,3,25
Holt,4,13
Holton,2,3
Holton,4,2
Holts Summit,2,6
Holts Summit,3,1
Holts Summit,4,1
Holtsville,1,2
Holtsville,2,110
Holtsville,3,22
Holtsville,4,3
Holtwood,2,24
Holtwood,4,5
Holyoke,2,33
Holyoke,3,3
Holyoke,4,6
Home,1,1
Home,2,2
Homedale,2,1
Homeland,1,2
Homeland,2,249
Homer,2,39
Homer,3,5
Homer,4,8
Homer City,2,20
Homer City,4,7
Homer Glen,2,24
Homer Glen,3,4
Homer Glen,4,2
Homerville,2,8
Homerville,4,7
Homestead,1,13
Homestead,2,3686
Homestead,3,22
Homestead,4,26
Hometown,2,1
Homewood,2,31
Homewood,3,3
Homosassa,2,170
Honaker,2,9
Honaker,4,5
Hondo,2,3
Honea Path,1,15
Honea Path,2,223
Honea Path,4,2
Honeoye Falls,1,3
Honeoye Falls,2,87
Honeoye Falls,3,1
Honesdale,2,9
Honey Brook,1,1
Honey Brook,2,91
Honey Brook,4,2
Honey Grove,2,27
Honey Grove,4,3
Honeyville,2,44
Honeyville,3,6
Hood,2,3
Hood River,2,333
Hood River,3,1
Hood River,4,6
Hoodsport,2,25
Hoodsport,3,2
Hookerton,2,3
Hooks,2,3
Hooks,3,4
Hooks,4,1
Hooksett,1,1
Hooksett,2,17
Hooksett,3,33
Hooksett,4,1
Hookstown,4,1
Hoopa,2,123
Hooper,2,10
Hooper,4,1
Hoosick Falls,1,1
Hoosick Falls,2,65
Hoosick Falls,4,12
Hooven,2,1
Hoover,2,24
Hooversville,1,1
Hooversville,2,29
Hop Bottom,2,2
Hopatcong,2,1
Hope,2,72
Hope,3,2
Hope,4,8
Hope Hull,2,98
Hope Hull,3,19
Hope Hull,4,2
Hope Mills,2,70
Hope Mills,3,9
Hope Mills,4,15
Hope Valley,1,2
Hope Valley,2,14
Hope Valley,3,6
Hopedale,1,2
Hopedale,2,9
Hopedale,3,2
Hopewell,2,136
Hopewell,3,16
Hopewell,4,10
Hopewell Junction,1,1
Hopewell Junction,2,412
Hopewell Junction,3,30
Hopewell Junction,4,2
Hopkins,1,17
Hopkins,2,1019
Hopkins,3,14
Hopkins,4,6
Hopkinsville,2,17
Hopkinton,1,1
Hopkinton,2,66
Hopkinton,3,56
Hopland,1,2
Hopland,2,238
Hopland,3,3
Hopwood,2,3
Hopwood,4,1
Hoquiam,2,31
Hoquiam,3,1
Horace,2,25
Horatio,2,6
Horatio,4,3
Horizon City,2,1
Horn Lake,2,55
Horn Lake,3,2
Horn Lake,4,2
Hornbrook,2,168
Hornbrook,3,2
Hornell,2,4
Horner,2,1
Hornitos,2,2
Horntown,2,1
Horntown,4,1
Horse Cave,2,2
Horse Cave,4,1
Horse Shoe,2,3
Horse Shoe,4,2
Horseheads,2,6
Horseheads,4,1
Horseshoe Bay,2,1
Horseshoe Beach,2,8
Horseshoe Bend,2,5
Horsham,1,8
Horsham,2,310
Horton,1,1
Horton,2,19
Horton,4,1
Hortonville,2,8
Hoschton,2,57
Hoschton,3,14
Hoschton,4,3
Hosford,2,26
Hoskins,2,1
Hospers,2,1
Hosston,2,7
Hosston,3,2
Hot Springs,2,60
Hot Springs,4,16
Hot Springs National Park,2,146
Hot Springs National Park,4,25
Hot Springs Village,2,4
Hot Sulphur Springs,2,7
Hot Sulphur Springs,4,5
Hotchkiss,2,7
Houghton Lake,2,6
Houma,1,1
Houma,2,240
Houma,3,5
Houma,4,13
House Creek,2,2
House Springs,1,1
House Springs,2,8
House Springs,4,3
Houston,1,577
Houston,2,38319
Houston,3,5409
Houston,4,119
Houstonia,2,3
Houtzdale,2,59
Houtzdale,4,3
Howard,2,284
Howard,3,12
Howard,4,19
Howard Beach,1,2
Howard Beach,2,230
Howard Beach,3,4
Howard City,2,3
Howard City,4,1
Howard Lake,1,1
Howard Lake,2,22
Howardsville,2,5
Howardsville,4,5
Howe,2,44
Howe,3,1
Howe,4,5
Howell,2,232
Howell,3,27
Howell,4,20
Howells,2,2
Howes Cave,2,8
Howes Cave,3,1
Howey in the Hills,2,60
Howey-in-the-Hills,2,9
Howey-in-the-Hills,4,1
Howland,2,1
Howland,3,1
Hoxie,2,5
Hoyleton,2,1
Hubbard,2,150
Hubbard,3,4
Hubbard,4,6
Hubbardston,2,2
Hubert,2,7
Hubert,4,1
Huddleston,2,14
Huddleston,4,13
Hudgins,2,2
Hudson,1,24
Hudson,2,1054
Hudson,3,52
Hudson,4,46
Hudson Falls,2,27
Hudson Falls,4,3
Hudsonville,1,12
Hudsonville,2,107
Hudsonville,3,9
Hudsonville,4,2
Huff,2,12
Huffman,2,37
Huffman,4,1
Huger,1,3
Huger,2,103
Hughes,2,6
Hughes,4,4
Hughesville,2,189
Hughesville,3,1
Hughesville,4,15
Hughson,1,2
Hughson,2,183
Hugo,1,1
Hugo,2,247
Hugo,3,4
Hugo,4,16
Hull,2,7
Hull,3,7
Hull,4,2
Humble,1,14
Humble,2,535
Humble,3,133
Humble,4,6
Humboldt,2,16
Humboldt,3,4
Humboldt,4,1
Hume,2,4
Hume,4,3
Humeston,2,2
Humeston,4,2
Hummelstown,2,40
Hummelstown,3,1
Hummelstown,4,12
Humnoke,2,4
Humnoke,4,2
Humphrey,2,5
Humphrey,4,3
Humptulips,2,4
Hungry Horse,2,5
Hunker,2,24
Hunker,3,4
Hunker,4,5
Hunlock Creek,2,1
Hunlock Creek,4,1
Hunnewell,2,2
Hunt Valley,2,16
Hunt Valley,4,1
Hunter,2,4
Hunter,4,5
Huntersville,1,15
Huntersville,2,365
Huntersville,3,133
Huntersville,4,15
Huntertown,2,8
Huntertown,3,2
Huntertown,4,5
Huntingburg,2,6
Huntingburg,3,1
Huntingburg,4,2
Huntingdon,2,249
Huntingdon,3,1
Huntingdon,4,4
Huntingdon Valley,1,14
Huntingdon Valley,2,741
Huntingdon Valley,3,3
Huntingdon Valley,4,9
Huntington,1,8
Huntington,2,1165
Huntington,3,8
Huntington,4,89
Huntington Beach,1,1
Huntington Beach,2,302
Huntington Beach,3,76
Huntington Park,1,10
Huntington Park,2,869
Huntington Station,1,6
Huntington Station,2,397
Huntington Station,3,52
Huntington Station,4,9
Huntington Woods,2,44
Huntington Woods,3,17
Huntington Woods,4,2
Huntingtown,2,6
Huntingtown,4,2
Huntland,2,3
Huntley,2,183
Huntley,3,41
Huntley,4,3
Huntly,2,3
Huntly,4,3
Huntsburg,2,6
Huntsville,1,32
Huntsville,2,2650
Huntsville,3,411
Huntsville,4,27
Hurdle Mills,2,4
Hurdle Mills,4,2
Hurdsfield,2,3
Hurley,2,23
Hurley,3,6
Hurley,4,2
Hurlock,2,35
Hurlock,3,1
Hurlock,4,11
Huron,1,3
Huron,2,272
Huron,3,16
Huron,4,3
Hurricane,2,324
Hurricane,3,4
Hurricane,4,4
Hurricane Mills,2,29
Hurricane Mills,3,10
Hurricane Mills,4,2
Hurst,2,237
Hurst,3,62
Hurst,4,5
Hurt,2,6
Hurtsboro,2,1
Hurtsboro,4,1
Huson,2,76
Huson,4,2
Hustle,2,1
Hustle,4,1
Hustontown,2,32
Hutchins,2,50
Hutchins,3,74
Hutchins,4,5
Hutchinson,1,2
Hutchinson,2,110
Hutchinson,4,1
Hutto,1,11
Hutto,2,41
Hutto,4,1
Huttonsville,2,1
Huttonsville,4,1
Huxley,2,12
Huxley,4,2
Hyampom,2,4
Hyannis,1,6
Hyannis,2,17
Hyattsville,1,7
Hyattsville,2,2328
Hyattsville,3,42
Hyattsville,4,71
Hyde Park,1,13
Hyde Park,2,126
Hyde Park,3,1
Hydesville,2,41
Hydro,2,5
Hyndman,2,26
Hyndman,4,1
Hyrum,2,1
Hysham,2,7
Iberia,2,4
Iberia,4,3
Icard,2,1
Ickesburg,2,9
Ickesburg,4,6
Ida,2,28
Ida,4,1
Idaho Falls,2,52
Idaho Falls,4,5
Idaho Springs,2,126
Idaho Springs,3,24
Idaho Springs,4,12
Idalia,2,2
Idalou,2,4
Idalou,4,1
Idanha,2,55
Ider,2,1
Idledale,2,3
Idledale,4,2
Idleyld Park,2,159
Idleyld Park,4,6
Igo,2,39
Ijamsville,2,279
Ijamsville,3,4
Ijamsville,4,9
Iliff,2,13
Iliff,3,5
Iliff,4,6
Ilion,2,7
Ilion,4,3
Illiopolis,3,8
Imbler,2,16
Imbler,4,1
Imboden,2,9
Imboden,4,2
Imlay,2,49
Imlay,3,4
Imlay City,2,3
Imlay City,3,1
Imlay City,4,4
Imler,2,29
Imler,3,1
Imler,4,3
Immaculata,2,1
Immokalee,1,5
Immokalee,2,227
Immokalee,3,12
Immokalee,4,14
Imogene,2,1
Imperial,1,3
Imperial,2,34
Imperial,3,21
Imperial,4,2
Imperial Beach,2,14
Ina,3,17
Incline Village,1,3
Incline Village,2,59
Incline Village,4,8
Independence,1,16
Independence,2,1010
Independence,3,253
Independence,4,14
Indialantic,2,44
Indialantic-Melbourne Beach,2,1
Indian Creek,2,3
Indian Harbour Beach,2,7
Indian Head,2,22
Indian Head,4,11
Indian Head Park,2,1
Indian Head Park,3,2
Indian Hills,2,1
Indian Lake,2,10
Indian Lake,4,1
Indian Mound,2,1
Indian Mound,4,1
Indian Orchard,1,1
Indian River,2,7
Indian River,3,3
Indian River,4,5
Indian Rocks Beach,2,48
Indian Rocks Beach,4,1
Indian Shores,1,1
Indian Shores,2,3
Indian Trail,1,1
Indian Trail,2,59
Indian Trail,4,1
Indiana,2,25
Indiana,4,9
Indianapolis,1,168
Indianapolis,2,6245
Indianapolis,3,1982
Indianapolis,4,131
Indianola,1,1
Indianola,2,7
Indianola,4,1
Indiantown,2,10
Industry,2,6
Inez,2,3
Ingalls,2,2
Ingleside,1,3
Ingleside,2,183
Ingleside,4,1
Inglewood,1,11
Inglewood,2,1980
Inglewood,3,268
Inglewood,4,7
Inglis,1,3
Inglis,2,45
Ingomar,2,3
Inkom,2,10
Inkom,4,2
Inkster,2,2
Inlet,2,1
Inlet Beach,1,1
Inlet Beach,2,57
Inman,1,76
Inman,2,929
Inman,3,21
Inman,4,10
Intercession City,2,5
Intercourse,2,5
Interlachen,2,95
Interlaken,2,3
Interlaken,4,2
Interlochen,2,9
Interlochen,4,6
International Falls,1,1
International Falls,2,53
Inver Grove Heights,1,1
Inver Grove Heights,2,457
Inver Grove Heights,3,6
Inver Grove Heights,4,1
Inverness,1,3
Inverness,2,176
Inverness,4,4
Inwood,2,241
Inwood,3,1
Inwood,4,5
Inyokern,1,1
Inyokern,2,127
Inyokern,4,1
Iola,2,3
Iola,3,1
Iola,4,1
Ione,1,1
Ione,2,231
Ione,4,1
Ionia,2,6
Ionia,3,1
Iota,2,1
Iowa,2,28
Iowa,3,13
Iowa,4,1
Iowa City,2,360
Iowa City,3,61
Iowa City,4,12
Iowa Falls,2,25
Iowa Falls,4,3
Iowa Hill,2,1
Iowa Park,2,9
Ipswich,2,3
Ira,2,1
Irma,2,3
Irma,3,1
Irmo,1,30
Irmo,2,1043
Irmo,3,154
Irmo,4,38
Iron,1,1
Iron,2,27
Iron City,2,5
Iron City,4,1
Iron Station,2,20
Iron Station,4,8
Irondale,2,4
Irondale,3,1
Irondequoit,2,7
Ironside,2,19
Ironton,1,2
Ironton,2,18
Ironwood,2,3
Ironwood,4,1
Irrigon,2,130
Irrigon,3,3
Irvine,1,3
Irvine,2,2846
Irvine,3,367
Irvine,4,13
Irving,1,11
Irving,2,1841
Irving,3,80
Irving,4,32
Irvington,1,2
Irvington,2,798
Irvington,3,36
Irvington,4,8
Irvona,2,17
Irwin,2,208
Irwin,3,16
Irwin,4,41
Irwindale,2,7
Irwindale,3,1
Irwinton,2,3
Irwinton,3,1
Isabella,2,25
Isanti,1,1
Isanti,2,28
Iselin,1,2
Iselin,2,357
Iselin,3,4
Iselin,4,5
Ishpeming,2,2
Ishpeming,4,1
Islamorada,2,62
Islamorada,3,1
Islamorada,4,3
Island Falls,3,6
Island Lake,2,12
Island Park,2,17
Islandia,1,5
Islandia,2,176
Islandia,3,35
Islandia,4,11
Islandton,1,1
Islandton,2,20
Isle,2,24
Isle Of Palms,2,1
Isleta,2,2
Isleton,1,3
Isleton,2,586
Isleton,3,1
Isleton,4,5
Islip,1,1
Islip,2,56
Islip,3,1
Islip Terrace,2,59
Ismay,2,29
Ismay,4,2
Isola,2,1
Issaquah,2,112
Issaquah,3,38
Issaquah,4,8
Italy,2,6
Italy,3,4
Italy,4,1
Itasca,1,14
Itasca,2,145
Itasca,3,109
Itasca,4,4
Ithaca,2,48
Ithaca,3,1
Ithaca,4,17
Itta Bena,2,1
Iva,1,10
Iva,2,188
Iva,4,3
Ivanhoe,1,1
Ivanhoe,2,66
Ivor,2,21
Ivor,3,1
Ivor,4,3
Ivoryton,2,4
Jachin,2,1
Jack,2,9
Jack,4,2
Jackpot,2,24
Jackson,1,5
Jackson,2,2062
Jackson,3,415
Jackson,4,132
Jackson Center,2,6
Jackson Center,4,2
Jackson Heights,2,23
Jackson Heights,4,1
Jackson Springs,2,5
Jackson Springs,4,1
Jacksonboro,2,4
Jacksons Gap,2,3
Jacksonville,1,60
Jacksonville,2,11959
Jacksonville,3,2566
Jacksonville,4,200
Jacksonville Beach,2,49
Jacksonville Beach,3,1
Jacksonville Beach,4,2
Jacksonville East,2,1
Jacksonville West,2,1
Jacksonville West,3,1
Jacobson,2,38
Jacobus,2,2
Jaffrey,2,7
Jakin,2,2
Jal,2,31
Jal,4,10
Jamaica,1,3
Jamaica,2,1508
Jamaica,3,220
Jamaica,4,12
Jamaica Plain,1,21
Jamaica Plain,2,162
James City,2,12
James City,4,1
James Creek,2,49
James Creek,4,4
Jamesburg,2,103
Jamesburg,3,11
Jamestown,1,10
Jamestown,2,579
Jamestown,3,5
Jamestown,4,12
Jamesville,2,43
Jamesville,3,6
Jamesville,4,5
Jamieson,2,4
Jane Lew,2,11
Jane Lew,4,3
Janesville,1,2
Janesville,2,165
Janesville,3,14
Janesville,4,6
Jarratt,2,127
Jarratt,3,13
Jarratt,4,8
Jarrell,1,1
Jarrell,2,18
Jarrell,3,1
Jarrettsville,2,19
Jarrettsville,4,6
Jasper,1,6
Jasper,2,545
Jasper,3,44
Jasper,4,24
Java,2,7
Java,4,6
Jay,1,1
Jay,2,88
Jbsa Ft Sam Houston,2,3
Jbsa Lackland,2,4
Jeannette,2,109
Jeannette,4,25
Jeffers,2,15
Jefferson,1,4
Jefferson,2,588
Jefferson,3,52
Jefferson,4,34
Jefferson City,2,68
Jefferson City,3,1
Jefferson City,4,1
Jefferson Township,2,1
Jefferson Township,4,1
Jefferson Valley,2,14
Jeffersonton,2,8
Jeffersonton,4,3
Jeffersonville,1,8
Jeffersonville,2,152
Jeffersonville,3,23
Jeffersonville,4,15
Jeffrey City,2,1
Jeffrey City,4,2
Jellico,2,43
Jellico,3,9
Jellico,4,1
Jemez Pueblo,2,2
Jemez Pueblo,4,2
Jemez Springs,2,1
Jemez Springs,4,1
Jemison,1,8
Jemison,2,251
Jemison,3,52
Jemison,4,8
Jenera,3,1
Jenison,1,10
Jenison,2,51
Jenison,3,1
Jenkins,2,5
Jenkinsburg,2,11
Jenkinsburg,4,3
Jenkinsville,2,30
Jenkintown,1,7
Jenkintown,2,437
Jenkintown,4,1
Jenks,1,6
Jenks,2,6
Jenner,1,2
Jenner,2,101
Jenner,4,1
Jenners,2,8
Jennerstown,2,4
Jennings,1,2
Jennings,2,123
Jennings,3,28
Jennings,4,2
Jensen,2,20
Jensen Beach,2,4
Jericho,2,307
Jericho,3,100
Jericho,4,3
Jermyn,2,24
Jermyn,4,6
Jerome,2,108
Jerome,4,6
Jeromesville,1,2
Jeromesville,2,6
Jersey City,1,3
Jersey City,2,1569
Jersey City,3,63
Jersey City,4,27
Jersey Shore,1,2
Jersey Shore,2,198
Jersey Shore,4,4
Jersey Village,2,3
Jessieville,2,3
Jessieville,4,2
Jessup,1,3
Jessup,2,337
Jessup,3,21
Jessup,4,20
Jesup,2,18
Jesup,3,3
Jesup,4,3
Jetersville,2,47
Jetersville,4,12
Jetmore,2,7
Jetmore,4,3
Jewell,2,1
Jewell,3,1
Jewell Ridge,2,1
Jewell Ridge,4,2
Jewett,2,5
Jewett,4,2
Jewett City,2,64
Jewett City,3,5
Jewett City,4,28
Jim Falls,2,1
Jim Falls,4,2
Jim Thorpe,2,21
Jim Thorpe,3,17
Jim Thorpe,4,1
Joanna,1,3
Joanna,2,33
Jobstown,2,17
Jobstown,4,2
Joelton,1,9
Joelton,2,304
Joelton,3,39
Joelton,4,9
Joes,2,1
Johannesburg,2,24
John Day,2,100
John Day,4,2
Johns Island,1,3
Johns Island,2,23
Johnsburg,2,6
Johnsburg,4,2
Johnson,2,2
Johnson,4,1
Johnson City,1,25
Johnson City,2,484
Johnson City,3,27
Johnson City,4,16
Johnson Creek,2,9
Johnson Creek,3,3
Johnsonburg,2,46
Johnsonburg,3,1
Johnsonburg,4,8
Johnsonville,1,8
Johnsonville,2,156
Johnsonville,4,2
Johnston,1,2
Johnston,2,188
Johnston,3,42
Johnston City,3,1
Johnstown,1,11
Johnstown,2,1111
Johnstown,3,163
Johnstown,4,59
Joiner,2,18
Joiner,4,4
Joint Base Lewis Mcchord,2,1
Joliet,2,173
Joliet,3,343
Joliet,4,5
Jolley,2,2
Jolley,4,1
Jolon,2,2
Jones,2,35
Jones,3,4
Jones,4,1
Jones Mills,2,4
Jones Mills,4,1
Jonesboro,1,3
Jonesboro,2,198
Jonesboro,3,10
Jonesboro,4,37
Jonesborough,1,10
Jonesborough,2,96
Jonesborough,3,3
Jonesborough,4,1
Jonesburg,2,34
Jonesburg,3,3
Jonestown,1,1
Jonestown,2,222
Jonestown,3,37
Jonestown,4,18
Jonesville,1,4
Jonesville,2,161
Jonesville,3,9
Jonesville,4,14
Joplin,2,94
Joplin,3,5
Joplin,4,8
Joppa,2,400
Joppa,3,81
Joppa,4,19
Jordan,1,1
Jordan,2,192
Jordan,4,3
Jordan Valley,2,418
Jordan Valley,4,3
Joseph,2,68
Joseph,3,1
Joseph City,2,25
Joseph City,3,2
Joseph City,4,3
Joshua,2,1
Jud,2,1
Judith Gap,2,6
Judith Gap,4,1
Judsonia,2,13
Judsonia,4,3
Julesburg,2,12
Julesburg,3,2
Julesburg,4,5
Juliaetta,2,2
Julian,2,57
Julian,3,1
Julian,4,6
Juliette,2,32
Juliette,3,16
Juliette,4,7
Junction,2,4
Junction,3,5
Junction,4,3
Junction City,2,189
Junction City,3,1
Junction City,4,19
June Lake,1,2
June Lake,2,106
Juneau,2,2
Juntura,2,114
Juntura,4,1
Jupiter,1,8
Jupiter,2,253
Jupiter,3,54
Jupiter,4,10
Jurupa Valley,1,3
Jurupa Valley,2,1117
Jurupa Valley,3,4
Justice,2,155
Justice,3,34
Justice,4,2
Justiceburg,2,6
Justin,2,8
Justin,3,10
Justin,4,2
Kabetogama,2,2
Kaibeto,2,21
Kaibeto,4,4
Kaiser,2,1
Kalama,2,44
Kalama,3,14
Kalama,4,1
Kalamazoo,1,1
Kalamazoo,2,313
Kalamazoo,3,50
Kalamazoo,4,28
Kalispell,2,668
Kalispell,4,7
Kalkaska,1,1
Kalkaska,2,1
Kalona,2,4
Kamas,1,1
Kamas,2,116
Kamiah,2,1
Kamiah,4,1
Kanab,2,17
Kanab,3,1
Kanarraville,2,19
Kanarraville,3,1
Kandiyohi,2,3
Kane,2,228
Kane,4,17
Kankakee,2,19
Kankakee,3,44
Kannapolis,2,82
Kannapolis,3,15
Kannapolis,4,7
Kanorado,2,3
Kanorado,3,2
Kanorado,4,1
Kanosh,2,79
Kanosh,3,1
Kansas City,1,36
Kansas City,2,10074
Kansas City,3,1603
Kansas City,4,169
Karlsruhe,2,1
Karnes City,2,3
Karnes City,4,4
Karns City,2,2
Karthaus,2,27
Karthaus,4,1
Karval,2,2
Karval,4,1
Kasota,1,1
Kasota,2,21
Kasson,1,1
Kasson,2,53
Kathio,2,1
Kathleen,2,24
Kathleen,3,1
Kathleen,4,8
Kathryn,2,5
Katonah,1,2
Katonah,2,290
Katonah,3,53
Katonah,4,4
Katy,1,3
Katy,2,186
Katy,3,105
Katy,4,7
Kaufman,2,2
Kaufman,4,1
Kaukauna,2,35
Kaukauna,3,9
Kaukauna,4,2
Kaw,2,3
Kawkawlin,2,9
Kawkawlin,3,5
Kawkawlin,4,1
Kaycee,2,5
Kaycee,4,1
Kayenta,2,24
Kaysville,1,4
Kaysville,2,399
Kaysville,3,38
Kaysville,4,2
Keams Canyon,2,7
Keams Canyon,4,3
Keansburg,2,2
Kearney,2,84
Kearney,3,17
Kearney,4,4
Kearneysville,2,12
Kearny,1,2
Kearny,2,798
Kearny,3,119
Kearny,4,18
Keasbey,2,167
Keasbey,3,4
Keedysville,2,7
Keeling,2,3
Keeling,4,4
Keene,1,2
Keene,2,175
Keene,3,2
Keene,4,4
Keenes,3,1
Keenesburg,2,8
Keenesburg,3,1
Keenesburg,4,4
Keeseville,2,17
Keeseville,4,1
Keewatin,2,5
Keezletown,2,2
Keezletown,4,2
Keithville,1,4
Keithville,2,104
Keizer,2,1
Kelford,2,2
Kell,2,5
Kell,3,5
Kell,4,1
Keller,2,4
Kelliher,2,19
Kellogg,2,84
Kellogg,3,8
Kellogg,4,7
Kellyton,2,4
Kelseyville,1,2
Kelseyville,2,297
Kelseyville,4,1
Kelso,1,1
Kelso,2,80
Kelso,3,31
Kelso,4,2
Kemah,2,1
Kemp,1,1
Kempton,2,2
Kenansville,1,1
Kenansville,2,293
Kenansville,4,21
Kenbridge,1,1
Kenbridge,2,43
Kenbridge,4,7
Kendall Park,2,3
Kendallville,2,7
Kendallville,4,6
Kendleton,2,1
Kendrick,4,2
Kenesaw,2,1
Kenilworth,1,1
Kenilworth,2,238
Kenilworth,3,2
Kenly,2,54
Kenly,3,5
Kenly,4,14
Kenmare,2,3
Kenmore,2,2
Kenna,2,22
Kenna,4,1
Kennard,2,4
Kennard,4,1
Kennebunk,2,2
Kennebunk,3,4
Kennedale,2,7
Kennedale,3,11
Kennedy,2,3
Kennedyville,2,5
Kennedyville,4,6
Kenner,2,117
Kenner,3,121
Kenner,4,4
Kennerdell,2,1
Kennerdell,4,1
Kennesaw,2,269
Kennesaw,3,112
Kennesaw,4,12
Kenneth City,1,2
Kenneth City,2,18
Kennett,2,4
Kennett,4,3
Kennett Square,1,8
Kennett Square,2,299
Kennett Square,4,4
Kennewick,2,10
Kennewick,3,3
Keno,2,63
Keno,3,1
Kenosha,2,68
Kenosha,3,16
Kenosha,4,4
Kenova,2,8
Kenoza Lake,2,2
Kenoza Lake,4,1
Kensett,2,5
Kensett,3,1
Kensington,2,145
Kensington,3,1
Kensington,4,4
Kent,1,9
Kent,2,553
Kent,3,96
Kent,4,4
Kent City,1,1
Kent City,2,24
Kent City,3,1
Kent City,4,1
Kentfield,1,1
Kentfield,2,50
Kentland,2,10
Kentland,4,6
Kenton,2,4
Kents Store,2,2
Kentwood,2,3
Kenwood,2,37
Kenyon,2,65
Keokuk,2,1
Keota,2,1
Keota,4,1
Kerby,1,1
Kerby,2,61
Kerhonkson,2,13
Kerhonkson,4,1
Kerkhoven,2,15
Kerman,1,4
Kerman,2,359
Kerman,3,1
Kerman,4,1
Kermit,2,20
Kermit,4,10
Kernersville,1,3
Kernersville,2,228
Kernersville,3,20
Kernersville,4,28
Kernville,2,43
Kerrick,2,2
Kerrville,2,3
Kerrville,3,3
Kersey,1,2
Kersey,2,83
Kersey,3,1
Kersey,4,4
Kershaw,1,6
Kershaw,2,205
Kershaw,4,2
Keswick,2,141
Keswick,3,14
Keswick,4,29
Kettering,1,3
Kettering,2,6
Kettle Falls,2,8
Kettle Falls,4,1
Kettle River,2,12
Kettleman City,1,2
Kettleman City,2,310
Kettleman City,3,9
Kettleman City,4,3
Kevin,2,2
Kew Gardens,2,167
Kew Gardens,3,3
Kewaunee,2,1
Key Biscayne,1,1
Key Biscayne,2,346
Key Largo,1,1
Key Largo,2,185
Key Largo,3,7
Key Largo,4,3
Key West,2,62
Key West,3,1
Key West,4,2
Keyes,2,54
Keymar,2,27
Keymar,3,1
Keymar,4,3
Keyport,2,42
Keyport,4,2
Keyser,2,4
Keystone,2,5
Keystone,4,1
Keystone Heights,2,22
Keysville,2,46
Keysville,4,10
Kiefer,2,1
Kiester,2,3
Kila,2,55
Kila,4,3
Kildeer,2,42
Kildeer,3,1
Kilgore,2,4
Kilgore,3,1
Kilgore,4,1
Kilkenny,2,5
Kill Buck,2,3
Kill Buck,4,1
Killbuck,2,1
Killdeer,2,16
Killeen,2,1
Killen,1,1
Killen,2,35
Killingworth,2,3
Killingworth,4,1
Kilmarnock,2,22
Kilmarnock,4,7
Kiln,2,7
Kim,2,16
Kim,4,8
Kimball,1,3
Kimball,2,99
Kimball,3,1
Kimball,4,2
Kimberly,2,22
Kimbolton,2,1
Kimbolton,3,1
Kimmell,2,5
Kimmell,4,10
Kinard,2,5
Kinards,2,93
Kinards,3,15
Kinards,4,1
Kincaid,2,1
Kinderhook,2,15
Kinderhook,4,3
Kindred,2,9
King,2,16
King,4,2
King and Queen Court House,2,1
King City,1,11
King City,2,408
King City,4,5
King Ferry,2,2
King Ferry,4,1
King George,1,3
King George,2,472
King George,3,7
King George,4,119
King Hill,2,49
King Hill,4,1
King of Prussia,1,16
King of Prussia,2,1307
King of Prussia,3,130
King of Prussia,4,25
King William,2,36
King William,4,9
Kingdom City,2,28
Kingdom City,3,2
Kingman,1,3
Kingman,2,398
Kingman,3,39
Kingman,4,18
Kings Beach,2,144
Kings Beach,4,2
Kings Canyon National Pk,2,9
Kings Mills,2,1
Kings Mountain,1,1
Kings Mountain,2,101
Kings Mountain,3,8
Kings Mountain,4,18
Kings Park,2,9
Kings Park,4,1
Kingsburg,1,6
Kingsburg,2,534
Kingsburg,3,2
Kingsburg,4,2
Kingsbury,2,2
Kingsbury,4,2
Kingsland,2,35
Kingsland,3,8
Kingsland,4,10
Kingsley,2,25
Kingsley,3,1
Kingsley,4,2
Kingsport,2,100
Kingsport,3,19
Kingsport,4,12
Kingston,1,1
Kingston,2,409
Kingston,3,42
Kingston,4,17
Kingston Springs,1,1
Kingston Springs,2,54
Kingston Springs,3,8
Kingston Springs,4,3
Kingstree,1,9
Kingstree,2,209
Kingstree,4,1
Kingsville,2,171
Kingsville,3,10
Kingsville,4,11
Kingwood,1,5
Kingwood,2,513
Kingwood,3,18
Kingwood,4,2
Kinmundy,2,2
Kinmundy,3,2
Kinnelon,2,2
Kinney,2,2
Kinross,2,1
Kinross,3,1
Kinross,4,1
Kinsale,2,5
Kinsale,4,1
Kinsey,2,6
Kinsey,4,2
Kinston,2,62
Kinston,4,10
Kintyre,2,1
Kinzers,1,2
Kinzers,2,77
Kinzers,3,1
Kinzers,4,14
Kiowa,2,3
Kiowa,4,1
Kirby,2,3
Kirby,4,2
Kirkland,2,219
Kirkland,3,81
Kirkland,4,4
Kirkville,2,73
Kirkville,4,4
Kirkwood,2,66
Kirkwood,3,10
Kirkwood,4,3
Kirtland,4,1
Kissimmee,1,33
Kissimmee,2,7180
Kissimmee,3,191
Kissimmee,4,42
Kit Carson,2,30
Kit Carson,3,2
Kit Carson,4,17
Kittanning,2,39
Kittanning,4,11
Kittery,3,2
Kittery,4,1
Kittrell,2,4
Kittrell,4,2
Kitzmiller,2,1
Kitzmiller,4,1
Klamath,2,173
Klamath,4,1
Klamath Falls,1,4
Klamath Falls,2,874
Klamath Falls,3,2
Klamath Falls,4,9
Klamath River,2,68
Klickitat,2,2
Klingerstown,2,1
Knapp,2,24
Knapp,3,4
Knapp,4,2
Kneeland,2,24
Knightdale,1,36
Knightdale,2,1031
Knightdale,3,79
Knightdale,4,14
Knights Landing,1,1
Knights Landing,2,103
Knights Landing,4,2
Knightsen,2,3
Knightstown,2,97
Knightstown,3,9
Knightstown,4,10
Knob Noster,2,4
Knob Noster,4,1
Knobel,2,5
Knobel,4,3
Knox,2,110
Knox,3,11
Knox,4,8
Knox City,2,1
Knoxville,1,5
Knoxville,2,2003
Knoxville,3,624
Knoxville,4,68
Kodak,2,53
Kodak,3,15
Kodak,4,2
Kohler,2,3
Kohler,3,1
Kohler,4,1
Kokomo,1,7
Kokomo,2,31
Kokomo,3,1
Kokomo,4,4
Koosharem,2,10
Kooskia,2,1
Koppel,2,2
Koppel,4,1
Korbel,2,14
Kosciusko,4,3
Kossuth,2,1
Kouts,2,5
Kouts,4,3
Kramer,2,1
Kremlin,2,5
Kremmling,2,48
Kremmling,3,2
Kremmling,4,19
Kresgeville,2,3
Kresgeville,4,3
Krotz Springs,2,3
Krotz Springs,4,1
Krum,2,1
Kulm,2,4
Kulpmont,2,8
Kulpsville,1,2
Kulpsville,2,22
Kulpsville,3,16
Kuna,2,29
Kuna,4,1
Kunkletown,2,7
Kunkletown,4,2
Kure Beach,2,4
Kuttawa,2,6
Kuttawa,4,2
Kutztown,1,1
Kutztown,2,131
Kutztown,3,24
Kutztown,4,4
Kyburz,1,1
Kyburz,2,124
Kyburz,4,1
Kykotsmovi Village,2,3
Kykotsmovi Village,4,1
Kyle,1,1
Kyle,2,101
Kyle,3,35
Kyle,4,2
La Canada Flintridge,1,5
La Canada Flintridge,2,374
La Canada Flintridge,3,50
La Canada Flintridge,4,2
La Center,2,3
La Crescent,1,1
La Crescent,2,69
La Crescenta,1,3
La Crescenta,2,280
La Crescenta,3,28
La Crescenta,4,1
La Crosse,2,99
La Crosse,3,13
La Crosse,4,10
La Fargeville,2,2
La Fargeville,3,1
La Fayette,2,36
La Fayette,3,2
La Fayette,4,3
La Feria,2,1
La Follette,2,14
La Follette,3,5
La Follette,4,1
La Grande,2,1012
La Grande,3,11
La Grande,4,52
La Grange,1,7
La Grange,2,569
La Grange,3,374
La Grange,4,21
La Grange Highlands,2,2
La Grange Park,2,2
La Habra,2,40
La Habra Heights,2,4
La Honda,1,1
La Honda,2,92
La Honda,4,1
La Jara,2,23
La Jara,4,8
La Jolla,1,1
La Jolla,2,488
La Jolla,3,30
La Jolla,4,1
La Jose,1,1
La Jose,2,24
La Jose,4,1
La Joya,2,2
La Junta,2,24
La Junta,4,7
La Marque,2,36
La Marque,3,8
La Marque,4,6
La Mirada,2,229
La Mirada,3,31
La Motte,2,1
La Palma,2,225
La Pine,2,378
La Pine,3,2
La Pine,4,13
LA Place,2,61
LA Place,3,99
LA Place,4,10
La Plata,1,2
La Plata,2,148
La Plata,4,21
La Porte,2,131
La Porte,3,11
La Porte,4,21
La Porte City,2,5
La Porte City,3,1
La Pryor,2,3
La Puente,1,20
La Puente,2,2153
La Puente,3,133
La Puente,4,5
La Sal,2,7
La Salle,2,48
La Salle,3,54
La Salle,4,9
La Vergne,1,3
La Vergne,2,313
La Vergne,3,35
La Vergne,4,4
La Verkin,2,4
La Verne,1,2
La Verne,2,285
La Verne,3,11
La Veta,2,10
La Vista,1,2
La Vista,2,44
La Vista,3,16
La Vista,4,1
La Ward,4,1
Labadie,2,1
Labelle,2,153
Labelle,4,6
Lacey,2,37
Lacey,3,10
Laceys Spring,1,1
Laceys Spring,2,37
Laceys Spring,4,2
Laceyville,2,16
Laceyville,4,7
Lachine,2,1
Lackawaxen,2,11
Lacombe,2,20
Lacombe,3,11
Lacombe,4,1
Lacona,2,4
Laconia,1,3
Laconia,2,21
Lacrosse,2,2
Ladd,2,1
Laddonia,2,4
Laddonia,4,14
Ladera Ranch,1,3
Ladera Ranch,2,279
Ladera Ranch,3,2
Ladera Ranch,4,2
Ladoga,2,2
Ladoga,4,2
Ladora,2,6
Ladson,1,32
Ladson,2,853
Ladson,3,68
Ladson,4,2
Lady Lake,1,1
Lady Lake,2,74
Lady Lake,4,1
Ladysmith,2,1
Lafayette,1,348
Lafayette,2,2057
Lafayette,3,50
Lafayette,4,25
Lafayette Hill,1,2
Lafayette Hill,2,160
Lafayette Hill,4,1
Lago Vista,1,1
Lago Vista,2,12
LaGrange,2,167
LaGrange,3,33
LaGrange,4,36
Lagrangeville,1,1
Lagrangeville,2,121
Lagrangeville,3,2
Lagrangeville,4,2
Laguna,2,37
Laguna,3,5
Laguna,4,2
Laguna Beach,2,92
Laguna Hills,2,478
Laguna Hills,3,133
Laguna Hills,4,1
Laguna Niguel,2,377
Laguna Niguel,3,72
Laguna Woods,2,12
Lagunitas,2,14
Laingsburg,2,3
Laingsburg,3,1
Lairdsville,2,6
Lake,2,4
Lake,3,1
Lake,4,3
Lake Alfred,1,2
Lake Alfred,2,14
Lake Ariel,2,34
Lake Ariel,3,4
Lake Ariel,4,7
Lake Arrowhead,1,1
Lake Arrowhead,2,223
Lake Arrowhead,4,3
Lake Arthur,2,1
Lake Barrington,2,13
Lake Barrington,3,1
Lake Bluff,1,1
Lake Bluff,2,143
Lake Bluff,3,16
Lake Bluff,4,2
Lake Butler,2,122
Lake Butler,3,1
Lake Charles,2,226
Lake Charles,3,170
Lake Charles,4,19
Lake City,1,28
Lake City,2,1453
Lake City,3,95
Lake City,4,37
Lake Crystal,2,100
Lake Crystal,4,3
Lake Dallas,2,107
Lake Dallas,3,115
Lake Dallas,4,2
Lake Elmo,1,5
Lake Elmo,2,111
Lake Elmo,3,5
Lake Elmo,4,1
Lake Elsinore,1,7
Lake Elsinore,2,1093
Lake Elsinore,3,44
Lake Elsinore,4,5
Lake Forest,1,9
Lake Forest,2,956
Lake Forest,3,95
Lake Forest,4,5
Lake Forest Park,2,2
Lake Geneva,2,4
Lake Geneva,3,1
Lake Geneva,4,1
Lake George,2,237
Lake George,3,11
Lake George,4,21
Lake Grove,1,1
Lake Grove,2,9
Lake Harmony,2,53
Lake Harmony,3,5
Lake Harmony,4,5
Lake Havasu City,2,274
Lake Havasu City,3,10
Lake Havasu City,4,25
Lake Helen,2,41
Lake Helen,3,25
Lake Hopatcong,2,32
Lake Hopatcong,3,1
Lake Hopatcong,4,1
Lake Hughes,2,71
Lake Huntington,2,1
Lake In The Hills,2,9
Lake In The Hills,4,4
Lake Isabella,2,171
Lake Isabella,4,3
Lake Jackson,1,1
Lake Jackson,2,13
Lake Jackson,3,2
Lake Junaluska,2,3
Lake Junaluska,4,1
Lake Katrine,2,47
Lake Katrine,4,2
Lake Leelanau,2,1
Lake Leelanau,4,1
Lake Lillian,2,22
Lake Lure,2,5
Lake Lure,4,2
Lake Luzerne,2,8
Lake Lynn,2,6
Lake Mary,1,9
Lake Mary,2,438
Lake Mary,3,54
Lake Mary,4,9
Lake Mills,2,19
Lake Mills,4,1
Lake Milton,2,7
Lake Milton,3,3
Lake Odessa,2,2
Lake Odessa,3,1
Lake Orion,1,1
Lake Orion,2,1
Lake Oswego,2,127
Lake Oswego,3,14
Lake Oswego,4,4
Lake Panasoffkee,2,40
Lake Panasoffkee,3,20
Lake Panasoffkee,4,3
Lake Park,2,29
Lake Park,3,3
Lake Park,4,5
Lake Placid,1,3
Lake Placid,2,198
Lake Placid,3,1
Lake Placid,4,5
Lake Powell,2,5
Lake Providence,2,1
Lake Saint Louis,2,23
Lake Saint Louis,3,21
Lake Saint Louis,4,1
Lake Sherwood,2,4
Lake St Louis,2,15
Lake St Louis,3,1
Lake St Louis,4,1
Lake Station,2,285
Lake Station,3,74
Lake Station,4,11
Lake Stevens,2,103
Lake Stevens,3,1
Lake Stevens,4,10
Lake Suzy,2,5
Lake Tapps,2,6
Lake Toxaway,2,13
Lake Toxaway,4,3
Lake View,1,2
Lake View,2,87
Lake View,4,2
Lake Villa,1,7
Lake Villa,2,215
Lake Villa,4,4
Lake Village,2,34
Lake Village,4,19
Lake Waccamaw,2,4
Lake Wales,1,10
Lake Wales,2,92
Lake Wales,3,1
Lake Wales,4,4
Lake Wilson,2,22
Lake Worth,1,10
Lake Worth,2,908
Lake Worth,3,198
Lake Worth,4,4
Lake Worth Beach,1,8
Lake Worth Beach,2,439
Lake Worth Beach,3,39
Lake Worth Beach,4,5
Lake Zurich,1,16
Lake Zurich,2,792
Lake Zurich,3,4
Lake Zurich,4,5
Lakebay,2,1
Lakefield,2,126
Lakehead,2,357
Lakehead,3,13
Lakehead,4,1
Lakehurst,2,13
Lakehurst,4,1
Lakeland,1,70
Lakeland,2,1157
Lakeland,3,100
Lakeland,4,17
Lakemoor,1,1
Lakemoor,2,11
Lakeport,1,3
Lakeport,2,293
Lakeshore,2,6
Lakeside,2,85
Lakeside,4,1
Lakeside Park,2,2
Lakeside-Marblehead,2,1
Lakeview,2,247
Lakeview,4,2
Lakeville,1,1
Lakeville,2,465
Lakeville,3,26
Lakeville,4,12
Lakeway,2,12
Lakewood,1,13
Lakewood,2,691
Lakewood,3,141
Lakewood,4,15
Lakewood Ranch,1,1
Lakewood Ranch,2,29
Lakewood Ranch,4,2
Lakota,2,5
Lakota,4,1
Lamar,1,7
Lamar,2,234
Lamar,3,5
Lamar,4,24
Lambert,2,1
Lamberton,2,18
Lambertville,2,3
Lambertville,4,1
Lambsburg,2,25
Lambsburg,3,17
Lambsburg,4,1
Lame Deer,2,36
Lame Deer,4,2
Lamesa,2,3
Lamesa,4,1
Lamoille,2,2
Lamoni,2,6
Lamont,2,367
Lamont,3,7
Lamont,4,3
Lamoure,2,2
Lampasas,4,2
Lamy,4,1
Lancaster,1,260
Lancaster,2,6656
Lancaster,3,171
Lancaster,4,118
Lancing,2,1
Lancing,4,1
Land O Lakes,1,37
Land O Lakes,2,960
Land O Lakes,3,3
Land O Lakes,4,4
Landenberg,2,59
Lander,2,2
Lander,4,1
Landing,2,20
Landing,4,2
Landis,2,4
Landisburg,2,15
Landisburg,4,2
Landisville,2,60
Landrum,1,10
Landrum,2,197
Landrum,3,3
Lane,2,13
Lanesboro,2,24
Lanesville,2,8
Lanesville,4,1
Lanett,1,1
Lanett,2,15
Lanett,3,10
Lanett,4,1
Laneview,2,3
Laneview,4,1
Lanexa,2,317
Lanexa,3,44
Lanexa,4,21
Langdon,2,2
Langford,2,1
Langhorne,2,214
Langhorne,3,17
Langhorne,4,25
Langley,2,4
Langley,4,1
Langlois,2,22
Langtry,2,2
Lanham,2,487
Lanham,3,29
Lanham,4,34
Lansdale,1,23
Lansdale,2,753
Lansdale,3,2
Lansdale,4,7
Lansdowne,2,141
Lanse,2,2
Lansford,2,3
Lansing,1,2
Lansing,2,528
Lansing,3,251
Lansing,4,54
Lantana,1,1
Lantana,2,6
Lapeer,2,16
Lapeer,4,4
Lapel,2,4
Lapel,4,4
Lapine,2,9
Lapine,4,1
Laplace,2,92
Laplace,3,10
Laplace,4,7
Laporte,1,3
Laporte,2,68
Laporte,4,5
Laramie,2,168
Laramie,3,1
Laramie,4,21
Larchmont,2,131
Larchmont,3,25
Larchmont,4,2
Laredo,1,1
Laredo,2,21
Laredo,3,10
Laredo,4,9
Largo,1,53
Largo,2,1415
Larimer,2,2
Larimore,2,6
Larkspur,1,3
Larkspur,2,194
Larkspur,3,106
Larkspur,4,8
Larned,2,4
Larned,4,2
Larose,2,1
Larose,4,1
Larsen,2,8
Larsen,3,1
Larsen,4,1
Larwill,2,1
Larwill,3,1
Las Animas,2,22
Las Animas,3,1
Las Animas,4,7
Las Cruces,2,66
Las Cruces,3,15
Las Cruces,4,9
Las Vegas,2,11
Las Vegas,3,1
Latham,2,608
Latham,3,34
Latham,4,15
Lathrop,1,1
Lathrop,2,626
Lathrop,3,50
Lathrop,4,1
Latimer,2,14
Latimer,3,1
Latimer,4,1
Laton,1,1
Laton,2,140
Laton,4,2
Latonia,1,7
Latonia,2,40
Latonia,3,25
Latonia,4,1
Latrobe,1,1
Latrobe,2,138
Latrobe,3,1
Latrobe,4,29
Latta,1,5
Latta,2,446
Latta,3,26
Latta,4,4
Lauderdale By The Sea,2,1
Lauderdale Lakes,1,2
Lauderdale Lakes,2,107
Lauderdale Lakes,4,1
Lauderhill,2,47
Laughlin,1,2
Laughlin,2,60
Laughlin,4,1
Laughlintown,2,15
Laurel,1,5
Laurel,2,1087
Laurel,3,45
Laurel,4,61
Laurel Fork,2,3
Laurel Fork,4,1
Laurel Hill,2,55
Laurel Hill,3,1
Laurel Run,2,13
Laurel Run,4,4
Laurel Springs,2,9
Laurel Springs,4,6
Laurelton,2,7
Laurelville,2,1
Laurens,1,33
Laurens,2,566
Laurens,3,8
Laurens,4,10
Laurinburg,2,51
Laurinburg,4,12
Lava Hot Springs,2,4
Lavaca,2,5
Lavaca,4,3
Lavallette,2,2
Lavallette,4,1
Laveen,1,2
Laveen,2,204
Laveen,3,3
Laveen,4,1
Lavina,2,26
Lavonia,1,1
Lavonia,2,44
Lavonia,3,16
Lavonia,4,3
Lawley,2,23
Lawley,4,1
Lawndale,1,1
Lawndale,2,335
Lawndale,3,74
Lawndale,4,2
Lawnside,2,126
Lawnside,3,12
Lawnside,4,2
Lawrence,1,6
Lawrence,2,127
Lawrence,3,25
Lawrence,4,7
Lawrence Township,2,120
Lawrence Township,3,17
Lawrence Township,4,7
Lawrence Twp,2,97
Lawrence Twp,3,5
Lawrence Twp,4,4
Lawrenceburg,2,33
Lawrenceburg,3,2
Lawrenceburg,4,5
Lawrenceville,1,4
Lawrenceville,2,354
Lawrenceville,3,35
Lawrenceville,4,33
Lawsonville,2,6
Lawsonville,4,1
Lawtey,2,28
Lawtey,4,1
Lawton,2,9
Lawton,3,1
Lawton,4,5
Layton,1,2
Layton,2,419
Layton,3,66
Layton,4,1
Laytonville,2,153
Le Center,2,10
Le Claire,2,45
Le Claire,3,5
Le Claire,4,3
Le Grand,1,2
Le Grand,2,105
Le Mars,1,2
Le Mars,2,9
Le Mars,3,2
Le Mars,4,2
Le Raysville,2,1
Le Roy,2,127
Le Roy,3,15
Le Sueur,2,98
Le Sueur,3,1
Leadville,2,35
Leadville,4,13
League City,2,54
League City,3,42
League City,4,2
Leamington,2,4
Leander,1,19
Leander,2,179
Leander,3,1
Leander,4,1
Leary,2,1
Leasburg,2,5
Leasburg,4,2
Leavenworth,2,18
Leavenworth,4,10
Leavittsburg,2,6
Leawood,1,1
Leawood,2,237
Leawood,3,41
Lebanon,1,6
Lebanon,2,951
Lebanon,3,126
Lebanon,4,131
Lebanon Junction,2,50
Lebanon Junction,3,2
Lebanon Junction,4,9
Lebec,1,5
Lebec,2,1098
Lebec,3,124
Lebec,4,9
Lebo,2,3
Lebo,4,1
Lecanto,1,4
Lecanto,2,97
Lecanto,4,1
Leck Kill,2,4
Lecompte,2,4
Lecompte,3,4
Lecompte,4,1
Lecompton,2,3
Ledbetter,2,4
Ledgewood,2,46
Ledgewood,3,17
Ledgewood,4,4
Ledyard,2,7
Ledyard,4,3
Lee,1,2
Lee,2,118
Lee,3,19
Lee,4,7
Lee Center,2,9
Lee Vining,2,82
Lee Vining,3,1
Lee Vining,4,6
Leechburg,2,26
Leechburg,4,4
Leeds,1,13
Leeds,2,246
Leeds,3,67
Leeds,4,9
Leeper,2,29
Leeper,4,3
Lees Summit,2,409
Lees Summit,3,81
Lees Summit,4,3
Lee's Summit,1,1
Lee's Summit,2,225
Lee's Summit,3,5
Lee's Summit,4,4
Leesburg,1,7
Leesburg,2,1290
Leesburg,3,12
Leesburg,4,84
Leesport,2,23
Leesport,4,2
Leesville,1,6
Leesville,2,267
Leesville,3,20
Leesville,4,10
Leetonia,2,5
Leetonia,3,1
Leetsdale,2,9
Leetsdale,4,2
Left Hand,2,13
Leggett,2,112
Lehi,1,4
Lehi,2,479
Lehi,3,117
Lehi,4,1
Lehigh Acres,1,107
Lehigh Acres,2,1667
Lehigh Acres,4,11
Lehighton,2,48
Lehighton,3,34
Lehighton,4,10
Leicester,2,29
Leicester,4,11
Leighton,1,1
Leighton,2,21
Leitchfield,2,3
Leland,2,181
Leland,3,14
Leland,4,18
Lemitar,2,4
Lemitar,4,2
Lemon Cove,1,1
Lemon Cove,2,36
Lemont,1,2
Lemont,2,64
Lemont,3,25
Lemont,4,1
Lemont Furnace,2,4
Lemoore,1,4
Lemoore,2,494
Lemoore,4,3
Lemoyne,1,1
Lemoyne,2,290
Lemoyne,3,44
Lemoyne,4,14
Lena,2,13
Lena,3,3
Lena,4,2
Lenexa,1,4
Lenexa,2,758
Lenexa,3,77
Lenexa,4,6
Lengby,2,3
Lenhartsville,2,191
Lenhartsville,3,50
Lenhartsville,4,15
Lennon,1,1
Lennon,2,51
Lennon,4,1
Lenoir,2,43
Lenoir,4,19
Lenoir City,2,213
Lenoir City,3,62
Lenoir City,4,12
Lenore,4,2
Lenox,1,1
Lenox,2,24
Lenox,3,6
Lenox,4,1
Lenzburg,2,1
Leo,2,7
Leo,3,1
Leo,4,1
Leola,1,6
Leola,2,232
Leola,4,9
Leoma,2,1
Leominster,1,4
Leominster,2,37
Leominster,3,1
Leon,2,5
Leona Valley,2,40
Leonard,2,6
Leonard,4,1
Leonardo,2,4
Leonardo,4,1
Leonardtown,2,44
Leonardtown,4,15
Leonia,2,121
Leonia,3,37
Leonia,4,3
Leopolis,2,1
Leopolis,3,1
Leopolis,4,1
Lepanto,2,2
Lepanto,4,1
Lerona,2,1
Leroy,2,3
Lesage,2,2
Lesage,4,1
Leslie,2,29
Leslie,4,10
Lester,2,4
Lester Prairie,1,1
Lester Prairie,2,21
Lesterville,2,1
Letohatchee,2,91
Letohatchee,3,54
Letohatchee,4,5
Letts,2,2
Leupp,2,2
Levan,1,1
Levan,2,6
Levelland,1,1
Levelland,2,2
Levelland,4,2
Levering,2,1
Levittown,1,2
Levittown,2,66
Levittown,3,4
Levittown,4,9
Lewes,2,27
Lewes,4,5
Lewis,2,3
Lewis Center,1,1
Lewis Center,2,144
Lewis Center,3,5
Lewis Center,4,1
Lewis Run,2,83
Lewis Run,4,5
Lewisberry,1,3
Lewisberry,2,113
Lewisberry,3,9
Lewisberry,4,5
Lewisburg,1,1
Lewisburg,2,347
Lewisburg,3,21
Lewisburg,4,27
Lewiston,1,1
Lewiston,2,190
Lewiston,3,4
Lewiston,4,3
Lewiston Woodville,2,14
Lewiston Woodville,4,2
Lewistown,1,6
Lewistown,2,432
Lewistown,3,2
Lewistown,4,20
Lewisville,1,1
Lewisville,2,629
Lewisville,3,314
Lewisville,4,17
Lexa,2,1
Lexington,1,208
Lexington,2,4275
Lexington,3,324
Lexington,4,139
Lexington Park,2,43
Lexington Park,4,13
Libby,2,65
Liberal,2,1
Liberty,1,39
Liberty,2,949
Liberty,3,90
Liberty,4,26
Liberty Center,2,8
Liberty Center,3,2
Liberty Hill,1,2
Liberty Hill,2,16
Liberty Hill,4,4
Liberty Lake,2,37
Liberty Lake,3,19
Liberty Lake,4,3
Liberty Township,2,3
Liberty Township,3,1
Liberty Twp,2,5
Libertytown,2,1
Libertytown,4,1
Libertyville,1,13
Libertyville,2,568
Libertyville,3,42
Libertyville,4,7
Licking,2,4
Lickingville,2,8
Lickingville,4,1
Lidgerwood,2,3
Lignum,2,6
Lignum,4,3
Ligonier,2,96
Ligonier,3,2
Ligonier,4,13
Likely,2,12
Lilburn,1,1
Lilburn,2,28
Lilburn,3,1
Lilesville,2,10
Lilesville,4,1
Lillie,2,2
Lillington,2,53
Lillington,3,1
Lillington,4,31
Lilliwaup,2,22
Lilliwaup,3,1
Lilly,2,38
Lilly,4,1
Lima,1,1
Lima,2,92
Lima,3,36
Lima,4,2
Limestone,1,1
Limestone,2,20
Limestone,4,1
Limon,2,34
Limon,3,3
Limon,4,14
Lincoln,1,7
Lincoln,2,740
Lincoln,3,97
Lincoln,4,18
Lincoln City,2,107
Lincoln City,4,1
Lincoln Park,1,1
Lincoln Park,2,121
Lincoln Park,3,56
Lincoln Park,4,7
Lincoln University,2,27
Lincolnshire,1,2
Lincolnshire,2,104
Lincolnshire,3,4
Lincolnshire,4,2
Lincolnton,2,105
Lincolnton,3,2
Lincolnton,4,15
Lincolnwood,2,15
Lincolnwood,3,9
Lincroft,2,63
Lind,2,5
Lindale,2,3
Lindale,3,3
Lindale,4,1
Linden,1,11
Linden,2,1033
Linden,3,34
Linden,4,26
Lindenhurst,2,41
Lindenhurst,3,1
Lindenhurst,4,4
Lindenwold,2,1
Lindenwold,4,1
Lindenwood,2,1
Lindenwood,3,19
Lindley,2,1
Lindon,1,4
Lindon,2,173
Lindon,3,15
Lindon,4,1
Lindsay,1,4
Lindsay,2,326
Lindsay,4,1
Lindsey,2,6
Lindsey,3,2
Lindside,2,1
Lindstrom,2,32
Line Lexington,1,1
Line Lexington,2,11
Line Lexington,4,2
Lineboro,2,2
Lineboro,4,1
Linesville,2,5
Linesville,4,5
Lineville,2,2
Lineville,4,2
Linfield,2,5
Lingle,2,2
Lingle,4,2
Linkwood,2,4
Linkwood,3,1
Linn,2,3
Linn,4,1
Linthicum Heights,1,4
Linthicum Heights,2,454
Linthicum Heights,3,31
Linthicum Heights,4,29
Linton,2,15
Linton,4,2
Linville,2,27
Linville,3,1
Linville,4,7
Linwood,2,54
Linwood,3,13
Linwood,4,6
Lisbon,2,22
Lisbon,4,3
Lisbon Falls,2,2
Lisle,1,24
Lisle,2,299
Lisle,3,71
Lisle,4,3
Lismore,2,7
Litchfield,1,5
Litchfield,2,124
Litchfield,3,45
Litchfield,4,3
Litchfield Park,1,1
Litchfield Park,2,89
Litchfield Park,3,1
Litchfield Park,4,3
Lithia,1,11
Lithia,2,37
Lithia Springs,1,1
Lithia Springs,2,174
Lithia Springs,3,97
Lithia Springs,4,20
Lithonia,2,355
Lithonia,3,195
Lithonia,4,32
Lithopolis,2,2
Lititz,1,9
Lititz,2,513
Lititz,3,2
Lititz,4,21
Little Birch,2,2
Little Birch,4,2
Little Chute,2,7
Little Chute,3,1
Little Chute,4,1
Little Elm,1,1
Little Elm,2,1
Little Falls,1,3
Little Falls,2,478
Little Falls,3,34
Little Falls,4,4
Little Ferry,2,11
Little Ferry,4,2
Little Hocking,2,5
Little Hocking,4,1
Little Mountain,1,4
Little Mountain,2,201
Little Mountain,3,58
Little Mountain,4,14
Little Neck,2,410
Little Neck,3,105
Little Orleans,2,12
Little Orleans,3,2
Little Orleans,4,3
Little Plymouth,2,8
Little Plymouth,4,3
Little River,1,23
Little River,2,525
Little River,3,2
Little River,4,1
Little Rock,1,3
Little Rock,2,2230
Little Rock,3,26
Little Rock,4,53
Little Rock Air Force Base,2,1
Little Rock Air Force Base,4,1
Little Sioux,1,2
Little Sioux,2,4
Little Sioux,3,1
Little Valley,2,3
Littlefield,2,142
Littlefield,3,4
Littlefield,4,6
Littlefork,2,6
Littlerock,1,7
Littlerock,2,376
Littlerock,3,3
Littlerock,4,4
Littlestown,1,2
Littlestown,2,114
Littlestown,4,7
Littleton,1,24
Littleton,2,735
Littleton,3,46
Littleton,4,33
Live Oak,1,7
Live Oak,2,534
Live Oak,3,27
Live Oak,4,5
Livermore,1,37
Livermore,2,2027
Livermore,3,287
Livermore,4,10
Livermore Falls,2,1
Liverpool,1,1
Liverpool,2,265
Liverpool,3,6
Liverpool,4,24
Livingston,1,2
Livingston,2,1316
Livingston,3,35
Livingston,4,21
Livingston Manor,2,19
Livingston Manor,4,1
Livonia,1,2
Livonia,2,235
Livonia,3,77
Livonia,4,4
Lizton,2,4
Lizton,3,3
Llano,1,1
Llano,2,215
Llano,4,2
Loa,2,8
Lobelville,2,2
Lobelville,4,1
Loch Sheldrake,2,1
Loch Sheldrake,4,2
Lock Haven,1,1
Lock Haven,2,215
Lock Haven,3,1
Lock Haven,4,12
Lockbourne,1,5
Lockbourne,2,63
Lockbourne,3,3
Lockbourne,4,1
Locke,2,15
Locke,4,7
Lockeford,2,93
Lockeford,4,1
Lockesburg,2,15
Lockesburg,4,4
Lockhart,1,1
Lockhart,2,40
Lockhart,4,2
Lockney,2,1
Lockport,1,2
Lockport,2,106
Lockport,3,6
Lockport,4,16
Lockridge,2,1
Lockwood,1,1
Lockwood,2,26
Locust Fork,1,1
Locust Fork,2,29
Locust Fork,3,1
Locust Fork,4,2
Locust Gap,2,4
Locust Gap,4,2
Locust Grove,1,1
Locust Grove,2,234
Locust Grove,3,43
Locust Grove,4,25
Locust Hill,2,4
Locust Hill,4,2
Locust Valley,2,1
Lodge,1,3
Lodge,2,26
Lodge Grass,2,143
Lodge Grass,4,2
Lodgepole,2,1
Lodi,1,12
Lodi,2,1270
Lodi,3,32
Lodi,4,4
Log Lane Village,2,2
Log Lane Village,3,2
Log Lane Village,4,2
Logan,2,97
Logan,3,3
Logan,4,1
Logandale,2,22
Logandale,3,1
Logansport,1,1
Logansport,2,11
Logansport,4,2
Loganton,2,216
Loganton,3,36
Loganton,4,10
Loganville,2,79
Loganville,3,1
Loganville,4,13
Loleta,1,2
Loleta,2,99
Loleta,4,1
Lolita,2,1
Lolita,4,2
Lolo,2,116
Loma,2,24
Loma,3,2
Loma,4,5
Loma Linda,1,1
Loma Linda,2,169
Loma Linda,3,12
Loma Mar,2,11
Loman,2,5
Lombard,1,58
Lombard,2,470
Lombard,3,42
Lomira,2,27
Lomira,3,3
Lomita,2,3
Lompoc,1,7
Lompoc,2,451
Lompoc,4,5
Lonaconing,2,11
Lonaconing,4,4
London,1,2
London,2,101
London,3,26
London,4,15
Londonderry,1,1
Londonderry,2,27
Londonderry,3,26
Lone Grove,2,1
Lone Jack,2,2
Lone Pine,2,150
Lone Tree,1,2
Lone Tree,2,106
Lone Tree,3,31
Lone Tree,4,3
Lonepine,2,6
Long Barn,2,66
Long Beach,1,24
Long Beach,2,4981
Long Beach,3,940
Long Beach,4,33
Long Branch,2,11
Long Branch,4,2
Long Creek,2,74
Long Grove,2,152
Long Grove,3,1
Long Grove,4,3
Long Island,2,1
Long Island,4,1
Long Island City,1,1
Long Island City,2,360
Long Island City,3,35
Long Island City,4,4
Long Key,2,3
Long Lake,2,25
Long Pond,2,36
Long Pond,3,2
Long Pond,4,1
Long Prairie,1,1
Long Prairie,2,101
Long Valley,2,2
Longboat Key,2,7
Longcreek,2,4
Longmeadow,2,3
Longmont,1,1
Longmont,2,173
Longmont,3,29
Longmont,4,29
Longs,1,15
Longs,2,397
Longs,4,3
Longview,1,5
Longview,2,88
Longview,3,5
Longview,4,5
Longville,2,22
Longwood,1,4
Longwood,2,577
Longwood,3,60
Longwood,4,12
Lonoke,2,136
Lonoke,3,2
Lonoke,4,16
Lonsdale,2,35
Lonsdale,4,2
Loogootee,1,1
Loogootee,2,13
Loogootee,4,8
Lookout,2,43
Lookout Mountain,2,7
Loomis,1,1
Loomis,2,193
Loomis,3,9
Loomis,4,2
Loon Lake,1,2
Loon Lake,2,6
Lopez,2,5
Lorain,1,1
Lorain,2,14
Loraine,3,1
Loraine,4,1
Lordsburg,2,29
Lordsburg,3,11
Lordsburg,4,1
Lore City,2,4
Lore City,3,5
Lorena,3,1
Lorena,4,1
Loretto,1,3
Loretto,2,70
Loretto,3,1
Loretto,4,9
Lorida,2,35
Lorida,4,2
Loris,1,25
Loris,2,497
Loris,3,1
Loris,4,2
Lorton,1,3
Lorton,2,1580
Lorton,3,162
Lorton,4,16
Los Alamitos,1,2
Los Alamitos,2,465
Los Alamitos,3,45
Los Alamitos,4,5
Los Alamos,1,2
Los Alamos,2,59
Los Altos,1,7
Los Altos,2,258
Los Altos,3,38
Los Altos,4,1
Los Altos Hills,2,22
Los Angeles,1,239
Los Angeles,2,43106
Los Angeles,3,5235
Los Angeles,4,133
Los Banos,1,5
Los Banos,2,659
Los Banos,3,3
Los Banos,4,3
Los Fresnos,2,1
Los Gatos,1,14
Los Gatos,2,1602
Los Gatos,3,9
Los Gatos,4,13
Los Lunas,2,1
Los Molinos,2,106
Los Olivos,1,1
Los Olivos,2,56
Los Osos,1,2
Los Osos,2,162
Losantville,2,11
Losantville,4,6
Lost Creek,2,22
Lost Creek,4,1
Lost Hills,1,2
Lost Hills,2,562
Lost Hills,3,18
Lost Hills,4,9
Lost Nation,2,1
Lostant,2,1
Lostant,3,14
Lostine,2,13
Lothian,1,2
Lothian,2,22
Lothian,4,4
Lottie,2,5
Lottie,4,2
Lottsburg,2,12
Lottsburg,4,7
Lotus,2,44
Louann,2,1
Louann,4,1
Loudon,2,52
Loudon,3,6
Loudon,4,4
Loudonville,2,4
Louisa,2,229
Louisa,3,20
Louisa,4,34
Louisburg,2,71
Louisburg,4,22
Louise,2,2
Louisiana,2,1
Louisville,1,30
Louisville,2,1402
Louisville,3,1398
Louisville,4,86
Louisville Central,2,1
Louisville Central,3,1
Loup City,2,2
Loup City,4,1
Louviers,2,1
Loveland,1,2
Loveland,2,227
Loveland,3,89
Loveland,4,20
Lovelock,2,40
Lovelock,3,1
Lovelock,4,2
Loves Park,1,1
Loves Park,2,4
Loves Park,3,1
Lovettsville,2,67
Lovettsville,4,22
Loveville,2,2
Loving,2,5
Loving,4,5
Lovingston,2,40
Lovingston,4,8
Lovington,2,4
Lovington,3,1
Low Moor,2,1
Lowell,1,20
Lowell,2,515
Lowell,3,118
Lowell,4,17
Lowellville,1,1
Lowellville,2,1
Lower Keys,2,8
Lower Keys,4,1
Lower Lake,1,2
Lower Lake,2,217
Lower Lake,3,1
Lower Lake,4,1
Lower Merion,2,2
Lowgap,2,18
Lowgap,4,2
Lowman,4,1
Lowndesboro,2,39
Lowndesboro,4,1
Lowry,2,18
Lowry City,4,1
Lowville,2,11
Lowville,4,4
Loxahatchee,1,5
Loxahatchee,2,44
Loxley,1,1
Loxley,2,121
Loxley,3,19
Loxley,4,8
Loyalhanna,2,3
Loyalhanna,4,1
Loyalton,2,17
Loyalton,4,1
Loysburg,2,1
Loysville,2,16
Loysville,4,2
Lubbock,2,27
Lubbock,3,1
Lubbock,4,3
Lucama,2,14
Lucama,4,5
Lucan,2,4
Lucas,2,5
Lucas,4,3
Lucasville,2,7
Lucasville,3,2
Lucedale,2,8
Lucedale,4,3
Lucerne,2,130
Lucerne Valley,2,2
Lucinda,2,29
Lucinda,4,2
Ludington,2,1
Ludlow,1,2
Ludlow,2,9
Ludlow,3,4
Ludlow,4,2
Ludowici,2,6
Ludowici,4,3
Lufkin,2,9
Lufkin,3,2
Lugoff,1,18
Lugoff,2,586
Lugoff,3,58
Lugoff,4,12
Luke,2,6
Luke,4,2
Luke Air Force Base,2,2
Lula,2,20
Lula,4,3
Luling,2,13
Luling,3,6
Luling,4,1
Lulu,2,2
Lumber Bridge,2,2
Lumber City,2,7
Lumber City,3,1
Lumber City,4,4
Lumberton,2,254
Lumberton,3,44
Lumberton,4,37
Lumpkin,2,8
Lumpkin,4,8
Luna Pier,2,11
Luna Pier,3,4
Lund,2,10
Lunenburg,2,15
Lunenburg,3,1
Lunenburg,4,1
Luning,1,1
Luning,2,7
Lupton City,2,1
Luray,2,148
Luray,3,2
Luray,4,74
Lurgan,2,8
Lurgan,3,3
Lusby,2,7
Lusby,4,2
Lusk,2,2
Lusk,4,3
Luther,2,18
Luthersburg,2,29
Luthersville,2,3
Luthersville,3,1
Luthersville,4,2
Lutherville Timonium,2,537
Lutherville Timonium,3,84
Lutherville Timonium,4,39
Lutsen,2,2
Luttrell,2,1
Luttrell,4,2
Lutts,2,3
Lutz,1,56
Lutz,2,1253
Lutz,3,25
Lutz,4,5
Luverne,1,2
Luverne,2,113
Luverne,3,1
Luverne,4,2
Luxemburg,2,2
Luxora,2,28
Luxora,3,1
Luxora,4,5
Luzerne,2,2
Lykens,2,5
Lyle,2,20
Lyle,3,1
Lyle,4,1
Lyles,2,5
Lyles,4,2
Lyman,1,20
Lyman,2,190
Lyman,4,4
Lynbrook,2,57
Lynbrook,4,2
Lynch Station,2,7
Lynch Station,4,3
Lynchburg,1,8
Lynchburg,2,487
Lynchburg,3,23
Lynchburg,4,57
Lynd,1,2
Lynd,2,25
Lynden,2,27
Lynden,4,1
Lyndhurst,2,87
Lyndhurst,3,3
Lyndhurst,4,8
Lyndon,2,1
Lyndon,3,8
Lyndon,4,1
Lyndon Station,2,9
Lyndon Station,3,2
Lynn,1,5
Lynn,2,53
Lynn,4,3
Lynn Center,3,15
Lynn Haven,2,38
Lynndyl,2,2
Lynnfield,1,3
Lynnfield,2,73
Lynnfield,3,8
Lynnville,2,11
Lynnville,3,1
Lynnwood,1,6
Lynnwood,2,405
Lynnwood,3,138
Lynnwood,4,5
Lynwood,1,3
Lynwood,2,998
Lynwood,3,268
Lynwood,4,3
Lyons,2,75
Lyons,4,8
Lyons Falls,2,7
Lyons Falls,4,1
Lytle,3,3
Lytle Creek,2,27
Lytton,2,4
Lytton,4,2
Mabank,2,4
Mabel,2,23
Mabelvale,2,14
Mableton,2,57
Mableton,3,10
Mableton,4,1
Macclenny,1,2
Macclenny,2,242
Macclenny,3,18
Macclesfield,2,4
Macclesfield,4,2
Macdoel,2,83
Macdoel,4,1
Macedon,2,3
Macedonia,2,36
Macedonia,3,21
Macedonia,4,1
Maceo,2,2
Machesney Park,2,6
Machesney Park,3,6
Machesney Park,4,1
Machias,2,2
Machipongo,2,4
Mack,2,14
Mack,3,6
Mack,4,2
Mackay,2,1
Mackay,4,1
Mackinaw,1,1
Mackinaw,2,16
Mackinaw City,2,3
Mackinaw City,4,1
Macksburg,2,3
Macomb,1,3
Macomb,2,8
Macomb,4,1
Macon,1,2
Macon,2,516
Macon,3,212
Macon,4,63
Macungie,2,1
Mad River,2,33
Madbury,2,2
Madeira Beach,2,23
Madelia,2,57
Madeline,2,18
Madeline Plains,2,14
Madera,1,22
Madera,2,2177
Madera,3,3
Madera,4,12
Madison,1,55
Madison,2,3828
Madison,3,510
Madison,4,62
Madison Heights,1,1
Madison Heights,2,389
Madison Heights,3,108
Madison Heights,4,24
Madison Lake,2,24
Madisonburg,2,24
Madisonburg,4,9
Madisonville,2,20
Madisonville,3,23
Madras,1,1
Madras,2,422
Madras,3,1
Madras,4,12
Madrid,2,8
Madrid,4,6
Magalia,1,1
Magalia,2,219
Magazine,2,4
Magazine,4,1
Magdalena,2,8
Magdalena,3,5
Magdalena,4,1
Magee,2,1
Maggie Valley,2,16
Maggie Valley,4,3
Magna,1,1
Magna,2,270
Magna,3,8
Magna,4,1
Magnolia,1,3
Magnolia,2,105
Magnolia,3,5
Magnolia,4,14
Magnolia Springs,2,1
Mahaffey,2,66
Mahaffey,3,1
Mahaffey,4,5
Mahanoy City,2,14
Mahanoy City,3,1
Mahnomen,2,23
Mahomet,2,1
Mahomet,3,32
Mahopac,2,80
Mahwah,2,135
Mahwah,3,14
Mahwah,4,7
Maiden,2,32
Maiden,4,10
Maiden Rock,2,1
Maidens,2,85
Maidens,3,1
Maidens,4,10
Maidsville,2,1
Maine,2,6
Maine,4,1
Mainesburg,2,25
Mainesburg,4,2
Maineville,1,1
Maineville,2,45
Maineville,3,1
Maitland,1,5
Maitland,2,252
Maitland,3,25
Maitland,4,8
Maize,2,2
Maize,4,2
Malabar,1,1
Malabar,2,93
Malabar,3,6
Malad City,2,26
Malaga,2,16
Malaga,4,3
Malakoff,2,2
Malakoff,4,2
Malcolm,2,1
Malcom,2,48
Malcom,3,6
Malcom,4,2
Malden,1,2
Malden,2,14
Malden Bridge,2,42
Malibu,1,6
Malibu,2,646
Malibu,4,11
Malin,2,18
Malinta,1,1
Malone,2,25
Malone,4,3
Malta,1,2
Malta,2,58
Malta,3,1
Malta,4,4
Malvern,1,14
Malvern,2,743
Malvern,3,31
Malvern,4,30
Malverne,2,130
Malverne,3,2
Mamaroneck,2,221
Mamaroneck,3,30
Mamaroneck,4,1
Mammoth,2,2
Mammoth Lakes,1,2
Mammoth Lakes,2,163
Mammoth Spring,2,8
Mammoth Spring,4,4
Mamou,1,1
Man,2,1
Manahawkin,1,1
Manahawkin,2,91
Manahawkin,4,3
Manakin Sabot,2,123
Manakin Sabot,3,3
Manakin Sabot,4,10
Manalapan,2,23
Manasquan,2,17
Manasquan,4,1
Manassas,1,21
Manassas,2,1996
Manassas,3,136
Manassas,4,36
Manassas Park,2,11
Manawa,2,1
Manawa,4,1
Mancelona,2,5
Manchaca,1,2
Manchaca,2,71
Manchaca,3,1
Manchester,1,7
Manchester,2,513
Manchester,3,137
Manchester,4,34
Manchester Township,2,22
Manchester Township,4,4
Manchester Twp,2,7
Manchester Twp,3,1
Mancos,1,1
Mancos,2,19
Mancos,3,1
Mancos,4,2
Mandan,2,103
Mandaree,2,15
Mandeville,2,52
Mandeville,3,27
Mandeville,4,6
Manhasset,2,338
Manhasset,3,17
Manhasset,4,2
Manhattan,1,1
Manhattan,2,239
Manhattan,3,5
Manhattan,4,10
Manhattan Beach,2,59
Manheim,1,20
Manheim,2,500
Manheim,3,36
Manheim,4,33
Manila,1,1
Manila,2,15
Manila,4,1
Manilla,2,2
Manilla,4,1
Manistee,2,2
Manistee,4,3
Manistique,2,3
Manitou Beach,2,4
Manitou Beach,3,1
Manitou Beach,4,2
Manitou Springs,2,4
Manitowoc,2,10
Manitowoc,4,3
Mankato,1,15
Mankato,2,626
Mankato,4,5
Manlius,2,16
Manlius,4,11
Manly,2,8
Manly,3,1
Manning,1,10
Manning,2,398
Manning,3,20
Manning,4,12
Mannington,2,3
Manns Choice,2,94
Manns Choice,3,1
Manns Choice,4,3
Manns Harbor,4,1
Mannsville,2,3
Manor,1,65
Manor,2,1264
Manor,3,1
Manor,4,9
Manorville,1,1
Manorville,2,57
Manorville,3,4
Manorville,4,3
Manquin,2,10
Mansfield,1,1
Mansfield,2,347
Mansfield,3,48
Mansfield,4,12
Mansfield Center,2,17
Mansfield Center,4,5
Manson,2,19
Manson,3,2
Manson,4,1
Mantachie,2,2
Mantachie,3,2
Mantachie,4,2
Manteca,1,7
Manteca,2,1007
Manteca,3,4
Manteca,4,1
Manteno,2,4
Manteno,3,25
Manti,2,25
Mantoloking,2,2
Mantoloking,4,1
Manton,2,14
Mantorville,1,1
Mantorville,2,7
Mantua,2,84
Mantua,3,52
Mantua,4,1
Manvel,2,51
Manvel,3,2
Manvel,4,2
Many Farms,2,11
Manzanita,2,2
Manzanola,2,19
Manzanola,4,6
Maple Falls,2,5
Maple Falls,4,1
Maple Grove,1,1
Maple Grove,2,534
Maple Grove,3,49
Maple Grove,4,4
Maple Heights,1,8
Maple Heights,2,39
Maple Heights,3,9
Maple Hill,2,15
Maple Hill,4,3
Maple Lake,2,28
Maple Park,2,19
Maple Park,3,5
Maple Park,4,1
Maple Plain,2,9
Maple Plain,3,1
Maple Shade,2,153
Maple Shade,4,2
Maple Valley,2,41
Maple Valley,3,3
Maple Valley,4,3
Maplesville,1,2
Maplesville,2,73
Maplesville,4,2
Mapleton,1,1
Mapleton,2,192
Mapleton,4,3
Mapleton Depot,2,49
Mapleton Depot,3,1
Mapleton Depot,4,5
Maplewood,2,6
Maquoketa,2,5
Maquoketa,3,1
Maquoketa,4,1
Marana,1,5
Marana,2,330
Marana,3,20
Marana,4,7
Marathon,1,2
Marathon,2,140
Marathon,3,9
Marathon,4,3
Marble,2,11
Marble,4,4
Marble Canyon,2,11
Marble Canyon,4,1
Marble Falls,1,2
Marble Falls,2,23
Marblehead,1,1
Marblehill,2,3
Marblehill,4,1
Marblemount,2,2
Marbury,2,33
Marbury,3,7
Marbury,4,1
Marcell,2,10
Marcellus,2,13
Marcellus,4,8
March Air Reserve Base,1,5
March Air Reserve Base,2,337
March Air Reserve Base,3,40
March Air Reserve Base,4,1
Marco Island,1,2
Marco Island,2,5
Marcus,2,1
Marcus Hook,2,245
Marcus Hook,3,50
Marcus Hook,4,7
Marcy,1,1
Marcy,2,117
Marcy,4,3
Mardela Springs,1,1
Mardela Springs,2,5
Marengo,2,108
Marengo,3,36
Marengo,4,6
Marfa,2,1
Margarettsville,2,3
Margaretville,2,2
Margate,2,3
Marianna,2,394
Marianna,3,8
Marianna,4,6
Maribel,2,2
Maricopa,1,4
Maricopa,2,528
Maricopa,3,38
Maricopa,4,17
Marienville,2,9
Marienville,4,3
Marietta,1,25
Marietta,2,1067
Marietta,3,394
Marietta,4,42
Marina,1,10
Marina,2,135
Marina,4,1
Marina del Rey,1,3
Marina del Rey,2,265
Marine,2,7
Marine,3,13
Marine,4,2
Marine On Saint Croix,2,12
Maringouin,2,14
Maringouin,3,15
Maringouin,4,3
Marion,1,11
Marion,2,1087
Marion,3,98
Marion,4,85
Marion Center,2,4
Marion Junction,2,11
Marion Station,2,10
Marion Station,4,8
Mariposa,1,3
Mariposa,2,346
Marked Tree,2,15
Marked Tree,4,3
Markesan,2,2
Markham,2,101
Markham,3,96
Markham,4,5
Markle,2,2
Markle,3,1
Markleeville,2,152
Markleton,2,10
Markleville,1,1
Markleville,2,7
Markleville,4,5
Markleysburg,2,7
Markleysburg,4,5
Marks,2,2
Marlboro,2,65
Marlboro,3,1
Marlboro,4,10
Marlborough,2,83
Marlborough,3,20
Marlborough,4,5
Marlette,2,2
Marlette,4,2
Marlin,2,1
Marlin,4,10
Marlow,2,1
Marlton,1,2
Marlton,2,215
Marlton,3,2
Marlton,4,4
Marmaduke,2,2
Marmaduke,4,2
Marmarth,2,2
Marmora,1,1
Marmora,2,55
Marmora,4,1
Marne,1,1
Marne,2,73
Marne,3,8
Marne,4,9
Marquette,2,1
Marquette,4,1
Marquette Heights,2,2
Marrero,2,48
Marrero,4,2
Marriottsville,2,122
Marriottsville,3,9
Marriottsville,4,14
Mars,2,22
Mars,3,9
Mars,4,2
Mars Hill,2,37
Mars Hill,3,6
Mars Hill,4,5
Marseilles,2,11
Marseilles,3,18
Marshall,1,1
Marshall,2,525
Marshall,3,66
Marshall,4,51
Marshalltown,2,21
Marshalltown,4,7
Marshallville,2,4
Marshfield,2,41
Marshfield,3,4
Marshville,1,1
Marshville,2,19
Marshville,4,4
Marsing,2,1
Marsing,4,1
Marston,2,3
Marston,3,1
Marston,4,1
Mart,2,1
Martelle,2,1
Martelle,4,1
Marthasville,2,4
Marthasville,4,2
Martin,1,1
Martin,2,70
Martin,3,1
Martin,4,4
Martin City,2,6
Martinez,1,14
Martinez,2,1054
Martinez,3,84
Martinez,4,4
Martins Ferry,2,4
Martinsburg,1,1
Martinsburg,2,438
Martinsburg,3,1
Martinsburg,4,12
Martinsdale,2,7
Martinsville,2,118
Martinsville,3,9
Martinsville,4,62
Martville,2,13
Martville,4,4
Marvell,2,1
Mary Esther,1,3
Mary Esther,2,141
Mary Esther,4,2
Marydel,2,11
Marydel,4,3
Maryland Heights,1,1
Maryland Heights,2,70
Maryland Heights,3,83
Maryland Heights,4,4
Marysvale,2,14
Marysville,1,11
Marysville,2,1340
Marysville,3,124
Marysville,4,29
Maryville,1,2
Maryville,2,18
Maryville,4,8
Mascot,2,1
Mascotte,1,1
Mascotte,2,2
Mascoutah,1,1
Mascoutah,2,9
Mascoutah,3,31
Mascoutah,4,2
Mashantucket,1,1
Mashpee,1,2
Mashpee,2,9
Mason,1,2
Mason,2,155
Mason,3,32
Mason,4,10
Mason City,2,24
Mason City,4,9
Masontown,2,4
Masontown,4,1
Masonville,2,1
Masonville,4,1
Maspeth,2,652
Maspeth,3,98
Maspeth,4,4
Massapequa,1,4
Massapequa,2,286
Massapequa,3,3
Massapequa,4,2
Massapequa Park,2,31
Massena,2,3
Massey,2,4
Massillon,1,1
Massillon,2,21
Mastic,1,2
Mastic,2,9
Mastic Beach,1,2
Mastic Beach,2,4
Mastic Beach,3,1
Masury,2,2
Masury,3,1
Matamoras,2,30
Matamoras,3,1
Matawan,1,1
Matawan,2,147
Matawan,3,3
Matawan,4,10
Mather,2,50
Matheson,2,1
Mathews,2,55
Mathews,3,1
Mathews,4,7
Mathis,2,4
Mathis,3,1
Mathis,4,1
Matlacha,2,4
Mattamiscontis Twp,2,1
Mattapan,1,15
Mattapan,2,153
Mattapoisett,2,2
Mattapoisett,3,2
Mattapoisett,4,1
Mattaponi,2,15
Mattawa,2,1
Mattawa,4,4
Mattawan,2,34
Mattawan,3,14
Mattawan,4,6
Matteson,1,2
Matteson,2,30
Matteson,3,108
Matteson,4,2
Matthews,1,16
Matthews,2,366
Matthews,3,20
Matthews,4,11
Mattituck,2,11
Mattituck,3,1
Mattoon,3,29
Maugansville,2,5
Maugansville,4,1
Mauk,2,1
Mauk,4,1
Mauldin,1,5
Mauldin,2,153
Mauldin,3,16
Mauldin,4,2
Maumee,2,78
Maumee,3,28
Maumee,4,2
Maumelle,2,95
Maumelle,3,2
Maumelle,4,1
Maupin,2,351
Maupin,3,1
Maupin,4,25
Maurertown,2,62
Maurertown,3,3
Maurertown,4,5
Maurice,2,1
Maurice,4,1
Mauston,2,12
Mauston,3,7
Mauston,4,2
Max,2,12
Max Meadows,2,217
Max Meadows,3,21
Max Meadows,4,15
Maxbass,2,1
Maxton,2,65
Maxton,3,4
Maxton,4,22
Maxwell,1,1
Maxwell,2,97
Maxwell,3,2
Maxwell,4,3
Maxwelton,2,1
Maybell,2,4
Maybell,4,2
Mayer,1,3
Mayer,2,331
Mayer,3,51
Mayer,4,8
Mayesville,1,2
Mayesville,2,56
Mayfield,2,3
Mayfield,4,1
Mayflower,2,64
Mayflower,4,2
Maynard,1,1
Maynard,2,44
Maynardville,2,4
Maynardville,4,1
Mayo,2,24
Mayodan,2,3
Mayodan,4,1
Mayport,2,16
Mays,2,3
Mays,4,1
Mays Landing,1,3
Mays Landing,2,131
Mays Landing,4,18
Maysville,2,65
Maysville,3,3
Maysville,4,1
Maytown,1,1
Maytown,2,5
Mayview,2,4
Mayville,2,2
Maywood,2,86
Maywood,3,192
Maywood,4,2
Mazeppa,2,9
Mazomanie,2,3
Mazomanie,4,2
Mazon,2,1
Mc Alisterville,2,47
Mc Alisterville,4,6
Mc Allister,2,8
Mc Alpin,2,10
Mc Arthur,2,3
Mc Arthur,3,1
Mc Bee,2,52
Mc Calla,2,109
Mc Calla,3,40
Mc Calla,4,2
Mc Clave,2,2
Mc Clellandtown,2,10
Mc Clellandtown,4,3
Mc Clellanville,1,2
Mc Clellanville,2,2
Mc Clure,2,49
Mc Clure,3,1
Mc Clure,4,5
Mc Coll,1,3
Mc Coll,2,68
Mc Coll,4,1
Mc Connells,1,3
Mc Connells,2,29
Mc Connellsburg,2,89
Mc Connellsburg,4,4
Mc Cormick,1,1
Mc Cormick,2,60
Mc Coy,2,1
Mc Coy,4,1
Mc Crory,2,2
Mc Crory,4,1
Mc David,1,3
Mc David,2,54
Mc Donald,2,122
Mc Donald,3,36
Mc Donald,4,5
Mc Dowell,2,2
Mc Dowell,4,1
Mc Ewen,2,18
Mc Ewen,3,4
Mc Ewen,4,5
Mc Farland,1,1
Mc Farland,2,268
Mc Farland,3,1
Mc Farland,4,1
Mc Gaheysville,2,12
Mc Gaheysville,4,5
Mc Gehee,2,4
Mc Gehee,4,1
Mc Grady,2,4
Mc Grady,4,1
Mc Grath,2,16
Mc Graw,2,16
Mc Graw,3,1
Mc Graw,4,2
Mc Gregor,2,15
Mc Intyre,2,1
Mc Intyre,4,1
Mc Kean,2,3
Mc Kean,3,3
Mc Kee,2,1
Mc Kees Rocks,1,1
Mc Kees Rocks,2,39
Mc Kees Rocks,4,8
Mc Kenney,2,73
Mc Kenney,3,4
Mc Kenney,4,11
Mc Kenzie,2,4
Mc Kenzie,3,15
Mc Kinnon,2,7
Mc Kinnon,4,1
Mc Kittrick,1,1
Mc Kittrick,2,42
Mc Kittrick,4,1
Mc Lain,2,4
Mc Lain,4,2
Mc Lean,1,2
Mc Lean,2,1062
Mc Lean,3,144
Mc Lean,4,14
Mc Leansboro,2,2
Mc Leansboro,4,2
Mc Leansville,2,48
Mc Leansville,3,7
Mc Leansville,4,1
Mc Leod,2,1
Mc Rae,2,8
Mc Rae,4,1
Mc Rae Helena,2,1
Mc Sherrystown,2,15
Mc Veytown,2,70
Mc Veytown,4,3
McAdoo,2,37
McAdoo,3,7
McAdoo,4,2
McAlester,2,3
McAlisterville,2,14
McAlisterville,4,1
McAllen,2,15
McAllen,3,1
McAlpin,1,1
McAlpin,2,10
McArthur,2,208
McArthur,4,1
McBee,1,3
McBee,2,12
Mccall,2,6
Mccall,4,1
McCalla,1,2
McCalla,2,52
McCalla,3,18
Mccammon,2,7
McClave,2,2
McClave,4,2
McCleary,2,17
McClellan,2,84
McClellanville,2,1
McCloud,2,107
McCloud,4,3
McClure,1,1
McClure,2,9
McClure,4,1
Mcclusky,2,5
McColl,1,2
McColl,2,27
McComb,2,22
McComb,3,1
McComb,4,5
McConnells,2,14
McConnellsburg,2,14
McConnellsburg,4,1
McCook,2,1
McCordsville,1,1
McCordsville,2,10
McCordsville,4,4
McCormick,1,1
McCormick,2,25
McCrory,4,2
McDavid,2,17
McDermitt,2,34
McDermott,2,1
McDonald,1,1
McDonald,2,51
McDonald,3,4
McDonald,4,2
McDonough,2,335
McDonough,3,119
McDonough,4,20
McDowell,2,6
McDowell,4,5
McEwensville,2,2
McFarland,1,1
McFarland,2,112
McFarland,3,1
McFarland,4,1
McGaheysville,2,14
McGaheysville,4,6
McGehee,2,4
McGill,2,2
McGrady,2,1
McGregor,2,16
McHenry,1,4
McHenry,2,86
McIntosh,2,14
McIntyre,2,2
McIntyre,4,3
McKean,2,17
McKees Rocks,1,2
McKees Rocks,2,16
McKees Rocks,4,5
McKeesport,1,5
McKeesport,2,47
McKeesport,4,9
McKenna,2,1
McKenney,2,34
McKenney,3,4
McKenney,4,3
McKenzie,2,9
McKenzie,3,1
McKenzie,4,2
Mckenzie Bridge,2,8
McKinleyville,1,3
McKinleyville,2,320
McKinney,1,1
McKinney,2,208
McKinney,3,2
McKinney,4,2
McKittrick,2,21
McLean,1,2
McLean,2,392
McLean,3,32
McLean,4,6
McLeansville,2,28
McLeansville,3,2
McLeansville,4,1
McLeod,2,2
McLoud,1,1
McLoud,2,5
McMinnville,2,266
McMinnville,4,14
McNeil,2,3
McPherson,2,1
McPherson,4,2
McRae,2,8
McRae,4,2
McRae-Helena,2,5
McRae-Helena,4,3
McSherrystown,2,2
McVeytown,2,17
McVeytown,4,2
McVille,2,1
Meacham,2,201
Meacham,3,1
Meacham,4,6
Mead,2,27
Mead,3,3
Mead,4,2
Meade,2,4
Meade,4,3
Meadow,2,18
Meadow,4,2
Meadow Creek,2,1
Meadow Valley,2,2
Meadow Vista,1,1
Meadow Vista,2,64
Meadows of Dan,2,9
Meadows of Dan,4,4
Meadows Place,2,3
Meadowview,2,49
Meadowview,3,11
Meadowview,4,4
Meadville,2,11
Meadville,3,1
Meadville,4,6
Meansville,2,1
Meansville,3,1
Meansville,4,2
Mebane,2,180
Mebane,3,28
Mebane,4,7
Mechanicsburg,1,5
Mechanicsburg,2,400
Mechanicsburg,3,33
Mechanicsburg,4,33
Mechanicsville,1,2
Mechanicsville,2,549
Mechanicsville,3,63
Mechanicsville,4,16
Mechanicville,1,1
Mechanicville,2,122
Mechanicville,3,8
Mechanicville,4,4
Medfield,1,1
Medfield,2,2
Medford,1,27
Medford,2,755
Medford,3,80
Medford,4,17
Media,2,201
Media,3,19
Media,4,9
Mediapolis,2,1
Medical Lake,2,15
Medical Lake,4,2
Medicine Lake,2,1
Medicine Lodge,2,1
Medicine Lodge,4,3
Medimont,4,1
Medina,1,2
Medina,2,155
Medina,3,11
Medina,4,2
Medinah,1,1
Medinah,2,12
Medley,2,111
Medon,2,2
Medon,4,1
Medora,2,11
Medway,1,2
Medway,2,23
Medway,3,16
Medway,4,2
Meeker,2,23
Meeker,4,9
Meherrin,2,11
Meherrin,4,8
Meigs,2,4
Meigs,4,1
Melba,2,1
Melba,4,1
Melbourne,1,12
Melbourne,2,1612
Melbourne,3,119
Melbourne,4,39
Melbourne Beach,2,50
Melbourne Beach,4,1
Melcroft,2,4
Melcroft,4,1
Melfa,2,21
Melfa,4,6
Melissa,2,21
Mellen,2,1
Mellenville,2,1
Melrose,1,5
Melrose,2,211
Melrose,3,1
Melrose,4,6
Melrose Park,2,179
Melrose Park,3,40
Melville,1,2
Melville,2,366
Melville,3,50
Melville,4,11
Melvindale,2,21
Melvindale,3,12
Memphis,1,53
Memphis,2,4098
Memphis,3,1122
Memphis,4,102
Mena,2,12
Mena,3,1
Mena,4,5
Menahga,2,43
Menands,2,3
Menard,2,1
Menard,4,2
Menasha,1,2
Menasha,2,24
Menasha,4,1
Mendenhall,2,7
Mendenhall,4,2
Mendham,2,1
Mendocino,1,1
Mendocino,2,62
Mendon,2,11
Mendota,1,4
Mendota,2,266
Mendota,3,40
Mendota,4,5
Menifee,1,2
Menifee,2,610
Menifee,3,46
Menifee,4,2
Menlo,2,20
Menlo,3,2
Menlo,4,5
Menlo Park,1,14
Menlo Park,2,536
Menlo Park,3,4
Menoken,2,11
Menominee,2,1
Menominee,4,2
Menomonee Falls,2,22
Menomonee Falls,3,5
Menomonie,2,37
Menomonie,3,9
Menomonie,4,1
Mentone,1,4
Mentone,2,195
Mentone,4,6
Mentor,1,1
Mentor,2,57
Mentor,3,10
Mequon,2,50
Mequon,3,17
Mequon,4,8
Meraux,2,1
Merced,1,10
Merced,2,1359
Merced,4,5
Mercedes,2,2
Mercer,2,88
Mercer,3,5
Mercer,4,27
Mercer Island,2,99
Mercer Island,3,50
Mercer Island,4,6
Mercersburg,2,16
Mercersburg,4,1
Merchantville,2,174
Merchantville,3,4
Merchantville,4,3
Meredith,1,1
Meredith,2,16
Meredosia,3,2
Meridale,2,3
Meridale,4,1
Meriden,1,13
Meriden,2,1063
Meriden,3,88
Meriden,4,26
Meridian,1,1
Meridian,2,1685
Meridian,3,12
Meridian,4,19
Meridianville,1,1
Meridianville,2,70
Merino,2,17
Merino,4,4
Merion Station,1,3
Merion Station,2,100
Merkel,2,1
Merkel,3,2
Merna,2,2
Merrick,1,1
Merrick,2,539
Merrick,3,6
Merrick,4,2
Merrill,2,48
Merrill,3,3
Merrill,4,2
Merrillville,2,208
Merrillville,3,65
Merrillville,4,2
Merrimac,2,23
Merrimac,3,6
Merrimac,4,1
Merrimack,2,38
Merrimack,3,2
Merritt,2,1
Merritt,4,1
Merritt Island,1,3
Merritt Island,2,675
Merritt Island,3,1
Merritt Island,4,4
Merry Hill,2,6
Mershon,2,1
Mertztown,2,7
Mertztown,4,1
Mesa,1,18
Mesa,2,1726
Mesa,3,26
Mesa,4,22
Mescalero,2,2
Meshoppen,2,10
Meshoppen,4,5
Mesick,2,1
Mesick,4,1
Mesquite,1,5
Mesquite,2,1898
Mesquite,3,875
Mesquite,4,29
Meta,2,1
Metairie,2,307
Metairie,3,218
Metairie,4,1
Metamora,2,2
Methuen,1,2
Methuen,2,149
Methuen,3,40
Metropolis,2,1
Metropolis,3,31
Metropolis,4,1
Metter,2,22
Metter,3,1
Metter,4,2
Metuchen,2,150
Metuchen,3,4
Metuchen,4,2
Metz,2,1
Metz,4,1
Mexican Hat,2,30
Mexico,2,29
Mexico,4,14
Mexico Beach,2,2
Meyersdale,2,93
Meyersdale,3,1
Meyersdale,4,6
Mi Wuk Village,2,74
Miami,1,104
Miami,2,88833
Miami,3,2487
Miami,4,227
Miami Beach,1,4
Miami Beach,2,1044
Miami Beach,3,46
Miami Beach,4,9
Miami Gardens,1,4
Miami Gardens,2,1513
Miami Gardens,3,1
Miami Gardens,4,1
Miami Lakes,1,1
Miami Lakes,2,640
Miami Shores,2,152
Miami Springs,2,77
Miamisburg,1,31
Miamisburg,2,390
Miamisburg,3,33
Miamisburg,4,2
Micanopy,1,1
Micanopy,2,292
Micanopy,3,29
Micanopy,4,4
Michigan,2,2
Michigan City,2,122
Michigan City,3,18
Michigan City,4,23
Mickleton,2,30
Mickleton,3,1
Middle Granville,2,8
Middle Grove,2,20
Middle Grove,4,4
Middle Island,1,2
Middle Island,2,22
Middle Island,4,1
Middle Keys,2,7
Middle Point,2,1
Middle River,2,72
Middle River,4,8
Middle Village,2,14
Middle Village,4,2
Middleboro,2,17
Middleboro,3,6
Middlebrook,2,1
Middlebrook,4,2
Middleburg,1,5
Middleburg,2,414
Middleburg,3,8
Middleburg,4,21
Middleburgh,2,3
Middleburgh,4,2
Middlebury,2,174
Middlebury,3,19
Middlebury,4,7
Middlebury Center,2,29
Middlebury Center,4,2
Middlefield,1,1
Middlefield,2,16
Middleport,2,7
Middleport,4,1
Middlesex,2,39
Middlesex,4,8
Middleton,1,2
Middleton,2,37
Middleton,3,1
Middleton,4,4
Middletown,1,35
Middletown,2,1971
Middletown,3,141
Middletown,4,90
Middleville,2,5
Middleville,4,2
Midkiff,2,3
Midland,1,1
Midland,2,185
Midland,3,7
Midland,4,54
Midland City,1,1
Midland City,2,49
Midlothian,1,68
Midlothian,2,1334
Midlothian,3,9
Midlothian,4,16
Midpines,2,38
Midvale,1,7
Midvale,2,396
Midvale,3,75
Midvale,4,2
Midway,1,4
Midway,2,244
Midway,3,38
Midway,4,10
Midway City,1,1
Midway City,2,125
Midway Park,2,4
Mifflin,2,34
Mifflin,4,2
Mifflinburg,1,1
Mifflinburg,2,193
Mifflinburg,4,18
Mifflintown,1,1
Mifflintown,2,189
Mifflintown,4,6
Mifflinville,2,6
Milaca,2,112
Milan,1,1
Milan,2,116
Milan,3,87
Milan,4,13
Milano,2,2
Milanville,2,6
Milanville,4,5
Milbank,2,1
Mildred,2,8
Miles,2,2
Miles,4,1
Miles City,2,62
Miles City,4,3
Milesburg,2,4
Milford,1,5
Milford,2,1109
Milford,3,186
Milford,4,44
Milford Center,2,2
Mill City,2,19
Mill Creek,1,1
Mill Creek,2,117
Mill Creek,4,7
Mill Hall,2,235
Mill Hall,3,22
Mill Hall,4,18
Mill Run,2,6
Mill Spring,2,5
Mill Spring,4,2
Mill Valley,1,13
Mill Valley,2,583
Mill Valley,3,1
Mill Valley,4,6
Millboro,2,2
Millboro,4,2
Millbrae,1,3
Millbrae,2,240
Millbrae,3,7
Millbrae,4,2
Millbrook,1,2
Millbrook,2,164
Millbrook,3,13
Millbrook,4,1
Millburn,2,9
Millbury,1,1
Millbury,2,43
Millbury,3,14
Millbury,4,2
Milldale,2,3
Milldale,4,1
Milledgeville,2,33
Milledgeville,3,3
Milledgeville,4,7
Millen,2,8
Millen,3,1
Millen,4,1
Miller,4,1
Miller Place,1,1
Miller Place,2,11
Millers Creek,2,12
Millers Creek,4,6
Millersburg,1,1
Millersburg,2,18
Millersburg,4,2
Millersport,2,7
Millersport,3,2
Millerstown,2,60
Millerstown,4,9
Millersville,1,4
Millersville,2,327
Millersville,3,48
Millersville,4,13
Millerton,2,48
Millheim,1,1
Millheim,2,25
Millheim,4,2
Milliken,2,11
Milliken,4,4
Millington,1,1
Millington,2,70
Millington,3,1
Millington,4,11
Millis,2,2
Millmont,1,2
Millmont,2,34
Millmont,3,1
Millmont,4,1
Mills,2,7
Mills,4,2
Mills River,1,1
Mills River,2,50
Mills River,4,8
Millsap,2,10
Millsap,3,3
Millsap,4,1
Millsboro,2,29
Millsboro,4,9
Millstadt,2,3
Millstadt,4,2
Millstone Township,2,14
Millstone Twp,2,13
Millstone Twp,3,2
Millstone Twp,4,2
Milltown,2,73
Milltown,4,1
Millville,2,202
Millville,3,1
Millville,4,16
Millwood,2,14
Millwood,4,1
Milner,2,26
Milner,3,2
Milner,4,3
Milnor,2,4
Milpitas,1,7
Milpitas,2,699
Milpitas,3,100
Milpitas,4,3
Milroy,2,101
Milroy,4,6
Milton,1,31
Milton,2,2123
Milton,3,220
Milton,4,51
Milton Freewater,2,103
Milton Freewater,4,5
Miltona,2,3
Milton-Freewater,2,1
Milwaukee,1,17
Milwaukee,2,2258
Milwaukee,3,820
Milwaukee,4,37
Mims,1,1
Mims,2,241
Mims,3,15
Mims,4,10
Minden,1,3
Minden,2,135
Minden,3,15
Minden,4,8
Mindoro,2,1
Mindoro,4,1
Mine Hill,2,3
Mineola,1,2
Mineola,2,30
Mineola,4,3
Mineral,2,227
Mineral,3,3
Mineral,4,35
Mineral Bluff,2,2
Mineral Bluff,4,1
Mineral City,2,3
Mineral Point,2,27
Mineral Point,3,1
Mineral Point,4,1
Mineral Ridge,2,3
Mineral Ridge,4,1
Mineral Springs,2,1
Mineral Wells,2,23
Mineral Wells,4,1
Minerva,2,7
Minerva,4,1
Minetto,2,1
Minetto,4,1
Mingo,2,1
Mingus,2,3
Mingus,3,1
Minier,2,5
Minneapolis,1,80
Minneapolis,2,14349
Minneapolis,3,560
Minneapolis,4,31
Minneola,2,18
Minneola,4,2
Minneota,2,2
Minnesota City,2,32
Minnesota Lake,2,11
Minnetonka,1,1
Minnetonka,2,90
Minnetonka,3,2
Minnewaukan,2,1
Minonk,2,1
Minonk,3,8
Minooka,2,17
Minooka,3,55
Minooka,4,2
Minot,2,39
Minot AFB,2,1
Mint Hill,1,8
Mint Hill,2,75
Minter,1,1
Minter,2,10
Minter,4,2
Minto,2,2
Minturn,2,10
Minturn,4,1
Mio,2,1
Mio,4,1
Mira Loma,2,1568
Mira Loma,3,134
Mira Loma,4,4
Miramar,2,67
Miramar Beach,1,2
Miramar Beach,2,178
Miramar Beach,3,1
Miramar Beach,4,2
Miramonte,2,30
Miranda,2,1
Mirror Lake,2,1
Mishawaka,1,3
Mishawaka,2,12
Mishawaka,4,3
Mission,1,4
Mission,2,208
Mission,3,37
Mission,4,3
Mission Hills,2,747
Mission Hills,3,79
Mission Hills,4,8
Mission Viejo,1,2
Mission Viejo,2,1247
Mission Viejo,3,143
Mission Viejo,4,2
Missoula,2,696
Missoula,4,20
Missouri City,1,2
Missouri City,2,123
Missouri City,3,2
Missouri City,4,3
Missouri River,2,2
Missouri River,3,2
Missouri Valley,2,41
Missouri Valley,3,5
Missouri Valley,4,5
Mitchell,2,130
Mitchell,4,9
Mitchells,2,3
Mitchells,4,2
Mitchellville,2,27
Mitchellville,3,13
Mitchellville,4,2
Mi-Wuk Village,2,1
Mizpah,2,1
Moab,1,3
Moab,2,101
Moapa,2,11
Moapa,3,2
Moapa,4,2
Moberly,4,1
Mobile,1,17
Mobile,2,1217
Mobile,3,515
Mobile,4,22
Moccasin,2,1
Mocksville,1,1
Mocksville,2,134
Mocksville,3,8
Mocksville,4,23
Modale,2,10
Modale,4,1
Model,2,12
Model,4,3
Modena,2,15
Modesto,1,40
Modesto,2,3239
Modesto,3,4
Modesto,4,15
Modoc,2,18
Moffat,2,7
Moffat,4,4
Moffit,2,3
Mogadore,2,7
Mohave Valley,2,7
Mohawk,2,100
Mohawk,3,2
Mohawk,4,5
Mohegan Lake,2,105
Mohegan Lake,4,1
Mohnton,2,28
Mohnton,3,5
Mojave,1,2
Mojave,2,559
Mojave,4,7
Mokelumne Hill,2,162
Mokena,2,40
Mokena,3,80
Mokena,4,1
Molalla,2,120
Molalla,4,4
Molena,2,13
Molena,4,5
Moline,2,1
Moline,3,12
Molino,1,5
Molino,2,92
Molt,2,7
Momence,1,1
Momence,2,1
Mona,2,103
Monaca,2,5
Monaca,4,4
Monahans,2,8
Monahans,3,1
Monahans,4,3
Monango,2,1
Monarch,2,5
Moncks Corner,1,34
Moncks Corner,2,724
Moncks Corner,4,3
Monclova,2,1
Moncure,2,44
Moncure,3,1
Moncure,4,9
Mondamin,2,8
Mondamin,3,2
Mondovi,2,7
Mondovi,4,1
Monee,2,16
Monee,3,50
Monee,4,2
Monessen,2,7
Moneta,2,65
Moneta,3,1
Moneta,4,31
Monetta,1,1
Monetta,2,46
Monetta,4,1
Monette,2,1
Mongaup Valley,2,4
Mongaup Valley,4,1
Monkton,1,1
Monkton,2,20
Monkton,3,6
Monkton,4,3
Monmouth,2,104
Monmouth,4,4
Monmouth Junction,2,165
Monmouth Junction,3,3
Monmouth Junction,4,6
Monona,2,1
Monongahela,2,21
Monongahela,3,1
Monongahela,4,5
Monroe,1,5
Monroe,2,751
Monroe,3,74
Monroe,4,131
Monroe Center,3,10
Monroe City,2,10
Monroe City,4,3
Monroe Township,2,121
Monroe Township,3,43
Monroe Township,4,4
Monroeton,2,10
Monroeton,4,3
Monroeville,1,1
Monroeville,2,235
Monroeville,3,32
Monroeville,4,15
Monrovia,1,3
Monrovia,2,788
Monrovia,3,135
Monrovia,4,22
Monsey,2,81
Monsey,3,5
Monson,2,1
Mont Clare,2,21
Mont Vernon,2,1
Montague,2,292
Montague,4,7
Montalba,2,3
Montandon,2,8
Montandon,4,2
Montara,2,34
Montauk,2,4
Montchanin,1,1
Montchanin,2,5
Montclair,1,2
Montclair,2,734
Montclair,3,151
Montclair,4,4
Monte Rio,2,63
Monte Sereno,2,1
Monte Vista,2,14
Monte Vista,4,6
Monteagle,2,59
Monteagle,3,8
Monteagle,4,3
Montebello,1,2
Montebello,2,433
Montebello,3,3
Montello,2,32
Montello,3,1
Montello,4,1
Monterey,1,8
Monterey,2,473
Monterey,3,17
Monterey,4,24
Monterey Park,2,601
Monterey Park,3,59
Monterey Park,4,2
Montesano,2,35
Montesano,3,3
Montesano,4,2
Montevallo,1,2
Montevallo,2,19
Montevideo,1,1
Montevideo,2,81
Montezuma,2,23
Montezuma,4,4
Montfort,2,2
Montfort,4,3
Montgomery,1,77
Montgomery,2,3594
Montgomery,3,495
Montgomery,4,53
Montgomery City,2,10
Montgomery City,3,3
Montgomery City,4,3
Montgomery Creek,2,75
Montgomery Village,2,2
Montgomeryville,2,228
Montgomeryville,4,4
Monticello,1,8
Monticello,2,1249
Monticello,3,55
Monticello,4,22
Montour,2,3
Montour Falls,2,3
Montoursville,1,1
Montoursville,2,163
Montoursville,3,10
Montoursville,4,8
Montpelier,2,42
Montpelier,3,28
Montpelier,4,3
Montrose,2,356
Montrose,3,25
Montrose,4,48
Montross,2,40
Montross,3,1
Montross,4,17
Montvale,2,80
Montvale,3,2
Montvale,4,2
Montverde,2,87
Montverde,3,1
Montville,2,27
Montville,3,4
Montville,4,1
Monument,2,70
Monument,3,27
Monument,4,5
Moodus,2,1
Moodus,4,2
Moody,2,26
Moody,3,16
Mooers,2,1
Moorcroft,2,5
Moorcroft,4,1
Moore,1,23
Moore,2,461
Moore,3,3
Moore,4,2
Moore Haven,2,47
Moore Haven,3,1
Moore Haven,4,7
Moores Hill,2,2
Mooresboro,2,18
Mooresboro,4,4
Mooresburg,2,3
Mooresburg,4,1
Moorestown,1,4
Moorestown,2,46
Moorestown,3,1
Moorestown,4,2
Mooresville,1,1
Mooresville,2,444
Mooresville,3,94
Mooresville,4,46
Mooreton,2,10
Mooreville,2,3
Mooreville,3,2
Moorhead,2,56
Mooringsport,2,11
Moorland,3,1
Moorpark,1,2
Moorpark,2,396
Moorpark,4,10
Moose Lake,2,75
Moose Lake,3,1
Moosic,2,64
Moosic,3,21
Moosic,4,11
Moosup,2,3
Moosup,3,1
Mora,1,1
Mora,2,64
Mora,4,1
Moraga,2,3
Moraine,1,6
Moraine,2,59
Moraine,3,1
Moran,2,1
Morann,2,3
Moravia,2,10
Moravia,4,6
Moravian Falls,2,14
Moravian Falls,4,3
Morehead,2,1
Morehead,3,1
Moreland,2,52
Moreland,3,3
Moreland,4,6
Morenci,1,1
Morenci,2,7
Moreno Valley,1,8
Moreno Valley,2,2006
Moreno Valley,3,39
Moreno Valley,4,5
Morgan,1,1
Morgan,2,234
Morgan,3,16
Morgan,4,1
Morgan City,2,3
Morgan City,4,1
Morgan Hill,1,36
Morgan Hill,2,1024
Morgan Hill,3,4
Morgan Hill,4,9
Morganfield,2,1
Morganfield,4,1
Morganton,1,1
Morganton,2,177
Morganton,3,17
Morganton,4,40
Morgantown,1,1
Morgantown,2,392
Morgantown,3,50
Morgantown,4,13
Morganville,2,72
Morganville,4,7
Moriah Center,2,1
Moriarty,2,39
Moriarty,3,6
Moriarty,4,2
Moriches,1,1
Moriches,2,4
Moriches,4,1
Morland,2,1
Morley,2,2
Morning View,2,17
Morningside,2,8
Moro,2,73
Moro,3,1
Moro,4,1
Morocco,2,8
Morocco,4,3
Moroni,2,6
Morral,2,1
Morrice,2,6
Morrice,3,2
Morrice,4,2
Morrilton,2,79
Morrilton,3,2
Morrilton,4,12
Morris,1,2
Morris,2,83
Morris,3,84
Morris,4,13
Morris Plains,2,28
Morris Plains,3,1
Morris Plains,4,3
Morrisdale,1,1
Morrisdale,2,127
Morrisdale,3,19
Morrisdale,4,18
Morrison,1,1
Morrison,2,182
Morrison,3,8
Morrison,4,15
Morrisonville,2,2
Morrisonville,4,2
Morriston,2,58
Morriston,4,1
Morristown,1,1
Morristown,2,344
Morristown,3,47
Morristown,4,13
Morrisville,1,12
Morrisville,2,940
Morrisville,3,152
Morrisville,4,43
Morro Bay,1,1
Morro Bay,2,102
Morrow,2,135
Morrow,3,68
Morrow,4,15
Morton,1,8
Morton,2,119
Morton,3,44
Morton,4,10
Morton Grove,1,7
Morton Grove,2,41
Morton Grove,4,2
Morven,2,8
Mosca,2,4
Mosca,4,1
Moscow,2,132
Moscow,3,6
Moscow,4,11
Moscow Mills,2,2
Moseley,1,4
Moseley,2,100
Moseley,4,4
Moselle,2,17
Moselle,3,1
Moselle,4,1
Moses Lake,2,2
Moses Lake,3,1
Moshannon,2,8
Mosheim,2,12
Mosheim,3,2
Mosheim,4,1
Mosier,2,41
Mosier,3,1
Mosinee,2,2
Mosinee,3,6
Moss,2,4
Moss,4,1
Moss Beach,1,1
Moss Beach,2,104
Moss Beach,3,1
Moss Landing,1,10
Moss Landing,2,235
Moss Landing,4,1
Moss Point,2,115
Moss Point,3,26
Moss Point,4,6
Mossyrock,2,13
Motley,1,3
Motley,2,99
Mott,2,1
Moulton,1,1
Moulton,2,21
Moulton,4,1
Moultonborough,1,3
Moultonborough,2,5
Moultrie,2,13
Moultrie,3,1
Moultrie,4,1
Mound City,2,3
Mound House,1,1
Mound House,2,8
Mounds,3,3
Moundsville,2,2
Moundville,2,28
Moundville,3,1
Moundville,4,1
Mount Airy,2,264
Mount Airy,3,31
Mount Airy,4,27
Mount Angel,2,32
Mount Angel,4,1
Mount Bethel,2,9
Mount Bethel,4,4
Mount Carmel,1,1
Mount Carmel,2,51
Mount Carmel,4,9
Mount Clare,2,14
Mount Clemens,2,4
Mount Crawford,2,162
Mount Crawford,3,24
Mount Crawford,4,13
Mount Croghan,2,27
Mount Dora,1,2
Mount Dora,2,145
Mount Ephraim,2,58
Mount Ephraim,3,1
Mount Gilead,2,28
Mount Gilead,3,11
Mount Gilead,4,7
Mount Gretna,2,11
Mount Gretna,4,3
Mount Hamilton,1,1
Mount Hamilton,2,56
Mount Hermon,2,3
Mount Holly,1,1
Mount Holly,2,109
Mount Holly,3,13
Mount Holly,4,3
Mount Holly Springs,2,1
Mount Holly Springs,4,2
Mount Hood Parkdale,2,112
Mount Hood Parkdale,4,4
Mount Hope,2,43
Mount Horeb,1,1
Mount Horeb,2,1
Mount Horeb,3,1
Mount Ida,2,3
Mount Ida,4,3
Mount Jackson,2,94
Mount Jackson,3,6
Mount Jackson,4,9
Mount Jewett,2,36
Mount Jewett,4,2
Mount Joy,1,3
Mount Joy,2,170
Mount Joy,3,1
Mount Joy,4,5
Mount Judea,2,2
Mount Judea,4,2
Mount Juliet,2,66
Mount Juliet,3,13
Mount Juliet,4,6
Mount Kisco,2,127
Mount Kisco,3,22
Mount Laurel,1,2
Mount Laurel,2,462
Mount Laurel,3,45
Mount Laurel,4,6
Mount Lemmon,2,23
Mount Lookout,2,3
Mount Morris,1,10
Mount Morris,2,303
Mount Morris,3,9
Mount Morris,4,7
Mount Nebo,2,2
Mount Olive,2,12
Mount Olive,3,21
Mount Olive,4,5
Mount Orab,2,1
Mount Orab,3,2
Mount Pleasant,1,3
Mount Pleasant,2,229
Mount Pleasant,3,29
Mount Pleasant,4,28
Mount Pleasant Mills,2,48
Mount Pleasant Mills,4,5
Mount Pocono,2,7
Mount Prospect,2,5
Mount Prospect,4,2
Mount Rainier,2,20
Mount Rainier,3,1
Mount Royal,2,9
Mount Shasta,2,311
Mount Shasta,4,4
Mount Sidney,2,86
Mount Sidney,3,3
Mount Sidney,4,5
Mount Sinai,2,5
Mount Solon,2,13
Mount Solon,4,5
Mount Sterling,2,43
Mount Sterling,3,21
Mount Sterling,4,5
Mount Storm,2,2
Mount Storm,4,1
Mount Tabor,2,4
Mount Ulla,2,2
Mount Ulla,4,4
Mount Union,1,1
Mount Union,2,51
Mount Union,3,1
Mount Union,4,3
Mount Vernon,1,3
Mount Vernon,2,494
Mount Vernon,3,84
Mount Vernon,4,16
Mount Victory,2,4
Mount Washington,2,2
Mount Wolf,2,26
Mount Wolf,4,5
Mountain Brk,2,16
Mountain City,2,15
Mountain Home,2,102
Mountain Home,3,1
Mountain Home,4,16
Mountain Iron,2,43
Mountain Lake,1,1
Mountain Lake,2,40
Mountain Lake,4,1
Mountain Lakes,2,2
Mountain Pine,2,1
Mountain Ranch,2,43
Mountain Rest,1,8
Mountain Rest,2,56
Mountain Top,2,88
Mountain Top,3,22
Mountain Top,4,5
Mountain View,1,20
Mountain View,2,1248
Mountain View,3,7
Mountain View,4,7
Mountainburg,2,21
Mountainburg,3,1
Mountainburg,4,4
Mountainside,2,23
Mountainside,4,1
Mountlake Terrace,2,99
Mountlake Terrace,3,123
Mountlake Terrace,4,1
Mountville,1,4
Mountville,2,157
Mountville,3,1
Mountville,4,8
Mouth Of Wilson,2,10
Mouth Of Wilson,4,3
Moville,2,1
Moxee,2,1
Moyock,2,17
Mt Airy,1,1
Mt Airy,2,126
Mt Airy,3,2
Mt Airy,4,13
Mt Aukum,2,1
Mt Ayr,4,1
Mt Baldy,2,99
Mt Baldy,3,6
Mt Baldy,4,1
Mt Bethel,2,1
Mt Bethel,4,1
Mt Carmel,2,27
Mt Clare,2,13
Mt Crawford,2,69
Mt Crawford,3,10
Mt Crawford,4,4
Mt Croghan,2,6
Mt Dora,1,1
Mt Dora,2,54
Mt Dora,4,3
Mt Enterprise,3,1
Mt Ephraim,1,1
Mt Ephraim,2,13
Mt Ephraim,3,3
Mt Gilead,2,19
Mt Gilead,3,1
Mt Gilead,4,2
Mt Hamilton,2,6
Mt Hermon,2,6
Mt Holly,1,1
Mt Holly,2,110
Mt Holly,3,1
Mt Holly,4,4
Mt Holly Springs,2,3
Mt Hope,2,7
Mt Ida,2,6
Mt Ida,4,2
Mt Jackson,2,42
Mt Jackson,3,5
Mt Jackson,4,6
Mt Jewett,2,4
Mt Joy,1,3
Mt Joy,2,29
Mt Joy,4,3
Mt Juliet,2,30
Mt Juliet,3,7
Mt Juliet,4,1
Mt Kisco,1,2
Mt Kisco,2,44
Mt Kisco,3,1
Mt Kisco,4,1
Mt Laurel,1,1
Mt Laurel,2,170
Mt Laurel,3,7
Mt Laurel,4,3
Mt Lemmon,2,10
Mt Lookout,2,4
Mt Lookout,4,1
Mt Olive,2,23
Mt Olive,4,6
Mt Orab,2,3
Mt Pleasant,1,4
Mt Pleasant,2,104
Mt Pleasant,3,13
Mt Pleasant,4,11
Mt Pleasant Mills,2,9
Mt Pocono,2,2
Mt Prospect,1,1
Mt Prospect,2,2
Mt Prospect,3,2
Mt Prospect,4,1
Mt Shasta,2,57
Mt Shasta,4,1
Mt Sidney,2,27
Mt Sidney,3,2
Mt Sidney,4,2
Mt Sinai,2,2
Mt Solon,2,4
Mt Solon,4,5
Mt Sterling,2,13
Mt Sterling,3,1
Mt Sterling,4,4
Mt Tabor,2,1
Mt Ulla,2,3
Mt Union,2,17
Mt Union,4,3
Mt Vernon,2,112
Mt Vernon,3,9
Mt Vernon,4,3
Mt Wilson,1,1
Mt Wilson,2,114
Mt Wolf,2,4
Muenster,2,2
Muir,2,1
Muir Beach,2,19
Muir Beach,4,1
Mukilteo,1,1
Mukilteo,2,6
Mukwonago,2,11
Mukwonago,4,2
Mulberry,1,3
Mulberry,2,88
Mulberry,4,9
Mulberry Grove,2,6
Mulberry Grove,3,5
Mulberry Grove,4,3
Muldrow,4,1
Muleshoe,2,1
Muleshoe,4,5
Mulga,2,1
Mulhall,3,2
Mulino,2,34
Mulino,4,4
Mullan,2,41
Mullen,2,1
Mullica Hill,2,57
Mullica Hill,4,2
Mullin,2,2
Mullins,1,7
Mullins,2,189
Mullins,3,1
Mullins,4,2
Mullinville,2,1
Mumford,2,3
Muncie,2,62
Muncie,4,20
Muncy,1,3
Muncy,2,286
Muncy,3,10
Muncy,4,13
Muncy Valley,2,32
Muncy Valley,4,3
Munday,2,1
Mundelein,1,12
Mundelein,2,596
Mundelein,3,5
Mundelein,4,5
Munds Park,2,36
Munds Park,3,4
Munford,2,11
Munford,4,3
Munfordville,2,5
Munfordville,4,2
Munroe Falls,2,1
Munson,2,12
Munster,2,23
Munster,3,8
Murdock,2,16
Murfreesboro,1,2
Murfreesboro,2,376
Murfreesboro,3,81
Murfreesboro,4,37
Murphy,2,81
Murphy,3,1
Murphy,4,10
Murphys,2,138
Murray,2,5
Murray,3,1
Murray,4,2
Murrells Inlet,1,22
Murrells Inlet,2,594
Murrells Inlet,3,1
Murrells Inlet,4,1
Murrieta,1,6
Murrieta,2,1302
Murrieta,3,65
Murrieta,4,3
Murrysville,2,67
Murrysville,3,1
Murrysville,4,4
Murtaugh,2,1
Muscadine,2,3
Muscadine,3,1
Muscatine,1,1
Muscatine,2,9
Muscle Shoals,2,14
Muse,2,3
Musella,2,5
Muskego,2,2
Muskegon,2,148
Muskegon,3,7
Muskegon,4,4
Muskogee,2,2
Musselshell,2,2
Mustang,1,3
Mustang,2,50
Mustang,3,3
Myakka City,1,4
Myakka City,2,147
Myakka City,4,5
Myers Flat,1,1
Myers Flat,2,167
Myers Flat,4,4
Myerstown,2,102
Myerstown,3,9
Myerstown,4,27
Myersville,1,1
Myersville,2,277
Myersville,3,43
Myersville,4,15
Myrtle,2,1
Myrtle Beach,1,149
Myrtle Beach,2,3125
Myrtle Beach,3,27
Myrtle Beach,4,9
Myrtle Creek,2,198
Myrtle Creek,3,12
Myrtle Point,2,88
Myrtle Point,4,2
Mystic,2,73
Mystic,3,6
Mystic,4,4
Myton,1,2
Myton,2,8
Naches,2,10
Naches,4,8
Nacogdoches,2,7
Nacogdoches,4,2
Nags Head,2,3
Nags Head,4,1
Nahunta,2,1
Nakina,2,6
Nakina,4,5
Nampa,2,384
Nampa,3,1
Nampa,4,9
Nanjemoy,2,4
Nanjemoy,4,3
Nanty Glo,2,44
Nanuet,1,2
Nanuet,2,504
Nanuet,3,60
Nanuet,4,4
Napa,1,23
Napa,2,1756
Napa,3,4
Napa,4,9
Naperville,1,12
Naperville,2,241
Naperville,3,61
Naperville,4,11
Naples,1,55
Naples,2,1445
Naples,3,117
Naples,4,21
Napoleon,2,19
Napoleon,4,1
Nappanee,2,4
Nappanee,4,2
Nara Visa,2,1
Narberth,1,3
Narberth,2,199
Narberth,3,36
Narberth,4,6
Narragansett,2,1
Narrows,2,11
Narrows,4,2
Narrowsburg,2,2
Narvon,2,66
Narvon,4,7
Naselle,2,14
Naselle,4,4
Nashport,2,5
Nashua,1,7
Nashua,2,91
Nashua,4,1
Nashville,1,457
Nashville,2,22527
Nashville,3,1618
Nashville,4,155
Nashwauk,1,1
Nashwauk,2,9
Nassau,2,148
Nassau,3,2
Nassawadox,2,14
Nassawadox,4,2
Natalia,3,1
Natchez,2,5
Natchez,4,3
Natchitoches,3,1
Nathalie,1,1
Nathalie,2,19
Nathalie,4,15
Nathrop,2,7
Natick,1,1
Natick,2,20
Natick,3,6
Natick,4,1
National City,1,3
National City,2,1166
National City,3,102
National City,4,5
Natrona Heights,1,1
Natrona Heights,2,19
Natrona Heights,4,16
Natural Bridge,2,111
Natural Bridge,3,21
Natural Bridge,4,12
Natural Bridge Station,2,1
Natural Bridge Station,4,1
Natural Dam,2,1
Natural Dam,4,1
Naubinway,2,17
Naubinway,4,2
Naugatuck,1,1
Naugatuck,2,83
Naugatuck,3,3
Naugatuck,4,2
Nauvoo,2,39
Nauvoo,3,1
Nauvoo,4,1
Naval Anacost Annex,2,1
Navarre,1,2
Navarre,2,481
Navarre,4,1
Navasota,2,7
Navasota,3,1
Naylor,2,3
Naylor,4,1
Naytahwaush,2,1
Nazareth,2,28
Nazareth,4,11
Nebo,2,41
Nebo,3,1
Nebo,4,3
Nebraska City,2,7
Nebraska City,4,1
Nederland,2,2
Nedrow,2,13
Nedrow,3,1
Nedrow,4,1
Needham,1,1
Needham,2,31
Needham,3,4
Needham Heights,1,2
Needham Heights,2,46
Needham Heights,3,13
Needles,2,234
Needles,3,6
Needles,4,4
Needmore,2,16
Needville,2,6
Neelyton,2,19
Neelyton,3,2
Neelyton,4,1
Neenah,2,69
Neenah,3,22
Neenah,4,5
Neeses,1,3
Neeses,2,79
Neeses,4,1
Negaunee,2,1
Negaunee,4,2
Nehalem,2,73
Nehalem,4,2
Neihart,2,6
Neillsville,2,9
Neillsville,4,3
Nekoosa,2,4
Neligh,2,3
Neligh,4,1
Nellysford,2,3
Nelson,2,28
Nelson,3,3
Nelson,4,1
Nelsonville,2,11
Nemaha,2,2
Nemaha,4,1
Neodesha,4,1
Neoga,3,12
Neoga,4,1
Neola,2,28
Neola,3,5
Neola,4,4
Neosho,2,7
Neotsu,2,1
Nephi,2,375
Nephi,3,12
Nephi,4,2
Neptune,2,119
Neptune,3,4
Neptune,4,8
Neptune Beach,2,3
Neptune City,2,102
Neptune City,4,1
Nerstrand,2,9
Nesbit,2,43
Nesbit,3,9
Nesbit,4,2
Nesconset,1,1
Nesconset,2,31
Nescopeck,2,93
Nescopeck,3,10
Nescopeck,4,9
Neshanic Station,1,1
Neshanic Station,2,1
Neshanic Station,3,1
Neskowin,2,67
Nesmith,1,1
Nesmith,2,21
Nespelem,2,2
Nesquehoning,2,2
Netawaka,2,1
Netawaka,4,1
Netcong,2,36
Netcong,3,14
Netcong,4,4
Nettie,2,1
Nevada,2,20
Nevada,4,2
Nevada City,1,3
Nevada City,2,576
Nevada City,3,1
Nevada City,4,6
Neversink,2,3
Neville,3,3
Neville,4,1
Nevis,2,36
New Albany,1,7
New Albany,2,331
New Albany,3,66
New Albany,4,25
New Alexandria,2,77
New Alexandria,3,1
New Alexandria,4,13
New Athens,2,2
New Baden,2,5
New Baden,3,11
New Baltimore,1,1
New Baltimore,2,68
New Baltimore,3,21
New Baltimore,4,2
New Bedford,1,1
New Bedford,2,24
New Bedford,3,7
New Berlin,1,1
New Berlin,2,55
New Berlin,3,28
New Berlin,4,6
New Bern,2,67
New Bern,4,14
New Bethlehem,2,45
New Bethlehem,3,1
New Bethlehem,4,7
New Bloomfield,2,21
New Bloomfield,4,1
New Boston,2,53
New Boston,3,10
New Boston,4,1
New Braunfels,2,105
New Braunfels,3,94
New Braunfels,4,7
New Brighton,2,12
New Brighton,4,4
New Britain,2,272
New Britain,3,19
New Britain,4,10
New Brockton,2,14
New Brunswick,1,1
New Brunswick,2,342
New Brunswick,3,8
New Brunswick,4,4
New Buffalo,2,31
New Buffalo,3,11
New Buffalo,4,10
New Cambria,2,1
New Cambria,4,1
New Canaan,2,108
New Canaan,4,1
New Caney,1,4
New Caney,2,23
New Caney,3,3
New Caney,4,1
New Canton,2,4
New Canton,4,1
New Carlisle,1,1
New Carlisle,2,29
New Carlisle,3,4
New Carlisle,4,4
New Carrollton,4,1
New Castle,1,31
New Castle,2,1551
New Castle,3,29
New Castle,4,99
New Church,2,42
New Church,4,12
New City,1,1
New City,2,119
New City,3,2
New City,4,3
New Columbia,2,126
New Columbia,3,11
New Columbia,4,6
New Concord,2,5
New Concord,3,2
New Creek,2,4
New Cumberland,1,3
New Cumberland,2,229
New Cumberland,3,51
New Cumberland,4,7
New Cuyama,2,58
New Derry,2,2
New Douglas,3,8
New Durham,2,1
New Eagle,2,1
New Eagle,4,1
New Edinburg,2,5
New Edinburg,4,3
New Ellenton,1,1
New Ellenton,2,17
New England,2,11
New Enterprise,2,17
New Enterprise,3,2
New Fairfield,2,9
New Fairfield,4,7
New Florence,2,69
New Florence,3,1
New Florence,4,3
New Franken,2,1
New Franklin,2,1
New Freedom,1,1
New Freedom,2,105
New Freedom,3,13
New Freedom,4,6
New Galilee,2,14
New Galilee,3,10
New Galilee,4,4
New Germantown,2,4
New Germantown,4,2
New Germany,2,12
New Gloucester,2,3
New Gloucester,3,1
New Hampton,2,30
New Hampton,3,9
New Hampton,4,4
New Harmony,2,87
New Harmony,3,10
New Harmony,4,4
New Hartford,2,159
New Hartford,4,4
New Haven,1,2
New Haven,2,867
New Haven,3,181
New Haven,4,40
New Hill,1,3
New Hill,2,84
New Hill,4,4
New Holland,1,5
New Holland,2,177
New Holland,4,4
New Hope,1,1
New Hope,2,27
New Hudson,2,48
New Hudson,3,6
New Hudson,4,3
New Hyde Park,1,1
New Hyde Park,2,65
New Hyde Park,3,2
New Hyde Park,4,5
New Iberia,2,10
New Iberia,4,2
New Ipswich,2,5
New Kensington,1,1
New Kensington,2,113
New Kensington,4,19
New Kent,2,252
New Kent,3,20
New Kent,4,37
New Lebanon,1,1
New Lebanon,2,45
New Lebanon,4,1
New Leipzig,2,2
New Lenox,2,37
New Lenox,3,130
New Lenox,4,2
New Lexington,2,2
New Lisbon,2,9
New Lisbon,3,5
New London,1,3
New London,2,130
New London,3,13
New London,4,7
New Lothrop,2,8
New Lothrop,4,1
New Madison,2,4
New Madrid,3,3
New Madrid,4,2
New Market,2,226
New Market,3,24
New Market,4,28
New Martinsville,2,1
New Matamoras,2,1
New Meadows,2,5
New Meadows,4,5
New Milford,2,110
New Milford,3,13
New Milford,4,12
New Millport,2,9
New Orleans,1,16
New Orleans,2,12393
New Orleans,3,878
New Orleans,4,59
New Oxford,1,8
New Oxford,2,138
New Oxford,4,22
New Palestine,1,1
New Palestine,2,17
New Palestine,4,6
New Paltz,2,233
New Paltz,4,3
New Paris,1,1
New Paris,2,66
New Paris,3,3
New Park,2,3
New Park,4,1
New Philadelphia,2,9
New Pine Creek,2,6
New Plymouth,2,16
New Plymouth,4,1
New Port Richey,1,71
New Port Richey,2,1529
New Port Richey,4,5
New Portland,2,1
New Prague,2,51
New Preston Marble Dale,2,3
New Preston Marble Dale,4,3
New Providence,2,31
New Providence,4,1
New Raymer,2,1
New Richland,2,18
New Richmond,2,6
New Ringgold,2,24
New Ringgold,4,2
New River,2,201
New River,3,28
New River,4,5
New Roads,2,1
New Rochelle,1,1
New Rochelle,2,574
New Rochelle,3,94
New Rochelle,4,2
New Rockford,2,2
New Russia,2,3
New Russia,4,2
New Salem,2,40
New Salem,3,10
New Salem,4,2
New Salisbury,2,2
New Salisbury,4,2
New Sharon,2,1
New Smyrna Beach,2,204
New Smyrna Beach,3,13
New Smyrna Beach,4,13
New Springfield,2,19
New Springfield,3,5
New Springfield,4,1
New Stanton,1,2
New Stanton,2,43
New Stanton,3,24
New Stanton,4,5
New Tazewell,2,9
New Tazewell,4,4
New Town,2,15
New Tripoli,2,25
New Tripoli,4,12
New Ulm,2,112
New Vienna,2,3
New Virginia,2,34
New Virginia,3,3
New Virginia,4,1
New Washington,1,1
New Waterford,2,2
New Waverly,2,3
New Weston,2,5
New Wilmington,2,19
New Wilmington,4,1
New Windsor,2,241
New Windsor,4,9
New York,1,4
New York,2,7230
New York,3,607
New York,4,71
New York Mills,1,1
New York Mills,2,84
New Zion,1,2
New Zion,2,42
Newalla,1,3
Newalla,2,30
Newalla,3,5
Newark,1,32
Newark,2,4552
Newark,3,506
Newark,4,102
Newark Valley,2,1
Newark Valley,4,1
Newaygo,2,2
Newberg,2,180
Newberg,4,3
Newbern,2,2
Newberry,1,13
Newberry,2,559
Newberry,3,23
Newberry,4,1
Newburg,1,1
Newburg,2,68
Newburg,3,6
Newburg,4,9
Newburgh,1,1
Newburgh,2,445
Newburgh,3,65
Newburgh,4,5
Newbury,1,1
Newbury,2,7
Newbury Park,1,5
Newbury Park,2,403
Newbury Park,4,2
Newburyport,2,8
Newburyport,3,3
Newburyport,4,1
Newcastle,1,2
Newcastle,2,347
Newcastle,3,18
Newcomb,2,7
Newcomb,3,5
Newcomerstown,2,5
Newdale,2,4
Newell,2,1
Newfane,2,10
Newfane,4,1
Newfield,2,29
Newfield,4,4
Newfoundland,2,34
Newfoundland,4,1
Newhall,1,7
Newhall,2,1328
Newhall,3,87
Newhall,4,6
Newington,2,25
Newington,4,5
Newkirk,2,2
Newland,2,16
Newland,4,4
Newman,1,1
Newman,2,178
Newman,3,6
Newman,4,2
Newman Lake,2,2
Newmanstown,2,35
Newmanstown,4,12
Newmarket,2,1
Newnan,2,302
Newnan,3,87
Newnan,4,56
Newport,1,13
Newport,2,677
Newport,3,118
Newport,4,39
Newport Beach,1,1
Newport Beach,2,263
Newport Beach,4,2
Newport Center,2,1
Newport Coast,2,22
Newport News,1,57
Newport News,2,1656
Newport News,3,254
Newport News,4,64
Newry,2,2
Newsoms,2,1
Newsoms,4,2
Newton,1,12
Newton,2,349
Newton,3,48
Newton,4,38
Newton Center,1,10
Newton Center,2,48
Newton Falls,2,29
Newton Falls,3,20
Newton Grove,2,49
Newton Grove,3,2
Newton Grove,4,10
Newton Highlands,1,7
Newton Highlands,2,28
Newton Lower Falls,1,9
Newton Lower Falls,2,53
Newton Lower Falls,3,13
Newton Upper Falls,1,1
Newton Upper Falls,2,11
Newtonville,1,8
Newtonville,2,14
Newtonville,3,3
Newtown,2,218
Newtown,3,16
Newtown,4,21
Newtown Square,1,1
Newtown Square,2,70
Newtown Square,4,2
Newville,1,3
Newville,2,140
Newville,3,23
Newville,4,18
Ney,2,3
Ney,4,1
Nezperce,2,1
Niagara,2,4
Niagara Falls,1,1
Niagara Falls,2,58
Niagara Falls,3,13
Niantic,2,45
Niantic,3,12
Niantic,4,6
Nicasio,1,1
Nicasio,2,87
Nicasio,4,1
Nice,1,2
Nice,2,107
Niceville,1,1
Niceville,2,138
Niceville,3,1
Niceville,4,2
Nicholasville,1,3
Nicholasville,2,9
Nicholasville,4,1
Nicholls,2,5
Nicholls,4,2
Nichols,1,3
Nichols,2,141
Nichols,4,6
Nicholson,1,1
Nicholson,2,67
Nicholson,3,8
Nicholson,4,13
Nickelsville,2,4
Nickelsville,4,5
Nickerson,2,2
Nicktown,2,19
Nicktown,4,9
Nicolaus,2,139
Nicolaus,4,2
Nicollet,2,55
Niles,1,21
Niles,2,224
Niles,4,16
Nine Mile Falls,2,8
Nine Mile Falls,4,1
Ninety Six,1,6
Ninety Six,2,113
Ninety Six,3,1
Ninety Six,4,2
Niota,2,39
Niota,3,4
Niota,4,2
Nipomo,1,8
Nipomo,2,600
Nipomo,4,2
Nisswa,1,2
Nisswa,2,70
Nitro,2,177
Nitro,4,6
Nixa,2,1
Nixon,2,7
Noble,2,1
Noblesville,2,75
Noblesville,3,19
Noblesville,4,17
Nobleton,2,1
Nocona,2,5
Nokesville,1,3
Nokesville,2,82
Nokesville,3,1
Nokesville,4,8
Nokomis,1,1
Nokomis,2,309
Nokomis,3,9
Nokomis,4,4
Nolensville,2,3
Nome,2,2
Nora,4,1
Nora Springs,2,4
Norco,1,1
Norco,2,451
Norco,3,54
Norco,4,4
Norcross,1,3
Norcross,2,508
Norcross,3,363
Norcross,4,13
Norden,2,262
Norden,3,14
Norden,4,2
Nordland,2,6
Norfolk,1,69
Norfolk,2,4103
Norfolk,3,900
Norfolk,4,122
Norfork,2,1
Norlina,2,35
Norlina,3,7
Norlina,4,8
Normal,2,4
Normal,3,52
Normalville,2,1
Normalville,4,1
Norman,2,14
Norman,3,10
Norman,4,3
Norman Park,2,3
Norman Park,4,1
Normandy,4,1
Normanna,2,1
Norridge,1,1
Norris,2,38
Norris,3,1
Norris,4,1
Norris City,2,1
Norristown,1,51
Norristown,2,2015
Norristown,3,2
Norristown,4,18
North,1,9
North,2,161
North,4,4
North Andover,1,2
North Andover,2,16
North Andover,3,2
North Antelope Valley,1,1
North Antelope Valley,2,12
North Arlington,2,1
North Attleboro,1,1
North Attleboro,2,25
North Attleboro,3,11
North Attleboro,4,1
North Augusta,1,6
North Augusta,2,566
North Augusta,3,57
North Augusta,4,9
North Aurora,2,34
North Aurora,3,18
North Aurora,4,1
North Babylon,1,1
North Babylon,2,160
North Babylon,3,3
North Babylon,4,2
North Baldwin,1,1
North Baldwin,2,4
North Baltimore,2,10
North Baltimore,3,7
North Baltimore,4,1
North Bangor,2,4
North Bangor,4,3
North Barrington,2,10
North Bay,2,1
North Bay Village,2,26
North Bayside,2,6
North Bellmore,1,1
North Bellmore,2,14
North Bend,2,235
North Bend,3,7
North Bend,4,20
North Benton,2,6
North Benton,4,3
North Bergen,2,500
North Bergen,3,29
North Bergen,4,15
North Billerica,1,27
North Billerica,2,105
North Bloomfield,2,4
North Bonneville,4,1
North Branch,1,3
North Branch,2,177
North Branch,4,2
North Branford,2,1
North Brookfield,2,1
North Brunswick,2,149
North Brunswick,3,1
North Brunswick,4,12
North Canton,1,1
North Canton,2,45
North Canton,3,35
North Canton,4,1
North Charleston,1,13
North Charleston,2,1379
North Charleston,3,312
North Charleston,4,11
North Chelmsford,1,2
North Chelmsford,2,11
North Chesterfield,1,35
North Chesterfield,2,720
North Chesterfield,3,1
North Chesterfield,4,13
North Chicago,1,14
North Chicago,2,340
North Chicago,3,2
North Chicago,4,5
North Chili,1,2
North Chili,2,41
North Coastal,2,1
North Conway,2,1
North Creek,2,21
North Creek,4,1
North Dartmouth,2,14
North Dartmouth,3,4
North Dartmouth,4,1
North Davis,2,1
North Dighton,2,1
North Dinwiddie,2,73
North Dinwiddie,3,3
North Dinwiddie,4,22
North East,1,1
North East,2,215
North East,3,21
North East,4,30
North Easton,2,3
North El Dorado,2,12
North Falmouth,2,4
North Ferrisburgh,2,1
North Fork,2,86
North Fort Myers,1,58
North Fort Myers,2,1485
North Fort Myers,3,46
North Fort Myers,4,12
North Franklin,2,24
North Franklin,4,13
North Freedom,2,1
North Garden,2,45
North Garden,4,12
North Grafton,2,8
North Grafton,3,4
North Grafton,4,1
North Granby,2,2
North Granby,4,2
North Greece,2,1
North Grosvenordale,2,18
North Grosvenordale,3,1
North Grosvenordale,4,5
North Hampton,2,1
North Hampton,3,3
North Haven,2,290
North Haven,3,28
North Haven,4,15
North Highlands,1,19
North Highlands,2,1045
North Highlands,3,31
North Highlands,4,2
North Hills,1,1
North Hills,2,522
North Hills,3,90
North Hollywood,1,8
North Hollywood,2,1619
North Hollywood,3,13
North Hollywood,4,9
North Hudson,2,9
North Hudson,3,1
North Jackson,2,22
North Jackson,3,20
North Jackson,4,1
North Java,2,3
North Java,4,1
North Kingstown,1,3
North Kingstown,2,58
North Lauderdale,2,4
North Lawrence,2,1
North Liberty,2,108
North Liberty,3,19
North Liberty,4,7
North Lima,1,1
North Lima,2,9
North Lima,3,55
North Lima,4,1
North Little Rock,2,784
North Little Rock,3,19
North Little Rock,4,30
North Manchester,2,7
North Manchester,4,3
North Mankato,1,1
North Mankato,2,23
North Miami,2,4567
North Miami,3,161
North Miami,4,3
North Miami Beach,2,2755
North Miami Beach,3,1
North Miami Beach,4,2
North Montpelier,2,1
North Myrtle Beach,1,5
North Myrtle Beach,2,96
North Olmsted,1,2
North Olmsted,2,50
North Olmsted,3,19
North Oxford,1,1
North Oxford,2,6
North Oxford,3,1
North Palm Beach,2,4
North Pekin,2,1
North Plainfield,2,17
North Plains,2,7
North Plains,4,2
North Platte,2,13
North Platte,4,5
North Port,1,8
North Port,2,503
North Port,3,14
North Port,4,4
North Powder,2,312
North Powder,3,2
North Powder,4,16
North Prairie,4,1
North Prince George,2,8
North Prince George,4,1
North Providence,1,3
North Providence,2,21
North Reading,2,4
North Redington Beach,2,2
North Richland Hills,1,2
North Richland Hills,2,151
North Richland Hills,3,68
North Richland Hills,4,2
North Ridgeville,1,2
North Ridgeville,2,55
North Ridgeville,3,57
North Royalton,2,19
North Royalton,3,6
North Salem,1,2
North Salem,2,165
North Salem,3,23
North Salem,4,5
North Salt Lake,1,2
North Salt Lake,2,352
North Salt Lake,3,51
North Salt Lake,4,2
North San Juan,2,47
North San Juan,4,2
North Scituate,2,8
North Smithfield,1,1
North Smithfield,2,33
North Smithfield,3,1
North Smithfield,4,1
North Stonington,2,30
North Stonington,3,6
North Stonington,4,5
North Stratford,2,1
North Stratford,3,1
North Street,2,3
North Tazewell,2,16
North Tazewell,3,1
North Tazewell,4,3
North Tonawanda,1,1
North Tonawanda,2,22
North Tonawanda,4,1
North Truro,2,1
North Utica,1,1
North Utica,3,2
North Vernon,2,14
North Vernon,4,5
North Versailles,1,3
North Versailles,2,55
North Versailles,4,5
North Wales,1,16
North Wales,2,569
North Wales,3,2
North Wales,4,13
North Washington,2,1
North Westside,2,1
North Weymouth,2,1
North Wilkesboro,2,42
North Wilkesboro,4,12
North Windham,2,15
North Windham,4,4
North Woodstock,2,2
North Woodstock,3,8
Northampton,2,12
Northampton,3,4
Northampton,4,5
Northborough,2,10
Northborough,3,10
Northborough,4,1
Northbrook,2,157
Northbrook,3,45
Northbrook,4,1
Northeast Dallas,2,2
Northeast Jefferson,2,1
Northern Cambria,2,88
Northern Cambria,4,1
Northfield,1,3
Northfield,2,407
Northfield,3,8
Northfield,4,5
Northford,2,2
Northford,4,3
Northglenn,2,1
Northome,2,19
Northport,1,8
Northport,2,758
Northport,3,9
Northport,4,9
Northridge,2,25
Northumberland,2,83
Northumberland,3,1
Northumberland,4,4
Northville,2,61
Northville,3,23
Northville,4,1
Northwood,2,47
Northwood,3,17
Northwood,4,4
Norton,2,19
Norton,3,6
Norton,4,1
Norton Shores,2,1
Nortonville,2,1
Norwalk,1,2
Norwalk,2,2505
Norwalk,3,421
Norwalk,4,26
Norway,1,1
Norway,2,43
Norway,3,2
Norway,4,1
Norwell,1,2
Norwell,2,10
Norwich,2,133
Norwich,3,30
Norwich,4,11
Norwood,1,2
Norwood,2,91
Norwood,3,33
Norwood,4,13
Norwood Young America,1,2
Norwood Young America,2,35
Notasulga,2,22
Notasulga,3,7
Notasulga,4,3
Noti,2,58
Noti,4,2
Nottingham,1,4
Nottingham,2,402
Nottingham,3,61
Nottingham,4,29
Novato,1,12
Novato,2,723
Novato,3,4
Novelty,2,3
Novi,1,3
Novi,2,317
Novi,3,77
Novi,4,4
Noxen,2,4
Noxen,4,1
Noxon,2,21
Nuevo,1,4
Nuevo,2,297
Nuevo,4,1
Nunda,2,3
Nunica,1,2
Nunica,2,38
Nunica,3,3
Nunn,2,5
Nunn,4,5
Nunnelly,2,24
Nunnelly,3,2
Nunnelly,4,2
Nutley,2,87
Nutley,3,1
Nutley,4,3
Nutrioso,2,2
Nyack,2,496
Nyack,3,35
Nyack,4,1
Nye,2,4
Nyssa,2,63
Nyssa,4,1
O Brien,1,1
O Brien,2,46
O Fallon,2,58
O Fallon,3,111
O Fallon,4,8
O Neals,2,37
Oak Bay-Port Ludlow,2,3
Oak Brook,1,13
Oak Brook,2,384
Oak Brook,3,100
Oak Brook,4,3
Oak City,2,8
Oak City,4,4
Oak Creek,2,125
Oak Creek,3,34
Oak Creek,4,6
Oak Forest,1,1
Oak Forest,2,8
Oak Forest,3,71
Oak Grove,2,74
Oak Grove,3,14
Oak Grove,4,3
Oak Hall,2,26
Oak Hall,4,4
Oak Harbor,2,47
Oak Harbor,3,2
Oak Harbor,4,6
Oak Hill,2,81
Oak Hill,3,5
Oak Hill,4,2
Oak Hills,2,111
Oak Lawn,2,25
Oak Lawn,4,2
Oak Park,1,3
Oak Park,2,206
Oak Park,3,80
Oak Park,4,4
Oak Ridge,2,23
Oak Ridge,3,1
Oak Ridge,4,4
Oak Run,2,36
Oak View,1,1
Oak View,2,91
Oakboro,2,8
Oakboro,4,1
Oakbrook Terrace,2,12
Oakdale,1,6
Oakdale,2,613
Oakdale,3,1
Oakdale,4,18
Oakes,2,15
Oakfield,2,7
Oakfield,3,2
Oakfield,4,1
Oakham,2,1
Oakhurst,1,1
Oakhurst,2,308
Oakhurst,4,3
Oakland,1,50
Oakland,2,5230
Oakland,3,1091
Oakland,4,38
Oakland City,2,18
Oakland City,3,1
Oakland City,4,7
Oakland Gardens,2,620
Oakland Gardens,3,174
Oakland Gardens,4,11
Oakland Mills,2,10
Oakland Park,1,1
Oakland Park,2,69
Oakley,1,6
Oakley,2,111
Oaklyn,2,59
Oaklyn,4,3
Oakman,1,1
Oakman,2,38
Oakman,4,1
Oakmont,2,14
Oakmont,4,2
Oakridge,1,1
Oakridge,2,178
Oakridge,4,4
Oaks,2,8
Oakton,2,51
Oakton,3,1
Oakton,4,1
Oakville,2,25
Oakville,3,1
Oakville,4,1
Oakwood,2,17
Oakwood,3,31
Oakwood,4,1
Oark,2,2
Oark,4,1
Oberlin,1,1
Oberlin,2,9
Oberon,2,2
Obetz,2,6
Obion,2,1
Obrien,1,2
Obrien,2,16
Ocala,1,35
Ocala,2,4257
Ocala,3,178
Ocala,4,37
Ocate,4,1
Occidental,1,2
Occidental,2,57
Occoquan,2,32
Ocean,2,3
Ocean Beach,2,2
Ocean City,1,1
Ocean City,2,273
Ocean City,3,2
Ocean City,4,10
Ocean Isle Beach,2,8
Ocean Isle Beach,4,2
Ocean Park,2,2
Ocean Shores,2,3
Ocean Springs,1,1
Ocean Springs,2,38
Ocean Springs,3,5
Ocean View,2,33
Oceano,2,125
Oceanport,2,3
Oceanport,4,2
Oceanside,1,10
Oceanside,2,1056
Oceanside,3,92
Oceanside,4,2
Ocheyedan,2,1
Ochlocknee,2,3
Ochlocknee,4,1
Ochopee,1,1
Ochopee,2,66
Ochopee,3,38
Ochopee,4,13
Ocilla,2,1
Ocklawaha,1,2
Ocklawaha,2,112
Ocklawaha,4,2
Ocoee,1,16
Ocoee,2,564
Ocoee,3,6
Ocoee,4,3
Oconomowoc,1,1
Oconomowoc,2,79
Oconomowoc,3,10
Oconomowoc,4,5
Oconto,2,6
Odebolt,2,1
Odell,2,2
Odell,3,13
Odem,2,1
Oden,2,4
Oden,4,1
Odenton,2,31
Odenton,4,2
Odenville,2,10
Odessa,1,20
Odessa,2,302
Odessa,3,13
Odessa,4,11
Odon,4,1
Odonnell,2,1
Oelwein,2,6
Oelwein,4,2
O'Fallon,1,1
O'Fallon,2,44
O'Fallon,3,12
O'Fallon,4,1
Offerle,2,1
Ogallala,2,35
Ogallala,3,1
Ogallala,4,2
Ogden,1,19
Ogden,2,2245
Ogden,3,207
Ogden,4,13
Ogdensburg,2,3
Ogdensburg,4,2
Ogema,2,4
Ogilvie,2,53
Oglesby,2,3
Oglesby,3,19
Oglethorpe,2,4
Oglethorpe,4,1
Ohatchee,2,4
Ohio City,2,2
Ohiopyle,2,3
Ohiopyle,4,1
Oil City,1,1
Oil City,2,24
Oil City,4,4
Oil Trough,2,1
Oil Trough,4,1
Oilmont,2,1
Oilville,2,41
Oilville,3,9
Oilville,4,3
Ojai,1,2
Ojai,2,396
Okabena,2,8
Okahumpka,2,83
Okahumpka,4,2
Okanogan,4,1
Okatie,1,6
Okatie,2,242
Okauchee,2,1
Okawville,2,8
Okawville,3,17
Okawville,4,2
Okeechobee,1,2
Okeechobee,2,281
Okeechobee,3,10
Okeechobee,4,23
Okemos,2,17
Okemos,4,4
Oklahoma City,1,573
Oklahoma City,2,5590
Oklahoma City,3,405
Oklahoma City,4,5
Oklaunion,2,4
Oklaunion,4,1
Oklee,2,1
Okmulgee,2,3
Okolona,2,1
Oktaha,2,1
Ola,2,4
Ola,4,2
Olalla,2,1
Olancha,2,18
Olancha,3,1
Olanta,2,86
Olanta,4,1
Olar,2,48
Olathe,1,1
Olathe,2,664
Olathe,3,87
Olathe,4,4
Olathe city,2,3
Olathe city,3,9
Olaton,2,1
Old Appleton,4,1
Old Bridge,2,142
Old Bridge,3,1
Old Bridge,4,8
Old Chatham,2,98
Old Chatham,3,6
Old Fort,2,131
Old Fort,3,15
Old Fort,4,13
Old Greenwich,2,52
Old Greenwich,3,4
Old Hickory,1,11
Old Hickory,2,198
Old Hickory,4,1
Old Lyme,2,116
Old Lyme,3,17
Old Lyme,4,5
Old Mill Creek,2,2
Old Monroe,2,3
Old Saybrook,2,105
Old Saybrook,3,16
Old Saybrook,4,8
Old Station,2,73
Old Station,4,2
Old Town,2,110
Old Town,3,1
Old Town,4,1
Old Westbury,1,2
Old Westbury,2,418
Old Westbury,3,23
Old Westbury,4,2
Oldfort,2,3
Oldsmar,1,6
Oldsmar,2,214
Oldtown,2,2
Olean,2,8
Olean,3,1
Olean,4,3
Oley,2,4
Oley,4,5
Olin,2,8
Olin,4,1
Olive,2,4
Olive Branch,2,42
Olive Branch,3,3
Olive Branch,4,3
Olive Hill,2,8
Olive Hill,3,2
Olive Hill,4,2
Olivehurst,1,5
Olivehurst,2,518
Olivehurst,3,1
Olivehurst,4,2
Oliver Springs,2,7
Oliver Springs,4,1
Olivet,2,23
Olivet,3,3
Olivet,4,2
Olivia,1,1
Olivia,2,36
Olla,1,1
Olmsted Falls,2,9
Olmsted Falls,3,7
Olmsted Twp,2,1
Olmsted Twp,3,1
Olney,2,6
Olney Springs,2,3
Olney Springs,4,2
Olsburg,2,1
Olsburg,4,1
Olton,2,2
Olympia,1,2
Olympia,2,474
Olympia,3,140
Olympia,4,15
Olympic Valley,2,39
Olympic Valley,3,1
Olyphant,2,36
Olyphant,3,4
Olyphant,4,3
Omaha,1,42
Omaha,2,1335
Omaha,3,326
Omaha,4,33
Omak,2,1
Omer,2,2
Omer,4,1
Omro,2,2
Ona,2,98
Onalaska,2,29
Onalaska,3,5
Onalaska,4,1
Onamia,1,2
Onamia,2,140
Onancock,2,7
Onancock,4,7
Onarga,3,36
Onawa,2,9
Onawa,4,1
Oneals,2,4
Oneida,1,1
Oneida,2,63
Oneida,4,2
Oneonta,1,12
Oneonta,2,251
Oneonta,4,4
Onley,2,19
Onley,4,2
Only,2,16
Only,3,12
Only,4,1
Ono,2,2
Onslow,2,1
Onslow,4,1
Onsted,2,1
Ontario,1,8
Ontario,2,6039
Ontario,3,818
Ontario,4,36
Onyx,2,56
Oolitic,4,1
Ooltewah,1,6
Ooltewah,2,825
Ooltewah,3,68
Ooltewah,4,8
Oostburg,3,2
Opa Locka,1,2
Opa Locka,2,2719
Opa Locka,3,3
Opa Locka,4,5
Opa-Locka,1,3
Opa-Locka,2,367
Opa-Locka,4,1
Opdyke,3,2
Opdyke,4,1
Opelika,1,9
Opelika,2,241
Opelika,3,136
Opelika,4,8
Opelousas,2,8
Opelousas,3,2
Opelousas,4,1
Opheim,2,2
Opp,2,8
Oracle,2,20
Oracle,4,1
Oradell,2,2
Orange,1,7
Orange,2,2661
Orange,3,118
Orange,4,50
Orange Beach,2,3
Orange City,1,1
Orange City,2,124
Orange City,3,14
Orange City,4,1
Orange Cove,1,2
Orange Cove,2,126
Orange Park,1,3
Orange Park,2,1132
Orange Park,3,37
Orange Park,4,2
Orange Springs,2,4
Orangeburg,1,35
Orangeburg,2,1548
Orangeburg,3,72
Orangeburg,4,4
Orangevale,1,11
Orangevale,2,490
Orangeville,1,1
Orangeville,2,86
Orangeville,3,1
Orangeville,4,8
Orbisonia,1,1
Orbisonia,2,25
Orbisonia,4,1
Orchard,2,17
Orchard,4,8
Orchard Park,2,20
Orcutt,2,5
Orderville,2,3
Ordway,2,6
Ordway,4,2
Oreana,3,4
Orefield,2,5
Orefield,4,1
Oregon,1,2
Oregon,2,15
Oregon,3,10
Oregon,4,2
Oregon City,2,430
Oregon City,3,24
Oregon City,4,28
Oregon House,2,40
Oregonia,2,14
Oregonia,3,12
Oregonia,4,3
Oreland,1,3
Oreland,2,77
Oreland,3,2
Oreland,4,1
Orem,1,9
Orem,2,366
Orem,3,80
Orem,4,1
Orford,3,1
Orfordville,2,5
Orfordville,4,1
Orick,1,1
Orick,2,121
Orient,1,2
Orient,2,35
Orient,3,5
Orient,4,2
Orinda,1,9
Orinda,2,535
Orinda,3,3
Oriska,2,34
Oriskany,2,28
Oriskany Falls,2,9
Oriskany Falls,4,1
Orland,1,2
Orland,2,306
Orland,3,5
Orland,4,2
Orland Park,1,1
Orland Park,2,22
Orland Park,3,4
Orlando,1,310
Orlando,2,50547
Orlando,3,695
Orlando,4,231
Orleans,2,21
Orleans,4,1
Orlinda,2,2
Ormond Beach,1,1
Ormond Beach,2,547
Ormond Beach,3,71
Ormond Beach,4,11
Ormsby,2,4
Oro Grande,1,1
Oro Grande,2,70
Oro Grande,4,1
Oro Valley,1,1
Oro Valley,2,22
Orofino,2,1
Orofino,4,1
Orondo,2,2
Orondo,4,4
Orono,3,2
Oronoco,1,2
Oronoco,2,88
Orosi,1,1
Orosi,2,222
Orosi,4,2
Orovada,2,17
Oroville,1,9
Oroville,2,1427
Oroville,3,2
Oroville,4,7
Orr,2,50
Orrstown,2,17
Orrstown,4,7
Orrtanna,2,27
Orrtanna,4,2
Orrum,2,16
Orrum,4,3
Orrville,2,12
Orting,1,1
Orting,2,32
Ortonville,2,5
Ortonville,4,1
Orwell,2,4
Orwigsburg,2,5
Orwigsburg,4,1
Osage,2,49
Osage,4,1
Osakis,2,161
Osburn,2,3
Osburn,4,1
Osceola,2,75
Osceola,3,6
Osceola,4,8
Osceola Mills,2,45
Osceola Mills,4,3
Oscoda,2,5
Oscoda,4,2
Osgood,2,8
Osgood,4,2
Oshkosh,2,64
Oshkosh,3,20
Oshkosh,4,1
Oskaloosa,2,16
Oskaloosa,3,1
Oskaloosa,4,2
Osprey,1,2
Osprey,2,136
Osprey,3,2
Osseo,2,667
Osseo,3,30
Osseo,4,7
Ossian,2,1
Ossining,1,1
Ossining,2,191
Ossining,3,2
Ossining,4,3
Ossipee,2,1
Osteen,2,96
Osteen,3,4
Osteen,4,3
Osterburg,1,1
Osterburg,2,38
Osterburg,3,3
Osterburg,4,5
Osterville,1,1
Osterville,2,1
Ostrander,2,14
Oswego,2,34
Oswego,4,23
Osyka,2,3
Osyka,4,1
Otego,2,1
Othello,2,5
Othello,4,1
Otis,2,182
Otis,4,10
Otis Orchards,2,6
Otisco,2,1
Otisville,1,5
Otisville,2,76
Otley,2,7
Otley,4,2
Otsego,2,3
Otsego,4,1
Ottawa,1,1
Ottawa,2,18
Ottawa,3,33
Ottawa,4,1
Ottawa Lake,2,42
Ottawa Lake,4,4
Otter,2,8
Otter Lake,2,1
Otter Rock,2,16
Ottertail,2,24
Otto,2,3
Ottsville,2,3
Ottumwa,2,32
Ottumwa,3,1
Ottumwa,4,11
Ouray,2,6
Ouray,4,4
Outing,2,8
Ovando,2,23
Overbrook,2,1
Overbrook,4,1
Overgaard,2,13
Overgaard,3,1
Overgaard,4,2
Overland Park,1,7
Overland Park,2,816
Overland Park,3,114
Overland Park,4,3
Overton,1,2
Overton,2,81
Overton,3,6
Overton,4,7
Ovett,2,1
Ovid,2,23
Ovid,3,1
Ovid,4,14
Oviedo,1,3
Oviedo,2,463
Oviedo,3,11
Oviedo,4,12
Owasso,1,3
Owasso,2,6
Owatonna,2,309
Owatonna,3,4
Owego,2,15
Owego,4,2
Owens Cross Roads,1,2
Owens Cross Roads,2,96
Owensboro,2,6
Owensboro,4,3
Owensville,2,3
Owensville,4,1
Owenton,2,1
Owenton,4,1
Owings,2,5
Owings,4,2
Owings Mills,2,188
Owings Mills,3,13
Owings Mills,4,14
Owingsville,2,1
Owingsville,3,2
Oxbow,2,7
Oxford,1,9
Oxford,2,574
Oxford,3,54
Oxford,4,25
Oxnard,1,16
Oxnard,2,1025
Oxnard,3,2
Oxnard,4,4
Oxon Hill,1,2
Oxon Hill,2,673
Oxon Hill,3,36
Oxon Hill,4,18
Oyster Bay,1,1
Oyster Bay,2,1
Ozark,1,1
Ozark,2,148
Ozark,3,3
Ozark,4,21
Ozone Park,2,48
Pace,2,1
Pacheco,1,1
Pacheco,2,24
Pacific,1,2
Pacific,2,167
Pacific,3,56
Pacific,4,8
Pacific Beach,2,7
Pacific Grove,2,9
Pacific Junction,2,33
Pacific Junction,3,8
Pacific Junction,4,3
Pacific Palisades,2,32
Pacific Palisades,4,2
Pacifica,1,3
Pacifica,2,145
Pacifica,4,4
Packwood,2,5
Pacoima,1,3
Pacoima,2,1192
Pacoima,3,236
Pacoima,4,12
Pacolet,1,8
Pacolet,2,97
Paducah,1,2
Paducah,2,13
Paducah,3,1
Paducah,4,4
Paeonian Springs,2,43
Paeonian Springs,4,5
Page,2,31
Page,4,4
Pageland,1,7
Pageland,2,131
Pageland,4,1
Pagosa Springs,2,16
Pagosa Springs,4,5
Pahokee,2,3
Paicines,2,70
Paige,2,1
Painesville,2,45
Painesville,3,17
Painesville,4,3
Paint Rock,2,5
Painted Post,2,15
Painted Post,4,1
Painter,2,23
Painter,4,2
Paisley,2,58
Paisley,4,1
Pala,2,188
Pala,3,1
Pala,4,3
Palacios,2,1
Palatine,1,7
Palatine,2,312
Palatine,3,1
Palatine,4,5
Palatka,1,3
Palatka,2,202
Palatka,4,2
Palenville,4,2
Palermo,2,55
Palestine,2,75
Palestine,4,7
Palisade,2,48
Palisade,3,13
Palisade,4,3
Palisades,2,12
Palisades Park,2,49
Palisades Park,3,1
Palisades Park,4,5
Pall Mall,2,1
Pall Mall,4,1
Palm,2,9
Palm,4,2
Palm Bay,2,278
Palm Bay,3,39
Palm Bay,4,4
Palm Beach,2,4
Palm Beach Gardens,1,5
Palm Beach Gardens,2,646
Palm Beach Gardens,3,97
Palm Beach Gardens,4,10
Palm City,1,2
Palm City,2,403
Palm City,3,37
Palm City,4,11
Palm Coast,1,2
Palm Coast,2,226
Palm Coast,3,38
Palm Coast,4,11
Palm Harbor,1,52
Palm Harbor,2,1839
Palm Harbor,3,4
Palm Harbor,4,3
Palm Springs,2,3
Palmdale,1,16
Palmdale,2,1578
Palmdale,3,6
Palmdale,4,9
Palmer,2,29
Palmer,3,15
Palmer,4,2
Palmer Lake,2,1
Palmer Lake,4,1
Palmerton,2,6
Palmerton,4,2
Palmetto,1,35
Palmetto,2,1002
Palmetto,3,79
Palmetto,4,12
Palmetto Bay,2,406
Palmview,2,1
Palmyra,2,116
Palmyra,3,5
Palmyra,4,41
Palo,2,4
Palo Alto,1,16
Palo Alto,2,972
Palo Alto,3,9
Palo Alto,4,1
Palo Cedro,2,97
Palos Heights,1,1
Palos Heights,2,7
Palos Hills,2,11
Palos Park,2,5
Palos Verdes Peninsula,2,25
Palos Verdes Peninsula,4,2
Palouse,2,3
Pampa,2,4
Pampa,4,3
Pamplico,1,5
Pamplico,2,166
Pamplico,4,1
Pamplin,2,13
Pamplin,3,1
Pamplin,4,8
Pamplin City,2,4
Pamplin City,4,2
Panaca,2,1
Panacea,2,24
Panama City,1,16
Panama City,2,1034
Panama City,3,1
Panama City,4,16
Panama City Beach,1,5
Panama City Beach,2,319
Panama City Beach,4,3
Pangburn,2,4
Pangburn,4,1
Panguitch,2,67
Panguitch,4,1
Panhandle,2,3
Panhandle,3,2
Panhandle,4,1
Panorama City,2,23
Pantego,2,5
Pantego,4,2
Paola,2,4
Paoli,1,2
Paoli,2,125
Papillion,1,1
Papillion,2,73
Papillion,4,1
Parachute,2,31
Parachute,3,4
Parachute,4,2
Paradise,1,3
Paradise,2,219
Paradise,4,25
Paradise Valley,1,1
Paradise Valley,2,80
Paragon,2,3
Paragon,4,3
Paragonah,1,2
Paragonah,2,145
Paragonah,3,4
Paragonah,4,1
Paragould,2,35
Paragould,4,12
Paramount,1,1
Paramount,2,954
Paramount,3,165
Paramount,4,2
Paramus,1,1
Paramus,2,580
Paramus,3,8
Paramus,4,1
Pardeeville,2,5
Pardeeville,4,3
Paris,2,25
Paris,3,1
Paris,4,7
Parish,2,11
Parish,3,3
Parish,4,6
Park City,1,3
Park City,2,887
Park City,3,58
Park City,4,6
Park Falls,2,2
Park Falls,4,1
Park Hall,2,2
Park Hills,2,1
Park Rapids,2,98
Park Ridge,1,1
Park Ridge,2,62
Park Ridge,3,15
Park Ridge,4,5
Park River,2,2
Park Valley,2,25
Parkdale,2,2
Parkdale,4,2
Parker,1,12
Parker,2,290
Parker,3,50
Parker,4,22
Parker Dam,2,11
Parkers Lake,2,1
Parkers Prairie,2,25
Parkersburg,2,137
Parkersburg,4,6
Parkesburg,1,3
Parkesburg,2,161
Parkesburg,4,10
Parkhill,2,2
Parkin,2,3
Parkman,2,1
Parks,2,12
Parks,3,1
Parks,4,2
Parksley,2,46
Parksley,4,8
Parkston,4,1
Parksville,2,6
Parkton,2,267
Parkton,3,23
Parkton,4,18
Parkville,2,322
Parkville,3,48
Parkville,4,17
Parlier,1,1
Parlier,2,118
Parlin,2,47
Parlin,3,1
Parlin,4,2
Parma,2,96
Parma,3,25
Parma,4,18
Paron,2,1
Parowan,2,45
Parrish,1,20
Parrish,2,302
Parrish,3,2
Parrish,4,7
Parrott,2,5
Parrott,4,1
Parrottsville,2,1
Parshall,2,6
Parsippany,2,453
Parsippany,3,121
Parsippany,4,9
Parsons,2,9
Parsons,4,1
Parsonsburg,1,1
Parsonsburg,2,18
Parsonsburg,4,4
Partlow,2,8
Partlow,4,8
Pasadena,1,20
Pasadena,2,2906
Pasadena,3,311
Pasadena,4,20
Pascagoula,2,1
Pasco,2,8
Pasco,3,1
Pasco,4,3
Paskenta,2,2
Paso Robles,1,4
Paso Robles,2,647
Paso Robles,3,4
Paso Robles,4,1
Pass Christian,2,29
Pass Christian,3,3
Pass Christian,4,4
Passaic,2,95
Passaic,4,2
Pataskala,1,4
Pataskala,2,82
Pataskala,3,10
Patchogue,1,4
Patchogue,2,136
Patchogue,4,2
Pateros,2,2
Pateros,4,1
Paterson,2,432
Paterson,3,76
Paterson,4,9
Patoka,2,3
Patoka,4,1
Patrick,1,2
Patrick,2,40
Patrick AFB,2,3
Patrick Air Force Base,2,2
Patrick Springs,2,8
Patrick Springs,4,5
Patterson,1,7
Patterson,2,463
Patterson,3,20
Patterson,4,3
Pattersonville,2,49
Pattersonville,4,1
Patton,2,44
Pattonsburg,3,1
Patuxent River,2,2
Paul Smiths,2,1
Paulden,1,1
Paulden,2,52
Paulden,4,4
Paulina,2,7
Pauline,1,5
Pauline,2,82
Paullina,2,1
Paullina,4,1
Pauls Valley,2,1
Pauls Valley,3,1
Paulsboro,2,25
Paulsboro,3,2
Paulsboro,4,3
Paupack,2,1
Paupack,4,2
Paw Paw,2,109
Paw Paw,3,19
Paw Paw,4,14
Pawcatuck,1,1
Pawcatuck,2,21
Pawcatuck,3,5
Pawcatuck,4,3
Pawleys Island,1,13
Pawleys Island,2,301
Pawling,2,31
Pawnee City,2,1
Pawtucket,1,22
Pawtucket,2,173
Pawtucket,3,103
Paxinos,2,44
Paxinos,4,11
Paxton,2,11
Paxton,3,14
Paxton,4,2
Payette,4,1
Paynes Creek,2,48
Paynes Creek,4,1
Paynesville,1,1
Paynesville,2,62
Payson,1,6
Payson,2,447
Payson,3,24
Payson,4,33
Pe Ell,2,4
Pea Ridge,2,6
Pea Ridge,4,3
Peabody,1,11
Peabody,2,177
Peabody,3,19
Peach Bottom,1,1
Peach Bottom,2,35
Peach Bottom,4,4
Peach Springs,2,1
Peachland,2,13
Peachland,4,8
Peachtree City,1,2
Peachtree City,2,23
Peachtree City,4,8
Peachtree Corners,2,19
Peachtree Corners,3,1
Peachtree Corners,4,1
Peak,2,1
Pearblossom,2,36
Pearblossom,3,1
Pearblossom,4,1
Pearcy,2,12
Pearcy,4,3
Pearisburg,2,16
Pearisburg,4,6
Pearl,2,99
Pearl,3,15
Pearl,4,3
Pearl River,2,44
Pearl River,3,12
Pearl River,4,2
Pearland,1,1
Pearland,2,50
Pearland,4,1
Pearsall,2,6
Pearsall,4,4
Pearson,2,4
Pearson,4,2
Pebble Beach,1,2
Pebble Beach,2,157
Pecatonica,2,1
Peck,3,2
Peckville,2,1
Peckville,4,1
Peconic,2,1
Pecos,2,23
Pecos,3,2
Pecos,4,11
Peculiar,2,58
Peculiar,3,7
Peculiar,4,2
Pedricktown,2,61
Pedricktown,3,6
Pedricktown,4,6
Peebles,2,5
Peekskill,2,113
Peekskill,4,2
Peetz,2,1
Peetz,4,2
Pegram,1,1
Pegram,2,25
Pegram,3,1
Pekin,1,19
Pekin,2,169
Pekin,3,3
Pelahatchie,2,16
Pelahatchie,3,3
Pelahatchie,4,3
Pelham,1,11
Pelham,2,501
Pelham,3,38
Pelham,4,8
Pelican Rapids,2,15
Pelion,1,5
Pelion,2,129
Pelion,4,2
Pell City,1,1
Pell City,2,87
Pell City,3,15
Pell City,4,6
Pella,2,5
Pella,4,1
Pelzer,1,48
Pelzer,2,572
Pelzer,3,8
Pelzer,4,6
Pemberton,1,3
Pemberton,2,6
Pemberville,2,4
Pembina,2,9
Pembroke,1,5
Pembroke,2,67
Pembroke,3,4
Pembroke,4,6
Pembroke Pines,1,2
Pembroke Pines,2,208
Pembroke Pines,3,22
Pembroke Pines,4,3
Pen Argyl,2,2
Pen Argyl,4,10
Pendergrass,1,1
Pendergrass,2,79
Pendergrass,3,18
Pendergrass,4,3
Pendleton,1,27
Pendleton,2,2353
Pendleton,3,50
Pendleton,4,84
Penfield,1,6
Penfield,2,454
Penfield,3,27
Penfield,4,10
Pengilly,2,21
Penhook,2,12
Penhook,3,1
Penhook,4,7
Peninsula,2,18
Peninsula,3,6
Penitas,2,1
Penllyn,2,1
Penn,2,5
Penn Laird,2,36
Penn Laird,4,4
Penn Run,2,12
Penn Run,4,6
Penn Valley,1,2
Penn Valley,2,216
Penn Yan,2,1
Penngrove,1,7
Penngrove,2,174
Penngrove,4,2
Pennington,2,38
Pennington,4,5
Pennington Gap,2,26
Pennington Gap,4,9
Pennock,2,4
Penns Grove,2,111
Penns Grove,3,10
Penns Grove,4,4
Pennsauken,2,194
Pennsauken,3,1
Pennsauken,4,8
Pennsboro,2,7
Pennsburg,1,2
Pennsburg,2,120
Pennsburg,4,3
Pennsville,2,17
Pennsville,3,5
Pennsylvania Furnace,2,17
Pennsylvania Furnace,4,1
Pennville,2,3
Pennville,4,1
Penrose,2,48
Penrose,4,11
Penryn,1,1
Penryn,2,120
Penryn,3,5
Pensacola,1,68
Pensacola,2,5497
Pensacola,3,196
Pensacola,4,28
Pentwater,2,2
Pentwater,3,1
Peoa,2,47
Peoa,4,1
Peoria,1,15
Peoria,2,761
Peoria,3,115
Peoria,4,13
Peosta,2,12
Peosta,3,1
Peosta,4,6
Peotone,2,17
Peotone,3,38
Peotone,4,8
Pepperell,2,10
Pequannock,2,3
Pequea,2,15
Pequot Lakes,2,14
Percival,1,1
Percival,2,21
Percival,3,3
Percival,4,5
Perdido,1,1
Perdido,2,24
Perdido,3,9
Perdido,4,2
Perham,2,66
Peridot,2,30
Peridot,4,6
Perkasie,2,6
Perkinston,2,1
Perkiomenville,2,69
Perkiomenville,4,2
Perrinton,2,1
Perris,1,29
Perris,2,1954
Perris,3,75
Perris,4,11
Perry,1,2
Perry,2,335
Perry,3,33
Perry,4,36
Perry Hall,2,131
Perry Hall,3,4
Perry Hall,4,7
Perryopolis,1,1
Perryopolis,2,19
Perryopolis,4,4
Perrysburg,1,3
Perrysburg,2,130
Perrysburg,3,98
Perrysburg,4,2
Perrysville,2,9
Perrysville,3,1
Perrysville,4,1
Perryton,2,2
Perryton,4,2
Perryville,2,283
Perryville,3,33
Perryville,4,33
Perth Amboy,2,159
Perth Amboy,3,7
Perth Amboy,4,7
Peru,1,2
Peru,2,29
Peru,3,25
Peru,4,10
Pescadero,2,84
Peshastin,2,13
Peshastin,3,1
Peshastin,4,2
Pesotum,2,2
Pesotum,3,21
Petal,1,2
Petal,2,12
Petaluma,1,31
Petaluma,2,1457
Petaluma,3,5
Petaluma,4,9
Peterborough,1,1
Peterborough,2,11
Peterman,2,2
Petersburg,1,5
Petersburg,2,1084
Petersburg,3,151
Petersburg,4,91
Peterson,2,6
Petoskey,2,7
Petoskey,4,8
Petrified Forest Natl Pk,2,5
Petrified Forest Natl Pk,3,4
Petrified Forest Natl Pk,4,1
Petroleum,2,2
Petrolia,2,10
Petrolia,4,1
Pettigrew,4,1
Pevely,2,13
Pevely,3,15
Pevely,4,1
Pewaukee,2,51
Pewaukee,3,20
Pewaukee,4,5
Peyton,2,37
Peyton,3,1
Peyton,4,16
Pfafftown,1,1
Pfafftown,2,5
Pfafftown,4,2
Pflugerville,1,41
Pflugerville,2,900
Pflugerville,3,47
Pflugerville,4,5
Pharr,2,4
Pharr,3,6
Pharr,4,3
Phelan,1,5
Phelan,2,1055
Phelan,3,19
Phelan,4,12
Phelps,2,158
Phelps,3,9
Phelps,4,1
Phenix,2,1
Phenix,4,2
Phenix City,1,1
Phenix City,2,213
Phenix City,3,4
Phenix City,4,4
Phil Campbell,2,3
Philadelphia,1,26
Philadelphia,2,5791
Philadelphia,3,1570
Philadelphia,4,259
Philippi,2,3
Philippi,4,1
Philipsburg,2,362
Philipsburg,3,6
Philipsburg,4,34
Phillips,2,1
Phillipsburg,2,55
Phillipsburg,3,4
Phillipsburg,4,6
Philmont,2,1
Philo,1,1
Philo,2,62
Philomath,2,80
Philomath,3,1
Philomath,4,1
Phoenix,1,165
Phoenix,2,14228
Phoenix,3,1851
Phoenix,4,59
Phoenixville,1,15
Phoenixville,2,576
Phoenixville,3,6
Phoenixville,4,11
Piankatank,2,1
Picacho,2,37
Picacho,4,2
Picatinny Arsenal,2,2
Picayune,2,17
Picayune,3,4
Picayune,4,4
Pickens,1,39
Pickens,2,456
Pickens,3,1
Pickens,4,2
Pickerington,1,1
Pickerington,2,51
Pickerington,3,17
Pickerington,4,2
Pickrell,2,2
Pickrell,4,1
Pico Rivera,1,1
Pico Rivera,2,213
Pico Rivera,3,9
Pico Rivera,4,2
Piedmont,1,131
Piedmont,2,1821
Piedmont,3,89
Piedmont,4,15
Pierce,2,2
Piercy,2,71
Piercy,4,1
Piermont,2,2
Pierson,1,2
Pierson,2,75
Pierson,4,7
Pierz,2,52
Piffard,2,3
Pike Road,1,4
Pike Road,2,152
Pike Road,3,33
Pike Road,4,3
Pikesville,1,2
Pikesville,2,729
Pikesville,3,69
Pikesville,4,38
Piketon,2,9
Piketon,4,1
Pikeville,2,25
Pikeville,3,1
Pikeville,4,7
Pilesgrove,2,9
Pilesgrove,3,1
Pilesgrove,4,1
Pillager,1,1
Pillager,2,51
Pilot,2,2
Pilot,4,1
Pilot Hill,2,36
Pilot Mound,2,1
Pilot Mountain,2,47
Pilot Mountain,4,4
Pilot Point,2,1
Pilot Rock,2,67
Pilot Rock,4,1
Pima,1,1
Pima,2,4
Pima,4,2
Pinckney,2,2
Pinckney,4,2
Pinconning,2,17
Pinconning,3,1
Pindall,2,1
Pine,2,36
Pine,3,2
Pine,4,9
Pine Apple,2,1
Pine Bluff,2,89
Pine Bluff,4,26
Pine Bluffs,2,20
Pine Brook,2,32
Pine Brook,3,3
Pine Brook,4,1
Pine Bush,2,2
Pine City,1,1
Pine City,2,212
Pine City,3,3
Pine City,4,2
Pine Grove,1,1
Pine Grove,2,204
Pine Grove,3,11
Pine Grove,4,9
Pine Grove Mills,2,12
Pine Hall,2,3
Pine Hill,2,2
Pine Island,1,1
Pine Island,2,108
Pine Island,4,3
Pine Knot,4,1
Pine Mountain,2,32
Pine Mountain,3,6
Pine Mountain,4,3
Pine Mountain Club,2,23
Pine Mountain Valley,2,6
Pine Mountain Valley,4,2
Pine Plains,1,1
Pine Plains,2,29
Pine Plains,4,1
Pine River,2,33
Pine Valley,2,4
Pinebluff,2,2
Pinebluff,3,1
Pinebluff,4,2
Pinecrest,2,19
Pinehurst,1,1
Pinehurst,2,25
Pinehurst,3,7
Pineland,1,2
Pineland,2,39
Pinellas Park,1,34
Pinellas Park,2,862
Pinellas Park,3,3
Pinellas Park,4,3
Pinetop,2,4
Pinetop-Lakeside,1,1
Pinetops,2,9
Pinetops,4,4
Pinetown,2,4
Pinetown,3,1
Pinetta,1,1
Pinetta,2,22
Pineville,1,5
Pineville,2,293
Pineville,3,34
Pineville,4,12
Pinewood,1,3
Pinewood,2,78
Piney Flats,1,1
Piney Flats,2,10
Pingree,2,8
Pink Hill,2,17
Pink Hill,4,6
Pinnacle,2,45
Pinnacle,4,9
Pinola,4,1
Pinole,1,3
Pinole,2,297
Pinole,3,79
Pinole,4,2
Pinon Hills,1,3
Pinon Hills,2,169
Pinon Hills,3,1
Pinopolis,2,13
Pinson,2,47
Pinson,4,5
Pioche,2,3
Pioche,3,1
Pioneer,1,1
Pioneer,2,374
Pioneer,3,24
Pioneer,4,9
Pipe Creek,2,1
Pipersville,2,2
Pipersville,4,1
Piqua,2,36
Piqua,3,17
Piru,1,1
Piru,2,69
Piru,3,1
Piscataway,1,1
Piscataway,2,155
Piscataway,3,29
Piscataway,4,4
Pisgah,2,1
Pisgah Forest,2,33
Pisgah Forest,4,15
Pismo Beach,1,5
Pismo Beach,2,236
Pismo Beach,3,3
Pitman,2,1
Pitts,2,1
Pitts,4,1
Pittsboro,2,56
Pittsboro,4,4
Pittsburg,1,30
Pittsburg,2,1185
Pittsburg,3,3
Pittsburg,4,5
Pittsburgh,1,87
Pittsburgh,2,3957
Pittsburgh,3,590
Pittsburgh,4,314
Pittsfield,2,5
Pittsfield,3,4
Pittsford,1,4
Pittsford,2,294
Pittsford,3,3
Pittsford,4,2
Pittston,1,1
Pittston,2,96
Pittston,3,33
Pittston,4,3
Pittsview,2,7
Pittsville,2,17
Pittsville,4,4
Pixley,1,2
Pixley,2,245
Pixley,3,1
Pixley,4,3
Placentia,2,206
Placerville,1,10
Placerville,2,1096
Placerville,3,1
Placerville,4,6
Placida,2,2
Plain City,1,1
Plain City,2,52
Plain City,3,1
Plain City,4,1
Plain Dealing,2,1
Plainfield,1,1
Plainfield,2,165
Plainfield,3,190
Plainfield,4,25
Plains,2,76
Plains,4,2
Plainsboro,2,2
Plainview,1,1
Plainview,2,235
Plainview,3,12
Plainview,4,10
Plainville,1,1
Plainville,2,350
Plainville,3,49
Plainville,4,14
Plainwell,2,35
Plainwell,3,2
Plainwell,4,6
Plaistow,2,12
Planada,2,54
Plano,1,26
Plano,2,808
Plano,3,11
Plano,4,2
Plant City,1,37
Plant City,2,1088
Plant City,3,157
Plant City,4,6
Plantation,2,144
Plantation,4,2
Plantersville,1,1
Plantersville,2,9
Plantsville,2,128
Plantsville,3,38
Plantsville,4,9
Plaquemine,2,9
Plaquemine,4,2
Platina,1,1
Platina,2,37
Plato,1,2
Plato,2,10
Plato,4,1
Platte City,1,3
Platte City,2,105
Platte City,3,19
Platteville,2,66
Platteville,3,35
Platteville,4,17
Plattsburgh,2,6
Plattsburgh,4,16
Plattsmouth,2,3
Playa del Rey,2,10
Playa Vista,2,7
Pleasant City,2,4
Pleasant Dale,2,23
Pleasant Dale,4,3
Pleasant Gap,2,11
Pleasant Garden,2,18
Pleasant Garden,4,5
Pleasant Grove,1,6
Pleasant Grove,2,269
Pleasant Grove,3,41
Pleasant Grove,4,4
Pleasant Hill,1,11
Pleasant Hill,2,559
Pleasant Hill,3,77
Pleasant Hill,4,5
Pleasant Hope,2,2
Pleasant Mount,2,3
Pleasant Plain,2,2
Pleasant Plains,2,4
Pleasant Plains,4,1
Pleasant Prairie,1,1
Pleasant Prairie,2,20
Pleasant Prairie,3,6
Pleasant Prairie,4,2
Pleasant Shade,4,1
Pleasant Unity,2,5
Pleasant Valley,1,1
Pleasant Valley,2,94
Pleasant Valley,4,1
Pleasant View,2,35
Pleasant View,3,3
Pleasant View,4,5
Pleasanton,1,16
Pleasanton,2,1062
Pleasanton,3,208
Pleasanton,4,9
Pleasantville,1,1
Pleasantville,2,187
Pleasantville,3,2
Pleasantville,4,11
Plentywood,2,4
Plevna,2,2
Plover,2,15
Plover,3,2
Plum Branch,2,32
Plum Branch,4,1
Plumas Lake,2,25
Plumerville,2,60
Plumerville,4,10
Plush,2,2
Plymouth,1,13
Plymouth,2,644
Plymouth,3,87
Plymouth,4,34
Plymouth Meeting,1,14
Plymouth Meeting,2,678
Plymouth Meeting,3,83
Plymouth Meeting,4,3
Plympton,1,4
Plympton,2,18
Poca,2,2
Pocahontas,2,32
Pocahontas,3,11
Pocahontas,4,7
Pocasset,1,2
Pocasset,2,2
Pocatello,2,61
Pocatello,4,3
Pocomoke City,2,51
Pocomoke City,3,1
Pocomoke City,4,11
Pocono Lake,1,1
Pocono Lake,2,12
Pocono Lake,3,4
Pocono Lake,4,2
Pocono Manor,2,1
Pocono Pines,1,1
Pocono Summit,2,21
Pocono Summit,3,3
Pocono Summit,4,2
Poestenkill,2,18
Poestenkill,4,1
Point Arena,2,45
Point Harbor,2,9
Point Harbor,4,1
Point Mugu Nawc,2,18
Point Mugu Nawc,3,1
Point of Rocks,1,1
Point of Rocks,2,17
Point of Rocks,4,3
Point Pleasant Beach,2,11
Point Pleasant Boro,2,2
Point Reyes Station,1,2
Point Reyes Station,2,53
Pointblank,2,1
Polacca,2,4
Poland,2,7
Poland,4,1
Polebridge,2,5
Polk,1,1
Polk,2,14
Polk,4,1
Polk City,1,4
Polk City,2,327
Polk City,3,95
Polk City,4,10
Polkton,2,14
Polkton,4,5
Pollock Pines,1,1
Pollock Pines,2,326
Pollock Pines,4,2
Pollocksville,2,10
Pollocksville,4,3
Polo,2,1
Polo,4,1
Polson,2,130
Polson,4,3
Pomaria,1,4
Pomaria,2,139
Pomaria,3,8
Pomaria,4,2
Pomeroy,2,6
Pomeroy,3,1
Pomeroy,4,1
Pomfret,2,1
Pomfret Center,2,20
Pomfret Center,4,10
Pomona,1,17
Pomona,2,2783
Pomona,3,168
Pomona,4,9
Pomona Park,1,1
Pomona Park,2,27
Pompano Beach,1,22
Pompano Beach,2,2280
Pompano Beach,3,268
Pompano Beach,4,21
Pompeys Pillar,2,84
Pompeys Pillar,4,2
Pompton Lakes,2,10
Pompton Lakes,3,1
Pompton Lakes,4,1
Pompton Plains,2,17
Pompton Plains,3,1
Pompton Plains,4,1
Ponce de Leon,2,124
Ponce de Leon,3,13
Ponce de Leon,4,2
Poncha Springs,2,2
Ponchatoula,2,72
Ponchatoula,3,44
Ponchatoula,4,4
Ponder,2,1
Ponderosa,2,1
Ponderosa,4,1
Ponsford,2,6
Ponte Vedra,2,16
Ponte Vedra Beach,2,47
Ponte Vedra Beach,4,1
Pontiac,2,7
Pontiac,3,34
Pooler,1,3
Pooler,2,119
Pooler,3,44
Pooler,4,8
Poolesville,2,7
Poolesville,4,3
Pope,2,4
Pope Valley,1,2
Pope Valley,2,69
Poplar,2,13
Poplar Branch,2,4
Poplar Branch,4,4
Poplar Grove,2,2
Poplarville,2,13
Poplarville,3,2
Poplarville,4,2
Poquoson,1,2
Poquoson,2,8
Port Allegany,2,55
Port Allegany,4,1
Port Allen,2,783
Port Allen,3,108
Port Allen,4,14
Port Angeles,1,2
Port Angeles,2,72
Port Angeles,3,2
Port Angeles,4,4
Port Arthur,2,2
Port Bolivar,2,1
Port Byron,2,89
Port Byron,3,7
Port Byron,4,4
Port Charlotte,1,5
Port Charlotte,2,208
Port Charlotte,3,2
Port Charlotte,4,5
Port Chester,2,332
Port Chester,3,18
Port Chester,4,2
Port Clinton,1,1
Port Clinton,2,20
Port Clinton,4,1
Port Costa,2,7
Port Crane,2,10
Port Crane,3,2
Port Crane,4,2
Port Deposit,2,49
Port Deposit,3,1
Port Deposit,4,7
Port Ewen,2,1
Port Ewen,4,1
Port Gamble,2,2
Port Haywood,2,1
Port Henry,2,2
Port Henry,4,2
Port Hueneme,2,5
Port Huron,2,138
Port Huron,3,12
Port Huron,4,2
Port Isabel,2,1
Port Jefferson,1,1
Port Jefferson,2,2
Port Jefferson Station,2,44
Port Jefferson Station,4,2
Port Jervis,2,51
Port Jervis,3,7
Port Jervis,4,1
Port Lavaca,2,6
Port Lavaca,4,3
Port Ludlow,2,27
Port Ludlow,4,1
Port Matilda,1,2
Port Matilda,2,213
Port Matilda,3,31
Port Matilda,4,14
Port Monmouth,2,2
Port Murray,2,4
Port Norris,2,1
Port O Connor,2,1
Port Orange,2,104
Port Orange,3,14
Port Orange,4,1
Port Orchard,1,2
Port Orchard,2,119
Port Orchard,3,2
Port Orchard,4,2
Port Orford,2,70
Port Reading,2,67
Port Reading,3,1
Port Republic,2,60
Port Republic,4,11
Port Richey,1,18
Port Richey,2,408
Port Richey,3,1
Port Royal,1,1
Port Royal,2,165
Port Royal,3,3
Port Royal,4,9
Port Saint Joe,2,13
Port Saint Lucie,1,1
Port Saint Lucie,2,358
Port Saint Lucie,3,72
Port Saint Lucie,4,7
Port St Joe,2,7
Port St Lucie,1,3
Port St Lucie,2,180
Port St Lucie,3,5
Port Tobacco,2,4
Port Tobacco,4,1
Port Townsend,2,33
Port Townsend,4,2
Port Trevorton,2,27
Port Trevorton,4,2
Port Washington,2,19
Port Washington,3,6
Port Wentworth,1,7
Port Wentworth,2,122
Port Wentworth,3,14
Port Wentworth,4,10
Portage,1,4
Portage,2,446
Portage,3,76
Portage,4,35
Portageville,4,3
Portal,2,5
Portal,4,1
Portales,2,1
Porter,1,4
Porter,2,56
Porter,3,1
Porter,4,2
Porter Corners,2,4
Porter Ranch,1,2
Porter Ranch,2,245
Porter Ranch,3,2
Porter Ranch,4,1
Portersville,2,65
Portersville,3,2
Portersville,4,16
Porterville,1,6
Porterville,2,827
Porterville,3,1
Porterville,4,5
Portia,2,5
Portia,4,1
Portland,1,19
Portland,2,8155
Portland,3,730
Portland,4,173
Portola,2,69
Portola,4,2
Portola Valley,1,1
Portola Valley,2,67
Portola Valley,3,8
Portsmouth,2,709
Portsmouth,3,81
Portsmouth,4,42
Portville,2,6
Portville,4,1
Posen,2,38
Posen,3,199
Posey,2,13
Poseyville,2,6
Poseyville,4,1
Post,2,10
Post,4,1
Post Falls,1,1
Post Falls,2,32
Post Falls,3,2
Post Falls,4,1
Postville,2,1
Potlatch,2,1
Potomac,2,67
Potomac,3,9
Potomac,4,2
Potosi,4,1
Potsdam,2,2
Potsdam,3,1
Potsdam,4,2
Potter,2,3
Potter Valley,2,41
Pottersville,2,24
Potterville,2,3
Potterville,4,2
Potts Camp,2,6
Potts Camp,4,1
Pottstown,1,22
Pottstown,2,1181
Pottstown,3,1
Pottstown,4,26
Pottsville,2,107
Pottsville,3,2
Pottsville,4,20
Poughkeepsie,1,3
Poughkeepsie,2,184
Poughkeepsie,4,9
Poughquag,2,15
Poulan,2,7
Poulan,4,1
Poulsbo,1,1
Poulsbo,2,93
Poulsbo,3,4
Poulsbo,4,1
Pound,2,12
Pound,4,4
Pound Ridge,2,26
Pounding Mill,2,14
Pounding Mill,4,4
Poway,2,2
Powder Springs,1,1
Powder Springs,2,11
Powder Springs,4,2
Powderhorn,2,11
Powderhorn,4,3
Powell,1,5
Powell,2,168
Powell,3,8
Powell,4,4
Powell Butte,2,135
Powell Butte,4,7
Powells Point,2,13
Power,2,20
Powers,2,5
Powers Lake,2,4
Powhatan,1,2
Powhatan,2,336
Powhatan,3,5
Powhatan,4,81
Poy Sippi,2,1
Poynette,2,48
Poynette,3,9
Poynette,4,2
Prague,2,1
Prague,4,1
Prairie City,2,69
Prairie City,3,1
Prairie City,4,1
Prairie du Sac,2,3
Prairie du Sac,4,1
Prairie Grove,2,1
Prairie Grove,4,2
Prairieville,2,40
Prairieville,3,16
Prairieville,4,3
Prather,1,1
Prather,2,91
Prather,4,6
Pratt,2,9
Prattsville,2,2
Prattsville,4,4
Prattville,1,3
Prattville,2,555
Prattville,3,82
Prattville,4,16
Pray,2,7
Preble,2,3
Prentice,2,1
Prentiss,2,2
Prentiss,4,1
Prescott,1,3
Prescott,2,214
Prescott,3,3
Prescott,4,22
Prescott Valley,1,1
Prescott Valley,2,112
Prescott Valley,3,2
Prescott Valley,4,3
Presto,2,11
Preston,1,2
Preston,2,104
Preston,3,1
Preston,4,23
Preston City,2,10
Preston City,4,2
Prestonsburg,2,1
Prewitt,2,32
Prewitt,3,5
Prewitt,4,1
Price,1,4
Price,2,67
Price,3,2
Price,4,1
Prichard,2,2
Pride,2,33
Primos,2,1
Prince Frederick,2,19
Prince George,2,81
Prince George,3,6
Prince George,4,3
Princess Anne,2,22
Princess Anne,3,1
Princess Anne,4,2
Princeton,1,2
Princeton,2,675
Princeton,3,20
Princeton,4,35
Princeton Junction,2,2
Prineville,2,219
Prineville,4,5
Prinsburg,2,6
Prior Lake,1,2
Prior Lake,2,51
Pritchett,2,6
Pritchett,4,2
Proberta,2,1
Proctor,2,33
Proctor,4,4
Prole,2,18
Prole,3,2
Prole,4,2
Prospect,2,153
Prospect,3,6
Prospect,4,4
Prospect Heights,1,1
Prospect Heights,2,3
Prospect Hill,4,1
Prospect Park,2,29
Prospect Park,4,2
Prosper,2,3
Prosperity,1,5
Prosperity,2,201
Prosperity,3,10
Prosperity,4,3
Prosser,2,1
Providence,1,18
Providence,2,826
Providence,3,785
Providence Forge,2,187
Providence Forge,3,15
Providence Forge,4,23
Provincetown,1,4
Provincetown,2,1
Provo,1,8
Provo,2,451
Provo,3,72
Provo,4,3
Pryor,2,1
Pueblo,2,606
Pueblo,3,116
Pueblo,4,78
Pulaski,1,1
Pulaski,2,153
Pulaski,3,15
Pulaski,4,23
Pullman,2,10
Punta Gorda,1,4
Punta Gorda,2,419
Punta Gorda,3,70
Punta Gorda,4,28
Punxsutawney,1,1
Punxsutawney,2,193
Punxsutawney,3,1
Punxsutawney,4,18
Puposky,2,11
Purcell,2,4
Purcell,3,1
Purcell,4,1
Purcellville,1,1
Purcellville,2,268
Purcellville,3,2
Purcellville,4,31
Purchase,2,70
Purchase,3,1
Purdys,2,71
Purdys,3,9
Purgitsville,2,2
Purlear,2,2
Purvis,2,6
Puryear,2,3
Putnam,2,15
Putnam,3,1
Putnam,4,5
Putnam Station,2,9
Putnam Station,4,1
Putnam Valley,1,2
Putnam Valley,2,196
Putnam Valley,3,2
Putnam Valley,4,3
Putney,2,9
Putney,4,1
Puyallup,1,14
Puyallup,2,477
Puyallup,3,10
Puyallup,4,6
Pylesville,2,2
Quaker City,2,10
Quaker City,3,4
Quaker Hill,2,4
Quakertown,2,123
Quakertown,3,48
Quakertown,4,20
Quanah,2,1
Quantico,2,327
Quantico,3,60
Quantico,4,5
Quapaw,2,1
Quarryville,1,4
Quarryville,2,111
Quarryville,4,7
Quartzsite,1,1
Quartzsite,2,77
Quartzsite,3,29
Quartzsite,4,2
Quebeck,2,1
Quecreek,2,1
Queen Anne,2,146
Queen Anne,3,3
Queen Anne,4,9
Queen City,2,2
Queen City,4,2
Queen Creek,2,38
Queens,2,4
Queens Village,2,304
Queens Village,3,6
Queens Village,4,1
Queensbury,1,1
Queensbury,2,228
Queensbury,3,9
Queensbury,4,4
Queenstown,2,224
Queenstown,3,4
Queenstown,4,19
Quicksburg,2,38
Quicksburg,3,7
Quicksburg,4,7
Quilcene,2,33
Quilcene,3,1
Quilcene,4,1
Quinault,2,1
Quincy,1,19
Quincy,2,903
Quincy,3,156
Quincy,4,28
Quinton,1,2
Quinton,2,387
Quinton,3,61
Quinton,4,35
Quitman,2,22
Quitman,3,1
Quitman,4,6
Quogue,2,1
Rabun Gap,2,1
Raceland,2,14
Racine,2,24
Racine,4,1
Rackerby,2,7
Radcliff,2,3
Radcliffe,2,1
Radersburg,2,4
Radford,2,126
Radford,3,17
Radford,4,2
Radnor,1,3
Radnor,2,12
Raeford,2,66
Raeford,4,15
Ragged Point,2,4
Ragland,1,1
Ragland,2,6
Rago,2,1
Rahway,2,51
Rahway,4,4
Raiford,2,20
Rail Road Flat,2,8
Rainbow City,2,2
Rainbow City,4,1
Rainelle,2,2
Rainier,2,158
Rainier,3,1
Rainier,4,3
Rainsville,2,5
Rainsville,4,1
Raisin City,2,12
Raleigh,1,794
Raleigh,2,24434
Raleigh,3,708
Raleigh,4,209
Ralls,2,2
Ralph,2,6
Ralph,4,1
Ralston,2,4
Ralston,4,1
Ramah,2,6
Ramah,4,1
Ramer,2,13
Ramey,2,2
Ramsay,2,1
Ramseur,2,24
Ramseur,4,8
Ramsey,2,32
Rancho Cordova,1,4
Rancho Cordova,2,735
Rancho Cordova,3,3
Rancho Cordova,4,1
Rancho Cucamonga,1,6
Rancho Cucamonga,2,1873
Rancho Cucamonga,3,98
Rancho Cucamonga,4,3
Rancho Dominguez,2,10
Rancho Murieta,2,13
Rancho Palos Verdes,2,4
Rancho Santa Fe,1,1
Rancho Santa Fe,2,290
Rancho Santa Margarita,1,3
Rancho Santa Margarita,2,176
Rancho Santa Margarita,3,1
Ranchos de Taos,2,2
Ranchos de Taos,4,1
Randalia,2,2
Randalia,4,1
Randall,2,20
Randallstown,2,25
Randallstown,4,2
Randle,2,8
Randle,4,3
Randleman,2,29
Randleman,3,2
Randleman,4,8
Randlett,2,7
Randlett,3,1
Randolph,1,8
Randolph,2,299
Randolph,3,62
Randolph,4,7
Randolph Center,3,3
Random Lake,2,2
Randsburg,2,10
Rangely,2,5
Rangely,4,1
Ranger,2,11
Rankin,2,1
Ransomville,1,2
Ransomville,2,5
Ransomville,4,3
Ranson,2,11
Rantoul,2,1
Rantoul,3,22
Rapelje,2,2
Raphine,2,187
Raphine,3,31
Raphine,4,22
Rapidan,2,15
Rapidan,4,5
Rapids City,2,1
Rappahannock Academy,2,16
Rappahannock Academy,3,1
Rappahannock Academy,4,5
Raritan,2,30
Raritan,4,4
Rathdrum,2,5
Rathdrum,4,1
Raton,2,11
Raton,4,1
Ravalli,2,5
Ravalli,4,1
Raven,2,11
Ravena,2,58
Ravendale,2,4
Ravenden,2,1
Ravenden,4,1
Ravenel,1,4
Ravenel,2,27
Ravenna,1,4
Ravenna,2,72
Ravenna,3,5
Ravenna,4,6
Ravenswood,2,65
Ravenswood,4,3
Rawlings,2,3
Rawlings,4,2
Rawlins,2,132
Rawlins,4,13
Rawson,2,3
Rawson,3,1
Ray,2,10
Ray Brook,3,1
Ray City,2,2
Rayland,2,2
Raymond,1,9
Raymond,2,122
Raymond,3,18
Raymond,4,2
Raymondville,2,3
Raymondville,4,1
Raymore,1,1
Raymore,2,16
Raymore,3,2
Rayne,1,2
Rayne,2,71
Rayne,3,5
Rayne,4,4
Raynesford,2,19
Raynham,1,1
Raynham,2,51
Raynham,3,5
Raynham,4,1
Raytown,2,9
Rayville,2,9
Rayville,3,4
Rayville,4,1
Reading,1,14
Reading,2,1017
Reading,3,73
Reading,4,49
Readlyn,2,4
Readlyn,4,2
Reads Landing,2,8
Readsboro,2,1
Readstown,2,1
Readyville,2,2
Reagan,1,1
Reardan,2,1
Rebersburg,2,33
Rebersburg,4,2
Red Bank,2,119
Red Bank,4,3
Red Banks,2,4
Red Banks,3,1
Red Bay,2,1
Red Bluff,1,3
Red Bluff,2,512
Red Bluff,3,9
Red Bluff,4,3
Red Bud,2,1
Red Bud,4,1
Red Cliff,2,5
Red Cliff,4,4
Red Cloud,2,1
Red Hill,2,31
Red Hook,2,131
Red House,2,4
Red House,4,2
Red Level,2,5
Red Lion,1,3
Red Lion,2,106
Red Lion,4,4
Red Lodge,2,47
Red Mountain,2,1
Red Oak,2,40
Red Oak,3,22
Red Oak,4,2
Red Rock,2,1
Red Rock,3,3
Red Springs,2,23
Red Springs,4,2
Red Wing,2,103
Redby,2,1
Redcrest,2,49
Redcrest,3,1
Reddick,1,3
Reddick,2,336
Reddick,3,25
Reddick,4,3
Reddick-McIntosh,2,1
Redding,1,2
Redding,2,835
Redding,3,11
Redding,4,10
Redfield,2,34
Redfield,4,3
Redford,1,3
Redford,2,71
Redford,3,45
Redford,4,3
Redgranite,2,1
Redington Beach,2,6
Redington Shores,2,3
Redkey,2,1
Redkey,4,1
Redlake,2,2
Redlands,1,13
Redlands,2,2029
Redlands,3,214
Redlands,4,7
Redmond,2,631
Redmond,3,6
Redmond,4,19
Redondo Beach,1,1
Redondo Beach,2,210
Redondo Beach,3,46
Redondo Beach,4,1
Redvale,2,2
Redway,1,1
Redway,2,50
Redwood,2,2
Redwood,4,5
Redwood City,1,24
Redwood City,2,1490
Redwood City,3,67
Redwood City,4,5
Redwood Falls,2,95
Redwood Falls,4,4
Redwood Valley,2,143
Redwood Valley,3,1
Redwood Valley,4,2
Reed City,2,8
Reed City,3,1
Reed City,4,3
Reed Point,2,55
Reeder,2,5
Reedley,1,4
Reedley,2,403
Reeds,2,2
Reeds Spring,2,1
Reedsburg,2,1
Reedsburg,4,1
Reedsport,1,1
Reedsport,2,142
Reedsport,3,1
Reedsport,4,1
Reedsville,2,98
Reedsville,3,2
Reedsville,4,11
Reedville,2,11
Reedville,4,4
Reedy,2,3
Reelsville,2,34
Reelsville,3,2
Reelsville,4,1
Reevesville,2,41
Reform,2,12
Reform,4,1
Regent,2,1
Register,2,24
Register,3,1
Register,4,2
Rego Park,2,120
Rego Park,3,7
Rehoboth Beach,2,37
Rehoboth Beach,4,7
Reidsville,2,85
Reidsville,3,1
Reidsville,4,18
Reidville,1,2
Reidville,2,5
Reinholds,2,87
Reinholds,4,2
Reisterstown,1,1
Reisterstown,2,146
Reisterstown,3,15
Reisterstown,4,18
Reliance,2,2
Reliance,4,1
Rembert,1,5
Rembert,2,158
Rembert,4,6
Rembrandt,2,3
Remer,1,1
Remer,2,59
Remer,3,1
Remington,2,135
Remington,3,14
Remington,4,14
Remlap,1,3
Remlap,2,31
Remlap,4,1
Remsen,2,41
Remsen,4,3
Remsenburg,2,1
Remus,2,1
Renfrew,2,1
Renfrew,4,1
Reno,1,31
Reno,2,2453
Reno,3,163
Reno,4,41
Renovo,2,59
Renovo,4,8
Rensselaer,2,344
Rensselaer,3,28
Rensselaer,4,37
Renton,1,4
Renton,2,636
Renton,3,229
Renton,4,11
Renville,2,23
Renville,4,2
Renwick,2,1
Renwick,4,1
Repton,2,3
Repton,4,2
Republic,1,3
Republic,2,179
Republic,3,1
Republic,4,1
Resaca,2,34
Resaca,3,9
Resaca,4,4
Rescue,2,86
Rescue,3,1
Rescue,4,1
Reseda,2,58
Reserve,2,7
Reserve,4,1
Reston,2,226
Reston,4,3
Reunion,2,3
Reva,2,4
Reva,4,2
Revere,1,14
Revere,2,123
Revere,3,1
Revere,4,2
Rew,2,12
Rex,2,42
Rex,3,20
Rex,4,3
Rexburg,2,10
Rexburg,4,1
Rexford,2,84
Reynolds,2,17
Reynolds,4,3
Reynolds Station,2,1
Reynoldsburg,1,5
Reynoldsburg,2,111
Reynoldsburg,3,32
Reynoldsburg,4,4
Reynoldsville,2,167
Reynoldsville,3,7
Reynoldsville,4,11
Rhame,2,2
Rhine,2,1
Rhinebeck,1,1
Rhinebeck,2,195
Rhinebeck,4,4
Rhinelander,2,2
Rhinelander,4,2
Rhoadesville,2,29
Rhoadesville,4,7
Rhodes,2,2
Rhodes,3,1
Rhodesdale,2,13
Rhodesdale,4,4
Rhododendron,2,24
Rhododendron,4,2
Rhome,2,1
Rialto,1,4
Rialto,2,627
Rialto,3,14
Rialto,4,4
Ribera,2,9
Ribera,3,3
Rice,1,1
Rice,2,121
Rice,3,1
Rice,4,12
Rice Lake,2,2
Rice Lake,4,1
Riceboro,2,39
Riceboro,3,10
Riceboro,4,5
Rices Landing,2,7
Rices Landing,4,4
Riceville,2,32
Riceville,3,4
Riceville,4,4
Rich,2,1
Rich Creek,2,7
Rich Creek,4,4
Rich Square,2,12
Rich Square,4,3
Richards,2,1
Richardson,1,5
Richardson,2,1017
Richardson,3,16
Richardson,4,3
Richardton,2,31
Richburg,1,9
Richburg,2,320
Richburg,3,29
Richburg,4,4
Richey,2,1
Richfield,1,2
Richfield,2,368
Richfield,3,135
Richfield,4,15
Richford,2,3
Richgrove,2,3
Richland,2,241
Richland,3,18
Richland,4,20
Richland Hills,2,6
Richland Springs,2,1
Richlands,2,22
Richlands,4,7
Richmond,1,558
Richmond,2,13207
Richmond,3,1326
Richmond,4,172
Richmond Dale,2,2
Richmond Hill,2,277
Richmond Hill,3,37
Richmond Hill,4,3
Richmondville,2,15
Richmondville,4,1
Richton,2,8
Richton Park,2,7
Richton Park,3,13
Richview,3,14
Richview,4,1
Richwood,2,10
Rickman,2,2
Rickreall,2,72
Rickreall,4,4
Riddle,2,84
Riddle,3,3
Riddle,4,1
Ridge,1,1
Ridge,2,13
Ridge,4,2
Ridge Spring,1,1
Ridge Spring,2,51
Ridgecrest,2,272
Ridgecrest,4,1
Ridgefield,2,392
Ridgefield,3,59
Ridgefield,4,9
Ridgefield Park,2,185
Ridgefield Park,3,59
Ridgefield Park,4,6
Ridgeland,1,15
Ridgeland,2,669
Ridgeland,3,34
Ridgeland,4,6
Ridgely,2,19
Ridgely,4,4
Ridgeville,1,11
Ridgeville,2,530
Ridgeville,3,22
Ridgeville,4,7
Ridgeway,1,11
Ridgeway,2,290
Ridgeway,3,9
Ridgeway,4,13
Ridgewood,1,1
Ridgewood,2,290
Ridgewood,3,2
Ridgewood,4,2
Ridgway,1,1
Ridgway,2,154
Ridgway,3,1
Ridgway,4,16
Ridley Park,2,174
Ridley Park,3,25
Ridley Park,4,3
Ridott,2,1
Riegelsville,2,1
Riegelsville,4,1
Riegelwood,2,21
Riegelwood,4,5
Rienzi,2,3
Rienzi,4,1
Riesel,2,1
Rifle,2,95
Rifle,3,10
Rifle,4,24
Riga,2,6
Riga,4,2
Rigby,2,6
Rigby,4,1
Riley,2,59
Riley,4,2
Rileyville,2,19
Rileyville,3,1
Rileyville,4,11
Rimersburg,2,45
Rimforest,2,27
Rimrock,2,73
Rimrock,3,14
Rimrock,4,4
Rincon,1,1
Rincon,2,12
Rincon,3,2
Rincon,4,2
Rindge,1,2
Rindge,2,6
Rindge,3,1
Riner,2,4
Riner,4,2
Rineyville,2,3
Ringgold,1,1
Ringgold,2,166
Ringgold,3,55
Ringgold,4,16
Ringle,2,2
Ringling,2,2
Ringoes,2,11
Ringoes,4,2
Ringtown,2,9
Ringtown,4,4
Ringwood,2,2
Rio,3,7
Rio Dell,2,28
Rio Dell,4,1
Rio Grande,2,27
Rio Grande,4,4
Rio Grande City,2,5
Rio Linda,1,5
Rio Linda,2,382
Rio Linda,4,1
Rio Nido,2,5
Rio Oso,2,50
Rio Rancho,2,7
Rio Rancho,4,3
Rio Vista,1,3
Rio Vista,2,331
Rio Vista,4,9
Ripley,2,220
Ripley,3,4
Ripley,4,7
Ripon,1,6
Ripon,2,544
Ripon,3,1
Ripton,3,1
Ririe,2,12
Ririe,4,3
Rising City,2,3
Rising City,4,1
Rising Fawn,2,1
Rising Fawn,3,3
Rising Fawn,4,1
Rising Star,2,1
Rising Star,4,2
Rising Sun,2,37
Rising Sun,4,9
Rison,2,23
Rison,4,16
Rittman,1,1
Rittman,2,3
Ritzville,2,32
Ritzville,3,2
Ritzville,4,1
River Edge,2,24
River Falls,2,4
River Falls,4,1
River Forest,2,9
River Forest,4,2
River Ranch,2,2
Riverbank,2,78
Riverdale,1,5
Riverdale,2,586
Riverdale,3,91
Riverdale,4,10
Riverhead,1,4
Riverhead,2,71
Riverhead,4,6
Riverside,1,45
Riverside,2,8163
Riverside,3,457
Riverside,4,36
Riverton,2,229
Riverton,3,22
Riverton,4,6
Riverview,1,40
Riverview,2,2509
Riverview,3,38
Riverview,4,5
Riverwoods,2,12
Rives Junction,2,8
Rives Junction,3,1
Rives Junction,4,1
Rivesville,2,3
Riviera,2,3
Riviera,4,3
Riviera Beach,2,2
Rixeyville,2,9
Rixeyville,4,1
Rixford,2,12
Roachdale,2,3
Roan Mountain,2,15
Roann,2,1
Roann,4,1
Roanoke,1,2
Roanoke,2,880
Roanoke,3,127
Roanoke,4,39
Roanoke Rapids,1,1
Roanoke Rapids,2,107
Roanoke Rapids,3,9
Roanoke Rapids,4,20
Roaring Branch,1,1
Roaring Branch,2,22
Roaring Branch,4,5
Roaring River,2,10
Roaring River,4,4
Roaring Spring,2,103
Roaring Spring,3,5
Roaring Spring,4,2
Robards,2,1
Robbins,2,31
Robbins,3,12
Robbins,4,3
Robbinsville,2,178
Robbinsville,3,26
Robbinsville,4,11
Robeline,3,1
Robersonville,2,19
Robersonville,3,1
Robersonville,4,7
Roberta,2,2
Roberts,2,55
Roberts,3,6
Robertsdale,2,129
Robertsdale,3,19
Robertsdale,4,12
Robertsville,2,1
Robesonia,2,11
Robesonia,4,4
Robinson,3,1
Robstown,2,1
Roca,1,1
Roca,2,1
Rochelle,2,43
Rochelle,3,24
Rochelle,4,3
Rochelle Park,2,106
Rochelle Park,3,1
Rocheport,2,45
Rocheport,3,7
Rocheport,4,1
Rochester,1,131
Rochester,2,6688
Rochester,3,190
Rochester,4,44
Rochester Hills,2,1
Rochester Mills,2,8
Rochester Mills,4,9
Rock,2,1
Rock City Falls,2,7
Rock Creek,2,2
Rock Falls,2,6
Rock Falls,3,17
Rock Hall,2,3
Rock Hill,1,42
Rock Hill,2,1107
Rock Hill,3,81
Rock Hill,4,10
Rock Island,1,1
Rock Island,2,8
Rock Port,2,5
Rock Port,4,2
Rock Rapids,4,1
Rock River,2,66
Rock River,4,7
Rock Spring,2,4
Rock Spring,4,1
Rock Springs,2,224
Rock Springs,4,17
Rock Stream,2,1
Rock Tavern,2,12
Rock Tavern,3,2
Rock Valley,2,3
Rockaway,2,59
Rockaway,3,11
Rockaway,4,1
Rockaway Beach,2,51
Rockaway Park,2,9
Rockbridge,1,1
Rockbridge,2,18
Rockbridge,4,2
Rockbridge Baths,2,2
Rockbridge Baths,4,2
Rockdale,3,1
Rockfall,2,1
Rockfall,4,1
Rockford,1,12
Rockford,2,236
Rockford,3,41
Rockford,4,13
Rockingham,1,1
Rockingham,2,107
Rockingham,3,14
Rockingham,4,36
Rockland,1,43
Rockland,2,175
Rockland,3,1
Rockledge,1,6
Rockledge,2,400
Rockledge,3,44
Rockledge,4,11
Rocklin,1,8
Rocklin,2,324
Rocklin,3,17
Rockmart,2,26
Rockmart,4,8
Rockport,2,79
Rockport,4,21
Rocksprings,2,1
Rockton,2,112
Rockton,3,3
Rockton,4,1
Rockville,1,1
Rockville,2,665
Rockville,3,65
Rockville,4,40
Rockville Centre,2,114
Rockville Centre,3,1
Rockville Centre,4,1
Rockwall,2,277
Rockwall,3,224
Rockwall,4,5
Rockwell,1,1
Rockwell,2,20
Rockwell,4,6
Rockwell City,2,1
Rockwell City,4,1
Rockwood,2,213
Rockwood,3,34
Rockwood,4,7
Rocky Comfort,2,1
Rocky Comfort,4,1
Rocky Ford,2,40
Rocky Ford,4,9
Rocky Gap,2,43
Rocky Gap,3,3
Rocky Gap,4,4
Rocky Hill,1,1
Rocky Hill,2,266
Rocky Hill,3,46
Rocky Hill,4,3
Rocky Mount,2,330
Rocky Mount,3,12
Rocky Mount,4,74
Rocky Point,1,1
Rocky Point,2,88
Rocky Point,3,5
Rocky Point,4,16
Rocky Ridge,1,1
Rocky Ridge,2,3
Rocky River,2,17
Rocky River,3,27
Rocky Top,2,34
Rocky Top,3,10
Rocky Top,4,1
Rodeo,1,4
Rodeo,2,307
Rodeo,3,15
Rodeo,4,1
Rodessa,1,2
Rodessa,2,14
Rodman,2,3
Rodman,4,1
Roebling,2,42
Roebling,3,2
Roebuck,1,28
Roebuck,2,445
Roebuck,3,22
Roebuck,4,5
Rogers,1,2
Rogers,2,604
Rogers,3,22
Rogers,4,23
Rogers City,2,3
Rogers City,4,3
Rogerson,2,2
Rogersville,1,1
Rogersville,2,76
Rogersville,3,1
Rogersville,4,5
Roggen,2,18
Roggen,3,3
Roggen,4,4
Rogue River,2,25
Rohnert Park,1,3
Rohnert Park,2,238
Rohnert Park,3,1
Roland,2,6
Roland,4,3
Rolesville,1,3
Rolesville,2,118
Rolesville,4,1
Roll,2,78
Roll,3,3
Roll,4,2
Rolla,2,31
Rolla,3,8
Rolla,4,3
Rolling Hills Estates,2,2
Rolling Meadows,2,127
Rolling Meadows,3,71
Rolling Meadows,4,2
Rolling Prairie,2,10
Rolling Prairie,4,4
Rollingstone,2,4
Rollins,2,18
Rollinsford,2,2
Rollinsville,2,3
Romance,2,1
Romance,4,1
Rome,1,3
Rome,2,464
Rome,4,21
Romeo,2,1
Romeoville,2,38
Romeoville,3,148
Romeoville,4,1
Romney,2,3
Romney,4,1
Romulus,1,1
Romulus,2,290
Romulus,3,85
Romulus,4,18
Ronan,2,96
Ronceverte,2,2
Ronda,2,14
Ronda,4,2
Ronkonkoma,1,7
Ronkonkoma,2,190
Ronkonkoma,3,38
Ronkonkoma,4,2
Ronks,1,6
Ronks,2,126
Ronks,4,14
Roosevelt,1,2
Roosevelt,2,408
Roosevelt,3,3
Roosevelt,4,3
Rootstown,2,14
Rootstown,3,11
Rosalia,2,5
Rosamond,1,2
Rosamond,2,576
Rosamond,4,2
Rosburg,2,5
Roscoe,2,54
Roscoe,3,8
Roscoe,4,1
Roscommon,2,8
Roscommon,3,4
Rose Bud,2,11
Rose Bud,4,2
Rose Creek,2,8
Rose Hill,2,37
Rose Hill,3,1
Rose Hill,4,10
Rose Valley,2,1
Roseau,2,38
Roseboro,2,9
Roseboro,4,2
Rosebud,2,35
Rosebud,4,1
Roseburg,2,456
Roseburg,3,9
Roseburg,4,4
Rosebush,2,7
Rosebush,4,1
Rosedale,1,2
Rosedale,2,900
Rosedale,3,62
Rosedale,4,40
Roseland,2,82
Roseland,3,23
Roseland,4,8
Roselle,1,14
Roselle,2,201
Roselle,3,1
Roselle,4,2
Roselle Park,3,1
Rosemead,1,1
Rosemead,2,617
Rosemead,3,70
Rosemead,4,1
Rosemont,2,2
Rosemont,3,1
Rosemount,1,2
Rosemount,2,142
Rosemount,3,1
Rosemount,4,2
Rosenberg,2,15
Rosenberg,3,4
Rosendale,2,61
Roseville,1,16
Roseville,2,1417
Roseville,3,177
Roseville,4,8
Rosharon,2,19
Rosharon,3,1
Rosharon,4,1
Rosiclare,2,1
Rosie,2,1
Roslindale,1,12
Roslindale,2,99
Roslyn,2,178
Roslyn,3,14
Roslyn Heights,1,5
Roslyn Heights,2,431
Roslyn Heights,3,118
Roslyn Heights,4,3
Rosman,2,19
Rosman,4,6
Ross,2,8
Ross Valley,2,46
Ross Valley,3,17
Rossford,2,10
Rossford,3,5
Rossville,2,26
Rossville,4,9
Roswell,1,1
Roswell,2,120
Roswell,3,4
Roswell,4,3
Rotan,2,2
Rotan,3,1
Rotan,4,1
Rothsay,2,9
Rothsay,4,1
Rothschild,2,2
Rothschild,3,1
Rotonda West,1,1
Rotonda West,2,15
Rotterdam Junction,2,18
Rougemont,2,18
Rougemont,4,5
Rough and Ready,1,2
Rough and Ready,2,45
Roulette,2,8
Roulette,4,1
Round Hill,1,3
Round Hill,2,98
Round Hill,3,1
Round Hill,4,9
Round Lake,1,10
Round Lake,2,325
Round Lake,3,3
Round Lake,4,5
Round Lake Beach,1,1
Round Lake Beach,2,80
Round Lake Beach,4,1
Round Lake Heights,2,7
Round Lake Park,2,4
Round Lake Park,4,1
Round Mountain,1,1
Round Mountain,2,12
Round Mountain,3,1
Round Mountain,4,1
Round O,1,5
Round O,2,129
Round Rock,1,18
Round Rock,2,365
Round Rock,3,149
Round Rock,4,5
Round Top,2,1
Roundup,2,45
Roundup,4,1
Rouses Point,2,1
Rouseville,2,5
Rouseville,4,3
Rowan,2,1
Rowesville,2,37
Rowland,1,1
Rowland,2,50
Rowland,3,7
Rowland,4,9
Rowland Heights,1,17
Rowland Heights,2,2619
Rowland Heights,3,8
Rowland Heights,4,4
Rowlesburg,2,3
Rowlett,1,1
Rowlett,2,99
Rowlett,3,98
Rowlett,4,1
Rowley,2,9
Roxana,2,3
Roxboro,2,33
Roxboro,4,12
Roxbury,1,13
Roxbury,2,165
Roxbury,4,4
Roxbury Crossing,1,5
Roxbury Crossing,2,52
Roxie,2,1
Roxton,2,1
Roy,1,3
Roy,2,526
Roy,3,25
Roy,4,2
Royal,2,3
Royal,4,1
Royal City,2,4
Royal City,4,4
Royal Oak,2,192
Royal Oak,3,52
Royal Oak,4,2
Royal Oaks,1,16
Royal Oaks,2,394
Royal Oaks,4,2
Royal Palm Beach,1,1
Royal Palm Beach,2,7
Royal Palm Beach-West Jupiter,2,3
Royal Palm Beach-West Jupiter,3,2
Royalton,1,1
Royalton,2,57
Royersford,1,16
Royersford,2,503
Royersford,3,2
Royersford,4,3
Royse City,2,112
Royse City,3,75
Royse City,4,4
Royston,2,4
Royston,4,3
Rubicon,2,1
Rubicon,4,1
Ruby,2,27
Ruckersville,2,157
Ruckersville,3,2
Ruckersville,4,26
Rudd,2,6
Rudd,3,1
Rudolph,2,1
Rudolph,4,1
Rudyard,2,4
Rudyard,4,1
Ruffin,1,3
Ruffin,2,96
Ruffin,4,3
Ruffs Dale,2,53
Ruffs Dale,3,5
Ruffs Dale,4,12
Rugby,2,3
Rule,2,1
Rumney,2,2
Rumsey,2,7
Runge,2,2
Runge,4,2
Runnells,2,4
Runnemede,2,89
Runnemede,3,2
Runnemede,4,1
Running Springs,1,2
Running Springs,2,442
Running Springs,4,7
Rupert,2,3
Rural Hall,2,77
Rural Hall,3,2
Rural Hall,4,14
Rural Retreat,2,90
Rural Retreat,3,17
Rural Retreat,4,4
Rural Valley,2,1
Rural Valley,3,1
Rush,1,3
Rush,2,61
Rush,3,3
Rush,4,3
Rush Center,2,2
Rush Center,4,1
Rush City,2,140
Rush City,3,3
Rush Hill,4,1
Rush Valley,1,1
Rush Valley,2,24
Rushford,1,1
Rushford,2,69
Rushmore,2,70
Rushmore,3,3
Rushville,2,9
Rushville,4,5
Ruskin,1,16
Ruskin,2,410
Ruskin,3,45
Ruskin,4,3
Ruso,2,2
Russell,2,26
Russell,3,5
Russell,4,2
Russells Point,2,2
Russellville,2,69
Russellville,3,4
Russellville,4,12
Rustburg,2,58
Rustburg,3,2
Rustburg,4,8
Ruston,2,7
Ruston,3,2
Ruther Glen,2,615
Ruther Glen,3,57
Ruther Glen,4,65
Rutherford,2,215
Rutherford,3,2
Rutherford,4,3
Rutherfordton,2,57
Rutherfordton,4,13
Ruthton,2,10
Ruthton,4,1
Ruthven,2,1
Ruthven,4,1
Rutland,2,4
Rutland,3,1
Rutledge,2,30
Rutledge,3,4
Rutledge,4,8
Rydal,2,7
Ryder,2,1
Rye,2,676
Rye,3,111
Rye,4,9
Rye Brook,2,3
Ryegate,2,10
Ryland Hght,2,4
Sabattus,2,3
Sabattus,3,2
Sabillasville,2,19
Sabillasville,4,4
Sabin,2,10
Sabina,2,20
Sabina,3,8
Sabina,4,1
Sabinal,2,1
Sabinal,4,1
Sabinsville,2,13
Sabula,2,2
Sabula,4,2
Sacaton,2,15
Sacaton,3,1
Sachse,1,1
Sachse,2,8
Saco,2,6
Saco,3,8
Saco,4,1
Sacramento,1,197
Sacramento,2,20395
Sacramento,3,662
Sacramento,4,33
Sacred Heart,2,17
Saddle Brook,2,230
Saddle Brook,3,14
Saddle Brook,4,5
Saddle River,2,48
Saddle River,3,3
Saddle River,4,3
Sadieville,2,5
Sadieville,3,1
Sadorus,3,1
Saegertown,2,16
Saegertown,3,1
Saegertown,4,3
Safety Harbor,1,1
Safety Harbor,2,97
Saffell,2,1
Saffell,4,1
Safford,2,42
Safford,4,2
Sag Harbor,2,9
Sag Harbor,4,1
Sagamore,1,1
Sagamore,2,2
Sagamore Beach,2,1
Sagaponack,2,4
Saginaw,1,1
Saginaw,2,266
Saginaw,3,32
Saginaw,4,19
Sagle,2,1
Sagle,4,1
Saguache,1,1
Saguache,2,18
Saguache,4,7
Sahuarita,2,3
Saint Albans,2,96
Saint Albans,3,1
Saint Albans,4,3
Saint Amant,2,7
Saint Amant,3,13
Saint Ann,2,13
Saint Ann,3,8
Saint Ann,4,1
Saint Ansgar,2,1
Saint Ansgar,4,2
Saint Anthony,2,16
Saint Anthony,4,1
Saint Augusta,1,1
Saint Augusta,2,11
Saint Augustine,1,4
Saint Augustine,2,1132
Saint Augustine,3,91
Saint Augustine,4,17
Saint Benedict,2,1
Saint Bonifacius,2,2
Saint Bonifacius,4,2
Saint Charles,1,3
Saint Charles,2,617
Saint Charles,3,101
Saint Charles,4,8
Saint Clair,2,41
Saint Clair,3,7
Saint Clair,4,3
Saint Clair Shores,1,2
Saint Clair Shores,2,354
Saint Clair Shores,3,178
Saint Clair Shores,4,14
Saint Clairsville,2,6
Saint Clairsville,3,5
Saint Clairsville,4,1
Saint Cloud,1,6
Saint Cloud,2,1129
Saint Cloud,3,14
Saint Cloud,4,13
Saint Elmo,3,5
Saint Francis,2,38
Saint George,1,6
Saint George,2,473
Saint George,3,55
Saint George,4,8
Saint Georges,2,1
Saint Helen,2,2
Saint Helen,4,1
Saint Helena,1,4
Saint Helena,2,229
Saint Helena,4,6
Saint Helena Island,1,2
Saint Helena Island,2,93
Saint Helens,1,1
Saint Helens,2,41
Saint Ignace,2,10
Saint Ignace,4,3
Saint Ignatius,2,55
Saint Ignatius,4,3
Saint Jacob,2,1
Saint James,2,78
Saint James,3,5
Saint James City,2,29
Saint Jo,2,2
Saint Johns,2,193
Saint Johns,3,28
Saint Johns,4,8
Saint Johnsbury,3,1
Saint Johnsville,4,1
Saint Joseph,1,1
Saint Joseph,2,171
Saint Joseph,3,47
Saint Joseph,4,7
Saint Landry,2,3
Saint Leonard,2,2
Saint Leonard,4,1
Saint Louis,1,41
Saint Louis,2,1927
Saint Louis,3,2046
Saint Louis,4,93
Saint Louisville,2,2
Saint Marks,2,3
Saint Martinville,2,40
Saint Martinville,3,7
Saint Martinville,4,1
Saint Mary,2,1
Saint Mary,3,1
Saint Mary,4,1
Saint Marys,2,152
Saint Marys,3,1
Saint Marys,4,3
Saint Matthews,1,3
Saint Matthews,2,396
Saint Matthews,3,34
Saint Matthews,4,3
Saint Meinrad,2,4
Saint Meinrad,4,4
Saint Michael,1,2
Saint Michael,2,238
Saint Michael,3,14
Saint Michael,4,1
Saint Michaels,2,19
Saint Michaels,4,4
Saint Olaf,2,1
Saint Paul,1,40
Saint Paul,2,9893
Saint Paul,3,285
Saint Paul,4,30
Saint Paul Park,2,5
Saint Pauls,2,103
Saint Pauls,3,34
Saint Pauls,4,18
Saint Peter,1,2
Saint Peter,2,231
Saint Peter,4,2
Saint Peters,2,64
Saint Peters,3,74
Saint Petersburg,1,80
Saint Petersburg,2,4369
Saint Petersburg,3,382
Saint Petersburg,4,16
Saint Regis,2,391
Saint Regis,4,5
Saint Robert,3,1
Saint Robert,4,1
Saint Rose,2,72
Saint Rose,3,47
Saint Rose,4,4
Saint Stephen,1,1
Saint Stephen,2,93
Saint Stephens Church,2,7
Saint Stephens Church,4,1
Saint Thomas,2,21
Saint Thomas,4,6
Saint Xavier,2,5
Sainte Genevieve,3,3
Sainte Genevieve,4,1
Salado,2,1
Salado,3,6
Salamanca,2,8
Salamanca,4,4
Sale City,2,1
Sale Creek,1,1
Sale Creek,2,60
Sale Creek,4,1
Salem,1,12
Salem,2,1957
Salem,3,146
Salem,4,63
Salesville,2,1
Salesville,3,1
Salida,1,3
Salida,2,449
Salida,3,6
Salida,4,24
Salina,2,155
Salina,3,5
Salina,4,2
Salinas,1,66
Salinas,2,2617
Salinas,3,5
Salinas,4,11
Saline,1,1
Saline,2,13
Saline,3,1
Saline,4,3
Salisbury,1,5
Salisbury,2,410
Salisbury,3,49
Salisbury,4,73
Salisbury Mills,2,3
Salix,2,18
Salix,3,2
Salix,4,5
Salkum,2,5
Salley,1,1
Salley,2,66
Sallisaw,3,1
Salmon,2,1
Salol,2,9
Salome,2,182
Salome,3,16
Salome,4,10
Salt Flat,2,10
Salt Flat,4,1
Salt Lake City,1,44
Salt Lake City,2,5023
Salt Lake City,3,709
Salt Lake City,4,47
Salt Point,2,77
Salt Point,3,1
Salt Point,4,1
Salt Rock,2,3
Salters,1,6
Salters,2,43
Saltese,2,92
Saltese,4,2
Saltillo,2,5
Saltillo,3,1
Saltsburg,2,45
Saltsburg,4,7
Saltville,2,3
Saltville,4,2
Saluda,1,13
Saluda,2,354
Saluda,3,19
Saluda,4,18
Salunga,2,4
Salvisa,2,5
Salvo,2,4
Salvo,4,1
Salyer,1,1
Salyer,2,69
Salyersville,2,6
Salyersville,3,1
Salyersville,4,1
Sammamish,2,5
Samoa,2,20
Samson,2,10
San Acacia,2,2
San Andreas,2,197
San Angelo,2,1
San Angelo,4,1
San Anselmo,2,31
San Antonio,1,309
San Antonio,2,6537
San Antonio,3,2100
San Antonio,4,81
San Ardo,1,3
San Ardo,2,105
San Augustine,2,1
San Benito,2,4
San Bernardino,1,36
San Bernardino,2,6650
San Bernardino,3,697
San Bernardino,4,43
San Bruno,1,3
San Bruno,2,387
San Bruno,3,66
San Carlos,1,8
San Carlos,2,306
San Carlos,3,9
San Carlos,4,3
San Clemente,1,2
San Clemente,2,692
San Clemente,3,111
San Clemente,4,2
San Diego,1,106
San Diego,2,17838
San Diego,3,1204
San Diego,4,25
San Dimas,1,5
San Dimas,2,956
San Dimas,3,97
San Dimas,4,5
San Elizario,2,13
San Fernando,1,2
San Fernando,2,248
San Fernando,3,72
San Fernando,4,3
San Fernando Valley,3,1
San Francisco,1,35
San Francisco,2,4363
San Francisco,3,673
San Francisco,4,15
San Gabriel,1,1
San Gabriel,2,378
San Gabriel,3,53
San Gabriel,4,2
San Geronimo,2,12
San Gregorio,1,1
San Gregorio,2,29
San Joaquin,2,49
San Jon,2,7
San Jon,3,2
San Jose,1,150
San Jose,2,8213
San Jose,3,708
San Jose,4,25
San Juan,2,4
San Juan Bautista,1,8
San Juan Bautista,2,578
San Juan Bautista,3,1
San Juan Bautista,4,2
San Juan Capistrano,1,1
San Juan Capistrano,2,865
San Juan Capistrano,3,77
San Juan Capistrano,4,4
San Leandro,1,27
San Leandro,2,1835
San Leandro,3,265
San Leandro,4,5
San Lorenzo,1,17
San Lorenzo,2,848
San Lorenzo,3,45
San Lorenzo,4,1
San Lucas,2,4
San Luis Obispo,1,6
San Luis Obispo,2,659
San Luis Obispo,3,3
San Luis Obispo,4,1
San Manuel,2,15
San Manuel,4,2
San Marcos,1,7
San Marcos,2,1149
San Marcos,3,111
San Marcos,4,11
San Marino,2,38
San Marino,4,1
San Martin,1,9
San Martin,2,404
San Martin,3,2
San Martin,4,1
San Mateo,1,18
San Mateo,2,1675
San Mateo,3,21
San Mateo,4,5
San Miguel,1,2
San Miguel,2,143
San Pablo,1,10
San Pablo,2,915
San Pablo,3,155
San Pablo,4,5
San Pedro,1,4
San Pedro,2,366
San Pedro,3,25
San Pedro,4,6
San Quentin,2,67
San Quentin,3,26
San Quentin,4,2
San Rafael,1,14
San Rafael,2,1058
San Rafael,3,22
San Rafael,4,3
San Ramon,1,4
San Ramon,2,238
San Ramon,3,50
San Ramon,4,2
San Simeon,1,2
San Simeon,2,53
San Simon,2,48
San Simon,3,12
San Simon,4,1
San Tan Valley,2,10
San Tan Valley,4,2
San Ysidro,1,1
San Ysidro,2,72
San Ysidro,3,4
Sanborn,1,4
Sanborn,2,49
Sanborn,4,3
Sanbornton,2,8
Sanbornton,3,9
Sanbornville,1,1
Sanbornville,2,2
Sand Coulee,2,4
Sand Lake,2,23
Sand Lake,4,2
Sand Springs,1,5
Sand Springs,2,7
Sanders,2,37
Sanderson,2,84
Sanderson,3,3
Sanderson,4,4
Sandersville,2,1
Sandersville,4,3
Sandisfield,2,1
Sandown,1,1
Sandown,2,3
Sandpoint,2,4
Sandpoint,4,2
Sandston,1,9
Sandston,2,495
Sandston,3,61
Sandston,4,6
Sandstone,2,137
Sandstone,3,2
Sandusky,2,41
Sandusky,3,2
Sandwich,1,2
Sandwich,2,5
Sandy,1,5
Sandy,2,641
Sandy,3,83
Sandy,4,6
Sandy Creek,2,3
Sandy Creek,4,2
Sandy Hook,2,124
Sandy Hook,3,36
Sandy Hook,4,7
Sandy Lake,2,2
Sandy Lake,4,1
Sandy Level,2,4
Sandy Level,4,2
Sandy Ridge,2,21
Sandy Ridge,4,2
Sandy Spring,2,3
Sandy Spring,4,1
Sandyville,1,1
Sanford,1,3
Sanford,2,1251
Sanford,3,142
Sanford,4,79
Sanger,1,4
Sanger,2,697
Sanger,3,51
Sanger,4,1
Sanibel,2,17
Santa Ana,1,20
Santa Ana,2,2820
Santa Ana,3,238
Santa Ana,4,4
Santa Barbara,1,18
Santa Barbara,2,1626
Santa Barbara,4,31
Santa Clara,1,6
Santa Clara,2,554
Santa Clara,3,6
Santa Clara,4,1
Santa Clarita,1,6
Santa Clarita,2,731
Santa Clarita,3,1
Santa Clarita,4,6
Santa Claus,2,9
Santa Cruz,1,25
Santa Cruz,2,1491
Santa Cruz,3,3
Santa Cruz,4,9
Santa Fe,1,1
Santa Fe,2,40
Santa Fe,3,4
Santa Fe,4,6
Santa Fe Springs,1,7
Santa Fe Springs,2,1125
Santa Fe Springs,3,180
Santa Fe Springs,4,8
Santa Margarita,1,1
Santa Margarita,2,225
Santa Maria,1,23
Santa Maria,2,1334
Santa Maria,3,6
Santa Maria,4,4
Santa Monica,1,3
Santa Monica,2,1242
Santa Monica,3,102
Santa Monica,4,15
Santa Paula,1,6
Santa Paula,2,431
Santa Paula,3,1
Santa Paula,4,1
Santa Rosa,1,66
Santa Rosa,2,2730
Santa Rosa,3,11
Santa Rosa,4,25
Santa Rosa Beach,1,1
Santa Rosa Beach,2,290
Santa Rosa Beach,4,3
Santa Rosa Valley,2,30
Santa Ynez,1,1
Santa Ynez,2,210
Santa Ynez,4,5
Santaquin,2,84
Santaquin,3,15
Santaquin,4,3
Santee,1,5
Santee,2,207
Santee,3,7
Santee,4,2
Santo,2,9
Santo,3,4
Santo,4,2
Sapphire,1,2
Sapphire,2,17
Sapphire,4,3
Sapulpa,1,1
Sapulpa,2,4
Sapulpa,3,2
Saraland,2,51
Saraland,3,14
Saraland,4,3
Saranac,2,16
Saranac,3,1
Saranac,4,3
Saranac Lake,2,3
Saranac Lake,4,2
Sarasota,1,130
Sarasota,2,7200
Sarasota,3,212
Sarasota,4,33
Saratoga,1,6
Saratoga,2,272
Saratoga,4,3
Saratoga Springs,2,396
Saratoga Springs,3,41
Saratoga Springs,4,10
Sarcoxie,2,3
Sardinia,2,4
Sardinia,3,1
Sardinia,4,1
Sardis,2,14
Sardis,3,2
Sardis,4,4
Sarver,2,7
Sarver,4,1
Satellite Beach,2,42
Satsuma,1,3
Satsuma,2,74
Satsuma,3,3
Satsuma,4,4
Saucier,2,5
Saugatuck,2,22
Saugatuck,3,4
Saugatuck,4,3
Saugerties,1,1
Saugerties,2,202
Saugerties,3,9
Saugerties,4,11
Saugus,1,10
Saugus,2,122
Sauk Centre,2,341
Sauk Centre,3,3
Sauk City,2,2
Sauk City,3,1
Sauk Rapids,1,5
Sauk Rapids,2,164
Sauk Rapids,4,4
Saukville,2,2
Saukville,3,2
Saukville,4,1
Saulsbury,2,1
Sault Sainte Marie,2,2
Saunderstown,2,9
Sauquoit,2,15
Sausalito,1,4
Sausalito,2,462
Sausalito,3,3
Sausalito,4,3
Savage,1,3
Savage,2,203
Savage,4,2
Savanna,2,1
Savannah,1,35
Savannah,2,548
Savannah,3,74
Savannah,4,36
Savona,2,4
Savoy,2,2
Savoy,4,5
Sawyer,2,26
Sawyer,3,7
Sawyer,4,4
Saxe,2,4
Saxe,4,3
Saxon,2,1
Saxonburg,2,5
Saxonburg,4,2
Saxton,2,47
Saxton,4,2
Saylorsburg,2,30
Saylorsburg,4,2
Sayre,2,16
Sayre,4,1
Sayreville,2,53
Sayville,2,40
Scaly Mountain,2,5
Scaly Mountain,4,1
Scandia,1,1
Scandia,2,43
Scandia,4,1
Scandinavia,2,1
Scappoose,2,85
Scappoose,4,2
Scarborough,2,6
Scarborough,3,11
Scarbro,2,52
Scarbro,4,1
Scarsdale,1,1
Scarsdale,2,271
Scarsdale,3,3
Scarsdale,4,1
Scenery Hill,2,1
Schaefferstown,2,2
Schaghticoke,2,40
Schaghticoke,4,2
Schaller,2,1
Schaumburg,1,2
Schaumburg,2,115
Schaumburg,3,137
Schaumburg,4,2
Schellsburg,2,41
Schellsburg,4,2
Schenectady,1,1
Schenectady,2,786
Schenectady,3,32
Schenectady,4,17
Schenevus,2,1
Schertz,2,153
Schertz,3,76
Schertz,4,3
Schiller Park,1,1
Schiller Park,2,86
Schiller Park,3,78
Schiller Park,4,1
Schnecksville,2,17
Schnecksville,4,3
Schodack Landing,2,83
Schodack Landing,3,2
Schodack Landing,4,4
Schofield,2,1
Schoharie,2,16
Schoolcraft,2,22
Schoolcraft,3,1
Schoolcraft,4,1
Schriever,2,25
Schriever,4,2
Schroon Lake,2,12
Schroon Lake,3,1
Schroon Lake,4,4
Schulenburg,2,4
Schurz,2,10
Schuyler,2,11
Schuyler,4,5
Schuylerville,2,30
Schuylkill Haven,2,10
Schuylkill Haven,4,3
Schwenksville,1,7
Schwenksville,2,218
Schwenksville,4,3
Science Hill,2,1
Scio,2,54
Scio,4,1
Sciota,2,3
Scipio,2,38
Scipio,3,2
Scipio Center,2,4
Scipio Center,4,1
Scituate,1,1
Scituate,2,1
Scobey,2,3
Scobey,4,1
Scotch Plains,2,13
Scotch Plains,4,1
Scotia,2,65
Scotia,4,2
Scotland,2,2
Scotland,4,1
Scotland Neck,2,10
Scotland Neck,4,2
Scotrun,2,41
Scotrun,3,6
Scott,1,24
Scott,2,227
Scott,3,27
Scott,4,14
Scott Bar,2,1
Scott City,3,1
Scott Depot,2,112
Scott Depot,4,6
Scott Township,2,2
Scott Township,4,2
Scottdale,2,30
Scottdale,3,1
Scottdale,4,5
Scotts Valley,1,2
Scotts Valley,2,292
Scotts Valley,4,1
Scottsbluff,2,1
Scottsboro,2,28
Scottsboro,4,3
Scottsburg,2,123
Scottsburg,3,8
Scottsburg,4,24
Scottsdale,1,16
Scottsdale,2,1891
Scottsdale,3,14
Scottsdale,4,19
Scottsville,1,1
Scottsville,2,179
Scottsville,4,32
Scottville,4,2
Scranton,1,7
Scranton,2,366
Scranton,3,28
Scranton,4,20
Screven,2,1
Screven,4,1
Scribner,2,10
Scribner,4,2
Sea Bright,2,1
Sea Bright,4,1
Sea Cliff,2,1
Sea Girt,2,2
Seaboard,2,8
Seaboard,4,4
Seabrook,1,4
Seabrook,2,107
Seabrook,3,5
Seadrift,2,3
Seaford,1,2
Seaford,2,166
Seaford,3,2
Seaford,4,16
Seagoville,2,46
Seagrove,2,8
Seagrove,3,3
Seagrove,4,2
Seal Beach,1,4
Seal Beach,2,772
Seal Beach,3,124
Seal Beach,4,2
Seal Rock,2,50
Seal Rock,3,2
Seal Rock,4,4
Seale,2,3
Seale,4,1
Sealy,2,15
Sealy,3,3
Seaman,2,3
Searcy,2,43
Searcy,4,8
Sears,2,1
Searsboro,2,1
Searsboro,4,1
Seaside,1,6
Seaside,2,665
Seaside,3,1
Seaside,4,7
Seaside Heights,2,7
Seaside Heights,3,1
Seatac,1,2
Seatac,2,6
Seattle,1,150
Seattle,2,5173
Seattle,3,1414
Seattle,4,59
Seaview,2,3
Sebastian,1,2
Sebastian,2,97
Sebastian,3,4
Sebastian,4,5
Sebastopol,1,11
Sebastopol,2,523
Sebastopol,4,6
Sebeka,2,10
Sebewaing,2,1
Sebree,2,2
Sebree,4,2
Sebring,1,4
Sebring,2,422
Sebring,3,8
Sebring,4,9
Secane,2,4
Secaucus,1,1
Secaucus,2,454
Secaucus,3,40
Secaucus,4,3
Second Mesa,2,1
Secretary,2,4
Secretary,4,2
Section,2,1
Sedalia,2,19
Sedalia,3,1
Sedalia,4,4
Sedan,2,2
Sedan,4,1
Sedgwick,2,9
Sedgwick,4,2
Sedley,2,1
Sedona,1,1
Sedona,2,401
Sedona,3,26
Sedona,4,22
Sedro Woolley,2,27
Sedro Woolley,4,6
Seekonk,2,12
Seekonk,3,5
Seeley Lake,2,57
Seffner,1,24
Seffner,2,636
Seffner,3,54
Seffner,4,1
Seguin,2,26
Seguin,3,20
Seguin,4,2
Seiad Valley,2,17
Seibert,2,8
Seibert,4,2
Sekiu,2,7
Selah,3,1
Selbyville,2,9
Selbyville,4,12
Selden,2,34
Selden,4,5
Seligman,2,123
Seligman,3,3
Seligman,4,3
Selinsgrove,1,4
Selinsgrove,2,340
Selinsgrove,3,2
Selinsgrove,4,14
Selkirk,2,183
Selkirk,3,7
Selkirk,4,5
Sellers,1,2
Sellers,2,17
Sellersburg,2,120
Sellersburg,3,28
Sellersburg,4,8
Sellersville,1,1
Sellersville,2,26
Sellersville,4,2
Sells,1,1
Sells,2,5
Sells,4,1
Selma,1,7
Selma,2,888
Selma,3,37
Selma,4,43
Seminary,2,4
Seminary,4,1
Seminole,1,24
Seminole,2,600
Seminole,3,4
Seminole,4,4
Semmes,1,2
Semmes,2,21
Semmes,4,2
Semora,4,2
Senatobia,2,11
Senatobia,3,3
Senatobia,4,1
Seneca,1,103
Seneca,2,1128
Seneca,3,4
Seneca,4,16
Seneca Falls,2,97
Seneca Falls,3,1
Seneca Falls,4,2
Seneca Rocks,2,2
Senecaville,2,3
Senecaville,4,1
Senoia,2,40
Senoia,4,10
Sentinel Butte,2,6
Sequim,2,19
Sequim,3,1
Sequoia National Park,2,3
Sergeant Bluff,2,11
Sergeant Bluff,3,1
Sergeant Bluff,4,2
Setauket,2,1
Seven Springs,2,25
Seven Springs,4,6
Seven Valleys,1,1
Seven Valleys,2,20
Seven Valleys,3,1
Severn,1,3
Severn,2,108
Severn,3,7
Severn,4,9
Severna Park,1,3
Severna Park,2,17
Severna Park,4,1
Severy,4,2
Sevier,2,130
Sevier,3,6
Sevierville,1,1
Sevierville,2,23
Sevierville,4,3
Seville,1,1
Seville,2,39
Seville,3,15
Sewanee,2,5
Seward,2,65
Seward,3,2
Seward,4,10
Sewaren,2,37
Sewaren,3,1
Sewell,2,97
Sewell,4,6
Sewickley,1,2
Sewickley,2,190
Sewickley,3,26
Sewickley,4,14
Seymour,1,1
Seymour,2,172
Seymour,3,18
Seymour,4,29
Shabbona,2,3
Shabbona,4,1
Shacklefords,2,15
Shacklefords,4,2
Shade,2,3
Shade Gap,2,22
Shady Cove,2,26
Shady Cove,4,1
Shady Spring,2,35
Shady Spring,4,1
Shady Valley,2,1
Shady Valley,4,1
Shadyside,2,1
Shafer,1,1
Shafer,2,53
Shafer,4,1
Shafter,1,1
Shafter,2,166
Shafter,4,2
Shaftsbury,2,1
Shakopee,2,479
Shakopee,3,2
Shakopee,4,2
Shalimar,2,53
Shallotte,2,31
Shallotte,4,4
Shallowater,2,9
Shallowater,4,5
Shamokin,2,50
Shamokin,4,1
Shamokin Dam,2,119
Shamokin Dam,4,7
Shamrock,3,4
Shandon,2,134
Shandon,4,3
Shaniko,2,128
Shaniko,3,1
Shaniko,4,7
Shannock,2,2
Shannon,2,23
Shannon,4,6
Sharon,1,12
Sharon,2,206
Sharon,3,34
Sharon,4,5
Sharon Hill,2,21
Sharon Springs,2,1
Sharps Chapel,2,1
Sharpsburg,2,39
Sharpsburg,3,1
Sharpsburg,4,10
Sharpsville,2,3
Sharpsville,4,1
Shasta,2,18
Shasta Lake,2,39
Shaver Lake,1,2
Shaver Lake,2,180
Shaw Afb,2,5
Shaw Air Force Base,2,1
Shawano,2,5
Shawano,3,2
Shawboro,2,5
Shawmut,2,10
Shawnee,1,5
Shawnee,2,577
Shawnee,3,134
Shawnee,4,14
Shawsville,2,37
Shawsville,3,3
Shawville,2,3
Sheboygan,2,24
Sheboygan,3,11
Sheboygan,4,2
Sheboygan Falls,2,5
Sheboygan Falls,3,1
Shedd,2,58
Sheep Ranch,2,4
Sheffield,2,14
Sheffield,3,10
Sheffield,4,8
Sheffield Lake,2,8
Sheffield Lake,3,1
Sheffield Village,2,3
Shelburn,2,7
Shelburn,4,2
Shelburne,2,1
Shelburne Falls,2,2
Shelby,1,3
Shelby,2,122
Shelby,3,7
Shelby,4,18
Shelby Township,2,2
Shelbyville,2,89
Shelbyville,3,5
Shelbyville,4,17
Sheldon,2,5
Sheldon,4,4
Shelley,2,17
Shelley,4,1
Shellman,2,1
Shelocta,2,3
Shelocta,4,6
Shelton,1,1
Shelton,2,247
Shelton,3,3
Shelton,4,10
Shenandoah,2,50
Shenandoah,4,26
Shenandoah Junction,2,2
Shepherd,1,1
Shepherd,2,66
Shepherd,4,5
Shepherdsville,2,131
Shepherdsville,3,5
Shepherdsville,4,7
Sheppard AFB,2,5
Sheppton,2,1
Sheppton,4,2
Sherborn,1,1
Sherborn,2,1
Sherburn,2,73
Sherburn,4,1
Sherburne,2,1
Sherburne,4,1
Sheridan,1,4
Sheridan,2,245
Sheridan,4,17
Sheridan Lake,2,12
Sheridan Lake,4,4
Sherman,2,12
Sherman,3,34
Sherman,4,2
Sherman Oaks,1,7
Sherman Oaks,2,2428
Sherman Oaks,3,208
Sherman Oaks,4,4
Shermans Dale,2,61
Shermans Dale,4,17
Sherrill,2,13
Sherrill,4,1
Sherrills Ford,2,6
Sherrills Ford,4,7
Sherwood,2,102
Sherwood,3,1
Sherwood,4,3
Shevlin,2,23
Shickshinny,2,6
Shickshinny,4,3
Shiloh,1,1
Shiloh,2,10
Shiloh,4,3
Shiner,2,1
Shingle Springs,1,5
Shingle Springs,2,525
Shingle Springs,4,1
Shinglehouse,2,33
Shinglehouse,4,2
Shingletown,2,145
Shingletown,4,2
Shinnston,2,10
Shipman,2,2
Shipman,4,1
Shippensburg,1,1
Shippensburg,2,199
Shippensburg,3,28
Shippensburg,4,26
Shippenville,2,67
Shippenville,3,9
Shippenville,4,12
Shippingport,2,2
Shiprock,2,13
Shipshewana,2,14
Shipshewana,4,3
Shirley,1,5
Shirley,2,53
Shirley,3,11
Shirley,4,8
Shirleysburg,2,34
Shoals,2,6
Shoals,4,3
Shoemakersville,2,6
Shohola,2,20
Shokan,2,8
Shokan,4,2
Shonto,2,2
Shonto,4,1
Shoreham,1,1
Shoreham,2,1
Shoreline,2,14
Shoreline,3,23
Shorewood,2,33
Shorewood,3,143
Short Hills,2,51
Short Hills,3,2
Short Hills,4,1
Shorter,2,99
Shorter,3,79
Shorter,4,8
Shorterville,2,2
Shortsville,1,1
Shortsville,2,113
Shortsville,3,6
Shoshone,2,4
Shoshone,4,1
Shoshoni,2,4
Show Low,1,1
Show Low,2,148
Show Low,4,16
Shreve,2,1
Shreveport,1,83
Shreveport,2,5890
Shreveport,3,236
Shreveport,4,40
Shrewsbury,1,1
Shrewsbury,2,48
Shrewsbury,3,17
Shrewsbury,4,1
Shrub Oak,2,30
Shrub Oak,4,1
Shunk,2,5
Sibley,2,11
Sibley,4,1
Sicklerville,1,1
Sicklerville,2,52
Sicklerville,3,1
Sicklerville,4,1
Sidell,2,7
Sidman,2,52
Sidney,2,111
Sidney,3,29
Sidney,4,6
Sierra Blanca,3,9
Sierra City,1,1
Sierra City,2,13
Sierra Madre,2,2
Sierraville,2,62
Sierraville,4,1
Sigel,2,31
Sigel,3,1
Sigel,4,2
Signal Hill,2,87
Signal Hill,3,27
Signal Mountain,1,1
Signal Mountain,2,155
Signal Mountain,4,2
Sigourney,2,2
Sigurd,2,26
Sikeston,2,12
Sikeston,4,3
Silas,2,2
Silas,4,3
Siler City,2,35
Siler City,4,11
Siletz,2,63
Siloam,2,2
Siloam Springs,2,26
Siloam Springs,4,6
Silsbee,2,1
Silt,2,36
Silt,3,5
Silt,4,1
Silver Bay,2,6
Silver City,2,1
Silver City,4,1
Silver Creek,2,120
Silver Creek,3,2
Silver Creek,4,4
Silver Gate,2,1
Silver Grove,1,1
Silver Lake,2,140
Silver Lake,4,13
Silver Plume,2,205
Silver Plume,3,22
Silver Plume,4,22
Silver Point,2,57
Silver Point,3,9
Silver Point,4,3
Silver Spring,1,5
Silver Spring,2,2886
Silver Spring,3,118
Silver Spring,4,84
Silver Springs,1,3
Silver Springs,2,252
Silver Springs,4,7
Silver Star,2,5
Silverado,1,3
Silverado,2,118
Silverado,4,3
Silverdale,1,1
Silverdale,2,29
Silverdale,3,5
Silverdale,4,1
Silverhill,2,2
Silverlake,2,2
Silverpeak,2,2
Silverpeak,4,2
Silverstreet,1,2
Silverstreet,2,34
Silverthorne,2,28
Silverthorne,3,1
Silverthorne,4,8
Silverton,2,113
Silverton,4,13
Silvis,2,3
Simi Valley,1,4
Simi Valley,2,510
Simi Valley,3,4
Simi Valley,4,3
Simla,2,2
Simla,4,1
Simms,2,4
Simms,3,1
Simpsonville,1,195
Simpsonville,2,1920
Simpsonville,3,55
Simpsonville,4,13
Sims,1,1
Sims,2,10
Sims,3,1
Sims,4,1
Simsboro,2,1
Simsboro,3,1
Simsbury,1,1
Simsbury,2,7
Simsbury,4,7
Sinclair,2,30
Sinclair,4,7
Singer,2,1
Singer,4,1
Singers Glen,2,3
Singers Glen,4,1
Sinnamahoning,2,7
Sinton,2,1
Sioux Center,2,4
Sioux Center,4,1
Sioux City,2,66
Sioux City,3,4
Sioux City,4,8
Siren,2,1
Sisters,2,184
Sisters,4,4
Six Mile,1,10
Six Mile,2,115
Six Mile,4,2
Six Mile Run,2,7
Sixes,2,14
Skamokawa,2,6
Skaneateles,2,3
Skiatook,2,3
Skippack,2,3
Skippers,2,28
Skippers,3,15
Skippers,4,6
Skipperville,2,4
Skipwith,2,13
Skipwith,4,4
Skokie,1,4
Skokie,2,55
Skokie,3,156
Skokie,4,2
Skokomish Nation,2,1
Skowhegan,2,1
Skull Valley,2,8
Skyforest,2,27
Skyforest,4,1
Skykomish,2,24
Skykomish,4,3
Slate Hill,2,2
Slate Hill,4,1
Slater,2,5
Slatington,2,32
Slatington,4,8
Slaton,2,2
Slaughter,1,2
Slaughter,2,11
Slayton,2,54
Sleepy Eye,2,75
Sleepy Eye,3,1
Sleepy Hollow,2,6
Slidell,2,169
Slidell,3,70
Slidell,4,11
Sligo,2,22
Sligo,3,1
Slinger,2,22
Slinger,3,12
Slinger,4,1
Slingerlands,2,18
Slingerlands,4,8
Slippery Rock,2,52
Slippery Rock,3,1
Slippery Rock,4,13
Sloan,2,30
Sloan,3,1
Sloansville,2,2
Sloatsburg,2,255
Sloatsburg,3,30
Slocomb,2,17
Sloughhouse,2,175
Sloughhouse,4,2
Slovan,2,1
Slovan,4,1
Smartsville,1,1
Smartsville,2,80
Smartsville,4,1
Smethport,2,82
Smethport,4,2
Smicksburg,2,5
Smicksburg,4,1
Smith,2,9
Smith River,2,104
Smithboro,3,2
Smithdale,2,1
Smithers,2,2
Smithfield,2,273
Smithfield,3,28
Smithfield,4,56
Smithland,2,1
Smithmill,2,8
Smithmill,4,1
Smiths Creek,2,34
Smiths Creek,3,6
Smiths Creek,4,3
Smiths Station,2,31
Smiths Station,3,1
Smithsburg,2,75
Smithsburg,4,16
Smithton,2,41
Smithton,3,1
Smithton,4,2
Smithtown,1,3
Smithtown,2,98
Smithtown,4,7
Smithville,1,1
Smithville,2,27
Smoaks,2,54
Smoaks,3,1
Smock,2,4
Smock,3,1
Smock,4,1
Smokerun,2,1
Smoketown,2,2
Smoot,2,1
Smoot,4,1
Smyrna,1,7
Smyrna,2,596
Smyrna,3,165
Smyrna,4,40
Sneads,2,44
Sneads,3,1
Sneads Ferry,2,10
Sneads Ferry,4,1
Snelling,2,89
Snellville,1,1
Snellville,2,15
Snellville,3,1
Snellville,4,3
Snohomish,1,1
Snohomish,2,175
Snohomish,3,2
Snohomish,4,8
Snoqualmie,2,42
Snoqualmie,3,25
Snoqualmie,4,3
Snoqualmie Pass,2,3
Snoqualmie Pass,3,1
Snow Camp,2,14
Snow Camp,4,3
Snow Hill,2,57
Snow Hill,4,20
Snow Shoe,2,86
Snow Shoe,3,15
Snow Shoe,4,6
Snowflake,2,19
Snowmass,2,9
Snowmass,3,1
Snowmass,4,2
Snowville,1,1
Snowville,2,216
Snowville,3,10
Snowville,4,1
Snyder,2,2
Soap Lake,2,4
Sobieski,2,1
Social Circle,1,1
Social Circle,2,50
Social Circle,3,11
Social Circle,4,11
Society Hill,1,3
Society Hill,2,70
Society Hill,4,2
Socorro,2,28
Socorro,3,2
Socorro,4,1
Soda Springs,2,328
Soda Springs,3,15
Soda Springs,4,11
Soddy Daisy,2,150
Soddy Daisy,4,1
Soddy-Daisy,2,28
Sodus,2,13
Sodus,3,1
Solana Beach,1,1
Solana Beach,2,157
Solana Beach,3,13
Soledad,1,9
Soledad,2,327
Soledad,3,2
Soledad,4,1
Solen,2,9
Solomons,2,5
Solon,1,3
Solon,2,49
Solon Springs,2,2
Solon Springs,4,2
Solsberry,2,3
Solvang,1,2
Solvang,2,99
Solway,2,18
Somerdale,2,10
Somers,1,2
Somers,2,170
Somers,3,1
Somers,4,12
Somers Point,2,104
Somerset,1,7
Somerset,2,660
Somerset,3,86
Somerset,4,29
Somersworth,2,3
Somersworth,4,2
Somerville,1,14
Somerville,2,151
Somerville,3,17
Somerville,4,4
Somes Bar,2,10
Somis,1,1
Somis,2,315
Somis,3,1
Somis,4,10
Sonoma,1,20
Sonoma,2,843
Sonoma,3,1
Sonoma,4,3
Sonora,1,4
Sonora,2,734
Sonora,4,12
Sopchoppy,1,1
Sopchoppy,2,32
Soperton,2,42
Soperton,3,13
Soperton,4,8
Sophia,2,6
Sophia,4,3
Soquel,1,4
Soquel,2,323
Sorrento,1,3
Sorrento,2,148
Sorrento,3,8
Sorrento,4,4
Soso,2,2
Souderton,1,8
Souderton,2,182
Soulsbyville,2,50
Soulsbyville,4,1
South Abington Township,2,2
South Acworth,2,1
South Amana,2,14
South Amboy,2,535
South Amboy,3,6
South Amboy,4,16
South Bay,1,3
South Bay,2,6
South Beach,2,37
South Beloit,2,7
South Beloit,3,11
South Bend,1,8
South Bend,2,62
South Bend,4,14
South Bloomfield,2,4
South Boardman,2,4
South Boardman,4,2
South Boston,1,12
South Boston,2,83
South Boston,3,11
South Boston,4,16
South Brunswick,2,1
South Brunswick,3,2
South Burlington,2,4
South Burlington,3,6
South Burlington,4,1
South Charleston,2,308
South Charleston,3,4
South Charleston,4,1
South Chesterfield,1,11
South Chesterfield,2,166
South Chesterfield,3,6
South Chesterfield,4,6
South Colton,2,2
South Colton,4,1
South Dayton,2,3
South Daytona,2,1
South Deerfield,2,1
South Deerfield,3,1
South Dennis,1,1
South Dennis,2,10
South Dennis,4,1
South Easton,2,2
South El Dorado,2,3
South El Monte,1,6
South El Monte,2,719
South El Monte,3,47
South Elgin,1,2
South Elgin,2,22
South Elgin,4,7
South Fallsburg,2,1
South Fallsburg,3,1
South Fork,2,103
South Fork,4,11
South Fulton,2,4
South Fulton,4,1
South Gate,1,1
South Gate,2,734
South Gate,3,102
South Gate,4,4
South Gibson,2,2
South Gibson,4,1
South Glastonbury,2,44
South Glastonbury,3,1
South Glastonbury,4,2
South Glens Falls,2,39
South Glens Falls,4,1
South Hackensack,2,14
South Hackensack,3,3
South Hadley,2,3
South Haven,2,59
South Haven,3,6
South Haven,4,5
South Heart,2,1
South Hempstead,2,5
South Hero,2,1
South Hill,2,139
South Hill,3,9
South Hill,4,24
South Holland,2,64
South Holland,3,156
South Holland,4,4
South Houston,1,1
South Houston,2,12
South Jefferson,2,2
South Jordan,1,3
South Jordan,2,228
South Jordan,3,35
South Jordan,4,4
South Lake Tahoe,2,394
South Lake Tahoe,4,3
South Lebanon,2,11
South Lebanon,3,1
South Londonderry,2,1
South Lyon,2,7
South Lyon,3,1
South Miami,2,461
South Miami,4,1
South Mills,2,1
South Milwaukee,2,1
South Newfane,2,1
South Otselic,2,1
South Otselic,4,1
South Ozone Park,2,317
South Ozone Park,3,61
South Ozone Park,4,1
South Paris,2,1
South Park,2,7
South Park,4,3
South Pasadena,1,3
South Pasadena,2,227
South Pasadena,4,1
South Pittsburg,2,97
South Pittsburg,3,9
South Plainfield,2,32
South Plainfield,3,7
South Point,2,19
South Portland,2,1
South Portland,3,12
South Portland,4,1
South Prairie,2,3
South Prince George,2,2
South Prince George,4,3
South Richmond Hill,2,64
South Richmond Hill,3,15
South Richmond Hill,4,1
South Rockwood,2,31
South Rockwood,3,6
South Rockwood,4,2
South Royalton,3,2
South Saint Paul,1,3
South Saint Paul,2,206
South Saint Paul,3,7
South Salem,2,52
South Salt Lake,2,26
South San Francisco,1,9
South San Francisco,2,534
South San Francisco,3,22
South San Francisco,4,3
South Setauket,2,7
South Sioux City,2,3
South Solon,2,4
South Vienna,2,16
South Vienna,3,7
South Vienna,4,1
South Wales,2,5
South Weymouth,1,2
South Weymouth,2,11
South Windham,2,4
South Windham,4,3
South Windsor,2,71
South Windsor,3,5
South Windsor,4,8
South Yakima,2,2
South Yarmouth,1,5
South Yarmouth,2,19
Southampton,1,1
Southampton,2,96
Southampton,4,8
Southaven,1,4
Southaven,2,165
Southaven,3,25
Southaven,4,15
Southborough,1,1
Southborough,2,8
Southborough,3,5
Southbridge,1,1
Southbridge,2,1
Southbury,2,178
Southbury,3,27
Southbury,4,11
Southeast Marin,2,10
Southern Pines,2,2
Southfield,1,3
Southfield,2,658
Southfield,3,120
Southfield,4,8
Southfields,2,218
Southfields,3,3
Southfields,4,2
Southgate,2,60
Southgate,3,14
Southgate,4,1
Southington,1,2
Southington,2,281
Southington,3,71
Southington,4,6
Southlake,1,1
Southlake,2,69
Southlake,4,2
Southold,2,1
Southport,2,180
Southport,3,40
Southport,4,7
Southside,2,8
Southside,4,2
Southwest Orange,2,21
Southwest Orange,3,1
Southwest Ranches,2,6
Southwick,1,1
Spalding,2,2
Spalding,4,1
Spanaway,2,182
Spanaway,3,5
Spanaway,4,1
Spangle,2,11
Spangler,2,4
Spanish Fork,1,5
Spanish Fork,2,359
Spanish Fork,3,41
Spanish Fork,4,6
Spanish Fort,2,1
Spanishburg,2,29
Sparkill,2,6
Sparkill,4,1
Sparkman,2,3
Sparkman,4,3
Sparks,1,22
Sparks,2,1072
Sparks,3,90
Sparks,4,16
Sparks Glencoe,2,69
Sparks Glencoe,3,8
Sparks Glencoe,4,6
Sparrow Bush,2,4
Sparrow Bush,4,2
Sparrows Point,1,1
Sparrows Point,2,50
Sparrows Point,3,9
Sparrows Point,4,7
Sparta,1,4
Sparta,2,110
Sparta,3,4
Sparta,4,10
Spartanburg,1,394
Spartanburg,2,4810
Spartanburg,3,178
Spartanburg,4,39
Spartansburg,2,5
Spartansburg,4,1
Spearville,2,13
Speedwell,2,1
Spencer,1,6
Spencer,2,79
Spencer,4,14
Spencerport,1,6
Spencerport,2,156
Spencerport,4,1
Spencerville,2,26
Spencerville,4,8
Speonk,2,3
Sperry,2,6
Sperry,4,1
Sperryville,2,8
Sperryville,4,6
Spiceland,2,35
Spiceland,3,8
Spiceland,4,6
Spicer,1,1
Spicer,2,40
Spicewood,1,2
Spicewood,2,144
Spicewood,4,6
Spindale,2,2
Spirit Lake,2,6
Spirit Lake,4,2
Spiritwood,2,29
Spivey,2,1
Splendora,1,2
Splendora,2,10
Spofford,1,1
Spofford,2,4
Spokane,1,44
Spokane,2,687
Spokane,3,136
Spokane,4,4
Spokane Valley,1,3
Spokane Valley,2,74
Spokane Valley,3,5
Spotsylvania,2,224
Spotsylvania,3,13
Spotsylvania,4,62
Spout Spring,2,16
Spout Spring,3,1
Spout Spring,4,5
Spraggs,2,1
Sprague,2,8
Sprague,3,2
Sprague,4,2
Sprague River,2,3
Sprakers,2,29
Sprakers,3,1
Spray,2,30
Spreckels,2,8
Spring,1,17
Spring,2,466
Spring,3,259
Spring,4,7
Spring Arbor,2,5
Spring Arbor,4,4
Spring Brook Township,2,5
Spring Brook Township,4,1
Spring City,1,3
Spring City,2,124
Spring City,4,6
Spring Creek,1,2
Spring Creek,2,42
Spring Green,2,4
Spring Green,4,3
Spring Grove,1,10
Spring Grove,2,157
Spring Grove,4,14
Spring Hill,1,53
Spring Hill,2,801
Spring Hill,3,2
Spring Hill,4,5
Spring Hope,1,1
Spring Hope,2,39
Spring Hope,3,1
Spring Hope,4,9
Spring House,1,1
Spring House,2,18
Spring Lake,1,3
Spring Lake,2,93
Spring Lake,4,13
Spring Mills,1,1
Spring Mills,2,104
Spring Mills,4,14
Spring Run,2,19
Spring Run,3,16
Spring Run,4,4
Spring Valley,1,2
Spring Valley,2,282
Spring Valley,3,17
Spring Valley,4,2
Springboro,1,2
Springboro,2,17
Springboro,3,27
Springboro,4,2
Springdale,1,2
Springdale,2,194
Springdale,3,5
Springdale,4,12
Springer,2,3
Springer,3,2
Springerville,2,39
Springfield,1,45
Springfield,2,6259
Springfield,3,537
Springfield,4,85
Springfield Gardens,2,245
Springfield Gardens,3,1
Springhill,2,1
Springlake,2,2
Springs,2,3
Springs,4,2
Springtown,2,2
Springville,1,4
Springville,2,318
Springville,3,35
Springville,4,9
Springville-Johnsondale,2,3
Springville-Mapleton,1,1
Springville-Mapleton,2,64
Springville-Mapleton,3,4
Springwater,2,2
Spruce Creek,2,24
Spruce Pine,2,20
Spruce Pine,4,1
Squaw Lake,2,9
Squaw Valley,1,1
Squaw Valley,2,119
Squaw Valley,3,1
St Albans,2,15
St Amant,2,23
St Amant,3,1
St Amant,4,2
St Ann,2,6
St Ann,3,1
St Ann,4,5
St Anne,2,2
St Augustine,1,4
St Augustine,2,414
St Augustine,3,24
St Augustine,4,1
St Charles,2,115
St Charles,3,8
St Charles,4,4
St Clair,2,25
St Clair,4,3
St Clairsville,2,10
St Clairsville,3,7
St Clairsville,4,2
St Cloud,1,1
St Cloud,2,138
St Cloud,3,3
St Cloud,4,3
St Croix,2,4
St Croix,4,1
St George,1,8
St George,2,177
St George,3,6
St George,4,3
St Georges,2,3
St Helena,1,1
St Helena,2,57
St Jacob,2,1
St James,2,9
St James City,2,7
St Joe,2,6
St Joe,4,2
St Johns,1,1
St Johns,2,66
St Johns,3,2
St Johns,4,1
St Joseph,1,2
St Joseph,2,60
St Joseph,3,2
St Joseph,4,9
St Leonard,1,1
St Louis,1,26
St Louis,2,880
St Louis,3,187
St Louis,4,92
St Marks,2,2
St Martinville,2,1
St Mary,2,1
St Mary,4,1
St Marys,1,2
St Marys,2,36
St Marys,4,1
St Matthews,1,3
St Matthews,2,131
St Matthews,3,3
St Matthews,4,1
St Meinrad,2,4
St Meinrad,4,1
St Michaels,2,13
St Michaels,4,1
St Paris,2,3
St Paul,2,3
St Paul,4,3
St Pauls,2,91
St Pauls,3,1
St Pauls,4,11
St Pete Beach,2,36
St Peters,2,26
St Peters,3,3
St Petersburg,1,67
St Petersburg,2,1013
St Petersburg,3,84
St Petersburg,4,4
St Robert,2,10
St Robert,3,1
St Rose,2,65
St Rose,3,5
St Rose,4,5
St Stephen,1,1
St Stephen,2,36
St Stephen,4,1
St Stephens Church,2,3
St Stephens Church,4,2
St. Louis,2,4
St. Louis,3,28
St. Marys,2,1
St. Pete Beach,2,1
St. Petersburg,2,49
St. Petersburg,3,10
Staatsburg,2,22
Staatsburg,4,2
Stacy,2,94
Stacy,3,2
Stacy,4,1
Stafford,1,3
Stafford,2,1792
Stafford,3,134
Stafford,4,75
Stafford Springs,1,1
Stafford Springs,2,56
Stafford Springs,3,6
Stafford Springs,4,9
Staffordsville,2,4
Staffordsville,4,1
Stahlstown,2,34
Stahlstown,3,2
Stahlstown,4,3
Staley,2,6
Staley,4,1
Stamford,1,1
Stamford,2,629
Stamford,3,124
Stamford,4,15
Stanardsville,1,2
Stanardsville,2,41
Stanardsville,4,20
Stanchfield,2,2
Standish,2,23
Standish,3,1
Stanfield,2,132
Stanfield,3,2
Stanfield,4,7
Stanford,2,75
Stanfordville,2,12
Stanhope,2,11
Stanhope,3,1
Stanhope,4,1
Stanley,2,77
Stanley,4,38
Stanleytown,2,13
Stanleytown,4,2
Stanton,1,1
Stanton,2,178
Stanton,3,2
Stanton,4,8
Stantonsburg,2,6
Stantonsburg,4,1
Stanwood,1,2
Stanwood,2,44
Stanwood,3,3
Stanwood,4,4
Staples,2,70
Stapleton,2,8
Stapleton,4,2
Star,2,27
Star City,2,14
Star City,4,9
Star Tannery,2,11
Star Tannery,4,4
Starbuck,2,23
Stark City,2,1
Starke,2,87
Starks,2,1
Starkville,2,7
Starlight,2,2
Starr,1,10
Starr,2,151
Starr,3,1
Starr,4,1
Starrucca,2,1
Starrucca,4,1
Startex,2,5
State Center,2,2
State College,1,6
State College,2,488
State College,3,17
State College,4,26
State Road,2,7
State University,2,1
Stateline,1,1
Stateline,2,35
Staten Island,1,2
Staten Island,2,1519
Staten Island,3,257
Staten Island,4,24
Statenville,2,1
Statenville,4,1
Statesboro,2,21
Statesboro,4,10
Statesville,1,5
Statesville,2,446
Statesville,3,84
Statesville,4,70
Statham,2,8
Statham,3,1
Statham,4,1
Staunton,1,1
Staunton,2,592
Staunton,3,114
Staunton,4,105
Stayton,2,68
Stayton,4,2
Ste Genevieve,2,1
Ste Genevieve,4,3
Steamboat Rock,2,13
Steamboat Springs,2,38
Steamboat Springs,3,1
Steamboat Springs,4,6
Stearns,2,1
Stearns,4,1
Stedman,2,12
Stedman,4,4
Steele,1,1
Steele,2,30
Steele,3,8
Steele,4,5
Steeles Tavern,2,22
Steelton,4,1
Steger,2,13
Steilacoom,1,1
Steilacoom,2,4
Steinhatchee,2,33
Stella,2,2
Stem,2,8
Stem,4,4
Stephens,2,4
Stephens,4,3
Stephens City,2,169
Stephens City,3,16
Stephens City,4,26
Stephenson,2,5
Stephenson,4,3
Stephentown,2,25
Stephentown,4,2
Stephenville,2,6
Sterling,1,19
Sterling,2,1322
Sterling,3,23
Sterling,4,48
Sterling City,2,4
Sterling City,4,1
Sterling Heights,1,4
Sterling Heights,2,25
Sterling Heights,4,1
Sterrett,1,1
Sterrett,2,29
Sterrett,4,1
Steubenville,2,15
Steubenville,3,2
Steubenville,4,2
Stevens,1,5
Stevens,2,96
Stevens,4,3
Stevens Point,2,15
Stevens Point,3,7
Stevens Point,4,1
Stevensburg,2,8
Stevensburg,4,2
Stevenson,2,28
Stevenson,3,1
Stevenson,4,5
Stevenson Ranch,1,6
Stevenson Ranch,2,181
Stevensville,2,386
Stevensville,3,16
Stevensville,4,23
Stevinson,1,2
Stevinson,2,137
Stevinson,4,1
Steward,3,7
Stewart,2,19
Stewarts Point,2,2
Stewartstown,1,1
Stewartstown,2,34
Stewartstown,4,4
Stewartsville,1,1
Stewartsville,2,21
Stewartsville,3,7
Stewartsville,4,2
Stewartville,2,145
Stewartville,3,1
Stigler,2,1
Stilesville,2,40
Stilesville,3,9
Stilesville,4,5
Still Pond,2,2
Stillwater,1,2
Stillwater,2,228
Stillwater,4,2
Stilwell,2,51
Stinnett,2,3
Stinson Beach,1,1
Stinson Beach,2,44
Stirum,2,3
Stittville,2,2
Stockbridge,2,317
Stockbridge,3,180
Stockbridge,4,25
Stockertown,2,4
Stockholm,2,13
Stockholm,4,2
Stockton,1,33
Stockton,2,4010
Stockton,3,106
Stockton,4,13
Stoddard,2,2
Stokes,2,16
Stokes,4,5
Stokesdale,2,25
Stokesdale,3,1
Stokesdale,4,8
Stone Creek,2,2
Stone Creek,3,5
Stone Mountain,1,4
Stone Mountain,2,249
Stone Mountain,3,3
Stone Mountain,4,10
Stone Park,1,1
Stone Ridge,2,5
Stone Ridge,4,5
Stoneboro,2,6
Stoneboro,4,4
Stoneham,1,4
Stoneham,2,52
Stoneham,3,6
Stoneham,4,9
Stoneville,2,21
Stoneville,4,4
Stonewall,2,2
Stonington,2,68
Stonington,3,5
Stonington,4,4
Stony Brook,1,1
Stony Brook,2,41
Stony Brook,4,2
Stony Creek,2,141
Stony Creek,3,11
Stony Creek,4,19
Stony Point,2,87
Stony Point,3,1
Stony Point,4,2
Stonyford,2,32
Storden,2,1
Storm Lake,2,11
Storm Lake,4,3
Stormville,2,27
Stormville,4,3
Storrs Center,2,15
Storrs Center,4,4
Storrs Mansfield,2,20
Storrs Mansfield,4,3
Story City,2,49
Story City,3,6
Story City,4,3
Stotts City,2,1
Stotts City,3,3
Stoughton,1,11
Stoughton,2,116
Stoughton,3,3
Stoughton,4,2
Stoutsville,2,1
Stow,1,3
Stow,2,68
Stow,3,3
Stow,4,1
Stowe,1,1
Stowe,3,1
Stoystown,2,121
Stoystown,3,1
Stoystown,4,5
Strafford,1,1
Strafford,2,62
Strafford,3,5
Strasburg,2,321
Strasburg,3,50
Strasburg,4,47
Stratford,1,1
Stratford,2,615
Stratford,3,74
Stratford,4,14
Stratham,1,2
Stratham,2,5
Strathmore,1,1
Strathmore,2,189
Strattanville,2,35
Strattanville,3,5
Strattanville,4,1
Stratton,2,11
Stratton,3,2
Stratton,4,1
Straughn,2,22
Straughn,3,2
Straughn,4,5
Strawberry,2,2
Strawberry,4,1
Strawberry Plains,2,23
Strawberry Plains,3,4
Strawberry Point,2,1
Strawberry Point,4,1
Strawberry Valley,2,13
Strawn,2,1
Streamwood,1,1
Streamwood,2,11
Streator,2,4
Street,2,24
Street,4,6
Streeter,2,1
Streetman,3,2
Streetsboro,2,70
Streetsboro,3,22
Streetsboro,4,1
Strong,2,5
Strong,4,4
Strongstown,2,29
Strongstown,3,1
Strongstown,4,7
Strongsville,2,51
Strongsville,3,69
Strongsville,4,1
Stroud,2,2
Stroudsburg,2,194
Stroudsburg,3,32
Stroudsburg,4,26
Strunk,2,2
Strunk,4,1
Stryker,2,1
Stryker,4,3
Stuart,1,1
Stuart,2,262
Stuart,3,14
Stuart,4,45
Stuarts Draft,2,49
Stuarts Draft,4,20
Studio City,2,311
Studio City,4,3
Stump Creek,2,2
Sturbridge,2,31
Sturbridge,3,13
Sturgeon,2,7
Sturgeon,4,2
Sturgeon Bay,2,6
Sturgeon Bay,4,1
Sturgeon Lake,2,52
Sturtevant,2,60
Sturtevant,3,16
Sturtevant,4,1
Stuttgart,2,7
Stuttgart,4,7
Stuyvesant,2,10
Stuyvesant,4,2
Suamico,2,4
Sublimity,2,49
Sublimity,4,3
Succasunna,2,8
Suches,2,1
Sudbury,1,1
Sudbury,2,3
Sudlersville,2,45
Sudlersville,3,4
Sudlersville,4,10
Suffern,2,271
Suffern,3,26
Suffern,4,4
Suffield,2,3
Suffield,4,1
Suffolk,1,11
Suffolk,2,1252
Suffolk,3,76
Suffolk,4,102
Sugar City,2,5
Sugar City,4,1
Sugar Grove,2,41
Sugar Grove,3,15
Sugar Grove,4,12
Sugar Hill,2,1
Sugar Land,1,2
Sugar Land,2,113
Sugar Land,3,20
Sugar Land,4,7
Sugar Run,2,3
Sugarcreek,2,7
Sugarloaf,2,47
Sugarloaf,3,7
Sugarloaf,4,4
Suisun City,1,2
Suisun City,2,97
Suisun City,4,3
Suitland,1,2
Suitland,2,631
Suitland,3,27
Suitland,4,11
Sula,2,11
Sula,4,1
Sulligent,2,4
Sulligent,4,2
Sullivan,2,11
Sullivan,3,10
Sullivan,4,5
Sullivan City,1,1
Sullivans Island,2,2
Sulphur,2,81
Sulphur,3,29
Sulphur,4,9
Sultan,2,30
Sultan,4,4
Sultana,2,8
Sumas,2,5
Sumerco,2,5
Sumerco,4,1
Sumerduck,2,4
Sumerduck,4,4
Sumiton,2,2
Summer Lake,2,25
Summer Shade,2,1
Summer Shade,4,1
Summerdale,2,12
Summerdale,3,1
Summerdale,4,3
Summerfield,1,4
Summerfield,2,562
Summerfield,3,1
Summerfield,4,15
Summerhill,1,1
Summerhill,2,38
Summerland,1,1
Summerland,2,174
Summerland,3,1
Summerland Key,2,40
Summerland Key,4,1
Summers,2,1
Summers,4,1
Summersville,2,9
Summersville,4,1
Summerton,1,1
Summerton,2,225
Summerton,3,37
Summerton,4,8
Summertown,2,2
Summerville,1,110
Summerville,2,2680
Summerville,3,61
Summerville,4,18
Summit,1,1
Summit,2,123
Summit,3,11
Summit,4,3
Summit Argo,2,34
Summit Argo,3,3
Summit Argo,4,4
Summit Hill,2,2
Summit Point,2,2
Sumner,1,1
Sumner,2,227
Sumner,3,11
Sumner,4,8
Sumpter,2,54
Sumrall,2,4
Sumrall,4,2
Sumter,1,51
Sumter,2,1264
Sumter,3,1
Sumter,4,27
Sumterville,1,2
Sumterville,2,20
Sumterville,4,1
Sun City,1,5
Sun City,2,290
Sun City,3,6
Sun City,4,2
Sun City Center,1,5
Sun City Center,2,139
Sun City Center,3,5
Sun City Center,4,2
Sun City West,1,1
Sun City West,2,97
Sun Lakes,2,11
Sun Prairie,1,1
Sun Prairie,2,59
Sun Prairie,3,1
Sun Prairie,4,5
Sun River,2,15
Sun River,4,1
Sun Valley,1,5
Sun Valley,2,965
Sun Valley,3,200
Sun Valley,4,9
Sunapee,2,1
Sunapee,3,4
Sunapee,4,1
Sunburg,2,15
Sunburst,2,4
Sunburst,4,1
Sunbury,1,1
Sunbury,2,291
Sunbury,3,18
Sunbury,4,20
Suncook,2,1
Sundance,2,5
Sunfield,2,3
Sunfield,4,5
Sunland,1,1
Sunland,2,134
Sunland,3,22
Sunman,2,24
Sunman,3,2
Sunman,4,6
Sunny Isles Beach,2,738
Sunnyside,2,10
Sunnyside,4,2
Sunnyvale,1,16
Sunnyvale,2,1066
Sunnyvale,3,6
Sunnyvale,4,2
Sunol,1,10
Sunol,2,969
Sunol,3,165
Sunol,4,5
Sunrise,2,27
Sunset,1,2
Sunset,2,80
Sunset,3,2
Sunset Beach,2,7
Sunset Beach,4,1
Sunset Valley,1,1
Sunset Valley,2,5
Superior,2,359
Superior,3,2
Superior,4,10
Superior city,2,4
Supply,2,21
Suquamish,1,1
Surfside,2,212
Surfside,4,1
Surfside Beach,2,26
Surprise,1,7
Surprise,2,634
Surprise,3,2
Surprise,4,4
Surrency,2,1
Surrency,4,1
Surrey,2,3
Surry,2,17
Surry,4,6
Susanville,1,3
Susanville,2,375
Susanville,4,6
Susquehanna,2,17
Susquehanna,4,3
Sussex,2,16
Sussex,4,4
Sutherland,1,1
Sutherland,2,58
Sutherland,4,16
Sutherlin,2,75
Sutherlin,3,2
Sutherlin,4,2
Sutter,1,1
Sutter,2,93
Sutter,4,1
Sutter Creek,1,2
Sutter Creek,2,81
Sutton,1,1
Sutton,2,46
Sutton,4,1
Suwanee,2,153
Suwanee,3,92
Suwanee,4,6
Suwannee,2,1
Swainsboro,2,15
Swainsboro,4,1
Swaledale,3,1
Swampscott,1,1
Swampscott,2,2
Swan,2,4
Swan,3,1
Swan River,2,21
Swan Valley,2,2
Swan Valley,4,1
Swannanoa,1,1
Swannanoa,2,65
Swannanoa,3,6
Swannanoa,4,5
Swansea,1,8
Swansea,2,409
Swansea,3,48
Swansea,4,5
Swanton,2,22
Swanton,3,28
Swanville,2,19
Swanzey,1,1
Swanzey,2,7
Swarthmore,2,27
Swarthmore,3,1
Swartz Creek,1,11
Swartz Creek,2,257
Swartz Creek,3,1
Swatara,2,6
Swayzee,2,4
Swayzee,4,2
Swedesboro,2,176
Swedesboro,3,11
Swedesboro,4,8
Sweeny,2,3
Sweet Grass,2,13
Sweet Home,2,61
Sweet Home,4,1
Sweet Springs,2,36
Sweet Springs,3,4
Sweet Springs,4,1
Sweet Valley,2,7
Sweet Valley,4,1
Sweet Water,4,1
Sweetwater,2,76
Sweetwater,3,10
Sweetwater,4,7
Swengel,2,12
Swifton,2,2
Swifton,4,2
Swiftwater,2,8
Swisher,2,105
Swisher,3,17
Swisher,4,5
Swisshome,2,25
Swoope,2,23
Swoope,4,13
Swords Creek,2,13
Swords Creek,4,6
Sycamore,1,1
Sycamore,2,32
Sycamore,3,8
Sycamore,4,6
Sykesville,2,105
Sykesville,3,10
Sykesville,4,15
Sylacauga,1,2
Sylacauga,2,17
Sylacauga,4,1
Sylmar,1,4
Sylmar,2,1796
Sylmar,3,380
Sylmar,4,25
Sylva,2,88
Sylva,3,1
Sylva,4,10
Sylvan Beach,2,7
Sylvania,2,30
Sylvania,3,3
Sylvania,4,6
Sylvester,2,9
Sylvester,4,2
Syosset,1,2
Syosset,2,191
Syosset,3,33
Syosset,4,2
Syracuse,1,3
Syracuse,2,1177
Syracuse,3,234
Syracuse,4,79
Taberg,2,41
Tabernacle,2,6
Tabiona,2,6
Table Rock,2,2
Table Rock,4,1
Tabor City,1,1
Tabor City,2,18
Tabor City,4,4
Tacna,2,1
Tacoma,1,24
Tacoma,2,1761
Tacoma,3,521
Tacoma,4,27
Taft,1,3
Taft,2,270
Taft,4,3
Tafton,2,14
Tahoe City,1,1
Tahoe City,2,238
Tahoe Vista,2,35
Tahoe Vista,4,1
Tahoma,2,25
Taiban,2,1
Takoma Park,2,98
Takoma Park,4,2
Talala,2,4
Talbott,2,2
Talbotton,2,1
Talco,2,1
Talent,2,99
Talent,3,4
Talent,4,1
Talking Rock,2,3
Talking Rock,4,1
Tall Timbers,2,4
Tall Timbers,4,2
Talladega,1,2
Talladega,2,10
Talladega,4,2
Tallahassee,1,35
Tallahassee,2,2696
Tallahassee,3,79
Tallahassee,4,18
Tallapoosa,2,37
Tallapoosa,4,2
Tallassee,2,16
Tallassee,3,1
Tallassee,4,1
Tallmadge,2,15
Tallmadge,3,15
Tallulah,2,20
Tallulah,3,10
Tallulah,4,1
Talmage,2,28
Talmo,2,2
Talmoon,2,2
Talpa,2,3
Talpa,4,2
Tama,1,1
Tama,2,11
Tama,4,6
Tamaqua,2,20
Tamaqua,4,5
Tamarac,2,7
Tamarack,2,13
Tamassee,2,17
Tamms,2,1
Tampa,1,310
Tampa,2,9239
Tampa,3,1269
Tampa,4,33
Taneytown,2,7
Tangent,2,101
Tanner,1,1
Tanner,2,158
Tanner,3,66
Tanner,4,1
Tannersville,1,1
Tannersville,2,84
Tannersville,3,20
Tannersville,4,10
Taos,2,3
Taos,4,1
Tappahannock,2,116
Tappahannock,4,37
Tappan,2,25
Tappan,4,1
Tappen,2,40
Tar Heel,2,24
Tar Heel,4,8
Tarboro,2,44
Tarboro,4,12
Tarentum,1,1
Tarentum,2,37
Tarentum,4,7
Tarpon Springs,1,33
Tarpon Springs,2,556
Tarpon Springs,4,1
Tarrs,2,4
Tarrytown,2,337
Tarrytown,3,43
Tarrytown,4,3
Tarzana,1,3
Tarzana,2,459
Tarzana,3,2
Tate,2,3
Tate,4,1
Tatum,2,3
Tatums,2,2
Taunton,1,3
Taunton,2,35
Taunton,3,1
Tavares,2,50
Tavernier,2,36
Tavernier,4,1
Taylor,1,4
Taylor,2,240
Taylor,3,82
Taylor,4,7
Taylor Mill,1,1
Taylor Mill,2,9
Taylors,1,126
Taylors,2,1308
Taylors,3,2
Taylors,4,5
Taylors Falls,2,23
Taylorsville,1,1
Taylorsville,2,93
Taylorsville,4,21
Tazewell,2,16
Tazewell,3,1
Tazewell,4,6
Teachey,2,2
Teachey,3,1
Teachey,4,1
Teague,3,1
Teaneck,2,497
Teaneck,3,63
Teaneck,4,9
Teasdale,2,13
Teaticket,1,1
Teaticket,2,2
Tecumseh,2,6
Tecumseh,3,1
Tecumseh,4,4
Teec Nos Pos,2,47
Teec Nos Pos,4,3
Tehachapi,1,3
Tehachapi,2,701
Tehachapi,3,2
Tehachapi,4,10
Tehama,2,2
Tejon Ranch,2,1
Tekamah,2,15
Tekonsha,2,18
Tekonsha,3,3
Tekonsha,4,3
Telford,1,6
Telford,2,222
Telford,3,2
Telford,4,3
Tell City,2,2
Tellico Plains,2,7
Tellico Plains,4,2
Telluride,2,2
Telluride,4,1
Temecula,1,7
Temecula,2,1163
Temecula,3,116
Temecula,4,4
Tempe,1,23
Tempe,2,2757
Tempe,3,172
Tempe,4,4
Temperance,2,6
Temperance,4,2
Temperanceville,2,21
Temperanceville,4,4
Temple,2,64
Temple,3,25
Temple,4,14
Temple City,2,26
Temple Hills,1,3
Temple Hills,2,582
Temple Hills,3,7
Temple Hills,4,9
Temple Terrace,2,4
Templeton,1,4
Templeton,2,350
Templeton,4,2
Ten Mile,2,1
Ten Mile,4,1
Tenafly,2,13
Tenaha,1,1
Tenino,2,17
Tenmile,2,19
Tennessee Colony,2,3
Tennessee Colony,4,2
Tennyson,2,8
Tensed,2,4
Tensed,4,1
Termo,2,51
Termo,4,1
Terra Alta,2,2
Terra Bella,1,3
Terra Bella,2,163
Terra Bella,4,1
Terra Ceia,2,53
Terra Ceia,3,11
Terra Ceia,4,1
Terrace Park,2,1
Terre Haute,2,86
Terre Haute,3,13
Terre Haute,4,10
Terre Hill,2,4
Terrebonne,1,2
Terrebonne,2,74
Terrebonne,4,2
Terrell,1,1
Terrell,2,128
Terrell,3,61
Terrell,4,13
Terry,2,46
Terry,3,10
Terry,4,3
Terryville,2,5
Terryville,4,2
Teterboro,2,29
Teterboro,3,9
Teterboro,4,1
Teton,2,1
Teton,4,1
Tetonia,2,2
Teutopolis,3,11
Tewksbury,1,21
Tewksbury,2,246
Tewksbury,3,24
Texarkana,2,144
Texarkana,3,18
Texarkana,4,23
Texas City,2,19
Texas City,3,9
Thackerville,3,1
Thatcher,2,5
Thatcher,4,1
Thawville,3,2
Thaxton,2,23
Thaxton,3,1
Thaxton,4,7
Thayer,1,1
Thayer,2,8
Thayer,4,3
The Colony,2,13
The Dalles,2,608
The Dalles,3,10
The Dalles,4,8
The Hills,2,4
The Plains,2,140
The Plains,3,21
The Plains,4,27
The Rock,2,2
The Rock,4,1
The Sea Ranch,2,20
The Villages,1,1
The Villages,2,131
Theodore,1,4
Theodore,2,118
Theodore,3,40
Theodore,4,4
Theresa,2,6
Theresa,3,2
Theresa,4,2
Thibodaux,2,26
Thibodaux,4,2
Thomasboro,3,3
Thomaston,2,49
Thomaston,4,9
Thomasville,1,3
Thomasville,2,175
Thomasville,3,8
Thomasville,4,32
Thompson,2,270
Thompson,3,13
Thompson,4,4
Thompson Falls,2,31
Thompson Falls,4,1
Thompsons Station,2,32
Thompsons Station,3,3
Thompsons Station,4,2
Thompson's Station,2,11
Thompson's Station,3,2
Thompsontown,2,106
Thompsontown,4,7
Thomson,2,57
Thomson,3,8
Thomson,4,9
Thonotosassa,1,11
Thonotosassa,2,121
Thonotosassa,3,2
Thoreau,2,9
Thoreau,3,1
Thorn Hill,2,4
Thorndale,2,48
Thorndale,4,1
Thornton,2,201
Thornton,3,47
Thornton,4,7
Thorntown,1,1
Thorntown,2,68
Thorntown,3,20
Thorntown,4,16
Thornville,1,2
Thornville,2,24
Thornville,3,20
Thornville,4,4
Thornwood,2,4
Thorofare,2,42
Thorofare,3,14
Thorp,2,9
Thorsby,2,8
Thousand Oaks,1,4
Thousand Oaks,2,323
Thousand Oaks,3,1
Thousand Oaks,4,4
Thrall,1,1
Thrall,2,1
Three Forks,2,134
Three Forks,4,1
Three Lakes,2,1
Three Lakes,4,1
Three Oaks,2,18
Three Oaks,3,2
Three Rivers,2,62
Three Springs,2,46
Three Springs,4,2
Throop,2,1
Thurman,1,1
Thurman,2,7
Thurman,3,2
Thurman,4,1
Thurmond,2,9
Thurmond,4,3
Thurmont,1,1
Thurmont,2,151
Thurmont,3,2
Thurmont,4,9
Thurston,1,1
Tichnor,2,1
Tichnor,4,1
Tickfaw,2,1
Ticonderoga,2,4
Ticonderoga,3,1
Ticonderoga,4,2
Tidewater,2,31
Tie Siding,2,2
Tie Siding,4,1
Tierra Amarilla,2,1
Tierra Verde,2,2
Tiffin,2,47
Tiffin,3,9
Tiffin,4,2
Tifton,1,1
Tifton,2,45
Tifton,3,24
Tifton,4,12
Tigerton,2,1
Tigerton,3,1
Tignall,2,1
Tijeras,2,11
Tijeras,3,7
Tilden,4,1
Tilghman,2,1
Tillamook,2,263
Tillamook,4,15
Tillar,2,9
Tillar,4,1
Tillatoba,2,5
Tillatoba,3,2
Tillatoba,4,1
Tiller,2,22
Tillman,1,1
Tillman,2,36
Tillson,2,46
Tilton,1,2
Tilton,2,22
Tilton,3,23
Tilton,4,1
Timber,2,59
Timber,4,3
Timberlake,2,5
Timberville,2,103
Timberville,4,18
Timmonsville,1,14
Timmonsville,2,399
Timmonsville,3,26
Timmonsville,4,3
Timpson,2,5
Timpson,4,2
Tinley Park,1,1
Tinley Park,2,77
Tinley Park,3,344
Tinley Park,4,2
Tinton Falls,2,19
Tinton Falls,3,1
Tioga,2,49
Tioga,3,1
Tioga,4,1
Tionesta,2,14
Tionesta,4,4
Tipp City,1,1
Tipp City,2,36
Tipp City,3,11
Tipp City,4,1
Tipton,1,1
Tipton,2,247
Tipton,3,4
Tipton,4,10
Titus,1,1
Titus,2,17
Titus,3,1
Titus,4,1
Titusville,1,1
Titusville,2,279
Titusville,3,47
Titusville,4,18
Tiverton,2,5
Tivoli,2,17
Toano,2,204
Toano,3,30
Toano,4,16
Tobaccoville,2,37
Tobaccoville,4,6
Tobyhanna,2,53
Tobyhanna,3,2
Tobyhanna,4,5
Toccoa,2,21
Toccoa,3,1
Toccoa,4,9
Toddville,2,7
Toddville,4,1
Tohatchi,2,2
Toledo,1,10
Toledo,2,523
Toledo,3,228
Toledo,4,11
Tolland,1,1
Tolland,2,91
Tolland,3,9
Tolland,4,6
Tolleson,1,2
Tolleson,2,384
Tolleson,3,17
Tolleson,4,2
Tollhouse,2,58
Tolono,2,1
Tolono,3,2
Tolovana Park,2,2
Toluca Lake,2,15
Tomah,2,35
Tomah,3,4
Tomah,4,4
Tomahawk,2,5
Tomahawk,4,2
Tomales,1,1
Tomales,2,25
Tomball,1,5
Tomball,2,118
Tomball,3,6
Tomball,4,5
Tomkins Cove,2,14
Tomkins Cove,4,1
Tompkinsville,2,3
Tompkinsville,4,1
Toms Brook,2,114
Toms Brook,3,26
Toms Brook,4,15
Toms River,1,1
Toms River,2,404
Toms River,3,8
Toms River,4,12
Tonalea,2,12
Tonalea,4,3
Tonasket,2,1
Tonasket,4,3
Tonawanda,2,288
Tonawanda,3,59
Tonawanda,4,4
Toney,1,1
Toney,2,48
Toney,3,2
Toney,4,1
Tonganoxie,2,17
Tonica,2,1
Tonica,3,6
Tonkawa,1,1
Tonkawa,4,1
Tonopah,1,1
Tonopah,2,287
Tonopah,3,25
Tonopah,4,12
Tonto Basin,2,15
Tonto Basin,4,1
Tooele,1,5
Tooele,2,507
Tooele,3,20
Tooele,4,1
Toomsboro,2,3
Toomsboro,4,1
Toomsuba,2,8
Toomsuba,3,3
Topanga,1,1
Topanga,2,179
Topanga,4,1
Topaz,2,25
Topeka,1,2
Topeka,2,53
Topeka,3,22
Topeka,4,19
Topock,2,10
Topock,3,2
Toponas,2,3
Toponas,4,2
Toppenish,2,3
Toppenish,4,1
Topping,2,21
Topping,4,7
Topsfield,1,1
Topsfield,2,4
Topsham,2,2
Topsham,3,1
Toquerville,2,22
Toquerville,3,2
Toronto,2,4
Torrance,1,23
Torrance,2,1604
Torrance,3,164
Torrance,4,4
Torrey,1,1
Torrey,2,10
Torrey,4,1
Torrington,2,43
Torrington,4,10
Tortilla Flat,2,28
Tortilla Flat,4,1
Toston,2,12
Totowa,2,124
Totowa,3,15
Toughkenamon,2,33
Toughkenamon,4,1
Toutle,2,2
Toutle,3,1
Towaco,2,23
Towaco,3,1
Towaco,4,1
Towanda,2,51
Towanda,3,20
Towanda,4,12
Towaoc,2,12
Towaoc,4,4
Tower,2,14
Tower City,2,16
Tower City,4,2
Town Creek,2,7
Towner,2,14
Townley,2,17
Townley,4,1
Townsend,1,6
Townsend,2,199
Townsend,3,6
Townsend,4,19
Townshend,1,1
Townshend,3,1
Township 1 Charlotte,2,2
Township of Washington,2,41
Township of Washington,3,1
Townville,1,10
Townville,2,241
Townville,3,9
Townville,4,6
Towson,1,1
Towson,2,406
Towson,3,56
Towson,4,21
Toxey,1,1
Trabuco Canyon,1,5
Trabuco Canyon,2,142
Trabuco Canyon,4,2
Tracy,1,37
Tracy,2,2789
Tracy,3,220
Tracy,4,8
Tracy City,2,8
Tracy City,4,1
Traer,4,2
Trafford,1,1
Trafford,2,59
Trafford,3,1
Trafford,4,5
Trail,2,42
Tranquillity,1,1
Tranquillity,2,49
Tranquillity,3,1
Transfer,2,3
Trappe,2,137
Trappe,3,5
Trappe,4,9
Travelers Rest,1,48
Travelers Rest,2,524
Travelers Rest,3,1
Travelers Rest,4,2
Traver,2,18
Traverse City,2,18
Traverse City,4,1
Travis AFB,2,2
Travis Air Force Base,2,3
Treasure Island,2,28
Trego,2,10
Tremont,1,1
Tremont,2,76
Tremont,3,18
Tremont,4,12
Tremonton,1,1
Tremonton,2,113
Tremonton,3,13
Trempealeau,3,1
Trent,3,1
Trenton,1,6
Trenton,2,1216
Trenton,3,155
Trenton,4,30
Tres Pinos,2,21
Trevorton,2,9
Treynor,2,4
Trezevant,2,2
Triadelphia,2,64
Triadelphia,4,1
Triangle,1,2
Triangle,2,432
Triangle,3,39
Triangle,4,4
Trimble,2,3
Trimble,4,1
Trimont,2,11
Trimont,4,1
Trinidad,1,1
Trinidad,2,280
Trinidad,3,24
Trinidad,4,10
Trinity,1,1
Trinity,2,194
Trinity,3,6
Trinity,4,10
Trinity Center,2,37
Trion,2,4
Trion,4,1
Trivoli,2,1
Trona,2,50
Trona,4,1
Tropic,2,6
Trotwood,1,1
Trotwood,2,2
Trout Creek,2,27
Trout Run,2,192
Trout Run,3,2
Trout Run,4,13
Troutdale,2,128
Troutdale,3,6
Troutdale,4,11
Troutman,2,83
Troutman,3,10
Troutman,4,6
Troutville,2,153
Troutville,3,29
Troutville,4,17
Trowbridge,2,4
Troy,1,15
Troy,2,1074
Troy,3,83
Troy,4,53
Truckee,1,2
Truckee,2,828
Truckee,3,34
Truckee,4,9
Truesdale,2,5
Truman,2,39
Trumann,2,30
Trumann,3,1
Trumann,4,3
Trumansburg,2,9
Trumansburg,4,4
Trumbull,2,332
Trumbull,3,2
Trumbull,4,10
Truro,2,4
Truro,3,3
Trussville,1,2
Trussville,2,119
Trussville,3,27
Trussville,4,3
Truth or Consequences,2,6
Truth or Consequences,3,1
Truth or Consequences,4,2
Tryon,1,1
Tryon,2,44
Tryon,3,1
Tryon,4,3
Tualatin,1,1
Tualatin,2,370
Tualatin,3,26
Tualatin,4,2
Tuba City,2,47
Tuba City,4,4
Tuckahoe,2,47
Tuckasegee,2,6
Tucker,1,1
Tucker,2,266
Tucker,3,119
Tucker,4,19
Tuckerton,1,1
Tuckerton,2,125
Tuckerton,3,1
Tuckerton,4,3
Tucson,1,283
Tucson,2,13969
Tucson,3,173
Tucson,4,64
Tucumcari,2,28
Tucumcari,3,3
Tujunga,2,100
Tujunga,3,1
Tukwila,1,1
Tukwila,2,12
Tukwila,3,2
Tulalip,2,6
Tulare,1,13
Tulare,2,1014
Tulare,3,1
Tulare,4,7
Tularosa,2,3
Tularosa,3,1
Tulelake,2,73
Tulelake,4,1
Tullahoma,2,1
Tully,2,35
Tully,3,5
Tully,4,4
Tulsa,1,525
Tulsa,2,7287
Tulsa,3,39
Tulsa,4,2
Tumwater,2,7
Tumwater,3,6
Tumwater,4,1
Tunkhannock,2,7
Tunkhannock,4,8
Tunnel Hill,2,28
Tunnel Hill,3,9
Tunnel Hill,4,1
Tuolumne,1,1
Tuolumne,2,100
Tupelo,2,33
Tupelo,3,5
Tupelo,4,5
Tupman,2,41
Tupman,3,2
Tupper Lake,2,2
Tupper Lake,3,1
Tupper Lake,4,2
Turbeville,1,1
Turbeville,2,50
Turbotville,2,54
Turin,2,2
Turin,4,1
Turkey,2,6
Turkey,4,2
Turlock,1,14
Turlock,2,831
Turlock,3,1
Turlock,4,3
Turner,2,19
Turrell,2,42
Turrell,4,3
Turtle Creek,1,1
Turtle Creek,2,3
Turtle Lake,2,1
Turtlepoint,2,13
Turtlepoint,4,1
Turtletown,2,1
Tuscaloosa,1,21
Tuscaloosa,2,2142
Tuscaloosa,3,93
Tuscaloosa,4,15
Tuscarora,2,7
Tuscola,2,1
Tuscola,3,34
Tuscumbia,1,1
Tuscumbia,2,88
Tuscumbia,3,1
Tuscumbia,4,4
Tuskegee,2,47
Tuskegee,3,53
Tuskegee,4,3
Tustin,1,3
Tustin,2,1457
Tustin,3,170
Tustin,4,2
Tuttle,2,2
Tuxedo Park,2,180
Tuxedo Park,4,1
Twain,2,35
Twain Harte,1,1
Twain Harte,2,153
Twain Harte,4,2
Twain Harte-Tuolumne City,2,2
Twin Bridges,2,61
Twin Bridges,4,1
Twin City,2,12
Twin City,3,10
Twin City,4,3
Twin Falls,2,28
Twin Falls,4,6
Twin Lakes,2,10
Twin Mountain,1,1
Twin Peaks,1,2
Twin Peaks,2,91
Twining,2,1
Twining,4,2
Twinsburg,1,2
Twinsburg,2,12
Twinsburg,3,9
Twinsburg,4,1
Two Buttes,2,1
Two Dot,2,7
Two Harbors,2,2
Ty Ty,2,2
Ty Ty,4,2
Tyaskin,2,1
Tybee Island,1,1
Tygh Valley,2,6
Tyler,1,11
Tyler,2,2177
Tyler,3,4
Tyler,4,5
Tyngsboro,1,1
Tyngsboro,2,26
Tyro,2,3
Tyro,4,1
Tyrone,1,1
Tyrone,2,387
Tyrone,3,18
Tyrone,4,31
Tyronza,2,21
Tyronza,3,2
Tyronza,4,2
Uhrichsville,1,1
Uhrichsville,2,1
Ukiah,1,3
Ukiah,2,538
Ukiah,3,1
Ukiah,4,3
Ullin,3,1
Ulm,2,2
Ulmer,1,3
Ulmer,2,20
Ulster,2,4
Ulster,4,3
Ulster Park,2,19
Ulster Park,4,3
Ulysses,2,28
Ulysses,3,1
Ulysses,4,2
Umatilla,2,237
Umatilla,4,4
Umpire,2,1
Umpire,4,1
Una,2,3
Unadilla,2,15
Unadilla,3,2
Unadilla,4,3
Uncasville,2,105
Uncasville,3,18
Uncasville,4,15
Underwood,1,1
Underwood,2,64
Underwood,3,7
Underwood,4,5
Unicoi,2,7
Unicoi,3,2
Unicoi,4,1
Union,1,14
Union,2,1403
Union,3,75
Union,4,42
Union Bridge,2,53
Union Bridge,4,5
Union City,1,7
Union City,2,986
Union City,3,212
Union City,4,22
Union Dale,2,4
Union Dale,4,4
Union Grove,2,32
Union Grove,4,7
Union Hall,2,9
Union Hall,4,4
Union Mills,2,16
Union Mills,4,3
Union Pier,2,8
Union Pier,3,9
Union Point,2,5
Union Point,4,1
Union Springs,2,15
Union Springs,4,5
Union Star,2,1
Union Star,4,1
Uniondale,1,2
Uniondale,2,155
Uniondale,3,1
Uniondale,4,1
Uniontown,1,1
Uniontown,2,67
Uniontown,3,15
Uniontown,4,27
Unionville,2,35
Unionville,4,10
United States Air Force Academy,2,28
United States Air Force Academy,3,15
United States Air Force Academy,4,2
Unity,2,41
Unity,4,4
Unityville,2,33
Unityville,4,3
Universal City,2,69
Universal City,4,2
University Heights,2,1
University Park,2,46
University Park,3,12
University Park,4,1
University Place,2,6
Unknown,2,87
Upatoi,2,2
Upatoi,4,1
Upland,1,7
Upland,2,978
Upland,3,59
Upland,4,5
Upper,2,1
Upper Black Eddy,4,2
Upper Chichester,2,23
Upper Chichester,3,1
Upper Darby,2,110
Upper Falls,2,9
Upper Keys,4,1
Upper Lake,1,2
Upper Lake,2,207
Upper Lake,4,4
Upper Macungie,2,1
Upper Macungie,3,11
Upper Macungie,4,1
Upper Marlboro,1,3
Upper Marlboro,2,588
Upper Marlboro,3,47
Upper Marlboro,4,21
Upper Merion,2,5
Upper Merion,3,32
Upper Merion,4,1
Upper Sandusky,1,2
Upper Sandusky,2,16
Upper Sandusky,3,2
Upperco,2,16
Upperco,4,4
Upperville,2,16
Upperville,3,1
Upperville,4,3
Upsala,2,2
Upton,1,1
Upton,2,10
Upton,3,4
Urbana,2,21
Urbana,3,49
Urbana,4,1
Urbandale,1,1
Urbandale,2,225
Urbandale,3,42
Urbandale,4,13
Urbanna,2,6
Urbanna,4,2
Urich,2,1
Usaf Academy,2,68
Usaf Academy,3,45
Usaf Academy,4,5
Usk,2,1
Ute,2,2
Ute,3,1
Utica,1,3
Utica,2,748
Utica,3,45
Utica,4,8
Uvalda,2,2
Uvalde,2,5
Uvalde,4,3
Uxbridge,2,2
Vacaville,1,15
Vacaville,2,996
Vacaville,3,156
Vacaville,4,4
Vacherie,2,3
Vacherie,4,1
Vader,2,3
Vado,2,4
Vado,3,2
Vaiden,2,5
Vaiden,3,1
Vail,1,1
Vail,2,341
Vail,3,29
Vail,4,27
Valatie,2,56
Valatie,4,4
Valders,4,1
Valdese,2,28
Valdese,3,8
Valdese,4,3
Valdosta,2,117
Valdosta,3,10
Valdosta,4,23
Vale,2,263
Vale,3,4
Vale,4,11
Valencia,1,10
Valencia,2,694
Valencia,3,103
Valencia,4,2
Valentine,2,6
Valentine,4,2
Valentines,2,8
Valentines,4,3
Valhalla,1,1
Valhalla,2,65
Valhalla,3,1
Valhalla,4,2
Valier,2,25
Vallecito,2,29
Vallejo,1,16
Vallejo,2,1261
Vallejo,3,222
Vallejo,4,9
Valles Mines,2,2
Valley,1,2
Valley,2,49
Valley,3,20
Valley,4,8
Valley Center,2,131
Valley Center,3,1
Valley City,2,64
Valley City,4,1
Valley Cottage,2,5
Valley Cottage,4,3
Valley Falls,2,4
Valley Falls,4,1
Valley Ford,2,6
Valley Forge,2,3
Valley Grande,2,1
Valley Grove,2,33
Valley Grove,4,1
Valley Head,2,11
Valley Head,3,6
Valley Lee,2,2
Valley Park,2,54
Valley Park,3,31
Valley Park,4,1
Valley Springs,1,3
Valley Springs,2,359
Valley Springs,4,1
Valley Stream,1,4
Valley Stream,2,451
Valley Stream,3,8
Valley Stream,4,2
Valley View,2,2
Valley Village,1,1
Valley Village,2,501
Valley Village,3,3
Valley Village,4,3
Valleyford,1,1
Valleyford,2,2
Vallonia,2,1
Vallonia,4,2
Valmy,2,2
Valparaiso,2,34
Valparaiso,3,2
Valparaiso,4,16
Valrico,1,17
Valrico,2,174
Valyermo,1,1
Valyermo,2,305
Valyermo,3,1
Valyermo,4,2
Van,2,5
Van,3,1
Van Buren,1,1
Van Buren,2,124
Van Buren,3,3
Van Buren,4,14
Van Dyne,2,26
Van Dyne,3,1
Van Horn,2,3
Van Horn,3,11
Van Horn,4,5
Van Horne,2,10
Van Horne,4,1
Van Nuys,1,3
Van Nuys,2,1076
Van Nuys,3,189
Van Nuys,4,3
Van Wert,2,7
Van Wert,3,2
Van Wert,4,2
Vance,1,4
Vance,2,202
Vance,3,35
Vance,4,4
Vanceboro,2,44
Vanceboro,3,2
Vanceboro,4,11
Vancleave,2,45
Vancourt,2,1
Vancouver,1,1
Vancouver,2,779
Vancouver,3,156
Vancouver,4,17
Vandalia,1,2
Vandalia,2,65
Vandalia,3,61
Vandalia,4,3
Vanderbilt,2,3
Vandergrift,2,11
Vandergrift,4,7
Vandiver,2,1
Vanleer,4,1
Vansant,2,5
Vansant,4,2
Varnville,1,1
Varnville,2,73
Varysburg,2,7
Varysburg,4,3
Vass,2,11
Vass,4,4
Vaughan,2,8
Vaughan,3,1
Vaughan,4,2
Vaughn,2,53
Vaughn,3,2
Vaughn,4,1
Vaughnsville,2,1
Vauxhall,2,21
Vauxhall,3,2
Vauxhall,4,2
Veedersburg,2,13
Veedersburg,3,1
Veedersburg,4,1
Vega,2,1
Vega,3,1
Vega,4,1
Velva,2,7
Venango,2,2
Veneta,2,57
Veneta,4,1
Venetia,2,4
Venetia,4,2
Venice,1,11
Venice,2,1304
Venice,3,13
Venice,4,8
Ventura,1,19
Ventura,2,1593
Ventura,3,4
Ventura,4,3
Venus,2,65
Venus,4,1
Veradale,2,12
Verbank,2,11
Verbena,1,4
Verbena,2,114
Verbena,3,39
Verbena,4,1
Verdi,1,1
Verdi,2,134
Verdi,3,4
Verdi,4,2
Vergas,2,1
Vermilion,1,3
Vermilion,2,11
Vernal,1,2
Vernal,2,126
Vernal,4,1
Vernalis,1,4
Vernalis,2,86
Vernalis,3,1
Verndale,2,28
Vernon,1,2
Vernon,2,339
Vernon,4,4
Vernon Center,2,23
Vernon Hill,2,11
Vernon Hill,4,7
Vernon Hills,1,4
Vernon Hills,2,230
Vernon Hills,3,2
Vernon Hills,4,1
Vernon Rockville,1,1
Vernon Rockville,2,87
Vernon Rockville,3,18
Vernon Rockville,4,12
Vernonia,2,89
Vernonia,3,1
Vernonia,4,5
Vero Beach,1,2
Vero Beach,2,227
Vero Beach,3,18
Vero Beach,4,10
Verona,1,2
Verona,2,341
Verona,3,35
Verona,4,18
Verona Beach,2,3
Versailles,1,2
Versailles,2,17
Versailles,4,4
Vesper,2,1
Vesper,4,1
Vesta,2,15
Vestal,2,65
Vestal,3,3
Vestal,4,2
Vestavia,2,5
Vesuvius,2,12
Vesuvius,4,5
Veyo,2,7
Vichy,4,3
Vickery,2,8
Vickery,3,1
Vicksburg,2,127
Vicksburg,3,19
Vicksburg,4,16
Victor,2,200
Victor,3,13
Victor,4,4
Victoria,1,1
Victoria,2,70
Victoria,3,1
Victoria,4,16
Victorville,1,7
Victorville,2,874
Victorville,3,59
Victorville,4,6
Victorville-Hesperia,2,6
Victorville-Hesperia,3,2
Vida,1,1
Vida,2,100
Vida,3,1
Vida,4,3
Vidal,2,54
Vidal,4,2
Vidalia,2,12
Vidalia,4,6
Vidor,3,1
Vienna,2,915
Vienna,3,130
Vienna,4,15
View Park,2,68
View Park,3,1
Vilas,2,9
Vilas,3,1
Villa Grande,2,1
Villa Grove,2,7
Villa Grove,4,2
Villa Hills,2,7
Villa Park,1,25
Villa Park,2,274
Villa Park,3,1
Villa Rica,2,92
Villa Rica,3,37
Villa Rica,4,13
Villa Ridge,2,25
Villa Ridge,3,3
Villa Ridge,4,2
Villanova,1,1
Villanova,2,180
Villanova,3,26
Villanova,4,5
Villard,2,6
Villas,2,4
Ville Platte,2,2
Ville Platte,4,1
Villisca,2,2
Vilonia,2,17
Vilonia,4,5
Vina,2,9
Vincennes,2,18
Vincennes,4,5
Vincent,2,2
Vincent,4,2
Vincentown,1,3
Vincentown,2,76
Vincentown,3,1
Vincentown,4,13
Vine Grove,2,2
Vineland,2,81
Vineland,4,18
Vinemont,1,1
Vinemont,2,26
Vinemont,3,3
Vinemont,4,1
Vineyard,2,5
Vineyard Haven,1,1
Vining,2,10
Vinton,1,1
Vinton,2,143
Vinton,3,46
Vinton,4,22
Vintondale,2,13
Viola,2,6
Viola,4,1
Virden,3,4
Virgilina,2,6
Virgilina,4,3
Virgin,2,13
Virgin,4,1
Virginia,1,1
Virginia,2,105
Virginia,4,1
Virginia Beach,1,50
Virginia Beach,2,2985
Virginia Beach,3,416
Virginia Beach,4,29
Virginia City,1,1
Virginia City,2,15
Virginia Gardens,2,40
Virginia State University,2,1
Visalia,1,11
Visalia,2,1435
Visalia,3,2
Visalia,4,744
Vista,1,5
Vista,2,1298
Vista,3,8
Vista,4,11
Vivian,1,2
Vivian,2,17
Vivian,3,1
Volant,2,31
Volant,4,5
Volborg,2,39
Volborg,3,1
Volborg,4,2
Volcano,2,34
Volente,2,7
Volo,1,1
Volo,2,47
Volo,4,1
Voltaire,2,2
Voluntown,2,13
Voluntown,4,4
Von Ormy,1,2
Von Ormy,2,61
Von Ormy,3,16
Von Ormy,4,4
Vona,2,4
Vona,4,4
Vonore,2,1
Voorhees,1,2
Voorhees,2,51
Voorhees,4,2
Voorheesville,2,16
Voorheesville,4,4
Vossburg,2,1
Waban,1,6
Waban,2,6
Wabash,2,7
Wabash,4,5
Wabasha,2,37
Wabasha,4,1
Wabasso,2,4
Wabbaseka,2,3
Wabbaseka,4,1
Waccabuc,2,6
Waco,2,133
Waco,3,24
Waco,4,11
Waconia,2,45
Waconia,4,1
Waddell,2,29
Waddell,4,1
Waddy,2,5
Wade,2,169
Wade,3,26
Wade,4,32
Wadena,1,1
Wadena,2,98
Wadesboro,1,2
Wadesboro,2,14
Wadesboro,4,8
Wadesville,2,3
Wading River,2,2
Wadley,2,4
Wadley,4,2
Wadsworth,1,9
Wadsworth,2,247
Wadsworth,3,35
Wadsworth,4,4
Waelder,3,1
Wagarville,2,3
Wagener,2,100
Waggoner,3,2
Wagon Mound,2,7
Wagoner,2,3
Wagram,2,9
Wagram,4,1
Wahkiacus,3,1
Wahkon,2,6
Wahoo,2,3
Wahpeton,2,7
Wainscott,2,5
Waite Park,2,11
Waitsburg,2,2
Waitsburg,4,1
Wakarusa,2,7
Wakarusa,4,5
Wake Forest,1,27
Wake Forest,2,1056
Wake Forest,3,1
Wake Forest,4,15
Wakefield,1,3
Wakefield,2,109
Wakefield,3,32
Wakefield,4,5
Wakeman,1,1
Wakeman,2,7
Wakeman,3,2
Wakpala,2,3
Wakpala,4,2
Walbridge,2,1
Walbridge,3,2
Walcott,1,1
Walcott,2,60
Walcott,3,11
Walcott,4,3
Walden,2,12
Walden,4,5
Waldo,1,1
Waldo,2,86
Waldo,4,5
Waldorf,1,2
Waldorf,2,664
Waldorf,3,2
Waldorf,4,11
Waldport,1,2
Waldport,2,89
Waldron,2,29
Waldron,4,8
Waldwick,2,31
Wales,2,4
Walford,2,1
Walford,4,1
Walhalla,1,22
Walhalla,2,237
Walhalla,4,2
Walhonding,2,2
Walker,2,114
Walker,3,16
Walker,4,1
Walker Lake,2,1
Walkersville,2,60
Walkersville,3,2
Walkersville,4,12
Walkerton,2,3
Walkerton,4,2
Walkertown,2,32
Walkertown,4,14
Wall,2,2
Wall Lake,2,2
Wall Township,2,47
Wall Township,3,1
Wall Township,4,1
Walla Walla,2,3
Walla Walla-College Place,2,1
Wallace,1,5
Wallace,2,126
Wallace,3,1
Wallace,4,8
Wallaceton,2,2
Walland,2,3
Walland,4,2
Walled Lake,2,1
Waller,2,14
Waller,4,3
Wallingford,2,270
Wallingford,3,46
Wallingford,4,21
Wallington,2,1
Wallis,2,2
Wallis,4,2
Wallisville,2,3
Wallisville,3,3
Wallkill,2,187
Wallkill,4,1
Wallops Island,2,6
Wallops Island,4,4
Wallowa,2,72
Wallowa,4,1
Walls,1,1
Wallsburg,2,55
Wallsburg,3,1
Walnut,1,6
Walnut,2,942
Walnut,3,15
Walnut,4,5
Walnut Bottom,2,34
Walnut Bottom,3,3
Walnut Bottom,4,1
Walnut Cove,1,1
Walnut Cove,2,36
Walnut Cove,4,12
Walnut Creek,1,18
Walnut Creek,2,1062
Walnut Creek,3,146
Walnut Creek,4,7
Walnut Grove,1,2
Walnut Grove,2,198
Walnut Grove,3,2
Walnut Grove,4,1
Walnut Ridge,2,25
Walnut Ridge,4,9
Walnut Shade,2,1
Walnutport,2,8
Walnutport,4,3
Walpole,2,14
Walpole,4,2
Walsenburg,2,64
Walsenburg,3,4
Walsenburg,4,11
Walstonburg,2,9
Walstonburg,4,1
Walterboro,1,16
Walterboro,2,1010
Walterboro,3,88
Walterboro,4,6
Walters,2,4
Walterville,2,44
Waltham,1,23
Waltham,2,229
Waltham,3,20
Walthill,2,4
Walthill,4,2
Walton,1,3
Walton,2,152
Walton,3,25
Walton,4,1
Waltonville,2,1
Waltonville,4,1
Walworth,2,4
Walworth,4,1
Wamego,2,2
Wampum,2,22
Wampum,3,25
Wampum,4,7
Wamsutter,2,181
Wamsutter,4,22
Wana,2,1
Wanamingo,2,46
Wanaque,2,1
Wanaque,3,3
Wanatah,2,9
Wanatah,4,4
Wannaska,2,5
Wantagh,1,6
Wantagh,2,389
Wantagh,3,5
Wantagh,4,6
Wapakoneta,1,1
Wapakoneta,2,32
Wapakoneta,3,22
Wapato,2,1
Wappingers Falls,1,1
Wappingers Falls,2,367
Wappingers Falls,3,1
Wappingers Falls,4,2
Wapwallopen,2,2
Warba,2,22
Ward,1,3
Ward,2,45
Warden,2,2
Warden,4,1
Wardensville,2,4
Ware Shoals,1,7
Ware Shoals,2,96
Wareham,2,8
Wareham,3,1
Wareham,4,1
Waretown,2,31
Warfield,2,78
Warfield,3,11
Warfield,4,11
Warfordsburg,2,114
Warfordsburg,3,18
Warfordsburg,4,4
Warm Springs,2,74
Warm Springs,4,19
Warminster,1,2
Warminster,2,35
Warminster,4,1
Warner,2,9
Warner,3,26
Warner,4,1
Warner Robins,2,56
Warner Robins,3,1
Warner Robins,4,20
Warners,2,44
Warr Acres,2,13
Warren,1,12
Warren,2,553
Warren,3,160
Warren,4,27
Warrendale,2,13
Warrendale,3,2
Warrens,2,7
Warrens,3,2
Warrens,4,1
Warrensburg,2,131
Warrensburg,3,7
Warrensburg,4,3
Warrensville,2,8
Warrensville,4,1
Warrenton,1,2
Warrenton,2,787
Warrenton,3,14
Warrenton,4,112
Warrenville,1,20
Warrenville,2,320
Warrenville,3,8
Warrenville,4,1
Warrington,2,26
Warrior,1,4
Warrior,2,180
Warrior,3,31
Warrior,4,1
Warriors Mark,2,17
Warriors Mark,3,1
Warriors Mark,4,1
Warroad,2,36
Warsaw,1,1
Warsaw,2,151
Warsaw,3,3
Warsaw,4,52
Wartrace,1,1
Wartrace,2,26
Wartrace,4,3
Warwick,1,24
Warwick,2,286
Warwick,3,97
Warwick,4,7
Wasco,1,4
Wasco,2,568
Wasco,3,8
Wasco,4,12
Waseca,1,1
Waseca,2,71
Washburn,2,1
Washburn,4,1
Washington,1,108
Washington,2,8918
Washington,3,104
Washington,4,176
Washington Boro,2,28
Washington Boro,4,3
Washington Court House,2,25
Washington Court House,3,5
Washington Court House,4,3
Washington Crossing,2,3
Washington Depot,2,5
Washington Depot,4,3
Washington Township,2,27
Washington Twp,1,1
Washington Twp,2,26
Washingtonville,2,1
Washoe Valley,2,219
Washoe Valley,3,7
Washoe Valley,4,5
Washougal,2,50
Washougal,4,6
Waskish,2,18
Waskom,2,5
Waskom,3,2
Waskom,4,2
Wassaic,2,9
Wataga,3,1
Watauga,2,1
Watchung,2,60
Watchung,3,9
Watchung,4,2
Water Mill,2,13
Water Valley,2,1
Waterbury,1,5
Waterbury,2,1058
Waterbury,3,176
Waterbury,4,56
Waterfall,2,32
Waterfall,4,2
Waterford,1,1
Waterford,2,295
Waterford,3,12
Waterford,4,28
Waterford Works,2,7
Waterford Works,4,2
Waterloo,1,5
Waterloo,2,307
Waterloo,3,16
Waterloo,4,21
Watertown,1,4
Watertown,2,123
Watertown,3,14
Watertown,4,18
Waterville,1,2
Waterville,2,116
Waterville,3,10
Waterville,4,9
Watervliet,2,362
Watervliet,3,15
Watervliet,4,10
Watford City,2,31
Watkins,1,3
Watkins,2,88
Watkins,3,10
Watkins,4,16
Watkins Glen,2,5
Watkinsville,2,8
Watson,2,5
Watson,3,5
Watson,4,1
Watsontown,1,1
Watsontown,2,91
Watsontown,3,7
Watsontown,4,3
Watsonville,1,29
Watsonville,2,1353
Watsonville,3,4
Watsonville,4,12
Wattsburg,2,1
Wattsburg,4,1
Waubun,2,34
Wauchula,1,1
Wauchula,2,114
Wauchula,4,2
Wauconda,1,3
Wauconda,2,178
Wauconda,3,1
Waukee,2,56
Waukee,3,13
Waukee,4,6
Waukegan,1,13
Waukegan,2,565
Waukegan,3,1
Waukegan,4,14
Waukesha,1,1
Waukesha,2,174
Waukesha,3,34
Waukesha,4,119
Waukon,2,2
Waunakee,2,7
Waunakee,4,1
Waupaca,2,19
Waupaca,3,2
Waupaca,4,2
Waupun,2,7
Waupun,4,1
Wauregan,2,3
Wausau,2,37
Wausau,3,3
Wausaukee,2,1
Wausaukee,4,1
Wauseon,1,1
Wauseon,2,9
Wauseon,3,12
Wautoma,3,1
Wauzeka,2,1
Waveland,2,14
Waveland,4,3
Waverly,1,2
Waverly,2,198
Waverly,3,22
Waverly,4,21
Waves,2,4
Waves,4,2
Wawaka,2,4
Wawaka,4,2
Waxahachie,2,66
Waxahachie,3,33
Waxahachie,4,5
Waxhaw,2,23
Waxhaw,4,5
Waycross,2,29
Waycross,3,1
Waycross,4,5
Wayland,1,2
Wayland,2,94
Wayland,3,10
Wayland,4,2
Waymart,2,19
Waymart,4,3
Wayne,1,16
Wayne,2,691
Wayne,3,18
Wayne,4,11
Wayne City,3,6
Waynesboro,1,1
Waynesboro,2,291
Waynesboro,3,60
Waynesboro,4,51
Waynesburg,2,30
Waynesburg,3,1
Waynesburg,4,8
Waynesfield,2,1
Waynesville,1,2
Waynesville,2,382
Waynesville,3,42
Waynesville,4,38
Waynetown,2,10
Waynetown,4,3
Wayzata,2,128
Weatherford,2,152
Weatherford,3,37
Weatherford,4,4
Weaubleau,2,1
Weaverville,1,1
Weaverville,2,180
Weaverville,3,4
Weaverville,4,8
Webb,2,9
Webb City,2,2
Webb City,4,2
Webbers Falls,2,1
Webberville,1,1
Webberville,2,23
Webberville,4,1
Weber City,2,2
Webster,1,15
Webster,2,645
Webster,3,60
Webster,4,10
Webster City,2,26
Webster City,4,3
Wedgefield,1,1
Wedgefield,2,79
Wedowee,2,2
Wedowee,4,2
Weed,2,255
Weed,4,8
Weedsport,2,78
Weedsport,3,11
Weedsport,4,1
Weedville,2,58
Weedville,4,3
Weehawken,2,458
Weehawken,3,19
Weehawken,4,5
Weeki Wachee,2,30
Weems,2,6
Weems,4,4
Weeping Water,2,4
Weeping Water,4,1
Weimar,2,4
Weiner,2,1
Weinert,2,1
Weirsdale,2,66
Weirton,2,2
Weirton,3,1
Weirton,4,2
Weiser,2,15
Weiser,4,4
Welaka,2,9
Welch,1,1
Welch,2,53
Welch,4,1
Welches,2,22
Welches,4,1
Welcome,2,50
Welcome,3,1
Welcome,4,1
Weldon,2,61
Weldon,3,6
Weldon,4,2
Weldon Spring,2,1
Weldona,2,4
Weldona,4,3
Weleetka,2,3
Weleetka,4,1
Wellborn,1,3
Wellborn,2,56
Wellborn,3,6
Wellersburg,2,3
Wellesley,1,7
Wellesley,2,15
Wellesley Hills,1,7
Wellesley Hills,2,71
Wellesley Hills,3,16
Wellesley Island,2,1
Wellfleet,2,7
Wellford,1,11
Wellford,2,350
Wellford,3,40
Wellford,4,5
Wellington,1,9
Wellington,2,116
Wellington,3,5
Wellington,4,3
Wellman,2,1
Wellman,4,1
Wells,1,2
Wells,2,256
Wells,3,19
Wells,4,7
Wells Tannery,2,15
Wellsboro,1,2
Wellsboro,2,185
Wellsboro,4,10
Wellsburg,2,5
Wellston,2,3
Wellsville,1,2
Wellsville,2,59
Wellsville,3,1
Wellsville,4,6
Wellton,2,47
Wellton,3,12
Welsh,2,27
Welsh,3,12
Welton,2,3
Wenatchee,3,1
Wendel,2,5
Wendell,1,12
Wendell,2,437
Wendell,3,9
Wendell,4,11
Wendover,1,1
Wendover,2,205
Wendover,3,12
Wendover,4,4
Wenham,1,1
Wenham,2,4
Wenona,2,1
Wenona,3,11
Wenona,4,1
Wentworth,2,1
Wentzville,1,1
Wentzville,2,104
Wentzville,3,88
Wentzville,4,10
Weott,2,7
Wernersville,2,1
Weslaco,1,2
Weslaco,2,10
Wesley,2,1
Wesley,4,2
Wesley Chapel,1,43
Wesley Chapel,2,1158
Wesley Chapel,3,66
Wesley Chapel,4,5
Wesson,2,10
Wesson,3,1
Wesson,4,3
West,2,7
West,4,2
West Adams,3,1
West Alexander,2,29
West Alexander,3,1
West Alexander,4,5
West Alexandria,2,10
West Alton,2,6
West Augusta,2,12
West Augusta,4,6
West Babylon,1,2
West Babylon,2,211
West Babylon,3,5
West Babylon,4,5
West Baden Springs,2,5
West Baden Springs,4,2
West Barnstable,1,1
West Barnstable,2,7
West Bend,2,8
West Bend,4,2
West Berlin,2,25
West Berlin,4,1
West Blocton,2,2
West Boylston,2,3
West Branch,2,109
West Branch,3,5
West Branch,4,7
West Brandywine,2,1
West Bridgewater,1,1
West Bridgewater,2,29
West Brookfield,1,1
West Burlington,2,1
West Chester,1,46
West Chester,2,1708
West Chester,3,54
West Chester,4,17
West Chesterfield,2,3
West Chicago,1,48
West Chicago,2,436
West Chicago,4,4
West Collingswood,2,1
West Columbia,1,50
West Columbia,2,1448
West Columbia,3,169
West Columbia,4,37
West Colusa,2,2
West Concord,1,1
West Concord,2,19
West Contra Costa,2,23
West Contra Costa,3,7
West Cornwall,2,5
West Cornwall,4,2
West Covina,1,3
West Covina,2,1368
West Covina,3,254
West Covina,4,3
West Coxsackie,2,133
West Coxsackie,3,3
West Coxsackie,4,3
West Creek,2,37
West Decatur,2,74
West Decatur,3,1
West Decatur,4,3
West Deptford,2,3
West Deptford,4,1
West Des Moines,1,4
West Des Moines,2,233
West Des Moines,3,58
West Des Moines,4,16
West Edmeston,2,1
West Elizabeth,2,1
West End,2,18
West End,4,5
West Fargo,2,49
West Farmington,2,8
West Fork,2,28
West Fork,4,3
West Frankfort,2,1
West Frankfort,3,37
West Friendship,2,33
West Friendship,3,4
West Friendship,4,3
West Glacier,2,9
West Green,2,3
West Green,4,1
West Greenwich,2,22
West Greenwich,3,30
West Grove,1,2
West Grove,2,74
West Grove,4,2
West Harrison,1,4
West Harrison,2,463
West Harrison,3,50
West Harrison,4,4
West Hartford,2,511
West Hartford,3,136
West Hartford,4,11
West Harwich,2,1
West Haven,2,261
West Haven,3,56
West Haven,4,7
West Hazleton,2,3
West Hazleton,4,1
West Hempstead,1,4
West Hempstead,2,397
West Hempstead,3,4
West Henrietta,1,2
West Henrietta,2,81
West Henrietta,3,1
West Hills,2,16
West Hollywood,1,1
West Hollywood,2,30
West Hurley,2,1
West Islip,1,2
West Islip,2,52
West Islip,4,1
West Jefferson,1,1
West Jefferson,2,34
West Jefferson,3,21
West Jefferson,4,4
West Jordan,1,2
West Jordan,2,339
West Jordan,4,4
West Kill,2,4
West Kill,4,2
West Kingston,2,3
West Lafayette,2,95
West Lafayette,3,6
West Lafayette,4,9
West Lake Hills,1,1
West Lake Hills,2,35
West Lake Hills,3,2
West Lebanon,2,1
West Lebanon,3,2
West Liberty,2,17
West Liberty,3,2
West Liberty,4,3
West Linn,2,279
West Linn,3,21
West Linn,4,3
West Long Branch,2,18
West Long Branch,4,1
West Manchester,2,1
West Mansfield,2,1
West Memphis,2,235
West Memphis,3,13
West Memphis,4,28
West Miami,2,120
West Middlesex,2,42
West Middlesex,3,6
West Middlesex,4,9
West Mifflin,1,3
West Mifflin,2,44
West Mifflin,4,15
West Milford,2,19
West Milford,3,1
West Milton,2,13
West Monroe,2,58
West Monroe,3,32
West Monroe,4,8
West New York,2,5
West Newbury,2,6
West Newbury,4,1
West Newton,1,3
West Newton,2,127
West Newton,3,26
West Newton,4,24
West Nyack,1,1
West Nyack,2,363
West Nyack,3,46
West Nyack,4,5
West Olive,1,11
West Olive,2,32
West Olive,3,1
West Olive,4,2
West Orange,2,207
West Orange,3,35
West Orange,4,8
West Paducah,2,6
West Palm Beach,1,32
West Palm Beach,2,2372
West Palm Beach,3,415
West Palm Beach,4,27
West Park,2,48
West Plains,2,3
West Plains,4,16
West Point,2,172
West Point,3,22
West Point,4,23
West Richland,2,1
West River,2,3
West Roxbury,1,12
West Roxbury,2,103
West Sacramento,1,4
West Sacramento,2,834
West Sacramento,3,79
West Salem,2,19
West Salem,3,6
West Salisbury,2,2
West Salisbury,4,1
West Sand Lake,2,59
West Sand Lake,4,4
West Sayville,2,1
West Sierra,2,1
West Simsbury,2,1
West Springfield,2,29
West Springfield,3,5
West Springfield,4,5
West Stockbridge,2,3
West Stockbridge,3,4
West Suffield,2,3
West Terre Haute,2,29
West Terre Haute,3,3
West Terre Haute,4,5
West Townsend,2,2
West Union,1,4
West Union,2,141
West Union,4,3
West Unity,2,6
West Unity,3,2
West Valley City,1,9
West Valley City,2,1121
West Valley City,3,32
West Valley City,4,8
West Wareham,1,2
West Wareham,2,6
West Wareham,3,2
West Wareham,4,1
West Warren,2,6
West Warren,4,1
West Warwick,1,1
West Warwick,2,17
West Warwick,3,13
West Wendover,2,36
West Wendover,3,1
West Wendover,4,2
West Winfield,2,5
West Winfield,4,3
West Yarmouth,1,5
West Yarmouth,2,16
West Yarmouth,3,1
West Yellowstone,2,111
West Yellowstone,4,11
Westampton,2,4
Westborough,1,3
Westborough,2,25
Westborough,3,14
Westbrook,2,80
Westbrook,3,12
Westbrook,4,8
Westbury,1,2
Westbury,2,395
Westbury,3,5
Westbury,4,4
Westchester,2,33
Westchester,3,40
Westchester,4,1
Westcliffe,2,31
Westcliffe,4,12
Westdale,2,1
Westerlo,2,4
Westerly,1,6
Westerly,2,22
Western Grove,2,4
Western Grove,4,2
Western Springs,1,2
Western Springs,2,65
Western Springs,3,38
Western Springs,4,3
Westernport,2,1
Westernville,2,7
Westerville,1,8
Westerville,2,167
Westerville,3,36
Westfield,1,1
Westfield,2,194
Westfield,3,12
Westfield,4,15
Westfir,2,69
Westfir,3,2
Westfir,4,2
Westford,1,1
Westford,2,64
Westford,3,25
Westford,4,1
Westhampton,2,4
Westhampton Beach,1,1
Westhampton Beach,2,15
Westlake,1,2
Westlake,2,137
Westlake,3,81
Westlake,4,4
Westlake Village,1,1
Westlake Village,2,287
Westland,1,1
Westland,2,5
Westley,2,43
Westminster,1,33
Westminster,2,1958
Westminster,3,148
Westminster,4,41
Westmont,1,19
Westmont,2,148
Westmoreland,1,2
Westmoreland,2,47
Westmoreland,3,3
Westmoreland,4,2
Weston,1,8
Weston,2,430
Weston,3,72
Weston,4,60
Westover,2,31
Westover,4,4
Westphalia,2,1
Westport,2,849
Westport,3,166
Westport,4,11
Westtown,2,3
Westville,2,214
Westville,3,33
Westville,4,13
Westwego,2,9
Westwego,4,1
Westwood,1,3
Westwood,2,120
Westwood,3,15
Wethersfield,1,1
Wethersfield,2,399
Wethersfield,3,101
Wethersfield,4,10
Wetmore,2,24
Wetmore,4,7
Wetumpka,1,6
Wetumpka,2,238
Wetumpka,3,3
Wetumpka,4,4
Wever,2,2
Wevertown,2,8
Wewahitchka,2,32
Wewoka,2,1
Wexford,1,1
Wexford,2,87
Wexford,3,23
Wexford,4,8
Weyauwega,2,12
Weyers Cave,2,221
Weyers Cave,3,64
Weyers Cave,4,19
Weymouth,2,38
Whaleyville,2,17
Whaleyville,4,6
Wharton,2,131
Wharton,3,27
Wharton,4,5
Whatley,2,2
Whatley,4,2
Wheat Ridge,1,7
Wheat Ridge,2,188
Wheat Ridge,3,69
Wheat Ridge,4,8
Wheatland,2,224
Wheatland,4,15
Wheatley,2,61
Wheatley,4,6
Wheatley Heights,2,1
Wheaton,1,42
Wheaton,2,287
Wheaton,4,1
Wheeler,2,6
Wheeler,4,1
Wheeling,1,2
Wheeling,2,183
Wheeling,3,1
Wheeling,4,5
Whippany,2,85
Whippany,3,9
Whippany,4,3
Whitakers,2,60
Whitakers,3,5
Whitakers,4,13
White,2,15
White,3,4
White,4,5
White Bird,2,3
White Bluff,2,6
White City,2,138
White Deer,1,1
White Earth,2,3
White Hall,2,48
White Hall,3,3
White Hall,4,12
White Haven,1,1
White Haven,2,54
White Haven,3,19
White Haven,4,13
White Heath,2,1
White Heath,3,12
White Hills,2,3
White House,2,103
White House,3,14
White House,4,3
White Lake,2,9
White Lake,4,2
White Marsh,2,91
White Marsh,4,5
White Oak,2,15
White Oak,4,5
White Pigeon,2,13
White Pigeon,4,2
White Pine,2,18
White Pine,3,10
White Pine,4,2
White Plains,1,3
White Plains,2,699
White Plains,3,51
White Post,2,23
White Post,4,11
White River Junction,3,1
White River Junction,4,1
White Salmon,2,15
White Springs,1,1
White Springs,2,89
White Springs,3,13
White Springs,4,4
White Stone,2,19
White Stone,4,7
White Sulphur Springs,2,40
White Sulphur Springs,4,3
Whitefield,2,1
Whitefish,2,193
Whiteford,2,17
Whiteford,4,3
Whitehall,1,7
Whitehall,2,636
Whitehall,3,1
Whitehall,4,25
Whitehouse,2,4
Whitehouse Station,2,25
Whitehouse Station,4,4
Whiteland,2,31
Whiteland,3,15
Whitelaw,2,1
Whitelaw,3,1
Whitelaw,4,1
Whiteriver,2,6
Whiteriver,4,2
Whiterocks,2,11
Whites Creek,1,6
Whites Creek,2,260
Whites Creek,3,41
Whites Creek,4,6
Whitesboro,2,157
Whitesboro,4,4
Whitesburg,2,1
Whitesburg,4,1
Whiteside,2,2
Whitestone,2,385
Whitestone,3,97
Whitestone,4,6
Whitestown,1,1
Whitestown,2,67
Whitestown,3,45
Whitestown,4,9
Whitethorn,1,1
Whitethorn,2,43
Whiteville,2,28
Whiteville,4,10
Whitewater,1,1
Whitewater,2,11
Whitewater,3,1
Whitewater,4,5
Whitewright,2,2
Whitewright,4,1
Whiting,2,9
Whiting,4,2
Whitingham,2,3
Whitley City,2,1
Whitman,1,13
Whitman,2,51
Whitmire,1,6
Whitmire,2,50
Whitmire,4,1
Whitmore,2,17
Whitmore Lake,2,173
Whitmore Lake,3,2
Whitmore Lake,4,6
Whitney,2,1
Whitney Point,2,32
Whitney Point,3,5
Whitney Point,4,2
Whitsett,2,121
Whitsett,3,16
Whitsett,4,5
Whittier,1,36
Whittier,2,4928
Whittier,3,494
Whittier,4,21
Whittington,2,3
Whittington,3,21
Whitwell,2,9
Wibaux,2,21
Wichita,2,768
Wichita,3,2
Wichita,4,21
Wichita Falls,1,2
Wichita Falls,2,920
Wichita Falls,4,1
Wickenburg,1,3
Wickenburg,2,163
Wickenburg,3,4
Wickenburg,4,5
Wickes,2,5
Wickes,4,2
Wickliffe,2,40
Wickliffe,3,18
Wickliffe,4,2
Widener,2,105
Widener,3,2
Widener,4,13
Wiggins,1,1
Wiggins,2,34
Wiggins,3,7
Wiggins,4,15
Wilber,2,2
Wilber,4,1
Wilbraham,1,4
Wilbraham,2,16
Wilbraham,3,2
Wilbur,2,1
Wilburton,2,1
Wilcox,2,68
Wilcox,4,3
Wild Horse,2,1
Wild Horse,4,2
Wilder,1,1
Wilder,2,4
Wildersville,2,25
Wildersville,3,3
Wilderville,2,104
Wilderville,4,1
Wildomar,1,4
Wildomar,2,241
Wildomar,3,22
Wildomar,4,1
Wildorado,2,9
Wildorado,4,1
Wildwood,1,3
Wildwood,2,658
Wildwood,3,67
Wildwood,4,19
Wiley,1,1
Wiley,2,8
Wiley,4,3
Wilkes Barre,2,117
Wilkes Barre,3,19
Wilkes Barre,4,13
Wilkes-Barre,2,55
Wilkes-Barre,3,6
Wilkes-Barre,4,1
Wilkesboro,2,16
Wilkesboro,4,7
Wilkesville,2,2
Willacoochee,2,1
Willacoochee,4,1
Willamina,2,62
Willard,1,1
Willard,2,188
Willard,3,20
Willard,4,6
Willards,2,13
Willcox,2,69
Willcox,3,8
Willcox,4,3
Williams,1,2
Williams,2,547
Williams,3,40
Williams,4,15
Williamsburg,1,16
Williamsburg,2,1143
Williamsburg,3,155
Williamsburg,4,61
Williamsfield,3,4
Williamson,2,21
Williamson,4,2
Williamsport,1,11
Williamsport,2,890
Williamsport,3,34
Williamsport,4,47
Williamston,1,24
Williamston,2,457
Williamston,3,26
Williamston,4,17
Williamstown,2,142
Williamstown,3,1
Williamstown,4,24
Williamsville,3,14
Willimantic,2,6
Willimantic,4,4
Willingboro,1,2
Willingboro,2,20
Willington,2,40
Willington,3,8
Willington,4,12
Willis,1,1
Willis,2,35
Willis,3,6
Willis,4,8
Williston,1,4
Williston,2,284
Williston,3,4
Williston,4,2
Williston Park,3,1
Willits,1,2
Willits,2,656
Willits,3,3
Willits,4,5
Willmar,1,1
Willmar,2,148
Willoughby,2,42
Willoughby,3,18
Willoughby,4,2
Willoughby Hills,1,1
Willoughby Hills,2,1
Willoughby Hills,3,2
Willow Beach,1,1
Willow Beach,2,71
Willow Beach,4,2
Willow Creek,2,114
Willow Creek-Hoopa Valley,2,2
Willow Grove,1,9
Willow Grove,2,505
Willow Grove,3,37
Willow Grove,4,4
Willow Hill,2,9
Willow Hill,3,13
Willow Island,2,1
Willow River,2,70
Willow River,3,1
Willow Spring,1,7
Willow Spring,2,128
Willow Spring,4,11
Willow Springs,1,3
Willow Springs,2,50
Willow Springs,3,85
Willow Springs,4,3
Willow Street,1,5
Willow Street,2,77
Willow Street,4,5
Willowbrook,1,26
Willowbrook,2,293
Willowbrook,3,189
Willowick,2,1
Willows,1,2
Willows,2,181
Willows,4,1
Wills Point,2,20
Wills Point,3,11
Wills Point,4,2
Wilmar,2,1
Wilmar,4,1
Wilmer,1,1
Wilmer,2,51
Wilmer,3,11
Wilmer,4,5
Wilmerding,2,3
Wilmette,2,10
Wilmette,3,21
Wilmington,1,130
Wilmington,2,2327
Wilmington,3,211
Wilmington,4,134
Wilmore,2,6
Wilmot,2,1
Wilmot,4,1
Wilsall,2,13
Wilseyville,2,12
Wilson,1,3
Wilson,2,158
Wilson,3,13
Wilson,4,29
Wilsonia,2,3
Wilsons,2,19
Wilsons,3,1
Wilsons,4,4
Wilsonville,1,1
Wilsonville,2,215
Wilsonville,3,13
Wilsonville,4,5
Wilton,1,2
Wilton,2,290
Wilton,3,2
Wilton,4,8
Wilton Manors,2,43
Wimauma,1,5
Wimauma,2,202
Wimauma,3,1
Wimauma,4,1
Wimbledon,2,1
Winamac,2,2
Winamac,4,6
Winburne,2,6
Winchendon,2,2
Winchester,1,5
Winchester,2,1413
Winchester,3,63
Winchester,4,88
Wind Gap,1,1
Wind Gap,2,54
Wind Gap,4,3
Wind Ridge,2,3
Wind Ridge,4,3
Windber,2,182
Windber,3,3
Windber,4,24
Windcrest,2,1
Winder,2,39
Winder,3,2
Winder,4,7
Windermere,1,2
Windermere,2,312
Windermere,3,1
Windermere,4,3
Windham,2,37
Windham,3,15
Windham,4,7
Windom,1,1
Windom,2,133
Windom,4,1
Window Rock,2,1
Windsor,1,13
Windsor,2,898
Windsor,3,145
Windsor,4,46
Windsor Heights,1,2
Windsor Heights,2,24
Windsor Heights,3,10
Windsor Hills,2,1
Windsor Locks,2,41
Windsor Locks,3,8
Windsor Locks,4,2
Windsor Mill,1,2
Windsor Mill,2,263
Windsor Mill,3,44
Windsor Mill,4,18
Windthorst,2,2
Winfield,1,17
Winfield,2,214
Winfield,3,4
Winfield,4,9
Wing,2,4
Wingate,2,20
Wingdale,2,25
Winger,2,12
Winifred,2,1
Winifrede,2,3
Wink,4,2
Winkelman,2,31
Winkelman,4,3
Winlock,2,38
Winlock,3,9
Winlock,4,1
Winnabow,2,16
Winnabow,4,2
Winnebago,2,21
Winnebago,3,1
Winneconne,2,3
Winnemucca,2,80
Winnemucca,3,2
Winnemucca,4,2
Winnetka,1,2
Winnetka,2,30
Winnetka,3,56
Winnetka,4,1
Winnett,2,14
Winnie,2,2
Winnie,3,3
Winnie,4,1
Winnsboro,1,12
Winnsboro,2,426
Winnsboro,3,13
Winnsboro,4,6
Winona,1,4
Winona,2,351
Winona,3,5
Winona,4,2
Winooski,3,1
Winside,2,1
Winslow,1,1
Winslow,2,235
Winslow,3,11
Winslow,4,22
Winsted,2,21
Winsted,4,7
Winston,2,83
Winston,3,5
Winston,4,2
Winston Salem,1,5
Winston Salem,2,583
Winston Salem,3,53
Winston Salem,4,39
Winston-Salem,1,8
Winston-Salem,2,403
Winston-Salem,3,10
Winston-Salem,4,55
Winter Garden,1,20
Winter Garden,2,1166
Winter Garden,3,17
Winter Garden,4,17
Winter Garden-Ocoee,2,2
Winter Haven,1,27
Winter Haven,2,112
Winter Haven,4,1
Winter Park,1,10
Winter Park,2,1915
Winter Park,3,126
Winter Park,4,11
Winter Springs,2,129
Winter Springs,3,2
Winter Springs,4,3
Winterhaven,2,93
Winters,1,1
Winters,2,213
Winters,3,3
Winters,4,3
Winterset,3,1
Winterville,1,3
Winterville,2,21
Winterville,4,6
Winthrop,2,53
Winthrop,4,2
Winthrop Harbor,2,16
Winton,1,7
Winton,2,358
Winton,4,1
Wirtz,2,25
Wirtz,4,18
Wiscasset,1,1
Wisconsin Dells,2,29
Wisconsin Dells,3,6
Wisconsin Dells,4,3
Wisconsin Rapids,2,2
Wisconsin Rapids,4,1
Wisdom,2,5
Wise,2,6
Wise,4,3
Wise River,2,8
Wishek,2,4
Wishon,2,10
Wisner,2,3
Wisner,4,2
Wittenberg,2,4
Wittenberg,3,1
Witter,4,3
Witter Springs,2,1
Wittman,2,3
Wittmann,2,43
Wittmann,4,3
Wixom,2,86
Wixom,3,26
Woburn,1,9
Woburn,2,134
Woburn,3,59
Wofford Heights,2,183
Wofford Heights,4,7
Wolcott,1,3
Wolcott,2,59
Wolcott,3,13
Wolcott,4,10
Wolf Creek,2,547
Wolf Creek,3,14
Wolf Creek,4,5
Wolf Point,2,32
Wolf Point,4,1
Wolfeboro,2,1
Wolford,2,2
Wolsey,2,1
Wolverine,2,1
Womelsdorf,2,16
Womelsdorf,4,7
Wood Dale,1,20
Wood Dale,2,109
Wood Dale,3,5
Wood Lake,2,8
Wood Ridge,2,31
Wood River,2,5
Wood River,3,1
Wood River Junction,2,5
Wood Village,2,3
Woodacre,2,33
Woodberry Forest,2,1
Woodbine,2,139
Woodbine,3,11
Woodbine,4,16
Woodbridge,1,19
Woodbridge,2,3220
Woodbridge,3,312
Woodbridge,4,54
Woodburn,2,286
Woodburn,3,6
Woodburn,4,8
Woodbury,1,2
Woodbury,2,664
Woodbury,3,38
Woodbury,4,28
Woodbury Heights,2,11
Woodbury Heights,4,1
Woodcliff Lake,2,47
Woodcliff Lake,3,2
Woodford,1,1
Woodford,2,463
Woodford,3,23
Woodford,4,39
Woodgate,2,7
Woodhaven,2,47
Woodhull,2,1
Woodhull,3,9
Woodinville,1,1
Woodinville,2,46
Woodinville,3,1
Woodlake,1,1
Woodlake,2,119
Woodland,1,5
Woodland,2,964
Woodland,3,64
Woodland,4,23
Woodland Hills,1,8
Woodland Hills,2,869
Woodland Hills,3,4
Woodland Park,1,1
Woodland Park,2,17
Woodland Park,3,1
Woodland Park,4,3
Woodlawn,2,11
Woodlawn,3,12
Woodlawn,4,4
Woodleaf,2,1
Woodlyn,1,1
Woodlyn,2,157
Woodlyn,3,76
Woodlyn,4,4
Woodmere,2,11
Woodridge,1,30
Woodridge,2,268
Woodridge,3,103
Wood-Ridge,2,2
Woodrow,2,9
Woodrow,3,1
Woodrow,4,6
Woodruff,1,41
Woodruff,2,367
Woodruff,3,1
Woodruff,4,5
Woods Cross,1,1
Woods Cross,2,213
Woods Cross,3,23
Woods Cross,4,1
Woodsboro,2,11
Woodsboro,4,2
Woodside,2,962
Woodside,3,233
Woodside,4,5
Woodstock,1,4
Woodstock,2,353
Woodstock,3,77
Woodstock,4,51
Woodstock Valley,2,5
Woodstock Valley,4,1
Woodstown,2,18
Woodstown,4,5
Woodsville,2,2
Woodville,2,19
Woodville,3,4
Woodward,1,1
Woodward,2,12
Woodway,2,2
Woody,2,14
Wooldridge,2,1
Wooldridge,3,1
Woolrich,2,3
Woolwich,2,1
Woolwine,2,1
Woolwine,4,2
Woonsocket,2,4
Wooster,2,20
Worcester,1,2
Worcester,2,109
Worcester,3,60
Worcester,4,4
Worden,2,34
Worden,3,26
Worden,4,4
Worley,2,1
Worth,2,27
Worth,3,4
Worth,4,1
Worthington,1,2
Worthington,2,185
Worthington,4,4
Worthville,2,2
Worthville,4,2
Worton,2,6
Worton,4,3
Wray,2,9
Wray,4,5
Wrens,1,1
Wrens,2,1
Wrenshall,2,21
Wrentham,1,1
Wrentham,2,32
Wrentham,3,7
Wrentham,4,1
Wright,2,28
Wright City,1,1
Wright City,2,45
Wright City,3,11
Wright City,4,3
Wrightstown,1,1
Wrightstown,2,4
Wrightstown,4,1
Wrightsville,2,95
Wrightsville,4,4
Wrightsville Beach,1,1
Wrightsville Beach,2,1
Wrightwood,2,175
Wrightwood,4,3
Wurtsboro,2,22
Wurtsboro,3,1
Wurtsboro,4,1
Wyalusing,2,42
Wyalusing,4,13
Wyandanch,2,10
Wyanet,3,1
Wyckoff,2,50
Wye Mills,2,14
Wykoff,2,2
Wylie,1,1
Wylie,2,2
Wylliesburg,2,5
Wylliesburg,4,2
Wynantskill,2,18
Wynantskill,4,3
Wyncote,1,4
Wyncote,2,230
Wyncote,4,1
Wyndmere,2,3
Wynne,2,5
Wynne,4,1
Wynnewood,1,7
Wynnewood,2,210
Wynnewood,4,1
Wyola,2,53
Wyoming,1,50
Wyoming,2,409
Wyoming,3,34
Wyoming,4,3
Wysox,2,19
Wysox,4,1
Wytheville,2,339
Wytheville,3,69
Wytheville,4,26
Xenia,1,3
Xenia,2,41
Xenia,3,5
Yachats,2,30
Yachats,4,1
Yacolt,2,22
Yacolt,3,1
Yacolt,4,1
Yadkinville,2,27
Yadkinville,4,8
Yakima,2,13
Yakima,3,3
Yakima,4,3
Yalaha,2,8
Yale,2,2
Yamhill,2,49
Yamhill,4,2
Yanceyville,2,20
Yanceyville,3,1
Yanceyville,4,7
Yankeetown,2,5
Yaphank,1,3
Yaphank,2,29
Yaphank,3,7
Yaphank,4,1
Yardley,2,3
Yardley,4,2
Yarmouth,2,6
Yarmouth,3,10
Yarmouth,4,1
Yarmouth Port,1,1
Yarmouth Port,2,6
Yarnell,2,36
Yarnell,4,4
Yarrow Point,2,1
Yazoo City,2,12
Yeagertown,2,13
Yeagertown,4,1
Yeehaw Junction,2,6
Yellow Jacket,2,1
Yellow Springs,2,4
Yellville,2,6
Yellville,4,1
Yelm,2,9
Yelm,3,1
Yemassee,1,4
Yemassee,2,587
Yemassee,3,73
Yemassee,4,7
Yerington,1,2
Yerington,2,46
Yerington,3,1
Yerington,4,2
Yoder,2,23
Yoder,4,2
Yoe,2,7
Yokuts Valley,2,19
Yoncalla,2,93
Yoncalla,3,1
Yonkers,1,3
Yonkers,2,1340
Yonkers,3,79
Yonkers,4,4
Yorba Linda,2,458
York,1,93
York,2,3273
York,3,181
York,4,111
York Haven,1,1
York Haven,2,76
York Haven,3,20
York Haven,4,4
York New Salem,2,3
York Springs,1,1
York Springs,2,83
York Springs,4,6
Yorklyn,2,1
Yorkshire,2,1
Yorktown,1,8
Yorktown,2,258
Yorktown,3,1
Yorktown,4,17
Yorktown Heights,1,1
Yorktown Heights,2,349
Yorktown Heights,3,2
Yorktown Heights,4,3
Yorkville,2,67
Yorkville,4,3
Yosemite National Park,2,2
Young,2,1
Young America,2,14
Young America,3,1
Young Harris,2,4
Young Harris,4,2
Youngstown,1,10
Youngstown,2,223
Youngstown,3,46
Youngstown,4,2
Youngsville,1,41
Youngsville,2,176
Youngsville,4,9
Youngtown,1,1
Youngtown,2,25
Youngwood,2,15
Youngwood,4,1
Yountville,2,35
Ypsilanti,1,1
Ypsilanti,2,231
Ypsilanti,3,70
Ypsilanti,4,23
Yreka,2,317
Yreka,3,5
Yreka,4,5
Yuba City,1,10
Yuba City,2,647
Yuba City,4,8
Yucaipa,2,55
Yucaipa,3,12
Yucaipa,4,1
Yucca,2,34
Yucca,4,2
Yukon,1,29
Yukon,2,304
Yukon,3,15
Yukon,4,1
Yulee,1,3
Yulee,2,359
Yulee,3,34
Yulee,4,8
Yuma,1,2
Yuma,2,138
Yuma,3,8
Yuma,4,7
Yutan,2,2
Zachary,1,28
Zachary,2,561
Zachary,4,1
Zaleski,2,1
Zamora,2,52
Zamora,3,1
Zamora,4,1
Zanesfield,2,2
Zanesville,2,50
Zanesville,3,38
Zanesville,4,1
Zebulon,1,17
Zebulon,2,729
Zebulon,3,3
Zebulon,4,26
Zeeland,1,16
Zeeland,2,127
Zeeland,3,10
Zeeland,4,4
Zelienople,2,22
Zelienople,4,3
Zellwood,1,1
Zellwood,2,25
Zenia,2,13
Zephyr,2,1
Zephyr,4,3
Zephyr Cove,1,1
Zephyr Cove,2,38
Zephyr Cove,4,4
Zephyrhills,1,24
Zephyrhills,2,381
Zieglerville,2,20
Zimmerman,1,3
Zimmerman,2,64
Zimmerman,3,1
Zimmerman,4,1
Zion,1,8
Zion,2,188
Zion,3,1
Zion,4,5
Zion Crossroads,2,4
Zion Grove,2,1
Zion Grove,4,1
Zionsville,1,2
Zionsville,2,141
Zionsville,3,61
Zionsville,4,13
Zirconia,2,25
Zirconia,4,6
Zolfo Springs,1,2
Zolfo Springs,2,136
Zolfo Springs,3,1
Zolfo Springs,4,5
Zortman,2,6
Zortman,4,2
Zumbro Falls,1,1
Zumbro Falls,2,28
Zumbro Falls,4,5
Zumbrota,1,2
Zumbrota,2,233
Zumbrota,4,4
Zuni,2,29
Zuni,4,6
Zwingle,2,8
