Start_Lng,Start_Lat
-124.548074,47.903611
-124.541015,48.350585
-124.539056,47.906787
-124.535726,48.348539
-124.531602,48.348341
-124.511949,42.817454
-124.49758500000002,42.760193
-124.497448,42.76927
-124.497414,42.745338
-124.497357,42.745033
-124.496657,42.773333
-124.494591,42.785098
-124.493147,42.79019
-124.489119,42.794421
-124.486308,42.799306
-124.486275,42.79937
-124.485966,42.801573
-124.484914,42.805618
-124.484797,42.740736
-124.483021,42.826413
-124.482434,42.810486
-124.481864,42.738207
-124.478722,42.833638
-124.478506,42.737273
-124.47837,42.835275
-124.477152,42.840061
-124.476527,42.841326
-124.475867,42.842652
-124.474383,42.846373
-124.474379,42.736495
-124.473825,42.736192
-124.473207,42.7357
-124.47319865167393,42.73571133593208
-124.472569,42.853126
-124.47167,42.855266
-124.470576,42.857993
-124.468337,42.873137
-124.46765,42.870179
-124.466617,42.720748
-124.466616,42.865127
-124.466596,42.725322
-124.46638,42.867448
-124.466294,42.722558
-124.465529,42.881565
-124.465157,42.71843300000001
-124.464401,42.718205
-124.462832,42.887585
-124.460181,42.712138
-124.458295,42.904123
-124.45826411187906,42.708009481226405
-124.457201,42.704063
-124.456592,42.909159
-124.45533799999998,42.911499
-124.45533,42.911497
-124.450821,42.918541
-124.450048,42.923253
-124.450033,42.923413
-124.449393,42.932579
-124.44781100000002,42.936095
-124.445113,42.942072
-124.444748,42.686714
-124.439141,42.953074
-124.436611,42.956226
-124.434527,42.959333
-124.433993,42.688273
-124.43397402704028,42.688268422876895
-124.433592,42.68797
-124.430507,42.433872
-124.430039,42.434902
-124.429653,42.96465900000001
-124.428923,42.429469
-124.428679,42.687179
-124.428488,42.687043
-124.426446,42.97175
-124.425865,42.44413
-124.425293,42.975084
-124.42527,42.428891
-124.423677,42.978077
-124.42344,42.449457
-124.423021,42.68432
-124.422848,42.388166
-124.422821,42.38825
-124.422726,42.395527
-124.422701,42.39572800000001
-124.422675,42.395915
-124.422274,42.390008
-124.422254,42.684318
-124.422172,42.391464
-124.422159,42.98517
-124.422063,42.33119
-124.421982,42.381866
-124.421699,42.381217
-124.421644,42.381094
-124.421291,42.454181
-124.420668,42.332248
-124.420578,42.409882
-124.420376,42.98969500000001
-124.420217,42.975161
-124.42009091317928,42.33267188052019
-124.42009,42.33267100000001
-124.419661,42.676879
-124.419629,42.430188
-124.419405,42.36924000000001
-124.419339,42.679184
-124.419189,42.368484
-124.419049,42.681553
-124.418769,42.993732
-124.418594,42.465133
-124.418594,42.465931
-124.418465,42.470298
-124.417716,42.344315
-124.417702,42.669033
-124.417684,42.344201
-124.417204,42.485142
-124.417129,42.347956
-124.416872,42.668045
-124.416871,42.998482
-124.416816,42.998642
-124.416433,42.334809
-124.416238,42.363281
-124.416169,42.334908
-124.415945,42.422639
-124.415757,42.318298
-124.415608,43.003742
-124.41557,43.00660300000001
-124.415461,43.03766
-124.415323,43.026683
-124.415318,43.025664
-124.415299,43.03407
-124.415272,43.067883
-124.415262,43.068445
-124.41526,43.032793
-124.415232,43.064358
-124.415231,43.06369
-124.415229,43.070719
-124.415227,42.490285
-124.415225,43.071808
-124.415224,43.06163
-124.415211,43.0758
-124.415196,43.085191
-124.41518700000002,43.019477
-124.415186,43.057719
-124.415185,43.019359
-124.415183,43.060011
-124.415181,43.053784
-124.415173,43.079372
-124.415166,43.018575
-124.415164,43.090891
-124.415149,43.08288
-124.41509,43.097379
-124.415081,43.015586
-124.415044,43.10454
-124.415031,43.106318
-124.415031,43.106414
-124.415008,43.113334
-124.414972,43.011122
-124.414742,42.360512
-124.41432,42.423372
-124.414277,43.047415
-124.414116,42.493052
-124.413637,42.340633
-124.41335,42.494955
-124.412831,42.340087
-124.41161513269228,42.66093134859722
-124.411615,42.660931
-124.411311,43.118902
-124.410434,42.502144
-124.410339,42.307282
-124.40989851892276,42.306557893551314
-124.409677,42.50460800000001
-124.409008,43.119106
-124.408313,42.644728
-124.406732,42.29362800000001
-124.406722,42.293618
-124.406569,42.312999
-124.405731,47.685741
-124.405406,42.290395
-124.405092,42.283479
-124.4048,42.280069
-124.404269,42.278076
-124.403488,47.96748
-124.403365,42.274742
-124.40176606118963,42.268770932949685
-124.401766,42.26877
-124.400837,42.265417
-124.399297,42.536056
-124.39916200000002,43.11916
-124.398976,42.595606
-124.398844,42.627218
-124.39872,43.119432
-124.398555,43.122045
-124.398497,42.256613
-124.398483,42.256586
-124.398408,43.122049
-124.397924,42.539031
-124.396569,42.616221
-124.39603686273384,42.54523158053137
-124.39597,43.143206
-124.395919,42.603458
-124.395908,42.60344600000001
-124.395674,43.144006
-124.395544,42.262156
-124.395475,43.148961
-124.395472,43.14632
-124.3939340108662,42.6134455201978
-124.393934,42.613445
-124.393767,42.58912700000001
-124.393293,43.156936
-124.392588,42.250414
-124.392375,42.23927
-124.39200282037548,42.242957353390494
-124.392002,42.242957
-124.391361,42.579635
-124.39086556375317,42.24220633486632
-124.390413,48.021107
-124.390079,43.118395
-124.389178,43.16046400000001
-124.388963,48.026635
-124.38796299999998,42.57283
-124.38784003198435,42.571452855860855
-124.38784,42.571452
-124.387656,48.029631
-124.386934,42.233854
-124.386733,43.16235800000001
-124.385547,42.232082
-124.385452,47.948952
-124.384986,42.230492
-124.384634,42.563605
-124.38462138116653,42.56359934786528
-124.384233,48.036286
-124.381757,43.32542
-124.380586,43.120688
-124.379386,42.248946
-124.37936425149736,42.248944043911706
-124.379364,42.248944
-124.379195,42.223886
-124.378826,43.168603
-124.3785059446126,42.223173379696725
-124.378392,43.121434
-124.376343,42.221795
-124.37584519326984,47.89477944351246
-124.37523799999998,42.21326
-124.374965,40.455681
-124.372486,43.173588
-124.37170386255085,43.33030343035064
-124.371072,43.174701
-124.36829209268394,42.194741964139006
-124.368292,42.194741
-124.367725,42.193722
-124.367629,40.466143
-124.366003,43.338779
-124.365716,42.231912
-124.36569571435751,42.23190665224918
-124.365695,42.231906
-124.365527,42.246112
-124.364564,43.12830200000001
-124.364154,43.339067
-124.363501,48.050164
-124.363368,43.339186
-124.361923,42.186668
-124.361393,43.182302
-124.360558,42.229627
-124.36054587304896,42.22961068133245
-124.360545,42.22961
-124.360382,43.183081
-124.360174,42.185114
-124.36006100000002,42.155008
-124.35981,42.152626
-124.35921100000002,42.166108
-124.358755,42.159389
-124.358372,42.179535
-124.358155,42.174832
-124.35814261377163,42.17482924441255
-124.357664,42.148955
-124.356935,43.339822
-124.354174,43.188006
-124.353771,43.1325
-124.352311,40.52770200000001
-124.351708,43.338348
-124.349977,43.338022
-124.349517,40.537563
-124.349449,42.123535
-124.349399,43.19174
-124.34936,42.123272
-124.34923899999998,42.122723
-124.349065,42.12108
-124.348956,42.11737700000001
-124.348894,42.114932
-124.348418,43.132556
-124.347023,43.192894
-124.346474,48.267509
-124.344743,42.105862
-124.344268,43.192526
-124.343955,42.104696
-124.342971,40.289211
-124.342672,43.133816
-124.34261,47.546955
-124.340942,47.74374
-124.339424,42.098815
-124.337602,43.342292
-124.33736100000002,43.190912
-124.337351,42.220072
-124.33735,42.220062
-124.335596,40.57610800000001
-124.335593,43.129819
-124.333623,43.339519
-124.332873,43.339569
-124.332126,43.339729
-124.331989,42.090664
-124.331069,42.089718
-124.330659,40.578048
-124.32979702890238,43.12802195528446
-124.329662,43.340169
-124.329026,43.340086
-124.328953,43.340071
-124.327274,43.191985
-124.326259,40.579237
-124.326195,43.339195
-124.326079,42.084738
-124.325757,42.084563
-124.324704,43.339425
-124.324366,43.339461
-124.321621,43.192179
-124.321616,43.118976
-124.317397,43.339771
-124.317215,48.057687
-124.316808,43.195231
-124.316793,43.195227
-124.316173,42.130173
-124.315419,43.342018
-124.315216,43.346377
-124.315215,43.346774
-124.314977,42.137753
-124.314805,43.347731
-124.314583,43.348138
-124.314529,48.058632
-124.314527,43.341474
-124.314272,43.109037
-124.313572,43.350801
-124.31276,43.353074
-124.312457,42.077922
-124.311998,43.354361
-124.31194424569937,42.16360688189428
-124.31166,42.075321
-124.311245,43.355474
-124.310024,42.081902
-124.309845,43.356808
-124.30966399999998,43.108429
-124.30909,42.072044
-124.308044,43.358405
-124.307625,43.214381
-124.307073,43.204604
-124.30707,43.204616
-124.306984,43.210419
-124.306965,40.297506
-124.30679440439076,43.20938944795985
-124.306794,43.209389
-124.306791,43.209392
-124.306704,43.209388
-124.306692,43.35924
-124.306643,43.208535
-124.306068,42.118179
-124.304679,42.109971
-124.304223,43.359943
-124.302829,43.110289
-124.30232,42.088254
-124.302133,43.110621
-124.302026,42.062765
-124.301522,42.10890300000001
-124.300653,40.58170300000001
-124.300583,40.58170300000001
-124.299777,43.362407
-124.299054,42.089014
-124.298302,43.364558
-124.297736,43.364176
-124.297639,42.103488
-124.297362,42.102262
-124.296603,43.366728
-124.29618899999998,42.098308
-124.296178,43.229253
-124.295988,48.068333
-124.295364,43.230122
-124.295109,43.23038
-124.295073,43.368235
-124.294964,48.258084
-124.294925,42.088445
-124.294575,43.230962
-124.294525,40.326507
-124.294509,43.368704
-124.294173,43.147113
-124.293282,43.369794
-124.292458,43.23326
-124.29243922174317,43.23327183702834
-124.292439,43.233271
-124.29241,43.149244
-124.29147,43.371898
-124.291107,43.116032
-124.290903,43.37262
-124.290627,43.116142
-124.289262,43.375043
-124.288349,43.37612
-124.288154,42.054343
-124.28778290689333,43.244150876792695
-124.287782,43.24415
-124.287718,47.771912
-124.287161,43.151771
-124.286692,42.053689
-124.286098,42.053292
-124.285954,40.324289
-124.285914,40.312548
-124.285834,43.139012
-124.28583025873048,43.1390082834094
-124.28583,43.139008
-124.285804,42.053133
-124.285753,43.1295
-124.285454,43.378736
-124.28518400000002,42.052815
-124.284869,43.379257
-124.283722,40.58150300000001
-124.283414,42.052313
-124.28316,43.151669
-124.28083,48.069981
-124.280616,40.581029
-124.279676,42.053104
-124.278877,40.580872
-124.278264,42.053527
-124.278227,43.254572
-124.277778,42.05367800000001
-124.277159,47.781369
-124.277115,43.153494
-124.276785,42.05394
-124.27433,43.158089
-124.274327,40.594293
-124.273361,42.054951
-124.273318,42.054895
-124.27316299999998,47.54076
-124.271008,42.055099
-124.270728,42.054989
-124.270442,40.567109
-124.26998600000002,42.054952
-124.269557,40.593938
-124.269415,40.578145
-124.26922,42.0549
-124.268487,40.573763
-124.267391,43.169792
-124.266347,40.5763
-124.265953,42.054698
-124.265943,40.576239
-124.265159,43.178292
-124.264551,48.253166
-124.26418,40.573226
-124.264112,42.053964
-124.262333,40.593708
-124.261793,43.269345
-124.26177620828504,43.26934218386045
-124.261776,43.269342
-124.261505,42.051797
-124.260592,43.273665
-124.260003,42.050532
-124.259828,43.276569
-124.259432,43.180912
-124.259368,42.050005
-124.258946,47.811034
-124.258945,42.049655
-124.258791,43.280554
-124.25797,42.048833
-124.256746,47.539883
-124.255307,40.594735
-124.25491,40.571906
-124.254749,40.682253
-124.25458,42.045988
-124.254387,42.045829
-124.253555,42.045131
-124.253034,42.044714
-124.252971,47.81045
-124.252511,42.04428
-124.252409,40.690078
-124.252333,47.539153000000006
-124.252198,40.667024
-124.25216,47.798127
-124.25186200000002,43.185075
-124.25184130609392,47.794722318421385
-124.25113,40.66548
-124.250953,47.808565
-124.250778,42.042845
-124.250253,42.042413
-124.250122,47.807258
-124.249925,47.805291
-124.249892,40.571279
-124.24903799999998,43.287526
-124.248837,41.776751
-124.247852,43.185542
-124.247401,43.287906
-124.247163,43.21588300000001
-124.247074,42.039744
-124.246442,43.214929
-124.24643397271991,43.21492552736658
-124.246048,43.391571
-124.24589753091696,43.21443200090784
-124.245834,43.214394
-124.245407,40.686798
-124.245337,43.221833
-124.243751,43.212905
-124.243686,43.212848
-124.243225,43.222923
-124.242568,43.211649
-124.242272,43.207396
-124.242196,42.035733
-124.242177,43.208241
-124.242045,43.209686
-124.241848,40.595539
-124.241326,40.643117
-124.241295,42.034964
-124.24117,42.034851
-124.241006,42.034703
-124.24074768960836,43.289448022636
-124.240333,40.686811
-124.240242,40.572536
-124.239844,43.203774
-124.239549,48.066526
-124.2393,43.4066
-124.23838,41.772367
-124.238298,43.202977
-124.237781,40.595464
-124.237359,43.225038
-124.23733591974144,43.22503209093463
-124.237283,43.179623
-124.237173,43.204049
-124.236359,43.226569
-124.23591100000002,43.200502
-124.235904,42.030431
-124.235327,43.228649
-124.234955,42.02966
-124.234942,41.767776
-124.23493266046414,41.76777720431439
-124.234543,43.290893
-124.233508,40.686737
-124.232915,42.027987
-124.23261,43.23419000000001
-124.232403,43.234744
-124.23153700000002,43.28299000000001
-124.231522,43.283063
-124.231071,43.283493
-124.230979,40.597765
-124.230842,43.239817
-124.230082,40.681415
-124.229962,40.572849
-124.229707,42.025303
-124.229588,43.265362
-124.22937512338528,43.45761179903289
-124.229375,43.457611
-124.229317,43.266468
-124.229111,43.455823
-124.22909617364772,43.45583081224701
-124.229068,43.290418
-124.228794,43.277089
-124.22862410486113,43.27713131883966
-124.228502,43.286545
-124.228195,43.270289
-124.228166,42.024048
-124.228079,43.26175300000001
-124.227995,43.173249
-124.22778725564848,43.28751683214527
-124.227692,43.242418
-124.227625,41.76292
-124.226898,43.452855
-124.226549,40.761385
-124.226378,40.641776
-124.226378,40.642927
-124.226367,40.640741
-124.226192,40.663814
-124.226186,40.646606
-124.22617793023954,40.64659237842251
-124.2261,41.77242800000001
-124.226004,43.463648
-124.225623,43.244883
-124.225403,40.638149
-124.225295,43.192872
-124.225167,43.466744
-124.224893,40.6378
-124.224871,43.246079
-124.22477,43.246132
-124.224684,41.777519
-124.224496,40.639046
-124.224454,43.406615
-124.224198,43.288377
-124.224145,43.475716
-124.224144,43.288582
-124.224057,43.410343
-124.224037,43.406617
-124.224037,43.412443
-124.224037,43.413106
-124.224036,43.413977
-124.224032,43.415112
-124.224031,43.407912
-124.224028,43.408593
-124.224015,43.417597
-124.223958,40.636853
-124.223927,43.473031
-124.22392487466703,43.418537378104105
-124.223863,43.258667
-124.223648,43.41995900000001
-124.223358,43.421411
-124.223294,43.413219
-124.223244,40.598978
-124.223168,43.258445
-124.223116,40.641431
-124.223106,47.53432100000001
-124.22297,43.408596
-124.222563,41.77241
-124.222347,40.571486
-124.222323,43.25825800000001
-124.222043,43.190648
-124.222042,43.250089
-124.221943,41.759037
-124.221924,43.443719
-124.22190785348783,43.44370722749975
-124.221654,41.758147
-124.221548,42.018562
-124.221286,43.258081
-124.221265,43.384838
-124.221241,43.431494
-124.221026,43.398871
-124.220932,43.432961
-124.220891,43.433161
-124.220886,43.384285
-124.220624,40.642846
-124.22059099999998,43.434616
-124.22057747781648,43.43460917452129
-124.220577,43.434609
-124.220422,43.389167
-124.220412,43.39031
-124.22037,43.382891
-124.220337,43.435768
-124.220324,43.490057
-124.220222,43.490336
-124.21990900000002,40.737996
-124.219746,43.438599
-124.219699,43.291621
-124.219662,43.185412
-124.21966100000002,43.393859
-124.21966,40.738672
-124.219565,40.644021
-124.219482,43.293018
-124.219434,43.291977
-124.219394,43.49269
-124.219254,43.293447
-124.219094,41.758189
-124.218873,43.292575
-124.21881299999998,43.184112
-124.21866,40.644218
-124.218178,41.772732
-124.21817,40.644224
-124.217858,40.770112
-124.217818,40.644225
-124.217781,40.724392
-124.217754,43.507829
-124.217749,40.725264
-124.217705,43.18326500000001
-124.21769,43.256515
-124.217596,40.654815
-124.217572,43.256577
-124.217571,43.509844
-124.217436,43.511653
-124.217432,40.725179
-124.217381,42.014339
-124.217194,43.294701
-124.217186,40.741019
-124.217072,43.37833
-124.217053,41.771413
-124.21699,41.772735
-124.216777,43.518818
-124.216709,40.724987
-124.216617,43.295619
-124.216546,43.521445
-124.21652,42.013398
-124.21644,40.658863
-124.216366,43.523492
-124.21635031640903,43.523486852438346
-124.21621299999998,48.183407
-124.216183,43.295971
-124.216115,43.52641
-124.216048,42.012861
-124.216043,43.295862
-124.216002,40.726584
-124.215967,43.528058
-124.215902,43.18278400000001
-124.21588,40.722634
-124.215723,41.770191
-124.215676,40.71607
-124.215656,41.797382
-124.215599,43.532272
-124.215574,40.720624
-124.215552,40.71558
-124.215472,43.533717
-124.21547,43.5337
-124.215451,40.726446
-124.215256,40.721958
-124.215245,40.72198
-124.215182,43.376832
-124.215149,43.536498
-124.215134,41.75425
-124.215002,43.37686
-124.214928,40.724897
-124.214834,40.727313
-124.214712,40.630852
-124.214531,40.729908
-124.214369,40.729914
-124.214368,40.655319
-124.21435,41.767745
-124.21428799999998,40.63171
-124.214127,40.59964
-124.214114,40.623359
-124.21409726083652,40.6233537195176
-124.214097,40.623353
-124.214093,41.85784
-124.213847,41.847921
-124.213435,40.62641
-124.213256,43.359555
-124.213237,40.730849
-124.213231,43.361122
-124.213228,43.36271
-124.213207,40.729526
-124.213204,41.753629
-124.213196,43.357972
-124.213194,43.365417
-124.213129,43.357686
-124.21307,40.73329
-124.212952,40.622276
-124.212938,40.62228
-124.212852,40.739124
-124.212716,40.734015
-124.212646,40.7337
-124.212501,41.761562
-124.212495,43.373488
-124.212277,43.544714
-124.212227,42.008388
-124.212213,43.35738
-124.212203,43.359546
-124.212192,43.356985
-124.21218799999998,43.361122
-124.212098,40.601426
-124.212098,43.356495
-124.212077,43.545269
-124.212004,43.300637
-124.211938,43.304951
-124.211866,43.304476
-124.211812,43.301301
-124.211767,40.620501
-124.211744,40.563264
-124.2117,40.567101
-124.211691,43.182678
-124.211671,40.56715300000001
-124.211613,43.30278300000001
-124.21156299999998,43.30128
-124.211487,40.653295
-124.211477,40.710048
-124.211401,41.763203
-124.211344,42.007256
-124.21132922,40.62243104
-124.211147,43.307339
-124.211117,43.36111
-124.211099,40.621484
-124.210983,40.62096
-124.210924,40.736635
-124.21092,40.735471
-124.2107927793302,40.709162950321634
-124.210709,40.708645
-124.2106,43.308211
-124.210554,40.639206
-124.2105352872648,40.63921093921356
-124.210481,40.648972
-124.210409,41.776407
-124.21038508355991,40.639897584721375
-124.21038508,40.63989758
-124.210381,41.772751
-124.210378,41.770113
-124.210369,41.77276
-124.210328,41.759906
-124.210327,40.736141
-124.210322,41.761563
-124.21032,41.76239
-124.210319,40.736073
-124.210316,41.758243
-124.210308,41.764026
-124.210232,40.621068
-124.210218,40.6399
-124.210213422183,40.70796132068296
-124.210127,40.620735
-124.210101,40.62005900000001
-124.210091,40.640461
-124.210053,40.707981
-124.209959,43.183484
-124.209938,40.707134
-124.209864,40.62023
-124.209756,40.706556
-124.209741,40.706384
-124.209714,40.705846
-124.209683,43.183596
-124.209636,43.325007
-124.209614,40.626541
-124.209579,40.626774
-124.209417,40.626664
-124.209382,41.785045
-124.209328,43.552664
-124.209326,41.756415
-124.209299,41.77822000000001
-124.209251,40.641839
-124.209229,41.75824
-124.209191,41.764838
-124.209183,40.737789
-124.209111,43.183761
-124.2090976232328,43.18376898744973
-124.208994,43.310755
-124.208685,40.641613
-124.208574,43.183821
-124.208559,42.0006
-124.208488,40.605856
-124.208435,40.644024
-124.208339,43.555299
-124.20832514703648,43.55528712251874
-124.208317,40.643978
-124.208312,41.999006
-124.2083036893644,40.64397454242399
-124.208285,41.998726
-124.208267,41.998405
-124.208257,41.998245
-124.208248,41.998147
-124.208197,41.774567
-124.208167,40.77923
-124.208161,41.99466500000001
-124.208142,40.73817800000001
-124.208129,41.758237
-124.208121,41.99622100000001
-124.20811100000002,41.762372
-124.207965,41.993777
-124.207667,41.758234
-124.207588,40.738928
-124.207238,41.989411
-124.20723,41.989413
-124.207004,41.762372
-124.206953,40.725569
-124.206932,40.782579
-124.206924,40.78794600000001
-124.206886,43.316669
-124.206576,41.765489
-124.206541,43.318649
-124.206528,43.31871
-124.20647979,40.62041402
-124.206397,43.319499
-124.206345,43.324039
-124.206254,43.32378
-124.206197,43.355785
-124.206137,41.763212
-124.20608500000002,43.321311
-124.206083,43.323308
-124.206015,43.323392
-124.205985,43.323293
-124.205932,41.758221
-124.205915,41.759902
-124.205913,41.772789
-124.20591,41.760725
-124.205712,40.734444
-124.205479,40.73378
-124.205236,43.326387
-124.205156,43.355794
-124.204949,41.758219
-124.204933,43.326382
-124.204743,40.69931500000001
-124.204698,41.789075
-124.204643,40.698916
-124.204575,41.784153
-124.204553,43.564353
-124.204423,41.786585
-124.204398,41.788162
-124.204391,41.786572
-124.20436,40.799062
-124.20431299999998,40.642685
-124.20428400000002,41.956958
-124.204161,40.700637
-124.204158,40.55921
-124.2041,40.79941
-124.204099,43.355758
-124.204064,41.785477
-124.203984,47.218494
-124.203884,40.61255
-124.20386195123577,43.355730771811686
-124.203746,41.758949
-124.203733,41.760585
-124.20368,41.772773
-124.20366883,41.77277684
-124.20364,41.758236
-124.203603,40.664574
-124.203519,41.984207
-124.203493,41.748164
-124.203268,43.565959
-124.20326113641642,43.56595158556191
-124.203261,43.565951
-124.203232,40.716113
-124.20318,43.355768
-124.203158,43.355821
-124.20314,40.722691
-124.203131,40.613857
-124.202967,40.669132
-124.202943,40.63232100000001
-124.20288700000002,40.692449
-124.202836,40.742654
-124.202835,40.720939
-124.20282,40.724319
-124.202816,41.969697
-124.202811,40.72433
-124.202778,40.670858
-124.20274615,41.95160508
-124.202743,41.760585
-124.202728,40.742738
-124.20270323694132,40.67006707172073
-124.20266,40.691425
-124.202608,40.667524
-124.202411,40.591712
-124.2023599141874,40.669101476475376
-124.202253,43.567036
-124.202171,41.953389
-124.202155,41.869508
-124.202148,43.567234
-124.202123,40.73519
-124.202069,40.566823
-124.20202,40.736221
-124.20201000000002,47.215726
-124.201979,41.783286
-124.201925,40.635389
-124.20190930307292,40.61640143375103
-124.201909,40.616401
-124.201902,40.671491
-124.20186638772869,40.671740770146016
-124.20171618402384,40.6714832780806
-124.201716,40.671483
-124.20171299999998,40.616294
-124.201698,40.61631
-124.201638,40.672262
-124.201613,40.67248
-124.201467,41.772742
-124.201384,40.724551
-124.201325,41.952423
-124.2013,41.955643
-124.201238,41.772688
-124.201213,43.180452
-124.201206,40.737216
-124.200868,43.354553
-124.200657,40.61589
-124.200519,41.956813
-124.200446,41.772782
-124.200444,41.772683
-124.200421,41.782701
-124.200405,43.331733
-124.200382,41.784149
-124.200373,41.957061
-124.20036,40.733039
-124.200345,41.758947
-124.200275,41.772682
-124.200263,43.331716
-124.200169,43.569373
-124.200078,41.958425
-124.199913,41.951873
-124.199867,40.739071
-124.199719,40.7393
-124.199523,40.739731
-124.199415,41.954075
-124.19931,40.739019
-124.199285,41.769147
-124.199139,41.778278
-124.199138,41.7819
-124.199064,43.351618
-124.199041,47.211593
-124.199024,41.757655
-124.19898700000002,43.33962
-124.198925,40.743188
-124.198909,43.351243
-124.198893,41.767899
-124.19878500000002,43.335422
-124.198748,40.739025
-124.198715,40.743839
-124.198703,40.747353
-124.19864773691084,41.96351408938426
-124.198583,43.339681
-124.198493,41.770941
-124.198457,41.781759
-124.198445,43.339709
-124.198424,41.770937
-124.19838500000002,43.34229600000001
-124.19817,41.974118
-124.198043,41.765449
-124.197917,43.343941
-124.197777,43.344866
-124.197725,41.977318
-124.197725,41.982697
-124.197697,43.343858
-124.197625,40.669879
-124.197569,43.572226
-124.197556,41.982284
-124.19745,40.674147
-124.19742,41.761861
-124.197358,40.566789
-124.19732,41.77095900000001
-124.197316,41.769126
-124.19721007287885,41.75861477831955
-124.197189,40.747101
-124.197025,40.74727
-124.196942,40.739246
-124.196822,41.756801
-124.196785,40.747475
-124.196593,47.184163
-124.196475,43.176358
-124.19645905435468,43.17634463289653
-124.19645905,43.17634463
-124.196459,43.176344
-124.19643899999998,41.785474
-124.196278,41.761788
-124.19621200000002,41.76547100000001
-124.196209,41.769132
-124.196199,41.774472
-124.19619099999998,41.767305
-124.196161,43.57376
-124.196152,40.811195
-124.196152,41.767319
-124.196129,43.176029
-124.19607281625652,43.17600131014263
-124.195953,41.783105
-124.195892,41.782745
-124.195642,41.749889
-124.195585,40.742659
-124.195491,41.774459
-124.195482,41.765109
-124.195202,41.753631
-124.195111,41.766267
-124.195107,41.765457
-124.195059,41.765681
-124.194674,41.755936
-124.194341,41.784584
-124.194153,43.575364
-124.193941,41.787161
-124.193878,41.945871
-124.193874,41.772696
-124.19376499999998,41.945799
-124.1936,40.815418
-124.19321399999998,41.76687800000001
-124.193129,43.356608
-124.192884,43.576045
-124.192755,41.753925
-124.192669,41.780037
-124.192633,41.787146
-124.19244,41.772693
-124.192425,40.565752
-124.19229,41.767495
-124.191952,43.576487
-124.191624,40.76693
-124.191376,40.765111
-124.191331,40.754435
-124.191231,40.612461
-124.191199,41.77271
-124.191198,41.772807
-124.191049,41.869372
-124.190923,41.768351
-124.190907,40.75521
-124.190633,40.755159
-124.1906225675383,40.755146741672725
-124.190622,40.755146
-124.19058,40.774212
-124.19057965219406,40.76242089252109
-124.19055819452194,41.768592595854905
-124.19043,40.775031
-124.190368,43.174568
-124.190343,41.768968
-124.190343,41.789518
-124.190306,43.644621
-124.190208,41.786938
-124.190145,40.761076
-124.190136,41.772712
-124.190076,40.761279
-124.190074,43.577391
-124.19002175271896,40.76079010944004
-124.189903,43.645032
-124.189825,40.813501
-124.189758,41.768626
-124.189704,40.760305
-124.1896998876372,40.7602965829813
-124.18966100000002,43.654859
-124.189656,41.769193
-124.18963,43.174501
-124.18961406,43.17449927
-124.189463,41.769724
-124.189453,41.790116
-124.189453,47.172311
-124.1894,40.813295
-124.189256,43.638985
-124.18907762,40.61041474
-124.18905615747362,40.61058640460677
-124.188957,43.577915
-124.18873899999998,41.769253000000006
-124.188697,40.610267
-124.188341,40.703459
-124.188298,43.174026
-124.188104,40.816322
-124.188006,40.82008
-124.187737,40.758056
-124.18773600000002,43.662179
-124.187665,40.713051
-124.187511,43.578664
-124.187417,40.779016
-124.187413,40.817453
-124.187358,41.792408
-124.187289,43.173172
-124.186966,40.818151
-124.186929,40.77927800000001
-124.186906,40.757574
-124.186558,41.933601
-124.186381,41.793555
-124.186288,41.7698
-124.186215,40.752599
-124.186212,43.665204
-124.185704,41.869332
-124.185603,40.757969
-124.18560147226243,41.77573800067055
-124.185586,41.77205900000001
-124.185559,40.607928
-124.18555,40.772511
-124.185544,41.752221
-124.185419,41.782635
-124.185382,43.580716
-124.185138,41.794543
-124.18501299999998,41.752108
-124.184815,41.772578
-124.184729,43.633269
-124.184663,41.776538
-124.184438,41.806594
-124.184391,40.773317
-124.18438700000002,40.781918
-124.184182,43.586948
-124.183943,41.772452
-124.183921,40.782579
-124.183911,41.78768400000001
-124.183837,41.940648
-124.183789,41.752769
-124.183678,41.773349
-124.183561,40.783091
-124.183427,43.169645
-124.183387,41.86583
-124.183213,41.740934
-124.183129,40.783678
-124.183041,41.746942
-124.182959,41.787698
-124.182787,43.591359
-124.182784,40.606315
-124.182747,43.591468
-124.182648,40.747309
-124.182627,41.805089
-124.182542,40.606361
-124.182519,43.625704
-124.182208,41.747709
-124.182153,41.778994
-124.182032,40.771391
-124.181826,41.779873
-124.181813,40.719777
-124.181624,40.823054
-124.1816103452483,40.82306027392949
-124.181574,41.93966
-124.18156,43.621608
-124.181341,40.766936
-124.181332,43.618469
-124.181304,40.821231
-124.181071,40.769595
-124.18107,40.760114
-124.181042,43.614163
-124.180877,40.624583
-124.180869,40.82134600000001
-124.180845,43.611331
-124.180741,41.797277
-124.180686,40.766539
-124.180625,41.753485
-124.180584,40.756746
-124.180573,41.89068
-124.180517,41.749008
-124.18051,43.606575
-124.180297,43.161722
-124.180262,43.603063
-124.180223,43.602491
-124.180221,43.598986
-124.180184,43.601935
-124.180063,40.772489
-124.180061,40.757536
-124.180029,40.77326
-124.180002,41.775847
-124.179991,41.787176
-124.179878,41.775929
-124.179848,40.627872
-124.179776,41.942772
-124.179718,41.748429
-124.179529,41.798272
-124.179502,41.791485
-124.17941100000002,41.75357800000001
-124.17938999999998,41.755422
-124.178928,41.745452
-124.178794,40.755087
-124.178768,40.756058
-124.178523,43.138741
-124.178351,40.769629
-124.178311,43.673029
-124.17829,43.138116
-124.17815566003712,40.56322932224005
-124.177979,40.755038
-124.177958,40.759969
-124.177935,40.760859
-124.177923,40.761374
-124.177753,40.766031
-124.177609,40.757532
-124.177374,41.746696
-124.17736172616873,41.74668431262137
-124.177268,40.824999
-124.177161,41.800114
-124.177154,40.75753
-124.176852,41.746312
-124.176833,40.794114
-124.176832,40.775861
-124.176555,40.825942
-124.176492,43.67397
-124.176372,40.757528
-124.17631000000002,41.850748
-124.176288,43.156059
-124.17627,40.825954
-124.176245,40.757528
-124.176166,40.825664
-124.17611718118584,40.825635194583775
-124.176098,40.792856
-124.17609,40.791501
-124.176086,40.737713
-124.176039,40.795526
-124.175956,43.146942
-124.175949,41.787156
-124.17588899999998,41.778633
-124.175873,41.745707
-124.175827,40.73756
-124.175824,43.151472
-124.175777,43.148991
-124.17571,40.737494
-124.175528,40.765711
-124.175527,40.766018
-124.175522,40.76606
-124.175474,40.7697
-124.175442,40.757529
-124.175433,40.796561
-124.175349,40.605909
-124.175312,40.603499
-124.175311,41.936886
-124.17511100000002,40.736222
-124.175043,40.790652
-124.175026,40.79149
-124.174768,43.125616
-124.174719,41.753796
-124.174601,40.602998
-124.174598,41.787107
-124.174441,40.829375
-124.174416,40.602917
-124.174331,40.801656
-124.174207,40.773422
-124.174117,40.788994
-124.174024,40.724521
-124.173973,40.772339
-124.173894,40.761305
-124.173873,43.675036
-124.173849,40.736924
-124.173788,41.78983
-124.173645,40.824567
-124.173555,43.129208
-124.173484,43.362073
-124.17347,40.757832
-124.173327,40.602411
-124.173193,40.761298
-124.173009,40.788984
-124.17282,40.832605
-124.172768,40.83263
-124.172172,40.761265
-124.172166,40.562241
-124.172135,40.830708
-124.171971,43.132618
-124.171682,41.75477
-124.171572,41.794483
-124.171243,41.804007
-124.171126,40.837746
-124.171093,40.83923
-124.170657,40.836928
-124.170388,40.837472
-124.170351,41.934966
-124.170101,40.601196
-124.169956,40.723035
-124.169805,40.785338
-124.16967,47.093201
-124.16961550653376,40.60080170612049
-124.169615,40.600801
-124.169511,41.756618
-124.169115,40.736885
-124.16891,40.769224
-124.168909,40.800214
-124.168104,40.801625
-124.167685,40.842128
-124.167661,41.758199
-124.167374,41.94100200000001
-124.16728,40.7594
-124.166992,40.767933
-124.166974,40.769549
-124.166874,40.800936
-124.166137,41.934066
-124.166014,40.847855
-124.165979,41.789232
-124.165972,40.76428
-124.165949,41.78538
-124.165921,43.112813
-124.16564,41.830714
-124.165583,41.925661
-124.165517,41.929765
-124.165495,41.933943
-124.165478,41.823422
-124.165431,41.8002
-124.165299,41.789369
-124.16525,41.837962
-124.165239,41.822608
-124.165108,40.846691
-124.16507,41.809334
-124.165016,40.818375
-124.164919,41.821405
-124.164874,41.810507
-124.164843,41.811436
-124.164819,40.767912
-124.164799,40.769537
-124.164796,41.933822
-124.16479,40.771183
-124.164654,41.81534
-124.164579,41.819012
-124.164523,40.734495
-124.164222,41.758216
-124.163856,40.851838
-124.163787,41.830681
-124.163728,40.765985
-124.163716,40.767911
-124.163689,40.770082
-124.163681,40.771164
-124.163569,40.528069
-124.163511,43.674368
-124.163415,41.81213
-124.163029,40.529543
-124.162995,40.541496
-124.162766,40.851839
-124.162729,40.802347
-124.162569,40.771156
-124.162539,40.776084
-124.162525,41.74013
-124.16251301706237,41.740139722625045
-124.162267,41.763722
-124.162222,43.109896
-124.162212,40.8549
-124.16209,40.794901
-124.161938,41.762625
-124.161925,43.109604
-124.161812,43.359257
-124.16181,40.710824
-124.161665,40.854772
-124.16157,41.810435
-124.161302,41.75465300000001
-124.161222,40.803443
-124.161029,40.534783
-124.160835,41.811774
-124.16081,40.85622
-124.160545,41.820195
-124.160323,41.754662
-124.160162,40.8027
-124.160152,41.84783400000001
-124.160143,40.78695
-124.159697,43.675475
-124.159626,41.865823
-124.15941399999998,40.802804
-124.15932,40.511864
-124.159039,40.782003
-124.158988,40.786948
-124.158837,41.76182
-124.158797,41.785554
-124.158673,41.765018
-124.158592,41.793893
-124.15857,41.810987
-124.15834,43.676297
-124.158298,41.754662
-124.158241,47.039162
-124.158072,41.812199
-124.15806,42.988273
-124.158058,47.044579
-124.1580498212616,40.81230998019785
-124.158049,40.812309
-124.158017,41.810625
-124.157911,40.781997
-124.157875,41.790832
-124.15783,41.764981
-124.157806,40.767948
-124.157804,41.812791
-124.157618,43.676845
-124.157539,41.110964
-124.15735,40.592221
-124.157332,41.097383
-124.15711,40.86212
-124.15708422601624,40.86211323718613
-124.157067,40.81132
-124.156755,40.759663
-124.156738,40.590318
-124.156697,41.8149
-124.156638,40.861597
-124.15662,41.095102
-124.156619,41.741073
-124.156593,47.031476
-124.15658,41.740176
-124.15657,41.740491
-124.156553,40.799854
-124.156535,41.740173
-124.15650486886904,40.58972954730704
-124.156504,40.589723
-124.156491,40.705387
-124.15648341,41.74009681
-124.156482,41.783852
-124.156457,41.748638
-124.156453,41.754627
-124.15643500000002,41.123929
-124.15643,41.756412
-124.15643,41.758241
-124.156423,41.766991
-124.156292,41.740113
-124.155786,41.926601
-124.155785,41.930021
-124.155602,40.506901
-124.155484,41.736804
-124.155392,41.768722
-124.155341,41.127779
-124.155291,40.766865
-124.155232,40.58794
-124.155217,40.809599
-124.15506,47.017311
-124.154902,41.769768
-124.154857,40.765311
-124.154839,40.765148
-124.154744,40.804714
-124.154671,43.679241
-124.154618,40.586032
-124.154435,41.122155
-124.1544,41.770936
-124.154374,40.505995
-124.15433,40.760236
-124.15433,41.736523
-124.154306,41.102831
-124.154171,40.759671
-124.154111,41.736143
-124.154098,41.758243
-124.153983,41.100595
-124.15397,40.232343
-124.153906,42.985027
-124.153869,41.744679
-124.153687,40.803858
-124.153533,43.814462
-124.153399,43.813857
-124.153393,41.931739
-124.153196,40.804712
-124.153084,41.773415
-124.153063,41.083819
-124.152895,41.773905
-124.15286,41.75825
-124.152808,40.758774
-124.152681,40.584808
-124.152528,40.584875
-124.152465,41.861814
-124.1523206228058,42.98412680605419
-124.152208,41.727154
-124.152146,40.583854
-124.152107,40.791891
-124.152101,41.095783
-124.152061,41.096134
-124.15205,41.758255
-124.152027,41.77637
-124.151983,40.757407
-124.151934,41.095447
-124.151672,41.746989
-124.151666,41.744695
-124.151648,41.745463
-124.151585,43.369404
-124.151542,40.75871
-124.151531,43.806444
-124.151498,41.073885
-124.151464,43.096849
-124.151376,43.819362
-124.151343,40.527926
-124.151312,41.778027
-124.15098,41.073161
-124.150939,41.927644
-124.150923,41.120677
-124.150539,41.734436
-124.150484,40.865038
-124.150447,41.865741
-124.150425,40.803853
-124.150387,41.808959
-124.150309,40.533294
-124.150292,41.75824
-124.150202,40.596315
-124.150145,40.533222
-124.150135,41.779999
-124.150119,40.579346
-124.149853,40.524478
-124.149766,40.577871
-124.14973,41.867124
-124.149705,40.577654
-124.149649,40.524259
-124.149643,40.604048
-124.149591,43.833877
-124.149539,41.74697000000001
-124.149532,40.524291
-124.149523,48.188799
-124.149503,40.524361
-124.149492,40.5775
-124.149487,40.763295
-124.149449,41.865368
-124.149445,40.524298
-124.149399,41.133636
-124.149342,40.52418400000001
-124.149257,41.867982
-124.149192,43.37155300000001
-124.149167,40.523993
-124.149132,40.574795
-124.149113,41.782346
-124.14905905664372,41.08965039233642
-124.148915,40.865432
-124.148839,43.787926
-124.148777,40.570131
-124.148755,41.749311
-124.148733,43.804582
-124.148687,43.82780800000001
-124.148462,43.794902
-124.148454,40.740636
-124.148323,43.80410300000001
-124.148307,42.985571
-124.14828,40.548709
-124.148185,41.804833
-124.148072,40.764081
-124.148063,40.584678
-124.14806000000002,41.758256
-124.148044,40.757644
-124.14803700000002,41.805488
-124.147945,40.735002
-124.147911,40.736932
-124.147896,43.803327
-124.147892,41.870645
-124.147845,43.824071
-124.14781,40.573495
-124.147804,40.761401
-124.147783,40.575391
-124.147772,40.735005
-124.147762,40.562974
-124.14768577,41.80768847
-124.147678,41.807927
-124.147633,41.928434
-124.147629,40.536896
-124.147521,40.74063
-124.147512,40.739167
-124.147498,40.570522
-124.147479,40.741584
-124.147465,40.537488
-124.147401,41.807394
-124.147377,41.807758
-124.147234,41.807712
-124.147213,40.748392
-124.147111,41.807654
-124.146966,40.74882
-124.146957,40.755594
-124.146908,43.684987
-124.146876,40.56474
-124.14678899999998,40.734247
-124.146786,41.812196
-124.146752,41.81245300000001
-124.146722,40.757442
-124.146671,40.583745
-124.146637,40.733414
-124.146606,40.56134
-124.146605,40.561932
-124.14657,41.877
-124.146491,41.814423
-124.146481,40.550742
-124.146347,40.553677
-124.14633,40.558917
-124.146231,41.065926
-124.146226,40.758425
-124.14620518625188,40.55383086185192
-124.14614081323552,40.55243611316417
-124.146134,41.91591500000001
-124.146049,40.805482
-124.146025,41.927454
-124.146005,41.930078
-124.146002,40.750195
-124.145974,40.759002
-124.145879,43.68592
-124.145869,41.788757
-124.145689,41.929926
-124.14563400000002,41.821166
-124.145478,40.764048
-124.145447,40.549088
-124.145373,40.749256
-124.145202,41.929675
-124.145095,40.799384
-124.145042,41.718811
-124.145018,40.769859
-124.145001,41.826179
-124.14488500000002,40.545381
-124.144851,40.764595
-124.144826,40.541855
-124.144745,40.520123
-124.14471,41.928957
-124.144634,43.01065
-124.144621,40.54190300000001
-124.14458700000002,41.929314
-124.144555,40.54447
-124.144555,40.80415
-124.144554,40.544472
-124.14455294549872,40.54447531680801
-124.144552,40.544475
-124.144531,40.547131
-124.14443,40.78040900000001
-124.144428,41.798467
-124.14442419946602,41.13707184771949
-124.144333,40.799151
-124.144315,41.791614
-124.144268,40.785961
-124.144253,41.929106
-124.144234,43.773895
-124.144211,41.929111
-124.144066,43.773037
-124.144059,41.835937
-124.14401,41.805945
-124.143975,43.687679
-124.143759,43.37353
-124.143528,41.793757
-124.143517,41.841768
-124.143501,40.548592
-124.143499,40.79781
-124.143282,41.06917
-124.143231,41.803933
-124.143229,41.803837
-124.143097,40.765911
-124.143054,40.765925
-124.143008,40.76983
-124.142999,41.804409
-124.142982,40.769852
-124.142977,40.771804
-124.142971,40.583645
-124.142967,41.84775
-124.142829,41.89468400000001
-124.142723,40.563021
-124.142699,40.520199
-124.142675,41.076614
-124.142642,41.851337
-124.14261,41.864162
-124.142537,41.79691500000001
-124.1425144666474,42.977303266320334
-124.142508,40.804811
-124.142464,41.927489
-124.142397,43.78324
-124.142192,41.798264
-124.142041,40.782899
-124.142038,40.783103
-124.141975,43.781809
-124.14195656717231,43.78179430940732
-124.141956,43.781794
-124.141744,41.066965
-124.141584,43.689406
-124.141571,41.064453
-124.141553,41.801937
-124.14154,40.737482
-124.141535,40.733407
-124.141528,41.064374
-124.141459,41.064245
-124.141457,40.785943
-124.14137721002513,41.06441616992442
-124.14133429,41.06402993
-124.141242,41.801703
-124.14122701,41.80170178
-124.141167,43.860794
-124.14116263330394,43.860801458149616
-124.14105,41.862564
-124.141045,41.845153
-124.140701,41.925483
-124.140648,43.689732
-124.140587,41.804257
-124.140362,41.856728
-124.14035,41.804218
-124.140307,41.861214
-124.140303,41.848464
-124.140259,40.548562
-124.14013266504222,41.86639666537349
-124.140032,40.775152
-124.139936,41.724149
-124.139933,40.608375
-124.13993,41.061787
-124.139809,41.062973
-124.1397,40.77927
-124.139697,40.779941
-124.139695,40.780466
-124.139692,40.784576
-124.139683,40.788306
-124.139676,40.791553
-124.139675,40.788937
-124.139669,40.791986
-124.139654,40.792703
-124.139641,40.785431
-124.13961768091136,40.79424262027362
-124.139592,41.723879
-124.139564,40.79660300000001
-124.139473,43.081691
-124.139465,41.869369
-124.139407,41.924017
-124.13931200000002,41.804261
-124.13928,41.876952
-124.139265,41.723399
-124.1392529004853,41.72338128070009
-124.139107,43.063999
-124.139101,40.780475
-124.139044,40.775202
-124.138955,41.804475
-124.138939,43.863495
-124.138915,41.804364
-124.138894,43.065096
-124.13884,41.804151
-124.138817,43.86363400000001
-124.138788,40.776901
-124.13876299999998,40.780499
-124.138754,40.779935
-124.138738,40.779279
-124.138735,40.778647
-124.138728,41.923295
-124.138714,40.570297
-124.13858799999998,41.835937
-124.138572,43.066744
-124.138562,40.789507
-124.138416,41.830354
-124.138262,40.517686
-124.138184,41.059857
-124.138048,40.89946
-124.137907,43.078406
-124.137827,40.780031
-124.137824,40.780476
-124.137795,41.876789
-124.137614,43.059419
-124.137609,41.0612
-124.13760066,41.06119752
-124.13760065973216,41.06119751910657
-124.137581,40.57021500000001
-124.137515,40.474128
-124.13751482904372,41.80504918078515
-124.137453,41.057734
-124.137442,41.070506
-124.13730025232248,41.061154603762326
-124.13724,40.797094
-124.137117,41.879708
-124.137032,41.061031
-124.136938,41.060964
-124.13672089517527,41.88156723956165
-124.136719,41.883709
-124.136701,41.881983
-124.136695,41.060837
-124.136694,41.88511
-124.13669,41.891965
-124.136687,41.882691
-124.136686,41.883775
-124.136685,41.89004
-124.136684,41.882932
-124.136633,41.898892
-124.136631,41.899696
-124.136618,41.904625
-124.13659214914256,41.91334605196994
-124.136591,41.913346
-124.136581,41.91912
-124.136575,41.918913
-124.136502,40.795048
-124.136478,40.586343
-124.136248,41.88149
-124.136078,41.145141
-124.13592,40.780465
-124.135877,40.897985
-124.135856,41.71633
-124.135683,41.806243
-124.13563700000002,40.793805
-124.13553600000002,41.155413
-124.135527,40.459832
-124.135504,40.582581
-124.135429,40.54848
-124.135375,41.714453000000006
-124.135336,43.015523
-124.135236,40.793221
-124.135202,41.71429000000001
-124.135045,40.780475
-124.135041,41.80665
-124.13498282373364,40.86833596210065
-124.134982,40.868335
-124.134981,40.86834
-124.134979,40.868351
-124.134925,40.563004
-124.13491100000002,40.786819
-124.13488999999998,40.799083
-124.13473799999998,41.063156
-124.134102,43.37697
-124.134041,40.791262
-124.13395,40.562997
-124.133932,40.790934
-124.133884,40.793258
-124.13387,40.792132
-124.133841,43.86958
-124.1338241094392,43.869577646046295
-124.133817,40.801028
-124.133797,41.713821
-124.133514,43.769779
-124.133392,40.805187
-124.133258,43.76972
-124.133064,41.05513
-124.132979,43.692096
-124.13276299999998,40.792153000000006
-124.13276,40.793261
-124.132559,40.238481
-124.132249,40.786847
-124.132236,40.791339
-124.132196,41.713481
-124.132034,41.88742
-124.131645,40.795105
-124.131002,40.780478
-124.130881,40.5826
-124.130781,40.560797
-124.130618,41.161974
-124.130568,41.709086
-124.130362,40.78048
-124.130348,40.782449
-124.130345,43.878608
-124.13032,40.78292800000001
-124.13031,40.783661
-124.130298,40.784092
-124.130283,40.784513
-124.130274,40.795107
-124.130273,40.580177
-124.130193,40.879621
-124.130129,40.925735
-124.130122,40.926992
-124.130044,40.784267
-124.130042,41.053336
-124.12986399999998,43.021237
-124.129794,41.7122
-124.12970424,40.78048825
-124.129629,40.568887
-124.129572,48.061062
-124.129202,43.88120900000001
-124.12918925226153,40.51421999912017
-124.129067,40.548053
-124.12896299999998,41.05970900000001
-124.128649,40.804612
-124.128557,40.563009
-124.128381,40.786495
-124.128371,40.785344
-124.128325,40.506939
-124.128281,40.514027
-124.128239,40.784172
-124.128237,40.783621
-124.128059,40.868336
-124.127975,43.047926
-124.127971,41.807866
-124.12781499999998,41.705865
-124.127425,41.705837
-124.127183,41.055807
-124.12707,41.808349
-124.126923,41.155918
-124.126917,41.155913
-124.12691473901688,41.15591168384001
-124.126495,40.938023
-124.126481,40.937213
-124.126322,44.122939
-124.126268,41.810663
-124.126235,44.121547
-124.126198,43.022732
-124.126169,43.022762
-124.126123,44.123549
-124.126045,40.547597
-124.125969,40.5476
-124.125886,41.0545
-124.125795,41.810675
-124.12561200000002,40.780666
-124.12561,43.883011
-124.125578,40.783341
-124.125561,40.782114
-124.125554,40.782953000000006
-124.125545,40.78090200000001
-124.12554145,40.78089595
-124.125526,40.781281
-124.125267,41.810904
-124.125077,43.762162
-124.125054,43.883017
-124.124811,43.751782
-124.124581,43.88302
-124.124527,43.762039
-124.124494,43.762034
-124.12449002206742,43.76203179338569
-124.124264,44.126345
-124.124036,43.751359
-124.124001,44.126631
-124.123529,43.751076
-124.123422,40.933963
-124.123146,40.243258
-124.123027,44.137944
-124.123021,43.756297
-124.122873,43.759377
-124.122842,43.758248
-124.122821,40.244652
-124.12252,40.80575200000001
-124.122377,44.114607
-124.122245,40.805838
-124.122199,41.870109
-124.121944,40.953281
-124.121895,43.044185
-124.12179,43.024421
-124.121743,40.95629
-124.121638,42.970816
-124.121457,40.546591
-124.12145,41.700865
-124.121441,41.049597
-124.121375,40.511061
-124.121274,40.806221
-124.121223,40.546534
-124.121206,43.884657
-124.120785,43.886132
-124.1207349294466,41.69969201068068
-124.120733,41.69968
-124.120581,40.80628
-124.120566,44.102697
-124.120541,40.784798
-124.120433,43.88731
-124.12041200000002,40.883173
-124.120406,41.8536
-124.120356,41.698981
-124.120225,41.843848
-124.12019,40.941729
-124.120186,44.116879
-124.12016,40.933966
-124.120151,40.934359
-124.119563,43.890079
-124.119446,44.118606
-124.11942,40.930875
-124.1194,40.930908
-124.119384,43.037671
-124.119379,41.039984
-124.119284,44.117191
-124.119041,41.042342
-124.118926,43.74837
-124.118509,40.785129
-124.118237,40.777734
-124.11811000000002,44.138725
-124.118011,43.895191
-124.117952,44.098844
-124.117948,40.930806
-124.117937,43.895232
-124.117923974399,43.895241021900674
-124.117798,41.858237
-124.117787,41.858638
-124.117773,41.860618
-124.117696,40.953615
-124.117418,43.896974
-124.117257,40.976726
-124.11705,41.044743
-124.117047,40.934345
-124.116797,41.695275
-124.116735,40.934342
-124.116667,44.152452
-124.116659,42.972204
-124.11663651407189,42.97219634035601
-124.116626,40.546303
-124.116492,43.899947
-124.116436,40.973483
-124.116251,40.953648
-124.116243,41.660156
-124.1162288183016,40.95408081988833
-124.116197,40.958949
-124.116192,40.959875
-124.11616,40.971989
-124.11611299999998,40.969901
-124.116074,40.956158
-124.116,40.507307
-124.11599278390828,40.97113966922297
-124.115981,43.034046
-124.115959,40.958169
-124.11594987,40.95815778
-124.11593899999998,41.695049
-124.115938,40.959696
-124.115867,40.966869
-124.115776,44.097453
-124.115768,40.955029
-124.115744,40.864764
-124.115713,44.158161
-124.1157,40.868301
-124.1156923764986,40.86833596210065
-124.11562800348229,42.92333722094095
-124.11556363046591,40.95626950244447
-124.115456,40.546165
-124.115455,40.941675
-124.115435,41.642375
-124.1153275960726,44.18494105317982
-124.115288,41.638618
-124.115225,44.182372
-124.115198,40.54611
-124.115197,41.63811
-124.115188,40.990293
-124.115141,40.956261
-124.1151,41.640064
-124.114953,41.637371
-124.114906,44.175461
-124.114792,41.643242
-124.114627,41.64346
-124.114459,43.744472
-124.1144263738436,40.93234419803175
-124.114416,40.545908
-124.114374,40.551814
-124.114292,41.811028
-124.114248,43.697148
-124.11422,44.189363
-124.11422,44.208388
-124.114177,44.168037
-124.114144,40.9417
-124.114095,40.809868
-124.114077,40.809558
-124.113914,40.512032
-124.11388,41.680355
-124.113858,41.68204
-124.11384701669638,41.682032346526704
-124.113829,44.163923
-124.113786,44.203248
-124.113767,41.664589
-124.11376118600792,41.03907465915184
-124.113626,40.966364
-124.113576,41.671462
-124.113558,44.16473
-124.113512,40.959864
-124.113512,41.671456
-124.11347,40.950861
-124.113415,44.216459
-124.113297,44.201321
-124.113292,40.955823
-124.11328,40.956263
-124.113136,41.810385
-124.11311745584428,40.50660252551791
-124.113117,40.506602
-124.113096,40.99648300000001
-124.113086,44.094316
-124.113054,41.648169
-124.113035,41.645497
-124.113007,40.766803
-124.113,41.678189
-124.112946,41.665756
-124.11293,40.996471
-124.112907,41.036942
-124.112879,40.997342
-124.11283799999998,41.666982
-124.112821,41.630558
-124.112816,41.630596
-124.1128,40.810201
-124.112665,40.941669
-124.11263999999998,40.945089
-124.112622,40.963586
-124.112554,40.774686
-124.112528,43.907504
-124.112489,40.93876
-124.112453,40.934341
-124.112427,40.506233
-124.112249,40.952717
-124.112233,40.953066
-124.11222,41.03551
-124.112163,43.908698
-124.11216,40.552698
-124.112135,41.809877
-124.112095,40.993582
-124.112025,43.909236
-124.111931,41.043011
-124.11193,40.992779
-124.11185145318932,43.03335070589527
-124.111849,41.162295
-124.111823,40.766375
-124.11176100000002,42.966322
-124.111702,44.245431
-124.111572,44.244468
-124.111541,43.733749
-124.111518,41.624789
-124.111425,41.624299
-124.11142229974692,41.624289750854366
-124.111406,41.810505
-124.111392,43.732229
-124.111354,43.735626
-124.111234,44.241252
-124.111226,43.698612
-124.111198,43.737084
-124.111123,40.95985
-124.111121,43.698538
-124.111072,41.162571
-124.11106200000002,43.738394
-124.111021,42.926503
-124.111005,44.293475
-124.11099314630457,43.03262114504322
-124.110959,41.035363
-124.11093,41.198544
-124.110759,40.544674
-124.110672,40.941601
-124.110664,41.622953
-124.110633,41.684364
-124.110602,40.941756
-124.110601,40.94668
-124.110596,44.292473
-124.110595,40.939569
-124.110578,40.938008
-124.110577,40.944209
-124.110571,44.289589
-124.110567,40.94556
-124.110555,40.945035
-124.110551,40.948978
-124.110538,43.699187
-124.110482,43.37722
-124.110477,40.95189600000001
-124.11039,40.956249
-124.110377,40.957644
-124.110352,40.959839
-124.110275,41.032471
-124.11024212778038,41.2048137185993
-124.110242,41.204813
-124.110201,40.226426
-124.110188,41.193498
-124.110147,41.032277
-124.110081,41.622329
-124.110062,44.090851
-124.11005,40.544174
-124.110028,40.926178
-124.110003,44.09079600000001
-124.109971,40.985776
-124.10994,43.916821
-124.109814,43.724909
-124.109797,41.010394
-124.109784,41.684554
-124.109763,44.234799
-124.109689,44.233634
-124.109594,41.010997
-124.10957693994467,41.010986566348016
-124.109528,48.063992
-124.109479,41.01088
-124.109418,41.189888
-124.109402,44.229587
-124.109374,40.868301
-124.109337,41.619419
-124.109316,41.61936
-124.10929799020714,41.61935448626699
-124.109297,41.619354
-124.109193,40.93483
-124.109177,41.840204
-124.10916924417444,41.84019684771613
-124.109153,44.257877
-124.109119,44.224983
-124.109069,44.08864000000001
-124.108923,43.919263
-124.108922,41.01102
-124.108872,43.700546
-124.108847,41.811514
-124.10882592142052,41.81150794009298
-124.108701,44.262454
-124.108681,41.811481
-124.108644,43.962865
-124.108604,43.963988
-124.108578,44.087402
-124.108577,43.96438
-124.108533,40.967751
-124.108532,44.295873
-124.10852551401086,40.86831450442854
-124.108525,40.868314
-124.108488,40.883094
-124.10848,43.96595
-124.108436,43.96649
-124.108402,41.012429
-124.108388,40.54320300000001
-124.108269,41.163902
-124.108198,43.37761
-124.108178,43.961658
-124.108171,40.934268
-124.108027,40.555758
-124.108022,41.010695
-124.108019,43.967688
-124.108002,41.014896
-124.107981,43.968061
-124.107925,43.03538
-124.107892,41.013526
-124.107851,43.922627
-124.10785,44.282444
-124.107498,41.838729
-124.107474,41.027895
-124.107444,40.786746
-124.107353,43.96886
-124.107273,40.936162
-124.107255,43.929697
-124.107181,43.93015
-124.107177,41.024866
-124.107088,41.685551
-124.107053,41.017523
-124.107016,41.020155
-124.106995,41.183609
-124.106968,41.015944
-124.106959,41.015943
-124.106958,41.019643
-124.106951,41.019581
-124.10693,41.687643
-124.10693,41.687943
-124.106915,40.971071
-124.106913,44.083245
-124.106912,43.969472
-124.106909,44.301952
-124.106901,41.020561
-124.106862,40.481952
-124.10683,40.54291
-124.10683,40.890226
-124.106827,41.019935
-124.106697,41.017678
-124.106676,40.778877
-124.106588,42.906825
-124.106565,40.81375300000001
-124.106553,40.934295
-124.106551,42.954571
-124.10653899999998,43.933123
-124.10653,40.482174
-124.106523,42.908987
-124.10650849283172,42.90898203829332
-124.10637,40.556856
-124.106281,40.945321
-124.106185,41.615112
-124.10612225473352,40.50514340381381
-124.106063,40.967409
-124.106003,41.165377
-124.105962,41.6141
-124.105925,40.868273
-124.105924,40.868126
-124.105924,40.868247
-124.105904,41.165359
-124.105816,40.897675
-124.105806,40.956227
-124.10571455896329,41.165524720949335
-124.105714,41.165524
-124.105646,40.504904
-124.105627,43.720691
-124.105534,40.956226
-124.105516,40.556867
-124.105394,40.814023
-124.10537,43.9597
-124.105353,43.937189
-124.105306,41.03782
-124.105164,43.703548
-124.105093,40.961745
-124.105082,40.961064
-124.104892,40.483628
-124.104668,43.958855
-124.104638,40.78582
-124.104629,40.889612
-124.104596,40.9334
-124.104584,40.934164
-124.104547,44.315798
-124.1045,43.70356
-124.104398,41.830405
-124.104345,43.956126
-124.104324,43.954962
-124.104306,43.954365
-124.104238,43.951672
-124.104225,43.7031
-124.104142,43.944218
-124.104133,43.944873
-124.103998,40.550041
-124.103957,41.828982
-124.103935,44.317463
-124.103928,44.077076
-124.103856,43.973689
-124.103766,40.158036
-124.103405,40.493185
-124.103346,43.974385
-124.103324,41.176432
-124.103198,41.167405
-124.103143,43.974663
-124.103134,41.826846
-124.103065,41.606724
-124.10303,40.481076
-124.102953,40.776854
-124.102737,40.943158
-124.102691,40.948296
-124.102501,43.975117
-124.102386,41.174473
-124.10236100000002,40.504234
-124.102339,43.707271
-124.102211,40.47757
-124.102157,41.173135
-124.102005,40.942149
-124.101965,43.974701
-124.10196,40.484158
-124.101903,40.981535
-124.101655,44.014315
-124.101597,40.932814
-124.101582,44.006467
-124.101578,44.005595
-124.101565,44.019485
-124.10156200000002,40.49321
-124.10156200000002,40.815983
-124.10156200000002,40.92226
-124.10156200000002,41.605001
-124.10156200000002,43.033656
-124.10156200000002,43.719119
-124.101515,44.000296
-124.101471,43.997778
-124.101459,40.954182
-124.101444,44.020575
-124.101413,43.994718
-124.101383,43.993253
-124.101379,40.478383
-124.101376,43.992629
-124.101367,43.990098
-124.101364,42.950092
-124.101357,46.836842
-124.101347,43.989298
-124.101324,43.98765
-124.101287,43.985692
-124.101282,43.982472
-124.101282,43.985022
-124.101272,43.977809
-124.10127,40.870994
-124.101269,43.981608
-124.101242,44.073777
-124.10121399999998,41.8286
-124.101199,44.02262800000001
-124.10117,40.503205
-124.101156,40.876229
-124.101135,40.492691
-124.101123,44.070893
-124.10105,40.979776
-124.101012,41.604579
-124.100983,40.943161
-124.100954,40.943154
-124.100952,40.939522
-124.100949,40.947643
-124.100949,40.954182
-124.100942,40.948298
-124.100941,40.94213900000001
-124.100941,40.947804
-124.100939,40.938536
-124.100938,40.948615
-124.100935,40.939241
-124.100935,40.939533
-124.100932,40.941644
-124.100929,40.932811
-124.100921,40.950587
-124.100918,40.936801
-124.100912,40.936067
-124.10091,40.503224
-124.100906,40.9328
-124.100892,40.934723
-124.10088799999998,44.325161
-124.100884,40.934196
-124.100882,40.934119
-124.100874,40.954182
-124.100873,40.954269
-124.100872,40.933612
-124.100861,40.9562
-124.100845,41.595916
-124.100841,40.930967
-124.100834,40.956243
-124.100828,40.54848
-124.100827,40.957146
-124.100815,40.958068
-124.100806,40.928416
-124.100804,40.926917
-124.100802,41.604395
-124.10076200000002,40.961787
-124.100754,40.925937
-124.100739,40.96347
-124.100728,40.963479
-124.100721,40.964001
-124.100705,40.482487
-124.100669,40.484942
-124.100532,40.99808
-124.100524,40.881124
-124.100517,40.999839
-124.10051,40.992635
-124.100365,40.926914
-124.10034,40.548375
-124.10033,48.065682
-124.100275,44.031064
-124.100237,41.595232
-124.100212,43.997785
-124.100082,41.603271
-124.100066,41.60325200000001
-124.10004973352385,41.60326123217772
-124.100049,41.603261
-124.099955,41.602685
-124.099926,41.774232
-124.099799,40.480739
-124.099771,40.979753
-124.099712,44.036086
-124.09964,40.963463
-124.099542,40.548204
-124.099442,46.858898
-124.099369,42.939659000000006
-124.099284,44.039847
-124.099222,40.936067
-124.099215,40.935016
-124.099205,44.308699
-124.099129,44.32972
-124.099106,44.041483
-124.099083,44.32983
-124.09906,40.500801
-124.098988,40.875766
-124.098951,40.93953
-124.098902,40.86738
-124.098894,43.714299
-124.098791,44.060021
-124.098729,44.330665
-124.098642,40.92277
-124.09861,40.487782
-124.098561,40.983385
-124.098472,40.4965
-124.098463,43.702011
-124.098415,40.896006
-124.098363,40.88053
-124.09831,41.593999
-124.098252,44.049452
-124.098211,44.064301
-124.09816145837736,40.92075705508745
-124.09816,44.050073
-124.098114,40.496162
-124.098091,40.920719
-124.098045,40.490067
-124.098022,40.920855
-124.097991,44.33291
-124.09792542398404,40.49098134021525
-124.097891,40.491495
-124.097757,40.490912
-124.097755,40.922203
-124.097485,40.547626
-124.09742,43.974372
-124.097359,40.547626
-124.097318,41.267053
-124.097197,40.867139
-124.097054,41.592532
-124.097051,40.547658
-124.09701499999998,40.945235
-124.097013,40.935996
-124.096845,40.920332
-124.096831082706,40.920327901645095
-124.096809,41.268082
-124.096712,40.547578
-124.096616,40.552088
-124.09659,40.552151
-124.096255,41.25822
-124.096242,40.935973
-124.096231,40.921134
-124.09621,41.259468
-124.096166,40.908706
-124.09602,40.923432
-124.095879,40.54737100000001
-124.095879,40.547382
-124.095864,40.974979
-124.095848,40.97797
-124.095796,42.948479
-124.095794,40.896699
-124.095744,40.897353
-124.095677,43.702717
-124.095655,44.34372000000001
-124.095597,40.919404
-124.095516,40.983339
-124.095508,40.88494
-124.095454,41.25836500000001
-124.095436,41.258372
-124.095402,40.935948
-124.095348,40.920174
-124.095291,40.885589
-124.095277,40.919342
-124.095254,40.783597
-124.095232,44.345706
-124.095059,46.858876
-124.094915,40.819403
-124.094894,40.91888400000001
-124.09468531549408,43.382831811698026
-124.09468400000002,43.382842
-124.094649,40.919353
-124.094549,40.467245
-124.094463,40.938329
-124.09427,40.935914
-124.094254,40.935909
-124.0942347043796,40.91792464236775
-124.094004,40.944433
-124.093996,40.94531
-124.093977,40.94717
-124.093885,40.934586
-124.093825,40.9359
-124.093734,40.820023
-124.093719,43.702662
-124.0936982625766,43.7026584146323
-124.093664,44.356347
-124.093399,40.820492
-124.09335493982272,40.916937589450285
-124.093342,40.948943
-124.093283,40.916769
-124.093268,40.820604
-124.09326,40.820267
-124.093218,41.223274
-124.09320473611788,41.22326731662167
-124.093192,44.355079
-124.092807,40.916014
-124.092748,40.546653000000006
-124.09254,44.358127
-124.092537,44.358158
-124.092522,40.550657
-124.092522,40.819458
-124.092516,40.781435
-124.092501,40.464741
-124.092422,40.938682
-124.092363,43.97593
-124.092358,44.358987
-124.092097,40.82085
-124.092022,40.899272
-124.09201000000002,40.546479
-124.091863,40.89805
-124.091413,40.900873
-124.091361,40.908721
-124.091322,40.935828
-124.091246,41.28347
-124.091179,41.224239
-124.091173,41.224267
-124.091103,40.81654
-124.091042,40.816502
-124.090973,43.027428
-124.090868,40.903292
-124.090825,40.903326
-124.090782,44.366235
-124.090673,40.903424
-124.090057,40.880569
-124.089707,44.371191
-124.089587,40.816142
-124.089532,47.056112
-124.089335,43.976484
-124.08933,44.372942
-124.089314,41.252718
-124.0892994397922,41.25270724276899
-124.089299,41.252707
-124.089279,41.252701
-124.089189,40.816547
-124.08887028634982,40.908225774569935
-124.08887,40.908225
-124.088769,40.934268
-124.088754,41.225441
-124.088699,40.908241
-124.08866100000002,44.376008
-124.088566,44.386814
-124.08836,40.907586
-124.08835530221896,40.907582044406375
-124.088348,40.907555
-124.088304,40.934243
-124.088298,44.38760300000001
-124.088127,44.378481
-124.088106,44.388177
-124.088043,41.246552
-124.08802,44.381079
-124.087894,40.799451
-124.087883,40.805195
-124.087869,40.801699
-124.08786,40.940529
-124.087858,40.803768
-124.08773899999998,41.24516
-124.087722,40.934228
-124.08758282602268,41.22599244098078
-124.087582,41.225992
-124.08743262231783,40.9179890153841
-124.087327,43.701219
-124.087282418613,44.39041972139172
-124.08728,44.390425
-124.087242,40.792969
-124.087194,40.904944
-124.087178,43.024855
-124.087128,40.903381
-124.087052,40.926987
-124.086914,41.584166
-124.086772,40.809207
-124.08655285776096,41.584078073303296
-124.086455,40.864729
-124.086373,41.814793
-124.086309,40.81083
-124.086251,44.394247
-124.086207,40.8099
-124.086095,40.937961
-124.085895,44.399928
-124.085782,43.700858
-124.085744,40.927008
-124.085726,40.784562
-124.085693,40.901848
-124.085681,43.023855
-124.08567309320408,40.90180993060636
-124.085673,40.901809
-124.08567,40.901816
-124.085586,40.917915
-124.085575,40.940547
-124.08553700000002,40.9234
-124.085425,40.785101
-124.085415,44.403949
-124.085411,40.78518
-124.085357,40.785495
-124.08531200000002,40.785511
-124.085224,40.810856
-124.085111,41.008286
-124.085098,40.901054
-124.08509373605688,40.901058912082185
-124.08507227838476,40.90505003909632
-124.085052,40.901058
-124.084998,40.78546
-124.084782,44.407306
-124.084778,46.858853
-124.084747,41.583662
-124.08461,44.408244
-124.084589,44.408398
-124.08449,41.807879
-124.084341,41.798665
-124.084301,40.81194
-124.08428700000002,40.785366
-124.08403,44.411412
-124.084018,41.798086
-124.083983,40.827407
-124.083973,40.827112
-124.083929,40.898737
-124.083825,40.827358
-124.0837848180576,40.898441076083664
-124.08374,40.934223
-124.083698,40.827553
-124.083689,40.812667
-124.083677529697,40.82754492740237
-124.083642,40.851934
-124.083596,40.897695
-124.083584,40.730494
-124.08348441064794,40.89601635913422
-124.083458,41.797498
-124.083421,40.934214
-124.08326,40.867809
-124.083256,40.938794
-124.083234,40.86777100000001
-124.08322691858253,40.86777806262556
-124.083213,40.897287
-124.083204,44.493642
-124.083167,40.785095
-124.08316254556615,40.785101651950896
-124.083119,40.86999
-124.083107,44.495258
-124.083079,44.495361
-124.08305,40.867767
-124.08298899999998,40.904997
-124.082973,40.896382
-124.082915,44.488137
-124.082868,40.869932
-124.08286499999998,40.866521
-124.082807,40.787481
-124.082802,40.86253
-124.082748,40.877739
-124.082703,44.497162
-124.082697,40.542496
-124.082674,40.86264600000001
-124.0826261,40.87812066
-124.082558,40.876364
-124.082512,40.81398
-124.08249,40.857955
-124.08247590005834,40.85795044879504
-124.08247590005834,40.895823240085136
-124.0824759,40.89582324
-124.08239,40.89698
-124.082372,40.87807700000001
-124.082357,43.97655200000001
-124.08231,40.936429
-124.08228278100928,40.857671499057496
-124.08227,40.814263
-124.082223,40.873957
-124.082192,40.834996
-124.08217,40.831117
-124.082169,40.873917
-124.08215403497655,40.85346579532216
-124.082153,40.853462
-124.082108,40.843122
-124.082083,40.83150300000001
-124.082069,44.499111
-124.082034,40.894564
-124.082025,40.894557
-124.082016,43.024907
-124.082006,40.54417700000001
-124.081992,40.853485
-124.081984,41.806329
-124.081951,40.89475
-124.081918,40.880315
-124.081917,40.834717
-124.081909,40.862492
-124.081898,40.862565
-124.081855,40.83374600000001
-124.081841,44.499798
-124.08181071222263,40.83499073962767
-124.08181,40.83499000000001
-124.081697,40.849501
-124.081618,44.415336
-124.081558,40.933749
-124.081531,40.925165
-124.081444,41.582539
-124.081376,44.501756
-124.08134,41.805661
-124.08133864343608,41.8056714532766
-124.081338,41.805671
-124.081323,44.483702
-124.081309,44.415617
-124.081184,41.805447
-124.081135,41.582364
-124.081131,40.882744
-124.081092,40.882781
-124.0810811513706,40.882776975436784
-124.081034,44.482926
-124.08099,41.805805
-124.080946,44.503812
-124.080853,44.504252
-124.08068,41.286588
-124.080615,43.031068
-124.080534,40.891951
-124.080503,40.787908
-124.08045,44.506171
-124.080449,44.481319
-124.080416,40.891307
-124.08030868,40.88432193
-124.080271,41.807543
-124.080232,40.923125
-124.080183,40.886328000000006
-124.080094,44.48030900000001
-124.080069,44.48023900000001
-124.07993,44.508695
-124.079862,40.886653
-124.079847,40.886776
-124.079833,44.471426
-124.079819,44.47279
-124.079804,44.472794
-124.079743,44.470439
-124.079695,40.91603900000001
-124.079679,44.470024
-124.079564,44.475706
-124.079482,40.860716
-124.079443,44.510232
-124.079303,40.919748
-124.079236,40.861896
-124.079222,40.543531
-124.079024,40.917525
-124.078918,41.810242
-124.078766,41.285581
-124.078697,41.580826
-124.07867789209328,41.5808165071412
-124.078549,44.466344
-124.077899,40.866008
-124.077732,40.53120300000001
-124.077528,40.041185
-124.077364,44.419097
-124.076716,43.034179
-124.076702,42.899475
-124.076697,40.826087
-124.07663941324196,41.85624718646119
-124.076277,44.517333
-124.076229,44.517441
-124.076066,44.459578
-124.075971,40.542903
-124.075801,41.284775
-124.075783,40.829924
-124.075647,43.976704
-124.075614,44.45835
-124.075425,43.697693
-124.07513737619364,44.43764805772573
-124.075137,44.437648
-124.075073,40.90189576
-124.075052,44.438629
-124.075016,41.53592800000001
-124.075011,41.547674
-124.075009,44.526564
-124.07497,44.437931
-124.074902,40.901798
-124.074901,40.901788
-124.074851,44.440133
-124.0747,44.441542
-124.074697,43.697248
-124.074575,40.902994
-124.074569,44.533973
-124.074547,40.542622
-124.074463,44.534816
-124.074445,40.542643
-124.074375,40.711346
-124.074337,44.444185
-124.07407,40.901492
-124.074019,44.44705
-124.07386499999998,44.45357
-124.07383,44.448599
-124.073789,44.540916
-124.073621,44.452392
-124.073425,44.543502
-124.073366,41.576026
-124.073202,44.519363
-124.073039,41.29708
-124.07301306665386,40.90629458407923
-124.073013,40.906294
-124.072968,44.781769
-124.072952,44.781769
-124.072906,40.834999
-124.072894,40.83459000000001
-124.0728,41.575019
-124.07277703226056,40.907431840701534
-124.072761,40.024698
-124.072647,44.548611
-124.072617,44.548672
-124.072397,41.793001
-124.072259,40.913014
-124.072184,44.783986
-124.072179,40.538791
-124.071878,44.553745
-124.071697,40.458798
-124.071637,44.555161
-124.071602,41.572911
-124.071595,40.024115
-124.071475,44.778779
-124.071373,40.787813
-124.071324,44.775611
-124.071203,40.555244
-124.071158,40.787984
-124.07115,44.773064
-124.07108,44.55778
-124.070957,44.432422
-124.070855,44.786118
-124.070766,40.957031
-124.070704,40.963194
-124.070652,44.779039
-124.070541,41.792692
-124.070501,44.778767
-124.070336,44.786417
-124.070335,41.294799
-124.070331,44.522349
-124.070323,44.778294
-124.070022,44.561872
-124.07001499999998,43.693994
-124.070004,44.521038
-124.069977,44.52145
-124.069898,41.801787
-124.069639,43.693726
-124.069637,40.908438
-124.06946,44.563951
-124.069242,40.908544
-124.069082,41.792475
-124.068958,40.965485
-124.068844,40.537544
-124.06843,41.792391
-124.068425,41.792003
-124.068383,43.037185
-124.068239,41.791726
-124.068096,41.566592
-124.068021,40.764376
-124.067979,40.457672
-124.067934,40.023629
-124.067764,41.792289
-124.067534,41.791976
-124.067527,41.792201
-124.067451,40.024738
-124.067406,44.426018
-124.067303,44.427
-124.067253,44.426991
-124.067006,41.792122
-124.06685,44.787262
-124.066766,40.029206
-124.06657576501814,43.69197249391703
-124.066575,43.691972
-124.066487,40.765394
-124.066335,41.28464
-124.066218,43.977022
-124.066123,44.57538
-124.066099,44.575375
-124.065808,40.868676
-124.065752,44.826202
-124.065697,44.57915300000001
-124.06561299999998,40.866467
-124.065605,44.789909
-124.065583,44.7899
-124.065575,40.910328
-124.065558,43.039536
-124.065548,44.79051
-124.065492,44.791289
-124.065381,40.037793
-124.06538,44.793048
-124.065372,40.970121
-124.065322,44.793995
-124.065318,40.841141
-124.06521200000002,44.795608
-124.06517,40.029177
-124.065049,40.537494
-124.064941,40.841416
-124.064802,44.797512
-124.064606,44.797911
-124.064533,40.454556
-124.064327,44.58576400000001
-124.064232,44.59082
-124.0642,44.590862
-124.064055,40.03471500000001
-124.06369,41.791531
-124.063683,43.403984
-124.063646,44.687475
-124.063623,44.819558
-124.06361460626572,44.68848824479728
-124.063613,44.688486
-124.063487,44.79992
-124.063474,44.828531
-124.063469,40.150999
-124.06346,44.69001
-124.06342,44.684262
-124.063307,44.818619
-124.063141,44.800548
-124.063118,44.76091
-124.06309962213486,43.40437531450556
-124.062996,40.870007
-124.062978,44.682076
-124.06296100000002,44.76184600000001
-124.062917,44.76201500000001
-124.062834,43.977795
-124.062798,44.762744
-124.062777,44.762731
-124.06275629938096,44.80124831178283
-124.062735,41.284608
-124.06273484170885,44.76017832734699
-124.062734,44.760178
-124.06268,44.816672
-124.06263,41.561512
-124.062607,44.680801
-124.062588,44.69464
-124.062552,44.69484
-124.062468,40.032522
-124.06244,40.847658
-124.062421,44.695565
-124.062381,44.81273
-124.062377,44.812548
-124.062309,44.811681
-124.06221,40.91404
-124.062197,40.91022
-124.062162,44.679571
-124.062141,43.978004
-124.062072,40.040545
-124.062072,44.697707
-124.061674,41.011507
-124.061518,44.807985
-124.061512,41.560472
-124.061389,41.286164
-124.061377,44.701041
-124.061252,44.803937
-124.061249,44.677409
-124.061184,44.70203400000001
-124.06108799999998,41.795681
-124.061073,44.804403
-124.061066,40.870112
-124.06103968561143,44.70280051210068
-124.061015,43.690282
-124.060967,44.80484600000001
-124.060677,41.28572
-124.060501,44.625783
-124.060438,41.791187
-124.06037449777573,40.910285711093366
-124.060374,41.559401
-124.060322,46.864626
-124.060215,41.287443
-124.059967,44.631281
-124.059935,43.978723
-124.059861,44.709244
-124.059834,41.286426
-124.05976,41.791288
-124.059739,44.828935
-124.059721,44.709545
-124.059668,44.597877
-124.059555,40.911908
-124.059455,44.62481500000001
-124.059408,41.286869
-124.059402,41.286869
-124.059303,41.287021
-124.059131,43.40626
-124.059128,40.537291
-124.05902,41.790018
-124.059001,41.558095
-124.058973,43.979155
-124.058968,44.672023
-124.058957,41.791613
-124.058914,44.631963
-124.058906,44.754852
-124.058764,41.795046
-124.058699,44.754738
-124.058688,40.969412
-124.058599,40.869282
-124.058571,41.28965
-124.05848,41.289948
-124.058467,44.623967
-124.058377,41.792482
-124.058371,44.718518
-124.058217,44.714965
-124.058175,40.910158
-124.058043,40.91000800000001
-124.058021,40.857256
-124.057865,44.632564
-124.057787,44.726397
-124.05777811944937,44.7263824937595
-124.057656,41.291239
-124.057655,44.727295
-124.057459,44.623129
-124.057445,41.553458
-124.0573,41.291757
-124.05728899999998,44.601516
-124.057277,44.728874
-124.05722,44.729537
-124.057038,40.533967
-124.057,44.731742
-124.056972,44.430951
-124.056946,44.753925
-124.056944,41.292298
-124.056673,44.831237
-124.056666,41.286342
-124.056488,44.753716
-124.056466,40.037361
-124.056302,40.454032
-124.056217,44.739189
-124.056162,41.293474
-124.05612587869616,40.90893387774987
-124.056057,44.665056
-124.056049,40.454164
-124.055775,44.741713
-124.055591,44.74220800000001
-124.055551,41.554074
-124.055508,41.554668
-124.055506,44.633828
-124.055505,41.795659
-124.05533,44.604419
-124.055257,44.833197
-124.05524,41.554154
-124.055098,46.32476
-124.054936,40.906342
-124.054925,44.743376
-124.054897,41.801867
-124.054808,44.833811
-124.054788,46.334392
-124.054787,46.334389
-124.054735,44.752906
-124.05468,40.84851
-124.05467,43.691324
-124.054667,40.454014
-124.05466676,40.90953469
-124.054313,43.417968
-124.054279,44.606083
-124.054174,41.802232
-124.05417323053337,41.80223822573756
-124.054173,41.802238
-124.053969,44.66017100000001
-124.053917,44.634748
-124.053644,43.981686
-124.053569,44.619715
-124.05351,41.801549
-124.05338,41.554558
-124.053249,44.657408
-124.053201,44.836042
-124.053112,44.60788
-124.053104,44.636566
-124.053087,44.836201
-124.053082,44.640991
-124.053082,44.641929
-124.05308,44.641131
-124.053078,44.641843
-124.053075,44.642624
-124.053055,44.655752
-124.053026,44.655209
-124.053025,44.654509
-124.052895,44.636299
-124.052875,41.919081
-124.05286431253408,41.91907525042572
-124.052562,40.90947
-124.052384,43.692113
-124.052341,44.618596
-124.052096,41.546818
-124.051931,41.546273
-124.051683,43.039822
-124.051496,44.642585
-124.051347,44.748801
-124.05134081781362,44.7488057611239
-124.05134,44.748805
-124.051088,44.617228
-124.050951,40.454303
-124.050949,46.479622
-124.050822,44.636306
-124.050811,41.542835
-124.050797,41.29977
-124.05063,40.32511
-124.050585,44.611872
-124.050518,44.616186
-124.050217,44.614638
-124.050141,43.982753
-124.04991499999998,44.8407
-124.049887,41.809001
-124.049707,43.693462
-124.049456,44.63631
-124.049389,44.841472
-124.049267,44.841448
-124.049109,41.488729
-124.049075,41.301173
-124.049026,40.030863
-124.04885,44.842245
-124.048783,44.842351
-124.048753,40.042675
-124.048719,40.909427
-124.048584,40.847108
-124.048502,40.847838
-124.0485,40.754918
-124.047783,41.30173900000001
-124.047776,41.301747
-124.047668,40.032123
-124.047476,41.301566
-124.046799,44.425281
-124.046784,40.901193
-124.0457832807348,40.32509207706296
-124.045724,40.451931
-124.04568700000002,40.897404
-124.045677,44.636312
-124.045591,43.037763
-124.045379,41.302755
-124.04531,41.308593
-124.045234,41.306629
-124.044929,40.896506
-124.044914,41.811331
-124.044884,46.891964
-124.044875,40.040921
-124.044747,40.799147
-124.04467,43.985299
-124.044433,41.81377
-124.044328,41.312828
-124.044238,41.304085
-124.044142,44.85025
-124.044021,40.893818
-124.043815,40.903375
-124.043609,40.451627
-124.043581,40.450642
-124.043569,44.636294
-124.042744,44.852392
-124.04273629129383,43.41688513735095
-124.042719,44.636276
-124.042391,40.89386
-124.042259,40.907057
-124.042246,41.471394
-124.042242,40.907045
-124.041856,40.967902
-124.04178600000002,43.986729
-124.041766,43.986739
-124.041753,41.531309
-124.041589,44.636252
-124.041497,41.531059
-124.04143,43.036201
-124.041371,40.83137
-124.041345,41.315984
-124.041244,41.469869
-124.040997,41.530568
-124.040808,41.469204
-124.040554,44.418218
-124.040543,43.987354
-124.0403759473608,40.90691685657069
-124.039839,41.467732
-124.03968,40.890167
-124.039607,44.420085
-124.039603,40.443581
-124.03917,41.32123
-124.0390026563452,43.98810982683187
-124.039,43.988118
-124.038971,43.98814
-124.038967,40.858969
-124.038821,41.322126
-124.03825,40.530186
-124.03807997644404,47.04569935776212
-124.03741,40.905961
-124.037282,40.827138
-124.03726458490354,41.464430093567536
-124.037264,41.46443
-124.037239,40.906883
-124.036854,41.526465
-124.03683543146116,41.52646422366368
-124.036697,41.820499
-124.03668799999998,40.528979
-124.036434,41.835937
-124.036392,40.33255
-124.036366,41.463428
-124.036308,41.463431
-124.036305,40.970133
-124.036224,41.46318400000001
-124.036176,41.525857
-124.036148,40.906864
-124.036085,44.415949
-124.036066,43.036004
-124.036021,41.462978
-124.035948,40.968287
-124.035934,40.966307
-124.035915,40.967863
-124.035547971134,40.44025540332584
-124.035292,44.868624
-124.035224,40.966304
-124.034474,44.871567
-124.034212,41.460712
-124.034171,44.872666
-124.033823,40.03579000000001
-124.033645,41.830299
-124.033621,40.95807
-124.033398,44.875417
-124.033384,40.953273
-124.03333783090577,40.90693831424281
-124.033142,40.906857
-124.033142,40.906872
-124.03308,41.52126
-124.033076,41.521382
-124.03296,41.339296
-124.03274,41.523001
-124.03271555841428,41.523009538452506
-124.032711,44.636009
-124.0327,44.636009
-124.032536,41.826157
-124.032517,40.038732
-124.032449,40.528475
-124.032333,44.879026
-124.032299,40.950744
-124.032261,40.038702
-124.032229,41.519993
-124.032187,40.906507
-124.03207182825072,40.44027686099796
-124.032047,40.439849
-124.03202891290648,40.43946146945744
-124.032013,40.440063
-124.031738,43.424819
-124.031725,40.331088
-124.03159975946411,41.507774591248
-124.03151,44.880924
-124.03149247110352,43.69637131670143
-124.031342,41.507999
-124.031277,41.518438
-124.031135,40.525607
-124.031132,41.32749
-124.030727,41.332682
-124.030563,40.440022
-124.030563,41.3279
-124.030481,40.03755
-124.02986168802246,41.50964140872235
-124.029793,41.50988
-124.029545,40.90287
-124.029399,41.346263
-124.029142,44.884749
-124.02906000000002,44.884858
-124.0290033811377,40.439933538244055
-124.02889,40.902537
-124.028606,40.81675
-124.028591,40.90218
-124.028269,43.42078400000001
-124.02825236261354,43.420790433676615
-124.028252,43.42079
-124.028108,41.347832
-124.027996,40.795107
-124.027894,44.634529
-124.027574,44.886619
-124.027039,40.522594
-124.026957,41.349319
-124.026957,44.887252
-124.026925,40.333608
-124.026848,40.847354
-124.02678600000002,41.348854
-124.026764,41.3489
-124.026557,40.344086
-124.0262997144507,41.839209794798656
-124.026299,41.839209
-124.02624099999998,40.440389
-124.025799,40.036099
-124.025742,40.908413
-124.025477,47.031185
-124.025288,40.906382
-124.024697,40.840436
-124.024492,40.89329
-124.02443999999998,44.889589
-124.024392,40.03270300000001
-124.024297,40.910158
-124.024264,40.519874
-124.023999,40.910682
-124.023945,41.839407
-124.023657,40.900612
-124.02356100000002,41.35087
-124.0235531324195,41.35087609271359
-124.023553,41.350876
-124.023547,40.89979500000001
-124.02351000000002,40.883102
-124.02343,44.413061
-124.023111,40.912392
-124.02308700000002,41.351262
-124.0230381482886,40.89962124805021
-124.0229,43.996905
-124.022724,43.431809
-124.022563,41.84122
-124.022469,40.835995
-124.022453,41.841914
-124.022338,40.518449
-124.022222,41.446913
-124.021849,44.413002
-124.021476,40.517597
-124.021407,41.433082
-124.021153,41.43297000000001
-124.021152,40.046318
-124.02063,44.634345
-124.02052760065072,41.352571248811
-124.020357,40.925596
-124.020203,40.934876
-124.020058,40.442277
-124.019594,40.515786
-124.019059,44.634312
-124.019048,44.892951
-124.01904702127447,44.63430762269672
-124.018744,40.897021
-124.018735,40.931534
-124.01872516,40.89702487
-124.018697,40.04938
-124.018629,40.931172
-124.018093,40.896846
-124.017845,44.965574
-124.017705,44.966214
-124.017434,43.431398
-124.017203,44.893404
-124.017192,40.513203
-124.017128,40.513271
-124.016894,43.695899
-124.016884,44.967091
-124.016343,43.026215
-124.016122,44.893662
-124.016084,43.44022
-124.016078,44.9677
-124.015977,40.512621
-124.015792,41.843345
-124.015669,44.968194
-124.015453,41.77244500000001
-124.015415,44.413335
-124.015321,40.514349
-124.015318,41.52365800000001
-124.014679,44.889495
-124.01446599999998,44.960612
-124.01441,44.413349
-124.014408,44.92805300000001
-124.014236,44.92794
-124.014205,44.928004
-124.014165,44.894098
-124.013971,40.79779600000001
-124.013911,44.925816
-124.013896,44.959468
-124.013878,40.44611
-124.013783,44.956048
-124.013757,44.926545
-124.013727,44.958957
-124.013671,40.89432
-124.013512,44.919866
-124.01297,47.017368
-124.01288999999998,44.002964
-124.01281000000002,40.893857
-124.012567,44.633039
-124.012483,44.920033
-124.01238899999998,40.831518
-124.012032,44.003474
-124.012031,44.976462
-124.01183,41.842475
-124.011751,40.784225
-124.011642,44.920493
-124.011581,41.42804
-124.01149392068857,44.00379538515089
-124.011448,41.842423
-124.011368,40.900485
-124.011235,44.003964
-124.01104,44.004089
-124.011,44.004117
-124.010406,44.979236
-124.010322,41.427794
-124.010285,41.427698
-124.010262,44.979318
-124.010162,44.979636
-124.00984,41.842221
-124.00902,44.632844
-124.00898,44.632907
-124.008591,40.35307
-124.00810360849376,41.842771768370426
-124.007891,41.842861
-124.00756,43.021602
-124.007509,44.916974
-124.00737404764172,44.90177750566053
-124.007371,44.901783
-124.007217,44.90177
-124.006907,44.413003
-124.006831,44.904452
-124.006375,44.6314
-124.00631,44.63144000000001
-124.006203,43.020822
-124.00610804498668,44.90737795808359
-124.005775,44.412919
-124.005579,44.987662
-124.005491,44.988566
-124.005435,44.910602
-124.005278,44.914681
-124.005007,44.912687
-124.004956,40.509879
-124.004922,43.694988
-124.0049,44.412847
-124.004498,40.89465
-124.004327,40.446114
-124.003929,44.629843
-124.003435,43.439769
-124.00295376718522,44.9966633317709
-124.0029,40.44613
-124.002654,40.756793
-124.002458,43.018763
-124.001889,40.776549
-124.001386,44.629607
-124.001294,40.758419
-124.000831,44.412444
-124.000732,40.888443
-124.00066,44.629748
-123.99994,40.891002
-123.999738,40.510832
-123.99962,40.017369
-123.999509,41.415863
-123.999118,40.351075
-123.99909138620376,43.69330286958839
-123.999091,43.693302
-123.998853,41.359145
-123.998384,43.693143
-123.99771,41.41770800000001
-123.997555,40.764244
-123.997488,40.138667
-123.997285,41.522073
-123.996757,43.018964
-123.996756,44.997709
-123.996733,41.405186
-123.996291,40.88535200000001
-123.996226,41.513542
-123.995876,40.885643
-123.995667,44.997996
-123.99563899999998,40.864258
-123.995491,41.514359000000006
-123.995354,40.898394
-123.995296,40.886364
-123.995266,44.63119
-123.99523,40.882295
-123.995023,41.381494
-123.994549,40.054888
-123.99408400000002,44.014168
-123.993454,40.88736
-123.993328,41.512098
-123.993124,41.842313
-123.993122,40.446086
-123.992437,44.88991
-123.992246,41.842413
-123.99198889673237,40.43570637683661
-123.991988,40.435706
-123.991905,40.87857800000001
-123.991894,41.840954
-123.991715,41.519252
-123.991443,44.889081
-123.990948,40.502286
-123.99083018243792,40.435620546148144
-123.990758,40.887075
-123.990681,40.885765
-123.99046,43.018067
-123.990458,44.999693
-123.99018999999998,44.63058
-123.990124,40.887107
-123.990059,40.887071
-123.989967,41.511607
-123.989676,40.885686
-123.989391,40.054425
-123.988497,40.509508
-123.98838,44.629479
-123.98836255,40.43461204
-123.98826499999998,45.000643
-123.987509,44.628932
-123.98750424325952,44.62892174699483
-123.987389,46.989685
-123.9869463437844,41.253930330079776
-123.986533,43.69145
-123.986517190342,43.69145750978617
-123.986517,43.691457
-123.98646399999998,40.498794
-123.986352,44.628204
-123.985992,40.433143
-123.98598074853903,40.43313145618232
-123.98598,40.433131
-123.985973,41.51152
-123.985904,40.43325
-123.98548999999998,46.989629
-123.98521399999998,46.989627
-123.98520827234276,46.98963046051507
-123.984905,44.411483
-123.984871,40.802442
-123.98483799999998,41.844154
-123.984448,40.429928
-123.984267,40.800987
-123.983747,44.017695
-123.983118,43.691222
-123.983078,41.510379
-123.982657,40.887635
-123.982458,45.005109
-123.982334,45.005146
-123.982276,43.015694
-123.98203,41.845033
-123.981808,45.101968
-123.98147,40.420001
-123.980905,44.845304
-123.980213,43.016146
-123.979878,45.006234
-123.97979,40.887875
-123.979631,40.877479
-123.979149,40.87736
-123.979101,43.016662
-123.979046,45.10516
-123.978839,45.01282
-123.978378,43.690877
-123.978174,45.011072
-123.978161,45.106035
-123.97786974847808,45.00958085038657
-123.977846,40.874316
-123.976968,41.845416
-123.976667,45.015152
-123.976639,45.015365
-123.976281,44.411598
-123.976235,40.87261
-123.97587418497096,45.0196444986104
-123.975816,44.882061
-123.975733,44.625064
-123.975434,40.057503
-123.975316,44.85314
-123.97469401300442,45.01917242982377
-123.974653,40.499848
-123.974442,40.499748
-123.974435,41.845381
-123.974294,45.020173
-123.97413611352933,40.49975752811194
-123.973914,46.987831
-123.973897,45.020853
-123.973579,45.018906
-123.973301,40.125879
-123.973167,45.02159
-123.972977,44.882109
-123.97288,45.111263
-123.972575,44.85612800000001
-123.97228,40.748532
-123.972232,45.022184
-123.97221299999998,40.431545
-123.97203799999998,45.112085
-123.971947,40.869438
-123.971924,40.748535
-123.971908,40.434956
-123.971555,45.022502
-123.971449,44.836724
-123.971428,45.089935
-123.970927,44.882014
-123.970784,44.813755
-123.9704024785806,45.020331144118224
-123.970277,44.626898
-123.970177,45.089016
-123.970125,40.757047
-123.97003,44.810099
-123.969844,44.810684
-123.969813,40.413905
-123.969475,44.626987
-123.969247,45.128934
-123.96920084894194,45.08835196473557
-123.9692,45.08834
-123.9692,45.088351
-123.969091,44.627031
-123.969059,45.11647
-123.968366,45.019981
-123.968067,44.833143
-123.967835,45.119769
-123.967785,40.416698
-123.967712,44.832802
-123.967653,44.019908
-123.967615,44.832749
-123.967556,40.41731
-123.96744131982818,40.41671633701126
-123.967422,40.884022
-123.966948,45.145874
-123.966946,44.019905
-123.966903,44.85584
-123.966783,45.132819
-123.966551,43.687776
-123.966498,45.797334
-123.966393,46.98716
-123.965567,45.086236
-123.965283,45.796524
-123.965108,44.885816
-123.964592,40.745413
-123.964298,44.8555
-123.96423,45.804376
-123.964098,45.019912
-123.963979,45.804905
-123.963912,43.014098
-123.963833,40.063378
-123.963716,44.823159
-123.963686,44.855423
-123.963536,45.753754
-123.963514,43.014061
-123.96351,45.752739
-123.96321,45.811151
-123.963132,45.451135
-123.962952,40.482688
-123.96286,40.479229
-123.962808,45.451121
-123.962448,40.481449
-123.961983,45.809471
-123.961811,45.809954
-123.961704,43.68628
-123.961665,40.415093
-123.961575,45.811124
-123.961516,45.811739
-123.961377,45.859055
-123.961333,44.629313
-123.96128600000002,43.013659
-123.961121,45.825603
-123.96111299999998,45.825733
-123.96106100000002,45.825961
-123.960956,45.821237
-123.960949,45.083759
-123.96088,46.985435
-123.960832,45.82635
-123.960753,45.791675
-123.960677,47.230853
-123.96065,45.852046
-123.96054,45.83107
-123.960472,45.851346
-123.960423,45.834046
-123.960251,44.807184
-123.96008700000002,45.861453
-123.960014,45.829344
-123.95995259225865,40.884450673862055
-123.95989,45.846699
-123.959817,40.870047
-123.959793,40.060567
-123.959741,44.62928400000001
-123.959597,45.835376
-123.959448,44.019066
-123.95934,41.221855
-123.959162,40.870105
-123.959157,44.805037
-123.959099,45.882668
-123.959053,47.23225
-123.959007,40.476122
-123.95898699701328,40.47611117343676
-123.958851,45.45006
-123.958793,45.865304
-123.958572,40.87013
-123.958567,45.837948
-123.958557,45.881428
-123.958555,45.867445
-123.958477,44.629081
-123.958318,40.762239
-123.95831499999998,45.880956
-123.957972,44.885859
-123.957884,45.888227
-123.957775,45.839926
-123.957709,45.88865300000001
-123.957534,45.889125
-123.957437,45.783251
-123.957078,45.762226
-123.956875,45.891031
-123.956619,44.855887
-123.956174,45.441982
-123.956022,43.684588
-123.955852,44.678503000000006
-123.955785,44.678157
-123.955721,44.801874
-123.955629,45.89453
-123.955353,40.884688
-123.955257,45.78077800000001
-123.955099,46.199255
-123.955094,45.030537
-123.9550817006876,45.03052353837475
-123.955081,45.030523
-123.954976,45.763522
-123.95497441232702,45.7635176179611
-123.95495,44.675763
-123.954624,45.044896
-123.954521,48.07542
-123.954445,40.709906
-123.954437,45.897879
-123.95441651285192,43.01219344118589
-123.95433068216344,44.67419743516599
-123.953934,44.80149
-123.953921,44.678907
-123.953651,46.1983
-123.953369,40.884991
-123.95322,44.672474
-123.953149,44.018674
-123.953049,45.741341
-123.952909,44.656121
-123.952759,47.197312
-123.95256,44.630715
-123.951297,40.094041
-123.951071,40.39985
-123.950961,45.90896400000001
-123.950726,45.909177
-123.95053267,40.39929271
-123.950515,44.689556
-123.95045,44.660905
-123.950416,40.401834
-123.950286,44.85762800000001
-123.950275,47.196362
-123.95026,40.082588
-123.95025372446084,40.39916396121789
-123.950253,40.399163
-123.950175,44.63192700000001
-123.950125,41.838514
-123.950071,45.019411
-123.95006200000002,44.670963
-123.94960999429726,46.98338627792843
-123.948978,40.477251
-123.948971,39.944148
-123.948409,40.399598
-123.9484083646586,45.06569266297786
-123.948408,45.065692
-123.94838690698649,45.01932263352862
-123.94835,44.70019600000001
-123.948233,44.669378
-123.947888,45.58889600000001
-123.947832,45.587948
-123.9477217191508,45.06719470002618
-123.947721,45.067194
-123.947713,45.587164
-123.947709,45.776567
-123.947616,40.39793
-123.947554,45.06761
-123.947553,45.59153
-123.947482,45.019461
-123.947418,44.633591
-123.947374,44.70451
-123.94735,44.634109
-123.94735,44.634182
-123.947338,45.585639
-123.947227,45.739776
-123.947014,45.06916
-123.946841,45.595802
-123.946415,40.886989
-123.946148,40.47612700000001
-123.946134,45.43519000000001
-123.946133851414,40.47611117343676
-123.946108,45.77051
-123.946038,41.836928
-123.945933,44.69519
-123.94588799999998,40.39967
-123.945877,44.695537
-123.945866,45.434629
-123.9455,45.603626
-123.945497,45.580408
-123.945491,44.017164
-123.945106,44.405187
-123.94510388315229,44.40518259980962
-123.945103,44.405182
-123.945058,45.020013
-123.945047,45.606303
-123.94503,40.088638
-123.944806,45.774657
-123.944781,45.575842
-123.94446,45.609712
-123.944451,40.088754
-123.944363,45.574184
-123.944339,45.610422
-123.943982,40.396483
-123.943966,40.396481
-123.943798,44.405095
-123.943752,45.569743
-123.94372,45.613896
-123.943713,44.637506
-123.943522,44.405074
-123.943076,44.885015
-123.942978,46.27048900000001
-123.942909,40.476202
-123.94267,45.624035
-123.942574,40.397163
-123.942573,40.720905
-123.94247,45.570112
-123.942399,45.913886
-123.94235730112102,40.39618134479333
-123.942357,40.396181
-123.942303,40.396278
-123.9420998090556,45.7383692262376
-123.941712,44.015769
-123.941548,45.630999
-123.941459,45.63155
-123.941429,44.638996
-123.941308,41.836277
-123.941277,45.738214
-123.94103,45.634197
-123.940768,47.238518
-123.940642,48.071936
-123.940314,45.638194
-123.940062,44.01546
-123.939104,45.430276
-123.939095,44.63918
-123.93907,44.015357
-123.938891,45.016035
-123.938804,43.679827
-123.938733,40.395783
-123.938705,40.396519
-123.938641,44.400674
-123.938566,40.395768
-123.938051,45.918947
-123.937902,43.679507
-123.937428,40.339026
-123.93663,45.920731
-123.935533,46.923424
-123.935437,45.563401
-123.935301,40.861954
-123.93518799999998,44.397141
-123.93482565820725,45.4296791551331
-123.934731,45.01465200000001
-123.934253,44.709631
-123.934042,45.92214600000001
-123.933891,44.64103
-123.933632,44.885475
-123.933555,45.735003000000006
-123.933394,45.922557
-123.93295884073288,40.343588590429576
-123.93164992273364,45.01361489274496
-123.931649,45.013614
-123.931557,45.560286
-123.931529,45.164587
-123.931456,45.165068
-123.931099,44.642872
-123.930927,39.981323
-123.930903,45.167434
-123.93081399999998,45.167864
-123.930516,45.169291
-123.929996,44.799571
-123.929896,44.711217
-123.929506,40.350939
-123.92942,40.35088
-123.92937541,40.35133481
-123.929375409489,40.35133481006454
-123.92935395181688,40.35109877567125
-123.929321,40.35126500000001
-123.929304,44.883988
-123.929299,44.643727
-123.929201,47.069794
-123.929095,47.476268
-123.92907500207932,47.47626900650274
-123.929063,46.13160900000001
-123.928871,46.13295
-123.928845,46.130555
-123.928836,40.331333
-123.928658,40.35203900000001
-123.928637,40.382431
-123.928634,46.129767
-123.928519,44.643914
-123.928472,45.012573
-123.928456,46.133564
-123.928436,46.129076
-123.92843127191576,46.12907052018104
-123.928431,46.12907
-123.928278,46.128532
-123.928249,45.722892
-123.92822,46.128328
-123.928198,45.92975
-123.92805,41.843315
-123.927744,45.975272
-123.927503,45.97484
-123.927476,41.84362700000001
-123.927343,45.977682
-123.92729,40.331634
-123.927197,46.124886
-123.92718899999998,45.933318
-123.926953,40.715899
-123.926811,46.12384
-123.9267146581462,45.97921013810169
-123.926714,45.97921
-123.926655,45.973413
-123.926533,45.719417
-123.926532,46.122943
-123.926408,45.558981
-123.926379,45.954011
-123.926306962376,45.9543406961157
-123.926303,45.981674
-123.926235,45.954963
-123.926184,45.982197
-123.926153,46.121842
-123.926143,45.177998
-123.926128,45.955738
-123.926026,45.558911
-123.92596100000002,46.121286
-123.925864,40.372267
-123.925858,46.982666
-123.925781,40.318859
-123.925781,40.898369
-123.925781,45.935087
-123.925781,45.959168
-123.925758,40.354761
-123.925682,45.666398
-123.925599,46.120247
-123.925491,46.169548
-123.925473,45.949299
-123.92525553644217,40.35513281802962
-123.924956,46.118401
-123.924833,45.967911
-123.9247834676555,40.37598967532932
-123.924765,45.967675
-123.924654,44.016286
-123.924588,45.558596
-123.924584,46.13845
-123.924553,46.117174
-123.92450451791798,43.02204251268853
-123.924487,46.138571
-123.924452,46.13861
-123.924423,46.116772
-123.924331,43.668103
-123.924301,45.961051
-123.924284,46.165821
-123.924228,45.948273
-123.924169,45.965645
-123.924106,45.965448
-123.924093,45.675272
-123.92408,44.643766
-123.924069,46.165606
-123.924011,45.677036
-123.923996,46.115376
-123.923951,45.961716
-123.923945,45.67786
-123.923933,40.105347
-123.92391200000002,40.355867
-123.92390370309866,40.35586237888165
-123.9239037,40.35586238
-123.923793,45.685578
-123.923742,45.680641
-123.92373,41.179575
-123.923726,45.964156
-123.92369,45.936421
-123.923679,45.985318
-123.923529,45.962562
-123.923253,46.112982
-123.923117,40.763387
-123.923088,46.253651
-123.922946,45.986238
-123.922791,46.11158
-123.92278,47.074181
-123.92269,45.986887
-123.922654,47.033067
-123.922497,47.259232
-123.922241,47.031399
-123.922209,45.988141
-123.922165631657,44.87137198426785
-123.922157,44.880526
-123.922073,44.87138
-123.922058,40.357769
-123.92203688562428,40.35777211170026
-123.921973,45.988771
-123.921957,46.10977000000001
-123.921944,45.719711
-123.921841,46.109032
-123.921768,45.989403
-123.921749,45.719596
-123.921733,46.108246
-123.921567,46.252763
-123.921559,40.324386
-123.92142,45.009433
-123.92132878244438,40.32326817493284
-123.921192,44.01602000000001
-123.921173,40.32106
-123.92104983270686,40.31899809818115
-123.921044,40.323584
-123.92096200000002,40.319174
-123.920943,40.319006
-123.920936,46.143014
-123.920799,40.318226
-123.9204704755596,48.068715333709385
-123.92044901788748,43.66034388521357
-123.920382,46.104833
-123.920329,45.181646
-123.920286,45.688195
-123.92025,45.93782
-123.920248,45.18202
-123.92009,45.182803
-123.920029,45.937897
-123.91985,45.942572
-123.91965508401908,43.019016980919744
-123.919505,43.65909
-123.919448,46.144871
-123.919324,45.941722
-123.91931176,45.94172358
-123.919311,45.941723
-123.919284,45.995865
-123.919189,44.647714
-123.919165,45.996191
-123.919158,46.100769
-123.919077,44.879961
-123.919018,45.996561
-123.918963,45.941061
-123.918926,41.845585
-123.918907,46.101196
-123.91889,41.845502
-123.9188826078228,41.84549689272953
-123.918775,46.100837
-123.918707,44.402674
-123.918569,44.879911
-123.918451,45.18443900000001
-123.918361,46.146251
-123.918262,46.151183
-123.918177,45.718191
-123.918168,45.935827
-123.918033,44.719721
-123.918029,44.720301
-123.917944,44.733806
-123.917847,45.55875
-123.917759,40.103227
-123.917753,45.999932
-123.917697,45.718037
-123.91764,46.000251
-123.917365,46.098348
-123.917359,44.651808
-123.917344,45.184431
-123.917282,44.653339
-123.917204,40.902046
-123.917187,46.093939
-123.917017,46.0742
-123.917004,40.315385
-123.916941,46.072865
-123.916924,46.076302
-123.916897,46.097581
-123.916892,46.076313
-123.916839,46.072061
-123.916809,46.071888
-123.916757,46.09035
-123.9167,46.090076
-123.91662955225028,46.00296378113746
-123.91661,46.070324
-123.916486,45.006307
-123.916443,44.877601
-123.916411,44.758643
-123.916373,46.096617
-123.916371,40.914137
-123.916351,44.759129
-123.91626399999998,40.313811
-123.916233,45.159329
-123.916165,40.905992
-123.916149,46.066472
-123.916135,46.07986500000001
-123.916132,44.656916
-123.916089,46.087228
-123.916078,46.065841
-123.916031,45.559269
-123.915962,44.016088
-123.915935,46.064592
-123.915856,46.063892
-123.915853,40.911305
-123.915632,46.082252
-123.91562104166071,46.0822498796173
-123.91534209192316,45.42787671067511
-123.915342,45.427876
-123.91528999999998,46.058184
-123.915201,44.771853
-123.915122,46.056619
-123.915048,44.752428
-123.914761,44.74700900000001
-123.914723,46.008125
-123.9147,45.934666
-123.914668,46.150842
-123.914478,44.760989
-123.914233,45.15645900000001
-123.9142,44.740175
-123.91415,45.717366
-123.914109,46.050207
-123.91407,46.049759
-123.914065,46.049757
-123.914008,46.049239
-123.913997,45.148391
-123.913994,44.74523
-123.91394,45.148392
-123.913906,46.047931
-123.913756,44.774358
-123.913697,46.045534
-123.913554,40.758837
-123.913448,46.043022
-123.91332,46.040801
-123.913287,46.040423
-123.913209,46.03817100000001
-123.91318400000002,46.248658
-123.913179,46.035793
-123.913177,46.035801
-123.91316100000002,46.035405
-123.913154,46.035259
-123.913134,46.034962
-123.91242384851498,46.1532533166592
-123.91235947549862,46.01019501664157
-123.912232,46.028048
-123.91196200000002,45.146686
-123.911873,46.010471
-123.911868,44.659739
-123.911803,46.010521
-123.911732,43.654512
-123.91171574533504,43.65450739839719
-123.911715,43.654507
-123.911653,46.024222
-123.911555,45.559258
-123.91155,46.023547
-123.91154408395808,46.9328534600881
-123.911409,46.020273
-123.911036,46.011293
-123.910934,45.559369
-123.91092,46.01179000000001
-123.91088899999998,45.93340300000001
-123.909852,45.184915
-123.909813,45.933041
-123.909735,45.933045
-123.90841100000002,44.661362
-123.908383,45.718003
-123.90832543314023,46.24580025650861
-123.907745,40.311172
-123.90768,44.800511
-123.907364,40.310726
-123.907344,46.156306
-123.907099,45.932184
-123.906772,45.718513
-123.906651,46.156699
-123.906307,46.156893
-123.906285,40.104072
-123.90594,48.135896
-123.905896,45.561323
-123.90537,45.687311
-123.905348,46.157436
-123.905273,45.718996
-123.904968,46.153647
-123.904558,46.156316
-123.904415,46.15795900000001
-123.90441,46.157317
-123.904313,40.486755
-123.904216,45.002523
-123.903844,45.545226
-123.903736,45.002527
-123.903505,44.413083
-123.9031970495038,45.687021016856725
-123.902958,46.1588
-123.90278,47.106893
-123.902715,46.159039
-123.90241,44.785971
-123.902303,44.662041
-123.901936,44.412597
-123.901756,46.14562100000001
-123.901752,46.144891
-123.901708,44.786315
-123.901038,46.163163
-123.90087962091492,45.14040827729635
-123.900873,40.305534
-123.900725,45.718281
-123.900625,45.92910300000001
-123.900563,45.718205
-123.900482,45.136745
-123.900233,45.718065
-123.89982,46.144513
-123.899577,44.798153000000006
-123.899531,40.766151
-123.899491,40.639062
-123.899375,40.10828
-123.899247,45.554497
-123.89912009180117,45.55464863755439
-123.89912009180117,45.5546700952265
-123.89911,45.002606
-123.899065,45.717691
-123.898948,40.290287
-123.898754,45.555471
-123.898687,40.485479
-123.89858999999998,40.308315
-123.898216,44.666425
-123.898215,45.717648
-123.898018,44.66729
-123.897572,39.917659
-123.897475,46.16195
-123.897137,40.766009
-123.897135,44.795422
-123.897079,44.669731
-123.896961,44.405846
-123.896777,46.162741
-123.896683,40.827629
-123.896492,46.162579
-123.896489,46.162513
-123.89631599999998,45.00275900000001
-123.89630913675356,45.002757310652726
-123.896309,45.002757
-123.89626622140932,45.43875575043946
-123.896266,45.438755
-123.895982,45.196504
-123.89592,46.162923
-123.895795,45.002822
-123.895687,46.162967
-123.89549374521305,44.02278542497624
-123.895493,44.022785
-123.895379,43.006595
-123.895345,45.002884
-123.895341,45.92263
-123.89528,45.134109
-123.895224,46.163326
-123.895149,45.199224
-123.895139,45.921089
-123.895132,44.405416
-123.894898,40.304474
-123.894713,40.110877
-123.894523,40.201711
-123.894182,45.717705
-123.894047,45.200209
-123.894038,46.164012
-123.893969,44.406077
-123.893743,45.686327
-123.893471,40.286087
-123.893397,40.639423
-123.893274,40.303071
-123.893101,40.303071
-123.892696,43.006146
-123.892618,44.673323
-123.892547,46.16477800000001
-123.89253258646065,45.52426457383383
-123.89253258646065,46.16477608658712
-123.892497,45.201604
-123.892352,40.482284
-123.892339,45.559847
-123.892322,45.563139
-123.891888,40.641402
-123.891808,45.68623
-123.891804,40.320201
-123.891683,40.110483
-123.891465,46.165314
-123.891318,44.406512
-123.89128804147772,41.855431794920655
-123.891197,40.210839
-123.89119,45.523411
-123.891112,41.855355
-123.890321,43.005637
-123.89029,44.02329
-123.890173,40.947057
-123.890132,45.522744
-123.889928,45.441232
-123.889877,45.206499
-123.88966,41.155893
-123.889144,43.650596
-123.889117,40.81448
-123.889056,44.054766
-123.888868,44.056626
-123.888474,45.206861
-123.888184,45.687168
-123.887745,40.141488
-123.887629,45.207026
-123.887429,44.676242
-123.887375,45.005751
-123.886561,40.114729
-123.886543,45.207541
-123.886308,44.049844
-123.886292,45.519169
-123.886223,45.519155
-123.88616100000002,40.276524
-123.886159,40.276511
-123.886127,41.695857
-123.885941,46.52039
-123.885696,45.706051
-123.885539,45.006957
-123.885294,45.911004
-123.88508799999998,40.105512
-123.884922,44.061681
-123.884839,45.442166
-123.884752,44.061836
-123.8847434514814,44.061838388232886
-123.884483,45.517441
-123.88446450174384,45.51744103409997
-123.884303,40.11966
-123.884181,41.857978
-123.884047,40.476242
-123.883546,45.008395
-123.883439,45.516434
-123.882795,45.00894
-123.882776,47.41133
-123.882458,45.009191
-123.882359,45.009265
-123.88201200000002,45.514997
-123.881907,45.208874
-123.881781,43.001483
-123.881765,45.514756
-123.88163,45.514648
-123.881126,44.045551
-123.88069099999998,45.010476
-123.880538,45.442719
-123.88043799999998,45.010655
-123.880293,45.906475
-123.880186,45.513203
-123.88018,44.044952
-123.880032,44.676565
-123.880024,45.701053
-123.880022,44.676557
-123.879944,45.512968
-123.879934,45.453609
-123.879842,40.635658
-123.879724,45.45535200000001
-123.879563,45.011289
-123.879104,45.123087
-123.878984,45.01162100000001
-123.87892842233715,44.068962335376405
-123.87884,46.241306
-123.878812,45.694624
-123.878719,45.211004
-123.878347,45.511623
-123.878319,45.69561
-123.878294,45.695669
-123.878264,40.272852
-123.87825,45.5116
-123.878155,45.703417
-123.877617,45.456725
-123.877559,40.632798
-123.877458,44.04302
-123.87741499999998,44.676233
-123.876987,43.654318
-123.87697577417433,43.65431427934811
-123.876975,43.654314
-123.876758,46.143117
-123.87636,43.654513
-123.87635350168289,43.65450739839719
-123.87597,44.403071
-123.875631,46.143052
-123.87562394083082,46.14306092240266
-123.875558,45.012393
-123.875482,46.172079
-123.875455,44.041557
-123.875404,41.859061
-123.875401,45.222316
-123.875401,45.222438
-123.87538790643752,41.859058141508775
-123.875385,45.222028
-123.875152,45.219416
-123.874872,40.26823
-123.87484,45.456699
-123.874692,46.240448
-123.874689,46.172415
-123.874664,40.944602
-123.874297,46.17258
-123.873922,45.224477
-123.87369275034013,40.268379449652336
-123.873692,40.268379
-123.873491,46.172919
-123.873385,45.118258
-123.872879,40.266708
-123.872518,40.266443
-123.872386,44.401653
-123.87237,45.22695
-123.87236237466873,45.015546083235655
-123.871908,46.234958
-123.87189030588208,46.23494267441637
-123.87189,46.234942
-123.871545,45.016386
-123.871278,46.173935
-123.871191,46.430657
-123.870956,45.507658
-123.870908,45.017025
-123.870702,45.707726
-123.87048500000002,40.266534
-123.87036681116165,40.26642680148951
-123.870288,45.017634
-123.870219,45.229191
-123.870163,40.266426
-123.869936,41.791854
-123.86991100000002,40.472511
-123.869823,45.229188
-123.869641,46.230468
-123.869529961949,40.26672720889918
-123.869438,40.266254
-123.869422,46.17523
-123.869276,45.018322
-123.869209,42.985321
-123.86918663919512,42.985349893364976
-123.869186,42.985349
-123.869133,45.45604
-123.868736,40.26722
-123.868633,40.126075
-123.868525,44.018326
-123.8685214513594,44.01832222917548
-123.868416,46.145288
-123.868157,40.472485
-123.868134,46.146537
-123.86764,40.222747
-123.867597,41.923828
-123.86742711008137,45.50581097581145
-123.867427,45.90127
-123.867203,45.90123
-123.867126,46.1774
-123.867034,45.019086
-123.867025,45.901206
-123.866989,40.472206
-123.86693,46.431047
-123.866322,40.26961
-123.866315,46.223921
-123.866287,46.223864
-123.866052,40.151802
-123.865918,46.152296
-123.865305,45.50468
-123.865032,40.143754
-123.864824,41.864024
-123.864487,45.116852
-123.864471,45.235897
-123.86438012064043,45.11684775330964
-123.864238,46.152863
-123.86418700000002,45.020017
-123.864112,45.239531
-123.864053,40.275149
-123.863943,45.503959
-123.863703,46.180643
-123.863566,45.708122
-123.863553,46.180784
-123.863437,46.943496
-123.863121,45.020561
-123.863094,45.02056
-123.863084,40.932164
-123.863004,44.679187
-123.862822,45.708213
-123.862592,45.24077800000001
-123.862399,45.22959
-123.862303,45.241025
-123.862051,45.229765
-123.861984,46.182275
-123.86198,45.241294
-123.86197686136308,46.182264089364125
-123.861976,46.182264
-123.861897,45.021105
-123.861759,43.657166
-123.861671,44.679291
-123.86165499628132,44.67928290345822
-123.861555,46.152679
-123.861272,45.230406
-123.861259,45.2304
-123.861213,46.152624
-123.861199,45.45613400000001
-123.861145,45.021288
-123.86103500000002,46.183023
-123.86103272,46.18301511
-123.860916,40.930283
-123.860819,40.22879
-123.860809,46.182961
-123.86078700000002,40.93030200000001
-123.86077523172445,40.93030571918044
-123.86077523,40.93030572
-123.860672,46.183163
-123.860541,44.074626
-123.86053919733114,44.07462716081584
-123.860539,44.074627
-123.860519,46.182164
-123.860506,43.657133
-123.860504,40.929902
-123.860478,46.182808
-123.85998700000002,46.183471
-123.859713,46.18428
-123.859695,44.031531
-123.85948799999998,46.184543
-123.859449,44.031215
-123.859337,40.198432
-123.859107,44.03138
-123.858963,44.03145900000001
-123.858915,40.930051
-123.858851,45.501266
-123.858779,45.243902
-123.85866,41.140177
-123.858507,44.031681
-123.858483,40.099625
-123.858407,44.678933
-123.858276,44.02317100000001
-123.85812,45.116437
-123.858068,45.021341
-123.857734,44.024882
-123.85762,46.694
-123.857607,44.02571500000001
-123.857578,44.032146
-123.857547,45.244759
-123.857356,44.032253
-123.857343,40.282739
-123.857096,46.205753
-123.857003,40.129822
-123.856849,46.152069
-123.856739,45.219914
-123.856652,43.655662
-123.856645,40.129707
-123.856472,41.86417
-123.856472,46.185949
-123.856371,44.032681
-123.856076,43.654235
-123.85591,46.203403
-123.855853,45.244761
-123.855529,40.463797
-123.855445,45.456317
-123.854986,42.962239
-123.854904,44.032981
-123.854572,45.499009
-123.854464,45.244625
-123.854386,46.187503
-123.854374,41.337589
-123.854331,45.113543
-123.854279,45.113423
-123.854245,46.186974
-123.854233,45.021179
-123.854053,46.187069
-123.854025,45.112299
-123.853964,45.903532
-123.8539516919906,45.90352892853782
-123.853951,45.903528
-123.853924,40.930175
-123.853733,40.462923
-123.853607,46.188049
-123.853463,46.18733
-123.853458,45.02122
-123.853393,40.279566
-123.853385,46.187068
-123.853361,45.71684000000001
-123.852815,40.278102
-123.852695,46.187672
-123.85268568933556,46.18767142273813
-123.852685,46.187671
-123.852669,46.187691
-123.85266423166344,42.96279787996787
-123.852636,46.187306
-123.85223700000002,41.90808300000001
-123.852096,44.032696
-123.852065,45.721035
-123.8519346708114,46.69688343979503
-123.851508,46.194732
-123.851435,44.675033
-123.851065,44.668844
-123.851053,44.672063
-123.850884,45.215619
-123.850858,40.930118
-123.850775,44.668508
-123.850267,45.495707
-123.84981299999998,40.462305
-123.849703,45.246156
-123.849535,46.190883
-123.8495,44.661746
-123.849292,44.662949
-123.849204,46.190225
-123.848989,44.664296
-123.848973512059,44.66428399064701
-123.848958,44.664081
-123.848907,46.189579
-123.84889,45.257305
-123.848864,46.189384
-123.848809,45.266899
-123.84863500000002,45.251418
-123.848396,45.248735
-123.84838899999998,40.229737
-123.848296,45.249823
-123.848259,45.493202
-123.848131,45.251316
-123.848075,45.251296
-123.847848,41.872131
-123.8477,46.18997
-123.84761,44.3988
-123.847495,45.021521
-123.847221,45.021563
-123.846173,41.146396
-123.8461,44.072074
-123.84597,45.489937
-123.845386,40.123958
-123.845165,45.4838
-123.844948,45.481838
-123.844942,45.481814
-123.844899,45.481816
-123.844674,41.87366
-123.84466051996306,41.87367081622185
-123.8446176046188,44.65409159639047
-123.844559,44.654079
-123.844547,44.031303
-123.844546,41.917148
-123.844484,45.461114
-123.844478,45.46138300000001
-123.84443,45.463406
-123.84442448556972,44.6537911889808
-123.844393,46.152046
-123.844385,45.464797
-123.84436399999998,45.476888
-123.844345,45.466186
-123.844331,45.466952
-123.84431719720916,45.47649979569685
-123.844317,45.476499
-123.844311,45.468929
-123.844264,45.470808
-123.844259,40.927733
-123.844257,45.47204
-123.844256,45.472356
-123.84425282419278,40.92773079852616
-123.84425282,40.9277308
-123.844249,45.474618
-123.844244,45.473867
-123.844192,45.459447
-123.844182,45.449313
-123.843946,45.45779
-123.843794,41.874613
-123.843297,41.87489
-123.84328722894745,41.874893903532616
-123.843264,45.473338
-123.843214,40.926882
-123.84321,45.26855
-123.843044,45.448058
-123.843032,46.152037
-123.842553,40.462853
-123.842198,44.651939
-123.842121,45.456319
-123.842107,45.447424
-123.841955,44.398755
-123.84189248025967,45.447274446270725
-123.841861,45.268376
-123.841617,40.461046
-123.84153899999998,44.030654
-123.841527,44.03066
-123.841506,45.320266
-123.841411,40.122274
-123.841072,44.35357800000001
-123.841054,45.318741
-123.841022,45.457275
-123.84048500000002,46.173264
-123.840391,45.208199
-123.840327,44.030048
-123.840271,40.97023
-123.840252,40.970251
-123.839996,41.873003
-123.839567,46.155178
-123.839466,40.925485
-123.839464,46.153602
-123.839384,46.152797
-123.839354,44.066259
-123.83931,45.207254
-123.839237,40.122568
-123.839183,46.173278
-123.839103,40.237204
-123.838852,46.172758
-123.838815,44.06605
-123.838779,46.161999
-123.838736,45.906437
-123.838294,46.17189000000001
-123.83828,46.170855
-123.838258,45.316567
-123.83822,46.17309
-123.838164,46.162449
-123.838153,41.279652
-123.83805,46.16812
-123.838039,44.028233
-123.838024,40.12232
-123.83789,40.049349
-123.83789,45.022198
-123.837875,45.022198
-123.837867,46.163147
-123.837847,45.456815
-123.837826,45.201946
-123.837549,45.333296
-123.837379,43.649302
-123.8373649114426,43.649293184072256
-123.837238,45.456836
-123.837103,44.650773
-123.836835,40.922219
-123.836785,45.268678
-123.83678,44.027602
-123.836642,46.190505
-123.836062,45.199528
-123.835797,44.351351
-123.835426,45.272328
-123.83542,40.920279
-123.83541226327976,40.92026352862872
-123.83519768655856,40.25825142841216
-123.835144,45.273015
-123.835034,43.650568
-123.83486200000002,40.122082
-123.83486,40.236025
-123.834829,45.107792
-123.834735,46.1884
-123.834703,46.189385
-123.834642,40.122121
-123.834161,45.456861
-123.83414626062472,45.337196588300046
-123.834131,45.30544
-123.8341248029526,45.305439233563874
-123.8341248029526,45.337196588300046
-123.834124,45.305439
-123.834124,45.337196
-123.833975,45.198821
-123.833814,45.760179
-123.833814,45.760465
-123.833708,46.189056
-123.83358836114962,44.36735272386375
-123.833588,44.367352
-123.83351100000002,44.027143
-123.833508,40.253631
-123.833373,44.651055
-123.832913,40.124016
-123.83288025796968,44.40016150453376
-123.83288,44.400161
-123.832711,40.469015
-123.832705,45.440599
-123.832614,45.45699000000001
-123.832584,40.468971
-123.832542,40.917535
-123.83249401987156,40.25250077228426
-123.832264,44.027076
-123.83221,40.058792
-123.83212,40.124094
-123.831764,40.250771
-123.8316357129868,40.24842381458164
-123.831534,40.248887
-123.831523,39.780373
-123.83150696695408,39.78036761264904
-123.831393,40.067326
-123.831108,46.97464
-123.830765,40.120815
-123.830746,44.38185900000001
-123.830659,45.439126
-123.830556,44.380172
-123.830438,40.123902
-123.830207,40.123661
-123.830131,46.18997
-123.82994055688938,44.359413385179714
-123.829904,45.908391
-123.829867,40.069184
-123.829794,44.026936
-123.829525,44.026921
-123.829511403447,44.02692675569522
-123.829338,44.064267
-123.829012,45.27708300000001
-123.828816,40.118395
-123.82881,40.905716
-123.828718,46.189635
-123.828648,43.652413
-123.82849,45.277092
-123.828323,45.457081
-123.828072,40.907711
-123.828016,45.196354
-123.827975,40.120799
-123.827729,45.277084
-123.827706,40.120019
-123.827625,45.024079
-123.82762312830052,45.024064779066926
-123.827623,45.024064
-123.826998,41.880616
-123.826988,40.46854
-123.826755,40.116812
-123.82658700000002,40.908599
-123.826577,45.277099
-123.8264644140061,43.652855157644005
-123.826195,45.277165
-123.82607,40.915542
-123.826047,40.904583
-123.825844,40.12352
-123.82577,43.653444
-123.825764,46.188644
-123.825704,40.91521
-123.825493,40.116556
-123.825444,40.913927
-123.825408,40.912336
-123.825004,45.278739
-123.824988,40.115636
-123.82486000000002,40.25639
-123.82486000000002,45.340648
-123.824798,40.256478
-123.824771,45.434355
-123.82476925790871,45.434356927655045
-123.824769,45.434356
-123.824741,40.121886
-123.824633,40.116419
-123.824429,45.417499
-123.824408,45.410655
-123.824402,45.4175
-123.824398,40.232432
-123.824313,45.282973
-123.824249,45.424107
-123.824226,45.426862
-123.8242113584336,45.42686820008551
-123.824202,45.425834
-123.824123,45.430368
-123.823952,45.457612
-123.823932,40.220983
-123.823838,40.12090300000001
-123.823784,45.408693
-123.823774,40.905354
-123.823565,40.07759
-123.823264,45.909342
-123.822815,45.457742
-123.82279515207377,45.28582692124707
-123.822726,40.119802
-123.822634,44.060565
-123.82251399999998,45.026175
-123.822466,40.234474
-123.821503,40.11881
-123.821403,39.356509
-123.821289,45.406841
-123.821013,40.219108
-123.820877,40.219101
-123.82081,40.254014
-123.820795,40.116893
-123.820723,39.798737
-123.820717,40.218994
-123.8207137578782,39.79873537998295
-123.820709,40.118198
-123.82067084253396,40.21900534610644
-123.82067,40.219005
-123.820645,40.115498
-123.82048,46.951691
-123.82031299999998,46.973011
-123.819979,40.07862
-123.819943,44.060502
-123.819438,40.117349
-123.819183,40.904976
-123.819149,46.2698
-123.81911399999998,43.654485
-123.81906399999998,45.342824
-123.818831,42.965479
-123.818665,45.789998
-123.818569,40.116902
-123.818528,39.354631
-123.81852,39.35417
-123.818483,45.180232
-123.818407,45.187107
-123.818238,46.189452
-123.817965,45.184017
-123.817847,39.749154
-123.817451,45.027734
-123.81736636102762,42.965716123376055
-123.817366,42.965716
-123.817154,41.883527
-123.817005,43.653995
-123.816832,45.030224
-123.816693,40.468258
-123.8166582578477,39.73809599857455
-123.816375,46.272238
-123.81616473,40.2164948
-123.816055,39.377007
-123.816034,39.374113
-123.815995,45.403916
-123.815941,39.372341
-123.815918,39.376984
-123.815469,40.218505
-123.815467,39.795196
-123.815382,40.139905
-123.815067,43.653934
-123.815031,39.37202
-123.814856,39.38061
-123.814799,45.347389
-123.814673,45.909634
-123.81466269434064,45.90962290741963
-123.814662,45.909622
-123.814628,40.219203
-123.814628,45.403161
-123.81461000000002,39.365622
-123.81449,45.180501
-123.814466,40.468682
-123.81427,40.11541
-123.814247,40.115356
-123.813933,40.905205
-123.813924,39.383294
-123.813843,40.139154
-123.813492,46.975269
-123.81346299999998,45.035051
-123.813113,39.38570900000001
-123.812902,40.138729
-123.812714,40.116687
-123.812607,40.115122
-123.81260275781722,40.11512875537817
-123.812582,39.39644000000001
-123.812058,43.655319
-123.811983,46.97598
-123.811853,40.219116
-123.811843,45.036631
-123.81150841653913,45.7972276208601
-123.811502,39.390549
-123.81144404352276,40.90447068194912
-123.811444,40.90447
-123.811353,39.39099
-123.811218,43.668707
-123.811143,40.087431
-123.810996,45.401191
-123.810856,44.023474
-123.810753,43.659328
-123.810752,39.392718
-123.810692,44.374222
-123.810592,39.405171
-123.81054,46.164357
-123.810454,39.393586
-123.810206,39.406434
-123.81018799999998,45.908804
-123.809985,39.365327
-123.80998,43.664805
-123.809576,43.671799
-123.809456,39.364614
-123.80938,45.358245
-123.809233,45.038698
-123.809209,40.141791
-123.809207,41.88460900000001
-123.809152,39.399448
-123.809081,42.964421
-123.809041,39.401445
-123.808943,40.908594
-123.808875,39.423251
-123.808846,39.404984000000006
-123.808677,39.408119
-123.808647,39.349722
-123.808647,39.408199
-123.808637,43.672581
-123.808594,39.409351
-123.808569,39.409987
-123.808532,39.357526
-123.808528,39.357807
-123.80851,39.357529
-123.808504,39.358866
-123.80848288477034,39.41226124744696
-123.808481,39.411277
-123.808421,39.412513
-123.80841399999998,44.373252
-123.808397,39.343155
-123.808342,39.412373
-123.808323,39.41297700000001
-123.80828976572128,40.13660788516933
-123.808282,39.412221
-123.80826,39.412264
-123.808143,39.416331
-123.80809,39.42359
-123.80808600000002,39.417961
-123.808077,39.408713
-123.808077,39.418455
-123.808031,40.141615
-123.808011,45.459881
-123.807977,39.41925
-123.807947,40.141519
-123.807922,46.191755
-123.807908,39.420089
-123.80790353,39.42007184
-123.80790352762314,39.42015767078676
-123.80786,40.141609
-123.807793,39.420063
-123.807716,46.137875
-123.807689,39.422497
-123.807671,39.392672
-123.8076,46.161975
-123.807464,45.459961
-123.807456,46.191971
-123.807328,46.130324
-123.80732417047592,39.42007184009828
-123.807302,39.44677
-123.807232,44.020998
-123.807071,46.13488
-123.806908,39.722129
-123.80689501703354,39.722131490518
-123.80687,45.040569
-123.80677,45.135763
-123.806746,40.906593
-123.806717,45.908094
-123.80670189798448,40.90221762637662
-123.806701,40.902217
-123.806536,39.710735
-123.806309,46.160185
-123.806231,39.431117
-123.80621,45.106585
-123.80619,46.977261
-123.80618,39.432698
-123.806095,40.143198
-123.80607963,40.14319539
-123.806079625493,40.14319539050987
-123.805934,39.449294
-123.805878,39.446766
-123.805788,45.041427
-123.805784,43.67411
-123.805778,39.463138
-123.805679,39.428045
-123.805592,39.419692
-123.80558,39.333133
-123.80531,40.143882
-123.8049,42.964295
-123.80464,39.419536
-123.804622,39.432704
-123.804612,39.434518
-123.804571,39.440457
-123.804396,45.367516
-123.804294,45.376383
-123.804265,44.057521
-123.804198,46.127477
-123.804192,45.383091
-123.804119,46.141559
-123.804092,45.384033
-123.804052,39.419438
-123.803958,45.138781
-123.803937,44.378864
-123.803795,44.021272
-123.803649,39.432696
-123.803648,39.467423
-123.803631,45.395983
-123.803562,41.888801
-123.803559,39.426896
-123.803539,39.30428
-123.803468,42.964107
-123.803319,39.436304
-123.803195,39.424034000000006
-123.803165,39.424341
-123.8031,39.466361
-123.803035,39.422083
-123.803002,40.220567
-123.802962,39.361817
-123.802926,39.419285
-123.802912,39.42686
-123.802895,39.419759
-123.802859,45.123448
-123.802754,39.324703
-123.802646,39.463044
-123.802628,46.375992
-123.802365,39.422861
-123.802205,40.468473
-123.80204,45.14303
-123.80203600000002,46.143683
-123.801911,45.460776
-123.8018953794298,41.889334916868734
-123.801829,39.469175
-123.801822,44.057502
-123.801721,46.97736
-123.801653,45.044695
-123.801494,39.430387
-123.801443,40.468667
-123.801423,46.194305
-123.801301,39.304625
-123.800808,39.431859
-123.800804,39.32103
-123.800597,39.307806
-123.800515,39.327137
-123.80038,44.057407
-123.800367,45.155634
-123.800285,46.126454
-123.80028,39.306629
-123.800157,39.31224
-123.800119,39.306032
-123.800061,45.106255
-123.799911,40.116843
-123.799861,45.046106
-123.799831,45.90767
-123.799824,45.1518
-123.799809,39.319054
-123.79975,40.10601
-123.799744,39.318989
-123.799688,39.318856
-123.799641,46.154726
-123.799574,45.146738
-123.799557,40.116857
-123.799554,43.675289
-123.799493,40.14530900000001
-123.799365,39.309202
-123.799281,40.46853400000001
-123.79927754343127,40.468536615178735
-123.799277,40.468536
-123.79926299999998,40.46851
-123.799238,39.470287
-123.799141,39.406667
-123.799079,39.308067
-123.799079,39.407194
-123.798968,39.412048
-123.798901,45.148695
-123.79888400000002,39.470545
-123.798814,40.096853
-123.798669,40.089204
-123.798608,39.362433
-123.798531,39.30631500000001
-123.798407,40.149272
-123.798361,39.305718
-123.798347,40.923026
-123.798259,39.419024
-123.798214,39.305167
-123.797976,39.434621
-123.797894,39.477002
-123.797835,40.096226
-123.797776,39.305226
-123.79774,39.475397
-123.797724,46.149116
-123.797669,39.37897
-123.797661,39.41893
-123.797611,39.418939
-123.797591,44.056706
-123.797394,39.441688
-123.797298,39.305312
-123.79718,40.922871
-123.797137,40.922862
-123.79713177621936,40.92285990695513
-123.79707,45.908072
-123.797017,42.964031
-123.797017,46.151156
-123.79700303018666,42.96402096727865
-123.797003,42.96402
-123.79695,46.150922
-123.796948,39.968913
-123.7969386571703,39.968916177559045
-123.79693799999998,39.968916
-123.796892,40.089001
-123.796884,44.021591
-123.79679,40.107355
-123.79672408044912,39.96878743152633
-123.796689,40.101042
-123.796681,39.30752800000001
-123.79641200000002,44.636281
-123.796278,40.221619
-123.796236,40.105892
-123.796197,43.67505
-123.79615,39.307627
-123.796121,40.1046
-123.796071,46.12441
-123.796024,40.106806
-123.795967,39.30937
-123.795922,39.417953
-123.795914,39.309437
-123.795874,40.107533
-123.795834,39.309429
-123.795797,40.151249
-123.795738,40.926338
-123.795572,45.105228
-123.79556536615468,40.09611725788072
-123.795559,39.44548
-123.79539,40.099276
-123.795382,44.057282
-123.795374,39.41754
-123.795082,39.480847
-123.795075,46.977874
-123.795065,40.09669
-123.795053,40.097762
-123.795007,40.099297
-123.794991,40.099289
-123.794985,40.108899
-123.794972,40.100062
-123.794946,40.10057800000001
-123.794894,40.10155
-123.794847,40.102591
-123.794665,39.288981
-123.794656,40.10974
-123.794637,46.122879
-123.794623,40.110929
-123.794588,40.919786
-123.794571,40.11079
-123.794536,40.090494
-123.794486,39.481457
-123.79445,40.107117
-123.7944495672045,40.10710358600565
-123.79438519418814,40.10688900928445
-123.794385,40.106889
-123.794362,39.299416
-123.794113,40.02371
-123.79408479,39.29287076
-123.794083,39.292886
-123.794051,45.112486
-123.794007,48.054941
-123.794002,39.291647
-123.793983,39.299709
-123.793973,39.299699
-123.793892,40.02282
-123.793807,41.889613
-123.793701,39.459395
-123.79369854868033,44.077802896289455
-123.793698,44.077802
-123.793696,40.100033
-123.793673,40.100721
-123.793618,39.313787
-123.793608,39.306576
-123.793518,39.28529
-123.793495,39.306545
-123.793408,39.30657
-123.793407,39.462841
-123.793292,39.436321
-123.793243,40.0327
-123.793188,45.111691
-123.79318356454948,45.11169791200108
-123.792923,40.110611
-123.792771,45.462021
-123.792756,40.101491
-123.792693,45.908485
-123.792517,39.299111
-123.792417,41.892518
-123.792348,43.671334
-123.792105,40.021641
-123.792085,39.301956
-123.791912,46.1205
-123.79171399999998,39.406627
-123.791679,39.406582
-123.791671,39.361742
-123.79166399999998,44.060413
-123.791612,39.279163
-123.79156299999998,40.019466
-123.791366,40.106709
-123.791317,40.015937
-123.791179,39.274325
-123.791079,39.416421
-123.790925,39.989652
-123.79081200000002,40.106521
-123.790753,39.274205
-123.790699,44.063331
-123.790542,39.484774
-123.790522,40.096766
-123.7905,43.666966
-123.790388,44.063724
-123.790343,40.009684
-123.790334,45.105179
-123.790201,40.089027
-123.790019,39.37404
-123.789899,39.404516
-123.789766,46.978569
-123.789759,40.077064
-123.789726,48.056412
-123.789648,44.064786
-123.789543,45.10495
-123.789517,44.081217
-123.789465,44.637398
-123.789416,46.116993
-123.789242,39.480726
-123.789207,43.663838
-123.789122,40.068557
-123.78891000000002,40.474261
-123.788901,40.007459
-123.78878799999998,39.992955
-123.788721,40.06763400000001
-123.788637,44.015641
-123.788347,40.921464
-123.788317,39.270531
-123.788313,40.105188
-123.78825,44.072205
-123.787975,39.486866
-123.787949,39.486912
-123.787857,40.105279
-123.7877976888476,40.0665915010449
-123.787663,44.014265
-123.78764748514276,44.01426672914496
-123.787595,40.00588
-123.787485,45.907258
-123.7874,40.065468
-123.78708600000002,40.162815
-123.787048,39.450758
-123.787018,39.488474
-123.786973,39.48856
-123.786879,41.895588
-123.786873,40.065468
-123.786713,40.21159
-123.786556,39.268155
-123.786373,40.209566
-123.786164,43.660454
-123.786124,39.962965
-123.786097,40.218935
-123.786061,40.219385
-123.785996,39.961371
-123.785874,39.490012
-123.78582,39.266845
-123.78578,44.013852
-123.78576499999998,40.909751
-123.785722,39.49015
-123.785639,45.049386
-123.785391,39.660368
-123.785171,40.034013
-123.78517,40.146472
-123.785138,40.107294
-123.784946,39.415415
-123.784932,39.636755
-123.784913,39.604286
-123.784907,39.638402
-123.784857,39.6358
-123.784843,40.03376
-123.784752,39.657429
-123.7846863263903,40.06429553012818
-123.784623,40.033572
-123.78458899999998,46.98000800000001
-123.784532,39.441675
-123.784526,39.312482
-123.78451,39.645356
-123.784507,39.655742
-123.784377,39.599143
-123.784143,45.104055
-123.783954,46.112741
-123.783948,39.443512
-123.783615,40.063304
-123.783456,39.491708
-123.783423,39.635736
-123.783395,39.495565
-123.783281,41.894335
-123.783227,40.00328
-123.78315,39.442671
-123.783059,40.002977
-123.782869,46.111905
-123.782859,39.635018
-123.78277659357174,46.19423747040656
-123.782772,39.312311
-123.782606,39.492361
-123.782588,42.965545
-123.782568,45.46346
-123.782313,44.012965
-123.782235,40.065531
-123.782166,39.397137
-123.78193600000002,39.257061
-123.78178954065426,39.81789708118525
-123.781437,41.894886
-123.781382,40.173675
-123.781308,39.493397
-123.78121018350706,39.94898200016045
-123.78121000000002,39.948982
-123.7812,40.905468
-123.781151,40.201023
-123.781128,39.950024
-123.78112435281858,40.177270173834906
-123.781093,40.177101
-123.781034,40.478181
-123.78082394540893,39.94786620121028
-123.780823,39.947866
-123.780368,39.956566
-123.780268,39.42067
-123.780214,39.415457
-123.780197,45.051219
-123.78018,45.051208
-123.779977,39.251282
-123.779514,39.450712
-123.77932190836056,40.031937360572655
-123.779321,40.031937
-123.7792575353442,39.6130406854648
-123.779203,39.441427
-123.779013,39.591274
-123.778847,39.452531
-123.778702,46.981709
-123.778701,44.011879
-123.778678178197,40.478492975041966
-123.778503,40.179832
-123.7785,39.443604
-123.778416,40.179834
-123.77841399999998,39.39338400000001
-123.77839922845943,40.17982363681708
-123.778169,39.941477
-123.778042,39.612614
-123.77792715967286,39.9410212038043
-123.777905,39.420501
-123.77777,40.482323
-123.777486,39.246884
-123.777469,39.493374
-123.777455,39.44161
-123.77732634485352,45.46420454957264
-123.777219,46.194752
-123.777204,39.452558
-123.777189,44.63192700000001
-123.777121,39.246379
-123.777101,45.10253
-123.776636,40.181274
-123.776482,40.899712
-123.776362,40.111581
-123.7762749189197,44.09320950487092
-123.776263,39.243668
-123.776207,39.243771
-123.776191,39.243882
-123.776128,39.49767
-123.776119,39.498531
-123.77608179987058,44.63759064653093
-123.77604,40.182124
-123.776019,39.393172
-123.77595305383788,40.18207669238957
-123.775953,40.182076
-123.775731,40.036417
-123.775628,39.415476
-123.77545952737916,39.95788693408985
-123.775349,44.089576
-123.775331,40.273205
-123.774757,46.981651
-123.774696,39.398361
-123.774674,46.105552
-123.774495,40.198321
-123.77445,45.824307
-123.774377,39.389859
-123.774193,44.013097
-123.77416399999998,39.242851
-123.774027,39.415458
-123.77401100000002,39.499922
-123.773873,39.371341
-123.773844,40.897524
-123.773773,39.385799
-123.773657,39.242367
-123.773231,39.842085
-123.77322792947876,39.84207987766341
-123.773206,46.103963
-123.773092,43.657666
-123.773045,45.905499
-123.77286314905274,44.01345133760447
-123.772781,39.441845
-123.772413,39.41540300000001
-123.772105,41.247986
-123.772087,40.435638
-123.772044,39.58495
-123.771984,39.271078
-123.77198338449588,45.81156134583562
-123.771983,45.811561
-123.77175,45.053035
-123.771353,39.385588
-123.771242,39.392925
-123.771147,44.647639
-123.771116,39.235518
-123.7707,39.934415
-123.770653,39.392902
-123.770493,44.013323
-123.770486,39.239616
-123.770426,43.657745
-123.77034,46.955261
-123.770164,46.194855
-123.770063,41.89918400000001
-123.769961,39.221764
-123.769954,39.222298
-123.769924,39.221776
-123.769912,39.442998
-123.769872,39.229702
-123.769852,46.363791
-123.769829,45.815462
-123.769777,40.896555
-123.7697732442676,40.89655280093721
-123.769773,40.896552
-123.76975,39.223666
-123.769699,40.896549
-123.769693,44.629736
-123.769439,39.224897
-123.769389,41.899716
-123.769284,44.012788
-123.769177,39.414874
-123.769149,39.226015
-123.76888,39.392879
-123.768745,39.228206
-123.76870036066164,41.90345406512305
-123.768677,41.903843
-123.768659,41.914762
-123.768584,44.629145
-123.76857161462894,44.62913632371602
-123.768571,44.629136
-123.76856200000002,44.629181
-123.768481,39.238437
-123.768431,45.904696
-123.768365,46.19475900000001
-123.768363,40.192115
-123.768318,46.194752
-123.768282,44.094888
-123.768256,41.240226
-123.768208,39.205376
-123.7681853765308,39.20536637287519
-123.768185,40.900257
-123.76807,39.413686
-123.768022,40.899292
-123.767965,45.904617
-123.767945,44.012165
-123.767842,40.269933
-123.76773476541628,44.378103017595386
-123.767731,44.37810800000001
-123.76752018869507,45.09923100449991
-123.767519,46.194717
-123.767426,40.902118
-123.767425,39.917987
-123.767336,39.918511
-123.766952,39.918952
-123.766781,45.904406
-123.766688,46.980528
-123.766602,45.465732
-123.766459,39.567049
-123.766449,39.452332
-123.766325,39.563895
-123.766318,45.864862
-123.76629710138432,45.84617257096364
-123.766297,45.846172
-123.766135,39.562641
-123.766005,39.91932
-123.765831,39.507469
-123.765727,39.567433
-123.765627,40.902845
-123.765365,42.967939
-123.765042,40.113446
-123.764934,39.919727
-123.764862,40.48628400000001
-123.764682,44.010645
-123.764429,39.225378000000006
-123.764255,39.512462
-123.764093,39.452341
-123.763842,44.627648
-123.7635719770252,39.85439658145973
-123.763397,39.854407
-123.763387,39.921144
-123.76337885797614,43.65794062593622
-123.763378,43.65794
-123.76336,39.515163
-123.763324,39.553133
-123.763228,39.930742
-123.763059,39.551777
-123.762723,39.8571
-123.76271367014044,39.857100248146736
-123.762676,46.193105
-123.762583,46.193097
-123.762506,39.549003000000006
-123.762354,39.915109
-123.761357,39.929007
-123.76134037912482,39.92900490741764
-123.761272,41.925365
-123.761063,39.413448
-123.761,39.413437
-123.760995,39.522968
-123.760829,39.524715
-123.760737,39.926999
-123.759966,46.192272
-123.759949,45.902359
-123.759931,39.505771
-123.759905,45.902342
-123.759904,41.214012
-123.759826,39.223812
-123.759691,39.655944
-123.7596,39.412121
-123.759454,44.095053
-123.759314,46.192247
-123.75929,46.192159
-123.759241,44.007154
-123.759169,39.528466
-123.759136,39.377928
-123.759055,40.486122
-123.759054,39.53067100000001
-123.758968,39.906936
-123.758693,39.412198
-123.75857,39.908286
-123.758547,39.906481
-123.758545,45.90229
-123.758308,39.412972
-123.758244,41.211726
-123.758026,39.908981
-123.757758,45.055119
-123.757589,46.190809
-123.757395,45.467
-123.757017,39.412778
-123.75701,41.207637
-123.756988,46.189804
-123.756882,46.173582
-123.756785,46.170567
-123.756784,40.906288
-123.756739,46.189427
-123.75666260660287,46.09928727127981
-123.75666,46.173008
-123.756609,46.172918
-123.756579,44.004943
-123.75655531824228,44.0049326417732
-123.756497,46.17265
-123.756442,46.174804
-123.756398,46.099211
-123.756346,41.932055
-123.756165,39.906633
-123.756134,46.175222
-123.75586867273452,44.0946471689029
-123.755867,39.537537
-123.755711,40.872957
-123.755704,41.203143
-123.755693,40.114745
-123.75552,46.168665
-123.755433,39.906967
-123.755142,39.447061
-123.755113,46.098948
-123.754964,46.176241
-123.75438,41.197622
-123.754366,42.972174
-123.754341,46.978489
-123.75430226266975,44.653404950882646
-123.754302,44.653404
-123.754189,46.167921
-123.753777,39.182305
-123.753754,39.182251
-123.753729,46.167667
-123.753477,39.385646
-123.753257,39.902274
-123.753203,39.448063
-123.753058,39.800277
-123.752867,46.167189
-123.752794,44.377251
-123.752647,41.939373
-123.752597,39.902343
-123.752466,39.21938
-123.752464,46.166969
-123.752249,46.178313
-123.751929,39.906967
-123.751875,41.19743
-123.751755,45.904465
-123.751732,46.185658
-123.751693,46.179239
-123.751466,39.902661
-123.75143,46.181411
-123.751381,40.109395
-123.75129,46.181713
-123.751181,40.870197
-123.75115900000002,44.628679
-123.751097,40.906208
-123.750999,39.891613
-123.750826,40.762625
-123.75082,46.184482
-123.750373,46.183184
-123.750311,40.126727
-123.75,39.787536
-123.75,39.860749
-123.75,40.484747
-123.75,45.055662
-123.75,46.165991
-123.749992,39.906496
-123.749974,39.309517
-123.749693,43.658603
-123.749365,39.90476
-123.74936,39.904921
-123.749306,44.628601
-123.74919533670544,39.176205396465406
-123.74862,42.973516
-123.74858600000002,44.628427
-123.748573064214,44.6284282205361
-123.748209,46.097751
-123.748147,45.467412
-123.748111,39.225948
-123.748101,40.906039
-123.74810099542738,40.90603709201381
-123.748038,39.196077
-123.747946,41.200508
-123.747545,40.214564
-123.747418,43.658844
-123.747308,41.967016
-123.74728560388684,41.967011689939646
-123.747281,39.41066
-123.747271,39.196717
-123.747169,39.410553
-123.7470066541493,39.41030859928411
-123.747006,39.410308
-123.746889,41.964356
-123.746848,39.313572
-123.746798,42.974633
-123.746794,39.19732800000001
-123.746643,39.19755900000001
-123.746609,39.197557
-123.746599,45.056009
-123.74659895837904,39.19755578022385
-123.74657750070692,45.05599379518004
-123.746577,45.055993
-123.746544,44.377884
-123.746535,41.968246
-123.746492,46.165452
-123.746203,39.886951
-123.746165,45.094831
-123.746121,39.859966
-123.745783,46.165569
-123.745556,45.906519
-123.745483,45.906509
-123.74545,44.005154
-123.7454187864125,44.6653997895972
-123.745418,44.665399
-123.745255,46.097225
-123.745117,40.905142
-123.744468,39.196426
-123.744453,46.97353
-123.74434590280654,45.09575486161663
-123.744345,45.095754
-123.743674,45.057992
-123.743575,40.381321
-123.743538,45.060286
-123.743474,40.904491
-123.74334,39.406263
-123.7432944768727,41.951733827390896
-123.743145,40.389552
-123.742841,46.168016
-123.742729,45.105236
-123.742584,41.972549
-123.74251,45.106153000000006
-123.7425005430043,45.10616183259437
-123.742365,46.168325
-123.74209,42.978515
-123.742081,45.101865
-123.741687,39.19295200000001
-123.741651,44.621944
-123.741505,40.483167
-123.74149203241473,40.48317074756392
-123.74114099999998,46.71177700000001
-123.740595,41.974421
-123.740142,40.388088
-123.740122,45.098969
-123.74005436838272,40.90485692004726
-123.740054,40.904856
-123.739846,46.169369
-123.739646,39.261704
-123.73960375726824,46.0937511918731
-123.739555,39.445326
-123.739223,46.093884
-123.73921,45.470613
-123.739111,40.11309
-123.73888,46.169355
-123.738876,46.169361
-123.738735,45.063113
-123.738623,39.260762
-123.738403,46.97118
-123.738216,46.971097
-123.737991,40.905408
-123.737934,43.661497
-123.73793006,43.66148114
-123.73793005884296,43.66148114183587
-123.73773,39.229524
-123.73767,39.229545
-123.737372,46.169547
-123.737151,44.618316
-123.737042,42.982901
-123.736964,44.09705
-123.736858,39.886178
-123.736836,39.227113
-123.736465,45.06323
-123.73599886835224,39.88508105258996
-123.735891,39.181692
-123.735735,42.985372
-123.735552,39.40426
-123.73509764612324,45.47244429566634
-123.734719,45.47257800000001
-123.734126,40.48161500000001
-123.734058,39.154998
-123.733803,39.405602
-123.73353,39.1593
-123.733488,39.880343
-123.733452,40.90768900000001
-123.73344099999998,39.14827800000001
-123.73323700000002,46.970724
-123.73292,46.970736
-123.732881,46.094903
-123.732615,46.170034
-123.732141,45.06318
-123.731998,39.878499
-123.73198,45.906781
-123.731882,45.906781
-123.731627,44.006993
-123.73162150323996,44.00699257829663
-123.731404,44.617514
-123.730978,40.209545
-123.730743,48.086079
-123.730736,46.1702
-123.730657,46.170208
-123.730309,46.170241
-123.730295,45.907105
-123.730041,40.366367
-123.72994780481469,42.025998830594894
-123.729923,39.878042
-123.729744,39.850214
-123.729741,46.094563
-123.7297332280935,39.850212335396535
-123.729551,42.023472
-123.729537,46.170279
-123.72921,45.907735
-123.72916200000002,42.015894
-123.729021,42.028538
-123.728944,45.066372
-123.728932,45.067586
-123.728842,42.018251
-123.72872471750388,46.09424471833184
-123.72839,39.878042
-123.7283,39.407555
-123.72827410638936,39.407562017252886
-123.728274,39.407562
-123.727972,44.618542
-123.727836,39.878044
-123.727751,44.095813
-123.727127,40.112167
-123.726723,42.00782
-123.726652,41.977186
-123.726544,39.878047
-123.72642,44.377674
-123.726339,40.11241
-123.726303,42.994647
-123.726258,39.406739
-123.725717,42.006395
-123.72550606668602,44.351001977709046
-123.725506,44.351001
-123.725425,39.178524
-123.725385,46.169505
-123.725326,39.227225
-123.725051,44.621121
-123.724581,42.032273
-123.724511,46.169497
-123.724486,39.1392
-123.724426,46.971321
-123.724281,40.905414
-123.723989,40.478606
-123.723685,44.348924
-123.723586,45.070708
-123.723486,41.97828300000001
-123.722748,45.909044
-123.722416,40.11221
-123.722348,42.033465
-123.722324,44.09677
-123.722153,40.11219000000001
-123.722127,42.033803000000006
-123.722071,40.907358
-123.722064,39.189117
-123.72205138147486,39.18910145740895
-123.721707,41.999764
-123.721515,39.877262
-123.72142911,41.9968164
-123.721425,44.622126
-123.721207,41.996143
-123.721086,39.87711
-123.720845,39.226619
-123.720817,41.979524
-123.720566,44.622109
-123.72054934442652,39.280790090373614
-123.720549,39.28079
-123.72025,44.345839
-123.72024,41.994193
-123.720132,41.994061
-123.71998,44.34543
-123.719718,42.996841
-123.719715,46.918596
-123.71971249521388,46.91858410812893
-123.71971200000002,42.996851
-123.719471,41.992871
-123.719428,39.187851
-123.719343,42.045077
-123.718781,40.907791
-123.718692,40.907845
-123.71864,45.071683
-123.71831774652615,44.34417843797521
-123.718242,39.445415
-123.718232,40.477071
-123.71782422,41.9892633
-123.717813,46.17009
-123.717548,39.445874
-123.717463,42.999236
-123.717054,46.090238
-123.716774,39.400988
-123.716425,45.105921
-123.716388,40.908341
-123.716101,39.878906
-123.715796,40.476939
-123.715735,46.09001
-123.715591,39.399681
-123.715578,43.001688
-123.715342,39.216674
-123.715106,45.906828
-123.7151,45.072054
-123.714956,46.853368
-123.714699,45.483454
-123.714266,42.052448
-123.714252,39.87817
-123.714228,42.052478
-123.714192,46.088603000000006
-123.713854,39.397562
-123.713854,39.397568
-123.713791,46.972099
-123.713777,42.052864
-123.71359705865996,39.86815094928805
-123.713504,46.087557
-123.71336399999998,39.850469
-123.713295,39.863437
-123.713249,39.868999
-123.71321100000002,39.869048
-123.712928,41.093756
-123.712827,44.620786
-123.712705,39.449308
-123.7127,46.88504
-123.712665,45.070786
-123.712623,39.877295
-123.712531,39.114607
-123.712428,39.877185
-123.712067,39.870631
-123.711929,39.126732
-123.711895,39.264639
-123.711496,39.128907
-123.711411,39.875725
-123.711249,39.864133
-123.711238,45.069557
-123.711218,41.189576
-123.711154,46.16944
-123.71097922266144,39.84976172428202
-123.71097922,39.84976172
-123.710675,39.872995
-123.710433,39.874746
-123.710063,46.85933
-123.709675,40.4772
-123.709568,40.104583
-123.709257,38.929731
-123.709235,38.934428
-123.709232,38.929532
-123.70884,44.009814
-123.70883,45.067489
-123.708681,39.84806
-123.70814680994172,39.848259687233686
-123.707896,41.109712
-123.707309,42.061992
-123.70728850305694,42.06198334673852
-123.70711684168,40.90867638568445
-123.70711599999998,40.908676
-123.707101,39.848826
-123.707095,39.848817
-123.706854,39.848949
-123.706814,39.848966
-123.706529,40.9105
-123.706398,39.84811
-123.706265,40.448748
-123.70615124643464,44.00939583757396
-123.706121,45.065191
-123.70607,46.080229
-123.705989,38.918567
-123.705968,38.918509
-123.705782,40.911834000000006
-123.70563626230376,44.380162954118816
-123.705518,39.098818
-123.705515,40.471632
-123.705491,46.169359
-123.705292,39.20463400000001
-123.705148,44.348781
-123.704813,40.471493
-123.704751,41.186026
-123.704738,43.00813
-123.704712,41.18663
-123.70467,41.186642
-123.704582,39.847525
-123.70454192102572,39.847422838021046
-123.704483,45.103267
-123.704338,44.619268
-123.703842,43.66388900000001
-123.703613,46.972851
-123.70353341043614,39.389451741984416
-123.703533,39.389453
-123.70340466440342,41.17593169192706
-123.703213,42.067236
-123.70320900000002,42.06728
-123.702907,42.067617
-123.7028253072562,39.10563111286589
-123.702345,44.005544
-123.70233178079746,44.00553345659253
-123.702329,38.916263
-123.701462,46.973052
-123.701447,45.10268
-123.701443,45.481602
-123.701395,44.004039
-123.7013661855521,43.00979018190856
-123.701207,39.846346
-123.700989,38.914338
-123.70077,41.093279
-123.700729,41.09325
-123.700624,45.481591
-123.70061516702796,45.48158526398907
-123.700298,41.18757700000001
-123.700271,40.917222
-123.70003,43.665372
-123.700005,40.917542
-123.699835,39.273819
-123.699727,40.107786
-123.699683,45.101777
-123.699547,40.918179
-123.699509,44.000059
-123.699498,45.101667
-123.699413,41.087445
-123.699371,41.087421
-123.699356,40.462302
-123.699356,46.167081
-123.69913458765171,45.4817354676939
-123.699019,45.481768
-123.699005,45.481756
-123.698978,40.918717
-123.698755,42.072939
-123.698636,44.662888
-123.698433,46.16671
-123.69815,45.910941
-123.69814753473425,45.91095328309101
-123.698093,41.188115
-123.698035,43.010434
-123.697545,45.060612
-123.697345,45.91088
-123.69693,46.334019
-123.696574,44.619742
-123.696506,39.080775
-123.696177,40.921412
-123.695732,42.07687
-123.695703,42.076859000000006
-123.694825,41.071649
-123.69446,41.098101
-123.694205,41.082348
-123.693804,42.079292
-123.693784,46.16659
-123.693532,41.081752
-123.693417,39.073504
-123.693259,44.660608
-123.69289040506509,41.09780430774165
-123.692561,39.143001
-123.692518,38.907493
-123.692445,38.90883400000001
-123.692394,38.911418
-123.692287,41.083674
-123.691911,43.998788
-123.691727,46.321419
-123.691701,40.448836
-123.691632,43.672671
-123.69144,38.950144
-123.691352,44.363989
-123.691251,43.014664
-123.691142,38.910851
-123.691124,45.908869
-123.69111399999998,40.924741
-123.691047,39.378832
-123.690991,38.936541
-123.690893,41.082499
-123.690571,44.353573
-123.690525,38.951124
-123.690247,46.318401
-123.690238,46.318382
-123.690143,39.066535
-123.690143,39.066549
-123.690033,39.37796
-123.689847,42.084366
-123.689785,44.619534
-123.6897790426078,41.162220239443
-123.689278,48.077011
-123.688597,39.002366
-123.688591,39.65978
-123.688583,39.377312
-123.688582,45.094427
-123.688309,39.02813
-123.688145,44.10182800000001
-123.688116,38.89912
-123.688092,39.02259
-123.687909,39.021377
-123.687628,39.03350800000001
-123.687517,40.930197
-123.6875045293632,40.93019843081984
-123.687496,45.489992
-123.687449,39.034051
-123.687117,38.955397
-123.68709683359296,38.95538449268839
-123.68709683359296,43.999203443317406
-123.687096,43.999203
-123.687088,41.073818
-123.687061,41.073962
-123.686952,38.966786
-123.686944,40.443465
-123.686934,40.100796
-123.686517,45.904644
-123.686496,41.067404
-123.686425,38.98292
-123.68637,44.102367
-123.685963,38.958343
-123.685655,39.039568
-123.68561499999998,41.063386
-123.685579,41.07381
-123.685448,41.12307
-123.685412,41.062373
-123.685364,41.062302
-123.685273,41.061658
-123.685213,39.020965
-123.685168,41.158098
-123.68514418543012,41.15810036639615
-123.68502,41.127869
-123.68471503198776,39.37539696674644
-123.684686,39.375441
-123.68420004785688,45.90228438355493
-123.683784,41.14115
-123.683627,46.063238
-123.683459,44.618806
-123.683408,48.122291
-123.683276,41.049537
-123.683166,45.900708
-123.683145,38.894512
-123.682786,38.936034
-123.682785,41.053384
-123.68232,46.063492
-123.681729,41.052288
-123.681651,43.023697
-123.681559,41.139923
-123.681106,42.099609
-123.681104,39.178861
-123.681101,40.93159
-123.68103,41.056061
-123.680655,40.095023
-123.680615,41.05116
-123.680443,45.493069
-123.680399,39.834581
-123.680342,43.679745
-123.680307,45.89797100000001
-123.680199,45.8979
-123.68002,42.102679
-123.679958,41.055307
-123.679391,45.493959
-123.679332,45.093745
-123.679221,41.05480900000001
-123.679136,45.057882
-123.678935,44.619091
-123.678757,41.146312
-123.678635,42.106606
-123.678603,44.656738
-123.678428,42.107168
-123.678314,46.060516
-123.678253,43.997772
-123.678158,45.495498
-123.67758,42.10952800000001
-123.677445,43.028558
-123.677214,40.439583
-123.6772,44.655331
-123.677069,42.110986
-123.677063,42.111031
-123.67705464,42.11097121
-123.676981,45.058917
-123.67653500000002,46.170075
-123.676322,41.058924
-123.676008,43.030523
-123.675983,39.658756
-123.675654,45.899024
-123.675481,44.653733
-123.675414,45.09124
-123.675365,48.119492
-123.67512345255052,44.1052472589297
-123.674594,42.11775
-123.67453799999998,41.05043
-123.674403,45.496933
-123.67431299999998,38.883192
-123.674028,46.169577
-123.673997,38.882997
-123.673414,43.034075
-123.673134,39.277189
-123.672771,41.045378
-123.672589,43.035185
-123.672484,48.119368
-123.672197,45.060012
-123.67208,43.035879
-123.67149710596244,41.19631648044015
-123.671471,41.038597
-123.671142,46.327957
-123.670664,42.124428
-123.67066,38.8805
-123.670656,40.936426
-123.670555,48.073421
-123.669979,42.125546
-123.669828,46.168733
-123.669794,40.440975
-123.669422,45.902319
-123.669281,41.036201
-123.669251,41.03608
-123.668947,41.033651
-123.668832,41.051673
-123.668534,45.496413
-123.668273,45.060797
-123.668218,41.03138
-123.668162,45.902669
-123.667831,45.060881
-123.667709,42.129326
-123.667531,45.089787
-123.666962,48.11911
-123.666847,41.050442
-123.666829,43.043125
-123.666572,43.04346
-123.666481,38.95438
-123.666297,42.131646
-123.666134,42.131904
-123.665991,41.049724
-123.665967,46.167959
-123.6656,45.496191
-123.66553,41.04072
-123.665224,43.639832
-123.664728,45.088227
-123.66397,41.201292
-123.663654,46.167496
-123.662384,40.088482
-123.66210900000002,43.649819
-123.66210900000002,46.975829
-123.662039,44.649496
-123.66188,40.944157
-123.66175532282035,45.0857985017534
-123.661755,45.085798
-123.661496,41.207428
-123.660928,39.169606
-123.660508,39.829286
-123.660271,42.139684
-123.659844,40.444769
-123.659676,40.944397
-123.659671,43.642671
-123.65951499999998,39.358879
-123.659377,45.901479
-123.659255,46.166629
-123.65924477518244,46.16662144638936
-123.659188,41.041394
-123.658357,39.35926
-123.65834355295344,39.359260797312935
-123.658219,42.142422
-123.6579358571832,40.9442317483857
-123.657859,45.060201
-123.657725,42.143051
-123.656959,41.238898
-123.656927,42.144064
-123.656776,45.900612
-123.656631,41.026818
-123.656621,44.002238
-123.65653600000002,40.44422
-123.655973,41.040823
-123.65596,46.976289
-123.655629,44.002
-123.65561842859432,44.0019929406929
-123.655618,44.001992
-123.6555,45.059702
-123.65542,46.165842
-123.65538,43.65837
-123.654999,46.976398
-123.65498999999998,45.491822
-123.654834,40.473518
-123.654648,40.475556
-123.65463137567684,40.47555327396166
-123.654552,46.941691
-123.654343,38.870564
-123.65426,45.05944
-123.653886,41.025276
-123.653859,44.001975
-123.65383744180843,44.001971483020775
-123.653837,44.00197100000001
-123.653837,45.899018
-123.653805,43.059527
-123.653658,45.898898
-123.653553,38.869272
-123.65353600000002,38.869214
-123.6533653730218,40.45368790607236
-123.653076,43.060726
-123.653051,48.072415
-123.652837,42.149491
-123.652577,41.224249
-123.652548,42.149851
-123.652458,41.02441
-123.65229248941588,41.02429032306183
-123.652113,43.672427
-123.65205646,43.672961
-123.65205645502256,43.67296099641956
-123.652056,43.67296
-123.651978,44.649703
-123.651882,45.08337
-123.651377,40.074442
-123.651345,38.856882
-123.65128,41.028435
-123.651222,42.198448
-123.65121299999998,42.198392
-123.651203,42.199224
-123.651126,43.646017
-123.651077,42.197535
-123.650932,42.197208
-123.650754,45.058702
-123.65072,42.196734
-123.650694,42.196666
-123.650665,42.201501
-123.650626,42.152584
-123.650465,42.195781
-123.650422,42.19563
-123.650352,42.202758
-123.650278,42.153327
-123.650134,42.153656
-123.650122,42.193845
-123.65001399999998,42.19337700000001
-123.649776,42.205911
-123.649758,46.976609
-123.649753,42.206096
-123.649653,46.03957
-123.649582,42.154941
-123.649523,42.207796
-123.64924,44.62031500000001
-123.649132,46.94455
-123.649117,38.957063
-123.649079,46.944589
-123.649042,42.191444
-123.649029,41.005476
-123.648943,42.15664
-123.648902,42.19116
-123.648842,42.15686
-123.648715,42.21346
-123.648664,42.190676
-123.648592,42.214312
-123.648581,42.214389
-123.648427,45.491354
-123.64840865076228,39.832144975472296
-123.648356,42.190105
-123.648328,45.082905
-123.64827,41.006649
-123.648239,41.00713
-123.648198,42.217133
-123.648147,42.217479
-123.647957,42.218777
-123.647842,42.21957800000001
-123.647605,46.976522
-123.647591,46.976551
-123.647571,40.949942
-123.64753,42.160403
-123.647401,42.222691
-123.647346,41.008228
-123.64733,39.832852
-123.64732,46.164247
-123.647171,42.161387
-123.647114,42.224675
-123.647084,42.161664
-123.647054,42.225013
-123.646909,45.895556
-123.646901,42.164311
-123.6469,42.162419
-123.646874,42.1875
-123.646872,42.226285
-123.646851,42.1628
-123.64684224069764,42.16274857500952
-123.646797,42.163235
-123.646714,42.163892
-123.646517,42.165591
-123.646515,42.175258
-123.64651,46.164156
-123.646393,40.12067
-123.646381,40.120665
-123.646377,44.372477
-123.646348,42.166864
-123.646278,42.167403
-123.64616,42.228071
-123.646158,42.168359
-123.64604830682924,44.12001013734761
-123.64583600000002,44.003717
-123.645803,42.186354
-123.645681,45.058399
-123.645452,42.173727
-123.64528,42.185117
-123.645202,42.175608
-123.644985,40.998998
-123.64486200000002,42.183318
-123.644725,42.182717
-123.644678,42.178639
-123.644606,38.847594
-123.64458918512511,46.97656273819457
-123.644454,44.620016
-123.64436299999998,42.180392
-123.64396399999998,40.063624
-123.64373087824038,41.250711679261926
-123.64368600000002,45.894495
-123.6433,43.064585
-123.643158,40.95649
-123.643121,43.648176
-123.643068,40.954701
-123.642982,40.998688
-123.64244,42.231827
-123.642406,38.846604
-123.642256,40.047408
-123.64197,46.976576
-123.641834,46.164293
-123.64179968774964,40.9778344629241
-123.641799,40.977834
-123.641563,40.965259
-123.641546,41.250804
-123.640049,43.649145
-123.639773,40.971188
-123.63956808984928,44.30141329744195
-123.6395,40.972618
-123.638839,43.998046
-123.638811,45.892902
-123.638501,43.066918
-123.638399,41.009311
-123.638271,39.26932100000001
-123.638242,40.949591
-123.638089,38.912761
-123.637954,45.08298900000001
-123.637833,45.490222
-123.637743,39.159646
-123.637683,46.976571
-123.637681,43.068063
-123.637624,41.019271
-123.637344,40.948555
-123.637222,41.015793
-123.637088,48.117648
-123.636891,40.948011
-123.63688799999998,39.357711
-123.6365,40.940984
-123.636449,40.991468
-123.636288,40.069064
-123.6362421506708,43.650301694661856
-123.636226,45.490697
-123.63589882791692,44.30950283983083
-123.635525,38.842696
-123.63552,40.946411
-123.63544821680244,39.83435511570057
-123.635175,40.946021
-123.634656,42.243038
-123.634367,39.35783
-123.634099,42.15912700000001
-123.634048,40.94453
-123.633962,45.491411
-123.633927,42.159075
-123.633865,48.117862
-123.63346,46.943998
-123.63343,42.158951
-123.633413,42.15893300000001
-123.633287,40.939821
-123.632808,40.129155
-123.632383,44.614447
-123.632382,42.245935
-123.632328,38.840273
-123.632197,44.614335
-123.632134,45.07997
-123.631994,46.164923
-123.63199353159126,46.16492629029196
-123.631864,39.834022
-123.631805,39.834675
-123.631793,43.997126
-123.631597,39.834688
-123.6315,40.939381
-123.631432,40.939381
-123.631289,40.940226
-123.631268,43.996706
-123.631241,43.9967
-123.630852,38.903633
-123.630615,45.89027100000001
-123.63048700000002,40.970421
-123.630439,40.972143
-123.630324,45.492557
-123.630126,40.947889
-123.63007,40.952847
-123.629983,42.248261
-123.62982,40.93897
-123.629775,45.058332
-123.629738,45.058331
-123.62941200000002,43.065702
-123.629387,40.138596
-123.629344,42.156969
-123.629087,42.248892
-123.628544,40.93865
-123.628421,44.609916
-123.628357,40.022901
-123.628341,45.889804
-123.628224,39.833677
-123.62821698129832,39.83366847019274
-123.628216,39.833668
-123.627832,46.976575
-123.62783074320016,46.97656273819457
-123.627694,42.155118
-123.627278,42.24955900000001
-123.626999,43.651093
-123.626892,40.488689
-123.62685,40.488662
-123.626718,45.079983
-123.62671494424995,41.00032210330486
-123.62671494424995,45.079983472609136
-123.626714,41.000322
-123.626711,41.000334
-123.626067,38.879402
-123.6259639257258,46.02229714371671
-123.62596299999998,46.022297
-123.625882,40.92305800000001
-123.625795,42.152977
-123.625755,45.058318
-123.625671,46.945069
-123.625661,39.832871
-123.625508,39.358109000000006
-123.625397,45.889456
-123.625282,40.932263
-123.62493395746408,46.02045178391448
-123.624933,46.020451
-123.624859,40.934564
-123.624847,45.88932
-123.624333,46.165418
-123.62431399999998,44.65142
-123.624311,43.063712
-123.624141,43.995627
-123.623711,38.8946
-123.623619,38.832258
-123.623454,42.25384
-123.623258,45.058315
-123.623085,46.975681
-123.623007,40.954753
-123.622803,40.941965
-123.62265,44.604287
-123.622267,40.923644
-123.622171,38.908728
-123.622057,42.268562
-123.621803,45.058309
-123.621512,43.994467
-123.621371,40.92240200000001
-123.621154,44.604024
-123.621068,39.154975
-123.620834,42.25555
-123.620796,42.255577
-123.620715,45.888936
-123.620642,38.891745
-123.620613,42.147934
-123.619919,40.235631
-123.619865,46.975166
-123.619703,42.268531
-123.619671,42.268924
-123.619659,40.920158
-123.619555,45.080013
-123.61954808176222,45.080004930281255
-123.619532,42.269701
-123.61942,39.986027
-123.619284,42.266357
-123.619218,42.256878
-123.619214,46.165742
-123.619117,40.919398
-123.618768,45.888405
-123.618597,45.515305
-123.618519,42.261295
-123.618516,42.263659
-123.618423,42.262682
-123.618317,38.890472
-123.618061,45.888163
-123.617418,42.27539
-123.617406,42.279255
-123.617385,38.830479
-123.61678,39.993624
-123.616651,40.231705
-123.616555,38.889007
-123.616333,46.948212
-123.616256,44.603338
-123.61618,44.652424
-123.61603999999998,39.645466
-123.616026,42.279259
-123.615821,42.279832
-123.615778,40.909789
-123.615743,38.829701
-123.615563,42.280554
-123.615506,43.99546
-123.61541,45.494881
-123.615355,45.07999
-123.615258,39.830542
-123.6145,40.491964
-123.614459,45.521613
-123.614343,42.283829
-123.614312,39.354204
-123.614271,40.491929
-123.614258,42.28406
-123.614135,43.649783
-123.614131,46.002364
-123.61411929071608,46.00236296631813
-123.614119,46.002362
-123.61398,40.885372
-123.613811,39.354027
-123.613708,43.996487
-123.613603,45.058587
-123.613328,42.286557
-123.613312,43.996773
-123.613134,39.353914
-123.613105,40.491732
-123.612943,42.287562
-123.612785,40.888541
-123.612763,44.134106
-123.612665,45.494852
-123.612645,42.288457
-123.612454,45.506843
-123.612386,42.290044
-123.612354,42.2919
-123.612329,42.293287
-123.612329,42.294355
-123.612323,42.294714
-123.612275,42.296623
-123.612271,39.154266
-123.611895,45.080026
-123.611893,45.080021
-123.611774,48.118734
-123.611646,46.166232
-123.611633,46.166222
-123.61156582773393,45.50660490967986
-123.61154,42.301206
-123.611398,45.058893
-123.611253,45.058914
-123.611132,42.303108
-123.610786,40.491625
-123.61051299999998,44.014919
-123.610447,38.882039
-123.609973,40.176445
-123.609849,40.900509
-123.609294,45.080031
-123.609282,43.64991
-123.609279,45.059189
-123.609244,45.059894
-123.609171,39.353286
-123.609143,38.903618
-123.608917,45.494809
-123.608683,44.004385
-123.608675,40.175573
-123.608651,42.310154
-123.60864758432574,42.3101413247952
-123.608597,45.88438
-123.60855,44.020833
-123.607622,42.14741400000001
-123.6073601239986,42.311900853908966
-123.60736,42.3119
-123.607332,44.027588
-123.607315,43.069844
-123.606572,39.827782
-123.606254,45.500974
-123.605882,44.028699
-123.605548,44.007951
-123.605482,45.080041
-123.605127,39.642198
-123.605122,39.828353
-123.605114,40.172946
-123.605042,45.995255
-123.604886,45.979367
-123.604681,45.50000900000001
-123.604599,44.009441
-123.604578,44.009446
-123.604556,40.888148
-123.604383,40.88806
-123.603921,39.349323
-123.603826,43.070814
-123.603768,46.166747
-123.603701,40.901236
-123.603675,45.55532
-123.603577,42.147416
-123.603565,45.546578
-123.603455,38.821353
-123.60339045465658,43.64918589571166
-123.60339,43.649185
-123.603229,45.877847
-123.60308,44.600503
-123.602699,45.550829
-123.6026394361324,39.265726804546034
-123.602574,43.07083400000001
-123.602555,45.548969
-123.60215,45.993973
-123.601856,45.87425800000001
-123.601821,39.265663
-123.601749,44.029905
-123.601645,45.87376
-123.601636,40.221315
-123.601471,38.958975
-123.60145926416588,38.95896792393228
-123.601311,46.975433
-123.601238,40.888805
-123.601181,39.159054
-123.60118031442828,45.05824685075255
-123.60118,45.058246
-123.600467,46.166958
-123.60025,38.818645
-123.600159,46.97567700000001
-123.600023,42.319357
-123.599879,45.496648
-123.599834,45.558412
-123.599125,40.493145
-123.598894,44.377936
-123.598701,44.380361
-123.598692,44.380488
-123.598419,48.116829
-123.598291,44.030169
-123.598269,48.116789
-123.5979,46.97703900000001
-123.597481,46.97557800000001
-123.597317,38.849162
-123.597072,44.38189600000001
-123.596976,39.827685
-123.596619,45.558357
-123.596531,42.323495
-123.596407,44.3819
-123.59633,39.827231
-123.596269,39.6365
-123.59584,40.492081
-123.594907,40.49198300000001
-123.594067,39.826045
-123.594055,45.865986
-123.593976,44.030485
-123.593941,45.86591
-123.593866,39.34714
-123.593703,38.810199
-123.593618,42.149194
-123.592782,45.077427
-123.59259,39.277962
-123.592582,39.277735
-123.591986,44.1372
-123.59168,45.864747
-123.591612,42.330009
-123.591299,39.26462100000001
-123.591191,39.888274
-123.590999,45.059172
-123.590944,42.330743
-123.59091,45.059183
-123.590784,45.559337
-123.59060168207364,39.25220847111105
-123.590573,45.864363
-123.590484,45.560289
-123.59027981699184,45.56059241273136
-123.590279,45.560592
-123.589093,38.80670300000001
-123.58904,40.880228
-123.588981,40.185083
-123.58892798364836,41.278907060426334
-123.588731,43.075199
-123.588582,42.33309000000001
-123.588529,39.264746
-123.588451,45.059401
-123.588402,44.030231
-123.588227,42.333489
-123.588029,41.278997
-123.5880053037472,41.27899289111481
-123.58671499999998,45.05953
-123.586618,45.076559
-123.58641,45.076528
-123.586065,45.561996
-123.586041,45.863703
-123.58582,40.888772
-123.585435,38.803545
-123.585336,39.160878
-123.585186,38.803551
-123.585136,38.80357
-123.584953,44.596488
-123.58472227991302,45.95893263794918
-123.584635,45.059723
-123.584563,42.150309
-123.584296,44.146178000000006
-123.584106,39.161072
-123.583994,39.161096
-123.58399271906096,39.16109919529361
-123.583977,40.891441
-123.5839068883725,44.147840738086
-123.583721,44.149723
-123.583666,39.630807
-123.582904,38.859532
-123.582777,42.336563
-123.582638,45.059963
-123.582512,39.161151
-123.582483,43.077691
-123.582289,38.80360200000001
-123.581846,46.168674
-123.581757,46.168152
-123.58175,46.168173
-123.58123700000002,44.173144
-123.581091,45.864528
-123.580876,44.172746
-123.580407,40.893
-123.580363,40.907269
-123.580195,42.151229
-123.580098,39.626954
-123.579976,40.184464
-123.579945,43.0789
-123.579941,40.184471
-123.579719,39.827699
-123.579391,42.338452
-123.579163,38.811421
-123.577946,48.065433
-123.577932,44.031564
-123.577628,44.031697
-123.577345,45.866445
-123.577263,45.866451
-123.577251,44.031858
-123.576874,48.06543
-123.576761,39.828131
-123.576687,45.076222
-123.576579,45.074192
-123.576546,45.075085
-123.57651,42.339644
-123.576451,45.072167
-123.576375,45.866888
-123.576081,38.80101
-123.575812,48.068787
-123.575345277197,39.82800364475332
-123.575321,39.348602
-123.57501200000002,40.891449
-123.57473799999998,45.065162
-123.574679,44.032458
-123.574614,38.801719
-123.574434,42.154178
-123.574218,45.064616
-123.574218,48.114629
-123.573887,44.600025
-123.573688,38.800855
-123.573018,44.160786
-123.572903,39.158685
-123.57268452585424,43.59858870485497
-123.572528,45.06161
-123.572524,44.161437
-123.57247,45.061539
-123.572374,45.867128
-123.572316,39.827422
-123.572306,45.061971
-123.572199,45.061576
-123.572044,45.06163400000001
-123.571991,39.827389
-123.571991,42.342495
-123.571799,39.827373
-123.5716,45.061724
-123.57159018457617,45.06172299363583
-123.571589,43.639191
-123.57132,48.11467
-123.571275,48.114648
-123.571056,38.798211
-123.570943,43.087008
-123.570765,45.866481
-123.570367,40.889576
-123.57023,43.638708
-123.570174,40.889543
-123.570167,45.568622
-123.570061,43.090908
-123.56996200000002,43.091629
-123.569793,44.600299
-123.56974,46.360142
-123.569555,43.638407
-123.569469,39.826443
-123.569039,43.63813
-123.568579,45.873265
-123.568493,42.343611
-123.567871,43.637371
-123.567623,39.824775
-123.567608,41.265679
-123.567284,42.343971
-123.56727719248023,42.34398007372692
-123.567277,42.34398
-123.567012,48.075179
-123.566103,45.864182
-123.565912,41.289887
-123.565608,43.635646
-123.565094,41.296199
-123.564955,40.890859000000006
-123.564768,40.191181
-123.56450915277684,39.346407651713626
-123.564291,44.600549
-123.564254,39.82027
-123.564156,39.818902
-123.56414,39.81865300000001
-123.564135,43.634991
-123.56412,45.062122
-123.56408,39.81829000000001
-123.563874,43.634933
-123.563517,43.634662
-123.56349,43.634869
-123.563444,44.415606
-123.562986,39.346457
-123.562835,39.160669
-123.56279,46.169929
-123.561978,39.816291
-123.56183,38.791958
-123.561774,44.18862
-123.561188,45.882092
-123.561147,45.882058
-123.561077,45.862593
-123.560989,46.98296
-123.560883,39.81570900000001
-123.56056,45.868188
-123.560501,40.890418
-123.560272,40.888618
-123.560187,45.877549
-123.560174,41.296657
-123.560048,38.790582
-123.559916,38.790473
-123.559876,42.347661
-123.559447,45.578779
-123.559337,44.600806
-123.5592305654356,46.98325753189573
-123.55921200000002,46.983181
-123.559087,44.034945
-123.559059,43.098514
-123.558694,48.085043
-123.558626,45.859326
-123.558393,48.084239
-123.55821,44.035123
-123.558201,45.87425
-123.557823,42.34859
-123.557602,45.884201
-123.557016,44.600944
-123.5569,39.352886
-123.556869,45.948524
-123.556692,44.03542
-123.556494,45.060902
-123.556452,46.171529
-123.556375,48.090117
-123.556272,38.786577
-123.55621,40.949176
-123.555875,43.556828
-123.555779,45.861182
-123.55551,41.089253
-123.55548,45.586795
-123.555386,40.88435
-123.55514,45.858874
-123.555003,44.600867
-123.554981946356,43.56876254060951
-123.554529,45.060119
-123.554498,45.06010300000001
-123.55448841989728,43.58202338197908
-123.554466,40.470449
-123.554266,44.600742
-123.554231,38.944596
-123.554222,39.351341
-123.554217,38.823157
-123.554154,40.504841
-123.554118,42.351621
-123.55405926645491,39.351300000956776
-123.554059,39.3513
-123.553883,43.638279
-123.55384468973372,45.858296155710896
-123.553564,44.186876
-123.553495,44.036537
-123.55337,42.352323
-123.553105,48.09157800000001
-123.55263,45.059407
-123.552518,45.858337
-123.552483,45.858479
-123.552456,45.858526
-123.552429,38.784001
-123.552342,43.552763
-123.5522353643248,45.88395953156528
-123.552118,44.599999
-123.551747,41.298932
-123.551456,41.299181
-123.551242,42.355015
-123.551077,42.157647
-123.5504,43.101848
-123.55033799999998,43.550385
-123.550283,39.809175
-123.550192,45.858242
-123.549514,44.597644
-123.549194,43.541249
-123.549146,39.261343
-123.549115,38.818768
-123.549006,43.53712700000001
-123.548935,39.808461
-123.548799,45.057772
-123.548769,45.586461
-123.548743,41.29977
-123.548525,44.039002
-123.548497,39.349482
-123.548424,46.173222
-123.548418,46.173254
-123.548094,42.156997
-123.548094,42.157003
-123.547716,38.781582
-123.547182,38.781271
-123.547157,42.358061
-123.546836,45.857802
-123.546687,43.637987
-123.54667782724596,43.63798499086553
-123.546677,43.637984
-123.546614,41.299966
-123.546448,39.154427
-123.546366,39.771983
-123.545914,39.774479
-123.545898,39.774515
-123.54588389337758,39.77450966816056
-123.545529,39.770679
-123.545485,43.103697
-123.545426,41.300097
-123.54525,39.769818
-123.545064,38.781701
-123.544695,39.152745
-123.544614,39.78585
-123.544351,45.889398
-123.544341,44.043456
-123.544312,39.787433
-123.544136,45.857381
-123.544133,40.15589600000001
-123.544,39.776751
-123.543943,48.095688
-123.543789,39.803561
-123.54378104150987,45.94648718812015
-123.543739,42.361305
-123.543708,39.766325
-123.543641,42.361359
-123.543518,40.46523300000001
-123.543219,42.361746
-123.543098,39.782906
-123.543014,48.096111
-123.542897,39.799838
-123.542847,39.781287
-123.542699,38.812784
-123.542696,39.150928
-123.542587,45.054935
-123.542511,44.590466
-123.542351,39.797871
-123.5423004621337,39.79781270008184
-123.5423,39.797812
-123.542189,42.362589
-123.541496,40.152193
-123.541481,48.098782
-123.541222,42.157021
-123.541157,42.156981
-123.540908,39.762032
-123.540878,42.363239
-123.540872,42.363231
-123.54071299999998,40.154799
-123.540671,38.95381
-123.540613,44.046739
-123.540475,45.855485
-123.540268,39.761024
-123.540258,38.77571
-123.540203,40.153717
-123.539998,41.575215
-123.539832,48.097498
-123.5396,44.047293
-123.539565,45.85457
-123.538949,45.85219
-123.53894,41.284943
-123.538834,45.851413
-123.538648,44.047428
-123.538454,44.426404
-123.538154,40.877068
-123.537572,39.758202
-123.537564,41.30275
-123.537297,45.052463
-123.53727936685782,45.05245327928042
-123.537196,46.175287
-123.537147,45.589032
-123.537135,45.89735200000001
-123.53694099999998,45.849363
-123.536881,45.052393
-123.536858,42.364254
-123.536788,39.754324
-123.536584,46.175385
-123.535948,45.58928
-123.535495,38.773096
-123.535267,44.194833
-123.535166,40.874191
-123.535069,42.364189
-123.535055,41.572843
-123.534966,44.433867
-123.534858,38.804701
-123.534851,45.848923
-123.53474736154776,43.10658574083754
-123.534478,45.848926
-123.53446841181022,45.84891915299488
-123.534468,45.848919
-123.534461,38.772624
-123.534447,44.05249
-123.534376,39.750855
-123.534127,38.778703
-123.533796,39.139352
-123.533689,38.77782
-123.533387,44.053211
-123.533224,44.054411
-123.533163,39.799629
-123.533028,40.46402
-123.532879,45.589911
-123.532826,42.363902
-123.532706,44.055112
-123.532661,42.363892
-123.53242,42.15635
-123.532384,39.34861
-123.532096,38.781145
-123.531818,39.749326
-123.531563,39.13076
-123.531434,40.872778
-123.53136200000002,43.524707
-123.531333,38.783138
-123.531165,43.107473
-123.531115,39.348675
-123.531016,44.19269
-123.53076,38.768712
-123.530674,40.464337
-123.530503,39.74886
-123.530415,42.363585
-123.529961,41.303987
-123.529638,44.439831
-123.529522,43.523751
-123.529446,39.128722
-123.52940900000002,40.457923
-123.529321,38.786347
-123.529182,39.801958
-123.52917,45.849428
-123.529015,44.592315
-123.528697,39.636348
-123.528613,44.064624
-123.52861046732173,44.06424164751022
-123.52854609430536,41.54517531375148
-123.528426,44.067334
-123.528387,44.06740900000001
-123.52813,39.74803
-123.527987,38.765817
-123.527905,40.871742
-123.52760195673214,41.99237465838437
-123.527548,45.591001
-123.527504,44.191983
-123.527471,38.765503
-123.527433,43.108411
-123.527404,45.940865
-123.52738738001096,45.94086527802495
-123.527237,38.76535
-123.527157,38.765331
-123.52708697260128,41.52376055697668
-123.526974,45.896762
-123.526785,41.525385
-123.526126,38.764673
-123.525843,44.593713
-123.525827,44.070747
-123.52539181650388,41.53333067874178
-123.524875,45.591318
-123.524683,42.362843
-123.524519,45.050785
-123.524414,39.077663
-123.524133,44.44504600000001
-123.524108,39.74587800000001
-123.52391123712763,40.87050318698468
-123.523901,44.071937
-123.523891,39.347179
-123.52378249109496,41.501981019775855
-123.52354645670164,40.46001791934748
-123.523444,40.459906
-123.523415,44.595084
-123.52312,43.109495
-123.522842,43.647441
-123.522464,40.869915
-123.521875,42.362518
-123.521858,42.362518
-123.52167963922729,38.96394610386389
-123.521533,45.591655
-123.52152943552244,45.591663121959726
-123.521385,46.991505
-123.521191,43.109985
-123.520598,38.76563400000001
-123.52002739847411,41.326156854432455
-123.520004,40.402284
-123.51958700000002,38.760503
-123.519458,43.110421
-123.519221,43.648179
-123.51901888788451,45.93333363511117
-123.519018,45.93333300000001
-123.518821,46.175936
-123.518764,40.873021
-123.518692,40.428501
-123.518444,44.192187
-123.518395,42.362401
-123.51828,39.742277
-123.518255,43.515092
-123.518217,38.759653
-123.518072,39.8074
-123.517985,41.32167800000001
-123.517962,43.110793
-123.517667,45.841306
-123.516783,40.426807
-123.516706,39.665584
-123.516622,39.063119
-123.516597,39.121081
-123.516355,39.741094
-123.51634,40.864515
-123.515736,43.11134000000001
-123.51547,38.754093
-123.515239,45.839044
-123.51522087991944,45.83904862382011
-123.51522,45.839048
-123.515007,44.073711
-123.514996,44.073713
-123.514686,39.117097
-123.51463400000002,42.363352
-123.51461100000002,39.739407
-123.514587,39.11697
-123.514573,39.348219
-123.514449,43.513408
-123.514128,38.778446
-123.514003,43.649199
-123.513937,39.66794
-123.513775,39.348047
-123.513743,45.050753
-123.51374030054323,45.05075812318301
-123.513702,46.993614
-123.513651,40.41897
-123.51339,38.777285
-123.513369,39.729316
-123.513298,44.074048
-123.513269,39.348062
-123.512847,42.363941
-123.512556,43.650422
-123.51249575556034,40.455125570104336
-123.512211,42.36414
-123.512169,42.36417
-123.51203999999998,39.348624
-123.512009,45.594264
-123.5120022291016,45.59425950028613
-123.511543,46.34585300000001
-123.511467,38.749271
-123.511413,45.05074000000001
-123.511273,43.653458
-123.510984,39.732275
-123.51094,39.732243
-123.510767,42.164155
-123.510664,39.352164
-123.510148,39.731675
-123.509879,42.365097
-123.50970625818483,45.89636206605008
-123.509352,39.356447
-123.50934147775884,39.35644984226533
-123.509341,39.356449
-123.509139,39.357352
-123.508954,39.730818
-123.50888,39.818065
-123.508683,38.751607
-123.508349,42.366686
-123.508287,39.112414
-123.50805401743168,43.510998487265056
-123.508053,43.510995
-123.507922,44.599282
-123.507858,45.832878
-123.507603,42.367606
-123.507589,45.835113
-123.507326,45.934035
-123.507214,44.464689
-123.507072,39.111221
-123.507049,39.111193
-123.50691,44.190427
-123.506559,39.557812
-123.50616,42.369318
-123.506097,43.656662
-123.505746,39.554316
-123.505574,43.65681
-123.505545,40.860955
-123.505477,43.113995
-123.50545763910527,43.11398863771861
-123.50521299999998,46.175508
-123.50520014703986,46.17550492264664
-123.505168,45.934055
-123.504849,43.657011
-123.504459,39.673173
-123.504178,42.46793
-123.503923,44.466688
-123.503922,48.102749
-123.503419,40.375876
-123.503323,39.724615
-123.503018,40.449632
-123.50258999999998,42.483139
-123.502159,42.16453
-123.502115,45.934682
-123.50198600000002,45.934711
-123.501918,40.449706
-123.501889,46.997759
-123.501768,40.86241500000001
-123.501614,39.671533
-123.501488,42.438234
-123.501278,46.997929
-123.501232,42.463604
-123.501104,42.372337
-123.501089,42.452442
-123.500717,39.719147
-123.500596,45.051899
-123.500382,44.467968
-123.500066,45.052177
-123.499942,44.073441
-123.49976200000002,44.60158300000001
-123.499619,42.449386
-123.4992,42.461717
-123.49894,39.715832
-123.498917,39.715817
-123.49876,39.715625
-123.498756,38.742875
-123.498612,45.052712
-123.498524,38.742798
-123.498518,44.073324
-123.497345,42.166088
-123.496755,45.053423
-123.496754,39.105112
-123.49671399999998,39.851881
-123.496588,40.445185
-123.496579,39.680459
-123.496503,45.601126
-123.496002,42.377327
-123.49586605966807,44.46921229341283
-123.495866,44.469212
-123.495633,42.484356
-123.495262,40.444511
-123.495201,44.602879
-123.49515900000002,39.67701
-123.495063,45.055422
-123.495059,39.677899
-123.49505066812756,45.055414438032855
-123.49505,44.602905
-123.495036,39.680076
-123.494873,45.053959000000006
-123.494406937964,45.05432009675477
-123.49438700000002,40.814272
-123.49398,45.922813
-123.493822,45.055642
-123.49373500000002,45.825085
-123.493713,45.823559
-123.49365,45.823741
-123.49363446176773,45.82374930359924
-123.493634,45.823749
-123.493612,41.383372
-123.49353700000002,48.103754
-123.49353,41.384567
-123.493502,40.81272
-123.49335551203016,45.054706334852895
-123.493252,39.687847
-123.492973,39.233574
-123.492913,40.855443
-123.492605,43.501807
-123.492604493506,43.50179314592599
-123.492466,45.06299600000001
-123.492456,39.716546
-123.492244,39.102552
-123.49213799999998,39.710957
-123.492067,45.053711
-123.492048,45.060298
-123.49172472894912,40.85419535617421
-123.491721,40.85420300000001
-123.491622,44.07275900000001
-123.49157,45.055405
-123.491415,45.055455
-123.491234,43.500048
-123.491032,46.3212
-123.490975,42.380575
-123.490843,39.709628
-123.490774,39.709554
-123.490531,44.471359
-123.490036,43.663009
-123.489802,45.813884
-123.4895789617372,42.49635100344421
-123.489532,42.493914
-123.489294,45.054632
-123.489127,43.497158
-123.488891,41.947947
-123.488813,41.380185
-123.488708,40.834717
-123.488565,40.83359
-123.488405,44.604847
-123.488349,41.37961
-123.48829150141006,38.9613711832096
-123.488152,45.05386
-123.487908,39.704507
-123.487729,45.068785
-123.487656,39.703739
-123.487543,45.812316
-123.487517,45.05344
-123.487408,45.069096
-123.487276,46.169886
-123.48726153314834,46.16988301255145
-123.487261,46.169883
-123.487241,40.838576
-123.486918,39.701761
-123.48688,42.382012
-123.486707,39.099306
-123.486328,40.839211
-123.486328,40.849434
-123.486328,45.052614
-123.486091,45.069907
-123.485703,39.084283
-123.485529,45.07015300000001
-123.48501,43.490335
-123.48427,42.382818
-123.48408,40.825286
-123.484068,44.070371
-123.484048,44.60658400000001
-123.483433,40.845073
-123.483406,40.822068
-123.483368,40.847721
-123.483101,39.687778
-123.48288,39.380428
-123.482692,45.050093
-123.482597,39.687801
-123.482358,43.486712
-123.482349,39.68695200000001
-123.482301,44.189954
-123.482298,39.685423
-123.482119,43.101751
-123.4821116918398,43.10175776461076
-123.482111,43.101757
-123.481978,39.686704
-123.481857,45.079993
-123.481781,46.168049
-123.481719,40.849866
-123.481636,46.999451
-123.481547,42.433221
-123.481542,45.059706
-123.48153899999998,45.04929600000001
-123.48123192728286,46.99930787064076
-123.480972,48.104991
-123.480822,40.200739
-123.480568,39.685768
-123.480311,42.383265
-123.480093,45.060616
-123.479859,44.608322
-123.479858,44.069317
-123.47960114420184,38.97583365421784
-123.47929,45.061323
-123.47907,43.483091
-123.479015,40.204152
-123.478849,46.308874
-123.478841,43.473606
-123.478776,40.81296
-123.478763,45.081026
-123.478752,42.161949
-123.478665,42.161971
-123.478657,42.383323
-123.478623,44.608844
-123.478585,39.090541
-123.478563,38.733003
-123.478288,39.68408
-123.478218,39.68404
-123.477683,39.089987
-123.47765,40.431466
-123.477404,45.046422
-123.477264,39.089731
-123.477079,42.433213
-123.476922,45.063762
-123.476887,39.661158
-123.47683,39.682023
-123.476406,39.68133
-123.476344,39.652648
-123.476269,39.662401
-123.47621083200704,40.430985688970424
-123.476199,39.663116
-123.476108,40.810185
-123.475786,39.677036
-123.475775,42.159066
-123.475773,39.676872
-123.475671,39.675183
-123.475531,44.069302
-123.475477,43.101102
-123.475208,46.16957
-123.475106,43.472756
-123.47483,45.940935
-123.474715,45.082346
-123.47463700000002,42.156831
-123.47458600000002,42.42760300000001
-123.474368,40.808862
-123.47435,45.044312
-123.474309,46.169836
-123.474247,45.044231
-123.47423672617208,45.04423499085882
-123.473776,40.808094
-123.473739,45.082682
-123.473506,42.383487
-123.473478,45.064713
-123.47343899999998,42.42619000000001
-123.473073,38.72987
-123.47306100000002,38.729851
-123.472983,45.802604
-123.47297072351708,45.802592038889856
-123.472747,39.082938
-123.472747,43.66738400000001
-123.47273468912375,39.08292889576396
-123.47273468912375,43.66738200166861
-123.472409,43.102452
-123.47232699335348,41.37977957705793
-123.471741,39.640746
-123.471383,39.116642
-123.47133,44.069445
-123.471127,39.640113
-123.471115,44.611531
-123.471055,40.21112700000001
-123.471037,40.806625
-123.470818,45.083668
-123.47054600656764,45.94985604264282
-123.470352,43.666962
-123.470204,42.38359000000001
-123.469795,45.084241
-123.469694,38.728057
-123.469584,42.38361
-123.469553,46.543578
-123.46904396951928,44.47498440721285
-123.469043,44.611276
-123.46883400000002,45.06766
-123.46866,39.228635
-123.468484,39.634974
-123.468425,43.666824
-123.467926,44.068941
-123.467824,39.633799
-123.467493,45.607088
-123.4674775594546,45.60709118821331
-123.46727,46.285381
-123.467184,39.623052
-123.467074,39.563037
-123.466967,39.633007
-123.46653899999998,42.382855
-123.466533,42.382861
-123.466366,42.149633
-123.4661471837832,44.47464108445895
-123.466114,39.393271
-123.46610426843895,39.3932712076216
-123.466104,39.393271
-123.465832,46.170217
-123.46582531870142,46.17020487763322
-123.465751,38.725986
-123.464867,39.5678
-123.464821,42.389904
-123.464809,42.389993
-123.464685,42.417148
-123.464355,39.624775
-123.46423,39.625514
-123.464225,43.10622100000001
-123.464206,39.632891
-123.46419453562038,39.62439179401576
-123.464194,39.624391
-123.464126,39.624398
-123.464068,39.58355
-123.463964,45.797898
-123.463512,45.03893400000001
-123.463331,39.624507
-123.463249,39.630752
-123.462966,45.797418
-123.462894,39.626496
-123.462457,42.394367
-123.462433,39.628788
-123.462009,45.072043
-123.461978,45.79685
-123.46179,45.071851
-123.461702,45.606973
-123.461388,38.722304
-123.461384,44.607509
-123.460861,45.6069
-123.460836,39.616221
-123.46080422342555,45.95116496064209
-123.460649,42.142379
-123.46058,40.210522
-123.460421,42.414975
-123.460198,45.951084
-123.460078,45.606861
-123.459911,39.685369
-123.459859,45.795192
-123.459665,39.067783
-123.45919489801663,44.605854749466864
-123.45899,42.396258
-123.45898032129546,42.3962509630089
-123.458527,44.190457
-123.458164,42.396637
-123.458161,42.396637
-123.457959,39.609177
-123.457834,42.41225
-123.457715,42.140769
-123.45735,42.397025
-123.457293,44.06747100000001
-123.457054,45.033962
-123.456989,44.06744000000001
-123.456984,44.067438
-123.45689892709991,44.06743884065595
-123.456881,42.397245
-123.456799,43.10837
-123.456758,45.0866
-123.45661997736237,46.16917490937152
-123.456601,46.169193
-123.456558,46.16917
-123.456139,39.39415
-123.455765,39.39423
-123.455367,40.617273
-123.455088,46.27009
-123.454917,44.188836
-123.45456004083891,44.06703114488568
-123.45456004,44.06703114
-123.45456,44.067031
-123.454552,45.032623
-123.454453,45.032551
-123.454409,39.599651
-123.45417,39.59626
-123.45408797205228,39.596260785867706
-123.45408700000002,39.59626
-123.453777,43.463218
-123.453343,44.066349
-123.453007,40.608794
-123.452305,39.59253
-123.452043,43.46212
-123.451943,39.498881
-123.451427,39.497242
-123.451302,39.58902
-123.451118,45.029735
-123.45080494821808,45.07519841172658
-123.449898,45.789968
-123.449634,42.400811
-123.449617,44.489291
-123.449608,44.489288
-123.449512,40.414542
-123.449249,43.109482
-123.4492385381534,39.58718419056135
-123.449177,39.58723
-123.448881,39.587485
-123.44877,40.613725
-123.448329,42.401542
-123.448227,40.61528
-123.448016,42.401717
-123.447749,39.393881
-123.447324,39.067349
-123.446808,40.408761
-123.446764,42.402433
-123.446514,45.025255
-123.44651341379428,45.02524495103347
-123.44649195612212,43.110641240868034
-123.445898,43.667269
-123.445671,46.996681
-123.444971,40.789806
-123.44496846140171,40.789800882144974
-123.444957,46.996626
-123.444775,44.061693
-123.444243,39.581471
-123.444028,44.49289
-123.443441,44.597383
-123.443126,45.077231
-123.44302,46.170158
-123.443007,45.09204
-123.442946,44.596852
-123.442606,38.712744
-123.44256,43.112295
-123.442338,45.07743
-123.44226100000002,39.388448
-123.442175,43.11245
-123.44209313333776,40.40418505649374
-123.442013,39.388379
-123.441796,42.405189
-123.4417927259281,42.405177354610416
-123.441745,45.605883
-123.441641,44.744606
-123.441568,39.598643
-123.441498,40.404045
-123.4414494031742,44.496592283036726
-123.440514,39.578098
-123.440481,46.17067700000001
-123.44048,40.403415
-123.440164,39.06528
-123.440012,39.06511
-123.43988,44.061974
-123.439621,45.78466
-123.4384,39.06325800000001
-123.438312,38.701402
-123.438276,39.063115
-123.43823799999998,43.664305
-123.43814492166788,41.72368168810976
-123.438106,42.407196
-123.43808,42.407348
-123.437981,45.607478
-123.437754,44.165159
-123.437639,43.664132
-123.437516,42.407645
-123.437251,40.28905200000001
-123.437247,39.502321
-123.437197,43.11452
-123.436701,44.744394
-123.436671,39.464066
-123.436319,45.024199
-123.435707,44.59011
-123.43559146,44.05919909
-123.43559145868572,44.05919909456225
-123.435288,40.39595300000001
-123.435257,40.395908
-123.43509793222694,38.99385809879783
-123.435061,44.058809
-123.435049,40.39572
-123.434922,45.095364
-123.434823,44.67417
-123.434716,40.371845
-123.434237,45.079522
-123.434025048621,39.5640099046728
-123.433383,45.079749
-123.43338131845744,45.07974743821583
-123.43338,45.07975
-123.433117,42.409332
-123.432926,39.560248
-123.432753,45.955966
-123.432725,44.589007
-123.432494,44.693441
-123.432355,44.66496
-123.432135,44.705847
-123.431995,44.702432
-123.431986,44.702111
-123.431598,39.500548
-123.431524,44.708448
-123.431046,39.555901
-123.430956,38.695697
-123.43091368616376,43.45658183077117
-123.430832,45.781067
-123.430769,39.555642
-123.430608,44.05552
-123.430519,45.02418
-123.430437,44.710117
-123.430321,39.555222
-123.430225,39.555291
-123.430199,39.55521
-123.430008,45.024165
-123.429982,44.635306
-123.42995,44.587678
-123.429947,44.587711
-123.429845,39.555523
-123.429304,39.055644
-123.429083,39.554327
-123.428639,38.707135
-123.428178,44.053384
-123.428055,44.053268
-123.427995,44.607259
-123.42799,44.053226
-123.42776,45.610488
-123.427722,40.787283
-123.427485,45.095387
-123.427423,43.455965
-123.427249,46.157949
-123.427218,38.679253
-123.42715859354291,44.14687514284064
-123.427057,44.583678000000006
-123.42691299999998,42.410631
-123.426598,44.143437
-123.42659,44.14344000000001
-123.426461,45.610651
-123.425373,42.410718
-123.425206,39.55072
-123.424767,39.549501
-123.42475533426556,39.549504518320326
-123.424666,39.549595
-123.424506,44.601916
-123.424376,44.581538
-123.424355,42.410904
-123.424264,45.778454
-123.42426180780684,45.77845215775596
-123.424217,45.778439
-123.424158,44.141598
-123.424151,39.05431
-123.423559,45.77804
-123.42348,40.784333
-123.42346787393843,40.78432917575462
-123.423252,44.155115
-123.42301,39.48856
-123.423001,45.777669
-123.422901,39.543585
-123.422799,46.156328
-123.42202,42.411203
-123.421981,45.614628
-123.421952,44.577749
-123.421826,44.049618
-123.421443,39.692282
-123.421394,39.447413
-123.421345,44.575042
-123.420931,43.661836
-123.420924,45.018258
-123.42091441095629,43.66182446458978
-123.42091441095629,45.018249749922674
-123.420914,43.661824
-123.420914,45.018249
-123.42075,45.969323
-123.42074274957932,45.9693181512548
-123.420742,45.969318
-123.420718,39.487487
-123.420588,44.748757
-123.420251,45.017517
-123.42012047708788,46.15535616852686
-123.419429,43.120296
-123.419234,40.39517100000001
-123.419216,44.570631
-123.419034,40.395331
-123.4190261358098,40.395323037908575
-123.418789,38.681884
-123.418737,45.097719
-123.41789,39.555819
-123.41753,39.538245
-123.417326,44.568236
-123.417196,45.015338
-123.416809,39.536886
-123.416656,38.672871
-123.416309,45.774752
-123.41630101145068,45.774761438151465
-123.416301,45.774761
-123.416189,45.014604
-123.415709,46.153743
-123.415703,39.391318
-123.415506,38.700014
-123.415433,39.535843
-123.4154212468938,39.53592181186898
-123.415421,39.535921
-123.415237,44.565601
-123.415201,44.565616
-123.41518700000002,44.561744
-123.415152,44.564548
-123.415063,39.53688
-123.415057,42.412174
-123.41485,46.550876
-123.414674,44.751316
-123.413993,45.010889
-123.413942,38.699611
-123.41383799999998,43.449004
-123.41359734476367,45.084897279524405
-123.413427,43.122038
-123.413356,39.694449
-123.413238,42.4124
-123.413095,44.75523
-123.412962,44.556457
-123.412951,46.549881
-123.41282487,43.12218547
-123.4128034108953,45.07796645142994
-123.412761,42.412313
-123.412754,42.41247
-123.41275,39.559741
-123.412704,43.122552
-123.412584,43.12293
-123.412487,44.556004
-123.41166615427298,39.00675415974137
-123.411653,45.774711
-123.41164469660086,45.77471852280725
-123.41155,44.759002
-123.41104388178152,44.04941439607597
-123.410717,45.620362
-123.410707,41.334832
-123.409464,39.482016
-123.40908799999998,44.13647
-123.409067,43.444264
-123.40904831827444,43.44426512697485
-123.408889,39.694872
-123.408561,39.481519
-123.40844750345512,41.33609175662357
-123.408426045783,43.66221070268792
-123.408334,44.136515
-123.408205,39.470854
-123.407349,46.149231
-123.407045,39.45753300000001
-123.40694546640678,46.2585246560752
-123.406935,39.435498
-123.406934,43.12936
-123.406866,45.00842700000001
-123.406765,39.39047
-123.40675234735772,39.390481710246135
-123.406719,44.785546
-123.405819,46.148416
-123.404997,44.551191
-123.404898,43.439619
-123.404594,39.531658
-123.404449,42.413471
-123.404289,39.533383
-123.404267,45.087315
-123.40416299999998,46.147474
-123.403628,45.087487
-123.40323328913018,41.77018046359171
-123.403144,43.43743
-123.403132,40.344485
-123.40310454309748,44.796591996933
-123.402983,45.008016
-123.402611,45.008003
-123.402443,39.457352
-123.4024,43.435822
-123.402125,42.413838
-123.401802,42.413727
-123.40177416742608,38.65587830525085
-123.401651,44.139792
-123.401372,40.275792
-123.401168,43.132673
-123.401103,39.006655
-123.401018,43.132596
-123.40071299999998,45.088265
-123.400233,41.773992
-123.400227,45.088403
-123.40006499999998,46.14524
-123.399916,38.65227700000001
-123.399895,43.430588
-123.399612,39.442089
-123.399446,38.651912
-123.399437,38.65189
-123.399324,43.133519
-123.399304,43.429108
-123.399302,39.524793
-123.399248,48.106361
-123.399061,45.619754
-123.399058,43.133789
-123.39895,44.547714
-123.398774,39.566429
-123.398725,38.65136
-123.39843700000002,39.523918
-123.39843700000002,40.275391
-123.39843700000002,43.134122
-123.398419,39.566651
-123.397897,43.663906
-123.39767575205136,44.81266379335016
-123.397675,44.812663
-123.397672,45.008102
-123.397608,40.341063
-123.39726805628106,40.38388609866913
-123.397087,44.545532
-123.397032,44.545467
-123.396943,39.456158
-123.396934,39.45221
-123.396627,44.544994
-123.396332,39.52291500000001
-123.396196,39.458634
-123.396141,39.457895
-123.395865,44.143852
-123.395472,39.45353400000001
-123.395244,46.142578
-123.39497,39.453034
-123.39495,48.105787
-123.394646,43.42358
-123.394609,43.136606
-123.394282,42.414711
-123.393814,41.857563
-123.39373799999998,42.68998
-123.393732,42.6903
-123.393628,42.690373
-123.393547,42.689884
-123.393425,39.52203400000001
-123.39301,48.105538
-123.392982,48.105549
-123.392927,42.688552
-123.392857,45.008256
-123.392799,39.521275
-123.392672,39.521005
-123.392572,44.146062
-123.392515,39.44087800000001
-123.392276,45.616791
-123.392191,41.787184
-123.39211821497253,42.6876032350412
-123.39211821,42.68760324
-123.392118,42.687603
-123.392106,42.687721
-123.392027,39.456764
-123.391968,42.687531
-123.39175343454652,45.090583562635935
-123.391753,45.090583
-123.391612,39.429552
-123.391553,39.463576
-123.391411,43.13909500000001
-123.39136719644836,42.68710970858247
-123.391367,42.687109
-123.39123899999998,42.686866
-123.391029,39.517204
-123.39089512766176,39.51710343342057
-123.390895,39.51710300000001
-123.390591,43.139763
-123.390531,42.68643
-123.390516,45.616757
-123.390475,43.139687
-123.39046597421935,43.139673471245096
-123.390459,39.450118
-123.390458,39.515848
-123.390318,39.428925
-123.390273,39.400523
-123.390265,43.662532
-123.390086,45.008035
-123.390059,39.438702
-123.39003,44.050682
-123.389914,39.402274
-123.389886,45.773152
-123.389716,40.800627
-123.389705,45.616741
-123.389456,41.78518
-123.389309,39.443241
-123.388898,39.51409
-123.38884,47.004959
-123.388821,42.695392
-123.388755,39.435894
-123.38843500000002,47.004951
-123.388257,39.435033
-123.388223,39.523635
-123.388123,39.443851
-123.388002,42.587318
-123.387909,45.007524
-123.38789105356508,45.00752091386315
-123.387733,42.641247
-123.387605,39.512755
-123.387506,39.454631
-123.387477,45.616825
-123.387359,43.421123
-123.387307,48.104846
-123.387243,42.64379
-123.387187,41.786065
-123.387026,43.142285
-123.386949,42.594678
-123.386928,46.138004
-123.38683799999998,42.594574
-123.386461,42.638538
-123.386436,44.14679
-123.386401,39.450651
-123.386391,42.638433
-123.386299,48.104759
-123.386297,39.456225
-123.386167,39.35240200000001
-123.386158,39.519507
-123.385973,39.030124
-123.385961,39.457038
-123.385944,43.143245
-123.385913,39.510721
-123.385831,42.41581
-123.3857882016974,44.54139590242129
-123.385628,41.788465
-123.38559,42.64526
-123.38558700000002,43.143352
-123.385581,45.09816
-123.38555,42.637183
-123.385542,45.092177
-123.38553070963198,42.63717770556145
-123.38553,42.637177
-123.385374,39.431419
-123.385355,39.447063
-123.385353,39.447041
-123.385209,39.458873
-123.385124,44.541241
-123.385105,46.547081
-123.38508799999998,39.450493
-123.384827,43.414291
-123.384781,42.646057
-123.384583,39.583698
-123.38452,42.678938
-123.384503,39.437856
-123.3845,39.430777
-123.384477,42.416098
-123.384362,43.144133
-123.384296,42.623466
-123.384206,42.69816
-123.384129,39.445126
-123.38397,43.144541
-123.3839,41.840539
-123.383858,39.578591
-123.383795,42.599192
-123.383766,41.828892
-123.38373500000002,43.661104
-123.383709,42.604293
-123.383702,42.599334000000006
-123.383692,39.448707
-123.383682,42.63441
-123.383677,39.431705
-123.383635,41.786832
-123.383583,42.698413
-123.383579,42.602845
-123.38357806146917,42.69841790178919
-123.38357806,42.6984179
-123.383578,42.698417
-123.383555,39.431916
-123.383548,42.603826
-123.383522,39.455849
-123.383507,42.59933
-123.383504,42.634147
-123.383395,42.599511
-123.383331,42.626266
-123.383186,42.626617
-123.383184,46.135941
-123.383143,41.807799
-123.383043,45.007454
-123.383003,45.007469
-123.38264,42.626953
-123.382416,42.626953
-123.38237,42.63225900000001
-123.382315,39.355272
-123.382179,42.620152
-123.382163,43.406324
-123.382068,39.026419
-123.381998,42.673656
-123.381931,39.442399
-123.381884,46.135234
-123.38183999002752,42.631083726679655
-123.38183999,42.63108373
-123.381839,42.631083
-123.381638,39.608841
-123.38163,39.60876
-123.381609,42.631324
-123.381582,45.093222
-123.381559,45.093215
-123.38153958261783,45.09322285630658
-123.38144,42.699693
-123.38129,42.630829
-123.381271,42.672596
-123.381264,39.596073
-123.38123600000002,42.628347
-123.381189,42.618804
-123.381058,42.62895
-123.381022,42.669497
-123.381004,39.550595
-123.380952,42.612125
-123.38095,42.612485
-123.380943,48.104591
-123.380909,42.67217
-123.380883,44.539608
-123.380883,48.104566
-123.380776,39.449704
-123.380683,43.145793
-123.380472,44.541214
-123.380415,45.007237
-123.380334,41.807475
-123.380327,45.093815
-123.380106,43.403438
-123.379921,42.61404
-123.379883,42.652294
-123.379875,42.651966
-123.379835,45.09365800000001
-123.379723,42.61422
-123.379219,39.43262100000001
-123.379089,39.444222
-123.37907,39.432572
-123.37907,39.443848
-123.379063,42.580837
-123.378825,42.615471
-123.378757,43.146527
-123.37874,42.580869
-123.378693,44.540415
-123.37862,42.615449
-123.37855,42.653121
-123.378532,39.43523
-123.378481,42.580511
-123.378466,39.435143
-123.37846,48.104794
-123.378362,46.133301
-123.378353,39.408029
-123.378298,42.701697
-123.378275,39.50265200000001
-123.37826,41.791428
-123.378191,41.80139000000001
-123.378183,39.434529
-123.37801,43.662457
-123.377863,45.621073
-123.377653,41.789254
-123.377651,42.65423300000001
-123.377479,41.791634
-123.377261,41.792063
-123.377258,42.665352
-123.377257,45.621729
-123.377157,42.660025
-123.376911,44.539254
-123.376811,42.664759
-123.376778,43.147294
-123.37667,44.148101
-123.376613,42.416989
-123.376489,39.444803
-123.376319,45.623229
-123.376308,44.829516
-123.3763039106208,44.8295080659636
-123.3763039106208,45.62322735764682
-123.376303,45.623227
-123.375757,46.131714
-123.375751,39.353687
-123.375514,45.094736
-123.37551,42.41726
-123.375479,39.446122
-123.375421,41.796749
-123.375332,44.540256
-123.37532,39.431777
-123.375257,45.623998
-123.375221,45.773633
-123.375102,45.096125
-123.375075,40.380098
-123.374849,39.43177
-123.3748447889167,39.43176627140316
-123.374844,39.431766
-123.374618,43.148374
-123.37461100000002,39.235622
-123.374563,39.49979
-123.374541,43.148275
-123.374273,40.378836
-123.37415814340888,43.182438611778345
-123.374158,43.182438
-123.374052,42.57746
-123.37400793970406,43.148642778190855
-123.37398600000002,39.42888
-123.373901,43.183464
-123.37386200000002,42.703954
-123.373849,46.130386
-123.37375,45.77371
-123.373591,44.148523
-123.373521,39.430012
-123.373439,39.016264
-123.373351,39.429693
-123.373108,42.742461
-123.37303,42.74191
-123.372967,48.10484
-123.372865,43.185707
-123.372858,46.129696
-123.372826,42.417496
-123.372768,43.185829
-123.372741,42.570487
-123.37266499999998,42.574048
-123.372644,43.18579
-123.372638,39.013609
-123.37263465,43.18578601
-123.37263464868845,43.1857860086289
-123.37261200000002,42.568758
-123.372489,39.012282
-123.372455,42.571578
-123.37244153,42.5715816
-123.37244152963936,42.57158160189356
-123.372441,42.571581
-123.372406,42.723194
-123.372317,39.012691
-123.372299,42.567272
-123.372275,43.149506
-123.372255,42.724415
-123.372243,42.569028
-123.37222,42.724641
-123.372217,43.149424
-123.372172,45.095375
-123.372163,42.718793
-123.372154,39.430674
-123.372136,43.149464
-123.372128,39.012423
-123.3721196645576,42.56259083727568
-123.372119,42.56259
-123.372103,43.186433
-123.372057,42.724221
-123.372026,42.56129
-123.372018,45.625548
-123.37192,42.745137
-123.3719050878364,42.74513125399234
-123.371678,39.011992
-123.371499,39.011879
-123.371451,42.55883
-123.371428,42.558524
-123.371411,43.176628
-123.371368,44.149288
-123.37130427301706,42.74502396563175
-123.371304,42.745023
-123.371286,45.004754
-123.371251,42.726399
-123.371221,43.187312
-123.371178,45.004721
-123.371161,43.176168
-123.371112,42.417738
-123.371111,42.73964
-123.370941,42.739342
-123.370825,45.004611
-123.370795,42.745382
-123.37076299999998,42.739347
-123.370723,42.549387
-123.370645,48.105047
-123.370644,43.17522
-123.37063908518137,43.175228833946335
-123.370614,43.174864
-123.370574712165,43.17512154558575
-123.370476,42.746578
-123.370456,42.546038
-123.370297,42.72738
-123.369844,42.538203
-123.369797,43.665641
-123.36978700000002,45.004267
-123.36978077829664,43.66564393022696
-123.369572,42.53481
-123.3695662015754,42.53480315188153
-123.369531,42.530335
-123.369318,43.172815
-123.369278,39.405883
-123.36924,39.405899
-123.369216,42.715606
-123.369099,43.151022
-123.369072,42.715111
-123.368797,42.715314
-123.368583,43.171617
-123.368311,40.795139
-123.368284,43.665029
-123.368128,42.714843
-123.368063,45.003567
-123.36802,45.09603900000001
-123.367844,42.714451
-123.367605,42.525759
-123.367598,43.098
-123.367577,43.097984
-123.367544,40.696996
-123.367495,42.714399
-123.367494,39.614186
-123.36722731531444,40.375839471624495
-123.367196,43.101449
-123.367148,43.101447
-123.367146,43.169492
-123.367141484626,43.15188288668083
-123.367141,43.151882
-123.367088,48.10659
-123.36703419626538,42.74828553179384
-123.367034,42.74828
-123.367034,42.748285
-123.36699128092114,42.49635100344421
-123.366971,43.101445
-123.366905,42.418488
-123.366877,43.102344
-123.36684107721632,42.74787783602358
-123.366759,45.096242
-123.36675524652784,45.09624838807538
-123.366689,42.713793
-123.36666942,42.7137816
-123.36666941583935,42.71378159502642
-123.366669,42.713781
-123.36662650049512,42.49600768069031
-123.366354,39.008149
-123.366311,42.522492
-123.366215,45.09630900000001
-123.366121,42.522011
-123.366081,43.151241
-123.366062,42.520924
-123.365944,43.164799
-123.365757,43.16656500000001
-123.365719,42.521
-123.365703,42.521005
-123.365603,43.191131
-123.365589,42.7103
-123.365555,42.418855
-123.365547,42.748684
-123.365524,42.70929
-123.365522,43.19105
-123.365418,43.164832
-123.365381,39.405585
-123.365376,43.164556
-123.36536049784009,43.16454291323106
-123.36525320947948,43.15634608248159
-123.365229,42.418797
-123.365197,42.710706
-123.365184,43.159474
-123.365167378791,43.15947890261097
-123.365167,43.159478
-123.365095,39.00683400000001
-123.365071,43.15642
-123.3650171750862,43.14973711946893
-123.365017,43.149737
-123.365013,43.155338
-123.365,43.149289
-123.36499571741406,43.15462946871207
-123.364983,43.154697
-123.364954,43.148186
-123.364812,43.149751
-123.36475,43.148108
-123.364639,42.518337
-123.36460947931592,38.65214467030215
-123.364515,43.131109
-123.364499,43.130572
-123.364348,43.127436
-123.364292,46.125099
-123.36411,43.125995
-123.364089,43.126006
-123.364076,43.130583
-123.36407303751297,43.13057541826662
-123.364073,43.130575
-123.364052,39.492924
-123.363938,43.104981
-123.363922,43.126343
-123.363899,43.125934
-123.363785,39.492554
-123.363774,39.492536
-123.36351513803784,42.51416087130301
-123.363515,42.51416
-123.36346100000002,39.475372
-123.363429,42.512461
-123.363287,48.108344
-123.36314,42.513989
-123.363108,43.123525
-123.3631074422676,41.29796147326804
-123.363071,42.512778
-123.36306452692337,43.664141893178645
-123.363019,39.4718
-123.363008,45.001041
-123.362985,40.374021
-123.362971,42.502572
-123.362963,42.50165
-123.3629,42.496834
-123.36287140787428,42.49122261980776
-123.362871,42.491222
-123.362862,42.51409500000001
-123.36284995020216,42.49347567538026
-123.36282849253004,42.49109387377504
-123.362817,39.479481
-123.362786,39.471554
-123.36274266184157,44.84010815599041
-123.36274266,44.84010816
-123.362704,42.490461
-123.362686,42.496361
-123.362553,39.489264
-123.362394,42.489413
-123.362222,45.096946
-123.362183,43.22938900000001
-123.362127,45.632701
-123.362083,45.632725
-123.361906,39.481685
-123.361899,48.108948
-123.361888,44.841518
-123.361648,43.194743
-123.36154103220288,43.23003172853837
-123.36154103,43.23003173
-123.361541,43.230031
-123.361392,43.231113
-123.361366,39.002479
-123.36129,43.226131
-123.36128354013746,43.07652354219877
-123.361163,45.777979
-123.361135,43.195242
-123.361099,43.195278
-123.36101,43.076931
-123.360998,43.226699
-123.36094021738356,44.053705930499774
-123.360912,43.226906
-123.36083,39.394972
-123.36081147135086,43.22668433168779
-123.36072564066238,43.19615006426241
-123.360717,43.195848
-123.360717,43.236639
-123.36068272531814,39.48618292789704
-123.360682,39.486182
-123.360681,39.486198
-123.360527,43.225769
-123.36046,43.239274
-123.36042523325273,43.24277758577709
-123.360425,43.242777
-123.36036,43.244501
-123.36031794489212,43.2247745988692
-123.36031794,43.2247746
-123.360317,43.224774
-123.360275,43.6653
-123.36021065653152,43.24391484239938
-123.360191,48.109341
-123.360166,43.224783
-123.360115,43.198677
-123.360079,45.633879
-123.360056,39.395816
-123.360043,39.3952
-123.36001753748243,43.2505881784284
-123.359983,38.60549
-123.359891,43.075899
-123.35988879144972,43.07590126970732
-123.359848,43.247715
-123.35983,43.254727
-123.359754,43.255876
-123.359749,43.253295
-123.359739,43.25343400000001
-123.35973859,43.25329185
-123.3597385877449,43.253291845115406
-123.359738,43.253291
-123.359668,43.198767
-123.359664,44.053791
-123.359507,43.198767
-123.359467,43.198982
-123.359461,46.981542
-123.35934,43.201347
-123.35933,43.201558
-123.35923,43.259091
-123.359225,43.22218400000001
-123.35922360361404,43.2221782205428
-123.359222,43.24799
-123.359126,44.999044
-123.35911631525344,44.99904513337612
-123.359116,44.999045
-123.359033,43.221281
-123.359009,43.204608
-123.358921,39.47009
-123.358873,39.346459
-123.35886,43.07397
-123.358802,44.153563
-123.358658,44.998804
-123.358459,43.261456
-123.358398,43.115432
-123.358386,42.420144
-123.358379,38.999139
-123.358366,41.749602
-123.35836299999998,39.692911
-123.358308,43.115466
-123.358253,43.20778
-123.358223,39.391885
-123.358192,43.115496
-123.358135,39.420122
-123.358098,43.262767
-123.358046,39.43326500000001
-123.358021,39.397607
-123.357937,45.097639
-123.357909,44.852941
-123.357895,43.073792
-123.357865,48.10423
-123.357829,43.106334
-123.357758,48.104198
-123.35763,43.392363
-123.357624,43.106334
-123.357521,44.85345
-123.357506,43.218466
-123.357343,39.397593
-123.357306,43.106462
-123.35723,39.436396
-123.35722804010696,39.43195939045223
-123.35714221,39.43161607
-123.35714220941853,39.43161606769833
-123.357142,39.431616
-123.357072,39.405804
-123.356918,43.073208
-123.356916,43.216951
-123.35672,39.437752
-123.356649,44.154741
-123.356541,43.209518
-123.356486,43.209749
-123.356473,42.75483
-123.356398,43.20966
-123.35639119089431,43.2096683976974
-123.356387,39.397592
-123.356387,42.754371
-123.356345,42.420517
-123.356313,45.638699
-123.356212,43.108093
-123.356188,39.43908
-123.356176,43.286163
-123.356136,43.210076
-123.356078,39.429173
-123.355798,43.287863
-123.355773,43.215004
-123.355759,43.282015
-123.355722,40.794001
-123.35570454538652,43.21488261202232
-123.35563,43.279125
-123.35561871469804,43.2882249353252
-123.35561871,43.28822494
-123.355618,43.288224
-123.355576,39.428398
-123.35555434168172,43.214281797202986
-123.355554,43.214281
-123.355551,43.214281
-123.355391,43.276648
-123.355377,43.210558
-123.35531,43.213748
-123.355174,43.213779
-123.355172,39.717696
-123.355158,39.441035
-123.35512518823931,43.07130932787384
-123.355117,43.273961
-123.355097,46.12184
-123.355056,44.054106
-123.355049,39.428707
-123.354986,39.397585
-123.35496,39.403791
-123.35493,43.21118900000001
-123.354889,43.29071
-123.354858,43.212189
-123.354852,43.211338
-123.35480332315753,39.41539406757634
-123.354803,39.415394
-123.354802,39.415405
-123.354766,39.425341
-123.354752,43.211712
-123.354707,44.05413
-123.354565,39.415302
-123.354539,39.441912
-123.354492,43.290046
-123.35448145807574,43.29004883745532
-123.354481,43.290048
-123.353978,42.478883
-123.353973,45.098297
-123.353973,45.098301
-123.353954,43.070196
-123.353931,42.4791
-123.353582,39.426087
-123.35354,39.409025
-123.35342,44.05422
-123.353404,44.8591
-123.353338,45.098398
-123.353304,39.409955
-123.353298,39.411301
-123.35329,39.410826
-123.353254,39.61815
-123.353104,44.995991
-123.353052,45.098442
-123.352966,43.292725
-123.35292,46.121431
-123.352876,44.0565
-123.352819,39.715411
-123.352753,44.04966
-123.352703,44.056094
-123.352683,44.031974
-123.352631,40.302708
-123.352436,44.036144
-123.352305,44.860391
-123.35224,42.477975
-123.352078,43.294619
-123.352061,44.054297
-123.352,44.540868
-123.35197,39.444991
-123.3519494527657,44.99537587144378
-123.351949,39.40457
-123.351949,44.995375
-123.35175633371662,39.42487835865296
-123.351638,39.404116
-123.351619,39.346265
-123.351565,42.421379
-123.351494,39.409405
-123.35132,39.947449
-123.351302,39.403634
-123.351234,43.295923
-123.351233,44.161046
-123.35121989191364,43.295928239615925
-123.35117,43.29606
-123.351161,44.054351
-123.35115551889729,43.29605698564866
-123.351155,43.296056
-123.351038,39.464802
-123.350998,38.98485
-123.350856,40.79213
-123.350789,39.71165
-123.350702,39.464171
-123.3507,39.46418
-123.350654,39.46400300000001
-123.350599,39.446617
-123.350563,38.984105
-123.35055470407796,38.984094857983656
-123.350492,43.388985
-123.350478,43.06658
-123.350457,43.298475
-123.350365,40.791756
-123.350268,42.421618
-123.34961,39.399026
-123.349576,39.398571
-123.349574,39.447831
-123.349543,42.421633
-123.349512,39.39751
-123.34936299999998,39.679059
-123.34933999999998,42.759274
-123.349261,39.395694
-123.348993,42.42185
-123.348991,46.975811
-123.348857,42.759572
-123.34858,42.421924
-123.348447,43.30693
-123.348384,39.455004
-123.348319,39.397533
-123.348152,40.78975300000001
-123.348071,41.807489
-123.348045,43.064091
-123.348034,39.450392
-123.348022,39.710818
-123.348016,39.451494
-123.348003,42.759565
-123.34793799999998,45.780608
-123.347813,43.06365200000001
-123.347772,43.06335900000001
-123.347719,40.787512
-123.347672,46.120186
-123.34767,43.314325
-123.34765791834188,43.31431746462195
-123.347657,43.314317
-123.347511,39.711011
-123.347359,46.120086
-123.347332,42.395966
-123.34731459558796,43.31427454927771
-123.347303,42.400677
-123.3473,42.399605
-123.347299,43.06285
-123.347282,42.393354
-123.347231,42.407062
-123.347215,42.392833
-123.347101,39.417657
-123.34695,39.462993
-123.346947,45.6451
-123.346878,42.422116
-123.346843,40.782952
-123.34673523844076,45.64513564088036
-123.34658503473592,43.062404393944426
-123.34658503,43.06240439
-123.346291,46.551819
-123.346161,42.408773
-123.346072,39.389217
-123.346016,42.391702
-123.34596100000002,39.711565
-123.345877,46.119719
-123.345858,39.675179
-123.345802,38.595242
-123.345763,38.595198
-123.345609,45.645493
-123.345604,47.024109
-123.345601,39.668302
-123.345597,45.6455
-123.345549,39.388243
-123.345523,39.388194
-123.345446,44.992095
-123.345444,44.162842
-123.34541000000002,45.780592
-123.3454048627694,45.78059792496786
-123.345316,39.387793
-123.345226,44.053412
-123.345123,43.322194
-123.345042,45.09999000000001
-123.344997,43.322144
-123.344961,39.626107
-123.34482,45.100058
-123.344784,44.163038
-123.344732,44.991734
-123.344316,44.54223
-123.343994,44.086083
-123.343942,39.62692
-123.343911,42.422863
-123.343821,39.650592
-123.343702,39.638671
-123.343634,38.966007
-123.34362387598352,38.96600604038731
-123.34362,43.325539
-123.343613,39.639041
-123.343595,41.796555
-123.343593,43.060374
-123.34358096063929,43.060365915093136
-123.343493,41.794413
-123.343398,39.384175
-123.343378,41.798274
-123.34336638391808,41.79826855639553
-123.343353,48.104289
-123.34332,41.796985
-123.343268,43.325188
-123.343231,43.060612
-123.343211,43.21337
-123.343087,39.230254
-123.34304,48.104149
-123.342923,42.38978
-123.342858,42.389637
-123.342735,46.119022
-123.342691,39.406829
-123.342646,44.087523
-123.342556,39.398694
-123.342445,39.712307
-123.34244,39.712286
-123.342361,45.780224
-123.342109,45.648505
-123.342094,44.163874
-123.34207,43.059772
-123.342053,43.326871
-123.341988,41.794785
-123.34195017755822,44.54266190507629
-123.341787,39.381087
-123.341695,42.388297
-123.341529,39.381196
-123.341423,46.550098
-123.341413,44.542751
-123.341383,42.415433
-123.341363,43.38635900000001
-123.34113478601768,46.97141289688601
-123.341061,38.589846
-123.340966,44.164224
-123.340454,45.101639
-123.340371,39.379304
-123.340314,39.37925300000001
-123.340227,44.052742
-123.340216,42.764926
-123.340104,43.330078
-123.34008500000002,39.390926
-123.339812,42.42402
-123.339809,42.423626
-123.3398,42.423385
-123.339696,43.330078
-123.339518,44.871011
-123.339507,45.648843
-123.339177,40.784855
-123.33913,38.656254
-123.339077,44.543165
-123.338954,42.471841
-123.33866299999998,42.47161
-123.33863999999998,39.37699600000001
-123.338474,44.052731
-123.33842,39.412758
-123.33828091562586,43.38274598100956
-123.33821100000002,42.384442
-123.33821100000002,42.76588
-123.338198,45.77930300000001
-123.338095,42.423922
-123.338062,43.661156
-123.33804488123256,43.66115927675408
-123.337666,43.386677
-123.337585,43.386322
-123.337325,43.389449
-123.33731532038053,43.38944077471072
-123.337315,43.38944
-123.33722948969204,42.97086596468462
-123.33722,44.876082
-123.337141,42.424087
-123.337132,39.925094
-123.337068,43.392671
-123.337029,43.37673
-123.336983,43.3923
-123.336937,43.392666
-123.336931,42.969244
-123.33692908228235,42.96923518160357
-123.336853,39.377251
-123.336791,40.278885
-123.336757,39.377218
-123.3366501325448,42.76633143404595
-123.336433,42.766205
-123.33638899999998,42.379811
-123.336388,43.057466
-123.336301,42.76606
-123.33622,39.409672
-123.336182,39.409737
-123.336167,42.378963
-123.336158,39.391448
-123.336109,39.412852
-123.336105,41.796944
-123.336072,39.409405
-123.336038,43.401122
-123.336022,39.391444
-123.33598494470912,42.76611685732476
-123.335984,42.766116
-123.335967,43.40048400000001
-123.335945,42.973282
-123.33587765634852,42.76613831499688
-123.335846,42.973531
-123.33568453729946,41.79526448229887
-123.335684,41.795264
-123.335563,38.592005
-123.335405,39.709284
-123.335233,42.424317
-123.335216,42.97517
-123.334968,43.38634
-123.334956,44.98676
-123.334923,42.371941
-123.334858,42.370008
-123.33471000000002,44.879766
-123.334703,42.368201
-123.33454,42.96486
-123.3344829076608,39.38689827900225
-123.334454,45.104819
-123.334184,39.405999
-123.334157,42.366573
-123.334151,39.923433
-123.334111,39.376342
-123.334038,43.660987
-123.333889,43.386522
-123.333814,42.978515
-123.333796262153,42.978504895959
-123.333796,42.978504
-123.333711,40.781942
-123.33366399999998,39.219929
-123.333654,42.364793
-123.333469,44.897303
-123.333322,43.4058
-123.333222,44.896555
-123.333189,42.341422
-123.33313,42.339455
-123.333032,43.371934
-123.332775,42.344886
-123.332665,42.766735
-123.332659,43.037836
-123.332619,42.345837
-123.332618,42.424927
-123.33253,39.462903
-123.332511,42.766466
-123.332511,45.648762
-123.332503,42.338432
-123.332482,42.46896
-123.332419,42.9819
-123.332392,42.427759
-123.332387,42.347437
-123.332334,42.361083
-123.332241,43.044963
-123.33222985208828,43.04495930651166
-123.33222985208828,43.370643853934425
-123.332229,43.370643
-123.332227,42.348352
-123.332169,40.77779
-123.332152,38.581315
-123.332148,42.422547
-123.332106,42.422618
-123.33210111,43.37068677
-123.33210110605556,43.37068676927866
-123.332101,43.370686
-123.332063,42.352027
-123.332039,42.357548
-123.332021,42.35593400000001
-123.33197236002285,43.05259823778604
-123.331955,42.424928
-123.331953,42.425047
-123.331952,42.425507
-123.33195090235073,42.42549777010713
-123.331917,42.423537
-123.331916,42.426335
-123.331845,42.427355
-123.331817,43.052581
-123.331803,43.341321
-123.331745,42.428083
-123.33173700000002,42.427883
-123.331693,38.577783
-123.331579,42.430701
-123.331569,41.666484
-123.3314144605478,44.83839154222088
-123.331369,42.431684
-123.331355,44.98492
-123.331348,42.337688
-123.33134,46.167222
-123.331335,43.049931
-123.331212,39.391391
-123.331194,43.05002800000001
-123.331178,43.049916
-123.33115696848236,43.04955124834514
-123.33108500000002,42.948969
-123.331079,42.426392
-123.330754,44.903875
-123.33073600000002,44.902849
-123.330704,42.337479
-123.330692,42.337493
-123.330658,43.367752
-123.330602,42.985698
-123.330568,42.951906
-123.330485,44.90964
-123.330448,43.367733
-123.330417,42.424876
-123.330414,40.773871
-123.330396,45.107273
-123.33038449228609,43.035281896385975
-123.330384,43.035281
-123.330375,44.885162
-123.330316,46.116228
-123.330291,39.413303000000006
-123.330278,44.052725
-123.330255,43.035196
-123.330226,42.963029
-123.330197,45.776093
-123.330147,42.433781
-123.329978,42.425392
-123.329954,42.949493
-123.329927,39.413287
-123.329892,42.434208
-123.32989096582732,42.95284152010464
-123.32984805048308,42.42530465105808
-123.329833,43.343489
-123.329807,39.405949
-123.32976200000002,42.952991
-123.329555,44.891024
-123.329531,44.891025
-123.32946181238492,43.41072678545279
-123.329461,43.410726
-123.329388,46.96014
-123.329167,43.36480200000001
-123.32916140497528,43.36480736711805
-123.32913700000002,44.052716
-123.329112,44.545586
-123.32909703195892,43.41137051561636
-123.329097,43.41137
-123.329054,43.364893
-123.329053,43.364907
-123.328971,44.886973
-123.328943,44.914291
-123.328809,39.378821
-123.32879662454924,39.37883019428549
-123.328701,44.888497
-123.328558,42.954288
-123.328556,42.948459
-123.328545,42.425488
-123.328471,43.350527
-123.328465,42.425432
-123.328369,43.411869
-123.328353,43.361955
-123.328337,42.426314
-123.328262,42.95026
-123.328214,43.361938
-123.327838,38.999325
-123.32783102930388,38.999329805188175
-123.327807,42.337554
-123.327784,44.915447
-123.327728,44.052712
-123.327632,47.03923
-123.327617,45.108966
-123.327573,43.354432
-123.327344,44.052712
-123.32723021448456,39.37571883182823
-123.32723,39.375718
-123.327227,43.486629
-123.32721,43.486324
-123.327178,39.39144
-123.327087,46.956456
-123.327009,44.546237
-123.326652,39.4059
-123.32658899999998,39.377093
-123.326545,39.708102
-123.326532,42.947986
-123.326514,42.440027
-123.32650065363252,42.440024614131744
-123.326464,42.424386
-123.326424,39.413582
-123.32635,42.440309
-123.326339,43.033606
-123.326317,42.437806
-123.326295,43.414787
-123.326168,44.11796
-123.326056,43.0335
-123.326014,46.115284
-123.325947,40.273594
-123.325936,44.118791
-123.325838,42.992892
-123.325768,39.374685
-123.325688,42.441446
-123.325669,39.375839
-123.325584,44.170803
-123.325555,44.052705
-123.325499,44.170892
-123.32542777002656,44.54671740510679
-123.325383,42.99293400000001
-123.3253633970102,42.4656879899861
-123.325357,42.96108
-123.325325,42.766911
-123.325284,44.052704
-123.32516499999998,42.993847
-123.325141,44.981772
-123.325133,42.424089
-123.3251273626169,44.9817717073203
-123.325127,44.981771
-123.324987,39.375499
-123.32483,38.570618
-123.32483,42.44033
-123.324547,42.440814
-123.324432,42.443562
-123.324343,42.338544
-123.324198,39.37441
-123.323951,39.374503
-123.323853,39.013661
-123.323794,39.159347
-123.323761,42.338855
-123.323759,38.570231
-123.323739,40.372798
-123.323677,39.373898
-123.323596,42.442442
-123.3235824102243,43.458448648245536
-123.323555,43.662201
-123.323532,43.458271
-123.323508,45.649125
-123.32347512186372,42.46493697146194
-123.32347512,42.46493697
-123.323475,42.464936
-123.323379,43.662232
-123.323368,42.947951
-123.323228,43.458908
-123.323128,43.458797
-123.323026,43.212958
-123.322828,44.547541
-123.32268118799531,42.4629843232991
-123.322635,42.458079
-123.322622,42.461314
-123.32261,42.454968
-123.3225524419626,41.25813603381511
-123.322505,45.112019
-123.322198,39.35123
-123.322187,39.372825
-123.32214474619236,44.83854174592573
-123.322144,44.838541
-123.322144,44.838542
-123.322011,45.771494
-123.321948,38.944872
-123.32183,39.403846
-123.32177,40.269202
-123.321764,39.372085
-123.321747,39.394939
-123.321745,39.394912
-123.321629,43.47888
-123.32144,43.421149
-123.32137,39.35257
-123.32134,39.371683
-123.321321,43.421118
-123.321297,39.36248
-123.321053,42.463966
-123.321009,39.371367
-123.32090020120944,38.56912493687358
-123.3209,38.569124
-123.320803,42.340179
-123.320765,43.502813
-123.320746,42.45804
-123.320744,42.460134
-123.320709,42.453138
-123.320699,42.451459
-123.320695,42.450655
-123.320679,42.448658
-123.320566,43.502519
-123.320041,39.394897
-123.32003600000002,42.340423
-123.32002043665256,42.34041810015516
-123.319992,42.340431
-123.31998,43.663144
-123.31997752130827,42.34043955782728
-123.31988,42.463357
-123.319875,43.476735
-123.3198487752756,42.42719292620455
-123.319847,39.355156
-123.31976294458713,38.94418358784226
-123.31972,43.463273
-123.31962,42.997908
-123.319533,39.345661
-123.319473,43.213001
-123.319329,43.504256
-123.31929087580052,39.34531331043557
-123.31929,39.345315
-123.319277,38.567673
-123.319267,39.345322
-123.319226,42.947819
-123.319205,39.34536
-123.31890463770236,45.64983487107444
-123.318848,42.462884
-123.318689,43.428442
-123.31842,42.947857
-123.31838,44.052687
-123.318368,45.767809
-123.31832528055516,42.4626410005452
-123.318325,42.462641
-123.318311,43.505859
-123.31825,42.430777
-123.31823,44.14067100000001
-123.318219,42.999267
-123.318146,43.662871
-123.317822,39.35831
-123.317757,39.394913
-123.317579,41.803982
-123.317574262031,41.8039762971792
-123.317297,39.384208
-123.317254,39.359018
-123.31713899999998,43.663543
-123.317057,43.66427
-123.316966,39.364559
-123.3169090741953,45.11547446229402
-123.316909,45.115474
-123.316822,39.022618
-123.3168017858347,39.35973286609955
-123.316764,43.467241
-123.316525,39.360162
-123.31652283609716,42.46165394762773
-123.316498,43.440422
-123.316473,43.970011
-123.31641,43.510477
-123.31636,42.947979
-123.316229,42.432782
-123.316187,39.366419
-123.31617951334326,39.02327656727303
-123.316107,43.472012
-123.316098,43.664235
-123.316063,47.044121
-123.316059,43.66498
-123.31605,43.471838
-123.31602930963842,43.439801931174095
-123.316029,43.439801
-123.3159863942942,47.04413294769743
-123.315974,43.471392
-123.31596493662208,43.47138762453331
-123.315896,44.925129
-123.315859,39.413128
-123.31583899999998,42.947879
-123.315827,39.341987
-123.31581473,42.94786334
-123.315814,42.947863
-123.315739,43.212976
-123.315509,39.341686
-123.315484,39.34179
-123.315376,44.144829
-123.315333,43.439221
-123.31532120645848,43.43922257402687
-123.31529974878636,43.513680696279934
-123.315299,43.51368
-123.31523538,43.43913674
-123.31521399999998,45.115491
-123.31521391809792,43.51389527300114
-123.31521391809792,45.11549591996614
-123.315213,45.115495
-123.31519246042578,43.5139811036896
-123.315013,45.650581
-123.315011,43.664976
-123.314977,44.976593
-123.314875,45.764052
-123.314754,39.340969
-123.31451,39.34074
-123.31441998422947,43.516491651327534
-123.3142054075083,43.516019582540906
-123.3141839498362,43.51608395555727
-123.314138,39.340527
-123.314039,43.516641
-123.313955,39.394957
-123.313929,39.339675
-123.313801,43.517421
-123.313787,42.34232
-123.313787,43.517468
-123.313756,43.436227
-123.313751,45.763187
-123.313697,42.948005
-123.313666,39.913326
-123.313624,39.33990900000001
-123.313609,43.436411
-123.313606,39.339931
-123.313549,39.339965
-123.313135,43.002843
-123.313065,42.342262
-123.312979,39.712834
-123.312952,38.665219
-123.31293940485328,38.66521239262264
-123.312851,38.66526
-123.312821,39.339274
-123.312774,43.521862
-123.312743,39.434603
-123.312597,46.93980300000001
-123.312494,39.338892
-123.312492,39.338928
-123.312456,45.651588
-123.31238700000002,42.434496
-123.312369,39.430086
-123.312335,45.119165
-123.31231,44.178114
-123.312135,44.975147
-123.312029,44.179607
-123.312016,44.55085800000001
-123.311999,44.929416
-123.311948,43.523918
-123.311846,39.711162
-123.311761,42.435633
-123.311479,44.929491
-123.31122279108378,43.00416827181336
-123.311158,45.65235300000001
-123.311148,43.004233
-123.31113899999998,41.816347
-123.31113696039527,43.004232644829735
-123.311092,44.180494
-123.310959,46.938477
-123.31076000000002,46.112021
-123.310681,46.112003
-123.31055760324806,43.004254102501854
-123.310546,39.156694
-123.310546,39.337461
-123.310546,39.706184
-123.310546,40.772387
-123.310546,42.768942
-123.310546,42.948014
-123.310546,43.029801
-123.310546,43.029897
-123.310546,43.525523
-123.310546,43.525675
-123.310526,41.863525
-123.31049099999998,46.111963
-123.310452,44.551351
-123.31041,40.772366
-123.310305,42.436692
-123.310285,42.43683
-123.31017,43.672114
-123.310154,44.180887
-123.309946,40.779939
-123.309942,39.413183
-123.30993533075664,40.77993035297022
-123.309504,44.052691
-123.309222,39.391297
-123.308837,42.421875
-123.30879807413427,40.77980160693751
-123.3087766164622,41.85858607272216
-123.308776,41.858586
-123.307664,43.006304
-123.3075535291514,45.12315630891264
-123.307553,45.123156
-123.307297,38.933235
-123.307253,45.123421
-123.30719,42.45245
-123.307091,46.111217
-123.307001,42.452182
-123.306721,45.123883
-123.306569,46.156311
-123.306564,43.030344
-123.306427,39.335949
-123.306427,39.335964
-123.306403,45.760896
-123.306104,44.052691
-123.305508,45.115458
-123.305409,39.413245
-123.305019,44.930289
-123.30491200000002,43.213129
-123.304756,40.37473
-123.30469,48.096154
-123.304547,39.331712
-123.304397,40.37506
-123.304329,39.334692
-123.304266,39.332727
-123.304065,39.334471
-123.303916,44.93473
-123.303907,39.320742
-123.303804,39.310562
-123.30373,43.009063
-123.303406,38.555869
-123.30316299999998,39.398571
-123.302948,39.391221
-123.302889,42.436631
-123.30268999999998,45.110932
-123.30258700000002,39.426357
-123.302525,39.38543
-123.302424,43.010018
-123.302123,39.327958
-123.302007,45.127677
-123.301783,43.018713
-123.301663,43.678763
-123.301641,42.771683
-123.301633,45.65423300000001
-123.30159,46.155418
-123.30158829630231,46.01242661454194
-123.30151399999998,39.318354
-123.301427,43.02036
-123.301392,39.325697
-123.30133899999998,43.02029
-123.301318,39.325179
-123.301155,39.316772
-123.301144,39.323957
-123.301096,46.110537
-123.30105185449932,38.55532765370104
-123.301047,45.654149
-123.300947,43.027465
-123.300926,43.015689
-123.300907,39.321061
-123.300879,39.322273
-123.300794,39.321261
-123.30075144708972,43.02734255770194
-123.300751,43.027342
-123.300695,44.052652
-123.300608,39.30682
-123.300508,45.759715
-123.300459,42.44361
-123.300438,43.026199
-123.300334,42.44365
-123.300272,44.937025
-123.300251,44.969078
-123.300084,39.025888
-123.300015,39.709905
-123.300008,39.30892100000001
-123.299978,43.68541
-123.299876,39.308913
-123.299777,44.968831
-123.29970002115586,44.93087410905394
-123.29970002,44.93087411
-123.299686,43.022026
-123.2996571058116,43.02599072435844
-123.299657,43.02599
-123.299602,43.021961
-123.29959273279523,43.021956682000045
-123.299494,42.436583
-123.299471,44.968665
-123.299469,44.9687
-123.299408,44.55463
-123.299215,43.022197
-123.29920649469707,43.02219271639336
-123.299055,42.333449
-123.298999,43.022328
-123.298851,44.05267
-123.298639,44.968198
-123.298606,39.314624
-123.29858422220563,39.31462883930533
-123.29849,45.653781
-123.298431,38.926456
-123.297971,39.313957
-123.29796,42.43652
-123.297957,42.4364
-123.297782,38.915082
-123.297775,43.02424
-123.297754,39.424976
-123.297708,45.131041
-123.297702,43.688002
-123.297684,46.572578
-123.297665,39.312387
-123.29757571161603,45.13105273225246
-123.297417,43.532745
-123.29734,42.439922
-123.297269,40.383605
-123.297093,43.688278
-123.296787,38.546212
-123.296527,44.313316
-123.296386,45.758914
-123.29636,42.422614
-123.29627,39.717335
-123.29603600000002,44.930882
-123.295992,38.545756
-123.295784,46.576977
-123.29568743646956,38.67111325245537
-123.295303,42.438588
-123.29511200000002,43.68947
-123.29495787561753,42.94666171053435
-123.294908,43.534534
-123.294891,43.534881
-123.294874,43.534557
-123.294864,42.42310300000001
-123.294686,42.946836
-123.294624,45.75857
-123.294571,42.438373
-123.294401,45.133488
-123.29439997614244,44.35048699357819
-123.29438799999998,46.57835
-123.294344,45.758518
-123.29433600000002,38.91905
-123.29422,42.423332
-123.29413,42.438288
-123.293934,45.758436
-123.293919,44.965518
-123.293795,44.944422
-123.29378,42.329688
-123.293721,42.94602
-123.293655,42.439037
-123.2934558385692,42.43820071200162
-123.293346,39.378855
-123.293265,44.930515
-123.293142,42.328413
-123.292953,38.920764
-123.29273899999998,42.945158
-123.292519,44.930402
-123.292363,38.920451
-123.292351,38.543892
-123.291893,44.052639
-123.2918679708324,44.052654504565936
-123.291867,44.052654
-123.291757,38.543061
-123.2915461057506,44.36297535875147
-123.291521,44.930257
-123.29152,45.652818
-123.291449,40.386615
-123.291425,38.919915
-123.291052,44.312399
-123.29081654489856,42.943485975060725
-123.29060196817736,43.54007363298636
-123.290577,39.02554600000001
-123.290559,39.025551
-123.29039,43.69478
-123.290238,44.947419
-123.290234,44.930072
-123.290096,42.942432
-123.28991200000002,39.427797
-123.289831,44.370762
-123.28982949198108,44.37076449373068
-123.289641,39.30011
-123.289589,38.542351
-123.289384,42.43792
-123.28937888086658,42.43792176226407
-123.28937888,42.43792176
-123.289378,42.437921
-123.289268,42.438049
-123.289145,42.321379
-123.288945,42.424719
-123.288795,42.321037
-123.288665,42.320974
-123.28864932001451,42.32097744921531
-123.288589,40.762327
-123.28846,44.377239
-123.288426,44.377263
-123.288377,42.32068
-123.28747,44.382178
-123.28746914804798,44.382179975298
-123.28746,44.929133
-123.287346,42.319044
-123.287316,39.299793
-123.287111,39.299677
-123.28708,46.584553
-123.286986,45.11072
-123.286802,43.218267
-123.286523,44.189611
-123.28638,46.112401
-123.286373,44.198587
-123.286369,44.193665
-123.286362,44.189617
-123.286351,42.437796
-123.286276,44.310691
-123.286074,44.55456
-123.286004,39.299295
-123.285956,40.38772700000001
-123.28564524591783,40.7619917390787
-123.285645,40.761991
-123.285567,42.777072
-123.285507,40.762009
-123.285393,43.698095
-123.285389,44.389564
-123.285191,42.42505900000001
-123.284968,46.586072
-123.284951,44.391061
-123.284894,42.936864
-123.284829,42.316848
-123.284796,44.952922
-123.284781,38.540486
-123.284726,44.960195
-123.284683,44.96022
-123.284682,45.755478
-123.284252,44.052632
-123.284225,42.935894
-123.284222,46.58812
-123.284004,42.93412
-123.283944,42.316433
-123.283927,42.933885
-123.283908,44.959788
-123.2839071744762,42.9338729379514
-123.283907,42.933872
-123.283906,38.540103
-123.283877,42.933725
-123.283852,39.716174
-123.283646,39.883758
-123.283625,39.87766
-123.28348,39.297638
-123.283431,42.932341
-123.283357,43.219281
-123.28324199,42.77778983
-123.28324198664048,42.77778983095752
-123.283209,42.777331
-123.283183,44.398331
-123.28300595224722,42.777382135187246
-123.283005,42.9305
-123.282873,43.558118
-123.282825,46.113096
-123.28255,43.699369
-123.28248899999998,43.559005
-123.282419,43.558753
-123.28240513742789,43.55874180772992
-123.282113,45.143151
-123.282031,43.560035
-123.28201889932974,43.56002926805705
-123.282018,43.560029
-123.28195452631338,45.75424790360568
-123.281953,45.143158
-123.281858,43.560025
-123.281706,40.760761
-123.281422,44.405758
-123.281411,44.928269
-123.281201,44.958222
-123.281134,42.927165
-123.28111767710074,42.92715668657815
-123.281059,39.296816
-123.281013,44.928291
-123.280975,44.928264
-123.280858,43.560729
-123.280588,38.610547
-123.280398,44.928262
-123.280345,42.927675
-123.28030228556024,43.562968969137366
-123.280302,43.562968
-123.280233,42.424789
-123.280233,43.561193
-123.280228,42.31447
-123.279849,42.437541
-123.279782,42.778846
-123.279649,45.110642
-123.279648,42.778667
-123.27964,46.595261
-123.279553,42.778451
-123.279509,38.53768400000001
-123.27944397867546,44.842532872939856
-123.279361,42.437521
-123.279295,42.437622
-123.279121,42.924557
-123.278805,38.543899
-123.278648,42.437511
-123.278602,42.437595
-123.278565,44.190475
-123.278318,45.750999
-123.278316,46.002799
-123.278241,44.956525
-123.278207,42.922921
-123.278141,42.424673
-123.278045,39.427517
-123.277899,44.956322
-123.277814,44.305838
-123.277132,44.842356
-123.276765,38.912779
-123.276656,44.928259
-123.276206,38.539244
-123.276157,44.447497
-123.276149,44.447563
-123.27613,39.795168
-123.276116,39.713624
-123.276077,39.375569
-123.27603220880852,42.77954936007128
-123.27596783579216,42.92044043520488
-123.275937,42.313569
-123.275868,42.92053
-123.275838,42.920492
-123.275691,39.373333
-123.275685,39.373496
-123.275649,45.650438
-123.275589,38.533779
-123.275554,38.533799
-123.275377,44.454781
-123.275286,38.913013
-123.275218,39.802627
-123.27491299999998,44.459421
-123.274843,44.190875
-123.274626,45.650031
-123.274612,46.630909
-123.27428799999998,44.465675
-123.274214,39.817174
-123.27405810297356,46.620365381018544
-123.273949,38.533538
-123.273761,42.424785
-123.27361100000002,43.569218
-123.273397,38.533438
-123.273379,44.474481
-123.273271,44.475436
-123.273258,42.780407
-123.273199,44.476072
-123.273105,44.556924
-123.273102,44.477016
-123.272849,44.389532
-123.272698,39.464249
-123.272652,44.842323
-123.272629,39.795078
-123.2725989812695,44.84233975389079
-123.272473,39.293208
-123.27247023523675,39.293192624858406
-123.27243,39.293228000000006
-123.272353,39.293238
-123.272232,42.780757
-123.27201962412228,45.11056065537877
-123.272019,45.11056
-123.271776,42.424856
-123.271748,42.428224
-123.271698,44.489969
-123.27150463999142,39.0320312974976
-123.271504,39.032031
-123.271503,39.032034
-123.271242,39.802613
-123.271237,39.801941
-123.271043,44.928247
-123.270588,42.916081
-123.270401,43.216074
-123.270296,42.437161
-123.270222,42.437258
-123.2701,42.424911
-123.269987,44.506946
-123.26989,44.507939
-123.269544,39.035386
-123.269467,44.551862
-123.26939099999998,45.741376
-123.269389,45.646589
-123.269333,45.6465
-123.269218,39.291191
-123.268934,45.153408
-123.26892971933712,45.1534116266005
-123.268929,45.153411
-123.268744,45.1534
-123.2686507695996,44.51998114564648
-123.268444,42.782586
-123.268369,45.628845
-123.268204,45.628503
-123.268044,45.15407
-123.26801299999998,43.699423
-123.267478,39.386055
-123.267459,45.635394
-123.267236,42.914141
-123.267096,39.817095
-123.267041,39.81342
-123.267027,39.812606
-123.266967,39.798481
-123.266931,39.796584
-123.266851,39.795129
-123.266625,44.538085
-123.26661599999998,43.21424
-123.266359,39.192269
-123.266298,44.541156
-123.266165,39.824441
-123.266068,44.543425
-123.266029,39.79195
-123.26599001825682,44.55665230729791
-123.265931,39.371469
-123.265835,45.626526
-123.265828,39.430771
-123.26567,38.556005
-123.26558,44.557586
-123.265213,42.785051
-123.265148,44.551915
-123.265046,38.525086
-123.264922,44.554223
-123.264913,44.55436
-123.264682,39.816008
-123.2645094388806,44.55969929673881
-123.264375,43.699854
-123.264343,46.069244
-123.264333,38.556051
-123.264326,44.928243
-123.264256,45.156877
-123.264188,42.310967
-123.264055,44.84226
-123.264,44.560709
-123.263947,42.436535
-123.263871,39.71373
-123.263842,39.164575
-123.263743,46.066105
-123.26341200000002,44.559425
-123.263367,42.424755
-123.263349,39.287109
-123.263212,42.909617
-123.263167,38.525301
-123.26312,44.92823900000001
-123.262729,46.05804000000001
-123.26262116373417,46.05853915192576
-123.262621,46.058539
-123.262547,46.052779
-123.262442,39.81502800000001
-123.262392,45.624033
-123.26239,45.62402
-123.26238512934084,45.62404274918735
-123.262335,39.813472
-123.262324,39.817109
-123.262317,39.80801
-123.26231,39.80506
-123.262283,39.802545
-123.262271,39.799875
-123.262109,42.424438
-123.261932,43.580223
-123.261772,39.815703000000006
-123.261672,46.083369
-123.261659,44.842242
-123.26158,42.90805200000001
-123.261378,43.211733
-123.261316,44.192323
-123.261308,39.727677
-123.261225,46.074874
-123.260963,42.435032
-123.260951,42.825232
-123.260929,43.580693
-123.260915,46.09112800000001
-123.26086200000002,42.423983
-123.260857,40.58675
-123.260782,39.795175
-123.260675,42.815456
-123.260611,42.308902
-123.26041,39.283563
-123.260285,39.283638
-123.26028227747317,39.28362250309332
-123.260167,43.700769
-123.260149,42.826475
-123.260143,42.423682
-123.260054,42.826832
-123.260008,45.160329
-123.259906,44.56632000000001
-123.259659,45.160527
-123.259659,47.044739
-123.259422,44.56731
-123.25940251291628,44.56727385499683
-123.259371,45.160815
-123.259235,42.30693
-123.259155,42.305085
-123.259134,42.304187
-123.259105,42.303262
-123.25882,44.566055
-123.258644,39.72170300000001
-123.25854,42.811964
-123.258462,42.302748
-123.258365,44.567035
-123.25835108698244,44.56703782060352
-123.258344,42.811786
-123.258302,45.621064
-123.258283,40.39288300000001
-123.258125,39.735574
-123.258122,41.86474000000001
-123.258019,39.736016
-123.258016,44.928226
-123.257985,42.812029
-123.257973,45.735411
-123.257837,46.096496
-123.25781464517948,46.09649777390434
-123.257804,42.433201
-123.257776,38.913836
-123.25777172983524,38.91382098179381
-123.257709,42.433274
-123.257677,39.802482
-123.257629,39.050265
-123.25762152613041,39.05027031879878
-123.257599,39.794041
-123.25757,39.795178
-123.257569,39.809796
-123.257559,39.794038
-123.257549,39.793695
-123.257532,39.734622
-123.257258,46.051444
-123.25721,38.55352
-123.25717,44.565638
-123.257156,44.575996
-123.257074,42.302718
-123.257062,39.187668
-123.256674,44.565517
-123.25606,42.79674
-123.25593700000002,44.565249
-123.255869,42.302711
-123.25585,44.052601
-123.25584053934452,44.052611589221705
-123.25584,44.052611
-123.25566,39.795231
-123.255461,44.565151
-123.255379,45.99078
-123.255355,46.118496
-123.255275,45.990268
-123.25517535150884,44.2905342576776
-123.254956,42.798131
-123.254842,45.618789
-123.254803,42.850717
-123.254736,40.740684
-123.254724,40.740684
-123.254586,42.846705
-123.254513,42.799313
-123.254499,42.846824
-123.254485,42.850889
-123.254376,42.837182
-123.254094,42.799279
-123.254087,42.83730300000001
-123.254055,42.43102800000001
-123.253971,44.587259
-123.253954,42.431097
-123.253872,44.928228
-123.253694,44.942439
-123.253579,39.275547
-123.253538,45.731412
-123.253524,44.56488
-123.253515,42.83915
-123.253458,45.165427
-123.253456,39.794127
-123.253267,45.73125200000001
-123.25317978800176,39.27531838398325
-123.253177,44.58883
-123.25316399999998,42.301984
-123.253128,42.807129
-123.25293,39.729641
-123.252892,44.574589
-123.252844,39.824333
-123.252622,44.928222
-123.252477,44.564321
-123.25247168482184,44.5643126962444
-123.252457,42.842364
-123.252456,42.802132
-123.25245022714972,42.80212283114051
-123.25245,42.802122
-123.252398,40.739968
-123.252235,44.564674
-123.252178,42.803598
-123.252113,38.548888
-123.252062,42.843206
-123.251991,39.184314
-123.251975,45.73057100000001
-123.251769,43.702593
-123.251659,46.630055
-123.251597,45.166782
-123.25153799999998,44.564608
-123.251398,45.615592
-123.251306,44.564567
-123.251275,45.617689
-123.250989,43.589669
-123.250814,45.72986
-123.250777,44.564481
-123.2507550710523,42.90093541124868
-123.250755,42.900935
-123.250724,42.90082
-123.25071215570809,42.90082812288809
-123.250552,42.899753
-123.250514,42.899662
-123.250279,39.790964
-123.25026154459356,44.94048714616327
-123.250252,45.72966
-123.250161,44.56439
-123.250093,44.193465
-123.25,44.052657
-123.249919,44.940268
-123.24972510279058,44.596821069504735
-123.2497251,44.59682107
-123.2497,44.5889
-123.249636,44.284546
-123.24958,44.596822
-123.249443,39.792795
-123.24943,39.79419
-123.249417,39.793481
-123.249408,42.299505
-123.249402,39.790902
-123.248942,39.742536
-123.248918,44.576451
-123.248847,45.985088
-123.248843,44.598561
-123.248603,45.728599
-123.248458,39.050693
-123.24843764246344,39.05069947224116
-123.248391,46.041388
-123.24835,39.751675
-123.248315,39.754432
-123.248306,44.576707
-123.248299,39.75877
-123.248256,39.758751
-123.24824452341436,47.0797312257429
-123.24823899999998,39.837095
-123.248204,39.78308
-123.248201,39.788563
-123.24817,39.790205
-123.248153,39.824317
-123.248152,39.835039
-123.248144,39.83159000000001
-123.248142,39.828323
-123.248135,39.820724
-123.248134,45.616413
-123.248133,39.792779
-123.248126,39.79349000000001
-123.248123,39.794215
-123.248122,39.771345
-123.248083,39.809761
-123.248066,39.807921
-123.24794411600472,46.0375106332491
-123.247799,44.601612
-123.247598,45.61601
-123.247505,44.564091
-123.247505,46.03828
-123.247445,42.856725
-123.2474,42.856394
-123.247308,42.856672
-123.247034,42.85782800000001
-123.246792,42.859463
-123.24673500000002,38.518539
-123.246697,38.516351
-123.246564,42.868991
-123.246483,42.862995
-123.246422,38.518501
-123.2463562482679,38.51848483067265
-123.24633479059578,46.01298451401704
-123.246334,46.012984
-123.24626200000002,42.868962
-123.246257,42.862336
-123.2462275022352,41.85955166796751
-123.246227,41.859551
-123.24618999999998,44.938129
-123.246148,47.046372
-123.246025,44.607898
-123.245908,45.98462
-123.24581,46.095988
-123.245767,39.456292
-123.245665,38.518374
-123.245576,42.870562
-123.24549794138314,43.70394587495945
-123.245134,44.56393900000001
-123.244856,46.029454
-123.24485421121958,40.73924660663253
-123.244854,40.739246
-123.244827,44.053131
-123.244815,44.05311500000001
-123.24472546518686,45.61301350571817
-123.24461399999998,42.295448
-123.244603,39.05053
-123.244136,42.89677800000001
-123.24412465036752,42.89677262285758
-123.244124,42.896772
-123.244072,42.896881
-123.243974,42.896729
-123.243947,45.172419
-123.243923,44.936836
-123.243835,45.611722
-123.243774,42.427162
-123.243691,39.831554
-123.243555,39.817011
-123.24353,45.61198
-123.24352383554822,45.61198353745645
-123.243453,39.166043
-123.243245,42.875646
-123.243148,38.547905
-123.24313759745004,45.10725617387244
-123.243137,44.280341
-123.243137,45.107256
-123.243113,42.875528
-123.243086,39.271094
-123.24307322443369,46.002513170022965
-123.243025,46.002551
-123.242801,42.876599
-123.242727,39.270855
-123.242656,39.270648
-123.242569,39.27081
-123.24247240961436,43.595606088430415
-123.242472,43.595606
-123.242355,46.003884
-123.24225783289316,43.59541296938135
-123.242257,43.595412
-123.241968,42.879834
-123.241967,39.270763
-123.241933,41.858642
-123.241892,44.193441
-123.241831,46.09951
-123.241667,44.935432
-123.241553,44.628495
-123.24144,46.10044600000001
-123.241432,44.62899
-123.241355,39.270045
-123.241342,38.517554
-123.241299,45.610658
-123.24128,44.563931
-123.241247,39.807904
-123.241169,43.215152
-123.240896,46.121308
-123.240819,42.421072
-123.240803,44.93484
-123.240776,38.523903
-123.240765,44.63219
-123.240489,44.845293
-123.240221,42.293943
-123.24019789636976,43.216363191398536
-123.240002,44.563932
-123.239906,44.053608
-123.239871,38.514798
-123.239661,44.931882
-123.23946200000002,39.421493
-123.23940396250131,44.93201136567625
-123.239341,44.193446
-123.239177,44.054754
-123.239159,44.053667
-123.239106,39.059952
-123.239,42.420988
-123.238945,45.715898
-123.23893189371472,45.72326302506578
-123.238931,45.723278
-123.238907,45.723301
-123.238853,42.889679
-123.238831,44.563919
-123.238786,45.717099
-123.23878169000989,45.71446537949698
-123.238781,45.714465
-123.238761,42.889875
-123.238753,42.890499
-123.238709,42.890065
-123.238708,39.269781
-123.238594,42.890545
-123.238556,42.890625
-123.238503,42.89053
-123.2384,45.719907
-123.23833107889538,45.1135218141312
-123.23828816355116,44.86459135987823
-123.238267,45.721251
-123.238106,42.892208
-123.23808,45.609491
-123.238068,42.893881
-123.237791,40.562409
-123.237645,44.582126
-123.237624,43.598112
-123.23762,39.096195
-123.23753899999998,39.081824
-123.237478,46.121346
-123.237301,45.176669
-123.236937,44.563946
-123.236796,38.54685
-123.236686,42.420896
-123.236144,46.121095
-123.235817,42.420841
-123.235764,38.513752
-123.235254,44.642898
-123.235241,44.845287
-123.235138,44.845753
-123.235003,39.181118
-123.23494,44.563938
-123.234921,44.563963
-123.2347,45.710448
-123.234303,44.84745
-123.234278,44.848539
-123.2340824598158,44.93389964082272
-123.234082,44.933899
-123.233972,39.267694
-123.233757,45.609348
-123.233731,45.609335
-123.23352456034073,45.82338452317322
-123.233301,44.934775
-123.233141,45.818801
-123.233123,38.90700800000001
-123.23311686457043,38.90699744205996
-123.23299,44.848518
-123.23275,44.587114
-123.232025,45.180222
-123.231942,44.588576
-123.231619,44.054622
-123.23151599999998,44.588371
-123.231411,39.265276
-123.23140025080092,46.17303729035295
-123.231347,46.106895
-123.2313,45.610217
-123.231273,39.352525
-123.231193,38.906301
-123.231102,47.050526
-123.231094,47.050609
-123.23107838571914,47.05061316467738
-123.23104,43.707115
-123.230883,44.589033
-123.230576,44.848511
-123.230424,44.264524
-123.23041319788344,44.26452755906932
-123.23041299999998,44.264527
-123.22994112909686,42.287439107693245
-123.229777,44.193374
-123.229647,43.707296
-123.229626,39.062797
-123.229597,45.807312
-123.229456,44.834684
-123.229429,39.816809
-123.229395,44.828522
-123.22938322962176,44.82852101304613
-123.229383,44.828521
-123.229365,39.344414
-123.229358,44.842756
-123.229346,42.287038
-123.22934031427752,44.84309077241495
-123.229317,42.419586
-123.229317,42.424284
-123.229317,44.847416
-123.229308,44.848522
-123.229302,44.849564
-123.229268,44.92942100000001
-123.229228,39.255022
-123.229204,44.777439
-123.229171,44.780527
-123.22910428,44.86454844
-123.2291042798842,44.864548444534
-123.229104,44.864548
-123.22908,44.86459
-123.229053,44.870597
-123.228955,44.876237
-123.22895407617936,44.78401780107125
-123.228954,44.784017
-123.228936,42.419391
-123.228777,44.887168
-123.228693,44.892601
-123.228669,44.848515
-123.228667,44.893605
-123.228596,44.961981
-123.228584,44.897523
-123.228577,44.898539
-123.22856783808125,44.89752888658097
-123.228567,44.897528
-123.228558,44.901656
-123.22854638040909,44.935444593215294
-123.22854638040909,44.95383381822131
-123.228529,44.908551
-123.228525,44.947236
-123.228524,44.91047800000001
-123.228522,44.910751
-123.2285,44.91217
-123.228491,44.918247
-123.22848700000002,44.926618
-123.228484,44.928638
-123.228484,44.929204
-123.228483,44.920144
-123.228479,40.557945
-123.228477,44.92563
-123.228477,44.936359
-123.22846054972064,44.9256384370569
-123.228432,44.935139
-123.228422,44.934669
-123.228284,42.419054
-123.228229,45.831799
-123.228193,42.42361500000001
-123.228163,44.744093
-123.227982,44.649562
-123.22796702326188,38.662894964033775
-123.227966,38.66291
-123.2279455655898,38.5085070131373
-123.227926,45.797219
-123.22792410791764,45.797206163188
-123.22790265024553,44.84849810578896
-123.227847,45.7968
-123.227831,44.929094
-123.227757,42.423106
-123.227747,39.34076
-123.22772,44.7696
-123.227717,44.803256
-123.22770953119644,44.8032438752899
-123.227559,44.593214
-123.227443,45.613976
-123.227291,44.055406
-123.227242,45.833141
-123.227232,45.833157
-123.227074,44.258148
-123.227061,39.256346
-123.227045,44.258145
-123.226927,40.392593
-123.226801,39.178426
-123.22676539362324,40.3926408288937
-123.226748,39.260517
-123.22671499999998,39.09085
-123.226554,44.764564
-123.226356,38.904368
-123.226326,39.264046
-123.22625,39.263859
-123.22606,39.063985
-123.22605729044332,39.06398177128285
-123.225994,39.263768
-123.225967,40.392975
-123.225861,39.260043
-123.225636,44.564025
-123.225529,39.168099
-123.225446,38.542491
-123.225385,45.616232
-123.225365,39.25754600000001
-123.224801,43.60554000000001
-123.224792,39.178386
-123.22479128778826,43.60554099062153
-123.224696,39.327506
-123.224653,39.162402
-123.224627,39.09074
-123.22452,44.564036
-123.22446200000002,44.252926
-123.224274,42.422689
-123.224059,39.254275
-123.223954,39.315861
-123.223912,42.422667
-123.223889,42.422403
-123.22386860788716,43.242927789481904
-123.223851,44.597752
-123.223696,44.597899
-123.22356200000002,39.318573
-123.223559,39.179999
-123.223551,39.178384
-123.223529,39.178624
-123.223444,44.897466
-123.22331,44.750368
-123.223117589363,44.25105214097857
-123.223091,44.743387
-123.22307467401876,44.74410653092984
-123.223074,44.744106
-123.222984,46.109787
-123.222924,45.793165
-123.222922,39.282048
-123.22292,42.417991
-123.222768,44.668678
-123.222763,44.055611
-123.222742,44.055622
-123.222656,39.17836
-123.222656,39.261816
-123.222656,40.395152
-123.222656,42.422324
-123.222656,45.792599
-123.222508,44.655109
-123.222351,45.79195
-123.222347,45.791942
-123.222268,44.599488
-123.222197,44.665282
-123.22219490946186,44.722927808548334
-123.222194,44.722927
-123.221896,39.168869
-123.22186,39.1681
-123.221852,39.167736
-123.221619,44.71295900000001
-123.221612,44.71297
-123.221482,45.187199
-123.221404,39.263018
-123.221065,44.700247
-123.22101200000002,39.088754
-123.22097182215109,44.93452191331417
-123.220971,44.934521
-123.220946,44.699552
-123.220898,42.418333
-123.220881,39.09087
-123.220483,39.091465
-123.220369,40.740994
-123.220367,42.418461
-123.220299,39.259313
-123.220296,44.247663
-123.220285,39.25931
-123.22026371897115,43.60946774461932
-123.220263,43.609467
-123.220242,39.252892
-123.220226,47.050267
-123.220163,39.259397
-123.220136,39.25636
-123.220109,44.694985
-123.220085,39.259171
-123.220036,39.277666
-123.21996331156149,43.70765805223604
-123.21993799999998,45.789427
-123.219924,39.289939
-123.21990900000002,39.281586
-123.219902,39.286839
-123.219899,44.564062
-123.219896,39.284875
-123.219862,39.312853
-123.219857,39.269964
-123.219841,39.79455
-123.219821,39.299743
-123.219812,39.092368
-123.21981,39.312832
-123.219795,38.503262
-123.219578,45.188183
-123.219528,44.054739
-123.219443,45.116355
-123.219433,45.70108
-123.219408,45.83889600000001
-123.219352,44.977192
-123.219282,39.47658300000001
-123.21924,42.418671
-123.2192,39.258712
-123.219121,39.177771
-123.218918,43.610905
-123.21889,45.18844
-123.218884,45.18841
-123.218856,44.979363
-123.218738,43.626444
-123.218538,45.620337
-123.2185256475295,45.62033057191076
-123.218521,46.174553
-123.218468,42.418819
-123.218281,39.264878
-123.218253,43.711344
-123.21822,40.537529
-123.218175,42.422316
-123.21791100000002,38.662704
-123.217909,43.611721
-123.217593,43.635199
-123.217506,43.708847
-123.21749567926778,43.70879530885835
-123.217456,44.608768
-123.21743899999998,39.093528000000006
-123.217316,45.784674
-123.217267,45.698956
-123.21721672953024,42.27548718432296
-123.21689,45.840567
-123.216819,39.172604
-123.21680903376,43.61285805681413
-123.216809,43.612858
-123.216806,39.185546
-123.216759,42.273399
-123.216731,39.170898
-123.216586,43.613118
-123.216474,42.418869
-123.216385,43.257868
-123.216377,45.698242
-123.2163584226455,45.69824337937498
-123.216174,39.169305
-123.216092,44.611194
-123.216075,39.265963
-123.215989,39.284895
-123.215894,43.714571
-123.21589099999998,39.079722
-123.215885,39.250611
-123.215729,43.7146
-123.21571469248192,43.71461033800261
-123.215714,43.71461
-123.215544,45.7801
-123.215504,44.564093
-123.2155,39.079211
-123.215474,44.612302
-123.215384,45.620436
-123.215353,44.241713
-123.215241,39.171718
-123.21513,39.81667
-123.215118,39.167401
-123.21511,39.165898
-123.214986,43.61619500000001
-123.214807,45.840849
-123.214783,43.61615
-123.214752,43.707329
-123.214661,38.52977
-123.214638,41.18844
-123.214496,39.241513
-123.214402,44.614242
-123.21436285913842,43.707121610433056
-123.214145,42.269688
-123.214025,39.25559000000001
-123.213973,46.112933
-123.21386,38.897377
-123.213798,44.615362
-123.21366299999998,45.77437000000001
-123.213579,43.261363
-123.213457,39.794546
-123.213357,42.418844
-123.213315,39.117434
-123.213277,45.767399
-123.213247,43.717142
-123.213178,38.896951
-123.213176,45.768725
-123.213108,45.765298
-123.213106,45.115912
-123.212995,39.173681
-123.2129895681228,39.17367339115537
-123.212852,44.193185
-123.212844,44.994089
-123.21283936441796,44.99408841111663
-123.212688,44.665268
-123.212561,43.717813
-123.212545,39.176505
-123.212463,42.418848
-123.212454,39.248937
-123.212432,39.15293
-123.212416,39.177833
-123.211955,39.184229
-123.211878,44.052685
-123.211855,44.237507
-123.211828,44.934309000000006
-123.211791,39.169223
-123.21176648081202,43.71858000734464
-123.211761,39.16922
-123.211755,44.855435
-123.21172356546778,45.19031882264522
-123.21161627710718,45.19031882264522
-123.211564,39.171748
-123.21152,39.172728
-123.211517,39.17224
-123.211515,39.172424
-123.21151,39.172359
-123.211508,39.172343
-123.211474,39.169228
-123.21145,39.26403
-123.211406,39.171016
-123.211403,39.191959
-123.21138,39.16922
-123.211377,39.171221
-123.21131586969751,39.17116284351744
-123.211311,39.167751
-123.211309,41.843463
-123.211305,39.169216
-123.211279,39.168602
-123.211279,39.174328
-123.21126,39.168011
-123.211243,39.188351
-123.211233,39.224195
-123.21123003900904,39.19141888599781
-123.211161,39.167138
-123.211121,39.128445
-123.211114,46.836466
-123.211059,39.189411
-123.21103691995997,39.18940186481861
-123.210971,38.525394
-123.210946,39.13401500000001
-123.210899,39.166168
-123.210883,39.189041
-123.210882,44.05242
-123.210871,39.166173
-123.21082234323876,39.17219281177916
-123.210776,39.752882
-123.210766,44.998169
-123.210709,39.176239
-123.2106936,39.17618394
-123.210691,39.176188
-123.21069,39.167704
-123.210687,45.115592
-123.21063,39.250149
-123.210602,39.16524
-123.210594,39.171078
-123.210571,39.192127
-123.210487,39.191329
-123.210471,39.168413
-123.210467,45.194337
-123.21038,39.816636
-123.210373,39.164449
-123.210265,39.178001
-123.210258,39.194118
-123.210233,39.163969
-123.210208,39.255262
-123.210126,39.193392
-123.21011424005884,39.19339299183277
-123.21,45.190399
-123.209999,45.190365
-123.209995,44.235272
-123.209991,45.188169
-123.209991,45.18991
-123.209986,45.184671
-123.20998549402611,45.19098401048093
-123.209924,39.185436
-123.20992,45.180497
-123.209877,45.180038
-123.209837,45.175797
-123.20983529032128,45.17579197862064
-123.209832,45.179709
-123.209787,45.17338400000001
-123.209778,45.173431
-123.209641,39.494439
-123.209615,45.172321
-123.20953488291164,45.07170081117119
-123.209533,45.071698
-123.209532,45.689213
-123.209515,39.181828
-123.209442,39.183618
-123.209427,40.740456
-123.209385,39.198627
-123.209371,45.086302
-123.20936322153467,45.086292028212135
-123.20936299999998,45.086292
-123.20936100000002,39.240796
-123.209358,45.086311
-123.209211,39.247472
-123.209191,43.652552
-123.209144,39.241317
-123.20914,39.198508
-123.2090413564529,39.23781037311917
-123.20904099999998,39.23781
-123.208997,43.65247700000001
-123.20893406809228,47.05366015411828
-123.208902,39.2385
-123.208857,39.199303
-123.208856,43.721363
-123.208796,39.159274
-123.20861220301052,44.14972901323248
-123.20861200000002,44.149729
-123.208578,39.234276
-123.208572,44.051819
-123.208552,44.051789
-123.208551,39.128522
-123.208401,39.126023
-123.2084,39.233986
-123.20839762628933,39.16916728001036
-123.208397,39.169167
-123.208392,39.15667
-123.20835471094507,39.23480629902251
-123.208295,39.189647
-123.208244,45.190083
-123.20821,39.231647
-123.20820450724024,39.169274568370966
-123.208199,45.19022
-123.20819,38.499971
-123.208176,39.153598
-123.208164,39.81662
-123.208145,39.231129
-123.20813,39.231121
-123.208126,44.051674
-123.208122,39.231022
-123.208119,39.236614
-123.208099,45.01376
-123.20805430353542,45.01376509644979
-123.2080328458633,39.23032164554963
-123.208019,39.147165
-123.208009,39.245289
-123.207954,39.16914000000001
-123.207915,39.231395
-123.207893,39.231152
-123.20788799999998,42.418856
-123.207863,39.233715
-123.207861,39.16758
-123.207813,39.16905300000001
-123.207807,39.230273
-123.207793,45.108814
-123.207781,39.230019
-123.207774,45.109135
-123.20773243845365,39.239012002757846
-123.207732,39.239012
-123.207704,42.265913
-123.207658,39.180317
-123.207656,45.023767
-123.207631,45.190561
-123.20761,40.739396
-123.207597,38.501433
-123.207572,39.207386
-123.207552,39.191108
-123.207527,44.051537
-123.207512,45.10696
-123.207477,45.027947
-123.20746499999998,39.123347
-123.207458,43.722752
-123.207446,45.11088
-123.207412,38.501257
-123.207391,45.030073
-123.20738911569973,45.03007292726026
-123.207361,39.24160300000001
-123.207294,45.842129
-123.207274,45.11171
-123.207256,39.203478
-123.207229,45.111872
-123.207142,45.060419
-123.207134,45.037466
-123.2071316236343,39.24274563770655
-123.207131,39.242745
-123.20713,39.242718
-123.207123,45.03915
-123.207109,40.544224
-123.207105,45.043192
-123.207102,45.042522
-123.207098,45.050585
-123.20708870829006,45.043183564924966
-123.20708870829006,45.060156583571136
-123.207067,44.564095
-123.207017,41.158326
-123.207006,44.624035
-123.206977,39.191234
-123.206955,46.107608
-123.206938,45.761003
-123.206899,39.279348
-123.206871,39.192822
-123.206851,39.192752
-123.206787,39.239723
-123.206725,46.106695
-123.206723,46.10669
-123.206583,39.121244
-123.206538,39.128533
-123.206507,39.149522
-123.206473,39.128318
-123.2064,45.125493
-123.206385,39.265041
-123.206375,39.196187
-123.206325,45.126096
-123.206218,45.117541
-123.2062,45.115577
-123.2062,45.116028
-123.206192,46.105598
-123.206125,45.165549
-123.206124,45.119778
-123.206123,45.165539
-123.206095,39.207818
-123.206074,43.704469
-123.205987,45.165353
-123.205965,45.123666
-123.205949,43.704365
-123.205942,39.758113
-123.205939,45.121617
-123.205937,45.128918
-123.205931,39.126079
-123.205929,43.70435300000001
-123.205907,45.123464
-123.205869,39.121472
-123.205823,43.724578
-123.20578,43.704231
-123.205757,39.816597
-123.205732,45.137469
-123.205696,42.418844
-123.205692,39.124001
-123.205624,39.816739
-123.2055652135696,39.24087882023221
-123.205516,39.15932100000001
-123.205499,44.050967
-123.205497,46.104982
-123.205482,39.167421
-123.205432,45.190677
-123.2054150098648,45.190662145399145
-123.205395,39.22003400000001
-123.20539355219265,40.40336966495322
-123.205346,43.658055
-123.205298,39.124032
-123.20526,39.23938
-123.2052004331436,43.72503876665246
-123.2052,43.725038
-123.205189,39.177962
-123.20516200000002,39.193074
-123.205154,43.657986
-123.205121,39.252571
-123.205103,44.193085
-123.205101,39.241107
-123.205054,39.22194
-123.20495,39.133881
-123.20493,45.163816
-123.204913,39.26827
-123.20488,45.163719
-123.204867,44.229904
-123.204821,43.725645
-123.204798,42.418844
-123.204796,39.290346
-123.204736,46.10452100000001
-123.204679,44.229798
-123.204662,39.210908
-123.204636,39.241425
-123.20453899999998,39.177936
-123.204468,39.26674600000001
-123.204433,39.124109
-123.204421,39.266604
-123.204396,39.128417
-123.204388,39.12875800000001
-123.204373,43.659113
-123.204236,39.223893
-123.204234,39.265994
-123.204196,39.159326
-123.204135,42.418824
-123.204128,45.686538
-123.204102,39.265221
-123.20402026117704,40.73733687381392
-123.20396,45.162135
-123.203959,39.224593
-123.203957,45.68642
-123.203927,46.104118
-123.20388,39.201229
-123.20385,44.205043
-123.203839,39.201972
-123.203801,39.153028000000006
-123.203773,39.122051
-123.203752,39.122049
-123.203741,45.686394
-123.203677,39.159329
-123.203642,44.20351
-123.203612,39.236557
-123.20352,39.116666
-123.203515,39.241854
-123.2035052770462,39.24184441547753
-123.203505,39.241844
-123.203436,46.103847
-123.203405,39.20821
-123.20331000000002,44.193053000000006
-123.203167,42.262611
-123.203148,45.843312
-123.203103,39.812054
-123.203034,44.198679
-123.203015,43.668061
-123.202976,44.197557
-123.20295,42.422918
-123.202947,43.668519
-123.202947,44.196964
-123.202923,43.668665
-123.20290446222684,43.66866946199576
-123.202881,39.232566
-123.202833,42.422674
-123.202823,44.564085
-123.202732,44.193043
-123.202684,38.892541
-123.202553,39.233551
-123.20252,44.189019
-123.202489,39.23355
-123.202459,44.187867
-123.20233600000002,44.185812
-123.202318,40.553286
-123.202215,39.119853000000006
-123.202208,43.670505
-123.202068,44.18055
-123.202064,39.23526
-123.201831,43.671013
-123.201777,44.626827
-123.201679,39.119162
-123.201642,44.232013
-123.201636,45.157774
-123.201602,44.171363
-123.2015955442276,44.17135834672847
-123.201595,44.17135800000001
-123.201571,39.198085
-123.201557,45.844432
-123.20153,45.84444000000001
-123.201528,42.418595
-123.20150971353912,42.41858839968481
-123.201474,39.280854
-123.201431,46.10276
-123.2013,45.157224
-123.20127,44.164607
-123.200951814064,43.27202439287532
-123.200908,39.82154
-123.20086,44.156881
-123.20084452570345,44.156874418048105
-123.200844,44.156874
-123.20083,45.190885
-123.200827,39.821581
-123.200781,39.148769
-123.200647,45.758578
-123.200611,44.152026
-123.200587,43.272197
-123.200545,39.256289
-123.200541,45.736857
-123.200523,44.14960900000001
-123.200497,39.137296
-123.200481,44.149615
-123.200386,39.115588
-123.20018,39.243351
-123.200148,39.23306
-123.200127,48.084122
-123.200091,43.686019
-123.200031,44.140128
-123.2000291341629,44.140115976123134
-123.199973,45.845712
-123.199966,39.116631
-123.199902,43.692644
-123.199849,44.233537
-123.199803,44.04946
-123.199797,39.254189
-123.199726,45.722953
-123.19970726908112,45.72296261765612
-123.199691,39.231047
-123.199669,39.268917
-123.199624,45.730862
-123.199581,45.15551
-123.199463,39.232929
-123.199458,45.203922
-123.199429,39.253059
-123.199391,39.232908
-123.199348,39.115371
-123.199161,39.195204
-123.199131,45.209313
-123.199131,45.210725
-123.199103,46.102048
-123.199093,44.236926
-123.199081,44.236881
-123.199063,45.616461
-123.199044,43.683572
-123.199035,44.564081
-123.199018,45.206123
-123.199013,39.155109
-123.199004,39.161822
-123.19899,45.740929
-123.19898700000002,43.67712
-123.19891333521272,39.132689237408
-123.198874,44.247716
-123.198873,43.677099
-123.198872,39.159395
-123.198795,39.133873
-123.198715,39.161175
-123.198617,45.147637
-123.19861292780304,39.16101336460513
-123.198605,39.145974
-123.198563,39.136076
-123.19853,39.135924
-123.198524,45.851588
-123.198456,39.144865
-123.19838,44.564076
-123.198369,45.852874
-123.198302,39.143791
-123.198282,39.12395
-123.198231,39.268924
-123.198213,39.241532
-123.1982,39.242674
-123.198164,39.243848
-123.198153,45.742966
-123.198145,45.204734
-123.198142,39.15932700000001
-123.198049,39.158867
-123.197991,39.24427100000001
-123.197896,45.153621
-123.197879,41.842725
-123.197778,43.681585
-123.197764,39.144707
-123.197668,39.204535
-123.197648,39.247411
-123.19763600000002,39.205437
-123.19763600000002,43.733262
-123.197546,45.22006
-123.197528,45.152944
-123.197525,44.249988
-123.19751,44.564049
-123.1975,43.680194
-123.197499,45.683006
-123.19749,43.733231
-123.197435,45.683069
-123.1974,44.62918
-123.197383,39.154536
-123.197366,39.154453
-123.197342,39.15432
-123.19730401,39.15414691
-123.197206,39.117396
-123.197193,40.425761
-123.197187,40.549762
-123.19716499999998,45.151558
-123.197068,41.843462
-123.196991,39.151669
-123.196974,39.151666
-123.196969,45.205391
-123.196791,39.152356
-123.196732,45.745006
-123.196704,39.151463
-123.19670319498444,39.15146470051217
-123.19669,44.564073
-123.196687,39.245766
-123.196622,39.146769
-123.196588,45.684959
-123.196558,45.22164
-123.196542,42.419358
-123.196541,44.630318
-123.196533,39.14888
-123.1965315336075,39.14882540684152
-123.196495,39.109276
-123.19648861826326,45.975326299448135
-123.196484,39.109288
-123.19635987223054,45.688351392528105
-123.19635900000002,45.688351
-123.19633841,39.14288163
-123.196313,45.751606
-123.196299,45.141039
-123.196139,39.143325
-123.19610238016512,39.137774705700224
-123.1961,44.629886
-123.196098,39.142778
-123.196091,44.629879
-123.196080922493,39.13951277714186
-123.19608,39.139512
-123.19603899999998,45.682329
-123.195862,45.752733
-123.195842,39.114737
-123.195755,39.138165
-123.195742,44.564148
-123.19571614206696,44.12827134111343
-123.195696,39.242433
-123.19569468,39.13734555
-123.195693,45.746077
-123.195677,47.057946
-123.19567322672272,47.05795168854209
-123.19566299999998,39.24247
-123.1956517690506,39.13350462894853
-123.195644,44.252321
-123.195627,39.242487
-123.195625,47.057892
-123.195608,47.057779
-123.19558739603426,47.05778002716514
-123.195478,44.048491
-123.195357,39.132702
-123.19532,44.127831
-123.195286,39.751526
-123.195248,46.101919
-123.19524407328036,39.109085798077054
-123.195226,45.85868
-123.195211,45.749408
-123.195183,39.242836
-123.195172,44.252903
-123.195101,39.206279
-123.195048,39.10767
-123.194986,39.124344
-123.194944,39.144983
-123.194905,39.119196
-123.194895,39.108272
-123.19486299999998,44.253299
-123.19481491983797,39.10769104938933
-123.194814,39.107691
-123.194814,39.107703
-123.194562,45.223246
-123.194299,39.24577100000001
-123.194187,45.192458
-123.194145,44.933812
-123.194069,45.747788
-123.194047,39.151615
-123.193952,39.198155
-123.193824,39.112265
-123.193777,39.10411
-123.19353999999998,45.192809
-123.193522,44.048414
-123.193469,42.255401
-123.193438,45.223769
-123.193367,45.680891
-123.193006,39.196001
-123.192909,43.278689
-123.192686,39.151175
-123.192654,39.19614
-123.19262623728184,46.10201239563893
-123.192544,47.413682
-123.192231,39.016964
-123.19213700000002,44.565556
-123.192101,45.143211
-123.192018,45.680208
-123.191815,39.825096
-123.19181299999998,39.825153
-123.191792,41.84024
-123.1917,39.825166
-123.191583,39.136461
-123.191388,40.540926
-123.191359,45.679864
-123.191273,39.099786
-123.191254,39.136476
-123.191226,45.756277
-123.191185,39.146916
-123.191183,39.13648
-123.191078,45.756191
-123.19107,40.738338
-123.190866,45.755179
-123.190865,40.552451
-123.190823,41.144583
-123.190628,46.102062
-123.190588,38.89374
-123.190586,40.552824
-123.190532,39.825281
-123.190531,46.10207800000001
-123.19052,44.048379
-123.190469,42.429372
-123.190377,39.273548
-123.19033027,39.09880757
-123.19033026636508,39.09880757313204
-123.190286,45.615648
-123.19028,44.633034
-123.190204,44.259043
-123.190188,42.429213
-123.19012,46.10209
-123.19002,39.13659000000001
-123.189972,40.539261
-123.189906,44.259412
-123.189763,45.22477
-123.189723,39.084045
-123.189709,40.553342
-123.189332,45.341524
-123.188989,39.778677
-123.188957,44.260609
-123.18895,46.831051
-123.188942,44.566977
-123.18893551767736,44.56697344758717
-123.188725,40.406608
-123.188614,45.678437
-123.18861365259556,40.53771615009051
-123.188423,41.837879
-123.188302,44.261407
-123.188027,44.634107
-123.187932,39.161459
-123.187836,45.341526
-123.18766399999998,44.262207
-123.187536,39.167033
-123.187485,44.879065
-123.187459,45.677839
-123.187413,45.225347
-123.187375,39.23155
-123.18732,44.872346
-123.18729,44.872225
-123.187246,44.872063
-123.187231,44.872016
-123.187201,41.847177
-123.187058,45.34152
-123.186881,39.789154
-123.186688,44.881417
-123.186489,39.758533
-123.186466,45.225567
-123.186226,42.425704
-123.18622,39.134337
-123.186215,44.868638
-123.186075,39.160215
-123.18602,44.868092
-123.185887,44.264143
-123.185881,44.117847
-123.18586707056431,44.11784291246358
-123.185691,46.830185
-123.185677,40.553883
-123.1856,38.89188
-123.185599,45.615314
-123.185509,44.883259
-123.18546200000002,44.883346
-123.185379,40.553914
-123.185288,39.203661
-123.185256,39.7943
-123.185211,44.117085
-123.185205,44.11708400000001
-123.18520188272863,44.86532092073029
-123.185111,44.883758
-123.185038,44.264705
-123.18485855997471,46.6337335107487
-123.184802,46.829951
-123.18473600000002,40.416099
-123.18468,46.102487
-123.184456,44.884468
-123.184405,39.161181
-123.184316,46.102528
-123.183994,42.426426
-123.183982,44.933549
-123.183852,39.155375
-123.183834,39.086267
-123.183471,39.155813
-123.183426,39.155792
-123.183404,39.156252
-123.183386,39.176065
-123.183324,40.530576
-123.183251,44.885873
-123.183224,45.553165
-123.183096,42.427174
-123.183058,39.285518
-123.183041,38.595741
-123.183019,39.083365
-123.182896,45.32942
-123.182854,45.67545
-123.182826,44.636004
-123.182568,45.346123
-123.18241238535316,45.19873023011589
-123.182393,44.636152
-123.18233,44.114057
-123.18232655466473,44.11404490449851
-123.182326,44.114044
-123.182323,41.834799
-123.182257,45.616022
-123.182247,45.615131
-123.1822407239762,45.61513781525795
-123.182206,42.43323
-123.182167,45.615108
-123.182166,44.26588
-123.182099,39.080403
-123.182097,45.226597
-123.18206,44.113739
-123.181997,40.554118
-123.18162,39.13313400000001
-123.181541,46.829109
-123.181533,45.674775
-123.181343,47.300652
-123.181221,47.301071
-123.181213,39.154246
-123.18121075571447,40.41856169681349
-123.181142,39.74919600000001
-123.181137,47.2971
-123.180884,44.888566
-123.180844,44.567243
-123.180803,39.117753
-123.180636,44.933461
-123.180543,42.433453
-123.180534,39.153931
-123.18047,39.268892
-123.180405,40.524044
-123.180381,38.890917
-123.180365,45.67417
-123.180208,44.111778
-123.180183,39.239769
-123.180046,43.291034
-123.180023,45.200035
-123.17988038004312,43.29097151735643
-123.179833,39.239834
-123.179812,42.254106
-123.179649,39.241539
-123.17959,46.102909
-123.179441,39.24140300000001
-123.17938,42.254157
-123.179261,40.548663
-123.179145,47.404283
-123.179135,44.891797
-123.179128,44.110625
-123.179099,40.517578
-123.179037,40.546204
-123.178665,44.567235
-123.178383,42.430114
-123.1782,44.04821
-123.178182,44.04825200000001
-123.178054,45.20077
-123.17801356256876,40.51235318164581
-123.177941,39.239444
-123.177921,38.89057800000001
-123.17778,42.43045
-123.17778,44.933373
-123.177772,42.430453
-123.17775607050336,44.93349194505245
-123.177756,44.933491
-123.177578,40.511448
-123.17733,45.321388
-123.17731299999998,45.32139
-123.17730545938883,45.32138228394832
-123.177264,45.295424
-123.177211,39.133063
-123.1772,46.18845
-123.177166,40.419846
-123.177128,42.430653
-123.176911,43.748532
-123.176792,39.13822800000001
-123.176488,44.638203
-123.176202,45.31964
-123.176102,45.319351
-123.17606299999998,45.319384
-123.175831,40.420268
-123.175761,44.267111
-123.17576050699628,40.420278310583015
-123.175737,43.749309
-123.17565321863567,44.89559769609024
-123.175653,44.895597
-123.175651,44.895607
-123.175599,45.614688
-123.175462,40.420272
-123.17543700000002,45.200957
-123.17541718424236,45.20096182801628
-123.175121,40.420229
-123.175086,45.350198
-123.175048,44.048156
-123.175022,42.43096
-123.174858,38.482805
-123.174775,45.228044
-123.17453799999998,40.420841
-123.174517,39.147968
-123.17451,39.103531
-123.174485,40.420004
-123.174457,46.61345
-123.174451588997,46.61345601059621
-123.174408,46.61343
-123.174269,44.048147
-123.174188,44.56727100000001
-123.174173,40.42117800000001
-123.173903,45.351456
-123.173847,45.27479
-123.173788,44.069998
-123.173779,42.43108400000001
-123.173777,44.067368
-123.173763,44.066496
-123.173714,44.064617
-123.173705,48.079541
-123.17370057047285,44.06460642793624
-123.17370057,44.06460643
-123.173684,45.282289
-123.173662,39.113081
-123.173655,42.433737
-123.173637,44.064651
-123.173634,44.075689
-123.173624,44.063213
-123.173609,44.060488
-123.173601,44.061181
-123.173565,44.064613
-123.17356,42.433845
-123.173550366768,42.43384480456145
-123.173550366768,44.06460642793624
-123.17355,42.433844
-123.173218,44.07917800000001
-123.173169,45.67042
-123.173141,40.423229
-123.172974,44.048141
-123.17297,48.079423
-123.172958,48.07954
-123.172943,38.765411
-123.17294,38.765411
-123.17292809427656,44.04814839342095
-123.172906,48.083792
-123.172867,45.670271
-123.1728637212602,44.08007740953407
-123.17282080591596,44.08093571641885
-123.172808,44.2671
-123.172768,40.499351
-123.17266200000002,45.27136
-123.172321,44.267098
-123.172287,40.539253
-123.17228436411298,41.83526158312876
-123.172234,44.103279
-123.172199,44.103267
-123.172142,47.317616
-123.172136,39.14168400000001
-123.172104,39.159326
-123.172011,40.553613
-123.172,39.131188
-123.171928,40.542073
-123.171891,44.08461
-123.171802,45.152519
-123.171723,42.43054
-123.171543,39.236744
-123.1715333455888,44.10256504991481
-123.17153,44.102567
-123.171507,44.933182
-123.1714045995561,44.08891797044711
-123.171383,44.639219
-123.171375,46.1035
-123.17136200000002,39.132572
-123.17119,44.102196
-123.171167,40.553964
-123.171146,45.201081
-123.170965,44.274516
-123.17096,44.273255
-123.170959,44.267941
-123.170954,44.270049
-123.170952,44.271559
-123.17095,44.270815
-123.170948,44.269108
-123.170866,44.091881
-123.170846700081,44.09187912919954
-123.170809,39.130836
-123.170803,39.131091
-123.170785,43.750736
-123.170731,40.747837
-123.170711,45.229274
-123.170657,44.101615
-123.17061066568768,44.27613615968573
-123.170589,39.13835
-123.170557,45.669089
-123.170546,45.22890200000001
-123.170507,38.888526
-123.170204,42.432068
-123.170202,45.356043
-123.170169,42.42958
-123.170036,42.43391
-123.170028,42.254925
-123.170018,44.566952
-123.17000985086835,44.094518422870166
-123.170008,40.467098
-123.169943,45.341429
-123.169942,39.133159
-123.169884,42.460903
-123.169869,42.429285
-123.1698381894914,46.60804867722221
-123.16973,44.094655
-123.169693,42.431381
-123.169625,44.094761
-123.169323,42.255297
-123.169235,41.834602
-123.16921200000002,42.255362
-123.169209,45.875147
-123.168891,46.627031
-123.168839,39.160881
-123.168733,39.161015
-123.16871,44.278028000000006
-123.16853,45.229784
-123.168499,42.430939
-123.16833615244308,44.09692168214752
-123.168308,44.099112
-123.168294,42.427153
-123.168259,45.362272
-123.168198,39.23798
-123.168123,39.237958
-123.168117,39.238049
-123.168114,44.639291
-123.168101,40.553466
-123.167999,45.356051
-123.167999,46.191101
-123.167908,44.0956
-123.167806,40.553421
-123.167772,45.229937
-123.1677,44.064558
-123.167573,44.095954
-123.167521,39.238019
-123.167519,40.553372
-123.167432,45.667121
-123.167424,44.098177
-123.167304,39.161081
-123.167,42.513062
-123.166904,39.16047
-123.166827,44.097545
-123.16681265772264,44.097543954638965
-123.166742,42.428401
-123.16672683,42.42839456
-123.16672682703415,42.42839455584322
-123.166726,42.428394
-123.16659808100144,44.09629940965607
-123.16653370798508,45.20096182801628
-123.166533,45.200961
-123.16651225031296,42.42856621722017
-123.166383,39.06573
-123.166335,45.230234
-123.166294,39.184277
-123.16626,40.472919
-123.166259,45.155348
-123.16613,39.13319
-123.166091,42.427539
-123.166088,39.132426
-123.165721,40.477106
-123.165702,46.102271
-123.16569685877244,46.10226988770436
-123.1655466550676,40.41740298251906
-123.165506,45.230406
-123.165438,40.487754
-123.16541790903489,44.09606337526274
-123.16539645136277,45.95888972260493
-123.165396,45.958889
-123.16518700000002,39.064937
-123.165139,40.551984
-123.164976,42.426121
-123.164934,44.096877
-123.164909,45.230541
-123.164875,45.230539
-123.164871,45.95816
-123.16486,45.341461
-123.164834,44.095434
-123.164811,43.302782
-123.164806,45.200908
-123.164806,45.664791
-123.164628,45.664572
-123.164368,45.664291
-123.16407,45.663925
-123.16394,44.281815
-123.163729,39.142677
-123.163586,39.128602
-123.163586,44.566061
-123.163569,38.47915
-123.16355109156056,38.479152917678455
-123.16346,38.479118
-123.16342234552782,44.93308424928221
-123.1634,43.302878
-123.16337943018358,43.302966356070975
-123.163358,45.230946
-123.16333,44.933029
-123.16322,45.255878
-123.16320776880664,45.25587201096889
-123.163198,38.527984
-123.163179,45.251316
-123.163175,45.255242
-123.163168,45.242791
-123.163064,44.093585
-123.163036,42.257751
-123.163036,45.945376
-123.163002,46.099838
-123.16299319208544,46.09982371308279
-123.162992,46.099831
-123.162951,42.4196
-123.162603,38.478717
-123.162557,40.551609
-123.162476,40.455464
-123.162475,44.914474
-123.162468,40.4552
-123.162455,45.945124
-123.162453,44.047989
-123.161733,44.566017
-123.161626,40.542541
-123.16153,44.93297000000001
-123.161391,39.104732
-123.161322,39.126062
-123.161301,47.3339
-123.161289,45.611861
-123.16127657831592,45.61185479142374
-123.161154,39.1
-123.16114,39.099808
-123.161012,45.231558
-123.161001,44.097885
-123.160988,47.334579
-123.160972,44.097781
-123.160904,44.097893
-123.160868,40.431202
-123.160742,44.63949
-123.160725,44.097791
-123.160492,42.415749
-123.160413,44.904685
-123.160248,39.237207
-123.160056,40.552204
-123.16005349100512,45.93105912186656
-123.160053,45.93105900000001
-123.159948,42.414841
-123.159944,44.56597100000001
-123.159919,39.10478300000001
-123.159718,45.232425
-123.159634,42.255964
-123.159578,45.237538
-123.159484,39.08045
-123.159205,45.659629
-123.159159,45.232664
-123.15885186136644,39.05664324741813
-123.158784,39.114925
-123.158693,44.932922
-123.158673,45.200905
-123.158558,43.302923
-123.158498,45.232433
-123.15843999999998,45.23298
-123.158439,45.232981
-123.158361,46.597611
-123.15831541956348,45.23248314835914
-123.158207,40.42525
-123.158164,42.412648
-123.158123,39.111328
-123.157973,39.741106
-123.157906,45.893195
-123.157822,44.097866
-123.157697,40.438955
-123.15769314707204,40.438946485326575
-123.157683,45.373249
-123.157602,44.097824
-123.157586,44.097929
-123.15758585871144,44.09782290437651
-123.15756440103932,44.09793019273711
-123.157517,46.098698
-123.157423,39.054543
-123.157338,44.932869
-123.157328,44.56592
-123.15732,40.542538
-123.15731,44.565948
-123.15730690897388,44.565922021653336
-123.157291,44.566654
-123.157232,44.097828
-123.15703899999998,39.053991
-123.156951,47.056136
-123.156566,44.910969
-123.156401,39.24188
-123.156294,42.254576
-123.156266,44.097826
-123.156265,43.752786
-123.156242,44.098644
-123.156156,45.899383
-123.15609,46.09838900000001
-123.156056,44.097919
-123.155742,46.826858
-123.1556332105486,44.09782290437651
-123.155615,44.09792
-123.155525,45.88237700000001
-123.155327,44.097801
-123.155074,44.097821
-123.155052,45.161827
-123.15503239572928,44.09793019273711
-123.154864,38.527476
-123.154864,47.37415900000001
-123.154821,43.752915
-123.154805,45.374949
-123.154755,39.241439
-123.154702,45.657412
-123.154573,45.890753
-123.154381,42.253941
-123.154305,38.471191
-123.154231,44.914516
-123.15421700418877,44.91450190522711
-123.153916,38.475909
-123.153778,42.2537
-123.153702,42.253648
-123.153353,45.883203
-123.153279,45.162838
-123.152959,41.86099
-123.152954,39.072725
-123.15292,44.932762
-123.152724,43.302964
-123.152678,42.253217
-123.152565,44.639899
-123.152553,39.072372
-123.152318,45.200895
-123.152251,45.234249
-123.152246,39.047059
-123.152201,44.639955
-123.152107,45.234322
-123.152008,44.565811
-123.151979,44.565799
-123.15196394861626,44.56579327562061
-123.151914,45.340357
-123.15171,44.566818
-123.15161100000002,44.918961
-123.151581,45.90057
-123.151443,39.045935
-123.151329,47.37886
-123.151315,45.237688
-123.151078,39.243254
-123.151054,44.09782
-123.15104126871512,44.09782290437651
-123.150888,39.045102
-123.15088,38.886305
-123.150765,45.339892
-123.150727,39.044878
-123.15043,39.044482
-123.150425,44.932766
-123.150327,44.097821
-123.150269,38.464111
-123.15024733484672,38.46411108952301
-123.150136,39.044052
-123.149836,44.932782
-123.149831,45.888143
-123.149767,39.237536
-123.149529,44.932777
-123.14937,45.113518
-123.149331,42.406957
-123.149303,45.377897
-123.149277,45.377892
-123.148982,39.138465
-123.148846,44.932816
-123.148795,46.192746
-123.148767,45.653957
-123.148706,45.200887
-123.14861100000002,39.041836
-123.148461,39.254176
-123.148257,44.924822
-123.148126,44.640966
-123.14811,42.25207
-123.147978,42.250793
-123.147972,42.25069000000001
-123.147898,46.096564
-123.147748,42.24922700000001
-123.147747,43.751607
-123.147486,44.932907
-123.14741399999998,44.926234
-123.147348,44.641213
-123.147339,44.09780900000001
-123.147338,45.338435
-123.147151,39.238556
-123.147133,44.074612
-123.146954,45.596231
-123.146903,45.652789
-123.146896,39.131091
-123.146676,47.386777
-123.146648,45.901219
-123.146641,42.247236
-123.146369,44.641517
-123.146276,46.096285
-123.145929,44.92869500000001
-123.14586996973443,45.116740464949046
-123.145852,45.380017
-123.145828,39.03778300000001
-123.14578413904594,40.40832638721271
-123.145727,45.200876
-123.145573,39.046693
-123.14548373163628,47.04840302444912
-123.145447,47.04835900000001
-123.145402,40.407358
-123.145332,45.651733
-123.14526399999998,39.03696400000001
-123.145242,47.39398
-123.145187,47.39242
-123.14478,44.097826
-123.1446683400958,45.901340245981686
-123.144606,46.191324
-123.144514,43.751799
-123.144492,39.035845
-123.144099,45.200874
-123.144027,45.650818
-123.1440246099322,45.65082192399191
-123.143797,44.64233400000001
-123.14378700000002,44.931372
-123.143543,39.240392
-123.143517,39.034419
-123.143497,44.5625
-123.143272,44.054062
-123.143126,47.397705
-123.142799,47.399962
-123.142768,44.932116
-123.14272,47.399725
-123.142556,45.902797
-123.142335,45.239881
-123.142333,44.64274
-123.14226200000002,44.642754
-123.142217,42.40935800000001
-123.142153,44.932675
-123.142136,44.932676
-123.142113,44.932652
-123.142063,43.303119
-123.14200758875302,45.610996484538965
-123.142007,45.610996
-123.141962,47.403301
-123.141937,47.403461
-123.141866,44.642831
-123.141861,44.64283
-123.141816,42.245773
-123.141611,45.444128000000006
-123.141494,39.031411
-123.141396,42.405317
-123.141261,47.405095
-123.141131,45.648612
-123.140938,44.561314
-123.140762,47.244789
-123.140678,47.406361
-123.140629,47.406463
-123.14038899999998,45.337136
-123.140302,45.43900900000001
-123.140216,42.245427
-123.140041,44.932505
-123.14003348291808,44.93250489213498
-123.139847,45.647896
-123.139767,45.384611
-123.139737,45.647541
-123.139716,39.028747
-123.139686,44.643093
-123.139399,42.245129
-123.139397,45.200871
-123.139254,43.75367
-123.139198,46.82582100000001
-123.139166,46.095076
-123.13886399999998,44.932472
-123.138741,46.597309
-123.138686,42.40516
-123.138556,45.240632
-123.138516,45.240518
-123.138403,45.169859
-123.138164,45.33578
-123.138047,45.429233
-123.138038,45.64625
-123.13801646,45.64625144
-123.13797,47.105919
-123.137954,44.932461
-123.137895,42.244531
-123.137829,44.097827
-123.137823,44.097925
-123.137802,43.753742
-123.137802,43.753761
-123.137659,39.24260200000001
-123.137275,45.425867
-123.137192,42.408438
-123.13716399999998,45.389851
-123.137145,38.881526
-123.137032,44.063835
-123.13699,44.932445
-123.136906,44.561052
-123.136841,45.200884
-123.136835,45.423855
-123.13655,40.765837
-123.136442,44.64285200000001
-123.136341,44.932435
-123.136282,39.024459
-123.136273,45.421504
-123.136056,39.0242
-123.135786,39.243199
-123.135569,38.459315
-123.135476,45.200918
-123.135321,45.470084
-123.135263,45.64490900000001
-123.1352,44.642308
-123.13509821833068,45.39433836915306
-123.135098,45.394338
-123.135023,45.418351
-123.134765,43.752922
-123.134702,45.644707
-123.134536,47.107526
-123.134402,40.556977
-123.134071,38.455166
-123.13402,45.644464
-123.133927,39.021657
-123.1339,45.416881
-123.133879,45.242108
-123.133866,44.932388
-123.133825,44.641945
-123.13369,47.318661
-123.133665,45.242184
-123.13348889292178,44.097522496966846
-123.133488,44.097522
-123.133447,39.021087
-123.13331,44.09739
-123.13293099344664,40.76879382114043
-123.132909,38.676992
-123.132797,47.110821
-123.13278078974184,47.11084485031552
-123.132718,45.331726
-123.132708,44.097273
-123.13269495905335,44.097265004901416
-123.132694,44.097265
-123.132646,44.097361
-123.132628,47.111243
-123.13254476,45.64185262
-123.132426,45.33175
-123.132335,45.643857
-123.132316,45.171582
-123.132216,38.533062
-123.132159,44.641842
-123.131927,39.019279
-123.131883,39.019254
-123.131799,42.242533
-123.131668,44.932332
-123.131532,39.320003
-123.131472,44.641805
-123.131433,39.323059
-123.13136458338198,43.75205397585032
-123.131364,43.752053
-123.131327,45.20184
-123.131318,42.242422
-123.13125729502138,42.41174340227885
-123.131257,42.411743
-123.131121,45.643426
-123.131066,45.477584
-123.130806,42.412125
-123.130737,42.415489
-123.130685,44.641754
-123.13046,45.639514
-123.130372,42.2422
-123.130264,42.412395
-123.130237,45.39742
-123.130234,45.639255
-123.129879,45.642973
-123.12965,45.480085
-123.12964,45.202313
-123.129566,44.096599
-123.129529,42.412759
-123.129394,45.480539
-123.129387,40.396784
-123.129379,44.932284
-123.129338,45.638252
-123.1292402738422,43.75158190706372
-123.12924027,43.75158191
-123.12924,43.751581
-123.129235,38.885659
-123.129173,45.202469
-123.129162,45.202449
-123.12876820505556,47.23210215546021
-123.128742,44.097097
-123.128683,45.202582
-123.128668,44.096983
-123.128578,44.097034
-123.128549,39.32163
-123.128525,44.096983
-123.128443,44.096983
-123.12818884790836,39.04391884785153
-123.128086,42.408909
-123.128075,44.09697
-123.128059,44.095612
-123.128029,40.76981
-123.128024,45.20277700000001
-123.1280171865314,45.20276427247428
-123.128017,45.202764
-123.127992,39.014611
-123.127972,47.207357
-123.127871,45.202433
-123.127869,47.206722
-123.127571,44.097237
-123.127546,40.558435
-123.127428,47.226051
-123.127401,39.013926
-123.12739491403995,39.013921022229134
-123.12738799999998,39.245923
-123.12720179499088,47.203005552066784
-123.126991,45.484776
-123.126936,39.245858
-123.126643,42.415464
-123.126425,45.48579
-123.126422,44.641569
-123.126357,39.023437
-123.126335,45.245094
-123.126213,46.601891
-123.126137,39.245651
-123.126117,39.245597
-123.126093,45.203338
-123.126015,39.245686
-123.125654,44.932098
-123.125542,45.529789
-123.125317,38.451566
-123.125212,39.24522
-123.125192,39.245023
-123.125124,39.123785
-123.12482,42.415144
-123.124817,47.431931
-123.12477707804145,43.30326676348064
-123.124736,46.093524
-123.124464,38.45047
-123.124457,40.390646
-123.12445521295965,38.4504640100553
-123.124451,38.45047
-123.12444,40.390522
-123.12443375528753,40.39077401141933
-123.124385,45.40825
-123.124294,43.303065
-123.12415480554998,42.41708636263648
-123.12412,45.173909
-123.124111,42.417536
-123.124094,45.489878
-123.12396168650092,42.41764426211158
-123.123872,44.560971
-123.123801,44.09747700000001
-123.123703,45.49059000000001
-123.123672,46.093739
-123.12366127909124,46.09370827652887
-123.12366000000002,46.093709
-123.12361,40.39892
-123.123511,42.421098
-123.123446,45.403835
-123.123442,45.1741
-123.123339,44.641566
-123.123176,42.24185
-123.123051,45.174543
-123.12304,45.245904
-123.122978,44.097675
-123.12297463358342,44.09767270067168
-123.122956,44.097582
-123.122772,42.41811
-123.122717141518,38.53734612446529
-123.122514,44.931706
-123.122455,38.450465
-123.122429,42.241734
-123.122388,45.175781
-123.122362,39.336397
-123.122114,40.38885300000001
-123.121994,42.24163
-123.121936,45.245837
-123.12188029230536,40.76885819415679
-123.121857,40.76886
-123.12164425791204,39.03585076313478
-123.121633,45.20469
-123.121462,44.097644
-123.121379,44.560546
-123.121201,46.19006
-123.121103,47.436228
-123.120822,44.64177700000001
-123.120749,44.316206
-123.12074303568303,44.31619763353197
-123.120728,44.560426
-123.120524,45.639589
-123.120467,44.560189
-123.120399,44.560242
-123.120392,44.560273
-123.120199,42.420686
-123.12018513620797,42.42069125155248
-123.120176,39.004396
-123.120116,45.49718
-123.120112,38.436916
-123.120091,38.450755
-123.12005,38.678972
-123.119928,45.497529
-123.119882,45.497615
-123.119844,44.559981
-123.119807,42.420593
-123.11979889810982,42.42058396319189
-123.119569,42.420786
-123.11956200000002,42.420777
-123.11945557535591,41.812645196715295
-123.119396,45.498423
-123.1193,44.641734
-123.119272,39.003126
-123.119166,44.64522
-123.118927,42.4217
-123.11871399999998,38.99273400000001
-123.118549,39.25161
-123.118482,38.450462
-123.118298,38.452165
-123.118279,46.19009000000001
-123.118149,46.824051
-123.11812519968451,46.82406306244457
-123.118125,46.824063
-123.118107,44.097586
-123.118013,44.558737
-123.117861,38.98670900000001
-123.117859,38.986721
-123.117855,38.451449
-123.11784624994698,38.98669123631007
-123.117612,45.609464
-123.11761021555368,45.609472989818535
-123.11747,46.19012100000001
-123.117259,39.384148
-123.117236,45.624743
-123.117151,38.969579
-123.117134,38.983259
-123.117108,45.50121
-123.11703500000002,45.123955
-123.11703085840642,45.12395024278105
-123.11703,45.12395
-123.116929,39.24125
-123.11692,45.127571
-123.116893,45.33143
-123.116888,45.127564
-123.116776,45.131455
-123.116636,38.980944
-123.116616,38.971239
-123.116608,38.97123
-123.116605,38.970883
-123.11660170496408,38.97124171238436
-123.1166017,38.97087693
-123.1166017,38.97124171
-123.116601,38.971241
-123.11657,44.83197
-123.11655,38.970326
-123.116536,44.6541
-123.116519,38.970101
-123.11649441660347,38.97010445576205
-123.11648,45.244449
-123.116428,38.973115
-123.116409,38.97311
-123.11633,45.18745300000001
-123.116204,44.097551
-123.116166,44.55915200000001
-123.116158,38.97123
-123.116074,38.971241
-123.116043805489,45.609902143260896
-123.116009,47.191404
-123.115995,38.979671
-123.115974,38.972997
-123.115925,38.979571
-123.115822,41.810506
-123.11581,45.502362
-123.11576485575144,44.556995630051816
-123.115552,45.637781
-123.115475,45.502622
-123.115402,38.966822
-123.115377,45.244189
-123.115334,38.966624
-123.115309,40.390858
-123.115082,45.142918
-123.115077,45.140654
-123.11506,38.449659
-123.115051,47.44521
-123.114721,38.449086
-123.1147,45.637482
-123.114667,46.095606
-123.114551,45.609181
-123.114496,45.237869
-123.114447,45.599995
-123.114446,45.593879
-123.114445,45.616183
-123.114444,45.592772
-123.114439,45.617797
-123.11443448008004,45.59277892090992
-123.11443,45.208106
-123.1144,45.637683
-123.114392,45.585532
-123.114386,45.637368
-123.114369,38.958671
-123.114367,44.641867
-123.114341,45.145072
-123.114264,45.243941
-123.114231,43.752321
-123.114186,43.752104
-123.114059,44.052181
-123.114018,45.637239
-123.113888,45.328873
-123.113869,43.750385
-123.113801,46.095778
-123.113786,44.614781
-123.113662,44.93092
-123.113634,44.607779
-123.113631,44.096635
-123.113631,47.455002
-123.113624,47.448745
-123.113579,47.45335
-123.113578,40.558689
-123.113554,40.55868
-123.113425,44.60397800000001
-123.11332,44.599712
-123.113262,44.596826
-123.113136,39.307362
-123.113128,42.240009
-123.113099,45.110189
-123.11303973,44.64198947
-123.112938,44.097474
-123.112928,44.642006
-123.112846,46.823473
-123.112823,44.555965
-123.112503,47.45792
-123.11246,45.1483
-123.112393,44.097421
-123.11235,44.931271
-123.112337,44.931271
-123.11233162821242,38.87856602650224
-123.112142,44.620425
-123.11213899999998,45.209184
-123.112125,39.238251
-123.112106,46.09603900000001
-123.112101,45.195815
-123.112049,45.243463
-123.112035,44.097371
-123.112011,44.642184
-123.111851,45.636455
-123.111796,43.298876
-123.111595,44.556152
-123.111396,38.959965
-123.111334,39.262577
-123.1113231176228,39.26257252674455
-123.111214,47.03278
-123.111173,44.097209
-123.11117291391795,44.09720063188506
-123.111164,47.032767
-123.11115145624584,47.03276038147434
-123.11112,40.388812
-123.110875,45.243239
-123.110844,45.195812
-123.110779,38.678165
-123.11076521814772,38.678151368910406
-123.110765,38.678151
-123.110748,38.678082
-123.110441,44.447114
-123.110428,44.439854
-123.110414,44.455701
-123.110413,44.403591
-123.110403,44.410739
-123.11040043772172,44.40361618974493
-123.1104,43.298185
-123.110397,44.096984
-123.11039,44.41346
-123.110381,44.418105
-123.110372,44.473072
-123.110347,44.42537700000001
-123.110344,44.09708
-123.110163,44.096901
-123.11011,44.526944
-123.110109,45.199528
-123.11010003,45.19952416
-123.110095,44.539481
-123.11009,44.538746
-123.110088,44.540847
-123.110086,44.535572
-123.110077,44.555755
-123.110066,44.096621
-123.11006100000002,44.553686
-123.11005711496776,44.55442070939753
-123.110041,44.562968
-123.110032,44.565774
-123.110016,44.55584
-123.110006,44.569461
-123.109827,39.23588
-123.109823,44.388322
-123.10982108057443,44.38902497270399
-123.10981,44.38905
-123.109804,39.23585300000001
-123.109785,45.243067
-123.109715,44.62345
-123.109558,44.09684
-123.10945630014842,44.55579400041315
-123.1094563,44.555794
-123.109456,44.555794
-123.109454,44.052165
-123.109352,44.623888
-123.109255,45.154613
-123.109175,45.328353
-123.10915,45.155712
-123.109111,44.642281
-123.109064,38.957491
-123.108922,44.096466
-123.10891986,44.09647107
-123.10891985834544,44.09647107103302
-123.108902,45.200695
-123.108697,38.431308
-123.10864091,44.09619212
-123.10864090860792,44.09619212129547
-123.108599,38.43082
-123.108597,38.43082800000001
-123.108597,44.50981
-123.10858600000002,44.50289
-123.108582,44.374402
-123.108578,44.492911
-123.108576,44.37439000000001
-123.108522,39.297023
-123.108399,44.359818
-123.108383,44.345251
-123.108383,44.359821
-123.108364,44.337931
-123.10836195887036,44.337934255388575
-123.108172,39.356529
-123.107865,44.931886
-123.10783899999998,47.032456
-123.107724,42.237731
-123.10767531336256,44.6417319772499
-123.107587,44.641829
-123.107568,44.641817
-123.107516,44.09561
-123.107399,45.539178
-123.107307,45.540588
-123.106875,45.11137700000001
-123.106831,39.372903
-123.106812,39.372235
-123.10681,44.640063
-123.106781,44.095226
-123.10676200000002,44.09522
-123.106687,44.636425
-123.106649,43.29625
-123.10662388742873,45.535100698253935
-123.106555,44.640457
-123.106483,44.053268
-123.106363,44.638046
-123.106292,38.54166
-123.106271,46.095477
-123.10617327631422,45.53535819031936
-123.106171,40.563122
-123.106158,44.09489600000001
-123.106147,40.563111
-123.10613036096998,40.56312203387945
-123.106025,44.636502
-123.106005,45.547978
-123.105949,45.20333400000001
-123.105944,45.55112
-123.105919,45.548029
-123.105915,40.597412
-123.105895,44.639176
-123.10586200000002,45.552083
-123.105836,45.56407
-123.105764,45.562296
-123.10576100000002,42.236682
-123.105641,45.212256
-123.10563683451124,45.2122485635509
-123.105636,45.212248
-123.105576,45.556825
-123.105568,44.628452
-123.105547,45.557752
-123.105439,38.875574
-123.105423,45.562294
-123.105394,44.094501
-123.10531496942946,47.12962031341968
-123.105027,45.63399999999999
-123.105011,45.212582
-123.105004,45.212572
-123.10499310434768,45.21257042863267
-123.10488581598707,44.63739752748185
-123.10488581598707,45.21205544450181
-123.104885,44.637397
-123.104844,38.954952
-123.10473600000002,38.4324
-123.10464978159378,44.629479646469925
-123.104559,38.417973
-123.104489,38.43701400000001
-123.10447812,38.43701005
-123.10438899999998,43.29624
-123.104324,44.079884
-123.104269,45.212908
-123.10419917047928,44.073404073505046
-123.104149,45.242188
-123.104106,44.080768
-123.104037,44.093927
-123.10402751,44.09391761
-123.10402750910232,44.09391760805085
-123.104027,44.093917
-123.104002,45.213036
-123.103903,39.378167
-123.10383439005324,44.08132195451697
-123.103787,45.633548
-123.103708,45.329248
-123.103705,45.205141
-123.10368418634842,45.20514607407949
-123.10353899999998,45.107849
-123.103401,44.052151
-123.103398,42.427347
-123.103378,46.094955
-123.103325,44.08213
-123.1033194059224,44.0821373460575
-123.102964,44.631082
-123.102947,45.177534
-123.102874,39.798131
-123.102814,38.42017
-123.102801,44.631198
-123.102772,38.874902
-123.102699,44.55585900000001
-123.102645,39.282218
-123.102577,39.270321
-123.102506,39.270274
-123.102354,40.395251
-123.102288,42.42726500000001
-123.10228,39.379992
-123.102231,39.321776
-123.10207486093948,44.08529162385899
-123.102074,44.09278
-123.102045,38.953996
-123.10201048792312,45.19591927506829
-123.102004,44.092866
-123.102,39.336349
-123.102,39.336488
-123.101987,45.214001
-123.101982,47.357182
-123.10196757257889,45.21400809266465
-123.101948,38.418851
-123.101882,45.63287
-123.10188174189042,40.39502263049891
-123.101858,44.070211
-123.10183,38.953922
-123.101753,42.427621
-123.10175299585772,42.42762207964693
-123.10175299585772,44.07005667665448
-123.101752,42.427622
-123.101582,44.05387800000001
-123.101463,45.185059
-123.10145259,42.42766499
-123.10145258844804,42.427664994991176
-123.10145258844804,47.183543443454816
-123.101432,45.185063
-123.101431,45.185061
-123.101341,44.086912
-123.10132384241533,44.05580878236744
-123.101323,44.055808
-123.101247,44.056443
-123.101226,44.063078
-123.101199,45.154381
-123.101192,44.063269
-123.101163,45.206551
-123.101152,47.183272
-123.101128,44.05325300000001
-123.101118,38.540754
-123.101118,44.931875
-123.101082,44.637875
-123.10106,44.059866
-123.10104489267778,44.06374812105148
-123.101044,44.063748
-123.100949,44.063594
-123.100853,47.21529
-123.100842,44.055255
-123.1008303159566,44.055250882892345
-123.10083,44.05525
-123.100784,44.067791
-123.1007,44.064193
-123.100665,38.433355
-123.100632,44.064262
-123.10061574,44.07142997
-123.1006157392354,44.0714299676701
-123.1006157392354,44.08816695192295
-123.100599,44.064332
-123.10056000000002,44.064319
-123.10044407785844,44.052461385516864
-123.100435,45.50921
-123.1003797,44.05213952
-123.100186585793,38.98456692677029
-123.100121,47.212791
-123.100082,44.088975
-123.1000793,44.08896089
-123.10003799999998,38.976169
-123.10001492441606,44.08981919267612
-123.09998799999998,44.932147
-123.09986,44.064759
-123.09981100000002,44.064631
-123.099762,44.09177800000001
-123.099749,47.180438
-123.099679,44.632356
-123.099668,45.215118
-123.0996072286458,47.13047862030445
-123.099501,44.091669
-123.09941410959672,44.09164309480622
-123.099414,44.091085
-123.099386,44.091506
-123.09934973658036,38.96506190281408
-123.099309,44.064906
-123.099283,38.953123
-123.099281,45.518349
-123.099266,44.091458
-123.099147,47.188286
-123.099079,39.32177100000001
-123.09906399999998,47.180689
-123.09900641382644,44.091342687396576
-123.099001,44.091888
-123.098926,38.977333
-123.09883899999998,44.04882
-123.098774,43.297982
-123.098769,40.571813
-123.098701,47.180103
-123.098652,44.064847
-123.098641,44.064842
-123.098641,44.092887
-123.098626,47.179848
-123.098547,38.952895
-123.098523,38.737084
-123.098488,38.4118
-123.098484,38.95314000000001
-123.098473,38.95285
-123.098448,47.215064
-123.098427,47.189899
-123.098407,44.064913
-123.098374,38.41153
-123.0982339376302,47.19521641708757
-123.098154,43.75799
-123.098094,43.755799
-123.09808373392536,43.75578761079905
-123.098083,43.755787
-123.09804081858113,44.0647780893132
-123.098015,47.13115300000001
-123.09799790323686,43.75561594942209
-123.097997,43.755615
-123.097915,45.327667
-123.097893,38.97691
-123.097683,44.092008
-123.097563,39.383261
-123.097558,47.107587
-123.097398,38.952527
-123.09726,47.182442
-123.097049,46.821393
-123.097037,45.63111
-123.097033,46.821815
-123.096832,44.064398
-123.096786,47.034225
-123.096738,38.409842
-123.096572,44.09065
-123.096516,46.094173
-123.096452,42.430261
-123.096405,44.090626
-123.096334,44.932802
-123.096043,42.236293
-123.095782,44.06367
-123.095772,44.063761
-123.0957663053365,44.0637695787236
-123.095766,44.063769
-123.095589,43.756565
-123.095548,44.090379
-123.09544444025472,44.63233351686176
-123.095394,38.975726
-123.095361,44.555792
-123.095239,44.090308
-123.095154,47.135692
-123.094978,47.106693
-123.094966,45.323685
-123.094912,44.93265
-123.094879,47.1432
-123.09486508310748,47.106767892612886
-123.094778,45.099361
-123.094727,45.34906
-123.09462905,44.09005523
-123.09462904871418,44.09005522706943
-123.094629,44.090055
-123.094565,42.238026
-123.094551,39.278047
-123.094543,45.630143
-123.094384,39.29993
-123.094373,39.301219
-123.094368,46.821781
-123.094348,39.303617
-123.094342,38.399706
-123.094334,45.099157
-123.0943,38.401313
-123.094294,39.315411
-123.094285,38.449434
-123.094206,38.399341
-123.09407114923908,44.062954187183074
-123.094053,44.06304
-123.093877,44.062897
-123.093858,42.238663
-123.09375,44.062859
-123.09368491114094,42.42981076220308
-123.093684,38.39677800000001
-123.093582,40.767452
-123.09357762278034,42.429853677547314
-123.093577,42.429853
-123.093148,45.629474
-123.092873,38.395802
-123.092871,38.395809
-123.092831,42.430357
-123.092522,47.199471
-123.0925047391744,47.19948649383928
-123.091873,45.098789
-123.091718,45.512266
-123.091624,45.320731
-123.091498,43.760381
-123.091315,38.950895
-123.09130310953572,45.51278471925014
-123.091301,45.512428
-123.091209,40.575707
-123.091175,38.541283
-123.091085,42.239458
-123.090925,44.931359
-123.090916,44.93134600000001
-123.09088,45.320625
-123.090807,44.555802
-123.09078812540488,45.51265597321743
-123.090767,45.32061
-123.090725,43.301513
-123.090685,44.555803
-123.090572,45.611206
-123.090555,45.628074
-123.090541,38.52665800000001
-123.090342,38.950603
-123.090262,42.239522
-123.090002,40.576325
-123.089949,44.061932
-123.08992981852012,44.06192421892136
-123.08978700000002,44.061792
-123.089745,38.537447
-123.089732,45.220334
-123.089699,38.53746
-123.089481,39.113104
-123.089424,47.214153
-123.089244,44.061644
-123.08924317301232,44.06164526918381
-123.089243,44.061645
-123.089054,46.821722
-123.088966,45.513475
-123.088959,38.525501
-123.08881401956994,47.21412062622445
-123.088662,43.302456
-123.088623,44.033459
-123.088446,38.394615
-123.088236,44.089067
-123.087829,39.277984
-123.087804,40.393362
-123.087722,38.52600200000001
-123.087685,38.973579
-123.087591,44.930292
-123.087578,38.53173
-123.087532,45.528469
-123.087417,45.221544
-123.087225,45.514607
-123.087177,38.535125
-123.086933,45.027939
-123.086933,47.037732
-123.08681599999998,45.026638
-123.086761,40.516388
-123.086723,47.099476
-123.086571,44.052898
-123.086411,44.060822
-123.086246,38.538241
-123.086067,40.579332
-123.086012,45.222284
-123.085853,47.096705
-123.085761,46.82176
-123.08565974176842,39.22218918781649
-123.08558700000002,45.62533
-123.085399,45.031877
-123.08538079203088,45.03187537171826
-123.085252,42.240276
-123.085234,38.532972
-123.085113,42.432459
-123.085109,42.432358
-123.085106,40.580369
-123.085045,38.861923
-123.0848228925558,40.767399072452704
-123.084809,45.020477
-123.0847156041952,38.672229051405566
-123.084715,39.22131
-123.08469414652306,45.518299340984726
-123.084545,45.518797
-123.084386,45.01997100000001
-123.084343,45.019951
-123.084285,45.519833
-123.084269,45.519942
-123.08426,38.948637
-123.08423700000002,44.92948300000001
-123.084234,44.0613
-123.084211,45.520225
-123.08420062006432,45.52023053147545
-123.08417,45.52055900000001
-123.084142,38.389546
-123.084116,45.523383
-123.084106,45.52026
-123.084104,45.52251
-123.084015,44.633354
-123.083936,45.223374
-123.083862,44.929426
-123.083781,45.621749
-123.083727,45.223501
-123.083694,45.019173
-123.08368563593348,45.01917242982377
-123.083685,45.019172
-123.083653,45.050082
-123.08347106,44.63415742
-123.08347105921229,45.22362112977398
-123.083468,38.973289
-123.08328,46.821783
-123.083154,43.764839
-123.083039,38.385254
-123.083014,45.052624
-123.082867,44.633512
-123.082863,40.396191
-123.08278,45.052861
-123.082779,43.761749
-123.082756,45.047596
-123.082727,38.38499
-123.082601,43.765568
-123.082582,45.621742
-123.08256983698328,45.22469401337992
-123.082548,45.038665
-123.08252692163904,45.038655996107856
-123.082466,45.237855
-123.08246254862269,45.2378475663889
-123.08239817560631,40.76591849307648
-123.082153,44.033451
-123.081954,45.017711
-123.08177,45.520226
-123.08138966501672,46.18518233277232
-123.081249,44.088127
-123.081241,44.555801
-123.081227,44.929222
-123.080916,45.054802
-123.080833,38.38195
-123.080777,38.381893
-123.080673,44.062279
-123.080564,44.06223
-123.080491,45.016445
-123.080464,44.929315
-123.080225,43.76870200000001
-123.08004,44.062331
-123.079974,38.379914
-123.079826,47.483471
-123.07962,44.062508
-123.07960867823084,44.55587983110164
-123.079608,44.555879
-123.079602,38.856953
-123.079498,43.76965
-123.079363,44.062434
-123.079224,45.621803
-123.079203,45.621747
-123.079094,45.224067
-123.078968,45.62175300000001
-123.078818,46.09574600000001
-123.078805,44.555889
-123.078713,45.008727
-123.078613,42.24
-123.07841100000002,45.005278
-123.07840704859218,44.06355500200241
-123.078391,43.771167
-123.078375,44.63585
-123.078359,44.633038
-123.078001,38.376784
-123.077767,45.226733
-123.07766,38.374898
-123.077461,38.374222
-123.077438,42.436396
-123.07734,38.852242
-123.077244,44.63275
-123.077211,47.486165
-123.07704,44.986137
-123.077019,44.983879
-123.07701000000002,44.984333
-123.076879,47.040412
-123.076779,38.728799
-123.07673,38.848613
-123.076729,38.848606
-123.076604,38.848306
-123.076555,45.062363
-123.076469,44.93145
-123.076455,44.931465
-123.076278,44.978641
-123.076095,45.620366
-123.076029,40.389686
-123.076021,44.087947
-123.07592,46.82056
-123.0757462972494,45.06449103333919
-123.0755960935446,44.08782362916904
-123.075596,44.087823
-123.075476,46.183251
-123.075302,44.636755
-123.07528700000002,38.974945
-123.075272,44.93251
-123.075232,47.040548
-123.075136,45.236356
-123.075083,44.932675
-123.07492,41.63598
-123.074853,45.228152
-123.074722,38.371281
-123.074714,46.627023
-123.074661,44.93306
-123.074654,45.22826
-123.074608,38.370995
-123.074608,44.092941
-123.074592,38.370999
-123.074575,44.933044
-123.07452320993865,44.93308424928221
-123.074506,44.555829
-123.07450175226651,44.93308424928221
-123.074447,43.764968
-123.07438799999998,43.776441
-123.07431,44.005779
-123.074238,44.632285
-123.074226,47.489738
-123.074205,45.422333
-123.07419099999998,44.933561
-123.074073,44.062607
-123.0740726,44.06261086
-123.07407259882416,44.06261086442917
-123.073851,45.422401
-123.073803,44.93392
-123.073407,47.349714
-123.07339,40.490368
-123.07338,44.63744000000001
-123.073248,44.087844
-123.073238,44.632158
-123.07323575,44.08784509
-123.0732357496115,44.08784508684116
-123.073235,44.087845
-123.073227,44.63213
-123.073079,40.583579
-123.07305,44.629724
-123.072851,42.435619
-123.07272076548064,44.06271815278977
-123.07233452738252,44.06271815278977
-123.072334,44.062718
-123.072145,40.48855800000001
-123.072121,44.067421
-123.07205557764496,47.22549319244754
-123.071959,40.583336
-123.071866,43.310394
-123.071707,45.615169
-123.071552,43.765862
-123.07153999999998,42.431983
-123.071538,44.935336
-123.071495,42.432071
-123.071447,44.062641
-123.071324,44.638302
-123.071285,38.940056
-123.070893,43.766117
-123.070745,44.555807
-123.070615,44.062655
-123.07061000000002,38.365034
-123.070602,38.365002
-123.070503,38.976471
-123.070392,44.555789
-123.070338,39.213137
-123.070221,38.501217
-123.069996,38.363871
-123.06995272577728,44.388874768999145
-123.06984543741667,44.97544169404518
-123.069726,38.496241
-123.069683,38.976972
-123.06958600000002,38.499169
-123.069574,40.742716
-123.069524,38.496638
-123.069394,43.78309
-123.069366,45.235861
-123.069344,44.6394
-123.069286,44.639406
-123.069214,43.783336
-123.06906,45.615741
-123.06905150354828,45.61739087083045
-123.069,45.617352
-123.068932,43.783669
-123.06885,40.738329
-123.068675,45.217717
-123.068665,45.617134
-123.068649,40.389271
-123.068458,44.062681
-123.068391,47.041135
-123.0683863157126,47.040957212223816
-123.0683863157126,47.04112887360076
-123.068386,47.041128
-123.06822,38.97897800000001
-123.068004,42.235831
-123.067932,44.022671
-123.067794,46.098957
-123.067748,44.087663
-123.06765,38.50027100000001
-123.0675923818442,45.099102258467205
-123.06754946649995,44.08700823762853
-123.067291,45.107942
-123.067063,38.356971
-123.06694865168062,45.099102258467205
-123.066931,45.093378
-123.0669271940085,45.09863018968058
-123.066867,44.935811
-123.066829,45.616904
-123.066802,45.088313
-123.06673407495944,45.08725762345749
-123.066711,45.52095
-123.066689,47.227669
-123.066677,44.935938
-123.066492,44.935838
-123.066422,44.973125
-123.066315,45.23648
-123.06630492151704,45.23647427537328
-123.066304,45.236474
-123.066291,40.756111
-123.066267,45.616694
-123.066167,44.555753
-123.066126,45.232843
-123.066124,43.314635
-123.066111802468,45.23284792878516
-123.06606399999998,44.641969
-123.066008,38.843447
-123.065986,46.099187
-123.065768,38.355468
-123.065567,46.815681
-123.065553,46.815665
-123.065492,44.555762
-123.065418,46.099228
-123.065308,44.555762
-123.065296,41.638756
-123.065282,39.814453
-123.065184,38.936706
-123.065139,46.18308
-123.064955,44.643009
-123.064948,41.783309
-123.064905,45.233933
-123.064779,45.237061
-123.064746,38.97855300000001
-123.064632,44.971754
-123.064562,44.641448
-123.064378,43.769281
-123.064289,40.742626
-123.064098,44.087535
-123.0640947812888,44.087523221759376
-123.064062,45.235529
-123.064045,46.099273
-123.064013,45.615077
-123.063966,44.08745800000001
-123.06385874689548,38.84316086750583
-123.06366562784642,44.087308645038185
-123.063644,44.936913
-123.06360125483006,44.55583691575738
-123.0636,44.555726
-123.06357979715791,44.55572962739679
-123.063579,44.555729
-123.06353,44.629139
-123.063477,45.237709
-123.06347250879732,45.23688197114354
-123.06347,45.236881
-123.063461,45.237676
-123.063197,44.087194
-123.063156,38.977691
-123.063017,45.318778
-123.062916,44.637441
-123.062877,39.208932
-123.06280732096164,38.934270143323246
-123.062795,38.719751
-123.062778,44.643736
-123.062775,44.643192
-123.06277,44.642795
-123.0627644056174,44.64278340318373
-123.062761,40.728203
-123.062759,44.634326
-123.062732,42.235312
-123.062706,44.64151
-123.06266,47.040878
-123.062581,44.555754
-123.062575,44.646882
-123.06257129,44.64688182
-123.06257128656834,44.38883185365491
-123.06257128656834,44.64688181855846
-123.062493,43.317346
-123.062484,44.635192
-123.062413,44.647854
-123.062408,38.487759
-123.062392,44.64348
-123.062378,44.058189
-123.062356,44.64518
-123.06233525217505,44.63121771791157
-123.062265,44.625765
-123.062256,44.62651500000001
-123.062251,44.628851
-123.06224942148656,44.625767469193335
-123.062245,44.639222
-123.062243,44.621676
-123.062233,44.970075
-123.06222796381444,44.63922142961197
-123.062227,44.639221
-123.0622,44.60799
-123.062198,44.60590300000001
-123.062193,44.61111
-123.062185,44.646895
-123.062184,44.603911
-123.062181,44.602353
-123.06216299999998,44.595754
-123.06211299999998,45.238302
-123.06211100000002,44.583382
-123.062106,44.58521
-123.062103,44.635322
-123.0621,44.635204
-123.062095,44.57765
-123.0620777601096,44.63520884492571
-123.06207776,44.63520884
-123.062072,44.566308
-123.062033,44.554195
-123.062027,44.647885
-123.06201338709324,44.54954981782651
-123.062013,45.238408
-123.06199192942113,44.54523682573058
-123.06198700000002,42.430248
-123.061982,44.540954
-123.061970471749,44.54094529130677
-123.06197,44.540945
-123.061958,44.640541
-123.061943,44.528982
-123.061933,44.631245
-123.061892,44.62887
-123.061889,44.504879
-123.06188464106052,44.6288788316506
-123.061874,44.6469
-123.061873,44.626518
-123.061869,44.625747
-123.061857,44.621733
-123.061833,44.486474
-123.061833,44.61467800000001
-123.061828,42.430059
-123.061813,44.555691
-123.06181200000002,44.65109
-123.061806,44.605902
-123.061805,44.610536
-123.061799,44.60380900000001
-123.061799,44.611036
-123.06179,44.63023
-123.06178,44.59645
-123.061779,44.595942
-123.061779,44.64923
-123.061761,44.590336
-123.061759,44.590793
-123.061757,44.589641
-123.061727,44.461511
-123.061721,44.456048
-123.06172,44.577552
-123.06171299999998,44.453587
-123.061708,44.583697
-123.061704,44.58498
-123.061689,44.568396
-123.061682,44.566215
-123.061666,44.560546
-123.061665,44.559896
-123.061651,44.557348
-123.06164861,44.56190944
-123.06164860666722,44.56190943696708
-123.06164860666722,44.56208109834403
-123.061648,44.562081
-123.061638,44.554153
-123.061631,44.551321
-123.061631,44.938315
-123.061628,44.554239
-123.0616271489951,44.55133080461239
-123.061626,44.550941
-123.061623,44.425257
-123.061617,44.546761
-123.061605,44.420855
-123.061583,45.12858
-123.061571,44.530897
-123.06157,44.413667
-123.061569,44.540959
-123.061512,44.392296
-123.061507,45.128958
-123.061478,44.389656
-123.06147,44.383159
-123.06147,44.387669
-123.061463,44.506396
-123.06146,44.50487800000001
-123.06145548761816,44.38494801500136
-123.061455,44.384948
-123.061441,44.374122
-123.061441,46.813329
-123.061439,38.348947
-123.06141257227392,44.65121626832652
-123.06141257,44.65121627
-123.061409,44.484684
-123.061397,44.359713
-123.061389,38.352198
-123.061381,44.473975
-123.06138,44.473689
-123.061367,45.614539
-123.061342,44.46151
-123.06134,45.238777
-123.061333,44.339631
-123.06132674158545,45.23877024629002
-123.06132674,45.23877025
-123.061323,44.456048
-123.06131200000002,44.45357
-123.061299,44.330463
-123.0612838262412,44.330466985491135
-123.06128,44.323402
-123.061245,44.313679
-123.061226,44.388626
-123.061226,44.38865300000001
-123.061224,44.306986
-123.061222,45.133607
-123.061221,44.425257
-123.061202,44.420875
-123.061199,44.299364
-123.061191,44.296875
-123.061185,44.413615
-123.06118,44.409599
-123.061158,45.614779
-123.061141,44.283773
-123.061138,44.398508
-123.06113362253636,44.283775090960106
-123.061133,44.283775
-123.061127,44.28012
-123.061127,44.280411
-123.061123,44.394454
-123.061114,44.392161
-123.06111216486424,44.27609324434149
-123.06111216486424,44.392157792833366
-123.061112,44.274278
-123.061112,44.276093
-123.061112,44.392157
-123.061111,44.389553
-123.061103,44.269978
-123.061089,44.385472
-123.06106924952,44.38546299913222
-123.061055,44.374222
-123.061039,44.252016
-123.061037,45.13665
-123.061034,44.251026
-123.061022,44.362866
-123.06102,44.240425
-123.061013,44.239486
-123.060995,44.555834
-123.060989,38.304501
-123.060985,38.304562
-123.06098,44.655698
-123.060973,44.34832
-123.060951,44.22614
-123.060936,44.219227
-123.060936,44.221269
-123.060928,44.280037
-123.06091904581515,44.22126889207734
-123.060919,44.221268
-123.060916,44.330481
-123.06091200000002,44.214553
-123.06089758814304,44.33048844316325
-123.060897,44.330488
-123.060895,44.323401
-123.060895,46.627277
-123.060894,44.208984
-123.06086100000002,44.31391
-123.060855,44.198655
-123.060846,44.30714
-123.060829,38.35165
-123.060805,44.183065
-123.060794,44.178648
-123.06079029978244,44.178804158953774
-123.06079,44.178804
-123.06078,38.351616
-123.06078,44.29037
-123.06076884211028,38.35160851460289
-123.060766,44.28598
-123.060764,44.284185
-123.06074738443822,44.28418278673036
-123.060747,44.284182
-123.060745,44.656984
-123.060738,44.276439
-123.06073,44.27932
-123.06073,44.280594
-123.0607259267661,44.2764365670954
-123.060715,45.142124
-123.06071,44.62992
-123.060702,46.627326
-123.060676,44.259262
-123.060657,44.25102800000001
-123.060655,44.171541
-123.06063,41.329004
-123.06062,44.24097800000001
-123.060602,44.234647
-123.060601,44.234144
-123.06059718073338,44.23933625200157
-123.06059718,44.23933625
-123.060562,44.221264
-123.060493,44.93903
-123.060488,44.656245
-123.060484,44.20007
-123.060416,44.17881
-123.06040406168432,44.178804158953774
-123.060328,44.938876
-123.06031823099585,44.938877820754335
-123.060314,44.65932100000001
-123.060305,44.968111
-123.06023240030736,38.31367135029643
-123.06023240030736,45.17246603944218
-123.060232,45.172466
-123.060219,38.313671
-123.060216,44.657751
-123.060189,44.628621
-123.06016803,43.77331853
-123.060168027291,43.7733185289203
-123.060168,43.773318
-123.06015,44.96806
-123.060103,44.660492
-123.06008219660256,44.55583691575738
-123.060082,44.555836
-123.060074,41.328779
-123.06006073893042,44.555708169724674
-123.060046,45.318153
-123.0600392812583,44.38883185365491
-123.059998,43.773796
-123.05991053522558,43.77402663210023
-123.059907,45.614302
-123.05989,44.167518
-123.059875,44.279675
-123.059824,43.774155
-123.059804,44.06281
-123.05975,41.328471
-123.059744,45.204206
-123.059697,44.66054000000001
-123.059687,44.662697
-123.059604,38.491756
-123.059533,44.167607
-123.059473,44.967584
-123.059287,38.977757
-123.059192,45.318087
-123.05916299999998,44.663458
-123.059151,38.977749
-123.059147,45.180809
-123.059087,38.329915
-123.059051,43.79771
-123.058988,44.666573
-123.05894493998022,45.193086862348565
-123.058926,47.508035
-123.05892,45.198002
-123.058876,42.235273
-123.058767,44.665608
-123.058752,38.329975
-123.058686,44.085381
-123.058672,44.388856
-123.058672,44.666136
-123.058585,44.666574
-123.058573,44.085391
-123.058517,40.737396
-123.0584728711936,44.555751085068906
-123.058457,44.669446
-123.058446,38.917596
-123.05838,44.667488
-123.0583,38.91754
-123.058181,44.665079
-123.05804372,44.66954112
-123.05804371775122,44.66954112031617
-123.058043,44.669541
-123.058042,44.669532
-123.058011,38.349036
-123.057968,44.669888
-123.05793,46.81134
-123.057925,45.240262
-123.057907,44.670193
-123.057891,46.81131
-123.057799,44.672109000000006
-123.05767,43.778255
-123.057481,44.940544
-123.057464360604,44.94055151917962
-123.05746436,44.94055152
-123.057428,44.67203
-123.05742144525976,46.18166327454479
-123.057334,44.940462
-123.05724,38.98723
-123.057154,44.062847
-123.05714249552224,44.062846898822485
-123.057116,48.062634
-123.057087,44.156576
-123.057067,44.084702
-123.05705666483378,44.08469080903966
-123.057018,45.52092800000001
-123.05692792,44.08469081
-123.05692791880104,44.08469080903966
-123.056853,38.322648
-123.056801,44.155459
-123.056621,44.156248
-123.056549,38.450577
-123.05653999999998,44.555715
-123.056499,46.628066
-123.05645,46.098756
-123.056431,44.96321
-123.056298,38.925112
-123.05628418863743,38.92510771732843
-123.056284,38.925107
-123.056283,38.927031
-123.056266,38.92520800000001
-123.056266,45.520069
-123.056261,40.399874
-123.056218,38.450876
-123.0561554426048,44.084283113269386
-123.056058,42.432367
-123.055808,45.520921
-123.055672,45.612457
-123.055493,47.089524
-123.05547,46.628065
-123.055451,45.612629
-123.055363,40.735329
-123.05531299999998,40.72790300000001
-123.055067,44.679869
-123.05503799999998,38.908016
-123.054932,47.196659
-123.054834,44.714182
-123.054749,40.730011
-123.054744,40.730057
-123.05473899999998,44.718574
-123.054684,44.147186
-123.054635,45.520068
-123.054537,44.715516
-123.05446028650734,44.721275567795175
-123.054422,40.73149
-123.054418,44.959876
-123.054387,38.309039
-123.054321,44.722622
-123.054281,44.710557
-123.054264,44.711982
-123.054165,44.959211
-123.054138,44.722606999999996
-123.054111,44.681418
-123.054079,44.725179
-123.054078,44.721342
-123.054076,38.347182
-123.053978,38.453381
-123.053948,44.722641
-123.053946,44.710414
-123.05394530237648,38.453382253463495
-123.053945,38.453382
-123.053945,38.453397
-123.05388,38.885751
-123.053859,44.723586
-123.05383801401588,44.72357153871191
-123.05383801,44.72357154
-123.053741,38.913197
-123.053719,38.46500800000001
-123.053669,44.72549
-123.0536448949668,38.88744950275952
-123.05360197962256,44.70915198304792
-123.053601,44.709151
-123.053572,44.72642000000001
-123.05356100000002,44.743236
-123.053521,44.726903
-123.053502,44.731074
-123.053497,38.887371
-123.053488,44.707823
-123.053429,43.788429
-123.053368,38.454304
-123.0532801145408,38.88828635197216
-123.05328,38.888286
-123.053268,38.890373
-123.053246,44.956031
-123.053153,38.453209
-123.053141,44.730758
-123.053106,44.95547
-123.052994,44.138496
-123.05291533411476,44.140330552844325
-123.05291499999998,44.14033
-123.052874,47.519745
-123.052841,44.706722
-123.052839,44.140003
-123.052826,44.704567
-123.052811,44.954173
-123.052746,44.690911
-123.0527436727378,44.6909773347631
-123.05274367,44.69097733
-123.052743,44.690912
-123.052663,44.736492
-123.05265784204936,44.14080262163096
-123.052657,44.140802
-123.052647,38.834738
-123.052616,44.740837
-123.05258,39.202867
-123.05257201136088,44.74110245683317
-123.052572,44.74110200000001
-123.05257,44.741111
-123.052528,44.693799
-123.0524861806724,44.08424019792516
-123.05248600000002,44.741553
-123.052484,38.880838
-123.052483,45.409069
-123.052467,45.520916
-123.052466,44.738278
-123.052464,44.73827
-123.05236399999998,44.690854
-123.052199,45.418194
-123.052194,38.335474
-123.052186,44.70203400000001
-123.0521857732627,44.70211386659288
-123.052175,44.69785
-123.052136,44.741218
-123.052134,44.701478
-123.052099,44.137079
-123.05208600000002,47.087574
-123.052074,44.700278
-123.05206,44.745432
-123.052002,47.087551
-123.051994,44.136063
-123.051986,47.087726
-123.051983,44.702266
-123.051948,45.520911
-123.051942,44.69723
-123.051919,44.697842
-123.05190682352516,44.701663255478365
-123.051904,44.702203
-123.051881,44.700088
-123.051866,43.32380300000001
-123.051817,43.323793
-123.051796,38.834236
-123.051787,44.063444
-123.05177807749244,44.06344771364181
-123.051744,44.695078
-123.051743,44.7486
-123.051641,44.950179
-123.051631,44.950174
-123.051593,44.950045
-123.051575,44.042068
-123.051575,44.135052
-123.051491,42.235388
-123.051484,44.747341
-123.051421,44.747953
-123.051415,44.751762
-123.05138999999998,45.520907
-123.051386,45.520429
-123.051381,45.520067
-123.051331,38.466894
-123.051328,44.74887800000001
-123.051311,44.752501
-123.05128455103372,44.08391833284337
-123.051249,44.948653
-123.051178,48.058609
-123.051125,44.134838
-123.051064,42.235416
-123.050962,38.467029
-123.050941,44.754384
-123.050941,44.756207
-123.050917,44.943198
-123.0508983129356,44.94319081285028
-123.05088,38.467041
-123.050839,46.098294
-123.05081248224712,44.13209080675063
-123.050784,44.703184
-123.050755,44.948109
-123.05075,43.792642
-123.050739,43.323536
-123.050639,43.807897
-123.050638,44.132912
-123.050614,44.754107
-123.050597,43.792775
-123.050593,47.526036
-123.050535,47.52642700000001
-123.050533,44.754422
-123.050465,38.342201
-123.05042624414897,46.80704712845417
-123.05033799999998,44.555642
-123.050321,45.24381
-123.050316,44.741049
-123.05026200000002,44.048347
-123.050233,44.048095
-123.05021399999998,44.054807
-123.050208,44.052533
-123.050205,42.431395
-123.050188,44.045232
-123.050169,44.056395
-123.050149,44.130979
-123.05014729441145,44.056388139514645
-123.05014729,44.05638814
-123.050147,44.056388
-123.0501258367393,44.13097500780043
-123.050104,44.130824
-123.050055,44.050805
-123.049996,43.808821
-123.049934,40.577341
-123.04993272,38.33575129
-123.049914,44.055771
-123.04987,44.044052
-123.049869,44.629359
-123.049833,44.062385
-123.04982542932964,44.06237483003585
-123.049825,44.062374
-123.049731,44.758032
-123.049728,38.45039600000001
-123.049725,45.610494
-123.049708,44.946268
-123.049675,44.758161
-123.049649,44.062374
-123.049641,44.042032
-123.049603,38.454032
-123.049578,44.062319
-123.04952502,44.06263232
-123.049518,46.628086
-123.049517,44.041516
-123.049516,38.312248
-123.049507,44.059037
-123.04950356424784,44.05902743318529
-123.049503,44.059027
-123.049498,44.12843
-123.04945,44.94585
-123.049438,43.809466
-123.049416,44.063689
-123.04941,44.059882
-123.049401,44.408315
-123.049319,44.388836
-123.049315,44.126275
-123.049301,44.388851
-123.049197,44.94541
-123.049146,45.244351
-123.04913,44.758509
-123.049113,44.062354
-123.049075,44.062658
-123.049074,44.066237
-123.04906499999998,44.758644
-123.04903149546122,44.555622339036205
-123.04896712244486,44.06344771364181
-123.048947,44.063719
-123.048915,42.43118
-123.048915,44.126327
-123.048875,44.944808
-123.04885983408428,44.08408999422032
-123.04885983408428,44.08421874025304
-123.048859,44.084089
-123.048851,43.794319
-123.048828,38.454262
-123.04882,43.794521
-123.048813,44.063072
-123.04879,44.944806
-123.048709,45.317192
-123.048679,38.334322
-123.048646,44.063733
-123.04864525736308,44.06372666337936
-123.048645,44.063726
-123.048622,38.33420200000001
-123.048588,44.085173
-123.048474,40.724506
-123.048438,44.062345
-123.04843068064189,44.062331914691626
-123.04843068,44.06233191
-123.048393,40.725269
-123.04834485,44.06911254
-123.0483448499534,44.06911253908124
-123.048344,44.069112
-123.048303,44.069598
-123.048253,44.70449
-123.048239,44.62936
-123.048237,38.978848
-123.048204,43.84092
-123.048203,38.335164
-123.048157,44.944656
-123.048154,38.333346
-123.04813027,44.03825641
-123.048088,38.340641
-123.048041,38.312924
-123.04802298487164,44.085785150317726
-123.047988,44.121093
-123.047958,44.120922
-123.04793715418316,44.03827786424617
-123.047937,44.038277
-123.047821,43.820218
-123.047699,38.335171
-123.047679,42.427454
-123.047674,38.470433
-123.047635,44.077864
-123.047535,42.430946
-123.04750800074078,45.24512171723725
-123.047455,44.945297
-123.047432,44.759754
-123.04740071238018,44.07960534074745
-123.04731,44.07766
-123.047307,43.844736
-123.047283,44.07795
-123.047272,38.471298
-123.04727196634748,44.07795309999429
-123.047261,44.945055
-123.04725050867536,44.94505763032464
-123.047249,44.083874
-123.047186135659,44.08419728258093
-123.047126,44.037343
-123.04712176264265,44.76326823213213
-123.04712176,44.76326823
-123.047121,44.763268
-123.047119,44.079488
-123.047086,38.333994
-123.046967,44.113701
-123.046955,44.083495
-123.04688572824932,44.06464934328048
-123.046879,42.430842
-123.046875,38.878684
-123.046875,42.427118
-123.046875,44.084293
-123.046875,44.118275
-123.046859,46.09798
-123.046823,44.081994
-123.046649693856,44.0803349015995
-123.046638,38.466961
-123.046623,44.083514
-123.04662,43.820415
-123.046618,38.466971
-123.046579,44.083858
-123.046577,46.097973
-123.046564,43.845181
-123.046549,38.339643
-123.046529,44.084215
-123.046494,44.084602
-123.046463,47.247189
-123.04639220179058,44.08524870851475
-123.04639,44.08524600000001
-123.04637074411846,44.08842444398838
-123.046349,47.247229
-123.046293,44.76529
-123.046142,43.822501
-123.046135,44.945424
-123.04605,44.114947
-123.04595,44.088868
-123.04592013300396,38.83009314518532
-123.045906,45.520119
-123.04586100000002,45.520266
-123.04583430231548,44.08984065034824
-123.045834,44.08984
-123.045807,44.06366
-123.045717,43.845694
-123.045702,44.112153
-123.045684,42.426935
-123.045672,44.091055
-123.04565,44.094568
-123.045635,38.329881
-123.045599,38.335713
-123.045474,44.112698
-123.045458,44.768242
-123.045435,43.833855
-123.045435,44.111024
-123.045293,43.322358
-123.04528,44.036053
-123.04525494516828,42.42680668810641
-123.04525494516828,44.94632363297965
-123.045254,42.426806
-123.045253,42.42681500000001
-123.045241,45.520239
-123.045237,44.035877
-123.045227,43.832646
-123.045174,43.832249
-123.045165,44.945374
-123.045147,44.945379
-123.045136,45.246228
-123.045132,43.830317
-123.045102,44.109638
-123.04506299999998,43.799703
-123.044952,47.248401
-123.044919,44.062654
-123.04491162241438,44.062653779773406
-123.04491162,44.06265378
-123.044909,44.035865
-123.044892,41.78687100000001
-123.044891,38.32954
-123.044847,38.329514
-123.044846,43.846484
-123.044449,44.106564
-123.044379,44.034164
-123.044357,43.82748400000001
-123.044294,44.10264
-123.044289,44.770088
-123.044251,39.196525
-123.04424643457868,39.19652581196214
-123.044195,38.329175
-123.04416299999998,38.38460300000001
-123.04416100000002,43.847298
-123.044121,44.771421
-123.044091,44.035395
-123.044071,44.62940800000001
-123.04406000000002,44.770609
-123.044033,44.035522
-123.043909,42.435998
-123.043869,46.097787
-123.043732,43.806149
-123.04371299999998,47.534208
-123.043687,39.195407
-123.043682,42.430868
-123.043533,46.09771
-123.04351687372665,44.08424019792516
-123.043516,44.08424
-123.043506,44.629426
-123.04343104303815,44.772988557602055
-123.04343104,44.77298856
-123.043431,44.772988
-123.043355,39.194747
-123.043227,46.097736
-123.04310900000002,38.328454
-123.04304480494,43.804517984181366
-123.043044,43.804517
-123.04301,38.32834
-123.042984,44.035301
-123.0429375165794,44.034265279559925
-123.042856,43.804379
-123.042825,43.848914
-123.042671,41.783389
-123.042645,44.774908
-123.04256200000002,43.80495300000001
-123.04255127848128,43.80494713762376
-123.042525,44.629466
-123.04244399,44.06321168
-123.042402,45.314858
-123.042396,45.24752700000001
-123.042381,42.426014
-123.042351,44.035526
-123.042298,44.774802
-123.04229378641584,44.77479100206005
-123.042277,45.60743400000001
-123.04211399999998,43.849777
-123.0421006673668,44.94080901124505
-123.0421006673668,45.60762763001629
-123.042099,43.805706
-123.04188700000002,47.251205
-123.041692,44.940703000000006
-123.041657,45.316706
-123.041644,44.939588
-123.041614,44.08405
-123.041611,44.08408
-123.041594,44.944449
-123.041589,38.466752
-123.04158568323594,44.94443535783318
-123.04158568,44.94443536
-123.04148899999998,44.777222
-123.041481,43.80784600000001
-123.041327,44.935026
-123.04126381815416,43.808294534474335
-123.041263,43.808294
-123.04113999999998,44.77753
-123.041097,44.945671
-123.040997,46.633106
-123.04098487,44.94430661
-123.040967,44.93942
-123.040792,44.063146
-123.040773,42.451171
-123.040749,38.32655
-123.040648,44.945402
-123.04064154566272,43.80902409532639
-123.04064154566272,44.945400953078526
-123.040641,44.9454
-123.040548,42.237881
-123.040545,42.237889
-123.040372,39.191609
-123.040333,44.780438
-123.04018,39.191387
-123.040118,42.237952
-123.040105,38.861413
-123.039924,44.78044600000001
-123.03991198481064,44.78043436982736
-123.03991198,44.78043437
-123.039911,44.780434
-123.03982615412215,44.938019513869584
-123.039803,38.325851
-123.039793,38.325861
-123.03967595041728,42.4252188203696
-123.039675,42.425218
-123.039538,46.097376
-123.039466,44.946423
-123.03941100000002,38.325476
-123.039383,43.854126
-123.03937554300764,42.42524027804172
-123.039375,42.42524
-123.039352,38.325417
-123.039291,39.190605
-123.039169,44.034873
-123.039079,38.859394
-123.039014,44.62957700000001
-123.03901076258164,44.034758806018665
-123.03901076,44.03475881
-123.03901,44.034758
-123.038949,40.583164
-123.038934,44.782814
-123.038924,40.583163
-123.038801,38.794964
-123.038787,38.85890300000001
-123.03876499999998,44.784149
-123.03864,42.238349
-123.038467,38.858364
-123.038435,38.858332
-123.0384099477623,38.85852456074304
-123.038409,38.858524
-123.038383,38.858517
-123.038321,44.785238
-123.03826399999998,38.324261
-123.038185,38.858131
-123.03804516733628,38.85766625385829
-123.038042,38.857663
-123.037978,38.857779
-123.037974,42.238641
-123.03793,43.814768
-123.037892,38.857646
-123.03772,38.85741
-123.037718,38.826818
-123.037694,47.25314
-123.037622,43.816016
-123.037387,38.856889
-123.037341,38.85681500000001
-123.037161,38.972864
-123.036781,44.947905
-123.03677916468123,46.802562474981286
-123.03677,45.316705
-123.036603,46.636209
-123.036476,44.034771
-123.036318,45.250814
-123.036247,38.322151
-123.03622126520617,44.79019761064153
-123.03617834986191,45.6051599977226
-123.03613543451767,41.77766919116126
-123.036127,44.938188
-123.036039,38.780029
-123.035965,38.797201
-123.035927,48.047409
-123.035888,45.572975
-123.035656,44.790621
-123.03564190805896,44.7906267640839
-123.035395,44.935435
-123.035389,44.935796
-123.035324,44.937496
-123.035261,38.321127
-123.03522,41.775721
-123.035208,44.936902
-123.035019,47.253941
-123.035007,42.45578
-123.034836,45.252117
-123.034813,43.821358
-123.034784,41.775138
-123.034732,45.252066
-123.034668,44.793461
-123.034664,42.24101
-123.034541,45.252265
-123.034485,44.793377
-123.03447,47.254171
-123.03436,44.93436
-123.034247,38.320078
-123.034241,42.241365
-123.034094,46.096935
-123.033834,38.319674
-123.033667802224,44.79629158952333
-123.033654,44.709074
-123.033653,44.709019
-123.03364634455188,44.70906615235944
-123.03330302179798,44.79620575883485
-123.03330302,44.79620576
-123.033303,44.796211
-123.033143,44.796586
-123.033075,45.254459
-123.03289532602771,38.66973996143975
-123.032873,45.254727
-123.032861,44.792758
-123.032798,45.603892
-123.032754,43.322378
-123.032724,45.254636
-123.032724,45.60412
-123.032719,44.792981
-123.032656,44.062704
-123.03263783396228,44.06269669511765
-123.032637,44.062696
-123.032617,44.062779
-123.032593,47.085091
-123.03258999999998,44.966421
-123.032545,44.629731
-123.032498,44.388789
-123.032316,47.553011
-123.032301,39.187699
-123.032222,44.062605
-123.032004,38.504597
-123.031912,38.852708
-123.031905,45.31671400000001
-123.031843,44.966214
-123.031843,44.96622
-123.031732,38.970874
-123.031658,45.25635
-123.031613,44.965435
-123.03160786570056,43.82870078065953
-123.03148799999998,44.788657
-123.03148799999998,45.256274
-123.031472,38.852273
-123.031425,44.787722
-123.031396,42.423194
-123.031376,44.966509
-123.031212,44.802147
-123.031201,44.033203
-123.031082,40.379773
-123.0310714238976,43.82923722246251
-123.031071,43.829237
-123.03107,43.829249
-123.031017,44.033203
-123.03101,44.033006
-123.030964135537,46.16574168183247
-123.030945,42.422919
-123.030877,44.801995
-123.030777,44.629791
-123.030715,44.629768
-123.030611,42.456443
-123.030561,40.379838
-123.030272,44.031785
-123.030197,44.044231
-123.030151,43.83247
-123.029861,43.832401
-123.029758,43.831996
-123.029752,44.782642
-123.02954,45.519995
-123.029454,44.806012
-123.029381,39.186562
-123.029366,39.186622
-123.02935481012808,39.186612367443146
-123.029354,39.186612
-123.02934,44.027835
-123.029296,38.968622
-123.029202,44.805985
-123.029175,44.932869
-123.02897,42.457592
-123.02896857202992,45.602692365428894
-123.028785,44.710544
-123.02871,42.457744
-123.028702,38.317459
-123.02866816462029,44.025446176319
-123.028646,38.31745
-123.0285179609154,44.02546763399112
-123.028517,44.025467
-123.028494,46.170121
-123.0284750455712,45.60226321198653
-123.02843213022696,43.83545994737703
-123.028432,43.835459
-123.02841200000002,44.967754
-123.02833400000002,44.78057800000001
-123.028297,44.024151
-123.02818899999998,45.259684
-123.028026,44.38876
-123.02796,44.968096
-123.027916,43.835867
-123.02789568842395,44.80832934358211
-123.027893,44.023666
-123.027802,38.316669
-123.027747,45.259866
-123.027733,38.317676
-123.027715,42.253053
-123.027706,42.252422
-123.027649,38.971539
-123.027619,42.256149
-123.027608,38.968255
-123.027584,38.971523
-123.027579,43.876342
-123.0275738233422,38.971520662121904
-123.0275738233422,43.8763368127638
-123.027573,38.97152
-123.027573,43.876336
-123.027548,38.847656
-123.027519,44.809935
-123.027511,42.2588
-123.027507,44.810439
-123.02746653498156,40.59035181979851
-123.027412,38.847656
-123.027395,44.810232
-123.027364,39.185836
-123.02725,42.458468
-123.02723,44.022513
-123.027076,42.262048
-123.02697300852286,38.31375718098491
-123.02682280481802,44.0242016313361
-123.026555,47.05618
-123.02648899999998,44.03046
-123.026428,47.056141
-123.026375,47.056057
-123.02632927835928,46.17687821366226
-123.026186,44.06127100000001
-123.026096,44.045507
-123.026045,44.778801
-123.026024,44.062099
-123.025972,45.26177
-123.025909,45.261631
-123.025865,38.794095
-123.025817,45.261689
-123.025757,39.185188
-123.025733,38.471874
-123.025729,42.267181
-123.02571100000002,46.176628
-123.025706,38.47747
-123.025627,46.096237
-123.025575,45.519982
-123.025431,44.018113
-123.02540659845816,44.929372072005606
-123.025383,45.316724
-123.025272,44.061059
-123.025079,44.929374
-123.02506499999998,39.1849
-123.024971,42.268818
-123.024971,44.061142
-123.02486100000002,44.777197
-123.024827,45.262904
-123.024762,45.519981
-123.024726,44.045713
-123.024656,45.262832
-123.024575,44.016177
-123.024439,44.016207
-123.024368,44.760451
-123.024225,43.32402800000001
-123.0242,43.324043
-123.024166,38.47770300000001
-123.024139,44.555401
-123.023979,38.4776
-123.023903,38.821461
-123.023871,38.671068
-123.023863,45.26383
-123.023784,44.388758
-123.023586,45.600683
-123.023541,38.820983
-123.023479,47.081032
-123.02338,44.013815
-123.023367,44.770216
-123.02336499999998,44.929036
-123.023338,44.929062
-123.023332,45.264328000000006
-123.02331399999998,44.04619
-123.023216,38.813981
-123.022921,38.818061
-123.022918,45.600432
-123.022898,40.383167
-123.022805,38.819805
-123.022726,38.81969
-123.022667,38.50046500000001
-123.022661,38.818558
-123.0226385587548,38.819578885846994
-123.022638,38.819578
-123.022609,44.771582
-123.022568,38.819466
-123.022534,40.732488
-123.02241,43.886055
-123.022316,44.928373
-123.022309,38.477864
-123.02220940531242,38.8191282747325
-123.022202,44.010986
-123.022177,43.848051
-123.022129,46.095949
-123.022094,41.790032
-123.022082,38.804503
-123.02208065927972,41.79002881030183
-123.022055,43.848309
-123.022044,38.31895
-123.02204,40.732582
-123.02203774393548,40.7325732706035
-123.022037,40.732573
-123.021957,44.555469
-123.021926,45.265845
-123.021871,38.473159
-123.021869,44.010406
-123.0218446248864,44.01040434816355
-123.021844,44.010404
-123.021806,43.848832
-123.021747,43.849547
-123.02173734,43.84953618
-123.0217373365258,43.84953618028711
-123.02173700000002,43.849536
-123.021685,38.47375
-123.021546,43.849379
-123.02154,44.629974
-123.021532,39.182782
-123.021435,38.80356
-123.021431,45.266386
-123.021386,38.496529
-123.02137256,44.00888085
-123.0213725560998,44.008880853443095
-123.021372,44.00888
-123.021371,44.00889
-123.02133899999998,38.811123
-123.021214,38.820246
-123.021116,47.078817
-123.02109360636224,44.97290968873513
-123.021091,44.972918
-123.021085,47.078407
-123.021064,38.47677
-123.02095,38.49881
-123.02092194498528,41.76430106143111
-123.02092,47.07819
-123.020909,44.973
-123.020729,44.926874
-123.020659,44.972151
-123.020654,38.969982
-123.020591,44.007127
-123.02055716455926,44.06098008134813
-123.020526,44.00698
-123.020493,38.821091
-123.020439,38.8211
-123.020392,42.420205
-123.02035,42.420349
-123.020241,47.077793
-123.020178,44.006605
-123.020127,38.472845
-123.019949,42.275179
-123.019859,39.181462
-123.019753,38.84586
-123.019747,38.845866
-123.019657,44.973773
-123.019537,43.895929
-123.019523,44.061172
-123.019468,43.898461
-123.01936200000002,43.901799
-123.019274,44.630023
-123.01927,43.854139
-123.019183,38.47559
-123.019183,45.268914
-123.01915,38.475498
-123.019005,43.914344
-123.018959,43.916101
-123.01891,44.926227
-123.018859,45.270073
-123.01884055078972,45.2700769899117
-123.01884,45.270076
-123.01878899999998,43.855159
-123.018747,47.071661
-123.018635,44.003522
-123.018563,38.469418
-123.018528,47.065943
-123.018398,44.71375
-123.018272,38.807038
-123.018204,44.823604
-123.018183,40.383095
-123.018165,45.269995
-123.01815390528192,45.26999115922322
-123.01815,38.475124
-123.01803,38.4701
-123.017967,38.475037
-123.017845,44.823891
-123.017817,47.56438
-123.017807,45.31654
-123.017785,45.31652
-123.017713,44.824218
-123.017504,47.058124
-123.017471,44.824421
-123.017405,44.388734
-123.01735997141353,43.92116188982048
-123.01735,39.178171
-123.01712,47.56517
-123.017119,39.174167
-123.01708,38.832957
-123.017016,45.271149
-123.016991,38.833038
-123.016915,38.799645
-123.016887,45.271274
-123.016846,38.832957
-123.01684499,38.83294702
-123.0168449872827,38.83294701557716
-123.016792,44.00185
-123.016783,45.27137800000001
-123.01664,45.27152
-123.0165,38.466472
-123.016493,44.001424
-123.016457,38.800758
-123.016441,46.25161
-123.016394,45.271767
-123.01638,38.47266
-123.016096,44.001494
-123.016028,38.792194
-123.015981,45.272199
-123.015966,44.825436
-123.015965,42.27587800000001
-123.01596,40.381646
-123.015845,43.929702
-123.015839,47.062538
-123.015834,44.749596
-123.015786,38.805747
-123.015744,38.49166
-123.015731,44.924938
-123.015533,43.862691
-123.015443,43.862885
-123.015423,39.176698
-123.015412,45.27280800000001
-123.015393,45.27118
-123.015388,46.095531
-123.01538586557858,44.97655749299537
-123.01521420420164,44.00089859941482
-123.0152142,44.000898600000006
-123.015196,38.823891
-123.01519274652952,38.82389187794293
-123.015192,38.823891
-123.015137,44.401768
-123.015097,45.271755
-123.015081,43.863017
-123.0150640004968,43.863011598377895
-123.015064,43.863011
-123.015027,44.388734
-123.015022,44.388748
-123.014929,43.93449
-123.014918,38.494692
-123.014845,40.595
-123.01482796610348,38.82517933827007
-123.014826,46.80243400000001
-123.014801,38.827148
-123.014729,43.935633
-123.01463,43.936165
-123.01461,45.273676
-123.014458,38.830322
-123.014425,38.821944
-123.014389,38.828038
-123.014354,43.902289
-123.014351,38.830688
-123.014336,38.829395
-123.014222,44.92417800000001
-123.014183,38.469769
-123.01413,43.905888
-123.01403700000002,43.906575
-123.013992,38.827721
-123.013976,38.785794
-123.013944,38.6866
-123.013908,38.482778
-123.01386399999998,45.274534
-123.013807,38.489744
-123.0138,45.597019
-123.013758,43.884857
-123.013745,43.906574
-123.013683,43.909153
-123.01363700000002,38.484178
-123.0136263364648,38.48417401295431
-123.01362,46.170487
-123.013565,42.276716
-123.013535,42.46386
-123.013511,43.942055
-123.013419,43.877414
-123.013416,45.275053
-123.013408,43.942592
-123.01330447138302,38.32032322865333
-123.013255,43.943386
-123.013246,42.276939
-123.01324009836668,44.63014483430562
-123.013221,38.829939
-123.013214,47.056557
-123.013206,39.17449600000001
-123.013168,44.000366
-123.013128,43.877431
-123.01311499999998,45.275397
-123.013083,39.174335
-123.013046,38.830972
-123.01296114862912,38.79711270313836
-123.012856,38.8008
-123.012819,44.062208
-123.012776,38.322808
-123.012767,43.913824
-123.01274657190793,43.91393065431636
-123.012641,42.464339
-123.012614,38.804602
-123.012581,43.946897
-123.012573,43.91795
-123.012535,38.796547
-123.01251200000002,43.969093
-123.01251053751464,43.91762137392083
-123.01251,43.917621
-123.0124676221704,43.96787524202362
-123.012451,38.822479
-123.012448,38.491127
-123.012417,45.2762
-123.012414,43.969664
-123.01240324915403,43.9696562288095
-123.0123603338098,38.80440831165885
-123.012359,44.856484
-123.012349,47.05647
-123.01234,44.855527
-123.012296,43.917056
-123.012283,46.802429
-123.012248,44.833646
-123.012222,42.277561
-123.012199,43.917927
-123.01218867243284,43.91787886598626
-123.012188,43.917878
-123.01216721476072,40.59402108173087
-123.012155,38.831285
-123.012119,43.971116
-123.01211200000002,38.493688
-123.012106,43.959301
-123.0121,43.95381500000001
-123.012085,40.381159
-123.01208138407225,40.381160974310006
-123.012081,40.38116
-123.012075,43.95514
-123.012021,44.853864
-123.012017,43.965732
-123.01195263803952,43.921698331623446
-123.011899,43.91991
-123.011897,44.857044
-123.011882,44.85547
-123.011856,38.978096
-123.011826,43.968197
-123.011802,43.993618
-123.011795,45.519997
-123.011792,43.96615
-123.011777,38.496932
-123.011771,44.857922
-123.011767,43.965935
-123.01175951899046,43.96592259386079
-123.01175951899046,43.99886012056351
-123.011759,43.965922
-123.011757,43.965969
-123.01171399999998,43.92345
-123.011675,43.92172
-123.01167368830198,43.99984717348099
-123.01167,45.277046
-123.011659,44.858336
-123.01165223062986,41.37583136538803
-123.011651,41.37582800000001
-123.011641,40.59056500000001
-123.011636,43.969588
-123.011608,43.969721
-123.011602,43.92026
-123.01153899999998,44.853862
-123.011538,44.82998
-123.011428,43.92345200000001
-123.011393,46.095775
-123.011361,38.705739
-123.011358,38.463789
-123.011341,43.926209
-123.011283,38.493991
-123.011276,48.023891
-123.01126599253172,43.96090149858493
-123.011265,43.960901
-123.011263,48.023864
-123.011252,43.986992
-123.011214,44.860144
-123.011201,43.999654
-123.01115870417112,43.98613572099692
-123.01111000000002,39.1719
-123.011096,38.464273
-123.011066,38.468073
-123.011063,44.852684
-123.011017,43.96092
-123.011004,38.463297
-123.01098,40.383331
-123.010942,45.277897
-123.01092,43.333568
-123.01091,38.788368
-123.010902,38.465035
-123.01087975443356,38.78837943058591
-123.010859,38.827979
-123.010846,38.826986
-123.010794,38.82868
-123.010789,43.981262
-123.010738,43.930538
-123.010725,44.922714
-123.010719,44.92276
-123.010717,44.922854
-123.010712,38.463805
-123.010706,38.498004
-123.010694,38.464404
-123.01053600000002,44.853123
-123.010519,39.171731
-123.010513,38.494259
-123.01049,43.95565300000001
-123.010461,43.930537
-123.010454,38.494294
-123.010447,44.850462
-123.01042914331909,44.85045075395177
-123.010429,38.787556
-123.01040768564695,46.797112226263074
-123.010406,38.787536
-123.010323,38.464458
-123.010322,44.742656
-123.010306,40.735374
-123.010301,38.464528
-123.010288,44.728579
-123.010281,44.861109
-123.01027894,38.78329396
-123.010269,44.732159
-123.010269,44.73251
-123.010251,44.731462
-123.010244,44.723416
-123.010243,44.731103
-123.010232,44.717244
-123.010223,44.718529
-123.010218,44.71850900000001
-123.010218,44.719569
-123.010209,43.953811
-123.010176,42.466012
-123.010165,45.278786
-123.01012,44.850742
-123.01006436289305,40.59449315051749
-123.010064,40.594493
-123.01001,40.59454
-123.0099141591882,44.9223768708948
-123.009897,38.468997
-123.009848,38.463284
-123.009796,38.494573
-123.009765,44.842937
-123.009758,38.494591
-123.00972,47.056019
-123.00971,43.938006
-123.009693,38.482219
-123.009687,44.833055
-123.0096781247949,47.05602049805139
-123.009653,43.999109
-123.009644,38.482185
-123.009625,38.496045
-123.00962,42.417439
-123.00959229410644,44.85231757142616
-123.009486,38.980018
-123.00947,45.27958
-123.009458,38.494764
-123.009454,42.417547
-123.009419,44.83320300000001
-123.009416,43.937995
-123.009354,38.783943
-123.009313,38.492545
-123.00923600000002,38.465353
-123.009193,38.785881
-123.009178,38.46529
-123.009178,38.46817
-123.009171,43.948959
-123.00914168299194,43.99746537187577
-123.00906299999998,44.845446
-123.009046,44.84737
-123.008963,44.844674
-123.008958,38.49691
-123.008958,44.062136
-123.008921,44.921955
-123.00886,44.845701
-123.008834,40.597073
-123.00883,44.843499
-123.00881981791017,44.8453867433317
-123.008786,38.465344
-123.008782,44.845047
-123.00877690256593,44.84504342057778
-123.008776,44.845043
-123.008755,44.84484000000001
-123.008751,38.46847
-123.008751,44.555092
-123.008743,44.835773
-123.00873398722167,44.84751105287148
-123.00869,43.997456
-123.008677,44.554979
-123.008668,43.945312
-123.008636,38.468552
-123.008563,44.835753
-123.00853700000002,38.495328
-123.008495,47.055869
-123.008484,45.270716
-123.008461,38.49538
-123.008395,44.83931
-123.00839066446775,44.83931422212201
-123.00839066,44.83931422
-123.00838799999998,44.838794
-123.008324,47.05563
-123.008294,44.863421
-123.00828337610716,44.86341118791168
-123.008283,44.863411
-123.008266,44.388707
-123.00826191843504,47.05561280228111
-123.00821900309082,44.839936494613454
-123.008198,44.839247
-123.008095,44.062239
-123.00791859568116,46.80264830566978
-123.007872,43.985213
-123.007809,44.83554
-123.007805,44.863948
-123.00776839197631,44.98488306977757
-123.007768,39.853434
-123.007693,44.984772
-123.007584,38.783827
-123.007584,46.802063
-123.007577,44.83976
-123.007562,45.519994
-123.00756,45.51988400000001
-123.00753,46.147972
-123.00748,44.554445
-123.007442,38.496008
-123.007442,39.1702
-123.007347,38.77998
-123.007317,38.779949
-123.00724,38.779861
-123.00712466181272,43.99744391420364
-123.007104,38.467204
-123.007095,46.802891
-123.00708799999998,44.062236
-123.006996,46.80286
-123.006968,43.997541
-123.006935,45.519982
-123.006866,38.46661
-123.006866,46.802818
-123.006836,38.47094600000001
-123.006821,45.283071
-123.006805,39.169662
-123.006717,43.989637
-123.006551,42.46993
-123.006416,42.470117
-123.006407,44.865442
-123.00635218561644,39.16912436466613
-123.00635218561644,43.991028070240056
-123.006352,39.169124
-123.006348,44.92099
-123.006308,43.99647
-123.006106,43.991985
-123.006045,43.991098
-123.00593899999998,45.28367
-123.00584,43.991882
-123.005762,43.992169
-123.005705,43.993678
-123.005647,43.992636
-123.005522,38.499588
-123.00527930201052,46.80543780304525
-123.005273,39.167995
-123.00525784,39.16798711
-123.005249,39.167969
-123.00519347132204,38.71319174748081
-123.005043,47.054657
-123.00499,47.26585
-123.00459,48.02049
-123.0045712,43.99637103
-123.00454974115844,43.99684309938432
-123.004539,44.920442
-123.004509,45.57275
-123.004325,41.742563
-123.004268,44.630108
-123.004261,45.285142
-123.00425,38.501808
-123.00407767237184,43.996113538532285
-123.00396,46.80809
-123.003927,38.501877
-123.00391100000002,44.920085
-123.003844,41.823169
-123.00384163797852,41.82315945605362
-123.003744,44.868469
-123.003722,38.404125
-123.003705,44.868325
-123.003689,38.501937
-123.003632,42.415901
-123.003593,46.147129
-123.003558,42.416024
-123.00354,46.147124
-123.003384,44.920143
-123.003348,45.314982
-123.003253,42.279752
-123.003128,38.481598
-123.003098,44.91991
-123.003086,45.286188
-123.003067,47.266041
-123.00287,41.823461
-123.002869,45.286341
-123.002848,44.06211500000001
-123.002831,38.468291
-123.002724,45.51997
-123.002542,40.61476
-123.00245,40.614729
-123.002392,44.549475
-123.002249,38.498845
-123.00222,44.05624
-123.002093,44.549242
-123.00208700000002,39.143766
-123.002031,38.501952
-123.002022,38.501961
-123.001932,38.502352
-123.001677,38.481306
-123.00167441309452,44.06222462633103
-123.001674,44.062117
-123.001669,38.503098
-123.001623,38.982657
-123.00161004007816,38.98265719395169
-123.00161,38.982657
-123.00153799999998,42.475471
-123.00141399999998,38.501963
-123.001334,43.332101
-123.0013310903406,43.33210587480863
-123.00115,38.77557
-123.001135,38.501968
-123.001008,38.481165
-123.000994,46.099037
-123.000883,44.872494
-123.00083756388186,45.59215664841847
-123.000712,45.287918
-123.000685,40.737763
-123.000673,42.280504
-123.00066590250492,40.73776602725631
-123.000652,38.501097
-123.000628,43.994861
-123.00056200000002,44.873241
-123.000542,38.450661
-123.0005371564722,43.99495482423784
-123.00049424112795,44.88521218278464
-123.000474,40.742075
-123.000351,38.501968
-123.000323,45.591701
-123.000322579751,46.09922289826346
-123.000322,46.099222
-123.000313,38.503792
-123.00030112207888,38.44934821110511
-123.000298,38.501978
-123.000298,38.503157
-123.000293,38.502709
-123.00026,39.166111
-123.000233,45.591939
-123.000214,46.163879
-123.0000865453577,44.99814391114714
-123.000086,44.998143
-123.000044,44.998323
-123.00004363001348,44.99831557252408
-122.999999,44.993127
-122.999993,38.501091
-122.999893,44.875801
-122.999865,47.588938
-122.999837,44.918875
-122.999786,38.52626
-122.999778,45.288581
-122.999774,38.526219
-122.999723,38.825684
-122.999721,44.886727
-122.999643,45
-122.99948573053835,44.87834572770653
-122.99948573,44.87834573
-122.999485,44.878345
-122.999422,43.32579000000001
-122.999225,44.629685
-122.999209,38.477161
-122.999208,44.918687
-122.999165,47.366733
-122.999119,44.88698
-122.999112,44.879523
-122.999097,44.629679
-122.999084,45.002045
-122.999063,38.982697
-122.999021,46.775604
-122.998981,44.880371
-122.998944,44.62967
-122.998877,38.7199
-122.998784,38.50372700000001
-122.998772,38.50198
-122.998768,38.501992
-122.998758,38.502511
-122.998728,40.737737
-122.998719,38.501274
-122.998713,45.001598
-122.998709,44.918535
-122.99865,38.81372800000001
-122.998634,44.881233
-122.998629,38.720198
-122.998581,44.884389
-122.9985,44.884936
-122.998459,45.002136
-122.998458,45.002222
-122.998451,44.88515200000001
-122.998419,44.887371
-122.998386,44.883782
-122.998357,45.289605
-122.998345,38.813634
-122.998318,45.310487
-122.998306,44.884163
-122.998305,47.049644
-122.998299,45.001744
-122.99819827021122,45.00548243501184
-122.998198,44.88492700000001
-122.998198,45.005482
-122.99818700000002,45.001953
-122.998177,45.003338
-122.998169,44.062256
-122.998126,45.002063
-122.997871,42.476355
-122.997729,38.477681
-122.997653,44.062087
-122.997634,38.503167
-122.997613,39.164479
-122.99761200000002,44.918259
-122.99757599771978,44.91819262483159
-122.997569,38.52274600000001
-122.997559,47.04858400000001
-122.997558,44.062213
-122.997546,38.502856
-122.997528,44.885456
-122.99748999999998,44.062229
-122.99744725168706,44.88510489442403
-122.997431,38.502556
-122.997429,45.003933
-122.997284,45.003605
-122.997276,39.164181
-122.997269,44.98925
-122.997254132638,44.98926043488984
-122.997223,38.52180900000001
-122.997192,38.502084
-122.997147,44.883362
-122.997118,44.918053
-122.997069,44.919038
-122.99703999999998,38.480339
-122.99702,38.480265
-122.997015,38.720283
-122.996983,44.919187
-122.996971,38.770138
-122.996902,45.005028
-122.996889,43.993366
-122.996857,46.099988
-122.9968249791956,45.00528931596276
-122.996822,45.005284
-122.996817,44.888255
-122.996813,38.769941
-122.99680352152347,38.769947290235656
-122.99680352,38.76994729
-122.996803,38.769947
-122.996732,38.480369
-122.99659,38.82653
-122.996579,38.826529
-122.99656748713018,38.82653117161357
-122.996433,45.00521
-122.99639582575324,44.8851692674404
-122.996338,42.281664
-122.99633,45.005394
-122.996328,45.277388
-122.996313,45.309614
-122.99606,38.501169
-122.995927,38.510941
-122.99591399999998,38.518241
-122.995868,45.007118
-122.99586200000002,38.405621
-122.995766,45.520151
-122.995742,45.538301
-122.995715,47.592916
-122.99568772257328,44.98690009095675
-122.99553751886845,39.15599226932928
-122.995535,38.476587
-122.995487,44.04587100000001
-122.995448,38.51092
-122.995411,44.986993
-122.995377,38.502468
-122.995351,38.502484
-122.995337,46.822544
-122.995312,38.330932
-122.99530148447516,38.330923318680135
-122.995263,39.159674
-122.995224,40.739098
-122.995213,45.537616
-122.995153,38.833279
-122.995143,38.767359
-122.995089,40.617518
-122.995076,38.502018
-122.995003,46.142368
-122.99493670404912,47.04726576782682
-122.9949367,47.04726577
-122.994919,38.501751
-122.99485087336063,42.28340506533488
-122.994498,38.502949
-122.994467,44.045869
-122.99435734690192,44.98507618882664
-122.994267,38.764454
-122.994194,44.891159
-122.994189,45.010221
-122.99418500000002,45.278926
-122.994156,45.009426
-122.994136,44.983791
-122.994126,44.950188
-122.994125,42.29097
-122.994125,47.047462
-122.994117,44.890888
-122.99409985483648,44.890877008224045
-122.994099,44.890877
-122.99408,42.47654
-122.994067,44.983614
-122.994048,42.298352
-122.994042,42.485212
-122.994042,44.983558
-122.994039,42.47652100000001
-122.994034,44.891266
-122.993958,44.983978
-122.993949,45.520139
-122.993874,38.768242
-122.993864,47.36999
-122.99376399999998,38.809368
-122.993685,39.40416
-122.993679,44.917034
-122.993626,44.062213
-122.993626,44.545993
-122.99360632837777,44.0622031686589
-122.993577,44.891547
-122.99354196,44.06205296
-122.9935419553614,44.06205296495408
-122.993541,44.062052
-122.99354,45.308424
-122.993527,39.15826
-122.993507,39.15823
-122.993432,38.334352
-122.993431,38.334412
-122.993414,46.09953400000001
-122.99339175165656,44.98421788194187
-122.993384,45.011681
-122.993276,44.891725
-122.993265,39.15805
-122.993265,46.141392
-122.99326300562385,44.891713857436685
-122.99326299999998,44.891713
-122.993103,38.720341
-122.993095,44.984548
-122.993092,38.720316
-122.993013,45.005183
-122.99300551355844,45.01153349854941
-122.993005,45.011533
-122.992991,44.981165
-122.99298405588628,44.98449683167941
-122.992976,40.619149
-122.9928982251978,45.58891653992849
-122.992898,45.588916
-122.992892,38.397531
-122.992852,38.498677
-122.992828,38.498692
-122.992748,44.891737
-122.992729,45.465013
-122.992674,45.462929
-122.992666,46.827005
-122.99263899999998,45.464991
-122.992624,44.980312
-122.992621,47.596976
-122.992577,44.045872
-122.992505,44.949296
-122.992473,38.765808
-122.99246907,38.76580596
-122.992404,38.500014
-122.992372,45.012762
-122.99237,44.892237
-122.99234032572272,44.98050570466528
-122.992287,46.764583
-122.99219012,44.98529077
-122.99216866434575,44.91666913011113
-122.99202,44.629626
-122.99201399999998,45.013417
-122.991907,38.500418
-122.99171805323128,45.58872342087942
-122.991708,38.720243
-122.9917,38.802057
-122.991671,44.892333
-122.991588,38.800265
-122.991586,45.494625
-122.9915249341822,44.97780203797828
-122.99152493,44.97780204
-122.991524,44.977802
-122.991515,38.76605900000001
-122.991508,38.765472
-122.991478,38.799839
-122.991439,38.335233
-122.99135327280528,44.95007872560048
-122.991348,38.79945
-122.99122452677256,44.91626143434089
-122.991216,38.498542
-122.991203,38.498589
-122.991177,45.453446
-122.991124,47.045306
-122.99111723841196,47.04531311966397
-122.991058,38.795681
-122.991051,45.53573400000001
-122.990962,45.510409
-122.990948,45.50472
-122.990936,44.986165
-122.990904,44.976368
-122.990904,45.51278
-122.990849,45.588139
-122.990822,43.323258
-122.990783,46.761615
-122.990778,45.016514
-122.990642,44.629632
-122.990585,45.517585
-122.990565,44.986675
-122.99055933893683,44.98666405656344
-122.990493,44.931815
-122.990483,44.944542
-122.99047350824836,44.944542646193774
-122.990473,44.936307
-122.990473,44.944542
-122.99046,44.947992
-122.990458,44.933723
-122.990433,45.016355
-122.990419,44.89301
-122.990417,44.946129
-122.990417,44.974876
-122.99041,44.93211
-122.990369,39.157074
-122.990352,44.973103
-122.99033,44.950083
-122.990325,44.953822
-122.99032330454357,44.95527148225329
-122.990323,44.955271
-122.99032,44.955277
-122.990311,44.96822
-122.990309,44.96801
-122.9903,42.300865
-122.990219,44.950075
-122.990189,44.9506
-122.990189,47.601109
-122.990186,44.920845
-122.9901731008387,44.920831918502216
-122.990173,44.920831
-122.990171,44.927922
-122.990159,44.974974
-122.99015,44.974991
-122.990149,44.987137
-122.990132,44.944934
-122.99013,44.945014
-122.99013,44.945017
-122.990128,44.939842
-122.990128,44.945412
-122.990125,47.601105
-122.990113,44.893161
-122.99010872782236,44.945400953078526
-122.990067,42.412495
-122.990067,44.918739
-122.990059,47.603072
-122.990033,44.95594000000001
-122.990028,44.968079
-122.990026,44.957584
-122.990025,44.970916
-122.990023,44.95071400000001
-122.9900229,44.95572209
-122.99002289713388,44.955722093367775
-122.990022,44.955722
-122.990021,44.960449
-122.989969,46.831023
-122.98995852411753,46.83101534821114
-122.98987269342904,43.322535753043525
-122.989859,45.518067
-122.989849,45.518846
-122.989838,45.51921
-122.98982978,44.92083192
-122.9898297780848,44.920831918502216
-122.989829,44.920831
-122.98981299999998,45.520118
-122.98980832,45.52012324
-122.989806,43.99042
-122.98979,44.920443
-122.989788,45.521341
-122.989733,42.304521
-122.989731,44.94949
-122.98972,42.30480900000001
-122.98970103205208,44.94934916474843
-122.989626,40.605468
-122.989619,38.502752
-122.989574,45.53459
-122.989505,45.307143
-122.989326,42.47654
-122.989314,45.296094
-122.989186,44.95025
-122.989145,44.915727
-122.98914313257698,44.915724992537896
-122.98906399999998,45.58773
-122.989022,38.507415
-122.988945,44.916286
-122.988914,44.916283
-122.988906,38.507324
-122.988905,45.52010900000001
-122.988814,44.545596
-122.988813,44.545482
-122.988772,42.309582
-122.98872,38.498866
-122.988645,46.098843
-122.988533,40.738524
-122.988524,44.915912
-122.98852086008554,44.91591811158697
-122.988422,38.39687
-122.988249,38.50229
-122.98811316,44.9153173
-122.9881,45.307074
-122.988085,45.53745
-122.98806299999998,44.915401
-122.988039,39.89124
-122.98793,44.62963900000001
-122.98788,44.629634
-122.98774,44.989792
-122.987648,44.98981
-122.987621,47.043137
-122.98748700000002,46.13783
-122.987457,46.137798
-122.987439,38.763124
-122.987381,41.639152
-122.987373,42.412227
-122.98736214579112,44.91096138932748
-122.987325,45.445697
-122.98721100000002,44.990313
-122.98719048441416,44.91145491578621
-122.987186,38.76321
-122.987131,44.629647
-122.986922,44.913768
-122.98685,44.909218
-122.986818,44.909112
-122.986786,38.98901
-122.986664,38.988877
-122.986461,46.098566
-122.986313,40.371788
-122.986304,44.896466
-122.98626780451303,44.91475939729255
-122.986244,38.719261
-122.986231,44.914841
-122.9862248891688,44.91484522798101
-122.986224,44.914845
-122.986212,45.520084
-122.986048,38.764276
-122.986028,44.906505
-122.985998,39.115326
-122.985947,44.896956
-122.98591,38.509915
-122.985851,38.509956
-122.985745,44.991959
-122.985497,44.06448
-122.985368,44.897117
-122.985353,46.098494
-122.985312,45.442911
-122.98528799999998,46.098418
-122.985258,45.442928
-122.985024,45.442658
-122.984998,39.894415
-122.984911,38.718173
-122.984799,44.993021
-122.984722,44.900718
-122.984637,45.44187
-122.984618,45.58580900000001
-122.984617,45.44207
-122.98461,38.512283
-122.984538,38.761966
-122.984448,45.028211
-122.984302,38.512227
-122.984266,38.736148
-122.98405,45.028213
-122.983891,42.314891
-122.9838430875636,45.34640192963912
-122.983843,45.346401
-122.98381299999998,38.98915
-122.983758,45.44116500000001
-122.983749,38.989128
-122.983699,42.315083
-122.983646,42.315124
-122.983463,45.346801
-122.98343539179332,44.99449610688689
-122.98343539179332,46.84189438797549
-122.983435,44.99449600000001
-122.983263,38.514841
-122.98317,38.734192
-122.983158,44.91391
-122.983146,43.987649
-122.983143,38.522256
-122.983122,38.987789
-122.983101,38.515099
-122.98304,42.31546
-122.983009,38.98876
-122.983005,40.738706
-122.982957,45.300251
-122.982865,38.763935
-122.982803,38.5241
-122.982785,44.995169
-122.98273,38.337189
-122.982634,38.526847
-122.982449,40.738965
-122.98242688120372,44.913579225326
-122.982239,44.629636
-122.982231,39.163169
-122.981912,38.526963
-122.98183,45.306501
-122.981815,38.714535
-122.981534,45.306351
-122.981421,38.510733
-122.981315,46.746235
-122.981306,45.034064
-122.981172,46.845703
-122.980991,48.043713
-122.980957,38.527828
-122.980922,45.584674
-122.980893,38.406089
-122.980893,47.37497800000001
-122.98077,45.035085
-122.980727,41.588864
-122.980589,46.66803400000001
-122.980475,38.776159
-122.980424,46.133502
-122.98037,38.353065
-122.980366,38.518357
-122.980349,45.035082
-122.980263,40.74033
-122.980151,47.274479
-122.98010945261488,44.99747872331143
-122.980103,41.826611
-122.980088,46.66655
-122.98008,38.760338
-122.98001200000002,38.524768
-122.979932,40.370591
-122.9799,46.670797
-122.979881,38.760278
-122.979881,46.670795
-122.97987341822156,38.760269880109966
-122.979761,38.519031
-122.979607,38.760193
-122.9795,38.51923
-122.979413,46.098062
-122.979383,46.664199
-122.979287,39.41996
-122.979277,39.354484
-122.979217,41.826695
-122.979096,42.476514
-122.97895,42.316554
-122.978879,38.520326
-122.978869,38.51987800000001
-122.978811,39.420001
-122.97881,45.037937
-122.978727,45.038089
-122.978683,48.04646
-122.978383,38.519534
-122.97837138117325,38.51953625660649
-122.978371,38.519539
-122.978322,45.343203
-122.97832,38.337221
-122.978275,46.132159
-122.97818,46.660328
-122.978065,38.712581
-122.978064,46.741677
-122.97806,46.673039
-122.9780280584193,46.851400136724216
-122.97789931238655,46.67300105072654
-122.977815,46.851294
-122.97781348169812,46.85129284836362
-122.977749,46.131838
-122.977623,40.741857
-122.977486,46.852303000000006
-122.977482,38.519557
-122.977467,38.71856500000001
-122.97746200000002,46.741404
-122.977432,38.337132
-122.977182,47.376831
-122.977036,46.727707
-122.97703,46.727651
-122.977021,38.337087
-122.976999,38.337761
-122.97699809,46.66077018
-122.976974,46.726261
-122.9769,39.165723
-122.976858,46.727673
-122.976844,46.723801
-122.976753,39.165779
-122.976659,43.984955
-122.976658,46.720991
-122.976597,45.21108
-122.976547,44.061037
-122.97654,46.721191
-122.976526021371,44.91186261155647
-122.97648310602676,45.00458121278284
-122.976482,45.00458
-122.97644,46.729826
-122.97643,45.004728
-122.976427,44.061021
-122.9764187330104,44.06102299669237
-122.976344,45.582957
-122.976293,45.01767
-122.976291,38.712215
-122.97628,38.712231
-122.976253,38.713421
-122.976173,46.718151
-122.97616124094498,46.71801924683229
-122.976151,45.005524
-122.97613978,46.71686053
-122.976083,45.020046
-122.976082,45.020031
-122.976072,45.00918
-122.976026,46.716845
-122.976007,45.020904
-122.975955,38.759234
-122.975952,46.675194
-122.975882,44.91154
-122.975879,43.98463
-122.975861,46.732091
-122.975856,45.212128
-122.975842,46.713966
-122.975798,38.520253
-122.975777,45.022678000000006
-122.975766,45.006819
-122.975747,45.022664
-122.975717,46.712977
-122.97571062983047,44.91149783113045
-122.97569,38.759132
-122.975632,46.73229600000001
-122.975596,46.675465
-122.975591,45.044711
-122.975581,47.377299
-122.975534,46.712994
-122.975485,46.711499
-122.975432,46.712163
-122.9754102224208,46.733747720495536
-122.97536730707655,46.732760667578056
-122.97531399999998,38.410352
-122.97526,46.654638
-122.975183,46.09675900000001
-122.975173,46.855719
-122.975027,47.277043
-122.974887,45.34174
-122.97487378061784,45.04603743531682
-122.974873,45.046037
-122.974851,46.09652
-122.974768,45.020041
-122.97474503458513,44.54506516435363
-122.974745,44.545065
-122.974649,40.616984
-122.974623,45.582323
-122.974605,40.616772
-122.974379,45.214209
-122.974358,40.369616
-122.974312,45.435459
-122.974269,46.707959
-122.97425150812636,38.437932729537785
-122.974245,46.653811
-122.974213,45.025242
-122.974181,42.476509
-122.974174,47.377644
-122.97414421976578,45.58185696580132
-122.974144,45.581864
-122.974105,45.30031
-122.974099,45.046627
-122.97407984674942,45.04661679246403
-122.974079,45.046616
-122.974031,38.77324
-122.973953,45.517421
-122.973938,38.758572
-122.973898,38.047817
-122.973862,38.34547
-122.973855,45.518716
-122.973793,46.705898
-122.973722,46.70633400000001
-122.9737150663234,46.70585274674079
-122.973669,40.7461
-122.97364,38.77535
-122.97362923563492,41.41166567782683
-122.97345757425798,46.09615445115042
-122.973457,46.096154
-122.973452,38.77431
-122.973365,45.318127
-122.973363,45.317393
-122.973258,40.369215
-122.973216,44.970061
-122.973203,46.858993
-122.973195,38.407406
-122.973175,38.75761
-122.972977,45.027077
-122.97293700000002,44.629814
-122.972929,45.049616
-122.97289967478288,46.67832255341207
-122.97274,45.049572
-122.972603,45.051022
-122.972596,48.048698
-122.972553,38.987566
-122.972549,48.04871
-122.97253489435684,38.75670790653822
-122.972527,38.757008
-122.972484,45.049693
-122.972435,46.679219
-122.97242760599626,46.679202317968944
-122.972427,38.756912
-122.972359,38.756535
-122.972359,46.703136
-122.972357,38.981546
-122.972343,38.981468
-122.972321,38.981449
-122.972305,45.217024
-122.972262,45.346845
-122.97226,38.770901
-122.97226,45.028141
-122.97213700000002,38.433777
-122.972128,38.756594
-122.972019,38.068482
-122.972001,42.315495
-122.971992,38.770741
-122.971962,40.368012
-122.971802,38.347
-122.971786,38.346977
-122.971774,38.433616
-122.971759,45.288739
-122.971732,46.863381
-122.97168,46.652109
-122.97165512979996,46.7002308366456
-122.971642,38.498411
-122.97146200000002,44.629984
-122.971448,46.69914
-122.971371,45.029329
-122.97135472239027,45.05247473695253
-122.97133326471818,45.049685239577045
-122.971326,45.04962800000001
-122.971291,45.05122
-122.971199,42.315236
-122.971061,46.68464
-122.970993,47.27869000000001
-122.970775,46.685438
-122.97073244989885,46.12752556778847
-122.97069,44.060037
-122.97064661921036,46.866635083928735
-122.970604,42.412254
-122.970551,43.98241
-122.97049641550556,40.62026381473245
-122.970496,40.620263
-122.970457,44.383239
-122.9704320424892,45.05348324754213
-122.97043204,45.05348325
-122.970432,45.053483
-122.97041058481707,44.05984282472582
-122.97041058,44.05984282
-122.97041000000002,44.059842
-122.970376,45.053592
-122.97036766947284,46.09473824479058
-122.970239,45.434614
-122.970225,38.710078
-122.970196,46.096068
-122.970077,43.982177
-122.970009,45.572712
-122.969922,46.691181
-122.969889,38.432975
-122.969846,45.054574
-122.969737,47.279039
-122.96965,42.476504
-122.96963999999998,45.054955
-122.969635,46.096123
-122.96959,45.208907
-122.969505,47.044102
-122.969446,44.96987100000001
-122.969353,45.331913
-122.96886563,46.09701276
-122.968682,41.63637
-122.968608,42.412413
-122.968595,45.228066
-122.96857,45.032306
-122.968544,47.042526
-122.9683,45.208747
-122.968253,46.873198
-122.968195,45.579654
-122.968191,39.165084
-122.968071,45.229155
-122.968063,45.579861
-122.968043,45.579845
-122.967889,46.875263
-122.967878579507,46.875261068120594
-122.967853,39.164956
-122.96785,45.579426
-122.967828,46.875445
-122.967211,45.033867
-122.967199,45.059465
-122.96719193399922,38.991562127881096
-122.967191,38.991562
-122.967155,38.751281
-122.96714,38.993982
-122.966836,42.31393900000001
-122.966797,42.31395
-122.966795,46.649736
-122.966783,38.765965
-122.966752,38.784986
-122.966645,46.099429
-122.96663403,38.25047851
-122.966579,38.980625
-122.966576,38.751513
-122.96656966150776,38.980618715100384
-122.966569,38.980618
-122.966454,38.781109
-122.966332,40.738322
-122.966289,46.095201
-122.966185,45.034958
-122.966162,38.550334
-122.966079,45.062347
-122.966026,38.508991
-122.966012,43.982509
-122.965953,38.251481
-122.965847,38.24997800000001
-122.965836,45.674473
-122.965801,38.497059
-122.96578999999998,38.497059
-122.965782,38.246675
-122.96553,38.507549
-122.965386,38.074412
-122.965184,44.908265
-122.965019,38.783661
-122.964909,38.783697
-122.964906,46.64882
-122.96489596308248,46.095145940560855
-122.964895,46.095145
-122.964793,42.476754
-122.964773,45.354336
-122.964472,45.036825
-122.964435,39.165724
-122.964434,45.300784
-122.96442389,47.04125762
-122.964317,39.16581
-122.96425,42.47692
-122.964138,38.506567
-122.96411100000002,38.506561
-122.964082,42.476981
-122.963908910165,46.64834618546177
-122.96390891,46.64834619
-122.96388799999998,45.291019
-122.963844,43.979618
-122.963821,38.695193
-122.96376,38.69521
-122.963685,38.507702
-122.963603,39.166235
-122.963588,45.346929
-122.963522,45.049584
-122.963496,42.412422
-122.963486,46.094894
-122.963456,45.037899
-122.963448,43.97942000000001
-122.963445,46.094983
-122.963382,43.979418
-122.963296,39.173994
-122.962959,39.166664
-122.96287,45.577911
-122.962749,45.346429
-122.96266436518208,46.12261176087321
-122.962654,38.394628
-122.962601,46.103867
-122.962556,45.346324
-122.962544,44.907464
-122.96253561914938,45.34631609895065
-122.962535,45.346316
-122.962426,43.979028
-122.96241100000002,45.03905
-122.962359,46.89235
-122.9623210424282,47.040807008518975
-122.96223700000002,45.300383
-122.962191,38.42537
-122.962122,38.426013
-122.962118,40.736401
-122.962069,38.487168
-122.96201299999998,46.895065
-122.962001,45.234762
-122.96195626200216,38.48593354206807
-122.9619348,46.1045444
-122.961902,44.544878
-122.96183899999998,38.503687
-122.961808,45.34548
-122.961792,44.630143
-122.96176314295307,38.24977040272594
-122.96173,46.893369
-122.961667,46.89356400000001
-122.961624,38.505901
-122.961594,48.050289
-122.961575,38.426995
-122.961517,38.493881
-122.961492,38.505887
-122.961487,38.505878
-122.961441,38.493788
-122.961433,46.894436
-122.961342,38.348962
-122.961327,38.348969
-122.961302,38.426199
-122.96112,38.492282
-122.96108999999998,38.492531
-122.961054,45.506733
-122.96096920908468,45.57694315888607
-122.960916,46.094744
-122.960831,46.896275
-122.960823,38.505831
-122.960794,45.41885900000001
-122.960793,38.50584
-122.960782,45.302004
-122.96076200000002,45.418529
-122.96075463236348,46.89633250214151
-122.960744,45.30037700000001
-122.960689,45.040945
-122.960682,46.896601
-122.960674,45.418321
-122.960671,38.49078400000001
-122.960601,45.290863
-122.960584,38.993192
-122.960518,38.491426
-122.96043799999998,46.898288
-122.960386,45.290843
-122.960292,40.625103
-122.96019,40.735372
-122.960169,38.493853
-122.959923,47.28215
-122.959878,45.411391
-122.959691,45.042003
-122.95967,44.630154
-122.95967,47.627346
-122.959661,45.07355
-122.95953154505273,44.54489350297668
-122.959427,44.04578
-122.959377,42.480341
-122.959316,38.425329
-122.959305,46.896526
-122.95918600000002,44.381654
-122.959092,46.645985
-122.959076,44.906445
-122.959004,46.107784
-122.958992,46.645824
-122.95898400000002,38.423346
-122.95898400000002,38.698121
-122.95898400000002,45.073787
-122.95898400000002,45.074302
-122.95898400000002,46.094563
-122.95898400000002,46.901335
-122.958968,38.687197
-122.958941,42.420548
-122.958917,45.302692
-122.958861,42.320012
-122.95881,38.425149
-122.958727,45.300363
-122.958672,38.422039
-122.958638,42.423235
-122.95861399999998,42.423069
-122.95858,44.948921
-122.958505,47.628146
-122.958458,44.630162
-122.958404,46.094412
-122.958343,42.320652
-122.958277,42.32072700000001
-122.958102,47.626424
-122.957899,42.321092
-122.957703,42.420878
-122.9576861852505,42.42086291292944
-122.957631,46.119534
-122.957618,38.400164
-122.957223,41.578601
-122.957217,45.076062
-122.957039,47.380058
-122.957024,38.422791
-122.956987,38.422767
-122.956755,45.076037
-122.956718,38.423116
-122.956599,38.74551500000001
-122.956574,43.304887
-122.95657038630029,43.30487608888957
-122.956528,42.427157
-122.956448,38.421706
-122.956272,46.401999
-122.956043,46.905692
-122.955932,44.630176
-122.955926,39.172584
-122.955769,42.41985
-122.955686,39.172847
-122.955596,46.402001
-122.95558,42.32228900000001
-122.955569,45.30377
-122.955368,41.631798
-122.955331,45.504415
-122.955275,45.046902
-122.955274,38.421985
-122.955254,44.544979
-122.955237,38.99409
-122.95519709528467,44.5449149606488
-122.955191,45.046879
-122.95517563761256,45.04687428452946
-122.955154,42.322495
-122.954902,39.092074
-122.954593,42.4841
-122.95458899999998,38.74265
-122.954588,43.975718
-122.954573,38.50606
-122.954439,39.065751
-122.954413,40.624407
-122.95440316141628,40.62440514545143
-122.95438170374416,45.30408740022038
-122.954271,38.41988900000001
-122.954058,46.909387
-122.954041,45.299561
-122.953995,38.086226
-122.953979,46.72015
-122.95386,46.909318
-122.953823,46.739692
-122.953818,44.630139
-122.95350194,44.54504371
-122.953409,45.079318
-122.953258,42.410009
-122.953096,46.642999
-122.953077,45.298924
-122.952988,44.62999
-122.952984,44.62999
-122.952761,38.476063
-122.952728,38.476051
-122.952681,45.049651
-122.952631,42.485677
-122.952411,46.093947
-122.952359,44.629797
-122.952233,38.701028
-122.951996,43.974686
-122.951949,44.62964
-122.951822,40.742162
-122.951749,45.241737
-122.951732,44.629544
-122.951721,38.41679
-122.951691,46.146885
-122.951683,46.146889
-122.951535,45.296829
-122.951485,45.573624
-122.951233,44.629292
-122.951194,44.629274
-122.951156,45.051296
-122.951149,47.38123
-122.951028,44.544978
-122.951019,46.11602
-122.95063799999998,46.116489
-122.95058369577907,44.62930798509296
-122.950583,44.628856999999996
-122.950583,44.629307
-122.950575,42.41556
-122.950555,40.738285
-122.950478,38.301777
-122.950458,39.174941
-122.95045494974636,44.62885737397848
-122.950367,45.29467800000001
-122.95036100000002,44.629317
-122.950275,39.80020800000001
-122.950203,38.411461
-122.95016499999998,45.082489
-122.95012,46.640769
-122.950023,38.695771
-122.950007,46.915692
-122.949979,38.741749
-122.949976,46.916148
-122.949975,45.381016
-122.949924,42.487785
-122.949761,39.069658
-122.949695,45.052844
-122.949683,46.916228
-122.94967,45.293512
-122.949593,45.385471
-122.949533,39.046769
-122.94946000000002,46.64022
-122.94938,40.648402
-122.949279,38.502576
-122.949272,38.410356
-122.94923,38.584746
-122.949226,38.584801
-122.948928,42.323857
-122.948742,38.74032800000001
-122.948634,38.40939
-122.948551,40.641173
-122.948325,42.48905300000001
-122.948271,42.40822
-122.948219,45.290029
-122.948204,45.291155
-122.94820189417383,45.2900326249824
-122.94813752115748,42.40815997103496
-122.94813700000002,42.40815900000001
-122.94796,38.40834
-122.947799,42.413315
-122.947762,38.406094
-122.947593,44.626364
-122.94754,38.407415
-122.947537,38.406817
-122.947511,45.448982
-122.94751,45.448978
-122.94746,38.408619
-122.947449,38.40871
-122.947303,40.726641
-122.947179,46.638322
-122.947146,38.50229
-122.947141,47.03547800000001
-122.9471290105679,47.035464048161344
-122.947008,45.300581
-122.94696100000002,45.289023
-122.94696,40.650009
-122.946929,39.174257
-122.946907,46.403118
-122.94688,45.306394
-122.94682860315822,45.16643643357675
-122.946828,45.166436
-122.946758,38.406198
-122.946729,42.490076
-122.946447,40.735889
-122.94633,40.638408
-122.946317,42.427967
-122.946254,38.407822
-122.946088,45.056897
-122.94601321,45.16562104
-122.945869,42.345379
-122.945847,45.3134
-122.945847,45.396157
-122.945738,45.392755
-122.945613,45.28689
-122.945563,45.306913
-122.945358,45.571323
-122.945291,38.736741
-122.945285,45.286162
-122.945262,40.728868
-122.945193,43.299587
-122.94516000000002,45.08789
-122.945117,45.243938
-122.945096,38.250801
-122.945061,44.624156
-122.945027,38.734042
-122.944951,45.501848
-122.944939,45.28482
-122.944923,42.490823
-122.944922,45.284122
-122.944871,45.283008
-122.944853,45.280033
-122.944793,42.490763
-122.944756,45.278589
-122.944706,44.381187
-122.94470429361844,44.381171464708416
-122.944684,45.08789
-122.94467,45.277884
-122.9446613782742,45.27788758256303
-122.944661,45.277887
-122.944553,45.058876
-122.94446825922516,38.734456300550775
-122.94427514017607,43.971544503955975
-122.944236,45.393065
-122.944095,45.273154
-122.944082,38.73240300000001
-122.943997,40.72882
-122.943978,45.088587
-122.943978,47.634363
-122.9439532750943,44.90130543687391
-122.943943,40.732099
-122.94393,45.059664
-122.943802,44.045731
-122.943748,45.270409
-122.943713,44.622172
-122.943672,46.115883
-122.943638,40.732743
-122.943621,45.16554
-122.943597,40.678273
-122.943595,40.672147
-122.943484,45.268319
-122.943457,40.666956
-122.943404,42.407045
-122.943396,45.267588
-122.94338700000002,42.408131
-122.94333600000002,42.405972
-122.943313,45.26697
-122.943292,42.407086
-122.943275,46.933593
-122.943234,40.72974
-122.94306,46.933593
-122.943013,38.505874
-122.94299,38.73034000000001
-122.942968,42.406151
-122.942912,40.733818
-122.94285893381624,42.40577816942975
-122.94276,45.392844
-122.942738,45.037547
-122.942726,38.248883
-122.942707,38.24504500000001
-122.942702,40.71285
-122.942701,45.245248
-122.94268727243929,45.24525046326997
-122.94266581476715,45.18770098664671
-122.942665,45.1877
-122.94259,39.051305
-122.942574,40.726942
-122.942567,40.733921
-122.942562,45.261172
-122.9424941533902,44.89967465379285
-122.942464,42.428121
-122.942448,42.405556
-122.942446,45.260275
-122.942443,42.326286
-122.942429,44.900471
-122.94241,40.665314
-122.942389,45.257726
-122.942382,45.257007
-122.942366,45.258102
-122.94236540735749,45.25771737077113
-122.942365,45.257717
-122.942356,43.299941
-122.942355,45.258274
-122.942339,38.731007
-122.942158,42.405077
-122.942102,45.246205
-122.942026,45.247493
-122.942017,46.895908
-122.942014,45.307974
-122.94197,45.50165
-122.941969,39.173184
-122.941963,45.501598
-122.941904,46.938257
-122.941902,42.405258
-122.941845,44.619317
-122.941827,38.50472
-122.94166,40.732464
-122.94163584650543,38.50507378559825
-122.941625,43.300042
-122.94161499999998,44.056553
-122.941525,40.734542
-122.94149,46.939678
-122.941465,42.327078
-122.941422,46.126499
-122.941397,40.737949
-122.94138,43.970471
-122.941336,40.734413
-122.941284,40.651566
-122.941068,45.403562
-122.941054,40.355475
-122.941045,40.625881
-122.941034,40.651482
-122.941017,45.063509
-122.941014,39.172909
-122.94101357401398,44.89967465379285
-122.940987,45.194792
-122.940945,42.403106
-122.9409062856534,44.89963173844862
-122.940872,42.404968
-122.940836,47.032524
-122.94079,38.497984
-122.940733,40.733323
-122.940697,40.73324
-122.94066399999998,42.397271
-122.940641,40.365409
-122.940542,46.090009
-122.940534,45.19666
-122.940521,40.732769
-122.940521,43.97015
-122.940517,40.734427
-122.940515,40.732757
-122.940468,38.50405900000001
-122.940425,43.970122
-122.940372,38.994978
-122.940361,47.032257
-122.940353,47.639229
-122.940323,38.503933
-122.940312,44.05602
-122.94030547083406,44.05602335908864
-122.94030547083406,44.056216478137706
-122.940305,44.056216
-122.940276,40.665964
-122.940258,40.732078
-122.940112,42.490991
-122.940091,45.387828000000006
-122.939995,47.639643
-122.939912,40.731155
-122.9398977750638,44.05585169771168
-122.939751,40.73291500000001
-122.939651,40.650862
-122.939617,45.392488
-122.939575,40.651283
-122.93957,46.945513
-122.939544,40.730131
-122.93943,38.503377
-122.939429,38.585507
-122.939426,38.496012
-122.939378,40.736926
-122.939332,40.651257
-122.93929696024443,42.40451216677472
-122.939257,46.631744
-122.93925404490022,46.63173794724163
-122.93923999999998,40.72261500000001
-122.93914675653966,42.404447793758365
-122.939133,40.651299
-122.939105,40.730174
-122.939019,40.729313
-122.938963,39.055583
-122.93891072214632,46.94770216919447
-122.938794,45.50133
-122.93873906076936,46.94894671417738
-122.93873906,46.94894671
-122.938684,38.462745
-122.93868,45.094265
-122.938667,47.641102
-122.938604,39.172072
-122.938593,42.49098400000001
-122.93858600000002,46.948811
-122.938566,40.651349
-122.93846011103182,40.68167567233713
-122.938384,45.094099
-122.938297,46.630679
-122.93828844965486,46.63066506363568
-122.93821,45.309166
-122.938159,45.206524
-122.938134,45.208568
-122.938121,38.679473
-122.938118,40.612831
-122.938117,43.299739
-122.938115,40.61286
-122.9380953306058,40.61286091785138
-122.938004,43.969231
-122.937928,43.9692
-122.937877,38.679118
-122.93785929621248,38.241745233353406
-122.937838,45.067636
-122.93775201,45.20821452
-122.93773,39.795187
-122.93773,45.400253
-122.937726,40.651482
-122.937653,46.952831
-122.937623,46.952745
-122.937567,45.067954
-122.937537,44.610978
-122.937531,45.429951
-122.9375159734586,44.61096167543121
-122.937487,46.089441
-122.93742,46.95274600000001
-122.937399,44.610687
-122.937393,46.950642
-122.937253,45.309477
-122.937247,41.541176
-122.937146,40.728005
-122.937146,45.068359
-122.936958,40.624665
-122.936898,38.675149
-122.93689,40.729491
-122.936852,38.309052
-122.936829,38.309032
-122.936821,46.629902
-122.93636200000002,42.402212
-122.93635725916415,42.40221619585799
-122.936357,42.402216
-122.936331,46.957223
-122.936287,46.12542
-122.93626100000002,38.672832
-122.936231,40.72743
-122.936211,47.29258
-122.936203,38.65485
-122.936172,47.0299
-122.93616414011508,42.40208744982528
-122.93616414,42.40208745
-122.936143,42.331842
-122.936133,42.49107100000001
-122.93611,39.170807
-122.93603539408235,46.95742249466439
-122.936029,40.722898
-122.935954,46.089142
-122.935918,40.729171
-122.935788,45.069395
-122.935768,44.63018
-122.935663,42.491136
-122.935662,45.399916
-122.935654,44.054043
-122.935568,38.99574000000001
-122.935558,38.502837
-122.93551,45.310031
-122.935496,44.605953
-122.935494,40.731058
-122.935424,38.408049
-122.93509,39.792999
-122.93502688349278,42.49124407747989
-122.935026,42.491244
-122.934998,39.051098
-122.934966,42.401179
-122.93496100000002,40.720846
-122.93491000000002,45.395437
-122.934877,46.08893
-122.934799,38.725436
-122.934761,42.323608
-122.934746,40.36676
-122.934713,40.726491
-122.93466210306676,44.60370898225497
-122.934587,38.418663
-122.934577,38.407785
-122.934532,40.726375
-122.934509,38.40778
-122.934393,38.41646
-122.934384,42.42844
-122.9343831533292,42.42843747118745
-122.93438,42.42847800000001
-122.93437,38.169421
-122.934361,47.029339
-122.934267,42.49143
-122.934147,41.63955900000001
-122.934066,42.390136
-122.93391499999998,40.652432
-122.933853,38.391541
-122.933836,44.379008
-122.933816,46.088734
-122.93379,40.722096
-122.933746,46.626888
-122.933495,46.96693
-122.933441,38.381748
-122.933403,44.92701
-122.933396,40.728437
-122.933376,40.731385
-122.933327,42.3894
-122.93332,46.96676
-122.933296,42.389373
-122.933289,38.65189
-122.93325,38.65188
-122.933202,44.599845
-122.933149,38.65182100000001
-122.933128,39.040471
-122.933037,46.626411
-122.93298840464146,47.02868342377172
-122.932945,43.967365
-122.932942,38.99542
-122.932918,40.734566
-122.932911,40.72554
-122.932705,39.050101
-122.932663,45.478291
-122.932401,38.668658
-122.932381,45.100493
-122.932353,38.390024
-122.932312,47.651878
-122.93228030146152,42.33509659746964
-122.93228,42.335103
-122.932262,38.389515
-122.932246,46.97042
-122.93217301310094,45.56634306885926
-122.93206,45.469452
-122.932059,39.050071
-122.932049,45.469502
-122.931979,45.100411
-122.931954,40.716121
-122.931931,39.064709
-122.931818,39.061749
-122.931815,39.069569
-122.93163,38.390037
-122.93161511362584,39.0474808214233
-122.93150782526529,46.08830094315486
-122.931411,39.06615
-122.93140053690466,39.04685854893185
-122.931386,38.431402
-122.9313361638883,44.04784798601128
-122.931279,42.492497
-122.931277,43.296393
-122.931276,38.380372
-122.931189,46.974653
-122.931107,39.056969
-122.931056,38.429585
-122.931035,39.212034
-122.931015,39.053039
-122.93101429880652,39.05303835850213
-122.931014,39.053038
-122.930926,45.500544
-122.930913,45.50039500000001
-122.930878,38.66658
-122.93087,44.04568
-122.93084263742956,45.072988271498325
-122.930841,45.07299
-122.93082,38.506156
-122.930798,39.076735
-122.93073534906895,46.975725888981934
-122.930597,45.399221
-122.930539,45.565759
-122.930504,38.325001
-122.930406,38.506645
-122.93034911097082,45.56542038895814
-122.930269,45.399551
-122.930243,40.736316
-122.930172,46.97642000000001
-122.930164,45.073474
-122.92986100000002,45.565216
-122.929645,40.722634
-122.929559,39.167207
-122.929544,40.367654
-122.929528,39.079666
-122.929522,40.723041
-122.929482,38.510705
-122.929443,38.476189
-122.929352,38.508202
-122.92934,38.508013
-122.92933899999998,40.722662
-122.92929,39.082611
-122.929158,42.340525
-122.929036,40.737448
-122.929024,40.722001
-122.92901100000002,38.437369
-122.928835,38.50833
-122.928815,40.69643
-122.92880415857826,39.082478284649454
-122.928793,40.69544000000001
-122.928674,43.965771
-122.92861,45.311917
-122.928602,47.026305
-122.92856,44.630358
-122.928448,40.720794
-122.928427,39.791231
-122.928324,38.324365
-122.928237,44.544987
-122.928207,38.509041
-122.928205,40.720285
-122.928066,45.311996
-122.928041,45.165174
-122.927971,38.323921
-122.927911,40.719696
-122.927905,39.166365
-122.92790293634926,47.02608704544532
-122.9279,47.026091
-122.927879,38.66223400000001
-122.927811,38.406368
-122.927811,45.565578
-122.92778,38.091209
-122.927778,38.406418
-122.927709,38.993321
-122.92768999999998,40.720264
-122.927667,38.320312
-122.927609,38.993438
-122.927547,45.075203
-122.927527,38.653996
-122.927511,39.049101
-122.927377,38.419185
-122.92719,42.382927
-122.927183,40.736303
-122.927156,39.084904
-122.927156,40.739211
-122.927135,46.087614
-122.926997,40.654683
-122.926992,45.072941
-122.926986,46.980892
-122.926932,40.717657
-122.926915,39.165862
-122.926849,39.16585900000001
-122.92681,42.382521
-122.926468,46.981037
-122.92646527231727,45.49993157365083
-122.926353,38.377979
-122.926283,39.085856
-122.926207,45.56384600000001
-122.926178,43.964754
-122.92617,39.084148
-122.926132,38.50642
-122.926081,45.563798
-122.92607903421911,45.56312441804141
-122.925758,38.44759000000001
-122.925745,38.447552
-122.925733,42.340782
-122.925728,38.31834
-122.925728,39.16526500000001
-122.92560696543252,39.03563618641359
-122.925606,39.035636
-122.925491,42.494839
-122.9254567617277,42.494848966395885
-122.925377,45.563534
-122.925265,38.508896
-122.925242,46.087076
-122.925209,42.394343
-122.925183,47.657135
-122.925172,44.377125
-122.925088,47.790414
-122.925053,39.034673
-122.92498799999998,44.587616
-122.92498799999998,47.790569
-122.924972,39.156708
-122.924911,45.564079
-122.9249,38.117363
-122.924896,40.704941
-122.924867,39.03471500000001
-122.924843,45.07694
-122.924775,40.713249
-122.924745,45.563299
-122.924729,45.563571
-122.9247057432035,45.56357502915591
-122.924703,44.58733
-122.924662,39.037705
-122.924656,43.964137
-122.924643,38.476251
-122.924543,40.743678
-122.924461,38.216
-122.9244,38.50901
-122.924394,39.049043
-122.9243624204496,46.89871430374671
-122.924265,44.586896
-122.924197,42.340789
-122.924166,39.082837
-122.924042,39.033272
-122.92374014795816,44.88767981507832
-122.92363600000002,42.392798
-122.923631,46.984909
-122.923516,39.272362
-122.92350411356485,39.08589005451638
-122.923502,39.085893
-122.923469,38.402714
-122.92335390986,44.8875510690456
-122.923334,39.16404
-122.923317,41.565601
-122.923307,38.218077
-122.923302,43.783562
-122.92328899999998,39.049038
-122.923264,47.02571500000001
-122.923214,40.715859
-122.922813,38.356147
-122.922747,45.562552
-122.92269,45.562813
-122.922663,44.585302
-122.922625,39.859872
-122.922507,44.045662
-122.922499,38.508896
-122.92247415,46.98598266
-122.92247414530314,46.98598265625482
-122.92226200000002,43.963166
-122.922119,38.654758
-122.922102,39.030832
-122.92204499186076,38.71713995915071
-122.922028,38.717113
-122.921921,47.026142
-122.921799,38.317278
-122.921752,44.886391
-122.921737,45.164429
-122.921694,38.71637
-122.921684,38.716366
-122.92168021143472,38.71636748295442
-122.921618,40.656764
-122.921561,38.50947100000001
-122.921549,46.9871
-122.921432,38.30604500000001
-122.921371,46.486226
-122.921278,38.354578
-122.92119,40.747823
-122.921167,42.391357
-122.921135,42.390947
-122.921118,46.486012
-122.920978,44.583202
-122.920937,39.163364
-122.920908,39.163195
-122.920869,47.308267
-122.920835,38.200393
-122.920813,39.163239
-122.920806,45.312795
-122.920759,43.962548
-122.920637,38.653543
-122.92052,38.502911
-122.920486,38.356991
-122.920456,38.356991
-122.920453,38.35374
-122.92043566645182,38.35699439030478
-122.92039275110758,41.84141993502692
-122.920392,41.841419
-122.920374,39.152194
-122.920294,38.713012
-122.92026400507488,45.56162238099307
-122.920237,42.340812
-122.920091,44.885206
-122.92003,46.615831
-122.919903,44.045654
-122.919884,39.150018
-122.919855,42.390374
-122.919823,44.884907
-122.919781,39.149588
-122.919769,38.40316
-122.919678,38.713329
-122.91966319025556,44.88525509812887
-122.919638,42.389844
-122.919542,46.989801
-122.919502,38.509102
-122.91935,44.884583
-122.919298,38.65238
-122.919182,45.112999
-122.918991,45.593668
-122.918802,38.373987
-122.918662,44.579981
-122.918508,39.062716
-122.91848302,47.02563643
-122.918483018289,47.02563643433081
-122.918483,47.025636
-122.918461,39.089039
-122.918455,38.713888
-122.918411,38.713158
-122.91835,47.31089
-122.918327,39.063806
-122.918231,39.061599
-122.91822552622357,47.025851011052005
-122.918196,43.296154
-122.91813,38.193644
-122.918091,40.769389
-122.918074,40.769256
-122.9175,45.082371
-122.917456,46.992274
-122.917454,38.714501
-122.917423,45.115235
-122.917324,45.560513
-122.917303,45.16379600000001
-122.917265,46.992205
-122.917235,45.314097
-122.917213,46.613901
-122.91719555796185,39.02336239796151
-122.917143,42.498202
-122.917085,45.11505800000001
-122.917018,45.161308
-122.916874,38.50692700000001
-122.916761,46.212789
-122.916737,40.765493
-122.91672348917524,41.55300736407493
-122.916679,44.561116
-122.916658,40.751473
-122.916649,46.213831
-122.916466,44.88263726
-122.9164659971098,44.882637262130345
-122.916438,39.022225
-122.916411,45.083388
-122.916328,38.343107
-122.916252,38.372299
-122.916245,38.403357
-122.916223,39.021901
-122.916206,38.403351
-122.916191,42.374748
-122.916107,46.16428
-122.916084,39.048304
-122.916061,46.16563
-122.916043,38.092737
-122.915742,38.415529
-122.915474,46.083332
-122.9154574865202,42.498883008754255
-122.915432,38.710135
-122.915397,38.59506500000001
-122.915359,38.361282
-122.915351,46.083288
-122.915301,39.14352
-122.915171,44.045636
-122.915116,44.572826
-122.91511416376628,44.572831392075656
-122.915108,38.22987
-122.915096,38.229889
-122.9150927060942,38.22987914067159
-122.915092,39.048943
-122.915054,39.059273
-122.914979,46.169554
-122.914879,39.023415
-122.914877,40.752512
-122.914801,46.319835
-122.91479229868452,46.31982922531929
-122.914774,44.57139
-122.914719,46.150242
-122.91470646799604,46.150206327218285
-122.914699,39.023086
-122.914684,43.960107
-122.914617,39.094467
-122.914592,42.499243
-122.914528,38.709122
-122.91451335,38.70911479
-122.91451334894695,38.70911478977819
-122.914431,38.420341
-122.914382,39.094439
-122.91428700000002,46.11588
-122.91421499999998,38.712231
-122.914164,39.071096
-122.91414,44.568421
-122.914113,45.085501
-122.91410565317672,45.08549809434373
-122.914061,38.372577
-122.914018,38.999494
-122.913964,39.139721
-122.913956,38.733172
-122.913923,38.505857
-122.913824,39.063809
-122.913802,43.959786
-122.91371941507856,46.99703335739615
-122.913647,39.141861
-122.913641,46.309395
-122.913593,47.314772
-122.913578,44.565769
-122.913534,39.062581
-122.913513,39.015819
-122.913462,38.232094
-122.91346192301312,46.99793457962514
-122.913422,38.232155
-122.91337,44.56482800000001
-122.913281,38.420102
-122.913273,46.197913
-122.913252,40.656419
-122.913239,46.263126
-122.9132,39.061193
-122.91318400000002,42.385432
-122.913147,47.773281
-122.913074,38.596736
-122.913061,40.754738
-122.913056,39.06752
-122.913025,46.323311
-122.912933,46.323788
-122.912929,39.0688
-122.912903,46.323269
-122.912875,39.016887
-122.9128611081938,39.01688218098155
-122.912861,39.016882
-122.912843,39.018923
-122.912842,46.323925
-122.912788,42.376511
-122.912743,39.140919
-122.91271,39.018626
-122.912697,39.078401
-122.912603,38.321441
-122.912592,39.102706
-122.912582,44.561111
-122.912522,39.004126
-122.912501,39.008548
-122.912501,39.078897
-122.912481,39.078753000000006
-122.912425,39.162316
-122.912425,39.163347
-122.912422,39.164742
-122.91242,38.188152
-122.91241049707932,38.188143968400055
-122.91241,38.188143
-122.912392,39.162331
-122.912391,39.140555
-122.912365,38.982013
-122.91235,39.102731
-122.912337,38.187287
-122.912331,39.102859
-122.91227,44.560075
-122.912186,47.000092
-122.912148,38.373081
-122.912139,45.315986
-122.912126,38.473055
-122.912124,46.080434
-122.91211009,38.37306619
-122.912055,46.999935
-122.911925,46.114507
-122.911896,47.000309
-122.911873,46.176579
-122.911837,46.610457
-122.911824,39.144538
-122.911732,38.247573
-122.911722,44.558622
-122.911691,38.247769
-122.911628,45.159689
-122.911584,39.01679
-122.911566,39.139718
-122.91153,42.340809
-122.911501,42.340828
-122.911501,44.558084
-122.9114878171782,42.34082579592541
-122.911475,39.162244
-122.911453,39.162239
-122.911329,45.316147
-122.911301,39.162942
-122.911232,47.316613
-122.91123032511275,47.31660246826498
-122.911149,41.437929
-122.910866,39.162193
-122.910851,45.316204
-122.910751,38.183929
-122.91067243,38.37315202
-122.910599,44.555904
-122.910573,38.503626
-122.91056513727708,46.609572171942645
-122.910531,39.165794
-122.910515,45.558216
-122.910499,47.003026
-122.910474,47.002707
-122.91045785,47.00269818
-122.9104578489165,47.002698182835566
-122.910427,39.013279
-122.91041493357224,46.32706046082341
-122.910371,39.138372
-122.91037,46.482941
-122.910355,45.558159
-122.9100287,46.60899281
-122.9100286954741,46.60899281479546
-122.910011,47.02257700000001
-122.910001,38.503089
-122.90999,38.503187
-122.909989,42.382697
-122.909983,38.374135
-122.909975,39.076809
-122.90995,38.503361
-122.909927,39.137562
-122.909913,39.110714
-122.909859,47.02227
-122.909851,39.102853
-122.90981399999998,44.564798
-122.909797,43.297705
-122.909774,47.773268
-122.909659,38.183036
-122.909643,47.022626
-122.90964246,47.02263236
-122.909642,47.022632
-122.90963,42.382431
-122.909626,38.182937
-122.909477,39.165764
-122.909407,39.111063
-122.909373,45.316341
-122.909312,46.077646
-122.909291,38.706617
-122.909191,38.628697
-122.909111,42.378162
-122.909047,47.005179
-122.90897726954027,42.38196015337762
-122.908928,38.709419
-122.908918,38.628629
-122.908837,38.502686
-122.908824,38.502965
-122.908752,42.363514
-122.908658,42.382097
-122.908607,39.012402
-122.908598,39.012394
-122.908542,38.47282
-122.908535,38.444355
-122.908531,42.363289
-122.908523,42.363281
-122.908478,38.472839
-122.908397,43.297997
-122.908386,39.078674
-122.90835,38.418354
-122.90828700000002,39.10512
-122.90823799999998,47.670535
-122.908234,47.670479
-122.908197,45.31645200000001
-122.908173,45.31646
-122.908075,39.011676
-122.907925,46.920967
-122.907915,44.545964
-122.907912,46.923761
-122.907898,46.932629
-122.907894,42.362623
-122.907894,45.556957
-122.907822,39.009312
-122.90781855524584,39.009329080395645
-122.907818,39.009329
-122.907814,44.549151
-122.907753,41.550941
-122.907692,41.549877
-122.90769,41.550923
-122.907646,44.548769
-122.907585,42.38132
-122.9075610631804,45.557094812175954
-122.90756100000002,45.557094
-122.907516,46.6059
-122.90743799999998,42.380809
-122.907427,42.381196
-122.90741085947558,42.38118767718133
-122.90741,42.381187
-122.907383,43.95741
-122.907326,46.369495
-122.907313,41.6073
-122.907239,38.635043
-122.907125,43.957316
-122.907124,44.546774
-122.907112,44.545971
-122.90711,38.47373
-122.907106,44.543483
-122.907102,44.542652
-122.907102,44.545968
-122.907083,44.524789
-122.907076,44.526379
-122.907073,44.527451
-122.907069,44.537333
-122.907064,44.526807
-122.907061,47.008611
-122.907055,44.532082
-122.907055,44.532803
-122.90702462137745,45.55662274338933
-122.907024,45.556622
-122.907024,45.55663300000001
-122.907012,46.605512
-122.906975,38.50222700000001
-122.906963,39.161853
-122.906962,38.368669
-122.906952,39.079651
-122.906932,45.158229
-122.906931,46.3459
-122.90686,45.420238
-122.906777,41.524786
-122.906776,46.258511
-122.906771,46.347273
-122.906769,41.524818
-122.90676100000002,46.605592
-122.90675,41.521209000000006
-122.906748,42.361415
-122.90674,46.371706
-122.9067,47.021141
-122.906693,47.019749
-122.90668129862352,42.36260533312625
-122.90668129862352,46.348024606483705
-122.906633,45.092107
-122.906582,39.079853
-122.906572,46.347144
-122.906528,46.347562
-122.906516,41.438677
-122.906496,47.020127
-122.906489,46.347968
-122.906481,38.320312
-122.906479,47.021961
-122.906471,43.298392
-122.906456,47.009869
-122.9064452642302,46.17998957611952
-122.906398,39.171342
-122.906383,39.124404
-122.906303,44.000229
-122.906222,39.109476
-122.906214,39.170788
-122.90613799999998,45.316939
-122.906117,47.021657
-122.906111,46.356026
-122.906106,47.012273
-122.90610194147632,47.02164530731668
-122.906072,41.49325
-122.905972,39.011336
-122.905961,47.016507
-122.90593,39.108521
-122.90593,47.021484
-122.905891,45.317032
-122.90588736,39.11507249
-122.905887,39.115072
-122.905869,47.01733
-122.90586,39.115593
-122.905848,47.017296
-122.90584444941088,39.11558747272913
-122.90584444941088,47.01728939987651
-122.905844,39.115587
-122.905844,47.017289
-122.90583,44.52198
-122.905827,47.015106
-122.90582299173876,46.35538458802053
-122.905821,46.355389
-122.905819,47.021774
-122.905818,47.01706400000001
-122.905815,47.022057
-122.905766,47.016526
-122.905716,46.186459
-122.905693,47.020561
-122.905579,39.11842
-122.905551,39.165784
-122.905482,45.317217
-122.9054367536406,46.60311341263483
-122.90539384,46.28970265
-122.905379,44.874501
-122.9053080076079,44.874826669479006
-122.905296,43.99865
-122.90523600000002,43.956635
-122.905235,47.020916
-122.905225,39.172395
-122.905167,47.022175
-122.905136,38.241498
-122.905136,46.073478
-122.905129,39.1617
-122.905121,38.241989
-122.90511488855884,46.07347369172061
-122.905109,38.242003
-122.905098,46.983212
-122.904984,45.317456
-122.904884,38.245239
-122.904831,38.246269
-122.90481,38.246282
-122.904809,38.507177
-122.904737,42.359277
-122.904709,42.378735
-122.904674,45.093818
-122.904655,47.022964
-122.904648,38.248085
-122.904629,39.118351
-122.904544,38.248957
-122.9045,39.161651
-122.904429,41.544092
-122.90429,38.499974
-122.904136,38.706511
-122.904094,42.378699
-122.90407,38.254664
-122.90403899999998,38.417676
-122.904018,45.094383
-122.903999,38.473691
-122.903974,38.44445
-122.90391326,46.38306499
-122.90391325892016,46.383064985054105
-122.90374159754322,44.87238049485744
-122.903694,39.161588
-122.903677,45.094673
-122.90354,47.81687
-122.903526,39.089307
-122.903481,45.55415
-122.90344119013358,42.433222532070005
-122.903441,42.433227
-122.903316,39.202113
-122.90328999999998,46.285751
-122.903282,42.433281
-122.903162,46.385344
-122.90313700000002,45.55516400000001
-122.903047,38.94883
-122.903004,42.378707
-122.903001,44.373034
-122.902946,45.556099
-122.90294,39.164287
-122.902869,38.705769
-122.902849,38.104121
-122.902839,39.09176
-122.902813,46.158892
-122.902807,39.105326
-122.90274,38.49865
-122.902735,39.11756
-122.902711,45.09552
-122.902706,39.164284
-122.902646,46.387873
-122.902644,38.498569
-122.902637,39.167122
-122.9026043409209,46.160699128884495
-122.902556,41.634524
-122.902542,45.555672
-122.902534,38.707658
-122.902497,38.123141
-122.902456,38.417012
-122.902428,47.3955
-122.902379,44.519705
-122.902342,38.70548
-122.902267,45.497478
-122.90226,46.28420300000001
-122.902244,40.65331
-122.902199,45.497442
-122.902182,45.49756
-122.90213,45.503529
-122.90211,47.024176
-122.902098,44.045594
-122.90208935679009,47.02417731262671
-122.90207,41.481241
-122.902022,46.390305
-122.901996,46.39041
-122.901978,46.155903
-122.90197,46.38956500000001
-122.90193700000002,42.378715
-122.90191769541308,42.37872004488764
-122.90191769541308,47.02398419357765
-122.901835,38.482528
-122.901717,42.504441
-122.90170311869193,42.50444054583309
-122.901466,45.096459
-122.90144563,45.09646296
-122.9014456266265,45.09646296479657
-122.90142416895436,42.37610220888912
-122.901313,39.161403
-122.901276,38.377423
-122.901269,47.81771
-122.901257,39.101585
-122.901155,39.161391
-122.90114522,46.17855191
-122.901136,42.355483
-122.901123,45.554424
-122.901013,39.116103
-122.901003,45.55462
-122.90090918482348,44.87283110597194
-122.900867,42.355203
-122.90078,38.496948
-122.90078,46.393459
-122.900738,45.554522
-122.90072,45.553071
-122.900674,38.122984
-122.900604,38.415248
-122.900584,38.27320200000001
-122.90056586206956,42.375823259151566
-122.900546,41.446819
-122.90054440439752,46.28039002396449
-122.900459,45.554138
-122.900458573709,42.375737428463104
-122.900458,42.375737
-122.90039420069265,46.39585375763704
-122.900263,39.011242
-122.900238,45.539558
-122.900229,38.704283
-122.90007,38.37677
-122.90006,46.149256
-122.90005087793872,46.14926218964504
-122.900022,39.096924
-122.899969,38.276549
-122.899967,45.553973
-122.899922131906,44.87107157685817
-122.899898,38.48088900000001
-122.8998792165618,44.87105011918606
-122.899845,38.496093
-122.899844,38.378113
-122.899834,47.024895
-122.899824,38.373085
-122.89982,46.39763
-122.899685,46.398246
-122.899643,42.312229
-122.899628,42.322102
-122.899626,38.495565
-122.899612,38.63541
-122.899586,38.635384
-122.89954,39.011242
-122.899533,42.505358
-122.899482,38.378011
-122.899382,38.49514600000001
-122.899353,38.49573400000001
-122.899329,47.397542
-122.8993,38.49572
-122.8993,42.332451
-122.899297,45.55398
-122.89927840174246,45.553983449718686
-122.899127,41.455481
-122.899122,38.276642
-122.899077,45.133226
-122.89906382502129,46.18061184861097
-122.899019,47.025278
-122.899005,47.76870200000001
-122.898952,38.473618
-122.898925,46.132378
-122.898918,42.451019
-122.898901,38.495419
-122.898894,38.703428
-122.898892,45.320593
-122.898811,43.299357
-122.89880633295584,43.29936146715498
-122.898806,43.299361
-122.898804,46.144932
-122.898771,38.36705300000001
-122.898688,45.133139
-122.898636,39.110215
-122.898621,47.025276
-122.898453,42.352638
-122.898448,46.133675
-122.898397,42.35262700000001
-122.898331,46.137081
-122.898313,46.047751
-122.8983128064971,46.04774594284989
-122.898304,46.046494
-122.898295,46.043208
-122.898229,44.870132
-122.898216,46.138012
-122.898193,38.31728
-122.898178,45.56045200000001
-122.898175,42.5059
-122.898173,44.045701
-122.898003,46.184254
-122.89798,38.172103
-122.8979694837432,46.14037871338778
-122.897949,46.276779
-122.897945,39.160672
-122.897934,38.414464
-122.897858,46.184147
-122.897789,46.14459
-122.89772,46.142071
-122.897659,45.515221
-122.89763700000002,47.76645
-122.897621,39.011242
-122.897583,46.14055
-122.897568,46.145115
-122.897514,46.185154
-122.897501,38.711123
-122.897475,41.453869
-122.897466,46.144695
-122.897425,45.134377
-122.897408,45.134895
-122.897355,45.553243
-122.897331,40.75135
-122.8973,44.869622
-122.897197,38.313743
-122.897173,46.592839
-122.897079,38.633147
-122.897023,45.321193
-122.896897,38.304242
-122.896874,42.372787
-122.89685,46.065056
-122.896834,39.179683
-122.896795,42.351371
-122.89678,38.31656
-122.896774,38.379883
-122.896759,44.516075
-122.896731,46.273748
-122.89672494,41.46299243
-122.89672493876029,41.46299242953556
-122.89672493876029,47.027202844395504
-122.896721,47.026901
-122.896705,46.055005
-122.89662,39.163947
-122.896599,45.151169
-122.896587,45.15117100000001
-122.89657473505544,45.1511800287001
-122.896523,38.316429
-122.896523,41.46323
-122.896511,40.751314
-122.896511,43.953437
-122.89649,38.316414
-122.89646744669486,38.31641793232768
-122.896393,47.698608
-122.896361,45.563045
-122.896301,38.405548
-122.896214,38.405478
-122.896198,38.40553900000001
-122.896166,45.32171
-122.896113,45.552775
-122.89611200000002,45.154719
-122.896081,45.150964
-122.895994,38.493658
-122.895976,38.405456
-122.895928,38.168517
-122.895832,39.011242
-122.89579,46.063166
-122.89573788584282,46.18891596772104
-122.895645,46.06280200000001
-122.895522,38.490349
-122.895522,47.028092
-122.895467,38.47361400000001
-122.895428,38.493133
-122.895408,38.713025
-122.89538799999998,41.462799
-122.895326,39.159394
-122.895317,38.493401
-122.895309,46.191521
-122.895235,38.49082
-122.89521,46.060188
-122.89521,47.758704
-122.895111,38.49036
-122.895099,38.700082
-122.895042,38.489569
-122.894989,47.028633
-122.894971,44.868327
-122.89489,38.473621
-122.89489,38.700203
-122.894883,38.473616
-122.894857,38.405346
-122.894855,46.296552
-122.894852,38.485026
-122.894851,38.478153000000006
-122.894839,38.480919
-122.894836,38.699867
-122.894779,40.658822
-122.89471100000002,45.552241
-122.894666,38.70003
-122.89466500223686,38.70003819447184
-122.894665,38.700038
-122.894665,38.70003819
-122.89464354456474,38.69971632939005
-122.894531,38.699917
-122.894369,39.008148
-122.894364,39.008148
-122.894246,38.982887
-122.894218,47.030151
-122.894142,38.405289
-122.894142,38.986641
-122.894081,39.000832
-122.89406419,45.55175185
-122.894064,45.551751
-122.894045,39.001893
-122.894042,39.000831
-122.89402127207327,38.99742007236959
-122.893987,38.491867
-122.893965,47.030046
-122.893951,47.030079
-122.893919,38.620568
-122.89388999999998,47.030163
-122.89378899999998,40.750933
-122.89375,38.47362
-122.893723,38.493069
-122.8936994069915,47.03003525711522
-122.893608,42.350134
-122.893547,39.012998
-122.893522,39.000591
-122.893516,47.030656
-122.893487,38.615563
-122.89339899958183,46.034914254922704
-122.893369,47.030828
-122.89328799999998,47.754768
-122.893077,42.34073
-122.893038,44.513629
-122.89299,38.493061
-122.892975,38.473623
-122.892906,42.3787
-122.892871,44.872794
-122.892867,38.493032
-122.892865,45.102314
-122.892861,40.359508
-122.892858,46.106835
-122.892855,42.369472
-122.892853,38.613579
-122.892818,38.408919
-122.89267,38.163181
-122.892668,40.787399
-122.892648,47.753691
-122.892647,38.715519
-122.892595,45.496581
-122.892586,45.139124
-122.892326,38.4445
-122.892326,45.323071
-122.892311,45.551064
-122.892304,45.139892
-122.892287,38.383035
-122.892229,40.666089
-122.892195,45.102768
-122.892162,38.411656
-122.892138,43.297378
-122.892022,45.15096
-122.891969,39.00807800000001
-122.891944,38.383333
-122.891937,38.383331
-122.891937,38.715223
-122.891888,39.0149
-122.891877,39.013367
-122.891834,38.434022
-122.89183258951716,46.58729910828311
-122.891751,39.155458
-122.89174675882867,46.210244893807364
-122.89171,42.368533
-122.891677,45.496402
-122.891571,46.477859
-122.891533,38.473217
-122.891526,38.154863
-122.891517,38.473634
-122.891502,38.163713
-122.891452,38.433986
-122.891447,46.124269
-122.891442,45.103278
-122.89142489374689,45.10326504685829
-122.89142489,45.10326505
-122.891424,45.103265
-122.891388,46.216957
-122.891381,38.714724
-122.891357,38.69667800000001
-122.891332,38.69668
-122.89129615,46.58356547
-122.891279,38.4121
-122.891266,38.697319
-122.891243,46.420658
-122.8912103170257,46.42080903031148
-122.891068,38.697185
-122.891045,46.420826
-122.89103866,46.26571298
-122.89103866,46.42083049
-122.89103865564871,46.26571297623507
-122.89103865564871,46.4208304879836
-122.890981,38.69850200000001
-122.89086299999998,46.40625
-122.890842,39.171295
-122.890815,38.696728
-122.890808,44.866041
-122.890778,46.41843
-122.890757,46.423317
-122.890747,38.384769
-122.89073824823907,46.41671061493674
-122.890726,38.384845
-122.890694,38.697273
-122.8906524175506,40.82805991153322
-122.890638,38.630591
-122.890613,38.950146
-122.890581,46.220974
-122.890558,46.416747
-122.890538,38.697363
-122.89051299999998,40.795197
-122.890471,39.014571
-122.890411,38.517677
-122.890398,38.51767
-122.890394,44.36734600000001
-122.890391,38.95739
-122.890388,47.752347
-122.890373,40.803659
-122.890344,46.40703
-122.890321,40.803079
-122.890302,47.990126
-122.890301,45.550317
-122.890259,38.27681
-122.890208,38.490555
-122.890201,46.407
-122.89019,38.490551
-122.890187,38.47362800000001
-122.890159,38.474551
-122.890152,38.482731
-122.89006,38.697948
-122.890038,38.697951
-122.889993,46.412777
-122.889989,45.104263
-122.889936,38.519492
-122.889925,38.520095
-122.889879,47.034154
-122.88985848,47.03415513
-122.889832,42.312889
-122.889819,39.152456
-122.889812,38.387596
-122.889785,43.950937
-122.889767,39.016732
-122.889743,38.471798
-122.889672,46.408198
-122.88957,46.433028
-122.88955807627256,46.43962740875988
-122.889473,47.032764
-122.889394,38.471337
-122.889389,38.47134000000001
-122.889331,39.014882
-122.889329,46.434785
-122.889301,39.11876
-122.889282,46.583923
-122.889246,38.388764
-122.889236,38.38877100000001
-122.88919,40.795163
-122.889148,39.014899
-122.889136,39.173881
-122.889092,45.104868
-122.889074,46.435082
-122.889068,38.388788
-122.889054,42.434889
-122.889042,38.408167
-122.88902163446956,46.22848391510854
-122.889008,40.809078
-122.88899,40.809083
-122.888917,46.436175
-122.888914,38.388823
-122.888817,46.584133
-122.888799,42.34261
-122.888702,42.29398
-122.888693,42.50971
-122.888629,38.475996
-122.888605,46.439561
-122.88858700000002,38.38886
-122.888568,38.491935
-122.888512,46.439728
-122.888442,44.864739
-122.888404,38.629902
-122.888382,45.479328
-122.88827,44.510505
-122.88826,47.405825
-122.888162,41.461333
-122.888161,40.80476
-122.888141,40.804767
-122.8881,38.110531
-122.888079,46.44357
-122.888001,46.582991
-122.887932,44.047166
-122.88792,38.444234
-122.887909,46.441639
-122.887896,39.14948
-122.88787,45.105698
-122.887848,40.36137
-122.88782,40.36135554
-122.887805,39.023494
-122.887796,38.100793
-122.887788,45.327446
-122.88777708948663,46.4443910119703
-122.887733,42.34787
-122.887714,42.347852
-122.88769,38.151294
-122.887657,47.035023
-122.887627,46.2603
-122.887569,40.762373
-122.887548,42.347787
-122.887542,38.712566
-122.887533,45.327855
-122.887531,47.987975
-122.887527,40.762112
-122.887502,43.950097
-122.887489,46.234211
-122.88743999999998,40.761599
-122.887428,38.471909
-122.887402,39.022287
-122.887398,39.022289
-122.887396,39.014898
-122.887383,39.0149
-122.887375,40.760696
-122.887367,38.694851
-122.88721919001156,46.10647559143968
-122.887169,38.49115
-122.887141,38.491112
-122.887115,46.259936
-122.88709,38.150384
-122.886989,38.69491
-122.886978,46.967751
-122.886952,46.118969
-122.886941,45.145153
-122.886940240274,46.118963956612966
-122.886852,39.182333
-122.8868114942413,39.118140935711295
-122.88661837519224,46.02918505646692
-122.88661100000002,45.106546
-122.886605,39.117124
-122.886505,46.106565
-122.886497,47.945618
-122.886414,38.508171
-122.886368,38.508142
-122.886345,46.456152
-122.886337,47.035316
-122.886329,38.470661
-122.886325,38.659607
-122.886302,42.43487
-122.886299,38.694572
-122.886254,47.925301
-122.886232,38.149327
-122.886204,39.118271
-122.88617,42.363979
-122.886169,45.432449
-122.886118,40.760661
-122.886091,38.694459
-122.886081,47.748735
-122.88606047571712,46.24043583847885
-122.886041,39.118306
-122.885928,39.146397
-122.885924,47.987201
-122.885918,44.509079
-122.885847,45.495799
-122.885827,47.91514
-122.885653,38.410608
-122.885651,47.929031
-122.88563132227476,47.98698306060797
-122.885628,38.960886
-122.885625,47.035424
-122.885499,46.106565
-122.885485,46.243492
-122.88548111856991,46.10656142212817
-122.885463,47.035436
-122.885452,42.326698
-122.885424,46.460776
-122.885396,39.118472
-122.885395,47.748223
-122.885361,42.40472000000001
-122.885323,42.37838
-122.885323,42.396591
-122.885316,42.363281
-122.88531,38.939195
-122.885269,47.913792
-122.885201,38.390079
-122.885185,46.46405
-122.885179,42.36276
-122.885169,39.14523300000001
-122.885116,38.490816
-122.885109,38.62812
-122.885096,42.342986
-122.885079,45.54835
-122.885055,38.693845
-122.88498759211114,45.147103070997495
-122.88498759,45.14710307
-122.884969,47.984282
-122.884967,45.1471
-122.884948,47.936118
-122.88494467676692,45.147103070997495
-122.884884,39.003831
-122.884842,38.442928
-122.884822,46.106618
-122.8847944730621,46.25663638092872
-122.884748,42.346617
-122.884743,47.985531
-122.884702,38.442946
-122.884702,40.821505
-122.884643,38.098575
-122.884613,46.476021
-122.884583,38.390518
-122.884579,46.027427
-122.884555,38.390517
-122.884552,44.50848
-122.884426,38.996327
-122.884414,39.172705
-122.88436531961972,46.57950997330389
-122.88433,47.997225
-122.884317,46.470415
-122.88430094660336,46.47041916825072
-122.884261,45.5483
-122.8842151159149,47.94943213439965
-122.884212,44.047729
-122.884183,45.14788
-122.884037,40.669985
-122.883896,46.471434
-122.88389325083313,46.471427678840286
-122.883893,46.254914
-122.883882,42.435892
-122.883872,42.34627
-122.883768,40.668739
-122.8837645048004,45.1477897165053
-122.883704,45.54783
-122.883698,45.515121
-122.883596,40.360615
-122.883553,47.732674
-122.88353,45.148026
-122.883528,39.003848
-122.883522,38.416359
-122.883522,38.490662
-122.883495,38.49067
-122.883493,46.113067
-122.88349,43.94858
-122.883488,38.416362
-122.88348555506283,38.49067568760637
-122.88348555506283,46.11306309678025
-122.883292,38.490181
-122.883242,42.343518
-122.883212,44.508057
-122.883173,42.346004
-122.883141,43.948479
-122.883118,38.460209000000006
-122.883096,38.460235
-122.88304,38.627339
-122.88295,42.411121
-122.882881,38.595142
-122.882847,42.34588
-122.882805,46.475613
-122.882793,45.151074
-122.882783,40.671692
-122.88277745188292,45.15107274033951
-122.88277,39.141501
-122.882767,47.95768
-122.882682,38.108714
-122.882652,42.344329
-122.88253799999998,39.141136
-122.882524,42.344212
-122.882524,46.476985
-122.882484,38.595299
-122.882424,38.690461
-122.882421,45.54734600000001
-122.882394,38.71186
-122.882343,46.10697
-122.882337,42.345673
-122.882332,45.149223
-122.882325,47.7353
-122.882302,42.34445
-122.882281,44.507817
-122.882221,38.690622
-122.882125,47.746703
-122.882111,38.145267
-122.882093,38.482704
-122.882041,45.47002
-122.881974,46.576196
-122.881912,38.43581
-122.881904,42.345669
-122.881878,38.433981
-122.881836,38.390997
-122.881822,38.4659
-122.881822,38.688213
-122.881816,38.711642
-122.881809,39.171246
-122.881785,46.47981
-122.881783,46.477032
-122.881778,38.59406
-122.881752,47.035857
-122.881728,38.454856
-122.88172602594908,45.15107274033951
-122.881652,39.11920900000001
-122.881631,47.43061
-122.881621,45.470122
-122.881607,42.345293
-122.881514,45.150002
-122.88144,42.345468
-122.88137,47.430661
-122.881367,45.110119
-122.881325,42.345451
-122.8813,46.107059
-122.881269,47.999727
-122.88119,45.495306
-122.88118958414611,46.48059010483512
-122.88118958,46.4805901
-122.88118,45.4953
-122.881142,45.496601
-122.88103,38.626735
-122.881022,38.685589
-122.880995,38.684102
-122.880945,47.738192
-122.880943,45.151047
-122.880927,45.333451
-122.880918,45.332622
-122.880875,42.346137
-122.88086772,42.34612584
-122.880844,38.680595
-122.880769,38.673351
-122.880745,38.68412
-122.880724,39.141287
-122.88069605768736,38.68394494038255
-122.88063168467102,42.3449671266444
-122.8806102269989,40.829046964450704
-122.880549,47.430824
-122.880527,38.676401
-122.880506,46.48249000000001
-122.880493,42.34108
-122.880485,47.738937
-122.880432,47.33194
-122.880426,38.672023
-122.880421,45.332992
-122.880402,46.306114
-122.880363,46.106113
-122.880332,38.64216
-122.88032,38.464443
-122.88003799999998,38.673942
-122.880029,44.360988
-122.879985,45.495179
-122.8799,45.546645
-122.879845,38.404456
-122.879809,38.391468
-122.879807,38.391499
-122.87977337778624,46.106990575570535
-122.879727,45.334053
-122.879679,39.119545
-122.87966608942564,39.11953568439903
-122.879645,42.357871
-122.879565,38.431618
-122.879514,38.463678
-122.879486,46.107235
-122.87948,45.152005
-122.87947297037658,45.15199542024063
-122.87937,38.482707
-122.879303,38.46344000000001
-122.879277,45.77101
-122.879271,38.99393
-122.879244,45.771629
-122.879205,45.771912
-122.879166,46.106678
-122.879133,39.139885
-122.879037,39.022247
-122.878996,45.767593
-122.878922,46.106885
-122.878906,45.47073
-122.878839,45.76580300000001
-122.87878632,47.0358932
-122.878777,42.342751
-122.878761,45.15342800000001
-122.878712,38.993671
-122.878693,38.617081
-122.878689,46.106864
-122.878687,38.58034
-122.87867,42.31287
-122.878656,44.048563
-122.878555,38.618548
-122.878532,38.462662
-122.878528,38.462701
-122.878525,45.33462100000001
-122.878514,45.762493
-122.878483,38.710644
-122.878448,45.761624
-122.878421,38.623133
-122.878383,44.85953
-122.878326,38.622341
-122.8782928,38.62266183
-122.87829279841006,38.622661828810585
-122.878281,38.622662
-122.878273,45.75972
-122.878223,38.626276
-122.878206,42.349021
-122.878128,38.625992
-122.878116,42.51398
-122.87811299999998,38.629234
-122.87809967936096,45.1116120813126
-122.878099,45.111612
-122.878092,38.43599
-122.878091,45.757748
-122.878082,40.67305
-122.878082,45.757702
-122.87808,38.63637
-122.878057,45.757339
-122.87805676401672,42.35445141772101
-122.878044,38.629326
-122.8780353063446,38.62931370716748
-122.878035,38.629313
-122.877969,44.506724
-122.877964,45.756451
-122.877918,45.755894
-122.877855,38.392723
-122.877853,38.629929
-122.877851,40.672941
-122.87784219,38.62991452
-122.877842,38.629914
-122.877829,42.349325
-122.877828,47.742406
-122.877793,45.754456
-122.877792,38.496922
-122.87771,45.753598
-122.877708,42.332329
-122.877692,42.353383
-122.877665,45.753086
-122.877664,38.388977
-122.877654,46.104026
-122.87764906824648,47.0361936090134
-122.877649,47.036193
-122.877631,46.008648
-122.877625,44.506668
-122.877591,45.752194
-122.877591,46.02045
-122.877579,38.636119
-122.877563237558,42.34953761080575
-122.877548,45.751768
-122.877541,38.496884
-122.877511,45.775696
-122.87751000000002,45.996184
-122.8774774068695,42.35327124575447
-122.877439,38.636041
-122.87743449152528,42.35316395739387
-122.877433,47.036237
-122.877389,45.749845
-122.877341,47.871835
-122.87732,45.335161
-122.877294,45.748905
-122.877291,42.3499
-122.877258,46.548752
-122.877203,42.349819
-122.877198,42.349816
-122.87718,45.99546
-122.877151,45.749863
-122.877139,38.392929
-122.877136,38.39296
-122.877092,38.461293
-122.876947,46.01974000000001
-122.87692,38.461122
-122.876831,45.743703
-122.876831,47.88623
-122.876804,46.503765
-122.876777,46.529535
-122.876772,46.539726
-122.87676930368956,46.54730200745321
-122.876757,45.742945
-122.87674784601748,42.35050320605111
-122.87674784601748,46.10246300675343
-122.876732,42.35096400000001
-122.87672,42.350116
-122.876693,45.336156
-122.876648,45.741581
-122.87664,47.886623
-122.876624,45.741395
-122.876542,46.510106
-122.876529,46.532204
-122.876522,46.539716
-122.87649035395204,46.552687883155095
-122.87642598093572,42.35009551028085
-122.876419,47.43182
-122.876411,47.431838
-122.876364,38.436098
-122.876266,38.663925
-122.876256,38.663931
-122.87625431955873,38.66392493229549
-122.876191,45.735564
-122.876178,45.735401
-122.876169,42.514755
-122.876155,43.299312
-122.876139,42.350493
-122.876125,42.350481
-122.876116,38.419356
-122.876108,42.35064600000001
-122.876091,38.41216
-122.876083,45.733268
-122.87606120050964,45.15536427476332
-122.876061,45.336638
-122.87601399999998,42.348286
-122.875987,45.731258
-122.875957,45.730679
-122.875951,45.730582
-122.875933,45.730245
-122.875894,45.729581
-122.875851,45.155576
-122.875804,39.133121
-122.875801,42.350666
-122.87578,45.727595
-122.875778,45.579811
-122.875761,45.579825
-122.875744,45.15094000000001
-122.875741,38.610168
-122.87573933542788,45.15094399430679
-122.875736,45.150978
-122.875702,47.822632
-122.875664,47.823971
-122.875648,46.017593
-122.875634,45.724872
-122.87563204706728,38.66259455662411
-122.87563204706728,44.0490067003057
-122.875626,46.10097
-122.875624,39.009587
-122.875596,39.003916
-122.875572,39.003868
-122.875554,38.99222
-122.875551,45.723491
-122.8755462163788,38.99222731571678
-122.875534,45.72303
-122.875519,45.112688
-122.875518,45.722719
-122.87551299999998,42.351025
-122.875506,39.004328
-122.875489,45.722081
-122.875481,46.100754
-122.875476,45.721609
-122.875472,38.998599
-122.875458,38.610043
-122.8754389280182,38.6100447176046
-122.8754389280182,46.100682019967536
-122.875418,46.015992
-122.875397,42.346477
-122.875396,42.35091
-122.87537455500186,45.77993273713216
-122.875374,45.779932
-122.875324,42.350965
-122.875295,38.363718
-122.87529,45.780041
-122.875282,46.00808
-122.87528,46.008085
-122.87526726664127,46.00809216477391
-122.875247,45.494689
-122.875233,45.717751
-122.875221,45.49469000000001
-122.875207,45.7802
-122.875136,38.642373
-122.87513,45.78036
-122.87509,38.571942
-122.875032,42.345796
-122.87503123224796,42.345782518184926
-122.875031,42.345782
-122.874972,42.345615
-122.87494540155949,42.34513878802135
-122.874843,47.432189
-122.87484,47.432201
-122.87483811319888,42.34483838061168
-122.87483799999998,42.344838
-122.87481499999998,44.049125
-122.874733,38.420052
-122.874711,38.419993
-122.874683,38.991877
-122.874683,42.344265
-122.87465,39.003806
-122.874621,45.781343
-122.874619,38.606831
-122.874604,38.606823
-122.874413,38.660049
-122.874344,42.343758
-122.874336,47.037357
-122.87433,42.348271
-122.874283,44.856927
-122.874252,38.45853
-122.874246,38.458526
-122.874209,38.359223
-122.874193,45.680196
-122.874146,46.097687
-122.874108,38.298282
-122.874054,46.016097
-122.873995,44.505742
-122.873978,42.342171
-122.873817,38.420422
-122.873731,38.626256
-122.873729,45.67791
-122.87365794123232,38.65963339787169
-122.873655,45.544061
-122.87363,42.341125
-122.873627,44.50564
-122.873575,38.394645
-122.873569,45.34249000000001
-122.87355,44.505638
-122.873484,42.341126
-122.873446,44.505596
-122.873436,38.368038
-122.87322878778994,45.544155835888176
-122.873222,39.004297
-122.873117,47.413117
-122.87303,45.543823
-122.87301399999998,45.543812
-122.872998,38.275167
-122.872956,47.900913
-122.872931,42.352569
-122.872924,45.98972
-122.872892,38.656059
-122.87288546503603,38.65604996662781
-122.872859,39.004299
-122.872847,45.581776
-122.8728425496918,45.581771135112845
-122.872823,45.581274
-122.872795,42.341148
-122.872635,45.424454
-122.87261200000002,42.331108
-122.8726,45.113891
-122.87259,45.707365
-122.872485,39.127516
-122.87245631159368,45.543619394085205
-122.872456,42.35282
-122.872434,45.582164
-122.872379,38.655619
-122.872365,38.313401
-122.872208,42.326542
-122.87211298883976,38.64298224430731
-122.872044,38.997253
-122.872034,45.582598
-122.872028,38.408624
-122.872018,45.704507
-122.871986,47.899568
-122.87196279,44.85598683
-122.87196278513493,44.855986833358486
-122.871919,38.603613
-122.87191,45.70446
-122.87188700000002,38.605317
-122.871878,45.786644
-122.87187695444644,38.48958134632831
-122.871849,38.65937
-122.871799,41.455486
-122.871795,44.872893
-122.87179112375796,41.4554822442939
-122.871697,42.353126
-122.871678,42.436935
-122.871428,45.694251
-122.871421,45.114372
-122.87141499999998,46.092931
-122.87140488565984,45.11438012101596
-122.871404,39.129884
-122.87138799999998,38.39483
-122.871284,45.694245
-122.871277,45.114479
-122.871226,45.6968
-122.871206,38.417334
-122.871162,45.69762
-122.871114,38.432551
-122.871103,39.12303
-122.871093,38.417215
-122.871093,38.48934000000001
-122.871093,41.488189
-122.871093,42.333865
-122.871093,43.300406
-122.871093,45.150993
-122.871093,45.160234
-122.871093,45.54309600000001
-122.871093,45.583772
-122.871093,47.039564
-122.871093,48.034914
-122.871071,39.130245
-122.871064,38.56306
-122.871025,43.944023
-122.871022,39.130076
-122.871005,42.516827
-122.870977,42.333107
-122.870922,45.114567
-122.870908,38.54724
-122.870905,38.54735
-122.870866,39.130071
-122.870842,46.547161
-122.870841,39.130248
-122.870781,38.352631
-122.870768,38.455033
-122.870733,45.54296
-122.870729,39.014908
-122.870729,42.332362
-122.870685,42.332615
-122.870584,44.631866
-122.87056803644718,41.84107661227303
-122.87056803644718,44.631861448075135
-122.870568,44.631861
-122.870567,44.63187
-122.870566,39.130642
-122.870537,38.416632
-122.870531,38.39506
-122.870529,39.130028
-122.870493,44.35752700000001
-122.870418,38.559423
-122.870337,38.536059
-122.870309,38.406809
-122.870261,42.331311
-122.870241,45.150832
-122.87023,46.090501
-122.870203,42.330776
-122.87014,42.354416
-122.870099,42.330818
-122.870031,38.406864
-122.869999,39.132415
-122.869985,38.416069
-122.869978,39.127642
-122.869975,42.354408
-122.869919,45.605179
-122.869902,38.43748
-122.86977,38.415844
-122.869753,42.354276
-122.869752,38.436268
-122.869546,38.349726
-122.86953,45.115136
-122.869465,38.603561
-122.869452,38.395354
-122.869437,38.43401
-122.869349,38.433206
-122.869339,45.541149
-122.869219,38.313428
-122.86918,38.377276
-122.869155,40.669718
-122.869087,38.649899
-122.869054,47.040359
-122.869037,42.327271
-122.868912,38.604193
-122.868845,39.129422
-122.868835,38.645755
-122.868789,42.355125
-122.868776,45.162506
-122.868716,38.557735
-122.868697,45.66872
-122.868632,47.434212
-122.868628,45.115505
-122.868607,41.57843
-122.868567,38.414488
-122.868563,45.16271500000001
-122.868538,38.603939
-122.868533,42.355276
-122.868523,42.32444
-122.868494,38.436363
-122.868472,45.494016
-122.86843799999998,38.435895
-122.868409,45.587369
-122.868375,42.355369
-122.868301,46.068047
-122.868277,45.96100000000001
-122.86826299999998,45.961048
-122.868221,38.603721
-122.868129,40.66972
-122.868113,38.451664
-122.868111,39.014892
-122.868104,45.96035
-122.86801,38.533567
-122.867996,44.853825
-122.86798799999998,38.53516
-122.867906,45.588036
-122.86789,45.965604
-122.867884,38.450519
-122.86788,38.395892
-122.867866,38.528092
-122.867825,45.365594
-122.867798,45.367722
-122.867793,38.450406
-122.867783,42.305641
-122.867775,45.371582
-122.867767,38.4501
-122.867748,38.603401
-122.867691,45.353226
-122.867645,45.54204
-122.867577,42.325089
-122.86753799999998,38.449379
-122.867496,42.32499
-122.867493,45.53817
-122.867478,38.409592
-122.86747,42.322941
-122.86747,45.527699
-122.867461,45.54171
-122.867453,38.641128
-122.867453,39.128643
-122.867439,38.526989
-122.867436,38.663103
-122.867371,45.42577
-122.867371,45.475483
-122.867302,45.500252
-122.867269,45.971637
-122.86726355494083,45.97163557984366
-122.867263,45.971635
-122.867249,38.396049
-122.86721,38.396051
-122.867203,45.488152
-122.86718,45.541866
-122.867171,45.596245
-122.867144,45.595965
-122.86713799999998,45.49410200000001
-122.867123,45.492966
-122.867097,45.595532
-122.86708,43.942593
-122.866985,45.354108
-122.866937,38.375605
-122.866936,45.541451
-122.866801,38.432705
-122.866798,45.592372
-122.866759,38.446093
-122.866707,38.44582
-122.866696,38.445814
-122.866659,45.165058
-122.866655,42.518584
-122.86664,38.445613
-122.86659836710515,44.85274672486854
-122.866598,44.852746
-122.86651299999998,44.872937
-122.866374,41.838518
-122.866199,38.522131
-122.866133,45.975855
-122.866117,44.852475
-122.866046,39.122068
-122.866028,38.504686
-122.866026,45.354773
-122.865997,42.34108
-122.865983,42.356554
-122.86597609461371,42.35655426958868
-122.865976,42.356554
-122.865968,38.40992
-122.865968,42.32353
-122.865855,48.027893
-122.865593,45.79803
-122.865499,38.65484
-122.865494,46.546638
-122.865471,47.43640900000001
-122.865453,39.123204
-122.86543965281072,44.633620977188905
-122.865439,44.63362
-122.865412,38.601821
-122.865396,38.601826
-122.865381,45.627673
-122.86537527979436,47.43642210937769
-122.865308,45.955531
-122.865295,38.601749
-122.865219,45.664473
-122.865193,42.381917
-122.865193,45.626023
-122.86514,45.540833
-122.865122,42.390232
-122.86512,38.436699
-122.865115,42.389268
-122.865113,45.627015
-122.865105,42.393234
-122.865093,42.395947
-122.865034,38.443506
-122.865008,41.834907
-122.864983,38.60154
-122.86496758402411,38.60176205616664
-122.864967,38.601772
-122.864967,38.601776
-122.864963,45.11707
-122.864946126352,45.11706233003083
-122.86491200000002,45.355515
-122.864904,42.32275900000001
-122.864889,38.43672700000001
-122.864877,45.49361500000001
-122.864873,45.625478
-122.864867,45.540985
-122.864784,38.394764
-122.864784,47.04047
-122.864729,44.050623
-122.86467,46.9533
-122.86466,44.503365
-122.864618,41.838161
-122.864487,38.46946
-122.864407,38.987364
-122.864403,40.3459
-122.86436100000002,45.663197
-122.864342,45.6633
-122.864243,45.355958
-122.864202,39.126944
-122.864142,45.114026
-122.86413600000002,45.167059
-122.864128,38.394669
-122.86412,47.04048
-122.864059,45.800158
-122.863971,38.273163
-122.86395,48.009562
-122.863937,48.00960900000001
-122.863815,39.121145
-122.86380886972972,45.62324881531896
-122.86376,38.656202
-122.863747,42.317421
-122.86370158136909,45.54055094697218
-122.863701,45.54055
-122.863696,45.662411
-122.863653,45.95194
-122.863558,45.607778
-122.863539,45.608097
-122.863533,45.608089
-122.86352991999212,45.60809969880291
-122.863521,45.607563
-122.863484,39.126561
-122.863477,45.607385
-122.863468,45.608368
-122.863402,48.011076
-122.86340117395945,47.4383532998684
-122.863385,45.608529
-122.863353,42.35873400000001
-122.863344,45.635108
-122.863293,42.436927
-122.863289,47.438511
-122.863274,38.663799
-122.863229,38.663808
-122.863083,41.420431
-122.863032,45.636192
-122.86298700000002,45.540023
-122.862984,48.009079
-122.86297,44.502936
-122.862912,47.040635
-122.862901,42.364661
-122.862795,39.1262
-122.862694,40.687561
-122.862676,38.442646
-122.862674,43.940947
-122.86265015543526,40.672663450047146
-122.862574,48.017913
-122.862567,38.43211
-122.86252140940256,38.12795519810616
-122.862521,38.127962
-122.862462,39.120972
-122.862446,45.801672
-122.862445,42.358695
-122.862355,42.412513
-122.86231200000002,42.33115
-122.862297,42.327919
-122.862288,38.437715
-122.862267,38.657188
-122.862247,45.539743
-122.862229,45.619753
-122.862205,42.412479
-122.862122,41.417214
-122.86206,39.12576
-122.861902,39.01494
-122.861828,45.638062
-122.861681,45.609866
-122.861521,44.872956
-122.861481,45.600957
-122.861475,38.44198400000001
-122.86147,42.31409
-122.861469,38.395623
-122.86145,38.502817
-122.861418,39.125331
-122.861366,38.4422
-122.861277,45.539638
-122.861204,39.125482
-122.861142,45.605388
-122.86108374537056,40.83763003329831
-122.861043,38.503214
-122.861025,45.617461
-122.861015,42.319962
-122.861006,45.478197
-122.860945,38.441975
-122.860823,44.873383
-122.860821,45.358207
-122.860779,42.341049
-122.860764,39.124901
-122.86076188028878,45.3582251069767
-122.860753,40.346411
-122.86069750727242,45.358268022320935
-122.860697,45.358268
-122.860593,42.319777
-122.860569,41.413705
-122.860567,42.312866
-122.860549,46.044988
-122.860502,45.493161
-122.860495,44.051255
-122.860464,45.539075
-122.86046147287912,45.53907036759596
-122.86041856,46.04596496
-122.86041855753489,46.045964956064005
-122.860417,45.61652700000001
-122.860401,42.521082
-122.860327,45.603858
-122.860295,45.658995
-122.86022544,44.84918475
-122.8602254384858,44.84918475129676
-122.860222,45.478569
-122.859966,39.137427
-122.859894,39.124312
-122.859817,45.17176
-122.859804,45.612205
-122.859766,40.686589
-122.85976,45.358916
-122.859729,42.319038
-122.85971045435495,47.04057097412565
-122.85971045,47.04057097
-122.859653,45.171454
-122.859626,39.127507
-122.85962,45.149489
-122.859491,42.360667
-122.859486,45.643244
-122.859361,45.538666
-122.859313,38.255221
-122.85929099999998,38.598283
-122.85927,38.489044
-122.859253,42.360805
-122.859215,38.704724
-122.859067,45.172029
-122.859062,46.041264
-122.859061,38.439381
-122.85904,47.040322
-122.858993,38.271141
-122.858817,39.127172
-122.858803,43.939499
-122.858785,38.511332
-122.858767,44.874067
-122.858574,38.502364
-122.858559,46.039135
-122.858375,41.411962
-122.858314,45.943595
-122.858253,38.69595
-122.858229,38.437821
-122.858168,45.35996
-122.858161,45.121256
-122.858094,38.70243
-122.858041,38.479865
-122.858039,44.356989
-122.858039,47.040293
-122.85801200000002,45.806652
-122.857985,39.137386
-122.857918,45.469292
-122.857801,38.663839
-122.857796,39.128969
-122.857643,38.43697
-122.8576,42.41594600000001
-122.857396,39.120978
-122.857332,45.173726
-122.85732,38.663842
-122.857304,40.843572
-122.857295,39.014655
-122.857268,45.3497
-122.857197,39.127404
-122.857182,39.123021
-122.85711407602857,42.41601347903053
-122.857114,42.416013
-122.857008,38.694866
-122.857001,38.983966
-122.85697,45.149669
-122.856923,45.122615
-122.856884,38.255146
-122.85686499999998,46.035373
-122.856812,45.447651
-122.856569,38.101113
-122.85656000000002,39.12813
-122.856525,39.127592
-122.856445,38.603055
-122.85643,42.31679000000001
-122.856404,45.123176
-122.856375,38.603087
-122.856277,45.361264
-122.856259,45.537486
-122.856131,42.410729
-122.856129,42.409797
-122.856129,42.410305
-122.856127,42.411685
-122.856108,42.4124
-122.856088,42.405471
-122.856066,38.596396
-122.85601973475048,38.59659075718596
-122.85601973475048,42.43689179400237
-122.856018,42.415932
-122.856016,42.413229
-122.85601,42.413273
-122.855977,44.501162
-122.855972,42.38282
-122.855972,42.38924
-122.85595536,42.41601348
-122.855944,42.425563
-122.855933904062,42.42732167223727
-122.855933,42.42731
-122.855921,44.879338
-122.855888,42.41711
-122.855759,42.35107
-122.85575,45.175781
-122.855747,44.879536
-122.855746,42.414664
-122.855725,39.123019
-122.855673,42.414937
-122.85565495432444,42.31610655764429
-122.855654,42.316106
-122.855621,42.415124
-122.855614,42.360249
-122.855567,45.361774
-122.85556499999998,42.52303
-122.855529,45.124142
-122.855479,39.12475
-122.855469,45.48069
-122.855399,38.59605300000001
-122.8553760045869,42.31591343859522
-122.85535455,38.48760724
-122.855331,42.41592
-122.855331,44.05167
-122.855323,45.65459
-122.855318,44.500994
-122.855312,39.129915
-122.855311,42.315975
-122.85529017,39.12200332
-122.855257,42.415997
-122.8552472585542,42.415992021358406
-122.855233,45.175781
-122.85511,38.48827
-122.855092,38.488261
-122.855057,42.416454
-122.854953,38.431436
-122.85482,38.960479
-122.854809,42.315494
-122.854748,38.692912
-122.85474,38.97509
-122.854714,42.315561
-122.8547108167512,42.31557011584131
-122.85471,42.31557
-122.854655,38.431615
-122.854632,38.450819
-122.854586,38.488044
-122.854584,38.396893
-122.85451769770216,41.610192060272176
-122.854462,45.536808
-122.854441,39.12279
-122.854424,39.122787
-122.854416,38.431601
-122.85438700000002,38.396926
-122.854353,45.811739
-122.854298,39.128993
-122.854277,38.48075
-122.854275,44.500729
-122.854227,45.481031
-122.854116,38.982702
-122.854088,42.52364
-122.854077,45.812123
-122.854027,42.30954000000001
-122.853964,42.418732
-122.85392,42.436901
-122.853899,42.436893
-122.853774,45.812556
-122.85371200000002,38.284199
-122.85370230616164,45.17778754212772
-122.853702,45.177787
-122.853675,38.495761
-122.853609,38.982138
-122.853503,44.051295
-122.8535,38.661789
-122.853485,45.536688
-122.853484,45.81296500000001
-122.85347,38.661761
-122.853466,43.937544
-122.853421,42.419789
-122.853395,45.536405
-122.853326,45.178148
-122.853271,38.430473
-122.853249,38.989414
-122.853246,39.124603
-122.853238,38.492855
-122.85323,42.420162
-122.853216,39.122836
-122.853136,45.177833
-122.853095,40.778153
-122.853093,45.652759
-122.853065,38.595051
-122.853028,41.608337
-122.852921,45.371391
-122.852891,42.524126
-122.852883,39.011248
-122.852844,38.982388
-122.852815,44.051135
-122.852676,38.594772
-122.852629,40.341429
-122.852608,42.304409
-122.85258,42.304398
-122.852577,38.429882
-122.85252213419508,46.0233056543063
-122.85248500000002,38.964117
-122.852471,38.965426
-122.852417,38.968712
-122.852401,42.52432
-122.85237,45.179082
-122.852366,42.313866
-122.852318,47.041531
-122.85228,42.42202
-122.852219,44.651035
-122.85221,42.30411
-122.85217881144116,45.17875313737306
-122.852178,45.178753
-122.852074,38.594536
-122.852037,42.422498
-122.85202,47.041168
-122.852019,42.31362
-122.851943,45.49228400000001
-122.85194277704784,44.65183854081796
-122.851921,46.022327
-122.85192,42.422728
-122.85183700000002,45.471119
-122.851824,40.777831
-122.85182,39.128099
-122.851799,45.466919
-122.851789,47.99250900000001
-122.85178799999998,45.492276
-122.851775,45.179171
-122.851766,45.535788
-122.85173799999998,47.9925
-122.851734,38.396678
-122.851717,45.651721
-122.851707,45.41487100000001
-122.851705,38.604051
-122.851682,46.021826
-122.851677,42.423241
-122.851671,42.42321
-122.851662,45.651749
-122.851652,42.423249
-122.8516423696382,42.42324471453465
-122.851533,38.450893
-122.851472,38.486393
-122.851471,45.48185
-122.85138487757276,46.02193236329068
-122.851357,47.04203
-122.851345,45.651671
-122.851304,42.423922
-122.851283,38.317283
-122.851247,38.322998
-122.851243,38.438913
-122.851183,44.050871
-122.851178,45.128928
-122.85116200000002,39.127251
-122.851146,42.524821
-122.851126,38.396718
-122.851124,38.591322
-122.851102,41.607802
-122.851099,38.395589
-122.851098,38.503872
-122.851038,38.396401
-122.851006,38.396748
-122.851006,38.396751
-122.850916,45.129229
-122.850894,38.396793
-122.850857,42.302963
-122.85081,42.312732
-122.850706,45.180217
-122.850573,45.651165
-122.850569,38.427901
-122.85054,38.427879
-122.850527,38.151011
-122.850479,42.425541
-122.850468,42.425534000000006
-122.850457,38.437488
-122.850366,39.132716
-122.850333,38.589936
-122.850318,42.423218
-122.850258,38.45092800000001
-122.850243,42.42597
-122.85022,42.312286
-122.850209,42.312298
-122.850189,38.593559
-122.85016,45.650732
-122.850091,42.426265
-122.850073,38.589479
-122.85003799999998,45.650815
-122.85003,42.302216
-122.850014,38.593464
-122.84999012888504,38.59345793705657
-122.849943,45.130265
-122.849873,38.094806
-122.849789,42.426851
-122.84962535,38.38752866
-122.849602,42.427292
-122.849587,38.521536
-122.84958243311476,41.8354332445057
-122.84957,42.427278
-122.84956098,42.42727876
-122.84956097544264,42.427278756893024
-122.84956,42.427278
-122.84953951777052,38.59298586826994
-122.849487,44.499229
-122.849486,44.499223
-122.849467,39.132718
-122.849436,44.660805
-122.849419,38.592941
-122.849368,42.3016
-122.849354,43.310665
-122.849252,38.588042
-122.849238,47.429444
-122.849226,45.818989
-122.849221,38.624065
-122.849089,40.320973
-122.84906399999998,44.051194
-122.849052,42.428262
-122.849007,45.819287
-122.848888,38.623643
-122.848816,38.587291
-122.84878700000002,44.702386
-122.848756,45.935876
-122.848746,42.311246
-122.848735,38.439392
-122.848732,39.130093
-122.848691,42.428946
-122.848685,41.602431
-122.848659,42.310924
-122.848645,46.293135
-122.848613,47.353946
-122.8486,38.42670800000001
-122.848595,38.466366
-122.848564,41.67882
-122.84853,38.44122700000001
-122.848493,44.692367
-122.84848999999998,44.356472
-122.848464,45.649598
-122.848462,39.122957
-122.848457,43.31139500000001
-122.848427,45.366508
-122.848394,45.132019
-122.848362,39.12677100000001
-122.84833799999998,38.426125
-122.848289,38.689056
-122.848282,38.425652
-122.848259,38.41096
-122.84825,38.431596
-122.848244,38.425636
-122.848152,45.649541
-122.848009,38.424851
-122.847908,41.606003
-122.847889,39.122965
-122.847832,39.122971
-122.847828,44.663211
-122.847781,39.121411
-122.847724,47.043049
-122.847693,45.367089
-122.847652,38.585318
-122.847601,39.011201
-122.847588,39.011238
-122.84749,39.123654
-122.84744,39.12295
-122.847382,38.411011
-122.847372,42.425543
-122.84736,39.128081
-122.847349,42.525849
-122.847343,41.45767100000001
-122.847338,42.309832
-122.847325,45.534109
-122.84730791987016,45.53409218766436
-122.847307,45.534092
-122.8472435468538,45.534349679729786
-122.847235,45.821758
-122.847216,45.184139
-122.847215,38.554727
-122.847198,42.309711
-122.847064,43.935102
-122.847046,45.82202
-122.8470289701326,40.36983132343116
-122.847028,39.124494
-122.847014,40.33685300000001
-122.847012,38.367875
-122.84700751246048,47.04333901382902
-122.847007,47.043339
-122.846974,44.879586
-122.846901,38.536842
-122.846889,45.183961
-122.846855,45.367647
-122.846809,38.451031
-122.846801,47.356621
-122.84678999999998,38.454788
-122.846776,38.459013
-122.84676,45.365168
-122.84673,47.418022
-122.846672,39.123694
-122.846664,44.666797
-122.846643,39.122965
-122.84664273203444,47.043253183140536
-122.846632,43.93490900000001
-122.8466,42.427297
-122.846587,41.830099
-122.846564,46.57604600000001
-122.846454,45.152012
-122.846447,41.600867
-122.84641299999998,38.423199
-122.84638,45.18446
-122.846373,38.423213
-122.846351,38.539647
-122.846317,39.128053
-122.846304,39.125212
-122.846298,42.52586
-122.846288,38.54805800000001
-122.846282,42.525873
-122.846255,47.42481400000001
-122.84623700000002,47.42487
-122.846216,45.823249
-122.846191,38.545208
-122.846169,45.823238
-122.846161,38.422081
-122.846153,38.547531
-122.846134,38.422086
-122.846098,38.421429
-122.846097,38.547465
-122.846055,38.420614
-122.846044,45.823542
-122.845977,45.533596
-122.84596299999998,38.41888
-122.845954,38.418861
-122.845931,38.406923
-122.845919,41.601876
-122.845903,38.982277
-122.845898,42.432532
-122.845889,44.671225
-122.845884,38.417829
-122.84585,44.496689
-122.84584879816605,42.30896115282865
-122.845815,38.989355
-122.84578700000002,39.123703000000006
-122.845755,42.308864
-122.845754,39.122986
-122.845749,39.123051
-122.845749,47.425673
-122.84574150980544,42.308853864468055
-122.845741,42.308853000000006
-122.845741,46.008463
-122.84561276377278,42.30831742266508
-122.84556984842853,42.30827450732085
-122.845553,47.41562800000001
-122.845536,42.308671
-122.845482,38.45105
-122.845431,45.135282
-122.845425,38.451048
-122.845401,44.686317
-122.845399,38.54756
-122.845383,38.41534
-122.845383,38.447698
-122.84537672937944,38.44769597035194
-122.845376,38.688382
-122.84536,38.443931
-122.845345,45.53339
-122.845232,43.312622
-122.84523,38.367851
-122.845202,38.99714
-122.845171,44.496152
-122.845131,46.293579
-122.845093,45.135712
-122.84504,45.135741
-122.845034,44.677335
-122.845009,45.825305
-122.84496,38.41187
-122.84490900000002,44.495946
-122.844848,44.679801
-122.844841,44.679798
-122.844749,45.136089
-122.84473,42.307534
-122.844671,39.122965
-122.844536,39.12295200000001
-122.844528,45.82616
-122.84452,45.826193
-122.844517,38.397782
-122.844423,47.044134
-122.844383,38.397789
-122.84436,47.112289
-122.844334,45.186959
-122.844299,38.587822
-122.844293,38.485819
-122.844244,47.428374
-122.844231,39.12295200000001
-122.844227,38.266858
-122.84415364206863,46.00416541077612
-122.844147,46.003601
-122.844049,38.401643
-122.843961,45.931578
-122.843955,38.9787
-122.843938,42.296438
-122.843845,38.383331
-122.843825,40.673456
-122.84381100000002,39.122898
-122.84381031931473,40.67345738391555
-122.843755,47.42890300000001
-122.843669,38.98226500000001
-122.843636,47.044445
-122.843576,42.525476
-122.843552,38.413342
-122.843527,38.61129
-122.843494,45.137463
-122.843391,43.933267
-122.843353,45.346191
-122.843331,38.108844
-122.843328,45.828459
-122.843267,45.370022
-122.843231,47.447231
-122.843226,47.447222
-122.843193,39.122753
-122.843178,38.484589
-122.84314,39.12278
-122.843096,44.356949
-122.843045,38.97489
-122.843032,38.611611
-122.843019,40.846656
-122.842957,38.412731
-122.84292,45.491586
-122.842907,38.577099
-122.842903,45.13812
-122.842785,44.053856
-122.842758,38.088989
-122.842688,38.415353
-122.842674,45.50828900000001
-122.842638,45.531832
-122.84261,38.612631
-122.842601,47.044804
-122.842598,38.451315
-122.842592,38.684701
-122.84258723200396,47.04479813553312
-122.842587,38.975653
-122.842571,38.371404
-122.842568,41.605954
-122.842529,38.97567
-122.842438,45.532242
-122.842406,38.660738
-122.842392,38.587662
-122.84237,38.587679
-122.842365,45.532223
-122.84233600000002,45.646564
-122.842239,45.532184
-122.842237,38.98220900000001
-122.842228,38.575602
-122.842227,45.532437
-122.842225,47.447293
-122.842048,45.83084
-122.842016,38.484518
-122.84201000000002,45.532082
-122.841957,45.48391
-122.841949,45.489471
-122.841949,45.491669
-122.8419435018404,45.53284764268144
-122.841908,45.491682
-122.841873,45.492126
-122.841835,45.929754
-122.841783,45.136194
-122.841617,38.411018
-122.84156000000002,47.410931
-122.841536,38.66027800000001
-122.841499,45.646011
-122.841496,47.410898
-122.841453,38.583984
-122.841394,45.64603
-122.841309,38.087662
-122.841278,47.432544
-122.841106,38.381078
-122.841034,45.151545
-122.840899,41.608676
-122.84089099999998,39.122055
-122.8408277028902,42.43644118288785
-122.840827,42.436441
-122.840816,47.999942
-122.840721,47.43256
-122.840675,45.64533400000001
-122.840668,38.572741
-122.84063799999998,39.12063
-122.840619,42.30387
-122.840525,45.83355200000001
-122.84052,47.410246
-122.840518,45.531532
-122.840504,38.982114
-122.8405,38.5732
-122.84048500000002,38.087083
-122.840473,38.573207
-122.840469,40.751492
-122.840468,45.36832
-122.840422,45.531765
-122.840407,38.451549
-122.840397,45.151538
-122.840387,38.97815900000001
-122.840347,42.436855
-122.840308,45.833938
-122.840251,38.583061
-122.840141,43.931438
-122.840134,43.931445
-122.840126,45.531384
-122.840107,44.054642
-122.840102,39.121781
-122.840027,47.433648
-122.839985,38.978109
-122.839914,42.52472
-122.83990502298909,38.10930848103471
-122.839867,46.576019
-122.839855,46.576023
-122.839852,45.834775
-122.839728,39.122352
-122.839718,38.686984
-122.83971499999998,45.191486
-122.839703,44.491888
-122.839653,45.516781
-122.839542,38.687208
-122.839535,38.10652
-122.839496,47.407517
-122.83943,45.191307
-122.83941149653036,45.19130587556272
-122.839411,45.191305
-122.839382,45.835652
-122.83934,38.305199
-122.839292,38.058973
-122.839272,38.305193
-122.839218,47.04533
-122.839144,38.622962
-122.83908,42.437789
-122.839027,38.398193
-122.838906,45.142647
-122.838844,47.435524
-122.838810681711,44.87358212449611
-122.838796,44.872211
-122.838753,45.54435
-122.838733,44.866722
-122.838709,38.977945
-122.838682,38.572733
-122.838557,45.530789
-122.838501,38.580366
-122.838497,38.379322
-122.838201,45.530657
-122.838049,38.976187
-122.838047,45.926449
-122.837913,45.530822
-122.837892,45.838335
-122.837814,38.977116
-122.837665,38.977804
-122.837649,45.144055
-122.83763050974446,45.14405608155658
-122.837577,45.838908
-122.83754,38.306351
-122.83754,38.659
-122.837539,38.451873
-122.837527,44.054987
-122.837497,42.438975
-122.837387,38.398634
-122.837355,38.074132
-122.837352,40.324888
-122.837309,45.839417
-122.837301,45.530598
-122.837269,38.392268
-122.837131,45.839761
-122.837042,38.977722
-122.83704,38.61385
-122.837018,38.97377
-122.83695,45.925419
-122.836944,38.577898
-122.836882,42.439442
-122.836877,44.48967800000001
-122.836868,39.120533
-122.836807,45.554562
-122.836742,45.530108
-122.836694,38.398176
-122.83651,47.374279
-122.836404,44.489308
-122.83638,44.489319
-122.836233,41.84738400000001
-122.836168,39.120114
-122.836167,45.841519
-122.836121,47.046551
-122.836068,45.136351
-122.836029,46.43721
-122.835968,47.045872
-122.835915,39.119961
-122.835687,38.392813
-122.835681,38.973319
-122.835559,41.616297
-122.835403,42.289201
-122.835396,44.488531
-122.835379,45.923873
-122.835242,45.135934000000006
-122.835153,38.581395
-122.835099,38.61404
-122.835023,47.93216
-122.834998,38.952829
-122.834953,45.84373
-122.834916,39.120712
-122.834851,45.147207
-122.83477,38.614193
-122.83474,45.844102
-122.834712,43.312829
-122.834561,42.441252
-122.834509,45.529274
-122.834488,47.439919
-122.83445,45.55994000000001
-122.834324,38.37916
-122.834305,42.298642
-122.8343,42.523779
-122.834294,45.84491
-122.83428311289389,42.523773908412345
-122.834244,42.29861500000001
-122.834159,38.302914
-122.834086,38.614232
-122.833936,42.441726
-122.833865,47.440852
-122.83382,44.054375
-122.833796,42.441644
-122.83377,38.657974
-122.833744,45.490547
-122.833668,47.0458
-122.833666,47.04598
-122.833639,38.979284
-122.833636,38.976516
-122.83351299999998,42.44195300000001
-122.833507,45.846224
-122.83346772135336,42.441891431606095
-122.833423,39.11832800000001
-122.83338189,45.52885652
-122.833381,45.528851
-122.83333,45.133241
-122.833243,47.441837
-122.833223,45.149034
-122.833219,45.92142
-122.833209,45.133077
-122.833189,45.846696
-122.833138,38.337891
-122.833055,38.950602
-122.832997,38.981235
-122.832949,38.982081
-122.832868,40.675214
-122.832841,38.306344
-122.832836,45.490319
-122.832832,38.972351
-122.832809,38.30228
-122.832787,38.969395
-122.832777,38.967345
-122.832754,38.972332
-122.832716,45.847363
-122.83269524515708,45.52887797333943
-122.832695,45.528877
-122.832667,41.619017
-122.832664,45.200233
-122.8326094144686,40.67523837070143
-122.832603,40.675243
-122.832531,38.387025
-122.83243,47.045909
-122.832408,38.982082
-122.832402,45.149797
-122.832292,45.200149
-122.832181,38.693822
-122.832161,38.657676
-122.832161,45.84805
-122.832123,38.657688
-122.832117,38.975426
-122.83205151499352,38.09776425343466
-122.832013,45.528319
-122.831925,45.131294
-122.831917,38.426418
-122.831871,38.571087
-122.83186200000002,38.413875
-122.831802,38.051962
-122.831801,38.426333
-122.831712,38.971912
-122.831617,38.423598
-122.831604,45.848676
-122.831596,45.848652
-122.831589,38.621734
-122.831503,38.982075
-122.8315,42.443369
-122.83149,45.151134000000006
-122.831459,45.43528
-122.831387,45.848534
-122.831337,42.423043
-122.831329,42.42305
-122.83132195414144,42.423051595485575
-122.831244,38.426222
-122.83121,44.054959
-122.831204,45.151299
-122.831169,45.849124
-122.831131,38.07674
-122.831124,38.975602
-122.83108,39.117489
-122.83106446207606,41.35124087313961
-122.83096,38.076543
-122.830948,39.117451
-122.830905,45.849386
-122.830799,44.358926
-122.830775,45.380439
-122.830708,45.151994
-122.830695,43.926062
-122.830682,38.510867
-122.83067822397793,43.9260542390636
-122.830668,45.918524
-122.830633,45.151843
-122.830545,42.52370300000001
-122.830505,38.982074
-122.830452,38.982059
-122.830368,48.013649
-122.830346,48.01366
-122.830291,45.152341
-122.830279,38.97127800000001
-122.830268,44.834102
-122.830247,38.420905
-122.830133,38.569131
-122.83012,38.569124
-122.830081,38.971882
-122.830057,38.658347
-122.830026,44.056293
-122.829948,42.285179
-122.829913,38.4259
-122.829842,38.4259
-122.829826,47.38176
-122.829765,47.447247
-122.829742,45.436272
-122.829733,38.658566
-122.829733,40.700114
-122.829627,42.284982
-122.82962679804407,38.734799623304674
-122.829498,38.425804
-122.829481,45.527343
-122.82947,41.644567
-122.829397,38.97006500000001
-122.829391,45.850861
-122.829369,38.340435
-122.829303,45.636034
-122.829281,41.641602
-122.829223,38.982161
-122.82909,45.205427
-122.82906889856896,45.985132455606525
-122.829058,38.62029
-122.829053,38.367881
-122.829041,38.567978
-122.829025,38.567963
-122.829021,40.853198
-122.828979,47.046207
-122.828961,38.999996
-122.828955,39.002006
-122.828908,45.527127
-122.828896,45.635579
-122.828882,38.962741
-122.828596,38.967643
-122.82858799999998,38.418817
-122.828544,41.406111
-122.828541,45.205517
-122.82853245676596,41.406108140748
-122.828511,44.83322024
-122.82851099909388,44.83322024324021
-122.82851,44.83322
-122.828461,45.851789
-122.828444,45.205654
-122.828385,45.983665
-122.82822,42.445807
-122.828175,42.293171
-122.828155,42.293153
-122.82812,39.116387
-122.827935,45.634772
-122.827918,45.91536
-122.827894,38.417761
-122.827869,38.366905
-122.82786726893028,41.340383291047374
-122.827842,47.385944
-122.827797,47.386364
-122.827785,47.386594
-122.827754,38.416179
-122.827734,38.956681
-122.82771706522549,38.95667195301553
-122.82771,42.292757
-122.82761,38.073118
-122.827583,38.07312
-122.827548,39.11619500000001
-122.827459,38.410214
-122.827453,38.410524
-122.827435,38.41255200000001
-122.827431,38.41267
-122.827431,47.45085
-122.82728791178307,41.558972596924015
-122.827285,47.451016
-122.827157,45.2082
-122.827149,42.283192
-122.827115,45.526456
-122.827101,38.799555
-122.827044,38.565883
-122.827022,38.967493
-122.82696599999998,38.510828
-122.82696,43.318352
-122.826901,44.83204
-122.826822,45.853407
-122.82675,38.401216
-122.826730012308,44.831954240585176
-122.826653,45.50388
-122.826632,45.208245
-122.826612,44.481687
-122.826416,44.481544
-122.826301,42.422988
-122.82623648584922,38.56502652149885
-122.826183,38.951177
-122.826134,45.48957100000001
-122.826134,45.489574
-122.826111,45.465649
-122.826019,38.510818
-122.826019,38.536401
-122.82601,38.535806
-122.825966,45.439327
-122.825832,38.499405
-122.825829,38.500355
-122.825821,38.499882
-122.82581299999998,38.499401
-122.825798,38.379089
-122.825728,38.494559
-122.825717,40.67341
-122.825713,38.949794
-122.825706,38.949799
-122.82570004404629,38.94978404026532
-122.82566,45.489527
-122.825571,38.483195
-122.82544,38.730262
-122.825403,40.605468
-122.825401,38.425041
-122.825371,45.980564
-122.825357,38.425238
-122.825349,38.973241
-122.82523700000002,38.499924
-122.825236,38.437845
-122.825202,38.427804
-122.825187,38.430536
-122.825187,38.43073
-122.825155,38.948999
-122.825128,39.115392
-122.825124,45.980274
-122.825113,45.912126
-122.825023,38.263359
-122.825022,42.422983
-122.824991,38.401814
-122.824975,47.046724
-122.824953,47.452406
-122.824898,41.62579
-122.824829,45.980316
-122.82443899999998,47.046775
-122.824405,46.575974
-122.824404,38.069239
-122.82429,42.289293
-122.824277,45.631456
-122.824226,39.010743
-122.8241,38.424678
-122.824059,38.561794
-122.824011,45.856249
-122.823999,45.159425
-122.823992,44.865506
-122.82398343027675,41.33793711642581
-122.823979,39.72575
-122.823952,43.922279
-122.823835,47.046832
-122.82368999999998,42.288758
-122.823603,38.402301
-122.823593,38.306416
-122.823547,45.856707
-122.82344698847378,44.831503629470674
-122.823431,44.832092
-122.823375,45.160136
-122.823357,45.16011
-122.823029,38.561962
-122.82299,38.452412
-122.822842,38.561437
-122.822814,42.288383
-122.822773,38.397122
-122.82261013926112,44.83023762681565
-122.822477,42.451612
-122.82238,45.489201
-122.822326,38.424212
-122.822306,45.628922
-122.82224,45.628981
-122.82223799999998,38.402307
-122.822212,42.422958
-122.822179,42.452018
-122.822092,44.061279
-122.82209,38.364449
-122.822083,38.3647
-122.822039,38.364468
-122.82202,45.126791
-122.82201,45.161704
-122.821993,39.007618
-122.821992,45.858235
-122.821871,45.908487
-122.821865,45.161866
-122.821813,42.279752
-122.821802,38.402389
-122.82176499999998,38.947076
-122.821728,38.452411
-122.821727,47.047119
-122.82171,42.286994
-122.82170891703214,47.04711556412197
-122.821678,45.48912
-122.821584,44.06148
-122.821406,38.518226
-122.821392,38.533945
-122.82138799999998,43.92083
-122.821386,38.51082
-122.821324,38.510895
-122.821248,45.628279
-122.821233,45.858973
-122.821224,38.514512
-122.821186,38.36168
-122.821136,39.113242
-122.821114,42.37458
-122.821075,45.97662800000001
-122.82106518686857,45.97661375977528
-122.820976,38.559971
-122.82082915247526,45.97584128357898
-122.820806,44.86548
-122.820748,38.360273
-122.820709,45.163156
-122.820688,38.063392
-122.82058700000002,45.502281
-122.820496,46.575193
-122.820358,38.559189
-122.820355,45.524198
-122.820352,38.558815
-122.82033563,45.5242002
-122.82033562601652,45.52420020081746
-122.82032,47.407028
-122.820253,38.358492
-122.82019,39.112268
-122.820183,38.558956
-122.82018,45.218114
-122.820175,38.558956
-122.820168,39.112289
-122.82016396463956,38.55895400028916
-122.82013700000002,44.47665
-122.82011,44.062065
-122.820091,47.454639
-122.820078,42.455363
-122.820068,45.486671
-122.820045,45.126129
-122.820045,45.906426
-122.819942,38.483991
-122.819878,38.48402
-122.819862,42.455811
-122.819804,38.483758
-122.819802,45.523684
-122.81979918421354,45.52368521668661
-122.819799,45.523685
-122.819797,45.218028
-122.819734,38.666546
-122.819677,42.456314
-122.819656,48.049332
-122.819584,45.905895
-122.81945,47.049511
-122.819446,48.053584
-122.81926274241056,44.828177690292215
-122.81926274,44.82817769
-122.819148,42.456946
-122.81913,40.672394
-122.819124,42.456934
-122.819122,38.383018
-122.819077,38.402895
-122.818997,38.350266
-122.818968,39.110987
-122.81896,38.482927
-122.818932,45.165141
-122.818902,45.862111
-122.818867,38.355172
-122.818817,47.048977
-122.81881,42.600027
-122.818719,44.475549
-122.818693,38.394044
-122.81869,43.919295
-122.818655,42.600408
-122.818547,38.393753
-122.818483,47.048872
-122.818482,45.626548
-122.81846880854216,45.626553296825286
-122.818451,42.42292
-122.818443,42.458367
-122.818353,45.973237
-122.818345,42.59696
-122.818311,42.458338
-122.818307,42.284363
-122.818298,38.403037
-122.8182971471652,42.28437066058022
-122.818284,42.458329
-122.818268,38.959167
-122.818226,42.42257100000001
-122.81821131647672,42.42257952669896
-122.818211,42.422579
-122.81818985880464,42.284263372219634
-122.818119,45.863797
-122.818108,45.403488
-122.818072,40.865561
-122.818046,39.007621
-122.818032,45.522874
-122.817932,48.071159
-122.817909,48.078308
-122.817831,45.86450900000001
-122.817735,40.861223
-122.817732,38.371647
-122.81771100000002,38.0616
-122.817695,38.403152
-122.817656,38.061586
-122.81763195932947,41.87004446963372
-122.817513,45.51708
-122.817497,47.049562
-122.81746499999998,42.593192
-122.817448,38.351802
-122.817443,38.092278
-122.817433,45.517313
-122.817379,43.91855200000001
-122.817304,48.070436
-122.817268,47.049995
-122.817232,41.87019
-122.817134,43.321065
-122.817054,38.38900200000001
-122.816933,42.591876
-122.816904,45.866748
-122.816879,38.52177
-122.81686,44.704421
-122.816847,38.521729
-122.816821,38.524787
-122.81682,38.525162
-122.816757,38.536308
-122.816704,42.282082
-122.816575,42.589767
-122.816562,42.58727800000001
-122.816558,42.578222
-122.816555,42.586412
-122.816542,45.625256
-122.81653500000002,42.583892
-122.81653,47.459178
-122.816525,42.581877
-122.816469,45.867723
-122.816454,48.088223
-122.816449,38.35283
-122.816438,38.40346
-122.816381,40.319688
-122.816262,40.670963
-122.816211,38.479239
-122.816206,38.478414
-122.816141,38.46337800000001
-122.816139,38.388597
-122.816101,38.466991
-122.816082,38.550525
-122.816081,38.255638
-122.816071,47.378201
-122.816044,47.378159
-122.816034,38.352448
-122.815981,47.050891
-122.81597971857632,47.05089211441492
-122.81596,38.456956
-122.815957,38.454014
-122.815945,38.452424
-122.815944,39.108434
-122.815943,38.389133
-122.815918,38.452412
-122.81588,38.352409
-122.815863,45.522202
-122.81583700000002,45.52247
-122.815828,38.369343
-122.815822,38.403631
-122.815764,45.522441
-122.815762,45.16875
-122.815758,45.522224
-122.81574368418303,45.52153944947471
-122.81563,42.46267
-122.8155934804782,45.52297711350669
-122.815549,45.50503300000001
-122.815536,38.386768
-122.815518,45.224671
-122.815504,38.943572
-122.815422,38.944645
-122.81541599999998,42.463034
-122.815269,42.46340900000001
-122.8152,42.463399
-122.81517,38.944592
-122.815152,42.607649
-122.815145,42.570886
-122.815106,45.870994
-122.815094,42.281376
-122.815086,48.097099
-122.815014123331,45.5215179918026
-122.815013,44.472656
-122.814959,38.997877
-122.814894,38.996493
-122.81488537729828,42.28222489336833
-122.81481200000002,45.487389
-122.814774,45.521481
-122.814735,45.522659
-122.81472,42.281185
-122.81471299999998,45.476471
-122.814686,45.170003
-122.814651,47.381461
-122.814546,38.371727
-122.814431,42.52801
-122.81443,42.280922
-122.814426,38.308587
-122.814423,38.308586
-122.814418,42.528437
-122.814303,45.872918
-122.81427,45.226219
-122.814217,38.251911
-122.814165,38.351081
-122.814117,45.522148
-122.814103,38.423241
-122.814102,45.488309
-122.814087,38.38800000000001
-122.814077,42.524138
-122.814072,45.526451
-122.814032,42.533819
-122.81402707041352,42.28164553622111
-122.813995,40.319112
-122.81399,42.523805
-122.813959,42.465477
-122.813924,38.09092
-122.813903,45.226102
-122.813844,42.523322
-122.813799,46.574503
-122.813772,42.523084
-122.813631,45.227003
-122.813573,45.488259
-122.813506,38.387397
-122.813406,44.064757
-122.813392,42.521799
-122.813377,38.388062
-122.81326,42.422865
-122.813249,48.100402
-122.813232,45.500389
-122.813194,38.42325200000001
-122.813187,38.671544
-122.813121,38.485964
-122.813095,45.503988
-122.813057,38.67157
-122.813042,38.386841
-122.813021,45.171958
-122.813019,38.386829
-122.812875,42.520056
-122.812828,38.404625
-122.812782,42.422869
-122.812727,45.521009
-122.812712,47.396901
-122.81261,42.536718
-122.812587,42.563747
-122.812541,42.536699
-122.812468,45.895606
-122.812463,38.40474
-122.812432,38.38509000000001
-122.812396,39.006835
-122.81238,39.106113
-122.81237482966036,43.3212482927164
-122.812374,43.321248
-122.8123,38.404798
-122.812272,42.537289
-122.812241,42.537285
-122.812205,42.517373
-122.812167,40.868707
-122.81216,42.613119
-122.812155,42.471447
-122.812155,45.172962
-122.812115,42.472264
-122.81211299999998,45.893826
-122.81211,42.47018
-122.81209,42.470285
-122.812054,42.613865
-122.812043,38.670878
-122.812012,38.55064
-122.81201004923432,43.915454149036805
-122.81201,43.915454
-122.811994,44.470307
-122.81199,38.547353
-122.81199,42.47104
-122.81198700000002,42.485315
-122.811974,45.483589
-122.811945,42.499414
-122.81193799999998,42.478663
-122.81193799999998,42.478866
-122.811928,45.476471
-122.811927,40.868832
-122.811927,42.501191
-122.81191,45.892741
-122.811904,42.48545
-122.811899,42.50197
-122.811895,42.472282
-122.811891,42.488688
-122.811884,45.892602
-122.81183,42.48506
-122.811828,38.678165
-122.811827,42.514608
-122.811821,42.504636
-122.811821,42.505594
-122.811805,38.55073400000001
-122.811775,42.512729
-122.811771,42.511965
-122.8117525571689,40.6683290002791
-122.81171,45.876658
-122.811686,42.61573
-122.811676,47.053581
-122.811673,45.173523
-122.811663,47.053619
-122.811585,39.105618
-122.81149506510349,42.27759003619062
-122.811495,42.27759
-122.811394,38.43787800000001
-122.811315,38.561968
-122.811291,42.422979
-122.811287,46.296928
-122.811284,45.229844
-122.81126299999998,42.277343
-122.811223,42.277753
-122.811217,38.55020800000001
-122.811093,38.405229
-122.811092,38.313489
-122.8110873693332,42.277611493862736
-122.811076,44.065677
-122.811008,38.40526
-122.81100153864472,38.549748658950094
-122.810999,45.878041
-122.810997,38.405254
-122.810966,38.38372
-122.810947,38.383708
-122.810941,38.384075
-122.810933,38.384847
-122.810923,42.559125
-122.810891,38.38150200000001
-122.81086,38.372002
-122.810851,38.372005
-122.81083999999998,40.868654
-122.810829,42.541206
-122.810822,45.488239
-122.81073,38.549793
-122.81065821589084,38.549748658950094
-122.810656,42.423074
-122.810639,40.709397
-122.810564,42.55746
-122.810563,45.48826
-122.810472,38.063928
-122.810458,38.547386
-122.81041100000002,38.082967
-122.810313,42.552845
-122.81028,38.082765
-122.810249,42.474781
-122.810236,38.405536
-122.810231,42.54551
-122.810164,45.964729
-122.810158,40.747545
-122.810157,43.914453
-122.810145,40.699279
-122.810134,42.549294
-122.810121,45.125699
-122.810082,40.698904
-122.809986,44.866794
-122.809971570383,45.23141026475319
-122.809971,45.23141
-122.809967,45.386929
-122.80987,38.383113
-122.809626,41.295983
-122.809625,47.055312
-122.809619,45.519828
-122.80960679,45.51982284
-122.809606789957,45.51982283570519
-122.809586,38.94249600000001
-122.809497,42.645265
-122.809353,38.548725
-122.80934929789156,45.51999449708214
-122.809349,45.519994
-122.809217,42.643789
-122.809205,45.231787
-122.80919909418672,45.23177504517921
-122.809199,45.231775
-122.809096,45.488297
-122.808883,38.48782
-122.808829,42.27539
-122.808809,41.323417
-122.808807,42.621822
-122.808788,44.4505
-122.80854,45.519693
-122.80853,38.423248
-122.808457,42.639749
-122.808429,42.647685
-122.808399,40.70804
-122.808395,42.639765
-122.808365,38.67540200000001
-122.808272,38.406236
-122.808211,38.384723
-122.80821,44.06683
-122.808095,45.232863
-122.808067,38.547611
-122.80803,39.008853
-122.808007,42.647868
-122.808005,38.264066
-122.807984,38.069791
-122.807983,38.264061
-122.807938,45.177879
-122.807887,42.274464
-122.807832,38.079719
-122.807825,41.868361
-122.80777,38.5457
-122.807749,42.635445
-122.807708,45.17814
-122.807671,38.068072
-122.80765,38.213666
-122.807561,42.632632
-122.80750394,38.5467875
-122.80747,45.234454
-122.807453,38.545829
-122.80741100000002,45.234413
-122.807409,38.56209000000001
-122.807384,38.551302
-122.807305,45.234648
-122.807241,45.125692
-122.807147,42.630005
-122.807084,45.234919
-122.807012,38.369534
-122.807007,42.423771
-122.807002,45.617861
-122.806993,42.423771
-122.806992,38.067539
-122.806992,42.627937
-122.806938,45.61792
-122.806937,45.234526
-122.806924,45.617932
-122.806867,38.464591
-122.806862,38.467104
-122.806843,38.36448
-122.80683700000002,38.552024
-122.806808,38.467091
-122.806801,38.452541
-122.806801,38.485062
-122.80677,38.443451
-122.806766,38.06877100000001
-122.806758,38.452543
-122.806752,38.445278
-122.806734,45.617812
-122.80672,45.234786
-122.806714,38.441463
-122.806711,38.437882
-122.806709,38.437908
-122.806683,42.265884
-122.806632,38.370926
-122.806581,39.008989
-122.806501,38.369861
-122.806472,38.423258
-122.806468,38.437879
-122.806288,38.375429
-122.806288,38.376237
-122.806275,38.069153
-122.8062379354343,38.543826341445225
-122.806232,42.265465
-122.806209,38.380934
-122.806168,38.381248
-122.806167,38.381253
-122.806142,38.068201
-122.806132,38.381241
-122.806115,45.518508
-122.806105,45.488363
-122.806061,38.543907
-122.806045,42.272689
-122.806005,48.057755
-122.80588,38.367925
-122.805876,45.12565
-122.805862,38.546082
-122.80585,42.648207
-122.805798,38.543493
-122.805792,38.546049
-122.8057873243198,38.54348301869133
-122.805787,38.543483
-122.805671,39.100047
-122.805641,45.234444
-122.805622,38.542822
-122.805562,38.25682000000001
-122.805549,38.489258
-122.805457,45.180632
-122.80540109,45.23692489
-122.80540108622164,45.23692488648778
-122.805401,45.236924
-122.8054,38.360398
-122.805359,48.056969
-122.80534,38.068565
-122.805337,39.09978
-122.80533,38.067598
-122.805328,38.067589
-122.805318,38.38105
-122.805292,48.056933
-122.805138,38.064232
-122.805118,38.064247
-122.805100678812,38.06424736958473
-122.805099,38.542469
-122.804987,45.124928
-122.804969,41.626981
-122.804892,42.271107
-122.804864,38.924861
-122.80481100000002,38.943229
-122.80481100000002,44.462854
-122.80479,45.23379
-122.804644,38.407524
-122.804624,38.066402
-122.804602,45.488408
-122.80455,45.517918
-122.804534,45.488412
-122.804482,38.541359
-122.80441100000002,44.712871
-122.804405,44.705556
-122.804392,44.705547
-122.80438999999998,44.705582
-122.804362,38.526917
-122.804341,45.518029
-122.804319,45.12168
-122.804316,39.098983
-122.80426382959936,45.23776173570042
-122.804263,45.237759
-122.804263,45.237761
-122.804229,38.06701500000001
-122.804222,45.48843
-122.80418600000002,45.488438
-122.804185,40.866525
-122.804185,42.26356
-122.80418,38.562067
-122.80417,45.486217
-122.804156,40.695757
-122.804079,39.098797
-122.804027,47.359872
-122.803981,45.182175
-122.80396299999998,38.452541
-122.803895,42.263258
-122.803833,40.867851
-122.803818,45.463181
-122.803663,38.485173
-122.803649,40.668751
-122.803573,38.921924
-122.803558,38.407921
-122.803543,38.367599
-122.803441,44.068725
-122.80344,39.09829600000001
-122.803422,38.061934
-122.80338,38.380667
-122.803337,38.437908
-122.803301,42.27011
-122.803228,44.068808
-122.803198,38.467141
-122.803187,45.48857
-122.803157,40.869006
-122.803085,45.18312
-122.803073,45.239197
-122.803024,40.71820200000001
-122.803002,45.517331
-122.80298,38.075636
-122.802949,45.517514
-122.802819,41.308593
-122.80277,47.35988
-122.802736,38.511003
-122.802658,44.866816
-122.802612,45.517393
-122.80258,45.615256
-122.802561,42.269481999999996
-122.802419,40.708181
-122.802334,45.168804
-122.802299,40.319637
-122.802273,38.408354
-122.80224680842016,45.51726937272304
-122.802172,47.359894
-122.80217,45.18405900000001
-122.802164,42.254268
-122.802135,38.943368
-122.802135,45.184095
-122.802099,40.71697800000001
-122.802078,40.716999
-122.802019,45.48667
-122.802012,42.269018
-122.801961,39.09675
-122.801905,47.0574
-122.801903,41.865807
-122.801878,38.452533
-122.80171,45.151537
-122.80168700000002,38.380307
-122.801659,38.38028
-122.801551,38.073109
-122.801544,47.057812
-122.801536,45.042067
-122.801507,47.057465
-122.801497,38.408625
-122.801495789896,47.05745816208335
-122.801485,39.095945
-122.801455,45.184828
-122.801445,45.184841
-122.801437,38.073318
-122.801398,38.073329
-122.801393,45.488857
-122.801346,40.699568
-122.801308,38.287633
-122.80127,38.287601
-122.80127,45.614364
-122.801043,45.185276
-122.801036,41.312483
-122.800923,40.700903
-122.800821,45.18551
-122.800737,38.211713
-122.80072,44.352417
-122.800719,38.286654
-122.800604,44.866282
-122.800533,44.705555
-122.800427,39.098384
-122.800421,44.352407
-122.800346,38.53812
-122.800327,38.525054
-122.800323,38.511051
-122.800315,38.511036
-122.800304,38.50993
-122.800295,39.098441
-122.800239,45.119502
-122.800226,38.511604
-122.800224,38.50450900000001
-122.800221,44.35240200000001
-122.80020832956886,38.25730204563972
-122.800181,38.257208
-122.800139,45.186234000000006
-122.800103,38.409119
-122.800072,38.409111
-122.80007,45.462592
-122.800056,39.094314
-122.800012,38.409152
-122.800006,45.186375
-122.799964,45.151645
-122.799944,44.819166
-122.79992937983133,44.457002877977104
-122.79992937983133,44.81916546800223
-122.799929,44.81916500000001
-122.79988646448707,38.27824473362789
-122.799842,38.365256
-122.799758,40.705153
-122.799751,45.423908
-122.799747,48.050612
-122.799408,44.352409
-122.799407,38.379072
-122.799291,44.070371
-122.799269,45.187144
-122.79904,45.065726
-122.799016,38.436424
-122.798996,39.003428
-122.798992,38.515996
-122.798988,38.51601
-122.798866,39.093029
-122.79885649622535,45.398007631085406
-122.798853,39.09300800000001
-122.79873700000002,38.567581
-122.798676,45.515908
-122.798634,42.265848
-122.798491,47.472102
-122.798488,45.187941
-122.798448,40.70701500000001
-122.798401,45.515594
-122.79838442743872,45.51559567429774
-122.798275,38.534909000000006
-122.798254,43.912641
-122.798246,39.092325
-122.798235,42.265917
-122.7982342237339,43.91264319398921
-122.798234,43.912643
-122.79815,45.188262
-122.798086,38.500167
-122.798081,38.53308
-122.798005,38.409936
-122.797995,38.533082
-122.797928,45.24599
-122.79776499999998,39.092563
-122.797744,40.663497
-122.797715,45.245669
-122.797627,38.467164
-122.797512,45.071867
-122.797508,45.151398
-122.797462,38.452571
-122.797426,38.544681
-122.797406,38.659394
-122.797382,45.489437
-122.797371,38.525812
-122.797363,38.428619
-122.797356,47.058495
-122.79734,38.427538
-122.79731,38.423302
-122.79731,42.265194
-122.797226,47.05885900000001
-122.797157,40.663625
-122.79712,45.057996
-122.797087,46.858658
-122.796941,47.058221
-122.796906,46.543304
-122.796905,45.403982
-122.796855,42.648842
-122.79685,42.425731999999996
-122.79683947504616,42.42573380450045
-122.79681399999998,45.404495
-122.796734,38.943569
-122.796706,38.943662
-122.796692,46.305012
-122.796655,45.404465
-122.79657,45.48262
-122.796553,38.485999
-122.796548,39.091197
-122.796498,38.423288
-122.796363,38.49074
-122.79626299999998,47.473637
-122.796225,38.325547
-122.796211,45.610637
-122.796203,38.323287
-122.796177,40.663834
-122.796091,42.255224
-122.796078,40.884908
-122.796028,45.514408
-122.795934,38.499702
-122.795932,39.090576
-122.795918,45.610367
-122.795883,45.610371
-122.795837,38.511101
-122.795813,45.610437
-122.795792,38.268242
-122.79579,38.268247
-122.79574,39.090197
-122.795734,39.09838900000001
-122.795667,45.489791
-122.79563,45.051835
-122.795627,45.190427
-122.795616,45.514201
-122.795538,45.514729
-122.795534,38.411347
-122.795511,45.100199
-122.795486,45.489891
-122.795472,38.411351
-122.795425,38.836519
-122.7952945226536,44.81774926164237
-122.795294,44.817749
-122.795293,44.817747
-122.795282,39.089485
-122.795226,40.892127
-122.795218,45.404153
-122.794941,38.411739
-122.794908,38.365785
-122.794907,38.411709
-122.794892,38.437946
-122.794873,38.411681
-122.794769,45.514511
-122.794757,40.892446
-122.79473662317852,40.89243292789033
-122.79468500000002,45.514194
-122.794591,38.411248
-122.794546,45.191317
-122.794545,45.514342
-122.79454350412942,45.19130587556272
-122.7945,38.411925
-122.794474,39.088858
-122.794404,39.09430800000001
-122.794382,38.525749
-122.794326,38.90855
-122.79430746973613,44.81635451295463
-122.794307,44.816354
-122.794273,44.70694
-122.794261,45.063473
-122.794155,39.089029
-122.794103,45.045463
-122.794067,45.513976
-122.79405,45.460684
-122.794042,39.088174
-122.793991,45.513931
-122.793986,38.486364
-122.793983,45.490261
-122.793981,45.490319
-122.793961,45.476582
-122.793806,45.513881
-122.793757,42.262233
-122.793744,39.092504
-122.79372811258892,45.48654198624856
-122.793727,38.656526
-122.793706,45.486155
-122.793679,39.097681
-122.793663,38.556154
-122.793658,38.365577
-122.793635,38.525757
-122.7936,38.437943
-122.793558,38.412493
-122.793533,42.648666
-122.793518,39.088389
-122.7935135358677,45.41141867615981
-122.793503,45.41148
-122.79348799999998,39.08735
-122.793348,45.491063
-122.793312,45.04216
-122.793306,45.042134
-122.793121,38.266505
-122.793091,38.375568
-122.79306499999998,45.404148
-122.793061,38.528906
-122.79306,38.528893
-122.793047,45.49043
-122.79304146708108,45.4904258249021
-122.793041,45.490425
-122.793032,44.86623400000001
-122.79303,38.46717
-122.793013,45.48998
-122.793009,39.113067
-122.793003,45.48633
-122.792974,38.511086
-122.792974,45.486535
-122.792965,45.486607
-122.79294,38.412959
-122.79288400000002,38.375469
-122.792882,44.86623400000001
-122.79287,38.41293
-122.792866,45.48628400000001
-122.79286100000002,39.099664
-122.79286100000002,45.482505
-122.792841,45.486535
-122.792831,45.486606
-122.792805,45.51351
-122.792796,45.080375
-122.79279,39.086636
-122.792786,45.482898
-122.79278397501568,45.48289418198832
-122.79278397501568,46.57607674576485
-122.792771,38.94272
-122.792769,38.322425
-122.792731,40.664568
-122.79271960199932,45.48289418198832
-122.792719,45.482894
-122.7927,45.513472
-122.792626,45.080712
-122.792607,38.413775
-122.79258,45.513629
-122.79256939829448,45.51362156846278
-122.792569,38.375234000000006
-122.792559,39.091373
-122.79251399999998,44.072811
-122.79248,47.059322
-122.792446,45.485464
-122.792388,45.49195200000001
-122.792364,40.894592
-122.79232,45.48859
-122.792305,45.490589
-122.792277,38.942621
-122.792276,38.94243
-122.79227,45.490546
-122.792234,45.49076
-122.792221,45.490833
-122.792191,45.516304
-122.792191,47.476447
-122.792183,45.490719
-122.792176,45.492466
-122.792168,38.9426
-122.792162,45.486833
-122.792149,38.655383
-122.792113,45.490791
-122.792107,38.527309
-122.792105,45.252449
-122.792091,45.19324
-122.792091,48.972172
-122.792075,39.085974
-122.792001,47.476297
-122.791997,44.708879
-122.79186599999998,45.49282
-122.791792,45.493473
-122.79177546442608,45.493472814343
-122.791775,45.493472
-122.791746,38.500272
-122.79173,45.47953
-122.79171200000002,45.48959
-122.791711,45.479525
-122.791648,44.073018
-122.791641,45.035236
-122.79162526072122,45.035222768568815
-122.791589,45.494706
-122.791578,45.042139
-122.791569,45.606152
-122.791522,39.00115200000001
-122.791481,39.090307
-122.791475,45.494245
-122.791458,45.495499
-122.791448,39.085316
-122.791443,45.41452
-122.79143214167216,45.49465298630954
-122.791432,45.494652
-122.79141068400006,45.49568295457127
-122.791405,38.527103
-122.79138922632794,45.49096226670508
-122.791389,45.490962
-122.791382,43.33033
-122.79137,45.49024
-122.791366,45.490841
-122.791322,45.459896
-122.791321,45.08337
-122.791313,38.627529
-122.791298,39.084957
-122.791273,45.496448
-122.791256,38.526949
-122.791252,39.084511
-122.791239,39.0845
-122.791185,38.374223
-122.79118400000002,47.059561
-122.79117464960676,47.05956101395103
-122.791145,40.70300200000001
-122.790999,45.498796
-122.790973,47.059226
-122.790924,38.526905
-122.790898,38.499657
-122.790865,45.084361
-122.790845,38.373978
-122.790802,45.084504
-122.790785,39.089658
-122.790744,45.49874000000001
-122.790631,44.866236
-122.79061675013163,44.86622214295928
-122.790476,44.815979
-122.790448,45.085295
-122.790431,38.511101
-122.790409,38.526013
-122.79040217341046,38.52601647358643
-122.790402,38.526016
-122.790385,38.045162
-122.790353,42.25943
-122.790337,45.194485
-122.790334,45.498642
-122.790325,45.459612
-122.790268,38.525795
-122.790238,39.082716
-122.790222,39.082699
-122.790193,45.194588
-122.79016613901716,45.47656416871321
-122.790108,38.52600200000001
-122.790104,45.08599
-122.790057,39.089858
-122.790031,38.526249
-122.790024,45.498917
-122.789965,38.374482
-122.789963,38.52583900000001
-122.789963,42.259109
-122.789882,45.500043
-122.789877,42.249124
-122.789749,45.47678
-122.789745,45.194941
-122.789727,45.476574
-122.789682,45.149282
-122.789673,45.447338
-122.789658,38.525188
-122.789628,38.525486
-122.78960823954203,38.52548003178345
-122.789558,45.476579
-122.789517,45.026415
-122.789494,38.373025
-122.78949,38.37302
-122.789474,45.47646
-122.789422,41.864165
-122.789421,45.491409
-122.789419,39.085198
-122.789336,47.059872
-122.789334,42.258184
-122.789205,39.086329
-122.789189,42.258467
-122.78917,47.059539
-122.789146,42.258037
-122.78913617075544,40.31955599765625
-122.78912,39.091324
-122.789054,39.081755
-122.789033,38.625267
-122.788952,39.081507
-122.788862,40.897427
-122.788854,47.478756
-122.788841,45.19560300000001
-122.788806,39.091307
-122.788789,45.151867
-122.78877139032942,38.52421402912844
-122.788771,38.524219
-122.7887499326573,38.04197430592517
-122.788748,45.459212
-122.78868556,45.47660708
-122.78868555964094,45.47660708405744
-122.788682,38.291677
-122.788587,43.909141
-122.788573,38.373211
-122.788573,38.540324
-122.788474,42.42735
-122.78847,45.491614
-122.788452,45.459146
-122.788399,43.909072
-122.788381,38.401848
-122.788347,45.195974
-122.788342,45.256998
-122.788322,39.089941
-122.78832,38.04107
-122.788219,45.021808
-122.78821349085432,45.021811723494416
-122.788208,38.437969
-122.788206,39.083501
-122.788135,38.427944
-122.788078,38.514771
-122.788071,38.42332800000001
-122.788064,39.084497
-122.788061,45.48658
-122.788057,38.372022
-122.788019,45.47475
-122.787973,45.60191
-122.787951,38.423317
-122.787917,38.401364
-122.787874,38.257456
-122.78781,38.401279
-122.787783,45.511835
-122.787781,38.040489
-122.78774,45.601237
-122.787738,45.50161
-122.78771996439558,45.50160527207612
-122.787719,45.501605
-122.787669,45.47414000000001
-122.78765559137922,45.47413945176376
-122.78761268,45.4742682
-122.78761267603498,45.47426819779646
-122.787611,45.47427
-122.787582,38.49321
-122.787567,45.501713
-122.78756,45.418339
-122.787546,45.486577
-122.7875053876744,38.493186235244295
-122.787452,44.442399
-122.787443,38.51504600000001
-122.78743,44.441608
-122.787419,44.441574
-122.787397,45.090663
-122.787379,45.090695
-122.787343,38.522668
-122.787328,45.418683
-122.787274,38.493295
-122.787198,38.040244
-122.787169,38.507741
-122.78716599999998,44.441204
-122.787148,38.522778
-122.787128,44.441148
-122.787115,45.60067
-122.787064,38.52269
-122.786999,39.079284
-122.786987,45.458796
-122.786953,45.501876
-122.78694749,45.50186276
-122.786903,38.522518
-122.786903,45.111913
-122.786901,45.19704
-122.786842,45.491982
-122.786813,44.074084
-122.786775,38.522053
-122.786758,45.502153
-122.786751,38.522011
-122.78672,45.486519
-122.786701,45.47291
-122.786694,45.511288
-122.78669,45.51128268
-122.78668999613386,45.47291636445296
-122.78668999613386,45.51128268220182
-122.786689,45.472916
-122.78668799999998,38.54032700000001
-122.786624,38.509285
-122.786577,38.37096500000001
-122.786539,40.6651
-122.786518,45.492044
-122.78645396174058,41.86360716799801
-122.786369,45.47182100000001
-122.78633700000002,38.50989000000001
-122.786301,38.452564
-122.786299,38.51111
-122.786269,38.892205
-122.78623799999998,45.464974
-122.786233,41.863543
-122.786221,45.465578
-122.786212,45.465936
-122.786212,45.471847
-122.786157,45.47204
-122.786148,45.496986
-122.786145,45.472046
-122.78614,45.449699
-122.786125,45.468987
-122.786118,45.469482
-122.78609,45.465543
-122.786088,45.49213
-122.786075,45.259736
-122.7860677236424,45.46607136704699
-122.786067,45.466071
-122.786057,45.466907
-122.786057,45.471631
-122.785972,45.599466
-122.785969,45.469357
-122.785934,45.511013
-122.785898,45.46206
-122.78587460459336,45.46205878236074
-122.785856,40.665086
-122.785846,45.502631
-122.78582,45.459641
-122.785817,38.540323
-122.785810231577,45.26059269883508
-122.78581,45.260592
-122.785758,41.624667
-122.785616,39.078629
-122.785591,44.35053900000001
-122.785558,38.889454
-122.785515,45.260409
-122.785511,45.109552
-122.785435,40.665079
-122.785355,38.488806
-122.785221,38.511117
-122.785064,45.503034
-122.785014,45.198412
-122.784963,38.370836
-122.784913,45.261139
-122.784892,45.421134
-122.784881,42.254921
-122.784879,44.437883
-122.784842,45.457957
-122.784809,47.06025800000001
-122.784798,38.3652
-122.784788,45.458192
-122.78478,45.510595
-122.784757,45.510758
-122.784689,45.457531
-122.78467297495467,45.45753121354362
-122.784635,45.261481
-122.78463,45.451679
-122.784615,45.503063
-122.784612,45.453787
-122.784612,45.454349
-122.7846086019383,45.45377612092278
-122.7846086019383,45.45802474000236
-122.784599,45.451402
-122.784594,45.45135300000001
-122.78458,42.25428
-122.784565,38.079761
-122.78448799999998,45.453638
-122.784485,45.454973
-122.78447,45.404226
-122.784467,45.45149
-122.784462,45.451442
-122.784439,45.100207
-122.784387,38.494447
-122.784347,45.51044
-122.784341,43.907884
-122.78422,38.365206
-122.784179,38.32144
-122.784179,45.199024
-122.784133,39.063444
-122.784133,42.24547000000001
-122.784103,45.452221
-122.784056,45.449486
-122.783996,38.519024
-122.783994,38.519343
-122.783976,45.449296
-122.783905,39.066387
-122.783865,45.596091
-122.783798,42.33144
-122.783734,45.44903400000001
-122.783672,39.006061
-122.783608,45.510332
-122.783593,38.368497
-122.783589,42.24514600000001
-122.78358,39.066931
-122.783577,38.45256
-122.783547,45.448632
-122.78353571833236,45.44862627961422
-122.783535,45.448626
-122.783468,39.067191
-122.78344988764388,45.44802546479488
-122.783425,45.595414
-122.78342,44.352626
-122.783417,39.006149
-122.783389,38.89024000000001
-122.783352,45.448203
-122.783308,45.447641
-122.78328799999998,45.263671
-122.783269,42.253589
-122.783203,38.518159
-122.783203,38.518478
-122.783203,40.66505
-122.783203,40.905406
-122.783203,45.26321
-122.783203,45.447873
-122.78319239557844,45.51031708695646
-122.783155,38.467143
-122.78312802256212,45.45568585374138
-122.783069,45.423041
-122.783055,45.147895
-122.783019,42.655732
-122.782972,38.367614
-122.782928,39.075779
-122.782906,38.367519
-122.78286,45.43626
-122.782819,45.263671
-122.782708,38.397141
-122.782707,38.397141
-122.782698,39.069152
-122.782679,45.200516
-122.782631,45.50996
-122.782584,38.939796
-122.782572,39.073832
-122.782562,38.365208
-122.782544,38.39705900000001
-122.782512,45.147838
-122.782486,39.007558
-122.782447,38.935582
-122.78239,45.509728
-122.782348,42.65661400000001
-122.782295,45.446192
-122.782295,45.486539
-122.78229117334946,45.50437331177947
-122.78229117,45.50437331
-122.782291,45.504373
-122.782288,38.939881
-122.78226971567734,42.428544759548046
-122.782254,45.509849
-122.782223,39.05575200000001
-122.782211,47.909672
-122.782189,38.512997
-122.782165,45.201156
-122.782043,47.37114
-122.781914,41.581619
-122.781903,38.397796
-122.781853,40.664825
-122.781792,39.056446
-122.781707,45.509474
-122.781699,38.512738
-122.78169035853011,45.509480237743816
-122.781662,45.20079000000001
-122.781647,45.200777
-122.781493,39.053055
-122.781483,47.0612
-122.781455,45.445737
-122.781437,39.057172
-122.781319,45.593072
-122.781303,46.860802
-122.781288,38.365238
-122.78128266275986,46.86082005478448
-122.78123974741564,44.81227755525203
-122.781239,44.812277
-122.781237,38.365217
-122.781229,38.512081
-122.781197,38.509079
-122.781175,38.437975
-122.781174,38.511139
-122.781167,38.510446
-122.781152,38.511132
-122.781124,38.258153
-122.781113,38.258141
-122.781008,38.511132
-122.780996,45.147681
-122.780976,38.287723
-122.78091,38.467145
-122.780892,45.505679
-122.78084,45.505471
-122.780804,45.592542
-122.780801,45.445374
-122.78078913630112,45.44536471345212
-122.780783,45.592345
-122.780735,39.008057
-122.780642,38.515386
-122.78056,38.257967
-122.780549,44.811998
-122.78051299999998,45.203043
-122.780494,46.315076
-122.78044581354722,38.93021464329276
-122.780428,38.940373
-122.780416,47.060993
-122.780401,38.364425
-122.780401,45.486531
-122.780285,45.506033
-122.78026,45.147598
-122.780247,38.452551
-122.780229,38.420234
-122.78021499999998,45.444941
-122.780197,45.445061
-122.780136,38.940574
-122.780045,42.243152
-122.780035,38.371002
-122.780014,38.514782
-122.779979,38.927222
-122.779938,38.363987
-122.779866,45.591457
-122.779828,38.51488300000001
-122.779804,38.514564
-122.779804,45.425884
-122.779775,38.54035
-122.779738,45.202838
-122.779732,38.371101
-122.779729,45.508931
-122.779695,39.066068
-122.779679,38.375427
-122.77967333735094,38.3830654619294
-122.779671,38.383079
-122.779658,38.371141
-122.779657,38.371235
-122.779649,45.44469
-122.77964,38.25769
-122.779618,38.257681
-122.77956100000002,38.257661
-122.779556,45.508099
-122.779534,45.508715
-122.779457,44.0757
-122.779392,47.061155
-122.779374,40.77215
-122.779297,45.43856
-122.779276,38.525727
-122.779261,45.506189
-122.779243,38.46714
-122.779243,45.493462
-122.779234,45.268566
-122.779221,45.508755
-122.779215,45.268019
-122.779193,43.908318
-122.7791798108922,43.90830874422117
-122.779179,43.908308
-122.779168,38.496354
-122.779057,39.008337
-122.779052,38.452554
-122.77905,38.511126
-122.779045,45.508541
-122.77904,38.525354
-122.77902960718735,45.50853610017057
-122.779029,45.508536
-122.778992,45.50828900000001
-122.778976,40.660639
-122.778965234171,40.66062569598837
-122.778889,45.590564
-122.778877,45.26843
-122.778838,45.508602
-122.7788364881383,45.507892370007
-122.778831,45.441719
-122.7788150304662,44.811354875350894
-122.778815,44.811354
-122.778764,39.065703000000006
-122.77876299999998,38.423729
-122.778717,38.421101
-122.778704,38.421113
-122.778702,38.420689
-122.778702,38.42073900000001
-122.778699,38.420471
-122.778693,38.420004
-122.778684,45.206933
-122.778651,38.416628
-122.778563,45.508381
-122.77856,45.437724
-122.778523,45.441969
-122.778521,45.207984
-122.778503,45.378269
-122.778465,45.506611
-122.77842,40.774048
-122.778399,45.486534000000006
-122.778382,45.508454
-122.778374,45.208928
-122.778359,39.048166
-122.778343,45.508457
-122.778341,38.513335
-122.778299,45.508297
-122.778269,38.359151
-122.778225,38.416598
-122.77822,38.510832
-122.778214,38.362358
-122.778193,38.362346
-122.778169,39.045432
-122.778168,38.51347
-122.77816,38.513458
-122.778145,38.513168
-122.778114,45.508484
-122.778058,45.50857
-122.778054,45.50822
-122.778048,44.427888
-122.77804255426987,45.50857901551481
-122.778008,45.508591
-122.777983,47.06139500000001
-122.777978,39.009075
-122.777967,43.908273
-122.777943,45.508319
-122.777918,45.510093
-122.777873,45.510289
-122.777839,45.508407
-122.777831,38.513191
-122.7778279775487,38.51318478565925
-122.777814,45.50913
-122.77778506220446,45.51074624039882
-122.77778506220446,45.51081061341518
-122.777718,38.347141
-122.777711,38.512836
-122.777673,45.14735
-122.777608,44.365422
-122.77754902781116,45.443004369519024
-122.777549,45.443004
-122.777516,45.443675
-122.777483,45.510704
-122.77742028177845,45.27069926240314
-122.77742,38.512089
-122.77742,45.270699
-122.777284,45.507985
-122.777274,45.443558
-122.77727,45.270896
-122.777261,45.009832
-122.777255,38.942321
-122.777235,45.443662
-122.777161,45.443588
-122.777099,45.270603
-122.777081,45.507926
-122.777054,42.248085
-122.777005,38.33813
-122.776974,45.50804
-122.77696967066396,45.50804257371183
-122.77696967,45.50804257
-122.776969,45.508042
-122.776917,45.49380900000001
-122.776813,45.20526
-122.776728,39.043829
-122.776538,42.248047
-122.7764761442052,44.81045365312191
-122.77646,38.346791
-122.77639031351671,45.219951867841615
-122.776362,47.061654
-122.776355,39.121075
-122.776299,45.486519
-122.776272,45.220672
-122.77626,38.511028
-122.77626,38.643058
-122.776217,48.012289
-122.776162,45.205917
-122.776068,39.009179
-122.775998,45.428503000000006
-122.775993,45.42899
-122.775965,45.222476
-122.775849,45.486512
-122.775745,45.223773
-122.775708,39.04296400000001
-122.775633,38.51143
-122.775558,38.360724
-122.775552,38.511094
-122.77553600000002,38.511089
-122.775521,38.424282
-122.775507,45.225176
-122.775463,38.452541
-122.77544,43.90815900000001
-122.775429,45.486502
-122.77542471827137,43.908158540516325
-122.7754,39.043093
-122.775371,47.061812
-122.775351,42.247074
-122.775321,45.442764
-122.775078,38.423219
-122.775074,38.423198
-122.774988,45.22803
-122.774937,44.424182
-122.77488827646845,45.50711989381071
-122.774868,45.429281
-122.774862,38.562165
-122.774855,45.229068
-122.774742,38.51223
-122.774677,38.571805
-122.774597,38.571781
-122.774554,45.230975
-122.774506,38.54031
-122.774485,45.241493
-122.774478,45.230671
-122.774474,38.510238
-122.774467,38.510242
-122.774459123026,38.510223626906814
-122.774441,38.411012
-122.774366,44.075811
-122.774301,38.510365
-122.774286,44.36962
-122.774273,45.429682
-122.774254,45.274515
-122.774218,45.207882
-122.774184,45.4421
-122.774163,45.45327800000001
-122.774141,39.007658
-122.774141,42.245688
-122.774129,38.419149
-122.7740943426,45.23297667481789
-122.774078,45.27427700000001
-122.774002,38.335833
-122.773984,42.239
-122.773979,45.587711
-122.773947,38.334533
-122.773862,45.274532
-122.77385831,45.44208169
-122.77385830820673,45.44208168961791
-122.773858,45.442081
-122.773783,45.587407
-122.77378,42.24577100000001
-122.77378,45.587626
-122.7737724775182,42.24576830843808
-122.773772,42.245768
-122.773769,40.911107
-122.773699,45.587705
-122.773651,38.640977
-122.773643,42.245163
-122.773591,38.621705
-122.773567,38.621681
-122.773548,38.496555
-122.773468,38.49655900000001
-122.773313,38.359824
-122.773263,38.616896
-122.773148,38.511323
-122.773148,38.51902000000001
-122.773108,45.238673
-122.773079,42.244804
-122.773051,38.329078
-122.773013,45.506912
-122.772991,47.369399
-122.77298600000002,39.040769
-122.77297854364978,39.04076457005005
-122.772964,45.507043
-122.77295708597772,45.50703406312224
-122.772957,39.04076
-122.77287,45.586669
-122.772857,39.043466
-122.772775,47.370203
-122.772765,45.275866
-122.77271299999998,38.552764
-122.772695,38.627404
-122.772688,45.486447
-122.772644,45.586427
-122.772633,47.06225
-122.772563,38.525705
-122.772432,44.993767
-122.772415,38.508597
-122.772403,38.41927800000001
-122.77235,38.263939
-122.772291898142,38.0683887003037
-122.772261,38.388571
-122.772178,45.277029
-122.772177,40.914761
-122.772048,45.011668
-122.772017,38.49655
-122.771927,43.703609
-122.771854,45.27743
-122.771771,38.260301
-122.771768,38.508077
-122.771767,38.50808
-122.771755456339,38.50807785969491
-122.77175,45.277559
-122.771716,40.915129
-122.771699,42.243712
-122.77168799999998,45.506654
-122.77166963,45.50664783
-122.77166962565052,45.506647825024096
-122.771669,45.506647
-122.771606,42.24403
-122.771589,45.440989
-122.771567,38.611061
-122.771544,45.48642
-122.771538,38.87291
-122.77151299999998,38.352387
-122.7715,45.43139
-122.771492,45.620312
-122.771477,45.58522
-122.771471,38.354181
-122.771445,44.80865
-122.7714335912572,44.8086512086639
-122.771431,38.257751
-122.771425,38.257729
-122.771390675913,42.243493795193466
-122.77139,42.243493
-122.771373,42.658688
-122.771308,42.24384000000001
-122.771297,45.248808
-122.771248,38.358971
-122.771241,38.387728
-122.77123,38.358955
-122.771141,44.420238
-122.771121,45.277852
-122.771028,45.486417
-122.770932,45.431694
-122.770914,38.257727
-122.770782,45.585381
-122.770777,45.585393
-122.770738,39.039315
-122.770723,45.259555
-122.770609,38.496544
-122.770519,44.376761
-122.770498,44.37685
-122.770496,45.145605
-122.770432,45.337349
-122.770427,38.245152
-122.770405,45.48640200000001
-122.770375,38.437946
-122.770318,45.278846
-122.77029633463492,38.50719809513804
-122.770271,45.337872
-122.770248,38.438019
-122.770197,38.352372
-122.770184,45.231135
-122.770157,38.507069
-122.770129,38.942762
-122.770127,38.506765
-122.770122,38.489227
-122.770118,38.491028
-122.77010321558583,38.48831534367329
-122.7701,38.494791
-122.770096,38.507023
-122.770094,38.486707
-122.770088,38.269272
-122.770088,38.494839
-122.770088,38.496529
-122.770086,38.495623
-122.77008175791372,45.280205011151885
-122.770074,45.506373
-122.770073,38.497196
-122.770068,38.942784
-122.770061,38.494792
-122.770059,38.49616500000001
-122.770057,38.493861
-122.770048,38.269289
-122.77003899999998,38.257721
-122.77003884256948,38.26927542668215
-122.770036,38.496546
-122.770031,38.491977
-122.770018,38.498537
-122.77001738489736,38.49653363209488
-122.770012,38.504211
-122.770011,38.492821
-122.769997,38.506943
-122.769995,38.50298400000001
-122.769989,38.484266
-122.769981,45.336235
-122.769951,38.506905
-122.769913,38.511162
-122.769902,38.508546
-122.769899,45.432201
-122.769895,38.511152
-122.76988500000002,38.506849
-122.76988,38.512953
-122.769872,38.510187
-122.769859,38.514679
-122.769852,38.48283
-122.769852,45.25692100000001
-122.769839,38.358176
-122.769837,38.48282
-122.769831,38.514696
-122.769822,38.481648
-122.769801,38.478995
-122.76978,45.279683
-122.769746,38.452475
-122.769707,38.46711
-122.769706,38.466319
-122.7697,38.467122
-122.769689,45.257737
-122.769676,38.358061
-122.76967406214348,38.35806727391072
-122.769651,43.908057
-122.769643,38.515518
-122.76963,38.452549
-122.769582,47.06271
-122.769581,38.452473
-122.769562,45.335527
-122.769562,45.335964
-122.76956,45.280192
-122.769552,45.334104
-122.769547,45.330036
-122.769546,45.329265
-122.76954531611077,45.330909490369166
-122.769545,45.33090900000001
-122.769533,45.322348
-122.769524,45.316856
-122.76952385843865,45.32234787919367
-122.769523,45.302651
-122.769523,45.322347
-122.769522,45.310824
-122.769519,45.303308
-122.769519,45.317474
-122.76951499999998,47.49206
-122.76951,45.306392
-122.769509,45.280329
-122.769503,45.292547
-122.769503,45.299205
-122.76950240076653,45.28031229951248
-122.76950240076653,45.30638337113712
-122.769502,45.280312
-122.769502,45.306383
-122.769501,45.296096
-122.7695,45.295041
-122.769494,45.296669
-122.769491,45.287032
-122.76949,45.288344
-122.76949,45.439869
-122.769482,45.291841
-122.7694809430944,45.28533339478833
-122.7694809430944,45.28833746888501
-122.7694809430944,45.29666304566719
-122.76948094,45.29666305
-122.76948,45.285333
-122.76948,45.296663
-122.769475,38.515773
-122.769474,45.284302
-122.769474,45.290036
-122.769459,38.496546
-122.76945,38.63903
-122.769447,38.515751
-122.769425,45.280581
-122.769416,42.242616
-122.769402,38.63903
-122.769398,45.33609600000001
-122.76939511240592,42.24261403063658
-122.76939511240592,45.336102247021984
-122.76939511,45.33610225
-122.769386,45.25956
-122.769386,45.284424
-122.769374,38.429012
-122.7693736547338,38.429006337936265
-122.769339,45.259556
-122.76933073938956,45.25956273057337
-122.76932,45.439786
-122.769302,38.386101
-122.769288,45.284243
-122.769285,38.386104
-122.769275,45.29075
-122.769273,45.286073
-122.769273,45.506381
-122.769272,45.287462
-122.76927,45.286773
-122.76927,45.292903
-122.769268,45.292527
-122.7692663663732,45.28533339478833
-122.769264,45.335964
-122.769258,45.288875
-122.769257,45.291817
-122.76924491,45.28887391
-122.76924490870108,38.42810511570726
-122.76924490870108,45.28887391068798
-122.769244,45.288873
-122.769201,38.427654
-122.769173,38.427612
-122.769155,38.427468
-122.769142,45.335011
-122.769141,45.583394
-122.76913762034047,38.427461385543694
-122.769137,38.427461
-122.769132,45.335472
-122.769132,45.336023
-122.769131,45.336854
-122.769128,45.330881
-122.769128,45.332
-122.769127,45.331368
-122.769127,45.617203
-122.769119,45.336689
-122.76911616266835,45.33136010148367
-122.76911616266835,45.33685326554616
-122.769114,45.32318
-122.769113,45.322324
-122.769102,45.296906
-122.769101,45.317481
-122.769096,45.34077
-122.769095,45.312165
-122.769093,45.26109500000001
-122.769092,45.302641
-122.769091,38.525679
-122.769089,45.302866
-122.769089,45.303324
-122.76908600000002,45.305861
-122.769085,45.298434
-122.769084,45.298932
-122.769081,45.30805
-122.76907324732412,45.2989375589118
-122.76907324732412,45.307370424054575
-122.769073,45.30737
-122.769066,45.275332
-122.769065,45.273208
-122.769052,45.265461
-122.76905179,45.27533412
-122.769051789652,45.27533411958086
-122.769037,45.338393
-122.769036,38.496535
-122.76903033197986,45.261687040113145
-122.76903,38.494843
-122.768999,38.942872
-122.768971,45.341362
-122.768935,38.422359
-122.768931,38.421826
-122.768837,38.411037
-122.768833,38.410216
-122.768791,47.06348
-122.768786,45.34029
-122.768778,38.403524
-122.768774,38.380772
-122.768755,45.486373
-122.768729,38.383163
-122.768713,45.506167
-122.768711,38.427865
-122.76871,38.384201
-122.7687084668981,38.42786908131395
-122.768708,38.427869
-122.768698,38.46712
-122.768695,45.340707
-122.76868701,45.34069419
-122.768687009226,45.34069418885546
-122.768677,45.583157
-122.76867,38.373612
-122.768639,38.37191
-122.768627,45.341049
-122.768622,38.371903
-122.768604,38.429055
-122.768602,45.582919
-122.768572,38.323568
-122.768553,45.58327
-122.768552,38.496507
-122.768539,45.506278
-122.76853681,45.58327317
-122.76853680552117,45.58327317216118
-122.768536,45.583273
-122.768509,45.341557
-122.76846299999998,38.32115200000001
-122.768443,45.439453
-122.768351,45.342164
-122.768346,45.506118
-122.768325,38.50533
-122.768242,45.333912
-122.76823600000002,45.506236
-122.768199,45.20383
-122.768181,47.063629
-122.768168,45.486757
-122.76816200000002,45.583465
-122.768128,38.913932
-122.768039,38.942421
-122.768028,45.432956
-122.768005,38.163975
-122.767982,38.869235
-122.76796000000002,38.942429
-122.767857,38.511149
-122.767754,47.06271
-122.767685,46.864722
-122.767567,45.335638
-122.767471,39.039202
-122.767448,45.583816
-122.76737,38.51115
-122.767349,47.062904
-122.767337,44.076541
-122.767291,38.428231
-122.767249,45.433218
-122.767212,45.433201
-122.767133,42.235858
-122.767106,38.941385
-122.767072,45.34690300000001
-122.767043,38.355087
-122.767015,38.504508
-122.767007,45.58159600000001
-122.766899,45.505948
-122.766825,45.49806
-122.766815,45.582462
-122.766795,38.867176
-122.766734,45.347729
-122.766654,45.584207
-122.766649,42.23559
-122.76663700000002,45.43835900000001
-122.76662707270256,45.4383480546692
-122.766467,38.257636
-122.766341,45.347628
-122.76632666529288,45.3476250169499
-122.766326,45.347625
-122.766212,45.347916
-122.7662,47.494293
-122.76615500391594,47.0635950563094
-122.76613354624382,38.91105294209046
-122.766121,47.063606
-122.766087,47.063239
-122.765937,45.348621
-122.765923,45.584545
-122.765893,39.038867
-122.765833,38.910194
-122.765822,45.437871
-122.76582,45.505843
-122.76581168116203,45.43787598588258
-122.76576,38.276932
-122.765705,45.505971
-122.765695,45.437795
-122.765641,44.806489
-122.765619,45.216222
-122.765618,45.4466
-122.765587,38.865339
-122.765587,39.039108
-122.76555,44.076893
-122.76553273142449,45.43781161286622
-122.76553273,45.43781161
-122.765532,45.437806
-122.765409,44.414255
-122.765348,45.505802
-122.765278,47.063319
-122.765259,38.352322
-122.76523232401482,43.33845734575586
-122.765232,43.338457
-122.765205,45.351562
-122.765186,45.437591
-122.765184,45.437477
-122.765161,44.413998
-122.765156,47.039308
-122.765129,38.51115
-122.765129,45.437412
-122.765129,47.063333
-122.765098,38.511127
-122.765093,46.53624600000001
-122.76496000000002,47.040099
-122.764959,47.040025
-122.76495,42.234626
-122.764947,39.039414
-122.764923,45.434029
-122.764923,47.062489
-122.764895,38.641399
-122.764889,38.510111
-122.76487,45.585045
-122.764856,45.434101
-122.764824,47.898684
-122.764782,42.432901
-122.764772,47.039469
-122.764768,45.351562
-122.76476026,47.03945518
-122.7647602552282,47.03945517517548
-122.764753,47.046782
-122.76474,47.046791
-122.76473879755608,47.04677224136808
-122.764723,38.428496
-122.764648,45.429817
-122.764622,47.052297
-122.76461005152338,47.05228686310266
-122.764603,47.05228
-122.764583,45.505747
-122.764575,47.057698
-122.764572,47.056725
-122.764558,47.05735
-122.764533,45.498699
-122.76453,45.144334
-122.764527,38.525898
-122.7645242208349,45.14433503129413
-122.764521,47.056758
-122.764511,38.525921
-122.764417,42.239705
-122.764377,45.57960900000001
-122.764331,45.353733
-122.76432,45.580187
-122.76423,45.585359
-122.764212,38.9406
-122.76419,44.384671
-122.764168,45.354137
-122.76413,44.805931
-122.76413,47.36903
-122.76408,45.50571400000001
-122.764066,45.585437
-122.76403,45.48629
-122.764021,39.039443
-122.763895,45.353739
-122.763892,38.386014
-122.763826,38.469285
-122.76376,42.233943
-122.763721,38.069139
-122.76371,44.390656
-122.763702,45.355298
-122.763701,38.428568
-122.763658,47.038954
-122.763649,38.511219
-122.763626,38.511214
-122.763625,45.436561
-122.76358799999998,38.069038
-122.763559,41.856294
-122.76352,44.388682
-122.7635157102453,44.38868164995007
-122.76351,44.385765
-122.7635,38.369473
-122.763496,38.069098
-122.763359,38.279286
-122.763165,45.505796
-122.76311499999998,45.486264
-122.763046,38.642174
-122.763043,38.243714
-122.76296,39.004339
-122.762863,38.525046
-122.762848,38.349289
-122.762845,38.500963
-122.762799,38.907838
-122.76278700000002,38.510571
-122.76268,39.004349
-122.762421,45.43485
-122.762406,38.858135
-122.762315,45.435438
-122.762271,45.358867
-122.76223,44.391602
-122.762097,45.359305
-122.762038,45.43535900000001
-122.76203513086908,45.435343980572526
-122.762027,38.51002
-122.761894,45.435068
-122.761894,45.435139
-122.761839,45.435183
-122.761835,38.500421
-122.76179909647576,45.57750105836116
-122.761658,45.57729000000001
-122.76160597742673,40.423947572515374
-122.761595,45.359455
-122.761594,45.577433
-122.761572,38.523735
-122.761506,42.661137
-122.761506,45.360779
-122.761505,45.434925
-122.76149868906612,45.36077856995889
-122.761498,45.360778
-122.761435,45.360955
-122.761421,45.360958
-122.761284,39.039768
-122.761182,45.931523
-122.761173,38.386525
-122.761167,45.505738
-122.761068,45.576729
-122.761051,38.347411
-122.760975,45.36098
-122.760867,45.486735
-122.760745,45.57655
-122.760673,38.509179
-122.760651,38.496407
-122.760647,38.493358
-122.760632,38.495337
-122.760628,38.492329
-122.760627,38.489227
-122.760608,45.505732
-122.7606,38.488089
-122.760597,38.496399
-122.760556,38.499148
-122.760526,45.144298
-122.760521,47.037811
-122.76052,45.587119
-122.760451,38.499069
-122.760441,38.516294
-122.760411,45.435608
-122.760406,38.515099
-122.760402,38.514618
-122.760399,38.515106
-122.760396,38.512357
-122.760394,38.510506
-122.760388,38.33247
-122.760335,38.04985
-122.760275,45.435751
-122.760232,38.498893
-122.760231,38.498901
-122.760223,38.498898
-122.760171,38.508849
-122.760161,38.496388
-122.760154,39.001652
-122.76014,38.482679
-122.760091,45.364314
-122.76008600000002,38.513335
-122.760068,38.329946
-122.76006,38.501855
-122.760048,38.855579
-122.76003,45.57564
-122.760027,38.855684
-122.759972,38.502781
-122.759955,47.064265
-122.759926,38.258388
-122.759924,38.498927
-122.75991100000002,45.929935
-122.759722,38.998768
-122.759702,45.587512
-122.759689,38.34568
-122.759683,45.575285
-122.75962,38.341287
-122.759613,38.496338
-122.759606,45.434914
-122.759601,45.505588
-122.759599,45.364338
-122.759598,38.496338
-122.75958896,45.36434054
-122.75958895624753,45.364340543530645
-122.75951200000002,38.345812
-122.759483,45.434666
-122.75948166788692,45.43465733506471
-122.759357,44.392757
-122.759342,47.064336
-122.75933146418208,47.06432461716144
-122.759313,45.575075
-122.759277,38.507699
-122.759247,38.50769
-122.75923600000002,47.063841
-122.759206,47.370752
-122.75918,38.322169
-122.759062,38.321229
-122.759049,38.164589
-122.759003,38.498257
-122.758963,38.049894
-122.758957,38.049911
-122.758947,44.404771
-122.75892377,45.43628812
-122.75892376841183,45.43628811814577
-122.758826,45.368232
-122.758743,38.497826
-122.758715,45.36655
-122.75871,47.371237
-122.758696,45.587987
-122.758673,43.90925900000001
-122.75864481867428,45.9315526483253
-122.758644,45.931552
-122.758619,45.50561
-122.758598,38.496868
-122.758562,45.368115
-122.758554,47.372541
-122.758513,45.223681
-122.758509,45.431674
-122.758507,45.367123
-122.75849461496944,45.43167471864018
-122.758453,47.3745
-122.758449,38.734296
-122.758427,45.368454
-122.758302,45.573937
-122.758238,38.503856999999996
-122.758216,45.224611
-122.758202,38.434541
-122.758149,45.431518
-122.75812983454342,45.43150305726322
-122.758117,47.063932
-122.75810837687132,47.0639383790633
-122.758011,44.803673
-122.757993,45.58830800000001
-122.757926,45.431288
-122.757913,38.497233
-122.757874,38.496693
-122.757857,45.368701
-122.757838,38.534051
-122.757814,38.3867
-122.757806,45.38549
-122.757797,44.984287
-122.75779,45.38549
-122.75778400000002,38.50000900000001
-122.757776,38.497369
-122.7577650541174,38.49737048130753
-122.75776100000002,45.368942
-122.757729,38.73418
-122.757721,45.903782
-122.757702,38.500721
-122.757658,38.852931
-122.757545,45.430911
-122.757518,42.437595
-122.75751,44.984269
-122.75750756205194,42.43759989718228
-122.75748,38.049486
-122.757416,45.369843
-122.75737,45.369927
-122.75735,44.984266
-122.757339,45.14431
-122.75733,45.14431
-122.757321,45.141426
-122.75731444300293,38.496168851668855
-122.75731444300293,45.14431357362204
-122.757314,38.496168
-122.757258,45.140585
-122.757156,45.430321
-122.757147,38.34339600000001
-122.757143,39.010237
-122.757141,38.343349
-122.7571,38.508702
-122.757095,38.496662
-122.757052,47.036557
-122.75703500000002,45.229007
-122.756944,47.064057
-122.756931,38.496527
-122.75692820490475,38.49651217442276
-122.756928,38.496512
-122.756891,45.430055
-122.756876,38.996976
-122.756868,45.58884000000001
-122.756841,45.437168
-122.756798,45.437119
-122.756792,45.437113
-122.756781,45.437099
-122.756772,45.92729
-122.756747,47.894117
-122.756571,45.572122
-122.75651,38.32125
-122.756509,38.511761
-122.756503,38.496461
-122.7565,38.51178
-122.75647,38.496158
-122.756454,38.905611
-122.756397,38.496155
-122.756394,42.235961
-122.756386,38.496151
-122.756386,38.49617
-122.75633700000002,42.235612
-122.756331,39.04195900000001
-122.756312,38.496093
-122.7563059324133,45.58910965897756
-122.756271,38.495621
-122.756232,38.321239
-122.756186,38.51139600000001
-122.756178,38.848129
-122.756095,42.229613
-122.756081,42.663002
-122.756027,38.496639
-122.756025,38.496155
-122.756022,45.505734
-122.756005,38.500012
-122.755977,38.512268
-122.755966,47.30109
-122.755955,41.630051
-122.755835,45.374909
-122.755819,45.231018
-122.755767,40.65419
-122.755765,45.429117
-122.755753,45.636284
-122.7557480329382,40.65418839435265
-122.755737,38.49617
-122.755699,45.375061
-122.755697,45.925875
-122.755684,37.998684
-122.755683,45.375406
-122.755615,45.375405
-122.755547,45.23138400000001
-122.75553700000002,45.3756
-122.75553346,45.37560582
-122.75553345621702,45.37560582139314
-122.755533,45.375605
-122.755524,45.5895
-122.75549054087278,44.40490365007207
-122.75549,44.404903
-122.755451,45.374754
-122.755447,45.374747
-122.75544,45.374748
-122.75536,45.382587
-122.755357,45.371651
-122.755344,38.512857
-122.755318,38.259447
-122.755244,45.376313
-122.755232,38.904948
-122.75518999999998,45.375404
-122.755149,43.343897
-122.755131,45.375552
-122.75508284510252,44.86776709535185
-122.755076,45.231898
-122.755056,38.386843
-122.755051,42.663479
-122.755019,45.376874
-122.754953,45.371249
-122.754941,45.232017
-122.754935,43.908693
-122.754897,38.502391
-122.75486200000002,38.512466
-122.754629,45.376795
-122.754573,45.377981
-122.754499,38.341637
-122.754494,38.495438
-122.754485,44.079523
-122.754443,45.505845
-122.75444,45.368698
-122.754425,38.494762
-122.754418,45.427988
-122.75439619959472,45.4279839990357
-122.754365,45.37746
-122.754345,42.228587
-122.754292,42.663553
-122.754269,38.991087
-122.754265,45.589239
-122.754245,38.376081
-122.754162,47.036435
-122.754128,38.494553
-122.754082,38.495411
-122.754069,38.502081
-122.754045,38.369287
-122.754045,38.494497
-122.75403142,38.49449515
-122.75403141916868,38.49449515324357
-122.75399099999998,48.001955
-122.75398,45.379465
-122.753938,38.935546
-122.753891,45.37864
-122.75388121546384,45.37865281083403
-122.753836,45.500568
-122.753821,45.232664
-122.75381684244748,38.49621176701309
-122.753808,38.482772
-122.753769,44.40505200000001
-122.75367,41.63155
-122.753632,45.379256
-122.753604,45.923822
-122.753591,45.379372
-122.753584,38.49467
-122.753576,39.043115
-122.75354,38.49413300000001
-122.753357,45.500542
-122.753351,45.500525
-122.753258,38.496262
-122.753237,45.500685
-122.753143,46.86898
-122.753082,38.086929
-122.753055,38.086928
-122.753028,38.998594
-122.752954,38.31936
-122.752938,45.568544
-122.752912,38.084737
-122.752892,38.493683
-122.752892,38.501629
-122.75287270487426,40.30942797641607
-122.75285,38.501613
-122.752813,38.497058
-122.7528,38.496277
-122.752797,38.496664
-122.75276542,38.49629760000001
-122.752727,45.382604
-122.752722,45.426822
-122.752685,39.01013
-122.752631,41.63287
-122.752609,45.382851
-122.752541,45.402199
-122.752533,38.99113
-122.752511,45.383153
-122.752507,38.501482
-122.752503,39.043139
-122.752477,38.493371
-122.752434,38.493591
-122.752396,38.493565
-122.752279,38.399226
-122.752279,42.227428
-122.752257,42.227414
-122.752233,41.633436
-122.752144,45.382688
-122.75212169,45.38262248
-122.75212168635008,45.382622480176046
-122.752108,39.000537
-122.752096,45.383123
-122.752065,38.495645
-122.752033,38.493284
-122.7520143979895,38.49327206593277
-122.752014,38.493272
-122.752014,45.382961
-122.751984,38.496651
-122.751941,45.42657
-122.751905,45.426379
-122.751895,45.383637
-122.751892,38.496319
-122.75188565195678,45.42637467362678
-122.751873,38.496267
-122.751831,48.99791
-122.75161,47.50433
-122.75160670221923,44.80167746522521
-122.751546,44.395317
-122.751543,45.38565
-122.751472,45.38356
-122.75145,44.801609
-122.751447,45.384898
-122.751442,38.992359
-122.751418,42.22694
-122.751392,38.505575
-122.751391,45.588521
-122.751373,45.43988
-122.751347,45.386174
-122.751332,38.501006
-122.75132775248169,42.662111520563776
-122.75132775248169,45.3861629960757
-122.751327,42.662111
-122.751327,45.386162
-122.751323,38.445222
-122.751271,45.588716
-122.751245,45.439453
-122.751244,38.510916
-122.751079,45.386848
-122.751064,47.036803000000006
-122.75106,45.426044
-122.751042,38.482821
-122.751031,45.426064
-122.75102734507202,45.42605280854498
-122.750953,45.38633400000001
-122.750942,38.429455
-122.750942,42.22667
-122.75094151438354,45.38275122620878
-122.75094151438354,45.38633465745264
-122.75094151438354,45.50639033295866
-122.75094151,45.38633466
-122.750931,38.241501
-122.75085,45.506288
-122.750819,44.985929
-122.75078899999998,38.501233
-122.750748,38.26088
-122.750746,38.260876
-122.750711,45.567039
-122.75065,44.404509
-122.750635,38.496456
-122.750618,45.50649600000001
-122.750613,45.38803400000001
-122.75058,45.566951
-122.750572,41.635761
-122.750554,45.3875
-122.750494,41.635846
-122.750468,45.918458
-122.750397,47.03688
-122.75038899999998,38.403511
-122.750381,45.387993
-122.750334,38.403497
-122.750314,38.459769
-122.750222,38.994543
-122.750219,38.317427
-122.750211,41.63625
-122.750195,45.388508
-122.750193,38.500802
-122.750182,45.233551
-122.750153,38.493102
-122.750151,38.452631
-122.750134,42.232789
-122.750036,45.388913
-122.750035,45.91775
-122.750009,45.502921
-122.750007,38.429743
-122.749992,45.388992
-122.749987,46.869548
-122.74993899999998,45.389763
-122.74993300379394,41.63688540438825
-122.74989008844972,45.91751933075944
-122.749837,45.144301
-122.7498,45.390118
-122.74978280008916,45.37058472611728
-122.7497828,45.37058473
-122.749771,38.499741
-122.749769,44.801229
-122.749741,45.566382
-122.749503,41.636234
-122.749426,45.370679
-122.74941801966308,45.37067055680576
-122.749416,38.496721
-122.749396,38.499126
-122.749264,42.443029
-122.749236,45.506675
-122.749229,38.4967
-122.7492,38.49876
-122.74918999999998,46.572783
-122.749138,45.486099
-122.749031,45.565904
-122.748985,45.916428
-122.748877,38.261922
-122.748824,38.44693
-122.748784,45.506632
-122.74877428949952,45.50662636735198
-122.74873137415528,45.42388558366096
-122.748705,48.995654
-122.748672,38.490681
-122.748662,45.39296
-122.748662,45.506784
-122.7486455434668,45.39296507813743
-122.74864554,45.39296508
-122.748645,45.392965
-122.748617,38.092452
-122.748606,38.497763
-122.748551,45.393234
-122.748523,41.634523
-122.748445,45.392905
-122.748441,38.399231
-122.748437,38.496942
-122.748413,38.38702
-122.748402,38.386973
-122.7484,45.915055
-122.748383,38.497005
-122.748381,38.50098300000001
-122.74836,38.429653
-122.748345,38.429628
-122.748275,45.393327
-122.748274,45.565399
-122.74825930536863,45.39332985856346
-122.74823,45.48653
-122.748205,45.50396
-122.74816,38.497198
-122.74813799999998,45.48630900000001
-122.748026,38.496386
-122.747981,45.58921
-122.747979,45.50412
-122.747848,38.258654
-122.7478301519263,45.42362809159553
-122.747751,38.403493
-122.747696,38.502294
-122.747689,45.020564
-122.747625,38.429919
-122.747589,38.497293
-122.747488,38.432501
-122.747465,45.395936
-122.747399,38.991288
-122.747398,45.422428
-122.747358,38.285456
-122.747299,38.28545
-122.747295,45.422295
-122.74729371012327,45.42229771592415
-122.74729371,45.42229772
-122.747233,38.496347
-122.747214,38.483242
-122.747137,45.396742
-122.747132,48.995064
-122.747127,45.44199
-122.74711200000002,45.39625
-122.747101,45.487291
-122.74708,45.422592
-122.747055,45.396355
-122.747025,38.474545
-122.747024,45.396451
-122.746984,45.39712100000001
-122.746949,38.839242
-122.746946,38.839936
-122.746946,45.397215
-122.74689,44.715013
-122.746864,45.396664
-122.746844,41.723316
-122.74684,45.370947
-122.74683,45.020904
-122.746827,42.444619
-122.74682164133672,45.37094950654329
-122.74682164,45.37094951
-122.746821,45.370949
-122.746784,45.39705
-122.746577,45.422056
-122.746575,45.564227
-122.746572,38.900053
-122.746552,38.90005900000001
-122.746548,38.092381
-122.74645,45.50615300000001
-122.746377,45.507124
-122.746347,38.489274
-122.746343,38.48901400000001
-122.746268,45.563998
-122.746255,43.907047
-122.74614,38.641445
-122.74613499582888,42.23079085329899
-122.74613499582888,45.506476163647136
-122.746134,42.23079
-122.746098,45.399458
-122.74609208048464,45.39944529511738
-122.746083,45.421619
-122.745997,44.986223
-122.74596333445191,45.3964197633486
-122.74596333445191,45.39963841416645
-122.74596,45.563763
-122.745876,38.488941
-122.745819,45.515961
-122.745818,45.507254
-122.745779,40.638916
-122.74577021540286,40.63891053180389
-122.745765,45.399603000000006
-122.745744,45.144277
-122.74568438471438,38.03804755192738
-122.745624,45.5073
-122.745603,45.507446
-122.74553799999998,45.400164
-122.74553418100956,45.4001533982973
-122.745534,45.400153
-122.74549,38.498211
-122.745471,39.038364
-122.7454698079932,45.421568155072094
-122.74542689264896,38.42967152577195
-122.74536100000002,45.396439
-122.745352,38.043192
-122.745326,45.401335
-122.745285,40.638281
-122.74521231592776,42.44564652422692
-122.745202,45.507545
-122.74519086,45.42143941
-122.7450406545508,45.41985154130258
-122.744993,39.035176
-122.744926,45.630119
-122.744925,45.402628
-122.744825,39.034978
-122.744817,45.487017
-122.744812,45.433929
-122.744808,38.403494
-122.744796,45.371501
-122.744755,45.402456
-122.74466,45.403656
-122.744636,45.403778
-122.744626,45.402912
-122.744591,45.407726
-122.744587,45.562697
-122.744561,45.588401
-122.744543,45.423964
-122.744483,45.403473
-122.744473,45.403517
-122.74441838205937,45.40485262849138
-122.744383,45.405096
-122.744382,45.403932
-122.744344,39.034363
-122.744341,45.436784
-122.744335,38.868051
-122.744334,45.436971
-122.744332,45.434947
-122.744331,45.436977
-122.744324,45.43445
-122.744311,45.433253
-122.744292,45.43734600000001
-122.744278,45.43075200000001
-122.744272,45.427976
-122.74425,45.42617
-122.744249,45.426071
-122.7442467206824,45.42648196198737
-122.744246,45.426481
-122.74424,38.97999
-122.744206,45.420966
-122.744197,45.420148
-122.74418500000002,45.404868
-122.744183,45.418861
-122.74418234766604,45.40485262849138
-122.744182,45.40485200000001
-122.744168,45.40676
-122.74416399999998,45.404977
-122.74416200000002,45.415545
-122.744161,45.416298
-122.744161,48.993209
-122.74416089,45.41553855
-122.74416089,45.50808549
-122.74416088999394,45.41553854920666
-122.74416,45.415284
-122.74416,45.508085
-122.744137,45.407145
-122.74413,45.41213
-122.74412,45.411138
-122.744116,45.407793
-122.744105,45.50769
-122.744104,45.409395
-122.744102,38.4035
-122.74409651697758,45.41113972642226
-122.744095,45.408962
-122.744094,45.436772
-122.744091,38.970866
-122.744088,45.435076
-122.744086,45.434912
-122.744085,45.43476
-122.74407505930546,45.434914827130136
-122.744075,45.434914
-122.74406,45.430899
-122.744047,45.429419
-122.744024,45.405914
-122.743993,45.420896
-122.743991,45.420992
-122.74398922861698,45.42013049104013
-122.743973,38.42971
-122.743966,45.437662
-122.743959,45.022325
-122.74394631327274,45.437661409161386
-122.743943,45.418117
-122.743931,45.416315
-122.743928,45.415717
-122.74392486,45.41631103
-122.74392485560062,42.2293317315949
-122.74392485560062,45.416311025402926
-122.743924,45.416311
-122.743912,45.419941
-122.743912,45.420162
-122.743911,45.372171
-122.743908,45.371737
-122.743906,45.413105
-122.743899,45.412471
-122.743886,45.411169
-122.743884,45.410722
-122.7438819402564,45.41247010209364
-122.74388194,45.4124701
-122.743872,45.407975
-122.743867,45.40944
-122.743858,45.416593
-122.74383799999998,45.420939
-122.743828,45.420998
-122.743806,45.507762
-122.743791,38.369494
-122.743775,45.416894
-122.743753,45.50777100000001
-122.743753,45.507904
-122.74374,42.229239
-122.743738,45.438427
-122.74373173655157,42.22922444323429
-122.743683,45.433048
-122.743681,43.340997
-122.7436673635352,43.34098935106592
-122.743653,44.799967
-122.743649,38.972028
-122.743637,45.418352
-122.743614,45.442946
-122.743599,45.442982
-122.743569,44.985361
-122.743564,45.418862
-122.743561,46.57201
-122.743553,45.561869
-122.743532,44.083802
-122.743529,45.420744
-122.743523,46.572017
-122.7435,45.419769
-122.743488,45.419584
-122.743474,45.442961
-122.743469,45.408367
-122.743466,45.439453
-122.743435,38.972886
-122.743351,45.420802
-122.743307,38.973585
-122.743268,38.499095
-122.743199,45.439879
-122.743172,47.066082
-122.743071,38.387118
-122.743053,45.42057
-122.742977,38.459746
-122.74276,47.035919
-122.742667,45.440295
-122.74263700000002,45.372058
-122.742629,38.092242
-122.742618,45.443213
-122.74259447992924,45.443218946240215
-122.74255156,45.4430902
-122.742548,38.43025
-122.742534,38.510267
-122.742498,45.905656
-122.742475,45.442861
-122.742427,38.981667
-122.742395,45.90587
-122.742359,38.433775
-122.742318,45.905749
-122.742299,38.403494
-122.742287,45.440751
-122.742261,38.433274
-122.74218,38.430588
-122.74213,38.859094
-122.742105,38.430596
-122.7421009534705,38.43059420567306
-122.742071,38.49213
-122.742059,45.420225
-122.742029,38.981946
-122.742027,38.492062
-122.741997,38.835864
-122.741959,45.420307
-122.741923,45.420177
-122.741901,43.903013
-122.741878,44.79958900000001
-122.741878,45.587762
-122.741859,38.431845
-122.741835,45.023885
-122.74176,45.507931
-122.741747,39.03228
-122.741623,38.39344000000001
-122.74162,45.441523
-122.74161399999998,38.393422
-122.74160742701176,45.44152379014281
-122.741607,45.441523
-122.741585,45.904419
-122.741577,38.39138
-122.74157,38.387138
-122.741563,47.066332
-122.741561,47.066571
-122.741556,38.387138
-122.741551,38.383639
-122.74154,38.39340900000001
-122.741532,38.381842
-122.741517,45.144268
-122.741508,38.92968
-122.741508,42.232342
-122.741493,38.397686
-122.741493,38.929672
-122.741478,38.403519
-122.741472,38.929682
-122.74146299999998,38.40182100000001
-122.74146299999998,38.929665
-122.74146,38.40322800000001
-122.74145722330692,38.929678201489786
-122.741447,38.400016
-122.74144,38.376282
-122.741437,38.39924600000001
-122.741437,38.4082
-122.741426,38.376238
-122.741425,45.440876
-122.741415,38.407118
-122.741393,45.587646
-122.741386,38.369499
-122.741379,38.41209
-122.741373,38.363289
-122.741371,38.430759
-122.741366,38.360397
-122.741363,38.361926
-122.741357,38.367898
-122.741355,38.368618
-122.741352,38.369526
-122.74135,38.35326
-122.741348,38.353729
-122.741348,38.35406500000001
-122.741341,38.342949
-122.741333,38.363239
-122.741321,38.412106
-122.741308,38.342921
-122.741232,38.491498
-122.741202,38.38713900000001
-122.74119973124152,45.144270658277776
-122.741193,38.930269
-122.74111299999998,38.479719
-122.741081,38.44535
-122.741067,38.499968
-122.741064,38.412905
-122.741058,45.443184
-122.741051,45.903374
-122.741051,45.903378
-122.740946,38.341242
-122.740918,38.500034
-122.740879,45.443326
-122.740814,38.491184
-122.740809,38.38714
-122.740799,38.500069
-122.740786,42.227821
-122.74074,38.450452
-122.74072766245489,45.90230584122703
-122.740715,38.421941
-122.740707,45.902527
-122.74068474711063,45.902734994669416
-122.74066328943852,41.652635335723616
-122.74066100000002,42.220856
-122.74063,43.897351
-122.74062037409428,43.89734387376834
-122.74062,43.897343
-122.74059891642216,45.50827860810514
-122.740593,42.228027
-122.740575,38.353258
-122.740562,42.220798
-122.740527,42.220781
-122.74048799999998,45.559523
-122.740437,45.442929
-122.740414,38.932711
-122.740356,38.430519
-122.740297,38.408242
-122.740228,40.633711
-122.740209,45.443438
-122.740191,42.220594
-122.740167,38.484635
-122.740111,38.435849
-122.740105,38.092156
-122.740102,38.387143
-122.739931,45.443488
-122.739913,38.929226
-122.73988500000002,38.50052
-122.739851,45.508932
-122.739808,38.484635
-122.739775,38.334729
-122.73976,42.22035
-122.73962,38.314102
-122.739611,44.799112
-122.739577,45.558772
-122.739562,47.891101
-122.739449,45.443604
-122.739436,44.868052
-122.739407,38.484351
-122.739394,45.237908
-122.739378,38.484076
-122.739304,42.227219
-122.739246,38.339636
-122.739157,38.64901500000001
-122.738995,48.231542
-122.73891100000002,38.092142
-122.738861,42.227364
-122.738772,46.871445
-122.738728,38.483611
-122.738726,38.33459000000001
-122.738718,45.144239
-122.738705,38.33136500000001
-122.738659,45.443757
-122.738655,38.332879
-122.73864626825932,45.44375538804319
-122.738642,45.44372
-122.7386248105872,45.44371247269896
-122.738624,45.443712
-122.738621,38.333073
-122.7384960645545,45.23126006104835
-122.738494,47.066788
-122.738452,41.867485
-122.738449,45.586948
-122.738426,45.898987
-122.738412,45.508831
-122.738383,45.508708
-122.73836731852178,45.50870776154753
-122.738367,45.508707
-122.738364,38.458703
-122.738342,38.334572
-122.73833700000002,38.334561
-122.738291,45.508706
-122.738285,38.334897
-122.738284,38.435879
-122.738192,38.433518
-122.73819,38.431454
-122.738183,38.434212
-122.738137,38.47972100000001
-122.73811299999998,38.47972100000001
-122.738031,45.027064
-122.738023,42.22702
-122.738017,38.31411
-122.738017,48.988454
-122.737957,38.329192
-122.7379,38.43132
-122.737878,39.029364
-122.73775,38.431312
-122.737747,38.431343
-122.73774505,38.43130231
-122.73774504603035,38.431302308853
-122.737715,42.226905
-122.73770213068607,42.226907014645455
-122.737677,38.30404
-122.737601,38.439962
-122.7376,38.8339
-122.737521,38.443495
-122.737521,45.373098
-122.737498,45.373047
-122.73748700000002,42.22682800000001
-122.73748,38.431557
-122.737358,38.204269
-122.737347,38.53561
-122.737328,45.027898
-122.737295,42.218936
-122.737282,38.431587
-122.7372729772437,38.43158125859055
-122.737252,38.363287
-122.7372515195716,38.36328148823565
-122.737249,38.369539
-122.737229,38.459041
-122.737221,38.369499
-122.737199,45.444116
-122.737198,47.377998
-122.737174,44.869745
-122.737047,38.334431
-122.73703,38.431622
-122.73703,38.488414
-122.736976,38.327442
-122.736976,38.482368
-122.73686200000002,38.482285
-122.73686200000002,38.482287
-122.736855,38.482277
-122.736847,38.482273
-122.736841,38.943154
-122.736771,38.48222
-122.736713,43.345545
-122.73669362009647,42.22624182680976
-122.736681,38.48216
-122.736678,45.445164
-122.73667216242436,38.48215699177511
-122.73667216242436,45.44517159440305
-122.736672,38.482156
-122.736672,45.445171
-122.736649,38.369503
-122.736627,45.445049
-122.736626,38.482121
-122.73658,45.508674
-122.736546,45.50882100000001
-122.7365434163917,45.50881504990812
-122.736543,45.50881500000001
-122.736529,38.502485
-122.736519,44.7148
-122.73649,38.65037
-122.736488,38.482262
-122.736473,38.32658
-122.736392,45.508362
-122.736383,38.444188
-122.736273,38.165506
-122.736249,38.369515
-122.736245,41.865527
-122.736221,45.508663
-122.736214,48.232922
-122.736167,43.893296
-122.736137,38.434074
-122.73613,44.984973
-122.736122,43.893269
-122.736084,43.345267
-122.736073,45.508662
-122.735987,45.894927
-122.735985,45.508659
-122.73597,45.508808
-122.735731,38.65163
-122.735696,38.325176
-122.735687,38.32518
-122.73566365183476,45.509072541973545
-122.735655,38.431615
-122.735647,38.48144
-122.735544,45.445257
-122.73554,45.556551
-122.735538,38.283795
-122.735537,45.445382
-122.73553491,45.44525743
-122.73553490580208,45.44525742509153
-122.73553400000002,45.445257
-122.735526,45.509062
-122.735496,38.314127
-122.735495,38.265196
-122.735484,38.314382
-122.735481,38.314121
-122.735435,38.369507
-122.735404,38.324578
-122.735378,38.45696
-122.735351,38.316106
-122.735335,38.387162
-122.735329,38.387161
-122.735325,38.384516
-122.735318,45.508799
-122.73526,38.481152
-122.7352345,49.00049329
-122.735234,49.000504
-122.735197,38.317924
-122.735115,48.998085
-122.735107,47.515709
-122.735077,38.48050300000001
-122.735017,38.320312
-122.734978,48.993999
-122.734925,48.992762
-122.734919,45.508791
-122.734891,38.892491
-122.734881,38.443921
-122.734845,38.2651
-122.734844,38.480825
-122.734787,38.31092
-122.734756,48.995778
-122.734755,38.395737
-122.73473,38.892198
-122.734711,38.310791
-122.734709,39.027001
-122.734708,38.310861
-122.734673,38.401878
-122.734638,38.096016
-122.734577,43.343531
-122.734553,38.431764
-122.73445,38.36952700000001
-122.734439,42.225707
-122.734379,45.585975
-122.734372,45.555683
-122.734308,43.34316
-122.734206,38.504202
-122.734168,38.481649
-122.73413899999998,45.891235
-122.734059,38.480094
-122.734046,38.096795
-122.734034,38.444107
-122.733906,45.891455
-122.733884,38.649507
-122.733843,45.585844
-122.73382,38.963838
-122.733788,38.479774
-122.733742,38.479713
-122.73363799999998,38.479918
-122.733615,45.555146
-122.733563,45.033792
-122.73356079996712,45.03378510453685
-122.733559,38.479809
-122.733528,38.09725200000001
-122.7335,38.097255
-122.733492,38.479368
-122.73347497,38.47936749
-122.733407,38.64944600000001
-122.733397,41.728496
-122.733309,38.376271
-122.733308,38.097388
-122.733301,38.479112
-122.733294,45.554969
-122.733288,48.984662
-122.733276,45.554951
-122.733269,38.376282
-122.733251,38.369541
-122.733248,45.4451
-122.733204,38.478948
-122.732956,40.636159
-122.73293852747568,38.47599863987696
-122.732928,38.475664
-122.732884,45.446024
-122.732875,38.095918
-122.732831,38.202765
-122.732803,45.88969
-122.732783,42.216202
-122.732675,39.027099
-122.73266,38.50527
-122.732628,47.889969
-122.73261399999998,38.478395
-122.732597,38.505268
-122.732573,38.455723
-122.732531,38.505273
-122.73253,45.554626
-122.732491,38.309634
-122.732468,47.933231
-122.732467,38.26487
-122.732464,38.477466
-122.73246,38.455775
-122.732359,47.889936
-122.732308,38.477116
-122.732228,48.23434500000001
-122.732224,38.477551
-122.732187,38.477457
-122.732181,38.018898
-122.73212313593515,38.47730755787622
-122.73212,38.477308
-122.732021,45.88772700000001
-122.73201584757456,37.974854707536814
-122.731821,45.508871
-122.73182,38.889025
-122.731811,38.648806
-122.731789,46.87265
-122.731782,46.872639
-122.731776,45.508725
-122.731771,38.387162
-122.731755,38.305103
-122.73156524,45.50875068
-122.73156523646006,45.50875067689176
-122.731565,45.50875
-122.731563,45.508757
-122.73154377878794,45.50892233826871
-122.73154,39.02688300000001
-122.73154,45.508912
-122.731518,38.092806
-122.731492,45.446814
-122.731424,38.1677
-122.731394,38.85443400000001
-122.731385,45.508785
-122.731365,45.554152
-122.731348,38.951097
-122.731323,38.168045
-122.731294,38.474844
-122.73128628672252,38.474839925582536
-122.731271,45.508957
-122.73126299999998,39.024708
-122.731182,45.447055
-122.731162,40.638637
-122.7311575406898,40.63863158206635
-122.731157,40.638631
-122.731133,40.638741
-122.731076,38.474327
-122.731074,45.445855
-122.731065,45.445759
-122.731064,38.475098
-122.731033,45.445801
-122.731005,45.508854
-122.7309,38.333583
-122.73085,45.373627
-122.730794,38.419529
-122.730751,38.875713
-122.730729,38.419003
-122.730725,38.475616
-122.730717,39.025887
-122.730713,38.875793
-122.730652,38.418339
-122.73063700000002,39.02590900000001
-122.730625,38.473264
-122.730576,38.475498
-122.73055673,38.47548366
-122.730552,38.472137
-122.730522,38.888027
-122.730481,38.888058
-122.730442,45.44778
-122.730439,38.472824
-122.730381,38.956644
-122.73035,45.038404
-122.73034214914928,45.038398504042426
-122.730342,45.038398
-122.730338,38.472577
-122.730338,38.473017
-122.730331,47.026321
-122.730309,48.234138
-122.730297,45.447955
-122.730292,45.144176
-122.730288,48.234145
-122.730271,44.087213
-122.730247,38.432396
-122.73024,38.432377
-122.730219,44.087244
-122.730167,38.505329
-122.7301490301002,38.50533127766368
-122.73008,42.212872
-122.730057,38.432423
-122.73004,42.212899
-122.73,38.432593
-122.72999883,38.43258977
-122.72999882639536,38.43258976918014
-122.729965,38.43261
-122.72983899999998,42.212724
-122.72978424967415,47.88947939849906
-122.729682,38.432449
-122.729613,45.509152
-122.7296125882972,38.01967978459349
-122.729611,38.019686
-122.729584,47.37759000000001
-122.729474,42.223889
-122.729442,38.40185
-122.729432,38.308039
-122.729431,45.14418
-122.729405,45.14417
-122.72939801157604,45.14416336991718
-122.729398,45.144163
-122.729336,38.378431
-122.729321,38.470691
-122.729316,42.223838
-122.729309,38.469372
-122.729295,38.376264
-122.729285,38.470626
-122.729254,38.363221
-122.729254,38.369538
-122.729243,38.367578
-122.72924,38.369511
-122.729156,38.470238
-122.729134,45.509243
-122.729072,38.650781
-122.729065,38.329054
-122.729057,38.956921
-122.729054,38.445858
-122.729016,38.369535
-122.728905,38.469205
-122.728776,38.439168
-122.728776,38.846806
-122.728707,45.373083
-122.72869,41.674673
-122.728668450724,41.67467236498987
-122.72865,45.509358
-122.728621,38.427517
-122.728594,43.342274
-122.728589,38.327766
-122.72854,38.432601
-122.728531,38.469582
-122.728466,38.443099
-122.728401,48.97575
-122.728378,38.459911
-122.728374,38.461055
-122.728368,38.467907
-122.728363,38.467899
-122.728361,38.45995900000001
-122.72834659,38.4679091
-122.7283465856422,38.45984101277132
-122.7283465856422,38.46790909748808
-122.728346,38.46790900000001
-122.728343,48.979212
-122.728273,38.953351
-122.728252,38.957107
-122.728226,38.651119
-122.728033,38.947802
-122.728001,41.86417
-122.727982,38.883533
-122.72796034754406,42.45875716189165
-122.727884,38.466775
-122.727827,45.450313
-122.727798,38.467049
-122.727786,38.88480300000001
-122.727762,38.952242
-122.727708,38.466888
-122.72770285547864,38.46687912922636
-122.727699,38.46682
-122.727668,38.876489
-122.727654,45.451817
-122.72763799999998,38.466831
-122.727605,45.373058
-122.727501,45.450729
-122.727496,40.963032
-122.727434,38.876433
-122.727382,38.466107
-122.72735953272472,45.45077204682612
-122.727335,38.954786
-122.727217,38.456557
-122.727196,47.018242
-122.727096,38.402844
-122.727074,38.44014
-122.72707,38.959456
-122.726966,38.323755
-122.72696299999998,38.464592
-122.726927,38.387161
-122.726891,45.594696
-122.726868,38.853648
-122.72686000000002,38.46422000000001
-122.72684454859386,38.4642183778836
-122.726844,38.464218
-122.726822,46.43742
-122.726819,38.403683
-122.726811,38.453945
-122.726801,38.401815
-122.726799,38.46409600000001
-122.726778,38.954291
-122.726776,45.595062
-122.726747,45.552267
-122.726746,38.332091
-122.72673799999998,38.462021
-122.726731,46.437371
-122.726723,38.46376400000001
-122.726698,38.463651
-122.726646,47.465179
-122.726631,38.445889
-122.72661,38.445804
-122.726597,38.464134
-122.726564,45.450719
-122.726536,38.45717
-122.726536,38.463915
-122.726501,38.462242
-122.726486,38.461975
-122.726441,38.452181
-122.726412,44.796338
-122.72641000000002,38.463161
-122.726402,38.333019
-122.726402,38.46315
-122.726376,38.454004
-122.72637247980724,38.46316695194977
-122.726372,38.457279
-122.726372,38.463166
-122.726357,38.459697
-122.726325,38.459191
-122.726311,38.459957
-122.726297,38.376272
-122.726295,38.459133
-122.726285,38.433117
-122.726239,38.845836
-122.726213,38.43293
-122.726192,45.552045
-122.726158,38.460305
-122.72615,38.454144
-122.726144,38.449959
-122.726135,38.456936
-122.726135,38.459992
-122.726133,38.455408
-122.726122,38.432943
-122.72612,38.456368
-122.72612,38.461979
-122.72611499,38.45636487
-122.7261149877418,38.45636486988803
-122.726112,38.433048
-122.726112,38.456387
-122.72605,45.452841
-122.726044,38.451401
-122.7260077,38.43263268
-122.725983,38.44928400000001
-122.725983,38.449287
-122.725981,38.449293
-122.725974,45.37308400000001
-122.725964784037,38.44928383808875
-122.725964,38.449283
-122.725945,38.449162
-122.725922,38.455753
-122.725922,38.456421
-122.725908,38.456518
-122.725884,38.455703
-122.725876,38.448929
-122.725876,38.448933
-122.72587,38.432206
-122.72587,38.432979
-122.72587,39.025727
-122.725868,38.456425
-122.725868,38.456577
-122.725868,38.531032
-122.72583799999998,38.457081
-122.725807,38.449295
-122.7258,38.530849
-122.72577,38.44857800000001
-122.725755,45.509526
-122.72575020731578,38.45999121647616
-122.725739,38.460011
-122.725667,38.839397
-122.725639,38.532293
-122.725555,38.448608
-122.725554,38.448567
-122.7255356305946,38.4485542772367
-122.72553563,38.44855428
-122.725535,38.448554
-122.725517,44.982292
-122.725447,41.730313
-122.725428342234,47.06814408279863
-122.725428,47.068144
-122.725419,38.434378
-122.72538,38.447269
-122.725311,38.432861
-122.725302,38.430596
-122.725298,38.376273
-122.725296,38.3758
-122.725288,38.37627
-122.725243,38.363258
-122.725231,38.36513
-122.72523,38.536804
-122.72522,38.369518
-122.725194,38.53415
-122.725181,38.324762
-122.725177,38.433687
-122.725152,38.429429
-122.72515,44.79606
-122.725051,38.324482
-122.725024,38.387159
-122.725011,42.46196
-122.72496,42.46199
-122.724956,38.529608
-122.72491336,45.45338988
-122.72491335810317,45.45338988282464
-122.724911,45.453248
-122.7248,39.025458
-122.724778,47.06792700000001
-122.724771,38.460004
-122.724759,38.459894
-122.724712,44.98224
-122.724701,38.459991
-122.724673,38.461652
-122.724617,38.336648
-122.724599,38.326175
-122.724577,38.445899
-122.724564,38.447189
-122.724548,38.445759
-122.724538,40.634713
-122.724527,45.509032
-122.724499,38.363237
-122.724417,45.551342
-122.724383,38.339688
-122.724316,38.470217
-122.724313,38.845383
-122.724304,38.324485
-122.72429108561172,38.01787734013549
-122.72428899999998,38.446103
-122.724255,38.951781
-122.724254,39.023702
-122.724191,42.65803
-122.724183,42.658034
-122.724178,38.537481
-122.724151,38.837443
-122.724098,38.44619
-122.72407,38.528811
-122.724037,47.376652
-122.724034,38.445738
-122.724022,38.445847
-122.723885,38.433831
-122.72387,38.434764
-122.723866,45.453459
-122.723841,38.445484
-122.72384,48.234756
-122.723812,42.209419
-122.723808,38.445736
-122.723777,38.284388
-122.723654,38.369533
-122.723646,41.346295
-122.723646,45.373058
-122.72364,38.836742
-122.723638,45.373083
-122.723595,38.433285
-122.723595,39.959371
-122.723588,38.408317
-122.723574,45.508612
-122.72355,38.53779
-122.723542,38.842683
-122.723536,38.872244
-122.723494,45.045619
-122.72348,47.068291
-122.723443,38.954278
-122.723442,38.852056
-122.72338700000002,38.362422
-122.723351,41.677399
-122.72335,41.677424
-122.723273,38.401806
-122.723236,38.390672
-122.723235,38.390891
-122.723221,38.390888
-122.72322,45.508451
-122.72321,38.304861
-122.723156,45.453527
-122.723152,45.144753
-122.723141,38.39423
-122.723127,38.844019
-122.723107,38.324006
-122.723106,48.974396
-122.72303,45.45359000000001
-122.723017,45.508352
-122.722984,38.444202
-122.722983,38.433293
-122.72298216761244,38.43329787236007
-122.722982,38.433297
-122.722968,38.387159
-122.722961,38.387169
-122.722923,38.648822
-122.722908,38.444931
-122.722859,38.426087
-122.722847,38.433552
-122.72281,38.84883
-122.722792,45.550763
-122.722724675547,45.24962782838225
-122.722724,45.249627
-122.722722,45.249631
-122.722721,45.249555
-122.72272,45.249475
-122.72271,45.25087
-122.722702,38.433533
-122.722702,45.357281
-122.722685,47.067926
-122.722677,45.252348
-122.72267,45.452953
-122.72266030253066,45.452960729382255
-122.722658,47.376225
-122.722648,38.201061
-122.722633,38.433281
-122.722633,38.52837
-122.722619,45.508159
-122.722579,38.444891
-122.722527,38.44577
-122.722481,38.528291
-122.722479,43.33947
-122.722448,40.431779
-122.722395,38.394407
-122.722343,38.433491
-122.722269,38.36171
-122.722241,38.443125
-122.722187,38.433473
-122.72216677607192,38.43346953373703
-122.722153,38.433483
-122.72213,38.44334
-122.722117,38.360874
-122.722107,38.443302
-122.722071,45.507929
-122.722047,38.443286
-122.722016,38.832983
-122.72199511469496,38.443211316879065
-122.721995,38.443211
-122.721978,45.508035
-122.721977,38.443119
-122.721977,42.65725
-122.72197365702284,42.65724062899276
-122.72197,38.443123
-122.7219,38.857644
-122.721891,38.394405
-122.721883,42.220829
-122.721845,45.507844
-122.721779,45.452591
-122.721735,38.442383
-122.721681,42.220756
-122.7216732496132,38.44228863697794
-122.721671,38.442281
-122.721657,38.44228
-122.721642,38.442261
-122.721521,38.442548
-122.721504,38.433201
-122.721489,38.433208
-122.721474,38.433197
-122.721417,38.441931
-122.7214,38.823943
-122.721393,44.97663
-122.721382,38.387162
-122.721378,45.453498
-122.72137284220352,45.4524457452514
-122.721348,38.460315
-122.721348,39.024116
-122.721331,38.43340900000001
-122.721261,38.527108
-122.72126000000002,38.369518
-122.721252,38.363258
-122.721242,38.36323400000001
-122.721206,47.375761
-122.7212,38.442082
-122.721199,38.349014
-122.721163,45.453488
-122.721153,47.37574
-122.721125,38.349102
-122.721103,38.823191
-122.72109389246596,38.34894776326013
-122.721092,38.347984
-122.721088,47.523678
-122.721059,45.453625
-122.721054,38.539819
-122.721047,38.513957
-122.721001,38.401824
-122.720882,38.433316
-122.72081,38.441589
-122.720793,38.831229
-122.720785,38.332285
-122.720757,47.375621
-122.720734,45.453732
-122.720734,45.520599
-122.72072,45.879851
-122.720671,38.951667
-122.720657,38.43306
-122.720638,38.547847
-122.72061200000002,38.51759000000001
-122.720602,38.517618
-122.720598,38.369532
-122.720578,38.543568
-122.720535,38.518063
-122.720479,45.933479
-122.720475,38.540763
-122.720458,38.349059
-122.720441,38.549161
-122.720423,40.42908900000001
-122.720398,38.549198
-122.720355,38.435774
-122.720345,45.453899
-122.72034,38.400966
-122.720316,38.40023
-122.720298,44.872511
-122.720293,38.542816
-122.720261,38.925869
-122.72026,38.925868
-122.720238,38.433162
-122.7202355855812,38.92585873585259
-122.720235,38.92585800000001
-122.720233,38.8219
-122.720217,38.518571
-122.72021412790907,38.43316912632736
-122.72021399999998,38.433169
-122.720126,38.549454
-122.720099,45.58104
-122.720088,38.436565
-122.719975,47.067914
-122.719967,44.795192
-122.719945,38.435229
-122.719913,39.023623
-122.71991,38.50769
-122.719904,38.951335
-122.719883,47.06814
-122.71985,38.439637
-122.719827,38.507656
-122.719819,38.440104
-122.71978500000002,38.401836
-122.719727,42.20369
-122.719681,38.369518
-122.71965,45.507416
-122.719627,45.878906
-122.719613,45.507384
-122.719605,45.50725900000001
-122.719598,38.439774
-122.719595,38.263302
-122.719581,38.387121
-122.719574,47.06789000000001
-122.719551,38.404814
-122.719523,38.507386
-122.719516,38.394434
-122.719459,38.439104
-122.719454,45.506891
-122.719443,38.524466
-122.719429,47.06789000000001
-122.719398,45.507359
-122.719379,38.460637
-122.719378,47.067908
-122.71936200000002,45.507324
-122.71936,38.524212
-122.719358,38.406739
-122.719356,45.507199
-122.719325,38.438922
-122.719318,38.470767
-122.719227,38.369529
-122.719209,38.439205
-122.719209,45.506809
-122.719195,38.460668
-122.719191,38.549802
-122.71918415964736,38.54979157429433
-122.719184,38.549791
-122.719184,45.506798
-122.719147,38.376231
-122.719116,38.523532
-122.719116,38.54982
-122.719109,47.067886
-122.719094,38.439039
-122.719042,45.507124
-122.719012,45.54941
-122.719002,38.520209
-122.718982,45.507234
-122.718964,45.507393
-122.718911,38.432724
-122.718889,45.507421
-122.718878,38.438268
-122.718844,38.862997
-122.718823,45.549341
-122.71881100000002,45.54935800000001
-122.718669,38.514336
-122.718645,38.54979
-122.718613,41.729784
-122.718611,38.432182
-122.718596,38.863248
-122.718591,38.395571
-122.718591,38.396358
-122.718591,38.43258400000001
-122.71859,38.863239
-122.718582,38.387112
-122.718562,38.437795
-122.718559,38.39444
-122.718559,38.396931
-122.718556,38.868983
-122.718536,38.400249
-122.718534,38.388369
-122.718532,38.400246
-122.718526,38.399185
-122.718522,38.39873400000001
-122.718518,38.394415
-122.718511,38.38707700000001
-122.718508,45.373172
-122.718499,38.39417
-122.718492,38.445243
-122.718422,47.068115
-122.71842,38.521342
-122.718405,38.438049
-122.718342,44.092562
-122.718254,38.36326
-122.71816499999998,38.43719
-122.71815419138564,38.437181711013615
-122.71815419138564,45.45358300187371
-122.718154,38.437181
-122.71814,38.437191
-122.71814,45.507061
-122.718106,38.348478
-122.718093,38.396135
-122.71798253,38.43743920000001
-122.717949,45.453499
-122.717946,38.369535
-122.717902,38.521376
-122.717897,45.45349
-122.7178752416481,45.45349717118523
-122.71787524,45.45349717
-122.717838,38.387066
-122.717824,38.401857
-122.717789,45.514641
-122.717766,38.437004
-122.71772,42.468079
-122.717716,43.886298
-122.71771499999998,38.432157
-122.717692,38.445625
-122.717668,38.386215
-122.71766,38.386219
-122.717621,38.38623
-122.717615,38.43743
-122.717576,38.863119
-122.717555,38.449755
-122.717512,41.863256
-122.71751100000002,38.416892
-122.717499,38.414982
-122.717499,38.417831
-122.717484,38.819519
-122.717476,38.451719
-122.717465,38.435563
-122.717461,38.414299
-122.717446,38.43552
-122.717442,45.58006
-122.717422,38.453324
-122.717404,38.819085
-122.717356,38.420776
-122.717339,46.986839
-122.71733799999998,38.38707700000001
-122.717322,38.4357
-122.717304,38.435658
-122.717281,38.387078
-122.717261,42.219451
-122.717241,38.369538
-122.717238,38.431922
-122.717236,38.363213
-122.717201,38.432321
-122.717163,38.435371
-122.717133,47.374501
-122.71712,38.435224
-122.717115,38.435831
-122.717094,38.435204
-122.71708130777972,38.43471407871993
-122.717033,38.432999
-122.71701000000002,38.431599
-122.71699,38.44560900000001
-122.71697401941913,38.433061837966754
-122.716974,42.219348
-122.71692,38.445607
-122.716913,38.396978
-122.716907,38.397748
-122.716903,38.458799
-122.716873,38.433708
-122.716864,38.435288
-122.716852,38.41344
-122.716805,38.43508900000001
-122.716778,38.348401
-122.716778,38.413338
-122.716748,45.453747
-122.716732,38.347388
-122.716721,38.43486400000001
-122.716721,38.434868
-122.716702,38.434879
-122.71669506968156,47.01248288132184
-122.716672,38.335919
-122.716644,38.420799
-122.716629,38.434635
-122.716621,38.42083
-122.716567,45.453799
-122.716556,45.579731
-122.71653899999998,38.382105
-122.71653,38.382099
-122.71653,38.387341
-122.716524,38.381482
-122.716484,38.432724
-122.716431,38.434105
-122.716377,38.413757
-122.716355,38.431542
-122.71635174692766,38.43153834324631
-122.716316,38.384056
-122.716316,38.384254
-122.716313,38.321693
-122.716309,38.385006
-122.716309,38.385937
-122.716306,45.253296
-122.716301,38.386139
-122.716301,38.386261
-122.716301,38.386372
-122.716293,38.387642
-122.716286,38.386145
-122.716286,38.388046
-122.716286,38.388248
-122.716286,38.388382
-122.716286,38.388451
-122.716286,38.38855
-122.716286,38.388565
-122.716286,38.388611
-122.716278,38.389446
-122.716278,38.389492
-122.716273,38.385531
-122.71626591623918,38.386133909042414
-122.716265,38.386133
-122.716265,38.388821
-122.71626299999998,47.06787
-122.71626100000002,38.38929
-122.716259,38.953321
-122.716248,38.389497
-122.71624445856706,38.38928818684392
-122.716244,38.38978
-122.71623999999998,38.390988
-122.716232,38.394406
-122.716191,38.401667
-122.71619,38.40185200000001
-122.716187,38.432289
-122.716179,47.068104
-122.716164,38.43082
-122.716156,38.411652
-122.716153,38.408203
-122.716148,38.36948
-122.716148,38.4118
-122.716146,38.411831
-122.716141,38.386967
-122.71614,38.410312
-122.71613717020652,38.41184020024103
-122.71613717,38.4118402
-122.71613700000002,38.41184000000001
-122.716133,38.381477
-122.716128,38.376247
-122.716126,38.381627
-122.716125,38.415253
-122.716118,38.383572
-122.716118,38.415527
-122.716113,38.414547
-122.71611,38.384869
-122.71611,38.385441
-122.71611,38.385456
-122.71611,38.385471
-122.71611,38.38549
-122.71611,38.385506
-122.71611,38.38554
-122.71611,38.385609
-122.71611,38.385624
-122.71611,38.38563900000001
-122.71611,38.385735
-122.71611,38.385788
-122.71611,38.385811
-122.71611,38.385944
-122.71611,38.385948
-122.71611,38.386009
-122.71611,38.386032
-122.71611,38.386478
-122.71611,38.386517
-122.71611,38.386684
-122.71611,38.415916
-122.71611,38.417271
-122.716108,38.415067
-122.716107,38.384654
-122.716105,38.385196
-122.716104,38.386108
-122.716103,38.386749
-122.716103,38.415922
-122.7161,38.38625
-122.716095,38.388031
-122.716095,38.388062
-122.716095,38.417066
-122.71608700000002,38.388729
-122.71608700000002,38.389305
-122.716085,38.388431
-122.71608,38.389022
-122.716076,38.389487
-122.716076,38.432554
-122.7160728,38.38842988
-122.71607279719014,38.38842987995916
-122.716072,38.388429
-122.716064,38.39349
-122.716059,38.390972
-122.716041,38.394404
-122.716034,38.375477
-122.716019,38.433479
-122.716011,38.401666
-122.716008,38.40185200000001
-122.716003,38.41888400000001
-122.716002,38.418889
-122.715996,38.418907
-122.71598696650165,38.41887831669607
-122.71598600000002,38.418878
-122.715985,38.432296
-122.715981,38.420582
-122.715976,38.406518
-122.715965,38.408203
-122.715965,38.432381
-122.715959,38.409887
-122.715951,38.410645
-122.71595,38.410576
-122.71595,45.45559
-122.715942,38.123352
-122.715942,38.411064
-122.715942,38.411868
-122.71593500000002,38.410576
-122.715927,38.414345
-122.715919,38.415688
-122.715919,38.415913
-122.715917,38.415851
-122.715911,38.41503
-122.715909,38.414598
-122.71590113581316,38.41585278492729
-122.715901,38.415852
-122.715901,47.068115
-122.715858,38.419743
-122.715845,38.419741
-122.715823,38.432567
-122.71582,38.418823
-122.71582,38.418873
-122.71581530512468,38.432568311508014
-122.715808,38.418779
-122.71578999999998,38.43166
-122.715782,38.274913
-122.715736,38.419334
-122.715729,38.431339
-122.715729,38.432991
-122.715721,38.413521
-122.715714,38.41946
-122.715698,38.419567
-122.715683,38.419624
-122.715652,38.4198
-122.71563,38.41991
-122.715584,38.420845
-122.715567,38.431298
-122.715553,38.420303
-122.715523,38.431206
-122.715518,38.420395
-122.715508,38.421661
-122.715506,38.431077
-122.7155,38.431286
-122.71549344004288,38.42160344105519
-122.715493,38.42160300000001
-122.715492,38.421726
-122.715487,38.431034
-122.715469,38.431026
-122.715443,45.50643
-122.71543,38.431262
-122.71542906702652,45.5064332483029
-122.715429,45.506433
-122.715426,42.197734
-122.715415,38.421969
-122.715401,38.431404
-122.715388,45.506529
-122.715367,38.862223
-122.71536299999998,45.876247
-122.715357,38.431244
-122.715348,43.884825
-122.715302,38.431026
-122.7153003209938,38.43102335911545
-122.7153003209938,38.43123793583664
-122.7153,38.431023
-122.715286,38.428272
-122.715263,38.285867
-122.715263,38.431023
-122.715252,38.421836
-122.715247,38.431013
-122.71524,38.27803
-122.715205,38.428732
-122.7151930326332,38.42872738819872
-122.71519303,38.42872739
-122.715193,38.428727
-122.715191,38.42816
-122.715179,38.422329
-122.715172,38.422344
-122.715154,38.427237
-122.715153,38.431199
-122.71515012,38.422333
-122.71515,38.422333
-122.715149,38.426914
-122.715141,38.426414
-122.71513600000002,38.387091
-122.715135,38.261304
-122.715133,38.363208
-122.71512,45.579205
-122.715107,38.315779
-122.715102,38.424294
-122.715088,38.43187
-122.715074,38.30695
-122.715073,38.36327
-122.715059,45.25363400000001
-122.715044,38.33157
-122.715033,38.413165
-122.715023,38.268849
-122.715019,38.42963
-122.715014,38.261507
-122.714982,38.363617
-122.714981,38.428558
-122.71496299999998,38.42655900000001
-122.714958,38.426987
-122.71495699823993,38.42656016331468
-122.714952,38.428737
-122.714936,38.362726
-122.714928,38.425774
-122.71492,38.425373
-122.714912,38.424992
-122.714909,38.424433
-122.714885,38.315754
-122.714876,38.431134
-122.714813,38.348309
-122.714774,40.647399
-122.714757,38.429408
-122.714752,38.429401
-122.714745,38.431118
-122.714712,45.454683
-122.714706,45.35955
-122.714691,38.37228
-122.714649,43.336392
-122.71463513315813,43.336397409232426
-122.714629,38.311708
-122.714608,38.387092
-122.7146,38.43018
-122.714544,38.450607
-122.714514,38.317321
-122.714462,38.372276
-122.71446,45.506467
-122.714452,38.37195
-122.714451,38.318501
-122.71444201410908,38.31849932652322
-122.71444201,38.31849933
-122.71443899999998,38.318394
-122.71442,38.365539
-122.714417,38.311287
-122.714417,38.318493
-122.714385,45.506474
-122.714347,45.454885
-122.71433600000002,38.372083
-122.714294,38.318195
-122.714268,39.021794
-122.714228,45.052312
-122.714216,38.371918
-122.714184,38.318542
-122.714153,38.281132
-122.714149,45.563789
-122.714127,38.311162
-122.7141201490273,38.32133173924293
-122.714055,38.421324
-122.714035,38.319416
-122.71399140299457,38.11866402607861
-122.713982,38.431007
-122.713943,38.431004
-122.713942,45.506621
-122.7139270299782,45.50662636735198
-122.713867,47.06839
-122.71386,38.11948
-122.713789,38.321034
-122.713779,38.361482
-122.713752,37.95359000000001
-122.71373391092916,38.37096333485426
-122.71373391,38.37096333
-122.71373,38.350182
-122.71366299999998,38.12745
-122.71363999999998,38.371132
-122.713626,38.390995
-122.713608,38.387112
-122.713591,45.506669
-122.713576,38.388177
-122.713574,38.387082
-122.713574,38.387738
-122.71357,38.386515
-122.713569,38.389018
-122.713567,45.052894
-122.7135622495522,45.05288243272279
-122.713562,38.38316
-122.713562,45.052882
-122.713558,38.390506
-122.713549,38.417624
-122.713548,38.392667
-122.713547,38.331389
-122.713547,38.394402
-122.713547,38.421169
-122.713544,38.393076
-122.71354,38.331373
-122.71354,38.383901
-122.71353899999998,38.396141
-122.71353899999998,38.413212
-122.713533,38.394378
-122.713532,38.383188
-122.71353,39.002224
-122.713524,38.397316
-122.713524,38.422694
-122.713524,38.42271
-122.71352,38.419837
-122.71352,38.4212
-122.713518,38.382196
-122.713516,38.424246
-122.713511,38.421197
-122.71351,38.397366
-122.713509,38.407841
-122.713505,38.398047
-122.713501,38.398639
-122.713501,45.578579
-122.713497,38.421195
-122.713493,38.402851
-122.713493,45.58082
-122.713491,38.39973300000001
-122.713482,38.32134
-122.71348,38.426246
-122.713478,38.37933
-122.713477,38.37932
-122.713466,38.403892
-122.713463,38.378294
-122.713463,40.431591
-122.71345496,38.40186238
-122.713451,38.41314000000001
-122.713449,38.377238
-122.713448,38.370537
-122.713447,38.412637
-122.713444,38.376425
-122.713443,38.376276
-122.71343799999998,38.409249
-122.713435,38.375623
-122.713432,38.375641
-122.713428,38.409245
-122.713427,38.37407
-122.713409,38.373496
-122.713388,38.922625
-122.71338,38.283338
-122.713377,45.547366
-122.713341,38.283329
-122.713306,38.951594
-122.713302,45.456736
-122.713298,45.506627
-122.71328,37.952516
-122.713276,38.408883
-122.713255,38.370557
-122.713248,39.002976
-122.713245,38.30953
-122.713231,38.358726
-122.713219,38.352543
-122.71321892679828,38.35871100407429
-122.713218,38.358711
-122.713214,39.002688
-122.713212,38.357489
-122.71321100000002,38.350727
-122.71321100000002,38.407645
-122.713193,38.370458
-122.713188,38.330009
-122.713188,38.353592
-122.713181,38.332939
-122.713159,48.02547
-122.713158,38.347687
-122.713135,38.34713
-122.71311164,38.34502101
-122.71311163843772,38.34502100926234
-122.713111,38.345021
-122.713097,38.345524
-122.713097,45.053252
-122.713095,38.309647
-122.71309018076558,45.05324721314882
-122.713081,38.344982
-122.713074,38.344398
-122.713074,38.348572
-122.713063,38.359253
-122.713061,38.359032
-122.713058,47.06847
-122.713055,45.456861
-122.713054,44.716393
-122.71304726542132,38.35924744587727
-122.713047,38.359247
-122.713039,38.355672
-122.71303799999998,38.355421
-122.713031,38.354591
-122.713028,38.359798
-122.713028,38.359909
-122.7130258077492,38.35542798024008
-122.71302,38.349991
-122.71302,38.35017
-122.713013,38.35627
-122.713005,38.354427
-122.713005,38.354446
-122.713005,38.354538
-122.713005,38.359909
-122.712997,38.354931
-122.712992,38.35051
-122.712983,38.336963
-122.712982,38.34848
-122.712952,38.330486
-122.712952,38.34708
-122.712949,38.334573
-122.712948,38.348322
-122.712943,38.349038
-122.71293997706071,38.334571122940375
-122.71293997706071,38.349033593948604
-122.712939,38.349033
-122.712936,38.334568
-122.712936,47.013458
-122.712933,38.549705
-122.712931,38.34761500000001
-122.712929,38.33345
-122.712929,38.333633
-122.71291399999998,38.331551
-122.71291,38.33129
-122.7129,38.330432
-122.712898,38.54972100000001
-122.712897,38.325475
-122.712884,38.361341
-122.712876,38.328129
-122.712875,38.328789
-122.712864,38.34500300000001
-122.71285415,38.32811236
-122.712854,38.328112
-122.712846,38.344173
-122.712837,38.34417
-122.71281,38.343122
-122.712801,38.36925
-122.7128,38.341914
-122.712796,38.352821
-122.71278977335588,38.36974024754348
-122.712789,38.36974
-122.712782,38.362047
-122.71278,38.339378
-122.712769,38.338317
-122.712738,38.333599
-122.712737,47.609272
-122.71273,38.33309600000001
-122.71273,38.333176
-122.712728,38.335176
-122.712722,38.334577
-122.712708,38.361687
-122.71270394,38.33517194
-122.712698,38.369481
-122.712695,45.457051
-122.71268248499528,38.369439840133815
-122.712682,38.369441
-122.712681,38.331326
-122.712673,38.33063
-122.712669,38.328682
-122.712669,47.068581
-122.71266,38.326681
-122.712649,38.327225
-122.71263956965107,38.327211141403545
-122.712639,38.327211
-122.71263799999998,38.369328
-122.712631,38.363285
-122.712624,38.369335
-122.71261811197893,38.34832549076868
-122.712593,38.363556
-122.71259,38.363353
-122.712585,38.368645
-122.712585,38.822105
-122.712577,38.363555
-122.712563,38.299229
-122.712563,38.367481
-122.712561,38.363556
-122.712561,45.547088
-122.71255373896255,38.36356043797319
-122.71255373896255,44.09479737260773
-122.71255373896255,45.37170052506746
-122.712553,44.094797
-122.712551,44.094805
-122.71254,38.34637100000001
-122.71254,38.366741
-122.712537,38.395392
-122.712525,38.316355
-122.712523,38.299245
-122.71251082361836,38.29925179463244
-122.712448,42.193508
-122.712433,38.35001
-122.71242499292988,45.37217259385408
-122.71242499,45.37217259
-122.712416,38.349676
-122.712416,44.718253
-122.712415,38.364612
-122.712407,45.455955
-122.71240353525776,38.36461186390703
-122.712402,38.364819
-122.712402,38.37017700000001
-122.712388,45.456127
-122.712387,38.364891
-122.712387,38.366119
-122.712387,45.506889
-122.712385,38.364832
-122.71236061991353,38.3084571359715
-122.712355,38.368526
-122.712347,38.365049
-122.712341,38.366669
-122.712341,38.36684
-122.7123391622414,47.60666727997013
-122.712339,38.368537
-122.712311,45.874008
-122.71228,44.094879
-122.712257,38.367977
-122.712241,38.36576
-122.712222,47.068759
-122.712187,38.299046
-122.712173,38.366661
-122.712154,38.366505
-122.712148,38.36667
-122.71213600000002,38.0099
-122.71212,38.299713
-122.712112,38.33308
-122.712078,38.814558
-122.71203875483172,38.363174199875054
-122.71203875483172,38.36328148823565
-122.712005,43.882564
-122.711944,47.068562
-122.71193147,47.06857324
-122.71193146647111,47.06857323624104
-122.711931,47.068573
-122.711916,45.873589
-122.711911,38.434608
-122.711873,38.009325
-122.711838,47.374191
-122.711819,38.332412
-122.71180272,38.40169072
-122.7118,38.431004
-122.711778,38.39438
-122.711774,45.371522
-122.711741,45.872832
-122.711739,45.79472
-122.711735,44.96659
-122.711703,38.338528
-122.711694,38.813201
-122.711678,38.43082800000001
-122.711666,38.430809
-122.711655,38.43082800000001
-122.71165251673357,38.43080878239426
-122.711652,38.430808
-122.711646,38.298723
-122.71162,38.396385
-122.71157,38.307793
-122.711483,38.398684
-122.711479,38.431034
-122.711456,38.511089
-122.711369,45.546728
-122.71128799999998,45.456474
-122.711172,38.431073
-122.711149,38.307009
-122.711094,38.549047
-122.710999,38.486134
-122.710977,38.33014
-122.710957,45.577661
-122.710896,45.054515
-122.71088799999998,39.021095
-122.710882,47.069256
-122.7108800405373,47.06925988174882
-122.71088,47.069259
-122.710876,45.871952
-122.710755,45.546553
-122.710681,47.524069
-122.710525,38.920546
-122.710521,47.06910900000001
-122.71051526011128,38.920537233167074
-122.710487,38.43122
-122.710487,38.431229
-122.71048600000002,38.431205
-122.71047234476706,38.43121647816452
-122.710424,38.305288
-122.710381,45.45686
-122.710264,38.281717
-122.710245,38.95549000000001
-122.710198,38.258721
-122.71019,38.305866
-122.710114,38.29179
-122.710098,47.375569
-122.710083,45.371067
-122.710044,45.45726
-122.710019,38.810841
-122.709999,38.810092
-122.709977,38.295481
-122.70991,48.252369
-122.709909,45.371574
-122.709889,45.254917
-122.709807,38.80861
-122.70976424,42.19437718
-122.709732,47.603531
-122.709685,38.34839
-122.70967,42.659677
-122.709656,38.29756
-122.709648,38.348392
-122.70962,45.055237
-122.709584,38.136091
-122.709541,45.577262
-122.709378,38.137387
-122.709366,38.80904
-122.709366,38.809208
-122.709358,45.370872
-122.709344,47.603536
-122.709164,47.069629
-122.70909905375144,38.43158125859055
-122.709099,47.069672
-122.709068,38.304546
-122.709061,38.431395
-122.709056,38.431388
-122.70901200000002,45.577178
-122.70896100000002,45.46653
-122.708959,38.004527
-122.708904,38.393188
-122.7089,38.395039
-122.708898,38.394382
-122.708896,45.870357
-122.708887,42.215998
-122.70883899999998,38.137121
-122.708825,42.468258
-122.708771,39.020592
-122.708733,38.304424
-122.708717,42.46825
-122.70871499999998,38.963792
-122.708702,42.216223
-122.708702,48.965291
-122.708595,38.304268
-122.708588,45.4594
-122.708548,37.946671
-122.70849823893208,38.00455212574956
-122.708488,40.987881
-122.708459,42.468213
-122.708389,38.43151500000001
-122.708377,38.42423
-122.708357,45.508672
-122.708332,38.303656
-122.708282,45.869595
-122.708259,38.303856
-122.708241,47.635595
-122.708184,38.393566
-122.70813400000002,39.020583
-122.708128,38.363883
-122.708094,38.270789
-122.708002,47.377261
-122.707994,38.30325
-122.70793700000002,38.549152
-122.707933,38.328339
-122.707926,38.323688
-122.707911,41.728406
-122.70787,47.636253
-122.707867,38.304015
-122.707848,45.587818
-122.707798,40.983132
-122.707779,45.459889
-122.707767,45.459646
-122.707749,45.458522
-122.70774722040792,45.46169400193471
-122.707744,38.817893
-122.707721,38.138262
-122.707687,38.303192
-122.707533,45.509898
-122.707521,44.966405
-122.707346,38.304404
-122.707198,38.256822
-122.707136,40.65126400000001
-122.707064,44.792267
-122.70705900000002,45.510443
-122.707007,41.086252
-122.706828,45.255631
-122.706655,45.510793
-122.70665,47.524769
-122.706581,38.301842
-122.706547,38.379357
-122.706541,45.862981
-122.706523,45.057816
-122.706522,45.866387
-122.706513,44.096526
-122.706436,45.370197
-122.706429,45.460659
-122.706426,38.433699
-122.706352,45.058035
-122.706337,45.058048
-122.70632,38.256278
-122.706253,44.725393
-122.706245,45.459521
-122.70623799999998,45.370525
-122.706214,38.073857
-122.706154,38.433224
-122.706132,38.301005
-122.706113,47.652516
-122.706106,45.369892
-122.706103,38.025329
-122.706047,38.305598
-122.7060306066384,38.30120444279528
-122.70603,38.301204
-122.706009,45.545096
-122.705996,45.511416
-122.705994,38.301151
-122.705978,38.301151
-122.705954,48.21226
-122.705917,45.370224
-122.705917,45.511262
-122.705841,45.370398
-122.70578700000002,38.432531
-122.705779,45.93536
-122.705777,38.394601
-122.705761,38.393566
-122.705742,45.370369
-122.705734,45.862972
-122.705726,43.879449
-122.705712,38.339225
-122.705673,38.14255900000001
-122.705659,38.283653
-122.70564436854023,38.14258933049134
-122.70556299999998,38.432062
-122.705554,38.511256
-122.705554,45.511442
-122.705551,45.511478
-122.705546,38.445307
-122.70553708017972,45.51143288590664
-122.70553708,45.51143289
-122.705449,38.802475
-122.705445,43.879285
-122.705417,45.459838
-122.705406,47.071362
-122.705399,38.511189
-122.705376,38.33724
-122.70536,38.51116
-122.70532250345848,45.37103533723178
-122.7053225,38.43160272
-122.705293,45.25614
-122.70525,38.321914
-122.705223,38.241772
-122.7052,38.422789
-122.705151,45.059189
-122.705139,47.601000000000006
-122.705094,38.325215
-122.705021,37.939401
-122.705009,37.939411
-122.704774,41.727391
-122.704678,38.432587
-122.704659,45.855537
-122.70463585795063,45.85552811600754
-122.704624,48.21230300000001
-122.704582,45.511894
-122.704566,45.856344
-122.7045500272622,45.85634350754808
-122.704536,47.525639
-122.704451,40.301737
-122.70443799999998,38.008286
-122.7044,38.39459
-122.704394,47.65739600000001
-122.704327,38.411485
-122.704323,38.411282
-122.704318,38.411414
-122.704311,38.255021
-122.704292,38.220754
-122.704272,38.41328
-122.704262,42.213772
-122.704249,38.410985
-122.704247,38.220711
-122.70417,45.61372
-122.704159,39.020284
-122.704147,47.054951
-122.704142,38.432694
-122.704106,37.90815300000001
-122.704101,45.935779
-122.704083,45.460772
-122.704067,45.256452
-122.703972,45.460678
-122.70396399999998,47.071671
-122.703911,40.655136
-122.703842,38.423079
-122.703785,38.307932
-122.703785,44.86627100000001
-122.703766,47.071747
-122.703736,38.4186
-122.703735,38.41911
-122.703663,37.907589
-122.703627,47.071766
-122.703468,37.9384
-122.703384,38.334461
-122.703339,48.212282
-122.703331,38.254398
-122.703328,38.25439
-122.703323,37.90836
-122.703265,40.995575
-122.70324,40.301592
-122.70323,45.936524
-122.703157,39.020585
-122.703146,45.462858
-122.703031,38.854601
-122.702898,45.851741
-122.702865,38.44034600000001
-122.702858,45.840588
-122.702827,38.44038
-122.702812,38.409309
-122.702776,38.06689
-122.702746,38.409294
-122.702739,38.440191
-122.702667,38.506255
-122.702652,38.50626
-122.70264,45.543876
-122.702637,45.54385
-122.702602,45.462845
-122.702599,38.14905200000001
-122.702583,38.409137
-122.702571,38.149037
-122.70255446375512,38.14902663212705
-122.70255446,38.14902663
-122.70253999999998,45.851994
-122.702534,38.40909
-122.70253,45.85171500000001
-122.702441,45.543727
-122.70243899999998,38.551273
-122.702393,38.504422
-122.702393,45.8507
-122.702356,38.01127
-122.702322,41.005696
-122.702301,45.368641
-122.702299,38.011637
-122.702276,45.461655
-122.702272,38.293113
-122.702216,37.937374
-122.702112,38.43322
-122.70211,38.273382
-122.702058,38.43304000000001
-122.702034,38.48005
-122.701999,38.438546
-122.701981,45.51321
-122.7019321912637,45.15072941758561
-122.701921,38.015938
-122.701918,44.965738
-122.701821,38.502214
-122.701698,45.513689
-122.701615,47.659515
-122.70161,45.577139
-122.701593,44.86494
-122.70158886850976,44.86493468263213
-122.701546,45.46224
-122.701533,45.848806
-122.701437,45.462141
-122.701393,39.020771
-122.701332,41.048647
-122.701323,39.020735
-122.701271,45.514271
-122.701241,45.849178
-122.701206,38.379376
-122.701149,45.462917
-122.70114,47.598375
-122.701013,45.514438
-122.70100951136256,45.5144369600033
-122.70100951,45.51443696
-122.700973,38.256208
-122.700966,45.514436
-122.700962,38.257871
-122.700869,38.443242
-122.700837,45.542679
-122.700783,38.270779
-122.700773,38.270794
-122.700773,38.7918
-122.70074,45.8471
-122.700730561625,45.847095250864754
-122.700727,38.269813
-122.7006018155923,45.847803354044686
-122.700595,45.514694
-122.700584,45.515148
-122.700542,38.309351
-122.70048,47.072992
-122.700467,45.368979
-122.700454,41.855353
-122.70045161188744,45.36897540070834
-122.700451,45.368975
-122.700321,47.526999
-122.700302,47.527031
-122.700292,47.526917
-122.700256,45.464199
-122.700248,45.463663
-122.700244,45.464205
-122.700168,37.935722
-122.700152,38.861706
-122.700111,37.935699
-122.700096,47.073154
-122.70004099999998,38.152663
-122.700034,38.424319
-122.700029,38.424978
-122.70002,45.540829
-122.70000100077291,47.5276172158836
-122.700001,47.52761722
-122.699977,45.542117
-122.699947,40.440886
-122.699935,39.020477
-122.699928,47.527699
-122.699927,47.526802
-122.699921,37.92787
-122.69991517008448,45.4631531236388
-122.699883,38.50198
-122.699872,42.211161
-122.699811,38.379398
-122.69978642405177,42.210792302884045
-122.699713,40.658904
-122.699705,41.855212
-122.69967913569114,45.463303327343645
-122.699679,45.463303
-122.699651,45.515479
-122.699646,45.515495
-122.699628,45.541888
-122.699624,38.405823
-122.699583,38.012636
-122.699539,45.515709
-122.699538,38.43364
-122.699521,38.01303
-122.69952,42.660032
-122.69945,38.433461
-122.699448,45.51651
-122.69944,38.950241
-122.699425,45.515892
-122.699381,38.013077
-122.699373,45.463318
-122.69935727060938,45.463303327343645
-122.699327,38.950169
-122.69931,45.51564000000001
-122.699241,48.018233
-122.69921,45.515905
-122.699168,45.577114
-122.69916299999998,38.433508
-122.699158,38.553265
-122.699147,38.061737
-122.699115,45.515693
-122.699097,45.515972
-122.699074,45.46307
-122.699045,40.657422
-122.699043,38.434101
-122.699012,40.657487
-122.698953,44.726793
-122.698931,45.463565
-122.698916,45.577111
-122.698864,45.516015
-122.698721,45.541009
-122.6987135404458,45.54100155808669
-122.698647,45.530499
-122.698641,38.433785
-122.698624,45.540619
-122.698623,45.541026
-122.698618,47.594946
-122.698611,44.861356
-122.698577,38.317874
-122.698576,42.210083
-122.69857,45.540993
-122.69854188,45.53988576
-122.69854187906886,45.53988575913648
-122.698541,45.539885
-122.698506,45.541038
-122.69848600000002,45.539951
-122.698471,47.59209600000001
-122.698468,38.326877
-122.698448,40.668317
-122.69843459070827,40.66884398440995
-122.698434,40.668843
-122.698432,38.24172100000001
-122.698421,43.874827
-122.698402,45.515877
-122.698398,41.132623
-122.698386,42.659626
-122.698366,45.540195
-122.698351,38.505678
-122.698318,45.516132
-122.698314,45.538854
-122.698287,45.36790300000001
-122.69828438700344,45.3679025171024
-122.69828400000002,45.367902
-122.698273,45.515888
-122.698254,38.379399
-122.698252,45.538456
-122.698212,45.51589600000001
-122.698199,40.669263
-122.698176,38.311182
-122.698151,47.073891
-122.698149,45.84252100000001
-122.698113,38.311574
-122.698089,38.06208
-122.69796,38.311371
-122.697952,47.525055
-122.697838,47.646992
-122.697728,45.367782
-122.697728,47.074045
-122.6977050298562,45.46499848344104
-122.697631,38.061028
-122.697584,38.241718
-122.697538,38.820172
-122.697476,45.368276
-122.697472,37.934672
-122.697441,38.270766
-122.697397,38.326342
-122.697388,48.018379
-122.697382,45.516104
-122.697366,45.537301
-122.697357,37.934662
-122.697342,38.362848
-122.697327,37.934629
-122.697306,45.464563
-122.697229,38.060389
-122.69722,45.464437
-122.697113,38.060162
-122.697113,45.478081
-122.69705,45.840155
-122.696994,45.150785
-122.696973,38.250779
-122.696941,38.55478
-122.69682,38.818969
-122.696803,41.670587
-122.696782,38.55493900000001
-122.696708,38.816629
-122.696641,40.669708
-122.696632,38.916364
-122.696572,37.903101
-122.696555,38.434555
-122.696548,45.368111
-122.696541,43.873585
-122.69651100000002,38.555243
-122.696503,45.515983
-122.69646048487331,44.94907021501089
-122.696449,45.515973
-122.696362,48.95783400000001
-122.696164,45.464954
-122.69616299999998,47.074647
-122.696159,42.463866
-122.69615,45.465131
-122.69613861979153,42.463864087856
-122.696103,45.53676
-122.695999,38.43404500000001
-122.695988,38.434048
-122.695945,45.837785
-122.695921,39.020107
-122.695894,38.434272
-122.695731,38.315481
-122.69571100000002,38.313187
-122.695689,45.4652
-122.695664,39.020106
-122.695613,45.51563
-122.695529,37.934021
-122.69541,47.87377
-122.695363,38.220786
-122.695358,45.640141
-122.695353,38.249882
-122.695351,47.873779
-122.695343,47.581802
-122.69531200000002,37.933897
-122.69531200000002,38.249858
-122.69531200000002,38.291038
-122.69531200000002,38.313505
-122.69531200000002,38.790444
-122.69531200000002,38.916222
-122.69531200000002,40.669218
-122.69531200000002,42.208159
-122.69531200000002,44.789792
-122.69531200000002,47.074973
-122.69531200000002,47.076371
-122.69531200000002,47.524592
-122.695235,45.473663
-122.695226,45.465633
-122.695212,45.515581
-122.695154,37.903877
-122.695146,38.382734
-122.695122,47.498901
-122.69511599999998,47.066496
-122.695062,38.379428
-122.695053,38.37944
-122.695049,41.72269
-122.69503,45.385132
-122.69501,38.360387
-122.695007,45.51553
-122.6950013631692,45.465577840588246
-122.695001,45.465577
-122.695001,45.465579
-122.69497,38.375366
-122.69495844782496,45.536345243236845
-122.694946,47.530521
-122.694939,47.581664
-122.69491,38.356138
-122.69487,38.55670900000001
-122.694856,38.556708
-122.694824,44.789875
-122.694771,47.38126
-122.694762,45.367184
-122.694748,45.640076
-122.694682,38.249495
-122.694656,47.581795
-122.694646,38.314036
-122.694576,47.013406
-122.694547,39.020648
-122.694522,38.362021
-122.694461,44.947022
-122.694451,38.39746
-122.69440054834988,38.43464970570357
-122.694397,38.434647
-122.694382,38.314331
-122.69437,38.43444
-122.694339,47.01325
-122.694336,38.314283
-122.694336,38.361711
-122.694326,45.465993
-122.694298,45.523232
-122.694257,38.556985
-122.694183,38.288345
-122.69411,38.864416
-122.694093,38.34059
-122.69408500000002,38.863404
-122.694054,38.396622
-122.69402,38.39656
-122.69396100000002,42.657996
-122.69394,38.313853
-122.693939,45.515591
-122.693852,38.916059
-122.693748,45.536004
-122.693729,38.313598
-122.69366,45.515547
-122.693619,38.055123
-122.693617,45.466629
-122.69360661448148,45.46662926652209
-122.693606,45.466629
-122.693555,39.02041
-122.69355,39.020424
-122.69354224,39.02040124
-122.693516,47.381911
-122.693505,39.019905
-122.6935,45.466515
-122.693471,38.054909
-122.69346000000002,38.434684
-122.693445,38.558157
-122.693428,38.787716
-122.693377,38.395416
-122.693367,37.919479
-122.693367,38.054691
-122.69334912241604,45.536130666515646
-122.693349,45.53613
-122.693339,37.919421
-122.69333600000002,45.587349
-122.693325,45.515265
-122.69330621,45.51525235
-122.6933062070718,38.0546343324754
-122.6933062070718,45.51525235154383
-122.693306,45.515252
-122.69326329172758,45.51548838593714
-122.69326329,45.51548839
-122.693263,45.515485
-122.69324183405546,44.10029053667021
-122.69321399999998,38.312981
-122.692993,47.659111
-122.692953,45.515191
-122.692912,38.05324
-122.692909,38.158428
-122.692905,38.158413
-122.692871,45.46664000000001
-122.692863,38.786301
-122.692853,38.379448
-122.692844,38.786309
-122.692843,47.075925
-122.69281268061307,40.300050973700046
-122.692734,38.379448
-122.692718,45.535725
-122.692681,38.24850900000001
-122.692629,38.393843
-122.692596,45.586967
-122.692502,38.434952
-122.692461,45.829319
-122.692435,39.0205
-122.692429,45.64645
-122.692429,47.580441
-122.69237,45.830148
-122.69231915415432,38.557816743666855
-122.692319,38.557816
-122.692286,45.366766
-122.692113,45.829608
-122.69210457743314,45.82960724808774
-122.691988,45.51533
-122.691803,38.248106
-122.691803,38.2561
-122.691774,38.311282
-122.691771,43.870446
-122.69165396631864,45.5356371400569
-122.691519,45.514872
-122.6915037626138,45.51486611344568
-122.691503,45.514866
-122.691498,47.676929
-122.691408,45.150766
-122.691398,45.577113
-122.6913964742532,45.53537964799148
-122.691328,45.514794
-122.69132,38.435536
-122.69131064356472,38.435529470260455
-122.691299,38.390263
-122.691193,38.485535
-122.691171,47.525142
-122.69117,38.390034
-122.691162,38.435267
-122.691126,39.02134
-122.69111399999998,38.439049
-122.691071,47.663574
-122.691071,48.051201
-122.691069,45.609081
-122.691032,45.609089
-122.69098877848296,45.46823859193102
-122.69094,47.076654
-122.69088899999998,43.869872
-122.690873,38.310226
-122.690865,45.515163
-122.690855,45.468896
-122.690826,47.67868
-122.690809,38.25607700000001
-122.69077,45.468777
-122.690755,38.553957
-122.690744,42.656872
-122.690727,45.469681
-122.69072,38.310046
-122.690712,38.309971
-122.690679,45.826544
-122.690676,40.444108
-122.690669,45.366545
-122.690636,38.314326
-122.690624,45.068882
-122.690624,47.010879
-122.69062,47.679764
-122.690475,38.435333
-122.69045233668,47.58003830887042
-122.690452,47.580038
-122.690399,37.91206
-122.690381,38.247449
-122.690377,45.577125
-122.690295,45.471113
-122.690255,38.24739
-122.690172,38.785106
-122.69016299999998,45.514656
-122.69016299999998,45.608789
-122.690117,44.7887
-122.690109,47.678261
-122.690032,45.535142
-122.689972,38.31801
-122.689949,45.512661
-122.68991499999998,46.887772
-122.689786,38.045312
-122.689597,38.308686
-122.689596,44.855992
-122.68959403,47.68271327
-122.68959,38.308609
-122.689588,45.263182
-122.689553,38.308635
-122.689535,45.513407
-122.689533,38.87037
-122.689523,45.513601
-122.689521,45.15076
-122.689412,45.534726
-122.689392,45.515549
-122.689373,48.05411
-122.689363,45.514261
-122.689353,45.513558
-122.689352,45.513373
-122.689343,38.415873
-122.689343,45.51368400000001
-122.6893365377298,45.51336407639735
-122.689264,38.991531
-122.689264,45.514041
-122.689239,45.514123
-122.689217,45.514557
-122.689163,45.511934
-122.689143,38.285632
-122.689121,47.525834
-122.689102,46.3885
-122.689095,45.468452
-122.689067,45.511756
-122.6890575879922,46.38847231842811
-122.689049,45.51207
-122.689026,45.514942
-122.68901,45.51165
-122.688994,45.51196
-122.688921,45.150763
-122.68892,38.01502
-122.688891,45.514887
-122.688795,38.307805
-122.688744,45.470718
-122.688732,45.366865
-122.6887,37.910193
-122.688691,45.515588
-122.688683,45.535679
-122.688637,45.534771
-122.688622,45.53353900000001
-122.688621,38.38633
-122.688618,45.534366
-122.688611,45.470062
-122.68860698,45.47006249
-122.68860697687772,45.47006249406114
-122.688601,45.533542
-122.688599,45.07054
-122.688599,45.5154
-122.688598,45.515427
-122.68856406153353,45.8209812638959
-122.688538,45.514877
-122.688537,38.86937
-122.688509,45.515602
-122.688507,38.449711
-122.6885,45.470909000000006
-122.688489,47.009067
-122.68846,38.01528
-122.68846,45.534272
-122.688446,45.515156
-122.688439,45.516364
-122.688404,42.455593
-122.68839240015656,45.47077059724106
-122.68839240015656,45.51143288590664
-122.6883924,45.51143289
-122.688392,45.511432
-122.688324,38.448691
-122.688278,38.436314
-122.688259,45.534131
-122.688189,38.052745
-122.688184,38.284395
-122.68818,38.015281
-122.688155,45.534051
-122.688148,45.53418
-122.688142,45.516285
-122.68812,38.436638
-122.688113450419,38.43662381153853
-122.688097,39.020474
-122.68809,38.446524
-122.68808,45.534306
-122.688054,38.434034
-122.68802761973048,45.515531301281385
-122.688016,38.449956
-122.687981,45.517151
-122.687929,45.516991
-122.687928,38.947647
-122.68792,45.470188
-122.687908,38.501004
-122.687906,45.366811
-122.687898,45.510239
-122.6878774160257,45.51023125626797
-122.687877,38.445191
-122.687877,45.510231
-122.687866,45.819432
-122.68785,38.434307
-122.68779,45.510502
-122.687783,45.516954
-122.687755,37.908813
-122.687752,38.444439
-122.687747,45.510287
-122.687722,45.533564
-122.687711,38.307055
-122.687696,38.284402
-122.687696,45.510055
-122.687683,38.284409
-122.687668,38.284416
-122.68766283930452,45.51615357377282
-122.687622,38.435146
-122.687616,38.435129
-122.687599,45.510189
-122.68758,45.51015200000001
-122.687578,38.450044
-122.687569,38.306931
-122.687557,38.500957
-122.68755555094393,45.5101454255795
-122.68755555,45.51014543
-122.687555,45.510145
-122.687546,45.512402
-122.687538,38.256081
-122.687532,45.533208
-122.687531,38.25605
-122.687493,38.557375
-122.687464,38.009722
-122.687454,38.947467
-122.687426,38.443123
-122.687423,45.532844
-122.687415,38.437425
-122.687409,38.437426
-122.687401,38.437611
-122.687401,38.437759
-122.68735,41.84847
-122.687319,45.819374
-122.687316,45.532158
-122.687302,45.516842
-122.687301,45.366306
-122.68729805887848,45.81937193848696
-122.687276,37.907186
-122.687268,38.285241
-122.68723369,45.5249083
-122.68723368586213,45.52490830399739
-122.687225,38.384284
-122.687218,45.470375
-122.687205,38.379469
-122.687194,45.518343
-122.68719077051789,45.51834225632896
-122.68719,45.518342
-122.687187,47.665661
-122.68716299999998,38.441149
-122.687157,45.532662
-122.687137,45.532162
-122.687134,45.528118
-122.687107,45.531178
-122.687088,45.530979
-122.687086,45.530745
-122.68708,38.439875
-122.687071,45.530249
-122.687068,45.518279
-122.687065,45.530001
-122.68706202448514,45.51827788331261
-122.687062,45.51827700000001
-122.687061,38.384041
-122.68704,38.306608
-122.68703700000002,45.53429600000001
-122.68701910914092,45.51523089387171
-122.68701910914092,45.528899431011546
-122.687018,44.103426
-122.686997,45.528899
-122.686971,38.28501
-122.68695473612458,45.48021197297344
-122.686944,37.908476
-122.68693799999998,45.527157
-122.68693328,45.52729011
-122.68693327845246,45.5271613595699
-122.68693327845246,45.52729010560261
-122.686914,45.532849
-122.686913,45.52623
-122.68691182078034,45.07189393022026
-122.686903,45.509418
-122.686899,45.526468
-122.686897,45.531441
-122.686894,45.52630900000001
-122.68689,45.532167
-122.686885,47.870649
-122.686875,38.015386
-122.686873,45.525728
-122.686854,45.531182
-122.686852,45.534584
-122.686851,37.907704
-122.68684745,45.53117394
-122.68684744776398,45.53117394425615
-122.686839,45.525029
-122.686826,45.530484
-122.686825,38.28514000000001
-122.686808,45.530006
-122.68676299999998,45.5288
-122.6867616170755,45.528792142650936
-122.686761,45.528792
-122.686747,45.528074
-122.686745,45.526417
-122.68674016,45.52641034
-122.6867401594034,45.526410341045725
-122.686721,45.525033
-122.686694,45.524707
-122.686693,45.519289
-122.686688,47.694219
-122.686668,45.534879
-122.68665432871492,45.53428530671341
-122.686624,37.930343
-122.686592,37.90942
-122.686562,38.245674
-122.686555,37.909443
-122.68654704035433,45.50935149171109
-122.686545,45.50917800000001
-122.686539,45.52427700000001
-122.686534,45.366264
-122.68648,47.078222
-122.686458,37.907089
-122.686445,38.314297
-122.686435,45.523581
-122.686422,45.535021
-122.6864,45.519527
-122.686394,45.577135
-122.686347,45.519628
-122.686329,45.47028
-122.686327,45.523588
-122.686314,45.519687
-122.68626100000002,45.577134
-122.686172,39.01973
-122.686159,38.382726
-122.686159,39.019699
-122.68613934,39.01969314
-122.686115,38.052083
-122.68609,45.607418
-122.68608799999998,45.522895
-122.686066,45.81583
-122.686065,45.535467
-122.68605351389556,45.53546547867996
-122.68605351,45.53546548
-122.686053,45.535465
-122.686047,38.497781
-122.68603205622344,45.51954388596764
-122.68602,45.519539
-122.685991,45.520289
-122.68596,45.470272
-122.685953,45.535469
-122.685946225535,45.53546547867996
-122.685923,38.380947
-122.685907,39.019835
-122.68590331019074,47.6645600793473
-122.6859,45.470388
-122.685898,38.37949
-122.685878,45.07287700000001
-122.685869,38.376419
-122.685867,47.527061
-122.685864,45.535649
-122.685845,38.374662
-122.685804,45.073011
-122.685799,45.470398
-122.685797,45.607293
-122.685795,45.535602
-122.685788,45.577136
-122.685768,45.523614
-122.685746,38.355079
-122.685738,38.28392
-122.685738,45.469589
-122.68573165,45.52235484
-122.6857316488138,45.522354841015215
-122.685731,45.52235
-122.68573,38.283924
-122.68571019114168,45.521603822491066
-122.685667,38.382064
-122.685654,38.382
-122.685654,45.522115
-122.685593,38.781898
-122.685593,45.471031
-122.685591,38.283934
-122.685588,45.521727
-122.685585,45.521612
-122.68558144510897,38.28393101673944
-122.685581,38.283931
-122.685562,45.470387
-122.68554,38.345696
-122.685515,38.284134
-122.685511,38.781832
-122.68551,42.202402
-122.685496,45.535848
-122.685482,40.669087
-122.685451,45.508463
-122.685433,45.5086
-122.685401,45.595593
-122.685338,45.536096
-122.685315,45.471133
-122.685255,45.536048
-122.685247,38.299674
-122.685244,42.202592
-122.685216,47.527209
-122.685213,38.563773
-122.685127,45.508011
-122.68512,45.60511
-122.685104,45.606847
-122.685066,45.596901
-122.685043,47.70063
-122.68502354563384,45.50935149171109
-122.684968,38.381399
-122.684883,38.34124600000001
-122.684773,45.606527
-122.684753,38.283306
-122.684738,45.812528
-122.68472,45.513085
-122.684708,45.814381
-122.684679,38.563704
-122.684669,45.85181
-122.684631,45.508438
-122.684619,45.597075
-122.684547,38.283199
-122.684544,45.594982
-122.684517,45.813782
-122.684453,45.53684000000001
-122.684447,45.59862
-122.684419,45.597375
-122.684408,45.59757800000001
-122.684397,38.244666
-122.68438700000002,45.603779
-122.68438,45.598893
-122.68435835779816,45.598894357463855
-122.684358,45.598894
-122.684357,45.59621
-122.684341,38.008148
-122.684341,45.536786
-122.684282,45.595303
-122.68425,45.598557
-122.684238,45.599393
-122.684206,45.507635
-122.684198,45.507874
-122.68418669642122,45.50787091233488
-122.684176,39.02056500000001
-122.684166,45.470112
-122.684164,45.598899
-122.684154,45.605701
-122.684131,45.595516
-122.684128,45.594922
-122.68407940806064,45.59541821458056
-122.684079,45.577128
-122.684059,48.949276
-122.684057,38.851851
-122.684013,38.015869
-122.684012,45.812098
-122.684002,45.595175
-122.68399357737216,45.59518218018725
-122.683993,45.595182
-122.683967,45.605665
-122.68396,38.56501
-122.683955,38.565017
-122.683933,45.594998
-122.683889,45.594895
-122.683785,45.507352
-122.683784,48.949092
-122.683777,45.811641
-122.683758,45.50678
-122.68375754297884,45.8116471765241
-122.683748,45.601077
-122.683737,45.507514
-122.68373608530672,44.787536859298754
-122.68373608530672,45.60108304001998
-122.683736,45.601083
-122.683726,38.28253400000001
-122.6837,42.657924
-122.683652,45.593888
-122.683631,45.506622
-122.683604,45.507232
-122.683601,47.569351
-122.68358,45.507412
-122.6835,45.601104
-122.68348799999998,38.432166
-122.683472,45.601261
-122.683411,47.567863
-122.683395,38.304516
-122.683372,38.380531
-122.683357,45.593599
-122.683349,45.601681
-122.683338,38.380496
-122.683229,45.594893
-122.683228,46.578201
-122.683201,44.853268
-122.683197,45.469917
-122.683177,45.602267
-122.683176,45.537742
-122.683149,45.470044
-122.683138,38.852223
-122.68313527048736,45.470041036389006
-122.683134,45.81028
-122.683103,45.537952
-122.683055,47.527216
-122.683003,45.508814
-122.683001,45.603601
-122.682983,45.508808
-122.68297,41.844255
-122.68296361,38.43735337
-122.682886,45.604353
-122.68287777842195,45.60434460618208
-122.682873,45.538136
-122.682851,45.603391
-122.682823,45.53804
-122.68281,45.5067
-122.68279194773348,45.50671219804045
-122.682771,38.282022
-122.682742,45.265849
-122.682738,45.538094
-122.682712,45.50685
-122.682669,45.604035
-122.682649,38.243855
-122.68264174402864,45.60582518555829
-122.682641,45.605825
-122.68264,45.50948
-122.68263,38.251648
-122.682623,45.469954
-122.6826,38.248344
-122.682598,37.929887
-122.682595,38.255583
-122.682587,45.538239
-122.68257737101229,37.9298794267753
-122.682577,37.929879
-122.682564,47.527271
-122.682547,38.304046
-122.682504,45.471014
-122.682437,45.603895
-122.68242716730744,45.603893995067565
-122.682419,45.5308
-122.682391,38.281501
-122.682378,45.605635
-122.682352,45.605712
-122.68235,45.605713
-122.68235,47.569611
-122.682346,38.243712
-122.682346,45.605117
-122.682343,45.605728000000006
-122.682343,45.605736
-122.682342,38.281691
-122.682335,45.603493
-122.682229,45.590729
-122.68221259058626,45.59071898438647
-122.68221259,45.59071898
-122.682198,45.57795
-122.682174,37.908608
-122.682168,45.60564
-122.682137,45.506329
-122.682123,45.577125
-122.682092,45.60585800000001
-122.68208384455356,45.60584664323041
-122.682083,45.577129
-122.682078,45.590719
-122.682073,45.605907
-122.682066,45.60642
-122.68206238688144,45.59071898438647
-122.68206200000002,45.590718
-122.682047,38.446066
-122.682047,45.577125
-122.682034,45.603804
-122.68202,45.506221
-122.68199801386508,45.48004031159649
-122.68199801,45.48004031
-122.681994,45.471079
-122.681994,45.606601
-122.681977,45.076731
-122.68197655619296,45.60659766175458
-122.681959,45.590158
-122.681952,45.489653
-122.681892,45.590011
-122.681892,45.606365
-122.68189,45.60635300000001
-122.681859,38.379542
-122.68183,45.506328
-122.68182635248812,45.50632595994231
-122.68182635,45.50632596
-122.681755,45.590025
-122.681701,45.80716
-122.68169,45.53908300000001
-122.681689,47.079631
-122.681683,45.606811
-122.681679,45.607239
-122.681645,45.540157
-122.681639,38.778619
-122.681618,47.663624
-122.681605,45.539022
-122.681587,38.77861
-122.68156299999998,38.995203
-122.681553,39.020442
-122.681547,45.589246
-122.681535,45.589537
-122.681516,45.603613
-122.681515,38.452885
-122.681505,45.60753
-122.68146157206208,45.93994259812386
-122.681396,45.15099
-122.681395,45.506128
-122.68138700000002,45.15126
-122.681374,45.150959
-122.681348,45.607848
-122.68134,47.56633400000001
-122.681327,45.607507
-122.681221,45.605289
-122.681218,45.588521
-122.681187,45.607769
-122.681133,45.505064
-122.681126,45.60905
-122.681084,45.522018
-122.681076,45.588518
-122.681004,38.482883
-122.681004,38.555975
-122.681,45.549599
-122.680992,45.505802
-122.680947,45.587937
-122.680946,45.547798
-122.680931,45.573929
-122.680868,45.539748
-122.680848,45.504204
-122.680847,45.589531
-122.680846,45.587702
-122.680834,45.587985
-122.680828,45.60872
-122.680822,38.280529
-122.680794,38.63588
-122.680787,45.539705
-122.680784,45.604094
-122.680717,45.587742
-122.680708,38.635825
-122.680685,45.469545
-122.680682,38.994881
-122.680643,45.587252
-122.680642,47.536656
-122.680641,45.60870300000001
-122.680627,45.609064
-122.680574,45.469657
-122.680521,45.587301
-122.680519,45.505836
-122.680511,45.604599
-122.680508,45.482446
-122.680499,45.482373
-122.680461,45.469542
-122.68045306147248,45.46954750993028
-122.68045306,45.46954751
-122.680453,45.469547
-122.680418,38.302871
-122.680298,38.279884
-122.680282,45.480673
-122.680267,45.480671
-122.680253,45.480337
-122.680248,45.540273
-122.680246,45.609705
-122.680223,45.469551
-122.680219,43.861264
-122.680143,45.50575300000001
-122.680126,45.609546
-122.68010973871858,45.8027422425947
-122.680069,45.522999
-122.680045,38.875308
-122.680042,38.490302
-122.680021,45.478987
-122.679907,45.577188
-122.679901,43.30762100000001
-122.679895,45.577179
-122.679893,45.62495
-122.67988,37.925679
-122.679874,45.802236
-122.679839,45.505535
-122.679839,45.540611
-122.67983079,45.50553203
-122.67983078898104,45.50553202607389
-122.67983078898104,45.540615319988525
-122.67983,45.540615
-122.67982,41.842932
-122.679773,45.540525
-122.67976642,45.54052949
-122.67976641596468,45.54052948930006
-122.679691,45.476734
-122.679685,38.29129
-122.679672,45.611763
-122.679631,44.106183
-122.679608,45.584979
-122.679552,45.54079
-122.67955,45.469658
-122.67954,38.489383
-122.679527,47.52750800000001
-122.679486,45.540762
-122.679479,45.54105300000001
-122.679465,45.505661
-122.67946299999998,45.584963
-122.67944455088292,45.505660772106616
-122.67944455088292,45.602113008281705
-122.679437,45.541263
-122.679406,44.106238
-122.679405,45.611214
-122.679387,45.541009
-122.679375,42.661075
-122.679296,45.540997
-122.679274,38.556051
-122.67926,42.185081
-122.67923799999998,45.584075
-122.679194,45.503671
-122.679193,45.541002
-122.679192,45.541086
-122.679184,45.611641
-122.679168,45.583882
-122.679143,45.583817
-122.679143,45.584184
-122.679136,42.451477
-122.679135,47.564809
-122.679127,47.528256
-122.679123,45.584133
-122.679108,45.55572100000001
-122.679107,45.584091
-122.679105,45.602644
-122.6791,45.585213
-122.679082,38.302123
-122.679066,45.486259
-122.679056,45.568723
-122.679023,45.486857
-122.67901,45.583837
-122.679004,45.602459
-122.6789939397684,45.58383107163628
-122.678993,45.583831
-122.678974,45.479893
-122.67897,45.611099
-122.67896299999998,45.611561
-122.678962,45.612072
-122.678921,45.541222
-122.678917,45.365406
-122.678916,45.602522
-122.678902,45.583534
-122.678886,45.541334
-122.678879,45.476402
-122.678835,45.483216
-122.678831,45.476103
-122.678826,45.486826
-122.67882,39.023749
-122.678796,45.549769
-122.678792,45.58315800000001
-122.67878600000002,45.550857
-122.678781,45.548852
-122.67878,45.548399
-122.6787793630472,45.54975628831125
-122.67877936,45.54975629
-122.678779,45.549756
-122.678769,45.541347
-122.678764,45.548082
-122.678759,45.553257
-122.678759,45.572717
-122.678759,45.57326
-122.678759,45.57340900000001
-122.678756,45.573016
-122.678752,45.573617
-122.678751,45.564706
-122.678744,45.566229
-122.678743,45.566404
-122.67874,45.54782700000001
-122.67874,45.574481
-122.678739,45.563473
-122.678737,45.569919
-122.67873645,45.55325389
-122.678736447703,45.55325388886664
-122.678736447703,45.5732524392816
-122.678736,45.573252
-122.678731,45.553626
-122.678729,45.554638
-122.678726,45.56992
-122.67872,45.475737
-122.678719,45.575969
-122.67871499003088,45.48697113969094
-122.67871499003088,45.56346774079532
-122.67871499003088,45.574475526592366
-122.67871499003088,45.577050447246656
-122.67871499,45.56649327
-122.678714,45.563467
-122.678714,45.577063
-122.678712,45.611998
-122.678711,45.556068
-122.678711,45.556198
-122.678709,38.263301
-122.678709,45.5555
-122.678708,45.556104
-122.678708,45.562676
-122.678708,45.577332
-122.678703,45.562347
-122.678697,45.578462
-122.678696,45.562267
-122.678694,45.541492
-122.678694,45.556164
-122.67869353235876,45.5414950845454
-122.67869353235876,45.555506944439145
-122.67869353,45.54149508
-122.67868500000002,45.557806
-122.678681,45.581606
-122.678675,45.558995
-122.67867207468665,45.541430711529046
-122.67867207468665,45.58159947373589
-122.67867207,45.54143071
-122.678672,45.54143
-122.67867,45.479912
-122.678665,45.576233
-122.678639,45.476487
-122.678636,45.505593
-122.678629,39.02264
-122.678628,45.54838
-122.678621,45.476331
-122.678621,45.548756
-122.67862,45.54888
-122.678615,45.549677
-122.67860770167027,45.54838299729562
-122.678603,45.550851
-122.6786,45.54783
-122.678589,45.48719000000001
-122.678589,45.572713
-122.678586,45.552142
-122.678578,45.547167
-122.678574,45.569881
-122.678573,45.573612
-122.678565,45.574481
-122.67856478632604,45.573617219707614
-122.67856,45.576783
-122.678556,45.55360200000001
-122.678554,45.553282
-122.678553,45.576937
-122.678552,45.569916
-122.67854333,45.57694316
-122.67854332865392,45.553275346538754
-122.67854332865392,45.57694315888607
-122.678543,45.553275
-122.678543,45.612831
-122.678539,45.577279
-122.678536,45.555279
-122.678528,45.55331
-122.678528,45.567673
-122.678528,45.57706500000001
-122.678526,45.556043
-122.678521,45.564801
-122.678519,45.475834000000006
-122.678517,45.587127
-122.678515,45.563738
-122.678513,45.15093
-122.678513,45.556544
-122.678512,45.566832
-122.678506,45.505418
-122.678503,38.2785
-122.678501,45.557195
-122.67850041330968,45.566836595318
-122.67850041,45.55653691
-122.6785,45.566836
-122.678498,45.505586
-122.678494,45.58076
-122.678486,45.558004
-122.678484,45.558246
-122.678477,45.562681
-122.678473,45.558995
-122.678472,45.546929
-122.678445,45.613013
-122.678444,45.569241
-122.67844,45.602155
-122.678435,45.470074
-122.678429,45.587132
-122.678406,45.557236
-122.678383,45.571781
-122.678383,45.613098
-122.678329,45.487492
-122.678329,45.613206
-122.678322,45.612648
-122.678316,45.500124
-122.678307,45.612675
-122.678299,45.56189000000001
-122.678285,45.612711
-122.678252,45.577224
-122.67823500000002,38.165619
-122.67823,45.612797
-122.678185,45.61287100000001
-122.678171,38.241709
-122.67816,45.612914
-122.67815709055576,45.50366520859955
-122.67813563288364,45.559455156109046
-122.678126,45.612969
-122.678124,45.491173
-122.678117,45.541933
-122.678102,45.474071
-122.67807,45.939484
-122.678031,45.613136
-122.677986,45.500027
-122.677978,38.255998
-122.677976,39.030817
-122.67793600000002,45.501213
-122.677928,38.569641
-122.677849,47.528166
-122.677841,45.505569
-122.677841,45.545631
-122.677821,45.503323
-122.677781,45.497267
-122.677765,45.47359
-122.677742,38.23540300000001
-122.677728,45.614227
-122.677706,45.569921
-122.677697,38.301431
-122.677697,45.502394
-122.677692,45.50372700000001
-122.677685,39.022865
-122.677679,45.499463
-122.677668,45.54600900000001
-122.67766356409705,45.499459504864205
-122.677654,45.504278
-122.677597,45.544792
-122.677581,41.718488
-122.677581,45.505364
-122.677572,45.505543
-122.677559,45.52663
-122.677551,45.5042
-122.677452,45.545795
-122.677437,45.471127
-122.677423,45.601305
-122.677409,38.261348
-122.677377,39.023556
-122.677361,45.54464
-122.67735,45.471258
-122.677256,38.277784
-122.677251,45.488498
-122.677245,38.271683
-122.677193,45.614578
-122.677183,45.543042
-122.67717,45.519451
-122.677139,45.939285
-122.67712712229404,43.305991887839774
-122.677125,45.615234
-122.677109,38.875882
-122.677104,38.485239
-122.677097,38.484894
-122.677094,45.505518
-122.677087,45.494368
-122.677084,45.50551
-122.677051,45.492388
-122.67703799999998,38.235408
-122.677013,45.268319
-122.676994,38.87614600000001
-122.676917,45.500231
-122.676857,38.166538
-122.676834,47.528111
-122.676813,44.106882
-122.67680525721228,44.10687804201075
-122.676774,45.543668
-122.676686,39.023387
-122.676666,45.543209
-122.676643,45.543568
-122.676603,45.543733
-122.67659,45.543217
-122.67654,45.795781
-122.676484,45.500682
-122.676475,45.505457
-122.676468,45.616318
-122.676465,45.544822
-122.676424,40.673172
-122.676422,45.544353
-122.676398,39.0196
-122.676357,38.37644
-122.676348,45.544853
-122.67633700000002,45.543738
-122.67633,45.577214
-122.676322,45.50543
-122.676302,45.543348
-122.676294,45.544699
-122.676279,38.633531
-122.676262,45.544708
-122.676259,45.793377
-122.676254,45.500298
-122.676243,47.659819
-122.67623600000002,45.489056
-122.676231,43.858456
-122.676223,45.489279
-122.676148,45.544689
-122.676138,45.48934600000001
-122.676071,45.489195
-122.676071,45.611881
-122.676047,38.273066
-122.676006,38.01637
-122.675997,45.269109
-122.675989,45.544435
-122.675933,38.943983
-122.675916,45.79382800000001
-122.67586112,45.50690532
-122.675861,45.506905
-122.67585,38.438042
-122.675847,45.505034
-122.675784,38.272733
-122.675784,45.505317
-122.675774,45.52212100000001
-122.675728,38.272678000000006
-122.675706,38.633233
-122.675691,42.450513
-122.675688,39.020678
-122.675658,38.473273
-122.675648,45.617126
-122.675627,45.504912
-122.67562,38.25598400000001
-122.675596,45.486467
-122.675591,38.25602
-122.675581,39.021079
-122.675568,45.486469
-122.675552,45.61784
-122.675529,45.50153
-122.675529,47.081319
-122.67551779688512,47.08131909347972
-122.675511,38.272403
-122.675498,45.505231
-122.675496,45.544016
-122.675459,45.485744
-122.675431,38.276143
-122.675415,45.544083
-122.675409,45.486168
-122.675407,45.501532
-122.67538905085242,45.50154089905976
-122.675376,45.618156
-122.675369,45.58403
-122.675369,45.618145
-122.6753675931803,45.61816334702674
-122.675367,45.618163
-122.675326,39.022017
-122.675325,45.543873
-122.675295,38.444302
-122.675241,47.870142
-122.675237,45.543935
-122.67521739,45.58400273
-122.67521738947546,45.54379105546215
-122.67521738947546,45.58400273301322
-122.675217,45.543791
-122.675208,44.785649
-122.675176,39.022625
-122.675176,45.543749
-122.675145,38.874529
-122.67513999999998,45.618515
-122.675127,45.500386
-122.675101,45.618055
-122.675098,47.87016
-122.675092,45.543812
-122.674999,39.02313400000001
-122.67497,42.196213
-122.67495,38.275822
-122.674935,45.504985
-122.674925,38.43465
-122.674925,45.543525
-122.674919,38.239658
-122.674919,45.618885
-122.674881,47.561489
-122.674879,45.49946
-122.674871,45.504955
-122.674843,45.49863
-122.674832,45.500629
-122.674815,45.50492
-122.674778,45.78651
-122.67476677836096,45.78652024247272
-122.674751,42.196431
-122.67474532068884,42.1964371202364
-122.674733,47.00351
-122.67472386301672,45.53709626176101
-122.674721,45.54346500000001
-122.674709,45.490659
-122.674684,45.61875300000001
-122.674608,38.44338
-122.674608,47.561212
-122.674568,45.51799000000001
-122.674565,45.61895
-122.67456,45.503443
-122.674554,45.503624
-122.67453799999998,38.27545900000001
-122.674521,38.299973
-122.674493,45.504009
-122.674443,38.349841
-122.67443,38.23927
-122.6744,45.544922
-122.674348,45.543411
-122.674347,45.500512
-122.67433762491858,45.50051093079804
-122.674337,45.50051
-122.674322,45.504487
-122.674262,47.081683
-122.6742517942301,45.50177693345307
-122.674227,45.50052
-122.67420888,47.08224177
-122.67420887888586,47.08224177338085
-122.674208,47.082241
-122.674202,45.501644
-122.674147,38.266522
-122.6741230481974,45.50278544404264
-122.674123,45.502785
-122.674118,45.620224
-122.67408799999998,45.542829
-122.674083,45.504911
-122.674053,45.514752
-122.674043,38.63234
-122.674042,45.502861
-122.673988,45.620426
-122.67397284449255,45.50529599168061
-122.67395138682043,47.65823006607218
-122.67392,45.500816
-122.673917,45.492471
-122.673908,47.545555
-122.673904,45.505143
-122.673897,45.542829
-122.673871,45.496498
-122.673857,38.238832
-122.673813,45.620152
-122.673804,45.50291
-122.6738,45.500548
-122.673798,45.49538
-122.673796,45.504252
-122.673791,45.492374
-122.673791,45.504419
-122.67377972544348,45.492378473064925
-122.673769,45.492939
-122.673768,45.504587
-122.673757,38.632199
-122.673752,38.632229
-122.67373,45.505089
-122.67372,39.024994
-122.67371535242712,45.49259304978612
-122.673715,45.504801
-122.673691,45.49337
-122.67368799999998,45.503631
-122.67365097941077,45.493644475719954
-122.67365,45.493644
-122.673645,38.169636
-122.673639,45.505415
-122.673597,45.493005
-122.67358661,45.50192714
-122.6735866063944,45.50192713715791
-122.673586,45.501927
-122.673578,38.299541
-122.673576,45.493106
-122.673575,38.617841
-122.673572,45.489973
-122.673569,38.29953
-122.673546,45.505141
-122.673542,45.49861
-122.673534,39.025166
-122.673508,45.49786
-122.673504,42.195203
-122.673488,45.497345
-122.673467,47.546613
-122.673403,45.502992
-122.673401,45.621418
-122.673387,37.90737100000001
-122.67337,47.547161
-122.673317,45.502804
-122.673315,38.255976
-122.673312,45.542343
-122.673307,45.497035
-122.673306,45.542166
-122.6733,45.271239
-122.673288,45.505465
-122.673281,45.497461
-122.673275,38.050434
-122.673255,45.500578
-122.673237,45.542107
-122.673233,45.498099
-122.673227,45.502599
-122.67322182596838,45.50259232499359
-122.673216,45.621212
-122.673209,45.498393
-122.67320037,45.49838662
-122.67320036829626,45.498386621258256
-122.6732,45.498386
-122.67317891062416,38.05047154408431
-122.673152,45.542216
-122.673147,42.17608900000001
-122.67313599527992,45.54220318772534
-122.67313500000002,45.542203
-122.673093,45.492855
-122.673092,38.33781
-122.673066,47.870432
-122.673036,45.271662
-122.673031,45.541933
-122.67301299999998,45.50060300000001
-122.672993,45.501711
-122.672989,45.501438
-122.672971,42.195168
-122.672947,38.274497
-122.67294287623083,38.27448964100706
-122.672942,38.274489
-122.672942,45.495043
-122.672934,38.274221
-122.67292141855872,38.27421069126952
-122.672921,38.27421
-122.672912,45.496081
-122.672909,45.496468
-122.672861,45.491995
-122.672842,45.49819
-122.672836,45.499039
-122.672834,45.622248
-122.672829,45.501438
-122.672815,45.499188
-122.67281413019812,45.49918055512668
-122.67281413019812,45.78392386414631
-122.67281413,45.78392386
-122.672813,45.541933
-122.672792672526,45.62481522538364
-122.672789,38.552658
-122.672789,45.54173
-122.6727712148539,45.54173111893872
-122.672771,45.541731
-122.672747,39.020731
-122.67273,45.577222
-122.672679,45.541636
-122.672668,45.506027
-122.672661,47.657612
-122.672653,38.279771
-122.672653,47.08211
-122.672599,38.631631
-122.672594,38.171887
-122.672588,45.541745
-122.672577,47.557961
-122.672516,38.273907
-122.672447,38.273746
-122.67240643442788,45.622626542827504
-122.67240643,45.62262654
-122.67238,45.54194
-122.672351,42.185373
-122.672301,47.528842
-122.672126,39.028402
-122.67211299999998,45.777368
-122.6721060270182,45.77735781647788
-122.67207,45.477237
-122.672066,45.62289000000001
-122.67202,45.721771
-122.671989,38.273502
-122.671982,38.273499
-122.671964,45.540969
-122.671963,48.268203
-122.67195900000002,38.273479
-122.671951,38.273476
-122.671921,38.273453
-122.671913,38.273445
-122.671913,47.547409
-122.671913,48.891991
-122.67189,38.273426
-122.67186,38.273403
-122.67184,42.193952
-122.671817,45.541037
-122.671741,45.471307
-122.67171979,38.23541522
-122.67171,38.232703
-122.671709,38.232885
-122.671704,45.506307
-122.671703,37.921267
-122.671666,42.193126
-122.671666,45.54065900000001
-122.67165542,45.62294841
-122.671596,42.193021
-122.671585,38.273193
-122.67157,45.623024
-122.671539,45.623283
-122.671532,38.27335
-122.671517,45.62329
-122.671516,45.623302
-122.671513,39.023535
-122.671509,45.623302
-122.67148,40.481817
-122.671474,38.273342
-122.67141200000002,45.54037
-122.671399,38.906023
-122.671382,45.506691
-122.67137646616617,38.90603184681461
-122.671376,38.906031
-122.671333,45.623425
-122.67131,38.272984
-122.671287,45.540461
-122.67128,38.90593
-122.67128,45.62325300000001
-122.67126918,45.54046512
-122.67126917780556,45.540465116283706
-122.671269,45.54046500000001
-122.671265,45.623264
-122.671249,38.271679
-122.671248,38.905939
-122.671227,45.778801
-122.671219,38.271895
-122.671209,45.623517
-122.671204,47.097309
-122.671201,45.506704
-122.671123,45.150992
-122.671119,38.550538
-122.671119,45.506776
-122.671119,46.900889
-122.671106,42.175088
-122.671089,45.50675
-122.671052,38.259873
-122.671051,38.271629
-122.67099,45.539883
-122.670982,45.506821
-122.670967,45.54002
-122.670937,38.272694
-122.67092,47.55359
-122.670891,45.622639
-122.670853,38.01405
-122.670853,45.777573
-122.670849,45.539948
-122.670792,45.498569
-122.67077,45.507009
-122.670759,45.539591
-122.6707541936747,45.50701260545012
-122.67075419,45.50701261
-122.670754,45.507012
-122.670742,38.014021
-122.670729,38.299792
-122.670729,42.18537
-122.67071,38.268992
-122.670708,44.784641
-122.670702,44.784664
-122.6707,47.656315
-122.67068799999998,38.272735
-122.670668,38.27273
-122.670663,47.549591
-122.6706469053141,45.53297638871416
-122.67064,45.507015
-122.670637,45.623714
-122.670635,38.123169
-122.670633,38.266599
-122.67062545,45.50701261
-122.67062544764198,45.50701260545012
-122.670625,45.507012
-122.670624,38.26899
-122.670609,39.02663
-122.670605,45.596289
-122.67060398996986,38.34592223149134
-122.670601,48.271832
-122.67054,45.539337
-122.670523,38.268921
-122.670502,38.272362
-122.670481,45.507111
-122.670474,42.19135
-122.670445,38.266828
-122.670434,38.272312
-122.670433,38.272308
-122.670383,38.236062
-122.670349,38.23605
-122.670303,38.272411
-122.670266,45.53925200000001
-122.670263,38.298019
-122.670258,38.275822
-122.67025,45.77776
-122.670248,39.025953
-122.670248,45.507314
-122.670219,38.272911
-122.67021775,47.08310008
-122.670214,45.507267
-122.670161,38.015222
-122.670158,38.222996
-122.670138,38.240842
-122.670116,45.538811
-122.670098,38.243387
-122.670097,45.623768
-122.670077,38.247493
-122.670074,42.448568
-122.670061,38.248714
-122.670037,45.624401
-122.670029,38.272133
-122.669992,45.772483
-122.669989,38.271982
-122.669987,45.53866
-122.669967,45.538896
-122.66996026,45.53889871
-122.66996025980627,45.53889870621901
-122.669944,38.272167
-122.669921,39.025341
-122.669899,38.27261
-122.669846,38.271847
-122.669823,38.271828
-122.669804,45.507493
-122.669755,45.085162
-122.669731,45.622791
-122.66970276774089,45.62241196610631
-122.669701,45.623421
-122.6697,45.622421
-122.669693,45.50758
-122.669652,39.021915
-122.669627,38.549493
-122.6696169370524,38.54949116688466
-122.669609,45.507626
-122.669601,45.778648
-122.669579,38.670365
-122.669575,45.53816
-122.66957402170816,45.538169145366965
-122.669574,45.538169
-122.669571,45.53817
-122.669533,45.538116
-122.669511,48.279047
-122.669495,38.271584
-122.669471,38.7741
-122.669449,45.542831
-122.66944527567544,45.54694533326364
-122.669445,45.546696
-122.669434,45.507729
-122.669434,47.082897
-122.669418,47.589241
-122.669273,45.500908
-122.669226,38.271393
-122.66920924128212,38.27139973622192
-122.669209,38.271399
-122.669197,45.689678
-122.669181,45.772057
-122.669176,45.507939
-122.669158,38.275599
-122.669155,45.577218
-122.669153,38.271342
-122.669121,47.082943
-122.669029,38.271427
-122.668972,38.336188
-122.66893799999998,45.537135
-122.668907,39.023526
-122.668892,42.185355
-122.66885,45.464281
-122.668839,47.082798
-122.668795,45.46393
-122.668778,38.276026
-122.668758,42.188805
-122.668751,45.537168
-122.668748,45.537436
-122.668743,38.280588
-122.668732,45.536793
-122.66873,45.463497
-122.668709,38.272652
-122.668684,45.508146
-122.668678,38.270962
-122.668673,38.235213
-122.668655,47.083008
-122.668654,38.284463
-122.668644,45.360844
-122.668605,45.508276
-122.668565,42.173849
-122.668517,45.508246
-122.668515,45.536891
-122.668497,39.024369
-122.668484,45.360701
-122.66848,38.270805
-122.66847968043008,42.1884119508639
-122.668418,45.577211
-122.668404,45.774632
-122.668363,38.299789
-122.668282,38.629426
-122.668269,45.359891
-122.668267,38.235122
-122.668215,38.280538
-122.668152,45.54282
-122.66813635767618,47.54877448059297
-122.668135,45.276887
-122.668124,45.535919
-122.668121,38.270947
-122.668112,45.767529
-122.668045,38.270672
-122.66803,38.270664
-122.668019,45.626717
-122.668007,38.270645
-122.667983,45.52818
-122.667967,45.513691
-122.667961,45.512969
-122.667961,45.54103900000001
-122.66792178,45.51729083
-122.667921,45.51729
-122.66791299999998,45.767952
-122.66790032328284,45.76795935608976
-122.66787,42.1875
-122.66785740793864,42.1880900857821
-122.667853,39.028356
-122.667845,45.514395
-122.667836,45.512331
-122.667831,38.270512
-122.667824,45.508705
-122.667749,45.512975
-122.667744,45.53487
-122.66773899999998,45.535972
-122.66773700000002,45.536209
-122.667732,45.535137
-122.667728,45.512869
-122.667713,45.514951
-122.667694,38.628998
-122.667686,45.51439600000001
-122.667676,38.629023
-122.667672,38.263785
-122.66767,41.15077
-122.66766428888955,41.15076184253144
-122.667662,45.940049
-122.667648,45.940048
-122.667641,38.370554
-122.667633,38.628937
-122.66763,45.512535
-122.667605,45.512464
-122.667586,38.283521
-122.667579,45.501001
-122.66757845820108,45.77991127946005
-122.667547,45.515005
-122.667542,38.372471
-122.667538,38.295756
-122.667527,38.255932
-122.667521,38.283838
-122.66751200000002,38.372486
-122.667511,38.283852
-122.667407,45.512614
-122.667387,38.971733
-122.667386,45.513691
-122.667377,45.511967
-122.667376,45.765141
-122.667373,45.51157
-122.667365,38.284557
-122.667357,44.759121
-122.66733899999998,38.284674
-122.667316,45.460678
-122.66729950846351,45.6279265878409
-122.667297,45.511948
-122.667294,39.020589
-122.667281,45.514483
-122.6672780507914,45.51447987534754
-122.667259,45.535271
-122.667257,38.270069
-122.667253,38.29529
-122.66724,45.516847
-122.66723600000002,45.516201
-122.66723513544716,38.270069360550536
-122.66723513544716,38.295282125290406
-122.667235,38.270069
-122.667229,45.51186
-122.667208,45.516972
-122.667194,45.511661
-122.66719222010292,45.51166892029994
-122.66719222,45.51166892
-122.667192,45.511668
-122.66718600000002,44.84839
-122.667159,38.295028
-122.66713,45.517284
-122.667125,38.01267
-122.667117,45.509297
-122.667117,45.516752
-122.66711399999998,45.511677
-122.667095,45.535906
-122.667084,45.516903000000006
-122.667076,45.516906
-122.667067,38.366714
-122.667056,38.263489
-122.667056,39.027613
-122.667055,38.364274
-122.667054,45.517549
-122.667054,45.779764
-122.667053,39.027641
-122.667046,45.509319
-122.667038,38.365219
-122.667037,45.517061
-122.667023,45.511517
-122.667021,38.357966
-122.667007,38.354252
-122.667006,45.509316
-122.667005,45.535095
-122.666989,45.517247
-122.666985,45.586948
-122.66698,38.354269
-122.666977,45.509407
-122.666966,38.352416
-122.666964,44.758391
-122.666964,45.662838
-122.66695618570962,38.354269265945646
-122.66695618570962,45.66283822037858
-122.666956,45.662838
-122.666953,38.350533
-122.666948,45.50952
-122.666931,45.779781
-122.66692,45.628126
-122.66691327036536,45.628119706889976
-122.66691000000002,45.620846
-122.666901,38.34602
-122.6669,45.516568
-122.666894,38.345971
-122.666892,38.345585
-122.666884,45.517628
-122.666874,38.269536
-122.66687036,38.26953292
-122.66687035502116,38.269532918747565
-122.66687,38.269532
-122.666858,38.341357
-122.666844,38.300503000000006
-122.66683799999998,38.337024
-122.666832,38.287109
-122.666832,38.33618900000001
-122.666829,45.516785
-122.66682744,38.33620191
-122.66682744,45.6630528
-122.66682743967692,45.66305279709977
-122.666818,38.335794
-122.666817,45.577215
-122.666815,45.510837
-122.666803,38.321476
-122.666801,38.321461
-122.6667845243327,38.32148194294776
-122.666773,45.620785
-122.66677,45.533041
-122.66677,45.535076
-122.66676306666056,45.53304076173051
-122.66676306666056,45.5352723596309
-122.666763,45.535091
-122.666756,45.516987
-122.666754,45.534781
-122.666753,38.332249
-122.666748,45.535389
-122.66674,38.330193
-122.666737,38.329744
-122.666733,38.328209
-122.666733,38.32885200000001
-122.666733,38.32888
-122.666731,38.328433
-122.666729,47.083266
-122.666718,38.326194
-122.666718,45.53706
-122.666711,38.314953
-122.66671,38.314281
-122.66671,38.326221
-122.666697,45.518551
-122.666694,38.314275
-122.666694,38.314303
-122.666687,45.628948
-122.666681,45.577214
-122.66668,38.313648
-122.666674,38.295547
-122.66666399999998,45.518627
-122.66665,45.517237
-122.666642,45.590694
-122.666625,44.109083
-122.666611,45.628639
-122.666609,38.269313
-122.666595,38.310883
-122.666592,38.293501
-122.666588,45.667913
-122.666583,38.288558
-122.666549,39.02180300000001
-122.66654848993936,45.51941513993492
-122.666519,38.30706
-122.666513,38.30709
-122.666506,38.304428
-122.666503,45.519035
-122.666496,38.28941
-122.66649,38.26281
-122.666472,38.290603
-122.666471,45.668119
-122.66647,38.292967
-122.666462,45.518789
-122.66646,45.534383
-122.66646,45.590359
-122.666458,38.299782
-122.666457,38.300499
-122.666454,38.28956
-122.666451,38.297218
-122.666449,38.299787
-122.666445,38.297099
-122.666442,38.297152
-122.666435,38.296172
-122.666428,45.629387
-122.666409,41.246074
-122.666393,38.772894
-122.666354,45.59017
-122.666339,45.629838
-122.666327,46.902497
-122.666293,42.185797
-122.66628500000002,45.519575
-122.666282,45.534384
-122.666243,47.528968
-122.666237,42.185623
-122.666236,45.27897
-122.666167,47.52904
-122.666121,45.629859
-122.666117,45.501112
-122.666109,45.518452
-122.6661,45.629513
-122.666097,45.660681
-122.666077,47.751385
-122.666035,45.279367
-122.665981,42.184675
-122.665956,39.022621
-122.665947,45.521625
-122.665941,45.527148
-122.665931,47.653528
-122.665928,42.184595
-122.665924,38.365211
-122.665874,43.85297
-122.66586184443156,43.85296940782617
-122.665844,38.62725800000001
-122.665842,45.527343
-122.665771,42.185097
-122.665765,45.521034
-122.665756,38.185589
-122.66575456,45.52102447
-122.66575455607097,45.52102446534385
-122.665754,45.521024
-122.665718,45.533005
-122.665718,45.535091
-122.665697,45.659693
-122.665691,45.525493
-122.66568,38.242251
-122.665665,45.521018
-122.66562581003824,45.518084764263534
-122.665625,45.660093
-122.665619,38.299786
-122.665619,45.678558
-122.665614,45.521752
-122.6656,45.527794
-122.665588,45.521957
-122.665586,42.184727
-122.66557,45.501154
-122.665557,47.653571
-122.66551499999998,45.52299
-122.665507,45.521744
-122.6655,45.760136
-122.66549706400556,45.52173256852378
-122.66549706,45.52173257
-122.665497,45.521732
-122.665497,45.6592
-122.665495,38.282707
-122.66548600000002,45.523853
-122.665481,45.524191
-122.665459,45.525021
-122.665438,45.52226
-122.665436,45.522949
-122.665431,45.525191
-122.665429,38.441736
-122.665426,45.525356
-122.665424,45.525473
-122.66541123331707,45.52535891511189
-122.665411,45.525358
-122.665396,45.522986
-122.665395,47.083437
-122.66539,45.533066
-122.6653683179728,41.24077677707081
-122.66536,38.234826
-122.66536,45.527143
-122.66535,45.527334
-122.66534686030072,45.53149580933794
-122.665345,47.083262
-122.665328,45.531081
-122.66532540262855,45.53134560563311
-122.6653254,47.08327174
-122.665325,45.531345
-122.665323,45.52866
-122.665323,45.529685
-122.665323,45.530795
-122.665322,45.529269
-122.665321,45.530103
-122.665319,45.52442
-122.665314,45.530014
-122.66530394495643,45.52969336487994
-122.66530394,45.52969336
-122.665303,45.529693
-122.665298,45.52013
-122.66528999999998,45.525164
-122.665281,45.525344
-122.665268,45.52561
-122.665265,45.532907
-122.66526,45.531487
-122.665243,45.63131
-122.66521000000002,45.527023
-122.665206,45.582198
-122.665202,45.531381
-122.6652,45.527225
-122.665195,38.297153
-122.665194,45.527343
-122.66519,38.299785
-122.66518,45.531047
-122.665176,45.658791
-122.66517519892376,45.52924275376545
-122.66517519892376,45.53104519822344
-122.665175,45.530793
-122.665175,45.531045
-122.665174,45.52866
-122.665174,45.529256
-122.66517,45.530024
-122.665154,38.268009
-122.665149,45.521873
-122.66513228357952,45.521882772228615
-122.66513228,45.52188277
-122.665123,45.524651
-122.66512,45.522984
-122.66508799999998,45.523366
-122.665071,45.501192
-122.665039,45.517239
-122.665009,47.70409
-122.664968,45.280371
-122.664966,38.626318
-122.66494,38.463779
-122.664936,45.631817
-122.664932,45.524971
-122.664897,45.582109
-122.664895,45.631497
-122.664867,38.296849
-122.664864,45.411171
-122.664857,38.025463
-122.664848,45.63158
-122.664845,39.023167
-122.664811,38.226632
-122.664794,45.524261
-122.664746,45.671801
-122.664732,39.027402
-122.664724,45.530787
-122.664724,45.683909
-122.66471,45.680928
-122.664701,45.631825
-122.66468799999998,45.526989
-122.664682,45.678457
-122.664678,38.885499
-122.664677,45.677963
-122.664656,45.526937
-122.664649,45.757367
-122.66463875712076,45.67311644532359
-122.664631,45.411008
-122.66461729944864,45.41101098038954
-122.664597,47.48732
-122.664587,42.182618
-122.664586,45.587231
-122.664569,45.632039
-122.664565,44.766887
-122.664543,45.631332
-122.664536,45.678318
-122.664535,45.526712
-122.664483,41.778398
-122.664446,38.18767
-122.664436,38.18771
-122.66442418039956,45.67268729188121
-122.664424,45.672687
-122.664417,45.673052
-122.664398,47.083607
-122.664317,45.586752
-122.664311,38.23473900000001
-122.664292,42.182796
-122.664278,38.267212
-122.66427397669472,42.1827900407687
-122.664205,38.442244
-122.664154,38.91996500000001
-122.66415,42.182581
-122.664083,38.267264
-122.664047,45.677139
-122.664046,43.852325
-122.664039,38.418635
-122.664035,38.117449
-122.664016,45.65553
-122.66399503,45.65554261
-122.663904,44.852018
-122.663792,38.255665
-122.663791,45.753532
-122.66378600000002,38.418805
-122.663764,45.415553
-122.663752,45.52496
-122.663744,38.014473
-122.66374,44.852597
-122.66358733,45.75403333
-122.663577,38.418616
-122.663498,47.38905
-122.66349,45.63298
-122.663467,45.635433
-122.66345858515425,45.65470576264546
-122.663458,45.654705
-122.663411,44.853403
-122.663401,42.180854
-122.663382,45.634417
-122.663342,45.577219
-122.66331,38.281463
-122.663298,38.935757
-122.663282,45.634591
-122.663252,45.634637
-122.66324400843304,45.68897366501956
-122.663236,38.299245
-122.663183,38.25779
-122.66313672007244,45.30483841874454
-122.663136,45.304838
-122.663116,45.525555
-122.663109,45.584646
-122.663068,45.304307
-122.663064,45.689413
-122.66305,47.083583
-122.662996,45.419296
-122.662994,42.445499
-122.66298799999998,42.17106500000001
-122.66298700000002,42.17104000000001
-122.662967,45.090217
-122.662872,45.750633
-122.662849,42.185837
-122.662828,45.750442
-122.662821,47.389009
-122.66281200000002,45.306694
-122.662796,45.635397
-122.662779,38.24737
-122.662752,38.299014
-122.662692,38.294759
-122.662651,48.936619
-122.662643,40.822182
-122.662633,47.52699000000001
-122.662591,39.025737
-122.662582,45.640121
-122.662567,48.935745
-122.662521,38.190559
-122.662514447581,45.63539385773832
-122.662472,45.651762
-122.662471,45.651766
-122.66247,45.58357
-122.662415,45.749935
-122.6624071592204,45.63618779160672
-122.662407,45.636187
-122.662369,45.571789
-122.662361,45.569981
-122.662292,45.692039
-122.662277,45.647911
-122.662216,38.22839000000001
-122.66221404017132,45.50141215302705
-122.66221404,45.50141215
-122.662214,45.501412
-122.662214,45.501427
-122.662193,45.636971
-122.66219,45.63695300000001
-122.662178,45.647179
-122.662161,39.026331
-122.662158,45.525215
-122.662132,39.02637100000001
-122.662117,48.935692
-122.662079,45.637726
-122.66206384,45.52538037
-122.66206383646649,45.52538037278402
-122.662061,45.525378
-122.662048,45.638649
-122.662048,45.638672
-122.662041,45.639088
-122.662038,45.638598
-122.662034,45.638703
-122.66201,45.64196
-122.662003,45.501469
-122.662003,45.648708
-122.661996,45.30893
-122.661989,45.641148
-122.661969,45.352507
-122.661968,45.642228
-122.661968,45.642486
-122.66195654810583,45.64247488953761
-122.661937,45.64480800000001
-122.66193509043376,45.64425587632349
-122.661935,45.644255
-122.661934,47.704589
-122.661933,45.645086
-122.661926,45.505878
-122.661919,38.298565
-122.661883,45.649832
-122.66188,45.647983
-122.661876,45.637318
-122.66185,41.688106
-122.66185,45.648369
-122.661848,38.968105
-122.661812,45.77956
-122.661804,40.672775
-122.661797,45.637646
-122.661793,38.280608
-122.661775,45.301291
-122.661775,45.520801
-122.661747,45.641086
-122.6617419713847,45.64108014084986
-122.661725,45.525281
-122.661725,45.525401
-122.66172,45.779634
-122.661717,45.525629
-122.661714,38.934114
-122.66169,45.528622
-122.661677,45.30970900000001
-122.66167,45.644485
-122.661664,45.582088
-122.661654,38.234673
-122.661652,45.649826
-122.661617,45.647979
-122.661611,45.64830300000001
-122.661569,45.283997
-122.661568,45.542961
-122.661545,38.265071
-122.661505,45.423326
-122.66148448,45.74622273
-122.66148447931928,45.74622273423316
-122.661466,38.971662
-122.661466,45.283931
-122.661446,45.692963
-122.661422,45.501468
-122.661416,45.578633
-122.661409,38.365234
-122.661409,45.58116
-122.66138,45.310521
-122.661369,45.571781
-122.66135573328656,45.74682354905249
-122.66133427561444,45.6474316117971
-122.661332,46.53195
-122.661331,45.692924
-122.661328,45.57881
-122.661325,45.57917800000001
-122.661324,47.388981
-122.661323,45.579232
-122.66132,38.295706
-122.661301,45.58112
-122.661293,44.85355
-122.66128799999998,45.352489
-122.661282,45.577179
-122.661273,45.581126
-122.661237,45.507989
-122.661233,45.50148400000001
-122.661232,46.531929
-122.661219,45.351741
-122.661199,37.912172
-122.661186,45.647758
-122.661151,45.746041
-122.661137,38.234653
-122.661095,44.853525
-122.661087,45.507636
-122.661018,45.506543
-122.661014,45.300486
-122.661012,45.581052
-122.661008,45.506311
-122.6609909528605,40.67242741565384
-122.660988,38.489559
-122.660985,38.328867
-122.660985,38.489533
-122.66098,47.650471
-122.660965,45.74445
-122.66095,37.911949
-122.66092,38.416281
-122.660919,45.525585
-122.660873,45.151031
-122.66086220682784,45.15102982499527
-122.660851,45.501129
-122.660843,45.507294
-122.660815,45.501837
-122.660803,45.501752
-122.660782,45.515091
-122.660763,45.501526
-122.660709,45.501257
-122.660703,45.501844
-122.66069054545088,45.52505850770223
-122.660681,45.525553
-122.660675,45.52567
-122.660652,45.424362
-122.660633,38.488199
-122.660632,38.259867
-122.660629,45.534359
-122.66062617,38.25985551
-122.6606047147624,45.424314737103344
-122.660599,45.501269
-122.66058999999998,47.523444
-122.660581,45.351804
-122.66056100000002,38.259991
-122.660545,38.259975
-122.6605,45.31222800000001
-122.660451,45.500377
-122.660427,45.500641
-122.660424,39.024749
-122.660424,45.351032
-122.66041159571331,45.50063967683078
-122.660398,38.770487
-122.660377,45.501953
-122.660351,45.299673
-122.660296,45.499949
-122.660292,48.208657
-122.660291,38.246716
-122.660284,39.02019
-122.660278,38.246761
-122.660255,45.525717
-122.660254,44.770016
-122.66021200000002,45.649098
-122.660187,38.264313
-122.660185,45.499644
-122.66018,47.704541
-122.660179,45.50132
-122.660172,47.704571
-122.660142,45.525903
-122.660069,45.499666
-122.6600468152873,45.40822148301407
-122.660036,38.259778
-122.659982,39.02536
-122.659981,38.486261
-122.659958,45.65451
-122.65992,38.618961
-122.659904,45.94009000000001
-122.659882,47.71571
-122.659875,38.618932
-122.659868,38.328862
-122.659852,38.259708
-122.659843,44.784841
-122.659826,45.452205
-122.659779,38.05625
-122.659774,45.740572
-122.659767,38.26408
-122.659737,45.51865
-122.659726,45.092972
-122.65972495020551,45.09296536424115
-122.659663,45.49825
-122.65963,47.520344
-122.659605,38.297281
-122.659597,38.415196
-122.659579,38.485032
-122.659569,38.29726
-122.659563,38.297233
-122.659519,45.580628
-122.6595,38.415112
-122.659462,38.297199
-122.659455,45.501569
-122.659409,38.93243
-122.659349,38.263835
-122.659344,45.577227
-122.659332,46.996422
-122.659293,45.501567
-122.65925288141888,42.174721956051954
-122.659233,45.526218
-122.659218,38.263969
-122.65921000000002,45.298672
-122.659175,47.553832
-122.65916705073042,38.48380923252829
-122.659153,45.300391
-122.659122,38.263695
-122.659121,45.350071
-122.659098,38.932228
-122.65908799999998,45.526291
-122.65908600000002,38.618068
-122.659083,38.26374000000001
-122.659075,45.496792
-122.659038,45.450601
-122.659035,48.208683
-122.659003,45.298508
-122.65899538935344,45.29850840546942
-122.658995,38.263857
-122.658975,42.1749
-122.658974,47.553921
-122.658903,45.697854
-122.658896,45.496779
-122.65888810099288,45.697857141276856
-122.658882,45.496377
-122.658854,45.501525
-122.6588022703044,47.08462357498605
-122.658801,47.084636
-122.658799,38.230764
-122.658798,45.496342
-122.658794,42.185342
-122.658759,45.738339
-122.65873,38.49123400000001
-122.658726,47.38878
-122.658705,45.697708
-122.658693,45.526616
-122.658684,45.515079
-122.658631,42.185268
-122.658579,38.414386
-122.658571,47.871218
-122.658567,44.911448
-122.658557,38.296677
-122.658535,45.350237
-122.658524,47.871189
-122.658508,45.318984
-122.658474,39.024681
-122.65843999999998,38.939653
-122.65843748987837,37.93942809086828
-122.658425,39.005084
-122.658405,40.671235
-122.658356,37.939325
-122.658335,45.428148
-122.658321,42.17393
-122.658318,37.91050300000001
-122.6583,47.518055
-122.658298,45.735852
-122.658272,45.618605
-122.658221,45.580243
-122.658206,45.526855
-122.658125,45.526752
-122.65811562479658,45.52675366379963
-122.65811562,45.52675366
-122.658115,45.526753
-122.65809099999998,38.232131
-122.658049,45.349427
-122.658046,45.580193
-122.658025,42.17289
-122.65801299999998,45.735929
-122.657997,41.714809
-122.65798999999998,39.024456
-122.657972,45.297448
-122.657936,38.554482
-122.657927,42.172761
-122.657918,45.73461
-122.657894,38.056479
-122.657848,38.258547
-122.657787,41.690161
-122.657783,48.208694
-122.657753,45.50865200000001
-122.657722,42.173046
-122.657692,47.08469
-122.65766399999998,38.056451
-122.65764,38.611677
-122.657614,47.65041400000001
-122.657608,45.349189
-122.65760064066572,45.34919142701458
-122.657576,45.297021
-122.657532,38.611599
-122.657464,45.286805
-122.657453,38.328991
-122.657442,38.41402100000001
-122.657375,41.690364
-122.657333,45.095829
-122.657306,45.494005
-122.657304,37.910102
-122.657289,38.519223
-122.657288,38.519341
-122.657234,45.73350900000001
-122.657211,45.09585
-122.657151,45.44698
-122.657086,38.929459
-122.656967,38.277889
-122.65693,44.925692
-122.656853,45.445759
-122.656844,38.494201
-122.656844,45.445735
-122.656829,45.579831
-122.65682816446945,45.44572949387815
-122.656817,45.349268
-122.656808,45.501493
-122.65680670679733,45.34925580003095
-122.656754,45.57722800000001
-122.656749,44.921011
-122.65674233378095,48.93307328200849
-122.65674233,48.93307328
-122.656735,39.023896
-122.656662,45.65448
-122.656625,44.909335
-122.656601,45.43013
-122.656599,45.492547
-122.656524,38.520495
-122.656439,47.084991
-122.656409,45.729808
-122.656404,44.919508
-122.65639901102706,45.72980761506209
-122.65639901,45.72980762
-122.656286,45.730329
-122.656259,45.577223
-122.65623,41.741241
-122.656175,45.703125
-122.656125,45.288242
-122.65612006128951,45.288251638196535
-122.65612006,45.28825164
-122.656105,45.501558
-122.656096,45.287994
-122.656062,38.496093
-122.656042,45.527669
-122.655995,45.491643
-122.65599132,45.49164891
-122.655953,45.288194
-122.65594,45.577221
-122.655862,45.728965
-122.65586100000002,45.29313300000001
-122.655847,38.056338
-122.655761,38.25808
-122.655713,45.43115
-122.655696,44.770841
-122.655695,38.930668
-122.655583,44.786222
-122.65555,42.182539
-122.65554,45.678589
-122.655481,39.355061
-122.655445,38.496838
-122.655438,45.291894
-122.655378,38.303119
-122.655376,45.290901
-122.655352,45.727173
-122.6553475850932,45.727168321391446
-122.655338,42.182336
-122.655273,45.7187
-122.655267,45.328881
-122.65526175440478,45.32889246918998
-122.65521,47.757937
-122.655188,38.517389
-122.655183,45.528084
-122.655151,45.721536
-122.655083,45.718388
-122.65505,45.722189
-122.654988,45.490873
-122.65493899999998,47.705994
-122.654933,45.432713
-122.654914,45.441707
-122.654892,38.41383
-122.654868,45.718261
-122.654822,42.441981
-122.654814,45.441573
-122.654798,38.413836
-122.65478600000002,45.501225
-122.654776,45.717407
-122.65477,38.497772
-122.654768227946,37.90895819645925
-122.654768,37.908958
-122.654741,45.43305
-122.654739,45.722984
-122.654709,45.512233
-122.654681,45.705362
-122.654643,45.441337
-122.654638,38.413831
-122.654637,38.257438
-122.654633,38.25745
-122.654618,38.197207
-122.65461,45.719387
-122.654602,47.560329
-122.654562,45.705606
-122.654556,38.365341
-122.654549,45.329762
-122.654398,41.692717
-122.65438198984783,45.49031853654151
-122.654372,38.294357
-122.654331,45.721477
-122.654327,38.60844
-122.65432,45.490349
-122.65431762,45.72148204
-122.65431761683148,45.721482038279895
-122.654289,38.276379
-122.65427,38.608377
-122.654233,45.501119
-122.654228,45.501179
-122.654223,44.867932
-122.654182,38.413807
-122.65414595545457,38.11587452870313
-122.654129,45.490326
-122.654088,38.294195
-122.65408,45.440578
-122.65406000000002,38.498051
-122.654053,38.525194
-122.654052,39.018155
-122.65403,45.707203
-122.654014,38.498048
-122.654003,45.52841
-122.65390992106128,45.715323686381744
-122.6539,47.386746
-122.65387,41.69215
-122.65387,45.618092
-122.653801,45.528342
-122.653778,38.607811
-122.653775,48.370452
-122.653747,38.607823
-122.65373999999998,45.501013
-122.653726,45.715457
-122.653709,45.50111
-122.653695,38.41381
-122.653695,41.775115
-122.653693,45.510076
-122.653683,45.511514
-122.653662,38.967866
-122.653652,43.849643
-122.653571,45.528397
-122.6535666,45.52926421
-122.653563,45.528525
-122.65354,45.435572
-122.653522,45.57703
-122.653518,45.576915
-122.653503,45.578819
-122.653493,38.465973
-122.653447,38.186223
-122.653383,45.714645
-122.653376,38.46485300000001
-122.65337348,38.46484065
-122.65335,45.721884
-122.653324,47.377731
-122.653307,38.496776
-122.653306,46.907112
-122.653186,38.894153
-122.653172,45.43676
-122.653147,38.510415
-122.653134,45.500948
-122.653048,45.347523
-122.653038,47.497688
-122.653026,45.709024
-122.652968,39.019584
-122.65294432581588,45.7132422921862
-122.652939,45.52869000000001
-122.652881,39.019703
-122.652879,45.331654
-122.652718,38.527992
-122.652712,45.50075
-122.65268799999998,45.500837
-122.65267,38.548087
-122.652657,47.511887
-122.652525,45.149374
-122.652482,47.868879
-122.652473,45.618477
-122.652432,42.662764
-122.652351,39.020428
-122.652223,47.385867
-122.652153,45.600441
-122.652122,47.381321
-122.65211200000002,47.381311
-122.65203,39.021774
-122.652018,38.27205900000001
-122.651898,45.347714
-122.65189,45.488515
-122.65188,45.500551
-122.651831,45.500637
-122.65182,38.292911
-122.651811,45.347705
-122.651808,45.618478
-122.651804,45.347369
-122.651802,38.292919
-122.651779,45.347347
-122.65176415384936,45.346788167737245
-122.651757,45.576588
-122.651733,45.5783
-122.65171200000002,44.87155900000001
-122.651688,45.618382
-122.65161299999998,44.873775
-122.651604,42.164859
-122.6516,44.873304
-122.651594,47.510701
-122.65153,41.712688
-122.651512,45.348194
-122.651456,38.464775
-122.651419,38.464272
-122.651418,38.529792
-122.651401,47.384195
-122.65139937342327,38.29266428929189
-122.651336,47.786084
-122.651278,46.908841
-122.651272,47.784332
-122.651268,45.718472
-122.651257,47.783897
-122.65123,47.783909
-122.651223,48.207837
-122.65120625437426,48.37661147094547
-122.651179,47.382789
-122.651036,38.551269
-122.651024,41.732404
-122.650871,42.176842
-122.650854,42.176855
-122.65071,45.149161
-122.650688,38.412323
-122.650666,38.040943
-122.650642,45.347648
-122.650584,45.576364
-122.650551,45.529835
-122.650543,38.55159
-122.650542,38.551577
-122.65054106653857,38.55157256108021
-122.650519,38.256353
-122.650502,45.395498
-122.6505,48.380269
-122.650496,38.309607
-122.650477,42.162287
-122.65045523585007,42.162276506222895
-122.650421,45.09996500000001
-122.65036,47.650421
-122.650299,46.985401
-122.65024,42.176371
-122.65023,38.274078
-122.650182,45.576284
-122.65018,38.27405200000001
-122.650108,45.65065
-122.65,44.904194
-122.649969,38.25357
-122.649927,44.788447
-122.649916,45.347363
-122.649905,38.505098
-122.64986100000002,38.253661
-122.649857,38.505081
-122.649841,38.253658
-122.649827,42.176143
-122.649818,48.38548
-122.649814,38.230941
-122.649811,45.705502
-122.649792,48.89172
-122.649666,41.712316
-122.649643,38.605824
-122.649643,45.529804
-122.649639,38.41205
-122.649613,38.551999
-122.649587,45.519332
-122.649557,42.157655
-122.649549,47.801611
-122.649532,45.527912
-122.649514,42.439675
-122.64949,47.801796
-122.649382,47.802103
-122.649368,47.802101
-122.649357,39.010045
-122.649345,47.802181
-122.649333,45.499964
-122.64931797922776,42.15736269930764
-122.64918923319506,38.90961527805848
-122.649101,39.020472
-122.649033,44.788799
-122.649009,48.929339
-122.649001,45.14906
-122.64896,41.712024
-122.648847,47.650401
-122.648824,41.697081
-122.648763,46.981634
-122.648516,45.499845
-122.648399,45.486357
-122.648385,45.486215
-122.648384,45.717621
-122.648376,45.486259
-122.648323,47.504951
-122.648315,45.486317
-122.648311,47.50496500000001
-122.648291,48.413228
-122.64828500000002,48.38774
-122.648177,38.540725
-122.648132,38.54045900000001
-122.648112,45.10189
-122.64807,38.540497
-122.648033,38.544427
-122.647987,48.207588
-122.647924,38.50546
-122.647919,45.347382
-122.647908,47.08732
-122.64788,38.336102
-122.647873,38.336109
-122.647866,45.34766
-122.647827,38.197796
-122.647819,38.544207
-122.647818,47.087135
-122.647816,38.53637
-122.64779448450732,47.08713412262398
-122.647791,38.54450900000001
-122.647789,38.543274
-122.647778,43.848724
-122.6477730268352,43.84872078874661
-122.647773,43.84872
-122.647737,48.388633
-122.647614,45.529911
-122.647596,44.771424
-122.647506,37.901544
-122.64743,38.261333
-122.647408,45.529926
-122.647392,45.529926
-122.647359,38.537412
-122.647322,39.019548
-122.647314,38.540056
-122.647299,41.718626
-122.647224,38.53754
-122.647209,38.015011
-122.647199,45.336338
-122.64708600000002,38.314362
-122.64705,38.955225
-122.647048,38.53786
-122.647018,38.537865
-122.646961,48.391164
-122.646927,48.391129
-122.646896,45.529705
-122.64682,38.010594
-122.646803,38.538814
-122.646774,40.299858
-122.646704,47.502313
-122.646656,42.174771
-122.646639,47.699888
-122.646637,47.087636
-122.64648,45.336718
-122.64646411,47.50038743
-122.646423,47.103062
-122.646412,45.529833
-122.646396,44.877936
-122.64633700000002,47.0875
-122.646251,41.210899
-122.64624,42.437721
-122.646193,38.910443
-122.646183,42.4377
-122.646172,38.910419
-122.64611200000002,47.812276
-122.646067,45.529966
-122.64605641306568,45.52997231461749
-122.646056,45.529972
-122.646021,42.005229
-122.645956,45.52985200000001
-122.64594912470508,45.52984356858477
-122.64594912,45.52984357
-122.645949,45.529843
-122.64588475168873,38.01292061787599
-122.645871,41.234327
-122.645859,40.669539
-122.64583,47.813117
-122.645798,47.813148
-122.645794,48.415491
-122.64578799999998,38.60291
-122.64571200000002,38.012832
-122.645683,47.75182
-122.645668,47.50156
-122.645643,38.208016
-122.645599,42.153893
-122.645591,48.408934
-122.64558999999998,45.348357
-122.645577,38.410431
-122.645571,45.499521
-122.645561,42.153629
-122.645532,45.348113
-122.645527,45.519319
-122.645508,42.153576
-122.645501,38.602625
-122.645447,38.012814
-122.645442,45.529998
-122.645427,38.26019
-122.645412,45.529865
-122.645384,42.004179
-122.645355,45.529892
-122.645258,45.337297
-122.645223,45.348429
-122.645203,38.042889
-122.645203,45.715398
-122.64519810618091,45.7153880593981
-122.645174,41.214963
-122.645159,38.246079
-122.645064,41.703822
-122.645048,38.01252
-122.645031,38.246108
-122.644953,38.409997
-122.64492,38.00771
-122.644878,47.815584
-122.644877,45.529899
-122.644871,45.530026
-122.644859,42.153561
-122.644858,47.088073
-122.644791,48.399766
-122.644783,38.245184
-122.644776,48.416507
-122.64476299999998,42.004536
-122.644757,47.087888
-122.644731,38.012867
-122.644705,38.602497
-122.644669,45.49935900000001
-122.644659,38.545883
-122.644651,45.499356
-122.644649,48.406357
-122.644632,48.40557
-122.644625,45.714554
-122.644605,48.404936
-122.644599,48.404768
-122.644558,38.870195
-122.644469,44.408263
-122.644463,48.400658
-122.644447,38.219181
-122.644437,38.219182
-122.644377,45.449744
-122.644325,38.210824
-122.644318,37.90039
-122.644291,48.4167
-122.644287,48.416729
-122.6442754262798,48.41669440246383
-122.644252,38.255431
-122.644228,45.483981
-122.644203,38.205784
-122.644191,38.205799
-122.644145,38.255549
-122.644111,39.01781
-122.644105,38.246224
-122.644091,41.711947
-122.64408600000002,38.343664
-122.644057,38.602611
-122.64401200000002,38.408081
-122.643984,45.48395
-122.643965,38.408066
-122.643961,47.699067
-122.643921,47.086182
-122.643918,38.05005
-122.643893,48.416779
-122.643886,38.953846
-122.643852,38.049831
-122.643827,46.972479
-122.64382481516527,45.44961333253169
-122.643799,45.575062
-122.64379,42.665352
-122.643768,45.530109
-122.643752,42.152164
-122.64373898447684,42.15216994265485
-122.64373,38.047359
-122.643716,42.151894
-122.643705,39.372337
-122.643704,41.703898
-122.643703,45.105513
-122.64369607,42.15189099
-122.6436960691326,42.15189099291729
-122.643677,38.047699
-122.64365,45.499072
-122.643634,39.358167
-122.64361023844413,38.04720997792222
-122.643593,38.047981
-122.64356732309987,42.151719331540335
-122.643567,42.151719
-122.64354586542775,45.34844040849042
-122.643504,38.269868
-122.643478,38.269775
-122.643478,47.088203
-122.643454,38.602735
-122.643429,45.499006
-122.643428,47.753352
-122.643421,47.378944
-122.64341,38.554131
-122.64341,47.378948
-122.643346,38.01165200000001
-122.643335,44.772576
-122.643311,38.254829
-122.643276,38.27104
-122.643254,45.483129
-122.64321499999998,38.288086
-122.643184,38.369038
-122.643182,41.704177
-122.643152,41.703941
-122.64315,41.703957
-122.643116,45.34848
-122.643068,39.017257
-122.64301299999998,45.647449
-122.64301,45.529984000000006
-122.642997,38.269832
-122.642921,37.89957
-122.642891,38.013359
-122.64288700000002,38.269473
-122.642881,44.79045900000001
-122.642863,42.15093
-122.64285,41.704213
-122.642847,45.445381
-122.64284,47.379163
-122.642818,45.446101
-122.642792,45.445412
-122.6427733892315,41.70726656893869
-122.642771,41.703691
-122.642747,41.707416
-122.64274,38.117588
-122.64262,38.761539
-122.642593,47.088165
-122.642574,39.016994
-122.64255881251027,40.29947161655283
-122.642506,41.707214
-122.642506,41.709213
-122.642463,38.04445
-122.642403,41.704391
-122.642395,41.70438400000001
-122.64238715113328,41.70151591281079
-122.642381,41.709686
-122.64236569346124,41.701451539794434
-122.64236499999998,41.701451
-122.642362,45.443168
-122.642355,41.70778
-122.64227986277274,42.43521809557707
-122.642242,45.481239
-122.642175,45.449218
-122.642174,41.700867
-122.642139,38.224015
-122.642131,46.970732
-122.642125,38.231571
-122.642113,47.089199
-122.6421082013958,46.91736102081815
-122.642032,41.70740900000001
-122.64202237070732,45.44980645158076
-122.64202237,45.44980645
-122.641958,45.442336
-122.641907,47.37950900000001
-122.641894,47.379519
-122.641891,41.718481
-122.64189,38.737836
-122.641855,46.532087
-122.641796,38.20322
-122.641762,45.449092
-122.641749,38.347366
-122.641721,45.441408
-122.641708,41.700676
-122.641647,45.448979
-122.641623,45.450059
-122.641602,44.11831
-122.641571,45.348621
-122.641541,38.348011
-122.641541,38.34802
-122.641533,45.474159
-122.641518,45.530179
-122.641482,38.460566
-122.641388,48.92527000000001
-122.641345,38.231134
-122.641336,41.712164
-122.641243,45.452869
-122.641232,45.452865
-122.64122,45.449799
-122.641185,42.165414
-122.641155,47.379796
-122.641152,41.831665
-122.641115,42.165198
-122.641083,45.779732
-122.641038,38.284178
-122.64102,38.759275
-122.641015,45.574559
-122.641,38.759358
-122.640986,41.698812
-122.640958,38.603134
-122.640935,41.711861
-122.640926,45.454024
-122.640868,45.452796
-122.64073,45.43831
-122.640721,45.712685
-122.640701,38.230888
-122.640681,45.498203
-122.64067,45.475131
-122.640669,38.003498
-122.640661,41.702305
-122.640624,45.454031
-122.640584,45.474757
-122.64058,41.713403
-122.640523,45.498158
-122.64048,45.474245
-122.640433,38.253447
-122.640423,38.25332
-122.64042,38.961825
-122.640305,45.473603
-122.640272,38.253481
-122.640224,38.253422
-122.640152,45.533741
-122.640111,41.716248
-122.640103,45.437485
-122.640089,45.498043
-122.64006,38.010052
-122.640038,38.253136
-122.639994,45.348719
-122.639936,45.437308
-122.63993,41.715529
-122.639853,45.646213
-122.639832,45.437321
-122.63981223047904,37.89850831013728
-122.639811,37.898505
-122.639759,38.37101
-122.639678,47.86779
-122.639671,41.716156
-122.639661,45.53015
-122.639643,41.716179
-122.639624,45.498304
-122.63962,45.497949
-122.639528,47.82213400000001
-122.639518,47.650498
-122.639516,44.119452
-122.639473,44.896867
-122.639458,38.28595
-122.639397,38.285948
-122.63939,42.146836
-122.63936499999998,38.40079
-122.639305,47.494823
-122.639296,45.458723
-122.639249,47.867716
-122.639248,38.228667
-122.639234,42.146826
-122.639232,41.436299
-122.639214,47.867722
-122.639192,38.903489
-122.639135,44.408714
-122.639045,45.384021
-122.638997,38.23328400000001
-122.638979,45.383779
-122.63889,38.960413
-122.63886200000002,45.340234
-122.638861,48.359153000000006
-122.638768,38.371589
-122.638701,38.37895200000001
-122.638685,38.379991
-122.63868,38.387221
-122.638674,46.532578
-122.638671,38.006751
-122.638665,38.119262
-122.638641,38.55495300000001
-122.638618,38.28550900000001
-122.638617,41.718507
-122.638604,45.383136
-122.638571,48.891671
-122.638519,37.89777700000001
-122.638519,38.00679
-122.638503,45.463947
-122.638482,40.6977
-122.638461,42.144516
-122.638455,45.465245
-122.63843893946344,45.46523451783435
-122.638418,44.409219
-122.6383960241192,45.46338915803212
-122.6383960241192,45.46600699403064
-122.638396,45.463389
-122.638382,45.465012
-122.638367,38.009218
-122.638341,46.60573400000001
-122.63833,42.144578
-122.638262,38.28530900000001
-122.638244,37.897758
-122.638229,46.968539
-122.638214,44.773386
-122.638209,45.49782800000001
-122.638198,45.710727
-122.638144,45.573898
-122.638144,45.574006
-122.638113,45.530224
-122.638084,38.016005
-122.638039,38.00755
-122.637867,45.150343
-122.63784,45.710523
-122.637832,38.397861
-122.63778700000002,47.736759
-122.637739,45.110185
-122.637725,43.848669
-122.637659,38.398
-122.637618,47.089579
-122.637589,45.498036
-122.637587,45.497773
-122.637527,45.38185
-122.637516,47.089571
-122.637459,45.65686
-122.637439,47.735741
-122.637418,38.284832
-122.637375,41.684859
-122.637346,47.49233
-122.637323,45.519309
-122.637292,39.014449
-122.637221,45.530273
-122.637151,41.687992
-122.63711200000002,45.53028
-122.637109,41.68452
-122.637108,45.530401
-122.637093,38.398521
-122.637091,45.519305
-122.637077,38.251602
-122.637036,47.732671
-122.63702,38.39848
-122.637004,40.665591
-122.636928,45.341162
-122.636906,37.896538
-122.636871,38.326676
-122.636834,38.910397
-122.63682961,38.91038775
-122.636804,42.140104
-122.636711,37.896252
-122.636705,42.140267
-122.636703,47.726608
-122.6367,38.355837
-122.636692,37.896224
-122.636687,45.379947
-122.636678,48.358474
-122.63662,45.646221
-122.636586,45.37999
-122.63658,45.646205
-122.636574,47.089718
-122.63657212198908,45.64620852448632
-122.636572,45.646208
-122.636566,45.497588
-122.636543,40.665241
-122.636536,38.251518
-122.636522,38.910406
-122.636517,40.665238
-122.636512,44.121127
-122.63650774897272,40.66523909549396
-122.636507,40.665239
-122.636467,45.530449
-122.636423,38.358171
-122.636411,38.398214
-122.636369,44.791006
-122.636298,45.3795
-122.636269,47.725922
-122.63623,45.434341
-122.636209,41.683341
-122.636164,45.434255
-122.636139,45.7146
-122.636134,38.910418
-122.636125,45.646204
-122.63608700000002,47.873047
-122.63606,38.333338
-122.636048,45.341586
-122.636045,42.137785
-122.635979,45.573528
-122.635979,47.089828
-122.63596499999998,47.86635
-122.635964,45.573496
-122.635948,45.497424
-122.635944,45.573569
-122.635923,45.379287
-122.635859,38.004466
-122.63581200000002,42.136282
-122.635793,37.894901
-122.635732,45.433777
-122.635701,47.089899
-122.635667,45.379074
-122.635613,45.433608
-122.635578,45.378942
-122.635571,38.120628
-122.635556,45.530459
-122.635552,45.497319
-122.635455,45.530608
-122.635347,41.685642
-122.63531100000002,42.135045
-122.635246,45.60043
-122.635228,45.378659000000006
-122.635205,42.135136
-122.635181,41.835104
-122.6351559156292,38.239041566666415
-122.63514,41.725761
-122.635097,42.160163
-122.63493,38.329286
-122.6349,45.497154
-122.634874,42.134315
-122.634859,38.01537
-122.634849,38.458238
-122.634812,39.013629
-122.634747,45.430676
-122.634673,42.134264
-122.63467,45.430197
-122.634659,45.430199
-122.634654,38.254116
-122.634629,38.910439
-122.634623,45.497104
-122.634558,45.618629
-122.634455,39.366028
-122.634388,38.005923
-122.63438700000002,45.377932
-122.634323,38.183449
-122.634322,41.731227
-122.634307,38.458133
-122.634186,38.458183
-122.634185,38.458245
-122.633986,45.497022
-122.63398,41.686725
-122.633965,41.684108
-122.633957,41.686741
-122.633926,45.377515
-122.633909,42.15959
-122.633837,45.646254
-122.633797,47.090405
-122.633732,45.424553
-122.633624,42.433814
-122.633568,45.496971
-122.633499,47.302608
-122.633473,45.42291
-122.63343,45.42255
-122.633414,45.422548
-122.63328,41.740317
-122.63322473,41.7405045
-122.633222,45.532025
-122.63316299999998,41.730892
-122.633158,41.730907
-122.633113,38.457937
-122.6330745214337,45.53190350510821
-122.633067,42.13208
-122.633064,41.731133
-122.633046,47.090564
-122.633034,45.419998
-122.633014,45.419984
-122.632997,45.349769
-122.632993,45.376705
-122.632975,45.532054
-122.632974,41.68602
-122.632972,39.013212
-122.632901,42.132082
-122.632898,45.572899
-122.632851,46.963459
-122.632828,47.64473
-122.632805,45.532536
-122.63277,38.262079
-122.632767,45.418362
-122.632721,45.548248
-122.63272,47.864538
-122.632705,44.412655
-122.632679,45.572856
-122.632651,38.004539
-122.632638,47.090845
-122.632615,45.417777
-122.632576,38.249478
-122.632547,45.532556
-122.632532,45.376312
-122.632516,38.297924
-122.632466,47.697326
-122.632434,38.778523
-122.63241399999998,41.699581
-122.632408,38.249371
-122.632405,45.532972
-122.632401,38.249367
-122.632395,45.446537
-122.63238787592589,45.53297638871416
-122.632387,45.532976
-122.632376,41.743926
-122.632301,45.446529
-122.63218700000002,45.40028
-122.632147,38.910442
-122.632125,38.293931
-122.632111,41.744654
-122.632043,45.496803
-122.63203500000002,45.416197
-122.632018,47.486636
-122.631989,45.66663
-122.631979,38.601307
-122.631967,45.343464
-122.631943,45.533363
-122.631901,45.519298
-122.631794,45.415932
-122.631779,47.757083
-122.631776,41.734034
-122.63173700000002,45.415821
-122.631713,45.415816
-122.631709,39.835416
-122.631699,45.522861
-122.631599,45.533218
-122.631589,39.709506
-122.631495,45.49679
-122.631446,41.746265
-122.631396,45.646719
-122.631352,40.481509
-122.631312,38.326426
-122.63128799999998,42.130004
-122.631283,45.533836
-122.63127207697563,45.53383469559893
-122.63127207697563,47.7233970162977
-122.6312291616314,38.248761892136336
-122.631183,42.12963900000001
-122.63114,42.673847
-122.631098,38.454283
-122.631044,45.414906
-122.63101458491025,47.09108233429388
-122.631013,47.091078
-122.63101100000002,45.496779
-122.630959,38.121161
-122.630852,41.681231
-122.630841,38.243737
-122.630768,45.534073
-122.63075,48.418369
-122.630676,45.534649
-122.63067126215635,37.89546132069637
-122.630659,45.572601
-122.630655,45.572497
-122.630651,41.713366
-122.6306498,45.53497195
-122.630631,45.534117
-122.630548,45.414265
-122.63053700000002,45.533961
-122.630516,45.572506
-122.630483,45.534164
-122.630468,45.496767
-122.630455,38.248371
-122.630447,38.248367
-122.630432,47.48464600000001
-122.630379,38.248313
-122.630348,45.43161
-122.63026356638608,45.15008568742204
-122.63026200000002,45.15009600000001
-122.63024210871396,41.737157106200506
-122.630241,45.150139
-122.630238,45.350306
-122.630231,38.24437800000001
-122.63022065104184,45.350307225964784
-122.630158,45.53425
-122.630157,38.01273
-122.630148,39.012573
-122.630141,41.740022
-122.630135,38.012713
-122.63013482035336,38.01270604115479
-122.63013482035336,41.73674941043026
-122.630134,38.012706
-122.63012,38.248181
-122.630117,45.534083
-122.630012,38.383298
-122.629978,41.737019
-122.629852,45.413345
-122.629823,38.24788
-122.62981295527156,38.24788212757946
-122.629776,45.534176
-122.629772,45.350468
-122.629745,45.572086
-122.62973999999998,38.24779
-122.629729,41.750495
-122.6297271245831,38.24779629689098
-122.6297271245831,48.31929802871552
-122.629723,48.31945
-122.629715,38.24780300000001
-122.629685,41.75061
-122.629662,45.572348
-122.62963899999998,47.645878
-122.629622,45.413044
-122.629617,41.75078900000001
-122.629591,38.012384
-122.629584,37.89527800000001
-122.629543,41.739953
-122.629517,38.24789000000001
-122.629478,45.573441
-122.629417,38.247841
-122.62936234415707,47.64552712417771
-122.629306,38.33277
-122.629303,47.645561
-122.629296,38.24775800000001
-122.629207,47.829307
-122.629159,48.322216
-122.629109,44.413465
-122.629073,38.251001
-122.629068,38.247637
-122.629044,45.627918
-122.629013,42.126656
-122.62901200000002,45.116958
-122.62895,47.621354
-122.628909,47.622424
-122.628906,45.646938
-122.628899,47.635841
-122.628898,47.61725
-122.628898,47.617265
-122.628893,47.64438
-122.628892,47.61637800000001
-122.628891,47.632252
-122.628888,47.615917
-122.628881,47.64346
-122.628879,47.62135900000001
-122.628872,47.614158
-122.628868,47.606861
-122.628868,47.62625900000001
-122.628855,45.496857
-122.628855,47.618254
-122.628844,47.608901
-122.628838,47.621342
-122.628819,47.628154
-122.628809,47.610187
-122.628806,45.344951
-122.62876152933774,45.64693808533836
-122.628761,38.24678
-122.628669,45.411796
-122.628647,48.325699
-122.628646,38.279912
-122.62861132563292,48.32569241500699
-122.628578,45.647114
-122.628524,38.112286
-122.628502,40.662118
-122.628458,38.859819
-122.628431,38.193521
-122.628403,38.24712
-122.628331,45.647136
-122.628213,45.411209
-122.628205,45.411813
-122.628124,38.325241
-122.628013,48.418627
-122.627996,41.714837
-122.627984,41.739213
-122.62798,38.247085
-122.62796759546934,38.247088193711065
-122.627938,38.45593
-122.62793,38.455929
-122.62792,38.011375
-122.627896,37.886974
-122.62788176478088,38.8214886186656
-122.627803,41.739582
-122.627792,38.755579
-122.627731,43.842606
-122.627692,38.246736
-122.627606,41.739518
-122.627586,38.247086
-122.6275813573712,38.85805249195644
-122.627566,38.24687
-122.62748700000002,47.41246
-122.627406,38.455686
-122.627357,38.397583
-122.627333,45.351562
-122.627319,38.910474
-122.627304,38.24359000000001
-122.627289,47.830631
-122.627272,38.938129
-122.627251,38.761483
-122.627247,41.739784
-122.627083,38.27898
-122.627083,38.738121
-122.627075,47.830793
-122.627007,38.247662
-122.627007,45.618519
-122.627003,47.384481
-122.626991,38.27897
-122.626978,47.479649
-122.626971,42.123329
-122.62695908487974,41.73902392367487
-122.626938,45.571751
-122.626917,45.618475
-122.626766,47.384571
-122.626744,38.569758
-122.626722,38.570023
-122.626652,42.153508
-122.626626,44.791837
-122.626625,38.246181
-122.62661576212584,38.24831128102184
-122.626582,45.150043
-122.62658,41.739454
-122.626579,47.479708
-122.6265728467816,41.73945307711725
-122.626504,45.40893300000001
-122.626493,42.153248
-122.626488,43.8395
-122.626472,45.408932
-122.62645,38.24699
-122.626377,41.739051
-122.626327,44.791861
-122.62631535471616,37.88664221745545
-122.626312,37.886653
-122.626249,45.533795
-122.62622952402768,45.53379178025468
-122.626229,45.533791
-122.626228,38.737141
-122.626228,45.408577
-122.626213,47.384724
-122.6262,45.533904
-122.626181,45.497048
-122.626106,39.365066
-122.62606,46.53146
-122.626053,38.736561
-122.626024,38.736553
-122.625997,37.886641
-122.62599,45.346224
-122.625973,38.820363
-122.62596200000002,38.455024
-122.625953,44.125966
-122.625885,45.497067
-122.625876,38.857069
-122.625862,48.91095
-122.625857,42.148163
-122.62584,38.910465
-122.625803,44.126002
-122.625797,38.24910300000001
-122.625784,38.565397
-122.625764,41.757237
-122.62575,45.533683
-122.625721,38.245872
-122.62571453989683,38.245865106400274
-122.625714,38.245865
-122.625641,45.663139
-122.625603,45.678741
-122.625574,42.144723
-122.625572,38.245754
-122.625572,45.533761
-122.625534,43.834822
-122.625526,38.24572
-122.625522,38.245735
-122.625522,38.245736
-122.625497,38.249436
-122.625481,47.092121
-122.625456,38.739976
-122.625401,38.182698
-122.62538899999998,47.758259
-122.625351,47.382019
-122.625292,48.418838
-122.62529,45.533707
-122.62528538645444,48.418840169675725
-122.625275,38.740174
-122.625252,45.43911
-122.625223,47.407189
-122.62522101343808,47.40717530227944
-122.62519955576596,38.04791808110213
-122.625138,42.143321
-122.625116,41.994289
-122.625005,38.454576
-122.625,47.404633
-122.62496352137268,45.53400635697586
-122.624924,37.89222
-122.62487,45.497086
-122.624863,37.972625
-122.624829,41.742163
-122.624817,45.831219
-122.624802,38.396435
-122.62475,47.408983
-122.624545,38.397947
-122.62454,41.74191
-122.624502,47.402734
-122.624498,38.865184
-122.624496,38.397968
-122.624478,38.454332
-122.624449,47.467382
-122.62444,47.504894
-122.62438,45.14986500000001
-122.624338,38.733905
-122.624309,47.473194
-122.624245,47.46392700000001
-122.624245,47.468548
-122.624198,47.859726
-122.624182,38.111577
-122.624149,40.658067
-122.624128,38.244369
-122.624128,38.559892
-122.62410521448793,38.244363069351934
-122.624085,47.467469
-122.624032,38.562505
-122.624019,38.24451
-122.62399792612732,38.12274098378123
-122.623993,45.346668
-122.623979,41.743219
-122.623976,47.460937
-122.623971,45.346659
-122.62397,38.574386
-122.623932,38.34157
-122.623918,41.742598
-122.623879,38.560681
-122.623848,38.560928
-122.62382626475036,47.463802099001576
-122.623806,47.463468
-122.623789,47.092886
-122.623788,45.123216
-122.623695,45.354038
-122.623666,42.140651
-122.623626,41.759145
-122.623589,42.11853
-122.623589,47.093071
-122.623567,40.654296
-122.623543,44.126869
-122.62353,47.092427
-122.623524,41.743886
-122.6235,38.771501
-122.62348294199646,40.29494404773571
-122.623438,41.713773
-122.623429,45.346776
-122.623385,41.759374
-122.62336299999998,38.599153
-122.623341,47.432416
-122.623318,38.742502
-122.623299,45.533249
-122.623244,45.404699
-122.623241,38.235379
-122.623207,47.432537
-122.623186,41.75957
-122.623139,41.7437
-122.623129,47.417719
-122.623077,38.235371
-122.623068,45.35444
-122.623009,45.52644
-122.622951,45.533035
-122.622948,45.533148
-122.622932,42.117321
-122.622887,45.53487
-122.622875,38.868136
-122.622874,45.533131
-122.622871,47.440441
-122.622849,45.51202
-122.62282,38.238736
-122.622755,38.453529
-122.622733,38.242448
-122.622731,47.436518
-122.622726,38.453499
-122.622722,38.731573
-122.622704,47.418621
-122.622681,38.598881
-122.622673,45.404889
-122.622649,45.496064
-122.622643,45.49733
-122.622643,45.499809
-122.622637,45.496601
-122.622636,45.498029
-122.622634,45.498395
-122.622634,45.500514
-122.622631,45.499091
-122.62263,38.749961
-122.622622,45.49727
-122.622613,42.432484
-122.622603,45.354366
-122.622551,45.532852
-122.622543,38.10256500000001
-122.622482,38.04805
-122.622474,38.048111
-122.622466,38.235342
-122.622414,38.235352
-122.622414,47.441087
-122.622388,38.247324
-122.622385,47.719754
-122.62236714304626,47.71974921203747
-122.622349,38.367649
-122.622336,38.466789
-122.62233,47.71978
-122.622326,47.83416
-122.622322,45.403496
-122.6223,38.24160300000001
-122.622296,40.47028
-122.622216,38.936922
-122.622192,42.11529
-122.622163,45.403286
-122.621964,48.358109000000006
-122.621962,37.884128
-122.621933,44.413219
-122.621929,44.413186
-122.621922,42.115155
-122.621894,38.870318
-122.621835,47.719462
-122.621831,38.74423
-122.62183,38.240685
-122.621792,38.768974
-122.621766,47.374434
-122.62175,45.490311
-122.621711,45.125909
-122.621699,38.047693
-122.621666,38.24041
-122.621498,45.355316
-122.621482,43.825578
-122.6214,42.114522
-122.621399,38.24028
-122.621377,38.452883
-122.621344,38.598416
-122.621302,42.1146
-122.621243,45.355193
-122.621214,37.882593
-122.62118999999998,37.883061
-122.62118,44.772664
-122.621106,45.570568
-122.621094,47.372664
-122.62108,45.570662
-122.62105,46.532063
-122.621019,47.671157
-122.621002,47.400242
-122.620984,38.275615
-122.620979,38.27562
-122.620956,48.18047
-122.62094,47.093635
-122.62086200000002,38.011339
-122.620861,47.093817
-122.620818,45.355457
-122.620816,47.502612
-122.620789,38.39912
-122.620765,38.909902
-122.62076,47.504867
-122.620743,47.50486
-122.620704,39.009845
-122.620691,38.045518
-122.620596,44.884871
-122.62058615626042,44.88486886003072
-122.620552,45.736568
-122.620522,45.73053
-122.620483,45.750969
-122.620483,45.779861
-122.62048,45.699187
-122.620407,45.568562
-122.620387,44.413279
-122.62036299999998,41.833478
-122.620305,45.53255
-122.620272,38.238117
-122.620268,38.250759
-122.620263,38.234885
-122.62022137583436,41.73833727816706
-122.620199,38.936153
-122.620189,41.833943
-122.62017846049014,41.833931207457375
-122.620073,38.237731
-122.6200497144574,43.29341769197801
-122.62003,40.474271
-122.61998534144104,38.237174749192064
-122.619985,38.237174
-122.619984,38.237183
-122.619972,38.23710300000001
-122.619965,38.011379
-122.619886,45.497517
-122.61988,37.973388
-122.619875,38.747373
-122.619842,45.532327
-122.61983513773625,45.53233265855058
-122.619835,38.236832
-122.619835,45.532332
-122.619804,38.236755
-122.619798,38.237202
-122.619769,38.852561
-122.61974,42.677373
-122.619722,38.934931
-122.619704,38.237059
-122.61968799999998,45.356404
-122.619662,38.23435900000001
-122.619654,38.235144
-122.619573,45.356214
-122.619568,38.011421
-122.619541,38.929996
-122.619536,45.497534
-122.61953,38.23571
-122.61951,45.617339
-122.619507,45.519279
-122.6194703573102,38.23661684971697
-122.61947,38.236616
-122.619452,38.236124
-122.619353,45.347956
-122.619275,38.277467
-122.619274,45.532304
-122.619206,47.37112
-122.61918,41.70983
-122.61915,45.570197
-122.619148,47.369843
-122.619111,38.725422
-122.619101,38.451824
-122.61908411921206,38.4518158433988
-122.61902,38.234119
-122.619001,38.929983
-122.619,47.368052
-122.61899828852358,38.929978608899454
-122.618948,45.647833
-122.618932,47.717932
-122.618919,39.009334
-122.618919,45.535118
-122.618892,44.789589
-122.618886,45.497562
-122.618856,38.753151
-122.618846,45.149481
-122.618843,38.59808
-122.618843,47.371308
-122.618817,39.00924600000001
-122.618792,38.747165
-122.618675,44.772278
-122.618668,45.398762
-122.618656,45.39876
-122.618651,38.929651
-122.618617,45.570091
-122.618573,38.723036
-122.618553,45.562798
-122.618552,38.234192
-122.61854768,38.23419213
-122.61854767740908,38.234192132767504
-122.61853,38.723042
-122.6185,38.235004
-122.618471,48.170941
-122.6184618467206,47.09470868088199
-122.618431,47.094692
-122.618382,48.177567
-122.61838,44.790387
-122.618349,44.790195
-122.618305,44.792485
-122.618298,47.367537
-122.618296,45.531928
-122.618294,44.792469
-122.618273,38.753035
-122.618271,47.094761
-122.618266,38.399616
-122.61826299999998,38.930208
-122.618229,43.293196
-122.618217,45.389671
-122.6182043546552,38.011225461778594
-122.618204,38.011225
-122.618185,38.877545
-122.618179,48.89238
-122.618157,44.789412
-122.618127,45.616801
-122.61808,45.532005
-122.61807561,39.00898576
-122.618075,39.008985
-122.618072,47.36669600000001
-122.618007,38.233809
-122.617976,45.569964
-122.617968,38.9096
-122.617968,45.53195
-122.61792,38.233593
-122.617876,38.932416
-122.617869,47.374206
-122.617861,45.39911
-122.617853,42.110963
-122.617844,38.233456
-122.61781299999998,38.234928
-122.617809,38.930363
-122.6178,42.111159
-122.61779,45.357531
-122.617782,45.149577
-122.61776299999998,38.233331
-122.617728,38.233245
-122.617659,38.718345
-122.617655,38.716526
-122.6176,44.784012
-122.617571,45.357478
-122.6175606244916,38.23288321476825
-122.61756,38.232883
-122.617525,38.596947
-122.6175,45.35753
-122.61746,45.497555
-122.61744,38.578321
-122.617439,48.89175
-122.617417,46.947865
-122.61741200000002,38.747995
-122.61732,38.748075
-122.61731100000002,45.36815
-122.617306,47.095012
-122.61730313242614,45.6479895112722
-122.61730313242614,47.09500908829168
-122.617299,38.909649
-122.617287,42.110274
-122.617273,44.130836
-122.617253,45.531548
-122.617221,45.53167
-122.61719,42.11035
-122.617173,38.596641
-122.617147,38.882287
-122.617077,47.095325
-122.616997,38.520491
-122.61699,45.346753
-122.616965,45.346253
-122.616955,45.347229
-122.616951,45.531754
-122.616898,38.233109000000006
-122.616882,47.095425
-122.616862,44.792401
-122.616814,45.647869
-122.616801,38.755386
-122.616796,45.497557
-122.61677,44.78070200000001
-122.616745,45.647999
-122.616734,44.780613
-122.616701,45.698589
-122.616694,47.38957
-122.616689,38.90799000000001
-122.616673,47.095316
-122.61667,45.569721
-122.616661,45.56975900000001
-122.616544,44.772297
-122.61651299999998,47.38901
-122.616451,38.749447
-122.61644,47.388729
-122.616408,47.389654
-122.616312,45.358583
-122.616271,38.230336
-122.616257,38.750031
-122.616225,38.749992
-122.616209,45.350112
-122.616187333476,45.35011410691571
-122.616165,47.388863
-122.616134,47.36162
-122.616099,44.792312
-122.616097,38.578182
-122.616089,45.395381
-122.616057,47.855105
-122.616013,38.450409
-122.61601,45.358644
-122.615971,38.450393
-122.615959,45.535141
-122.615929,38.75079
-122.615914,45.43404
-122.615895,38.750791
-122.615891,48.425152
-122.615852,45.43409000000001
-122.615846,45.395058
-122.615822,45.434147
-122.615784,47.329929
-122.6157,47.843472
-122.615692,47.716171
-122.615631,47.360523
-122.615618,45.394762
-122.615593,38.751572
-122.615593,42.005364
-122.615589,38.751578
-122.615577,38.908789
-122.615555,39.008635
-122.615522,38.228864
-122.615512,38.228385
-122.615464,42.009583
-122.615442,41.671025
-122.615424,38.91222
-122.61541,38.22861500000001
-122.615328,42.005496
-122.61532,38.228484
-122.615289,38.910203
-122.615264,42.005378
-122.61526200000002,42.005381
-122.615252,38.228352
-122.615242,38.752371
-122.615176,38.228207
-122.615067,45.530457
-122.615056,45.14976
-122.615039,47.845122
-122.615029,38.119857
-122.615021,38.752903
-122.615009,45.530251
-122.615005,45.530404
-122.61496,45.538368
-122.614952,39.00868300000001
-122.614937,46.94653
-122.614915,38.910307
-122.614897,38.753175
-122.614891,38.240391
-122.614891,38.751399
-122.61481,45.359881
-122.61479,41.670291
-122.61478,41.739031
-122.614773,38.226972
-122.614762,42.011718
-122.614759,47.358567
-122.614732,45.359744
-122.61472821177188,45.35974860169716
-122.614728,41.739521
-122.614622,38.234709
-122.614599,38.753811
-122.614558,47.358137
-122.614546,45.35138
-122.61453600000002,45.530101
-122.61453509272282,45.35138010957074
-122.61453509272282,45.5301010606502
-122.614492,38.252731
-122.614433,45.433371
-122.614431,45.529873
-122.614422,38.449681
-122.614418,38.449665
-122.61441200000002,47.358544
-122.61441,47.358551
-122.614405,42.014508
-122.61438400000002,38.252127
-122.61436343134586,39.008642434887854
-122.61436299999998,39.008367
-122.614348,45.351562
-122.61434197367376,41.67038083056608
-122.614341,41.67038
-122.614327,45.134223
-122.61432052,39.00868535
-122.614314,45.529958
-122.61429905832952,45.52995085694537
-122.614299,45.52995
-122.614277,38.004063
-122.61425614298528,38.00405859929083
-122.614211,38.594248
-122.614209,41.712018
-122.61419176996893,45.36041378953285
-122.614191,45.360413
-122.61419,45.360427
-122.61418799999998,38.232866
-122.614155,45.697599
-122.614154,43.296058
-122.61412739695255,42.01535582522385
-122.61410594,39.00866389
-122.61408448160832,42.01548457125657
-122.61408448,42.01548457
-122.614082,39.008602
-122.614082,39.008606
-122.614075,47.358627
-122.614051,45.360359
-122.614037,39.00865200000001
-122.61391,38.39776
-122.613886,38.75448400000001
-122.613886,38.912505
-122.613785,42.015166
-122.61378,42.682487
-122.613743,38.119415
-122.613741,45.352124
-122.613685,39.008798
-122.613671,41.669632
-122.613656,45.697709
-122.613617,47.848549
-122.613589,38.520027
-122.613583,39.008755
-122.613544,38.910226
-122.613503,45.360977
-122.613484,38.920514
-122.613395,42.003101
-122.613394,45.391874
-122.613281,38.449135
-122.613198,47.097272
-122.613197,45.615772
-122.61318500000002,38.231342
-122.61316399999998,42.003262
-122.613144,42.016062
-122.61314034403507,42.016063928403774
-122.613065,38.880231
-122.613022,44.139088
-122.613022,45.391392
-122.613008,45.39138300000001
-122.612984,38.343559
-122.612984,38.88026
-122.612978,44.13834600000001
-122.612928,38.910177
-122.612917,38.343612
-122.61289,39.007475
-122.612884,38.921008
-122.612857,47.849804
-122.612848,45.361483
-122.612847,39.008978000000006
-122.61283994,39.0089643
-122.612801,38.983552
-122.61277556360906,45.351251363538026
-122.612773,38.921046
-122.612769,38.980343
-122.612754,38.004297
-122.612747,45.361389
-122.612741,48.347758
-122.612733,38.979019
-122.6127326482648,38.979009389691456
-122.612702,38.976376
-122.61265,38.397508
-122.61263999999998,48.347961
-122.612628,48.347999
-122.612626,38.95439
-122.61262536,37.91050315
-122.61262535990424,47.353874444735744
-122.612617,45.497532
-122.612509,45.361707
-122.61248799999998,47.766129
-122.612473,38.751675
-122.612458,47.76613
-122.612435,40.792667
-122.612416,42.131623
-122.612379,39.009041
-122.612359,38.755099
-122.612334,38.919135
-122.612329,45.361656
-122.612328,38.919182
-122.612327,38.91910900000001
-122.612313,38.002489
-122.612302,47.714154
-122.612275,38.904556
-122.612272,38.910211
-122.612268,38.911104
-122.612267,38.002333
-122.612267,38.910191
-122.612267,38.910874
-122.612265,38.913655
-122.61226299999998,38.907669
-122.61226299999998,38.913203
-122.61226200000002,38.908101
-122.61226058,38.91021609
-122.61226,45.391629
-122.612259,38.912338
-122.612259,38.913658
-122.61223,38.910452
-122.61222,38.90321
-122.61221100000002,38.913204
-122.61218999999998,45.36084
-122.612184,38.225213
-122.612153,38.755168
-122.612152,38.448605
-122.612132,38.224077
-122.612122,38.711257
-122.612103,38.922647
-122.612091,42.106388
-122.612077,47.352682
-122.612041,41.667601
-122.61203799999998,38.00227
-122.612022,38.711201
-122.61201,38.910241
-122.612005,45.615276
-122.611997,45.61515900000001
-122.61194,38.002248
-122.611931,45.491959
-122.61192,45.361899
-122.611812,38.223599
-122.61180997,38.22359204
-122.611801,38.223591
-122.611782,38.926085
-122.611769,45.353884
-122.611764,42.128593
-122.611702,38.223755
-122.611702,38.448418
-122.611694,38.223751
-122.611694,38.223755
-122.611679,47.713718
-122.611677,38.901919
-122.611675,42.105742
-122.611671,38.901909
-122.611649,38.223717
-122.61161,45.497459
-122.611609,38.003005
-122.61158799999998,38.224517
-122.611551,45.13923
-122.611548,39.009078
-122.611547,38.924793
-122.611522,45.52809
-122.611519,38.22362800000001
-122.61150956095406,38.22361350041281
-122.611509,38.223613
-122.611458,45.695808
-122.611437,45.139611
-122.61142373026556,45.56891798951354
-122.611422,38.751422
-122.611417,40.289958
-122.611415,42.018562
-122.6114,37.972305
-122.61139,39.006909
-122.611351,45.497557
-122.611336,45.49741
-122.611305,38.848022
-122.61127,38.910307
-122.611252,45.69566
-122.61106399999998,38.397186
-122.61101399999998,45.388788
-122.610996,38.847761
-122.610985,45.614733
-122.610977,38.847759
-122.610965,38.710335
-122.610929,41.666797
-122.610901,37.973511
-122.61087,38.222961
-122.610817,38.591831
-122.610807,42.104925
-122.610802,47.349724
-122.610779,38.222897
-122.610778,38.232579
-122.610777,45.354703
-122.61073,38.222869
-122.610722,38.93275300000001
-122.610704,37.973317
-122.610704,38.591759
-122.6107,45.357211
-122.610672,38.75565
-122.610647,45.357088
-122.610634,41.66766
-122.610596,41.995476
-122.610544,45.357662
-122.610538,38.233112
-122.610536,47.852002
-122.61051100000002,41.995848
-122.610443,42.018585
-122.610428,38.222664
-122.610388,38.042754
-122.610382,45.362228
-122.610362,42.054494
-122.610336,46.531738
-122.610336,47.349502
-122.610327,38.222821
-122.61030793,38.22281957
-122.610305,45.36275300000001
-122.610268,38.222549
-122.61026502,41.99546456
-122.610261,41.995464
-122.610231,38.909573
-122.61022,42.104261
-122.610187,45.359576
-122.610161,41.995987
-122.610123,47.85144
-122.61011481226627,45.36335349061316
-122.610102,39.009204
-122.610044,45.356642
-122.610039,45.356659
-122.61002,38.913671
-122.609963,41.99681
-122.60993,45.36275300000001
-122.609912,45.143941
-122.609909,47.537319
-122.60981440485664,45.64786076523949
-122.609811,45.362914
-122.609688,45.362839
-122.609673,38.22215300000001
-122.609667,45.362838
-122.60966,38.755999
-122.609618,45.527577
-122.609577,38.267445
-122.609567,45.356231
-122.60953700000002,45.35586
-122.609533,45.362881
-122.609509,41.992727
-122.60947108210271,45.36135792710608
-122.609375,38.519695
-122.60936,45.527431
-122.609334,41.669267
-122.609329,41.992886
-122.609265,38.912345
-122.609264,38.911326
-122.60926200000002,38.91320200000001
-122.60926200000002,45.568474
-122.609258,38.910352
-122.60923,38.91367
-122.60923,45.570049
-122.6092,40.289582
-122.609162,38.909759
-122.609113,38.267962
-122.609066,45.358445
-122.609063,45.497441
-122.609054,43.822682
-122.609052,45.363031
-122.60904192866036,43.822671174794095
-122.60904192866036,45.36303162553137
-122.609041,43.822671
-122.608916,44.411188
-122.608894,41.992799
-122.608882,45.527459
-122.608865,45.527343
-122.608852,45.568489
-122.608818,47.099247
-122.608808,45.363106
-122.60878999999998,38.845785
-122.60878443659492,38.84577870350434
-122.60878443659492,47.34542012192085
-122.608773,45.385846
-122.608749,45.484669
-122.608696,44.41119000000001
-122.608582,38.268581
-122.608563,38.268576
-122.608551,38.111549
-122.608527,45.385523
-122.608507,38.222282
-122.608496,45.357872
-122.608434,45.358757
-122.608418,41.990037
-122.608401,45.363329
-122.608325,38.51906
-122.608307,45.945744
-122.608214,45.363396
-122.60818362177557,42.01919674853316
-122.60818,45.693999
-122.608165,45.38505
-122.608088,45.527398
-122.608076333415,45.52739739396321
-122.608073,45.497448
-122.608055,38.221054
-122.608019,38.577387
-122.607971,47.343483
-122.607921,38.268214
-122.607907,41.98963
-122.607865,41.989501
-122.60786176,38.22041631
-122.607861,38.220416
-122.60779738367744,41.988104581632655
-122.60773,42.059999
-122.607718,38.446507
-122.607712,38.221016
-122.60771,38.995483
-122.607661,38.589258
-122.607619,42.059967
-122.607613,48.429526
-122.607587,38.220742
-122.607574,38.220623
-122.60756299999998,48.433484
-122.60751299999998,45.526501
-122.607483,41.988148
-122.607475,38.756721
-122.607451,42.073357
-122.6074326032514,42.073484658994325
-122.60743259999998,42.07348466
-122.607421,37.972832
-122.607421,38.000379
-122.607421,38.393403
-122.607421,38.882851
-122.607421,41.666223
-122.607421,41.753335
-122.607421,41.753769
-122.607421,41.795008
-122.607421,42.022244
-122.607421,42.049976
-122.607421,42.050873
-122.607421,42.060244
-122.607421,42.10021500000001
-122.607421,45.358325
-122.607421,45.527264
-122.607421,47.0999
-122.607421,47.100109
-122.607421,47.342478
-122.607405,42.099609
-122.607355,45.363516
-122.607346,38.910335
-122.607193,38.446273
-122.607165,38.577552
-122.60716200000002,47.77243
-122.607094,38.588749
-122.607071,38.220566
-122.607059,38.588731
-122.607055,38.756887
-122.607015,42.096076
-122.607008,42.050466
-122.606953,45.693051
-122.606895,38.588946
-122.60688799999998,42.096132
-122.606843,38.221523
-122.606828,38.883137
-122.60672450007152,41.66546702365081
-122.606717,45.35959
-122.606644,45.363838
-122.606628,38.22179000000001
-122.606627,45.527307
-122.60661721171093,45.52731156327473
-122.606617,45.527311
-122.606599,38.445996
-122.606583,41.665386
-122.606561,45.430163
-122.606552,45.568062
-122.60653700000002,46.94194
-122.60648799999998,41.665664
-122.606403,42.095393
-122.60635971964548,45.527333020946855
-122.606346,45.150682
-122.60633826197336,45.15068650224136
-122.606232,45.363834
-122.606226,38.89229
-122.606224,45.363953
-122.60621299999998,38.342846
-122.60621100000002,41.664911
-122.606132,41.772591
-122.606098,38.587767
-122.60608700000002,38.392281
-122.605989,38.392178
-122.60598,38.342482
-122.605979,42.023016
-122.605967,41.711793
-122.605957,44.407921
-122.6059520238752,42.07329153994525
-122.60595202,42.07329154
-122.605942,38.219131
-122.605942,41.665331
-122.605938,42.095085
-122.605932,42.073225
-122.605927,44.40791
-122.605919,38.21965
-122.605917,42.046198
-122.605904,42.074394
-122.605865,38.219604
-122.605857,42.073055
-122.605822,38.220507
-122.605816,45.359968
-122.60580182017036,45.35996317841834
-122.605698,45.36411
-122.605686,45.364091
-122.605667,42.074791
-122.605655,45.15205
-122.605625,42.073814
-122.60560900000002,42.073566
-122.6056087011213,42.07380652407611
-122.605589,42.094897
-122.60556,42.07436
-122.605518,44.140994
-122.6055014127607,45.36404013612096
-122.605499,44.14098
-122.605499,47.636093
-122.605493,47.504847
-122.605487,42.047099
-122.605459,42.07314
-122.605424,42.073067
-122.605423,38.219185
-122.60541299999998,38.219958
-122.605381,39.010536
-122.605354,38.21888
-122.605331,39.083542
-122.605328,47.504848
-122.605324,45.527615
-122.605316,37.97287100000001
-122.605286,38.218811
-122.605253,38.218782
-122.605219,45.381213
-122.605171,38.5783
-122.605125,38.21888
-122.605105,38.57830300000001
-122.605095,45.52740900000001
-122.605079,38.445217
-122.60500788630196,43.29401850679734
-122.605007,43.294018
-122.604988,38.445229
-122.604987,45.527586
-122.604954,42.045957
-122.60495,37.972839
-122.604935,45.527713
-122.60493,41.664153000000006
-122.604929,38.44514
-122.604889,38.703629
-122.604883,38.445203
-122.604875,42.075484
-122.604843,45.360581
-122.604822,38.218304
-122.60481,45.527747
-122.604801,38.703648
-122.604794,37.903274
-122.60476,45.527648
-122.604652,38.21836500000001
-122.604637,45.65506
-122.604623,38.000401
-122.604604,45.946123
-122.604585,39.083845
-122.60457,45.527704
-122.604521,42.688131
-122.60447144449898,45.36444783189122
-122.60447,41.975783
-122.604467,42.029062
-122.60444998682686,45.36444783189122
-122.604414,45.567746
-122.604404,38.889119
-122.604401,38.88913
-122.604385,38.218113
-122.604357,38.390348
-122.60435,45.614237
-122.604332,45.38005
-122.604319,44.790856
-122.60424,45.52742
-122.604189,37.904068
-122.604184,42.075717
-122.604173,42.075715
-122.604172,38.217472
-122.604103,37.904259
-122.604095,38.21765900000001
-122.604021,37.904404
-122.6040208333845,37.904409169970016
-122.604007,42.053046
-122.603994,38.913946
-122.603992,42.07599
-122.603983,38.914445
-122.60397791804026,42.07599520663225
-122.603967,38.915223
-122.603945,42.121108
-122.603889,45.52647
-122.60387,38.217508
-122.603844,43.820808
-122.603821,40.649843
-122.603765,45.361109
-122.603754,39.012842
-122.60375,45.37929000000001
-122.60374188364696,45.3792965409976
-122.60374,44.40724
-122.603728,45.155922
-122.60372042597484,42.076123952664965
-122.60372,42.076123
-122.603645,42.093613
-122.603636,38.217033
-122.6036346,38.21670413
-122.60363459528637,38.21670412999049
-122.603626,38.585645
-122.603615,38.217068
-122.603613,42.069961
-122.603576,42.030036
-122.60357022227,37.90522456151053
-122.60357,37.905224
-122.60352730692576,38.21676850300685
-122.603527,38.216768
-122.603524,46.528516
-122.60351,38.216818
-122.603503,42.069816
-122.60348439158152,37.90511727314994
-122.603449,38.759686
-122.603432,38.887241
-122.603401,47.776939
-122.603379,42.08844600000001
-122.603349,45.378754
-122.60334,38.631332
-122.603325,38.631359
-122.603306,42.043685
-122.603279,45.364652
-122.60326981486033,45.364662408612425
-122.603269,45.364662
-122.603223,38.577872
-122.603214,45.156896
-122.603181,45.364787
-122.60314,38.215668
-122.603117,45.378438
-122.60308700000002,45.497431
-122.603066,45.361832
-122.603012,42.067737
-122.602972,38.701347
-122.602967,45.361783
-122.602951,37.90593300000001
-122.60291399999998,48.445677
-122.602891,45.15753
-122.602823,42.063912
-122.602768,45.64782
-122.602703,42.064795
-122.602669,47.101539
-122.602652,45.528647
-122.602608,42.063918
-122.602581,42.076755
-122.60256,38.18659
-122.602539,48.892059
-122.602496,42.119741
-122.602489,38.444073
-122.602422,38.632246
-122.602403,43.819897
-122.602374,38.628565
-122.602367,42.073188
-122.602364,38.62847100000001
-122.602336,38.557692
-122.602311,45.362575
-122.602249,45.67886
-122.602246,45.528722
-122.602242,42.076791
-122.602241,45.528865
-122.6022398465986,42.07678914050066
-122.602234,38.634129
-122.60222,45.362531
-122.602201,38.5952
-122.60212,42.076993
-122.602097,45.648811
-122.602072,38.213388
-122.602029,42.076906
-122.60202526987742,42.07689642886125
-122.602025,42.07689600000001
-122.60201,45.376497
-122.6019823545332,44.790562391067546
-122.601982,42.068359
-122.601977,38.186594
-122.601959,38.634544
-122.601936,37.90836
-122.60193,38.44381
-122.601883,38.186222
-122.601831,38.185618
-122.601822,45.375702
-122.601822,47.170052
-122.601778,37.998383
-122.60176,42.06449
-122.601753,45.375666
-122.601753,45.497238
-122.601669,42.064564
-122.601659,45.375052
-122.601649,38.188819
-122.601616,38.909337
-122.60158,38.840469
-122.60157465876291,42.42991805056367
-122.60153400000002,38.212603
-122.601517,38.699587
-122.601498,38.18945
-122.601484,45.372152
-122.601447,38.635616
-122.601432,38.699497
-122.601418,37.90925
-122.601418,45.371178
-122.601409,45.371099
-122.60138,42.077313
-122.601369,38.596362
-122.601364,38.183976
-122.601347,38.184735
-122.601347,42.699965
-122.601342,45.370359
-122.601334,38.59642
-122.601326,45.687817
-122.601321,45.365312
-122.601297,38.184593
-122.60128799999998,45.427709
-122.60127425135325,41.79916977862453
-122.601273,45.427769
-122.60125279368114,45.3653275964481
-122.601242,45.369369
-122.601234,45.365227
-122.60122,47.707124
-122.601188,45.363938
-122.601173,47.7071
-122.60116399999998,45.365244
-122.601134,45.368206
-122.601112,45.368005
-122.601089,41.787345
-122.601073,45.369004
-122.601029,45.364321
-122.601027,37.997563
-122.600988,45.427698
-122.600975,42.69766
-122.600969,45.366651
-122.600967,45.368213
-122.600918,45.427536
-122.600884,41.799464
-122.600856,45.365504
-122.600854,45.365442
-122.600832,45.567105
-122.600828,42.696149
-122.600825,45.566457
-122.600822,45.490292
-122.600822,45.52647
-122.600758,45.3661
-122.600748,42.108467
-122.600741,44.407631
-122.600736,45.375932
-122.600708,45.365479
-122.600706,45.365374
-122.6007,45.644791
-122.600698,38.184735
-122.600694,42.138573
-122.600692,47.102102
-122.60065,45.36539000000001
-122.600616,38.264113
-122.600587,42.047743
-122.600563,45.640701
-122.60054,45.56877100000001
-122.600479,38.57842700000001
-122.600417,45.497426
-122.60041499999998,42.047634
-122.600397,45.529567
-122.60039448679638,45.36670088746372
-122.60038,47.780529
-122.600343,38.19238
-122.600313,38.209539
-122.600308,47.78062
-122.600242,38.625507
-122.600227,39.016185
-122.600217,45.56697800000001
-122.600182,45.780174
-122.600135,42.078995
-122.60003600000002,47.102288
-122.599987,38.18148400000001
-122.599963,38.598393
-122.599918,38.234025
-122.59991,38.697406
-122.59981100000002,38.598613
-122.599792,38.598629
-122.599792,38.652386
-122.599785,38.652031
-122.599777,38.651978
-122.599777,38.65279
-122.59977,38.653206
-122.599678,47.330833
-122.599648,45.61317800000001
-122.59958600000002,38.653858
-122.599552,38.696812
-122.599539,38.299217
-122.599516,44.140859000000006
-122.599495,42.081005
-122.599448,45.613148
-122.59944099999998,42.081156
-122.59944,43.818813
-122.599366,38.62384
-122.599327,42.081585
-122.599281,45.164655
-122.599271,45.53045
-122.599258,38.513023
-122.599198,38.100631
-122.599165,37.87537800000001
-122.599159,38.206629
-122.599158,37.875331
-122.599158,38.205539
-122.599152,37.87532
-122.599152,45.530369
-122.599144,45.365913
-122.59906399999998,47.33017
-122.599023,45.530428
-122.59902119578078,38.03721070271472
-122.59902119578078,45.53042292573199
-122.599013,38.18032
-122.598991,38.20676
-122.59897828043653,45.686033963939245
-122.598956,38.100521
-122.598953,38.663921
-122.598935,38.205659
-122.598923,47.53056
-122.598836,42.039111
-122.598821,41.741111
-122.598808,38.180191
-122.598785,42.103065
-122.598776,41.661387
-122.598755,38.650937
-122.598714,38.385123
-122.598709,38.385201
-122.598655,41.802315
-122.598572,47.329601
-122.598504,38.382307
-122.598498,39.066836
-122.598489,38.600639
-122.598449,41.711517
-122.5984,41.71151500000001
-122.598388,38.914444
-122.598351,38.606731
-122.598203,38.662754
-122.598137,41.705622
-122.598129,45.352879
-122.598117,45.426231
-122.598029,38.650463
-122.597969,42.101507
-122.597899,42.140013
-122.597843,42.039095
-122.597801,38.621441
-122.597701,44.790077
-122.597641,44.79007
-122.597617,45.56595
-122.597595,38.62117
-122.597591,47.102815
-122.597572,45.497471
-122.597452,45.366479
-122.597435,41.777336
-122.597435,45.531022
-122.59743332804396,41.77732586840735
-122.597427,40.65240900000001
-122.597416,40.652417
-122.597407,44.141782
-122.597399,38.594182
-122.597347,42.075125
-122.597332,38.64933900000001
-122.597279,38.602611
-122.597267,47.59277
-122.59725,45.64978
-122.59724020899488,45.6497919557302
-122.59717,38.914395
-122.597148,45.16894600000001
-122.597122,48.892094
-122.597115,44.141951
-122.597107,38.620686
-122.597074,38.036692
-122.597067,37.913081
-122.597054,38.03669
-122.597039,41.777895
-122.597008,47.328369
-122.59699,45.366562
-122.596883,41.781887
-122.596804,45.497413
-122.596772,45.531579
-122.59676814020824,45.53158164002642
-122.596768,47.102712
-122.596767,38.751494
-122.596746,38.581036
-122.596715,45.531768
-122.596711,44.789946
-122.596685,45.366815
-122.596616,38.611868
-122.596608,45.497413
-122.596604,45.497505
-122.596594,38.641759
-122.596573,38.640461
-122.59655,38.641109
-122.59648919047072,45.366786718152206
-122.596489,45.366786
-122.596476,38.640441
-122.5964677327986,38.64045023899728
-122.59638,38.036602
-122.596352,38.613802
-122.596283,38.581299
-122.596257,38.581284
-122.596168,37.875051
-122.596042,41.808268
-122.596034,37.995328
-122.596031,48.448028
-122.59598,38.23438400000001
-122.595967,42.023706
-122.595966,38.65528
-122.595949,37.995282
-122.595828,38.245806
-122.595818,47.10276
-122.59580254496288,47.10275530792664
-122.595692,38.605691
-122.595686,37.995937
-122.595632,38.391687
-122.59560943,38.24352622
-122.595551,45.367517
-122.59554505289744,45.36751627900425
-122.595545,45.367516
-122.59550214,48.89228225
-122.595451,45.949636
-122.59543776453688,40.28696179370744
-122.595428,38.303825
-122.59542,38.605524
-122.595413,38.177413
-122.595399,38.750724
-122.59539484919264,38.60551714878747
-122.595394,38.605517
-122.595367,38.605541
-122.595326,44.142976
-122.595306,45.650617
-122.59523,38.658291
-122.595211,38.660112
-122.595155,38.659593
-122.595135,38.384989
-122.59512,38.245387
-122.595093,38.639694
-122.595093,41.958508
-122.59508999999998,38.666325
-122.595025,41.959891
-122.594911,42.095681
-122.59489,38.888633
-122.594823,45.651052
-122.59481549204544,45.651057958385216
-122.594797,38.605225
-122.594787,38.260831
-122.594746,45.368042
-122.594738,41.959188
-122.594725,45.42478300000001
-122.594711,38.608234
-122.594711,47.50489
-122.594582,45.683315
-122.594559,38.639507
-122.594559,38.63954
-122.594551,38.639507
-122.594523,38.908009
-122.594501,38.68587
-122.594479,37.982035
-122.594467,45.526459
-122.59446,45.524139
-122.594413,45.36856
-122.594391,45.683525
-122.594366,41.808807
-122.594322,39.067424
-122.59424,41.958048
-122.594239,45.683074
-122.5942361348982,41.958042382993895
-122.594235,38.176557
-122.594234,38.440845
-122.594223,47.102837
-122.594221,38.386051
-122.594221,42.139842
-122.5942,45.562721
-122.5942,45.683075
-122.59413700000002,38.260465
-122.594097,37.99808
-122.59407,38.38623
-122.594054,37.910866
-122.59401,45.780156
-122.593995,38.610834
-122.59391,38.609127
-122.593866,41.752499
-122.593731,38.17641
-122.593707,42.092002
-122.593706,39.017712
-122.593675,47.318128
-122.593673,44.40547
-122.593651,41.711342
-122.593626,44.40563
-122.593601,38.914269
-122.593592,41.711333
-122.593572,42.083799
-122.593502,38.642957
-122.593442,42.03547800000001
-122.59336299999998,41.742411
-122.5933349126692,41.725291013518685
-122.59333,45.4974
-122.593238,47.324002
-122.59323,45.563783
-122.59320616663648,45.56378960587711
-122.593191,44.40711500000001
-122.593185,47.102905
-122.593184,38.259928
-122.593071,45.533199
-122.593071,48.889824
-122.593063,45.533658
-122.593063,48.449924
-122.593026,37.985595
-122.593025,38.666093
-122.592996,45.651643
-122.592993,38.643979
-122.592966,38.68395200000001
-122.592925,45.533728
-122.592922,48.450001
-122.59291100000002,38.641216
-122.592867,48.889698
-122.59285,38.604591
-122.592842,47.228291
-122.592764,45.533653
-122.592711,41.73516400000001
-122.592657,41.809366
-122.5926482671614,41.80936217288108
-122.592637,45.533723
-122.592621,47.102978
-122.59253,38.112597
-122.592515,38.639514
-122.59243,38.64706
-122.592421,41.820517
-122.5924,38.640232
-122.592396,41.954641
-122.592382,38.229059
-122.592305,42.079487
-122.592275,38.914087
-122.592178,45.533951
-122.592118,45.178612
-122.592105,45.612338
-122.592069,38.675877
-122.592056,38.67582700000001
-122.59201000000002,38.675999
-122.591957,38.676193
-122.591949,47.10685
-122.591919,47.321671
-122.591904,47.32177
-122.591891,47.705841
-122.59185,45.48024
-122.59182,38.665791
-122.591819,43.81547800000001
-122.591774,45.371498
-122.591728,38.647568
-122.59169,42.139198
-122.591667,38.681805
-122.591599,38.644085
-122.59157538355544,45.14907717683244
-122.591557,38.645598
-122.591554,41.832061
-122.591532,38.112859
-122.591515,38.673592
-122.591512,45.179752
-122.59142517985062,38.68139147740039
-122.591425,38.681391
-122.591422,38.681402
-122.591391,38.666012
-122.591366,41.954948
-122.591293,45.371952
-122.591217,45.371788
-122.591182,38.649126
-122.59118,47.320163
-122.591164,38.647605
-122.591133,47.322037
-122.591077,47.322029
-122.591026,38.174206
-122.590945,41.832334
-122.59093165339188,41.83232188204845
-122.59093165,41.83232188
-122.590931,41.832321
-122.590928,38.258658
-122.590925,45.37205
-122.59091019571976,45.37204384782137
-122.59091,45.372043
-122.590907,38.648941
-122.590892,39.059493
-122.59089,41.832346
-122.590881,41.832348
-122.59086728037552,47.32138752914752
-122.590856,45.37232
-122.5908458227034,45.37232279755892
-122.590845,45.372322
-122.590828,45.372124
-122.590698,47.321545
-122.590692,45.562862
-122.590584,47.321415
-122.590574,45.372542
-122.590569,47.320992
-122.590535,38.679713
-122.590492,47.32137
-122.59046399999998,42.704654
-122.59044,41.951512
-122.590439,47.320839
-122.590434,38.086446
-122.590424,45.320011
-122.590378,47.321171
-122.590309,45.61215
-122.59028899999998,38.238303
-122.5902879232283,41.95126175860428
-122.590281,41.95195800000001
-122.59028,38.335304
-122.59022,38.25826
-122.590218,45.49025
-122.590172,38.67256500000001
-122.59013600000002,45.182361
-122.590103,47.102982
-122.590096,47.320953
-122.59009,38.908967
-122.590089,45.424105
-122.590066,45.372934
-122.590019,38.645573
-122.58996299999998,44.788753
-122.589949,46.522573
-122.589927,41.81528400000001
-122.589894,38.671875
-122.589853,38.387734
-122.589775,38.671497
-122.58972,41.950952
-122.589596,38.173116
-122.589508,38.173271
-122.58947,45.44107800000001
-122.589425,42.138908
-122.589417,47.103451
-122.58940815867142,47.32016444183674
-122.589333,45.46865800000001
-122.589306,45.424032
-122.589174,38.257672
-122.589147,38.603433
-122.589127,42.091751
-122.589066,38.239676
-122.589049,41.541071
-122.589012,42.707512
-122.588982,45.18477100000001
-122.588966,47.389069
-122.588877,40.28409
-122.588871,45.562666
-122.588867,44.14742
-122.588867,45.56266
-122.588828,45.185211
-122.588783,47.32053
-122.588781,38.43955
-122.58876442850786,45.680111646434405
-122.588709,38.336928
-122.588699,47.104226
-122.588698,48.867187
-122.588654,47.104385
-122.588644,48.882826
-122.588608,47.104008
-122.58857,45.37505
-122.588566,38.012489
-122.588493,45.333851
-122.588459,47.104292
-122.588405,45.562663
-122.5884,47.794792
-122.588344,38.668112
-122.58831,38.17218
-122.58829,45.653786
-122.588226,47.104115
-122.588219,48.862598
-122.58821100000002,45.680332
-122.588209,47.104135
-122.588203,38.668289
-122.588199,48.862192
-122.588194,38.367187
-122.58818,38.68475
-122.588138,45.233911
-122.588126,47.104005
-122.588113,45.680278
-122.588103,38.668512
-122.588097,45.653721
-122.588064,47.104176
-122.588013,45.49025
-122.587887,38.033922
-122.58786299999998,41.763903000000006
-122.587861,41.789307
-122.58782029093462,48.861297368770295
-122.58778,39.055143
-122.587753,39.055149
-122.58773,47.104259000000006
-122.5877,47.104267
-122.587593,45.376701
-122.587563,45.654221
-122.58754,45.374531
-122.587517,48.857933
-122.587506,45.375792
-122.587502,48.857914
-122.5875,38.233073
-122.587438,45.654189
-122.587372,44.148176
-122.58732676447588,45.67963957764778
-122.587311,45.562649
-122.587298,45.375301
-122.587274,38.033665
-122.587273,38.602589
-122.587257,45.653679
-122.587257,47.317689
-122.587197,38.439141
-122.587177,37.986891
-122.587173,45.374997
-122.587162,45.535563
-122.587159,45.535693
-122.587137,45.375021
-122.587116,45.374835
-122.587112,45.374859
-122.587077,45.375055
-122.58706399999998,45.364541
-122.587059,45.374855
-122.587044,47.104675
-122.587005,40.652556
-122.58699,47.105801
-122.586979,41.942899
-122.586945,45.374454
-122.586916,38.602857
-122.586857,38.601772
-122.58683,45.365531
-122.586824,38.768769
-122.58681178034502,37.91114687901539
-122.586811,37.911146
-122.586807,38.76878
-122.586737,45.365642
-122.586609,45.562665
-122.586588,45.373863
-122.586575,45.373867
-122.586549,45.375396
-122.586544,45.365807
-122.58651137293536,48.857456445461
-122.58651,47.10530900000001
-122.586487,45.375469
-122.58646,48.467125
-122.586402,45.37308400000001
-122.58638700000002,38.831019
-122.586306,45.372726
-122.58628799999998,45.37476
-122.586243,45.611462
-122.586231,45.372599
-122.586224,39.847173
-122.586196,38.232332
-122.586161,45.372404
-122.58614659250937,45.37238717057527
-122.58614659250937,45.37240862824739
-122.586146,45.372408
-122.586115,37.864355
-122.586065,45.375745
-122.58606076182085,45.37573456742585
-122.586052,48.856983
-122.586043,38.255912
-122.586039,42.70927800000001
-122.585988,41.787054
-122.58596,45.375647
-122.585944,41.766768
-122.585915,38.879846
-122.585885,45.148475
-122.5858,47.104019
-122.585754,45.23055
-122.585711,45.371119
-122.585616,45.37588
-122.58558700000002,37.863491
-122.585579,38.38781
-122.585538,45.370463
-122.585535,45.371175
-122.58552432001788,45.3711640832645
-122.585491,41.786969
-122.585479,38.387813
-122.58543799999998,41.92228400000001
-122.585419,48.857288
-122.585358,45.19257
-122.585358,45.403278
-122.585258,42.709323
-122.585249,38.516747
-122.585179,45.366207
-122.58515953959188,45.366207361004975
-122.585159,45.366207
-122.585115,45.368435
-122.585091,45.192938
-122.585091,45.366211
-122.585072,45.36620900000001
-122.585007,38.25531
-122.584989,45.366212
-122.58496642054276,38.25530648213265
-122.584954,45.37656
-122.584953,45.572361
-122.584896,44.149712
-122.584855,45.244772
-122.584793,38.12159000000001
-122.58477,38.244442
-122.584759,38.255181
-122.5847518438216,38.24444890004041
-122.584701,45.535476
-122.584643,45.423168
-122.584606,45.361896
-122.584583,38.01057700000001
-122.584542,45.364852
-122.584475,38.231412
-122.584453,48.855315
-122.584409,45.376951
-122.584379,47.816242
-122.584356,38.231352
-122.584334,45.244275
-122.584333,45.364216
-122.584328,38.231289
-122.58431000000002,45.53538
-122.584282,48.879021
-122.584281,45.245389
-122.58427977503496,38.8289344308909
-122.58416,47.854179
-122.584151,39.01752000000001
-122.584129,47.854111
-122.584101,38.773583
-122.584083,41.710988
-122.584048,47.798313
-122.584038,47.851555
-122.583967,38.426806
-122.583913,41.77056500000001
-122.583864,45.377311
-122.583844,40.652556
-122.583815,38.773826
-122.583749,38.388275
-122.583724,45.363516
-122.58370041788775,45.37719368912993
-122.583687,38.38832100000001
-122.583682,46.611449
-122.583621,47.798562
-122.583542,47.798611
-122.583527,38.366482
-122.583443,45.454288
-122.583436,45.535105
-122.583425,45.194766
-122.583419,41.770663
-122.583395,41.74498
-122.583392,45.377653
-122.583389,38.598061
-122.583373,41.779538
-122.583359,45.534936
-122.583314,42.709292
-122.583304,38.035248
-122.583301,39.05043
-122.583298,45.535056
-122.58329272211752,45.535057782909696
-122.58329272,45.53505778
-122.583292,45.535057
-122.583186,45.25043
-122.58316299999998,38.168646
-122.583107,47.105949
-122.583069,41.779842
-122.583067,45.534831
-122.583043,41.797735
-122.58303523005208,39.85452532749245
-122.583033,41.656717
-122.582947,38.036079
-122.582944,38.036093
-122.582925,41.647325
-122.582925,45.228127
-122.582901,45.497421
-122.582802,45.672491
-122.582793,46.518133
-122.582732,41.773965
-122.582726,45.377951
-122.582703,48.454372
-122.582651,41.774881
-122.582529,41.798575
-122.582508,45.378394
-122.582459,45.48418
-122.582453,45.227725
-122.58243441523274,47.10629582382629
-122.582414,41.798469
-122.582329,45.610531
-122.582322,45.48412800000001
-122.58231,44.149779
-122.58230567,47.10638165
-122.58230566920004,47.10638165451476
-122.582237,45.447044
-122.582213,41.775366
-122.582213,41.775731
-122.58219838083944,41.77573800067055
-122.58219,45.227442
-122.58217,45.42258
-122.58215,45.42269
-122.58213,45.422642
-122.582075,45.361162
-122.582071,45.222726
-122.582031,45.490269
-122.58203,45.223072
-122.581992,48.456659
-122.581966,38.437002
-122.58195,48.462528000000006
-122.58184,45.361385
-122.581807,38.826562
-122.581761,48.852573
-122.581749,47.533981
-122.581711,41.933327
-122.581667,45.671316
-122.581632,47.107047
-122.581627,45.220926
-122.581623,45.61038
-122.581614,45.22074
-122.581589,48.463448
-122.581587,46.516451
-122.581581,45.47961
-122.581515,45.215977
-122.581496,45.196868
-122.581472,45.21458
-122.581442,45.526428
-122.581417,45.359766
-122.581318,38.253256
-122.581306,41.92798
-122.581297,45.208963
-122.58126,41.927899
-122.5812542432662,41.92789435366665
-122.581246,45.207318
-122.581231,48.852346
-122.581221,45.361465
-122.581183,45.562666
-122.581181,45.379957
-122.581169,47.769859
-122.581161,38.089882
-122.581132,41.656129
-122.581089,45.203377
-122.581063,38.248525
-122.581037,38.010743
-122.581019,45.201832
-122.581008,45.201563
-122.580992,44.14980900000001
-122.580966,41.927442
-122.580952,45.199009
-122.580949,39.04881
-122.580946,38.436563
-122.58093999999998,45.494808
-122.580935,45.19812
-122.580874,47.310455
-122.58086800516804,47.10743308044858
-122.580864,45.534351
-122.580846,45.379931
-122.580781,37.863598
-122.580745,45.38071400000001
-122.580683,45.380856
-122.580681,41.929927
-122.58067489,45.38086295
-122.58067488611894,45.38086295106229
-122.580674,45.380862
-122.580556,45.533884
-122.580543,48.463348
-122.580498,38.57526
-122.58048,38.575251
-122.580475,45.354517
-122.580471,41.929426
-122.58046000000002,47.107647
-122.58043700000002,45.381447
-122.58043,45.533842
-122.580409,45.422446
-122.580401,45.656023
-122.580289,45.444593
-122.58028,45.533913
-122.580195,45.562667
-122.580177,45.381204
-122.58015990198813,45.38120627381621
-122.580159,45.381206
-122.580027,45.382518
-122.580014,45.381635
-122.579975,45.381745
-122.579974,47.107654
-122.57993700000002,45.422382
-122.579913,45.447049
-122.579887,45.559137
-122.579838,45.60988
-122.579825,45.447052
-122.57981657923422,45.60988068558878
-122.579789,45.562669
-122.579761,45.38458
-122.579745,38.43605
-122.579734,38.105217
-122.57972,45.549568
-122.579645,37.86443
-122.579558,38.106518
-122.579557,45.451526
-122.579474,45.56267
-122.579462,45.42232
-122.579412,38.388107
-122.579407,38.38813
-122.579391,38.823655
-122.579386,45.351539
-122.579369,45.482979
-122.579345,45.351436
-122.579325,45.422191
-122.579272,38.388072
-122.579269,45.432571
-122.579254,45.431885
-122.579245,45.43126
-122.579239,45.383942
-122.579233,45.43248300000001
-122.57923,45.384641
-122.579229,45.432589
-122.579224,45.430897
-122.579223,45.430242
-122.579216,45.430749
-122.579201,45.53354
-122.579191,45.43363
-122.579163,45.45425
-122.57914,45.453152
-122.579135,45.43473400000001
-122.579114,45.43512
-122.579113,45.455044
-122.579111,45.454248
-122.579109,45.45892
-122.579108,45.43523
-122.579108,45.454112
-122.579107,45.45525
-122.579094,45.430191
-122.579093,43.287785
-122.57908799999998,45.456939
-122.579086,45.453168
-122.579086,45.457344
-122.579086,45.457598
-122.579083,45.533499
-122.57908,45.430366
-122.579079,45.475868
-122.579075,45.435827
-122.579071,45.528381
-122.579066,45.45815800000001
-122.579065,38.592
-122.579065,45.474493
-122.579063,45.475527
-122.579063,45.519131
-122.579063,45.525169
-122.579063,45.526421
-122.57906,45.519135
-122.57905900000002,45.476044
-122.579053,45.452066
-122.57905,45.524584
-122.579049,45.52163400000001
-122.579049,45.523714
-122.579048,45.472055
-122.579048,45.53334
-122.579047,45.524097
-122.579045,45.451835
-122.579045,45.46152
-122.579044,45.458918
-122.579043,45.430136
-122.579043,45.522775
-122.579041,45.525284
-122.579041,45.526868
-122.57903799999998,45.459774
-122.57903799999998,45.46019
-122.57903799999998,45.460373
-122.57903799999998,45.460811
-122.579035,38.435751
-122.579034,45.518666
-122.579033,45.451475
-122.579033,45.46338400000001
-122.579032,45.465103000000006
-122.579031,45.462429
-122.579029,45.463473
-122.579028,45.466311
-122.579022,45.451055
-122.57902,45.518389
-122.579019,45.450915
-122.57901,45.438278
-122.57901,45.479462
-122.579009,45.45048
-122.579003,45.450234
-122.578998,45.512229
-122.578996,45.479809
-122.578988,45.533342
-122.578979,38.106258
-122.578976,37.86308
-122.578974,45.437891
-122.578973,45.449066
-122.578965,45.481199
-122.578961,38.16617
-122.578958,45.481572
-122.578956,45.438313
-122.578953,45.481879
-122.578949,45.516899
-122.578948,45.323652
-122.578946,45.482386
-122.578942,45.44852
-122.578941,45.44453
-122.578934,45.447029
-122.578933,38.106242
-122.57893,45.48371
-122.578907,38.029464
-122.578899,45.439839
-122.578898,38.228308
-122.578898,45.429448
-122.578896,45.540092
-122.578895,45.440241
-122.578893,45.516169
-122.578888,45.540861
-122.578884,45.441284
-122.578883,45.44706
-122.578882,45.444526
-122.57888,45.446533
-122.57888,45.540821
-122.578878,45.442252
-122.578876,45.444862
-122.57887,38.74652800000001
-122.578867,45.443629
-122.578866,45.446202
-122.57886299999998,45.446042
-122.57886200000002,45.384693
-122.578859,45.515477
-122.578834,42.71071
-122.578833,45.544529
-122.578822,45.514802
-122.578799,45.429083
-122.578792,45.533272
-122.5787866109725,45.53327679612382
-122.578786,45.533276
-122.57878,41.745597
-122.57878,48.849726
-122.578779,45.546345
-122.578776,45.322727
-122.578769,45.43363
-122.57876515,48.85007501
-122.578743,45.49741
-122.578735,44.402753
-122.578734,45.495502
-122.57872,45.496471
-122.578715,45.386047
-122.578703,45.497415
-122.578702,45.498559
-122.5787,45.498806
-122.578699,45.499194
-122.578699,45.50213400000001
-122.578698,45.499398
-122.578698,45.49962100000001
-122.578698,45.500122
-122.578692,45.502468
-122.57868899999998,45.512231
-122.578682,45.504822
-122.578677,45.504843
-122.578672,45.508095
-122.57867,38.251123
-122.578669,45.510835
-122.578668,45.508399
-122.57865,45.55243
-122.578645,45.552592
-122.578631,41.730812
-122.578625,45.553732
-122.57859349192344,45.55544257142279
-122.578591,45.555779
-122.57859,45.557388
-122.578558,45.383413
-122.578548,45.558597
-122.578548,45.6559
-122.57852911890708,45.65590739228414
-122.578524,45.559175
-122.578446,41.924984
-122.578443,45.386764
-122.578439,45.562673
-122.578434,38.165515
-122.578428,43.811818
-122.57842183054647,45.5626738069269
-122.578414,45.495501
-122.57841,45.427861
-122.578407,38.165726
-122.578391,45.385973
-122.578388,41.805812
-122.578384,38.165695
-122.57837892,45.38596988
-122.57837891520224,45.38596987702663
-122.578376,45.322027
-122.578374,38.107309
-122.578352,45.326664
-122.578339,38.165668
-122.578335,45.544531
-122.578318,45.321904
-122.5783,38.25156
-122.57829308451376,38.25155138951182
-122.578291,45.501423
-122.57827162684164,38.25155138951182
-122.578254,45.321493
-122.578245,45.386373
-122.578242,45.427393
-122.57820900000002,37.987572
-122.578201,38.435478
-122.578192,45.387436
-122.57818579615316,45.38742899873072
-122.578185,45.387428
-122.578172,38.435388
-122.578127,38.435463
-122.578121,45.321552
-122.57811,44.149286
-122.578103,41.924639
-122.57804099999998,41.844448
-122.578024,37.98682700000001
-122.578011,45.321114
-122.578005,38.165155
-122.57799267710408,38.16514134388846
-122.577984,38.25187
-122.577983,41.924491
-122.577973,41.925409
-122.577971,45.432946
-122.577933,38.443386
-122.57791,37.988537
-122.577904,38.165073
-122.577883,39.017998
-122.577853,45.433011
-122.577841,45.387455
-122.57781,45.655973
-122.57779955805502,45.42208313920297
-122.577794,45.433044
-122.577766,45.388538
-122.57773518503866,45.56494832017153
-122.577735,45.564948
-122.577667,45.562881
-122.57762789667808,45.562330484173
-122.577626,38.904464
-122.577619,38.165082
-122.57760643900596,38.16507697087209
-122.57758498133384,45.56484103181094
-122.577559,47.809612
-122.577548,37.863067
-122.577524,45.320635
-122.57752060831749,42.422043084895975
-122.57752,42.422043
-122.577493,38.589219
-122.577466,38.876933
-122.57743700000002,41.730584
-122.577434777629,41.660274266998
-122.577432,38.581027
-122.577431,45.388527
-122.57741331995688,45.32048106171932
-122.57737,45.433214
-122.577366,38.588942
-122.577309,47.523312
-122.57730603159628,41.660681962768265
-122.57729,37.866994
-122.577289,38.588761
-122.577282,38.16456
-122.577271,37.867001
-122.57727,45.389791
-122.577233,45.655766
-122.577217,45.424484
-122.577175,37.910673
-122.577165,38.387821
-122.577125,40.648004
-122.577118,45.53282100000001
-122.577087,45.147528
-122.577049,47.108776
-122.577042,45.663334000000006
-122.577029,45.526411
-122.577023,37.909984
-122.577019,38.164543
-122.577011,37.909981
-122.577006,45.147978
-122.576953,45.423826
-122.57695,37.986575
-122.576915,41.923828
-122.576913,45.390744
-122.57689833582606,45.66378235795181
-122.576897,45.562672
-122.576824,37.862788
-122.576815,45.319644
-122.57678500000002,38.253174
-122.576695,41.922813
-122.5766408437606,38.8199222086009
-122.576637,38.163269
-122.576583,39.018093
-122.576581,47.305262
-122.576538,48.847748
-122.57651209772789,45.422104596875066
-122.576512,45.422104
-122.576483,38.163898
-122.57648,45.609209
-122.576469,48.848309
-122.576458,38.434692
-122.576398,47.305402
-122.576373,45.497417
-122.576352,38.583621
-122.576348,37.86653
-122.576319,45.392302
-122.57631299999998,45.421799
-122.57629752100668,41.92293763140713
-122.576297,41.922937
-122.576283,45.392393
-122.576246,45.422066
-122.576196,37.86325
-122.576187,47.305161
-122.57618,37.908699
-122.576174,45.66229600000001
-122.57616000000002,41.922711
-122.576159,41.837755
-122.576158,47.304773
-122.576134,45.421777
-122.576126,45.518383
-122.576096,38.819297
-122.576064,37.908547
-122.576027,45.677731
-122.576008,45.318679
-122.575974,38.519478
-122.575965,41.806352
-122.575963,45.497407
-122.575934,45.393314
-122.575934,45.562679
-122.575919,38.027995
-122.575906,43.809355
-122.575888,40.482224
-122.575794,48.847017
-122.57576108,38.16258788
-122.575729,40.64687
-122.575729,47.304291
-122.575675,45.393943
-122.575633,45.532305
-122.575632333171,45.53231120087847
-122.57563233,45.5323112
-122.57563,46.370152
-122.575603,45.419931
-122.57557,37.999573
-122.575555,45.393525
-122.575528,47.109035
-122.575408,45.331474
-122.575378,45.394001
-122.575324,45.421736
-122.575316,38.162997
-122.575312,37.863409
-122.57528901041708,45.4187357423524
-122.575271,45.394281
-122.57527,45.331407
-122.575244,38.003564
-122.57520318,45.33189654
-122.57520317972862,45.331896543286646
-122.575179,38.163126
-122.575178,45.4204
-122.575115,45.25706
-122.57511,45.420121
-122.575104,38.163071
-122.575076,37.862537
-122.575058,45.331882
-122.57505,45.332024
-122.575043,38.163013
-122.57501,45.317489
-122.575004,38.000308
-122.574989,38.000332
-122.574989,45.49737800000001
-122.574957,47.109375
-122.574949,40.611194
-122.574928,45.484909
-122.574917,38.408031
-122.574893,37.865116
-122.574871,45.41990300000001
-122.574863,45.661432
-122.5748383993026,45.33239006974538
-122.574838,45.33239
-122.574795,38.38827
-122.574792,38.16346400000001
-122.574783,38.163429
-122.574768,45.420616
-122.574721,38.384207
-122.574688,37.907028
-122.574565,48.845418
-122.574539,37.864763
-122.574483,37.864706
-122.574403,37.864626
-122.574392,45.397064
-122.57438700000002,47.176849
-122.574369,45.417939
-122.574352,45.31668300000001
-122.574348,45.316662
-122.574332,44.147541
-122.574328,47.109375
-122.574324,48.845481
-122.574318,47.168411
-122.574299,40.645649
-122.574291,38.103596
-122.574287,45.316601
-122.574248,45.421437
-122.574244,45.419781
-122.574228,38.254361
-122.574219,45.396965
-122.57417,37.86437100000001
-122.574137,45.415489
-122.574096,45.417608
-122.574093,38.103872
-122.574091,45.416195
-122.574071,45.421378
-122.574066,45.397852
-122.57406592,41.85519576
-122.574059,45.497398
-122.574046,39.023437
-122.574028,47.192379
-122.574005,45.416245
-122.573997,38.162247
-122.573974,45.25879000000001
-122.573964,41.855452
-122.573959,45.562679
-122.573933,45.414874
-122.573921,45.39769
-122.573901,45.41545
-122.573898,45.33858
-122.57388799999998,45.397761
-122.573883,38.22546
-122.57387,45.259069
-122.573863,38.225497
-122.573856,40.645268
-122.57379,45.41858
-122.573755,45.259063
-122.57371100000002,45.414861
-122.573693,38.743006
-122.573671,45.414118
-122.573669,45.419563
-122.573648,45.398343
-122.573647,37.863663
-122.573618,48.845175
-122.573593,45.455029
-122.573498,45.41362
-122.57346499999998,41.919767
-122.573462,38.161882
-122.573452,41.660156
-122.573413,43.28782800000001
-122.573406,45.41987
-122.57332,45.454716
-122.57329344691004,38.16151499730033
-122.573293,38.161514
-122.57328400000002,45.453913
-122.573283,45.413664
-122.57327199,45.41367173
-122.57327198923792,45.41367173173229
-122.573258,45.33683900000001
-122.573249,37.905796
-122.573218,45.407444
-122.573199,45.562765
-122.57317,45.456769
-122.5731432432052,45.45283198334954
-122.573143,45.452831
-122.573132,38.4333
-122.573096,47.505253
-122.573032,45.457364
-122.573021,45.412275
-122.573017,45.400401
-122.573003,45.41976500000001
-122.572997,45.420581
-122.572995,38.388054
-122.572944,45.420448
-122.572928,45.420647
-122.572899,38.809151
-122.572896,45.400706
-122.572876,47.802889
-122.572869,38.809119
-122.57286429346765,38.8092148302135
-122.572864,38.809214
-122.572823,38.16119000000001
-122.572787,45.451393
-122.572785,45.562652
-122.57277846277916,45.56265234925478
-122.572754,45.451313
-122.572746,38.16151
-122.572746,38.433141
-122.572712,38.162471
-122.572699,45.420139
-122.572693,47.505219
-122.57269263209068,45.45620083787224
-122.572692,45.45620200000001
-122.572686,45.453829
-122.572678,47.301136
-122.572658,38.406466
-122.572647,38.161419
-122.572632,45.420219
-122.572632,45.453335
-122.57262825907436,47.30078816391325
-122.572617,38.586559
-122.572611,45.456855
-122.57258600000002,45.450802
-122.572525,44.146678
-122.572492,45.452669
-122.572484,45.411416
-122.57247805536949,45.41141867615981
-122.572478,45.411418
-122.572449,45.450425
-122.572449,45.457607
-122.572423,45.410616
-122.572397,41.916946
-122.572397,45.401911
-122.572392224681,41.91695094088594
-122.572392224681,45.40191292741106
-122.57239222,45.40191293
-122.572392,45.401912
-122.572389,48.842933
-122.572372,38.161072
-122.572342,45.497398
-122.572322,44.146589
-122.57232,38.224639
-122.57228,45.407443
-122.572276,45.42122
-122.57226347864832,45.40744900681778
-122.572243,45.562679
-122.57222056330409,45.42066693284311
-122.57221,45.401841
-122.572206,45.658576
-122.572189,41.809669
-122.572189,45.531508
-122.572179,38.160714
-122.57216499999998,41.916531
-122.572144,45.555099
-122.57211327494348,38.160914182480994
-122.572105,45.456017
-122.5721,45.420836
-122.57209,45.657471
-122.57208500000002,45.451384
-122.572083,45.407538
-122.572067,45.410242
-122.572067,45.659481
-122.572044,45.460185
-122.572028,45.409516
-122.572027444255,45.46019196488638
-122.571937,44.781555
-122.571899,38.160526
-122.571861,37.97942000000001
-122.571838,38.160683
-122.571817,45.450612
-122.57181287,45.40869355
-122.5718128675338,45.40869355180068
-122.5718128675338,45.45062184312128
-122.571812,45.45062100000001
-122.571808,38.16066
-122.571802,45.45959600000001
-122.5718,38.160656
-122.571793,41.856712
-122.57179,38.16043300000001
-122.571783,39.017737
-122.571779,41.855139
-122.571777,38.160641
-122.571741,45.408692
-122.57172703684532,45.40869355180068
-122.571727,45.408693
-122.571716,39.017712
-122.571709,40.501215
-122.571698,45.313407
-122.571678,45.421933
-122.57166266382896,45.42193293549813
-122.571652,38.160552
-122.571619,37.999077
-122.571585,41.855158
-122.57158,38.125289
-122.571545,41.854945
-122.571544,41.856373
-122.571541,45.408516
-122.571518,48.462978
-122.571487,45.407017
-122.571472,45.419006
-122.571407,45.407435
-122.571401,45.407394
-122.571379,45.407241
-122.571321,45.404247
-122.57131934107508,45.40425181367204
-122.571319,45.404251
-122.571299,45.562784
-122.571283,45.562666
-122.571281,45.526379
-122.571257,47.803472
-122.571243,45.404621
-122.571157,48.840989
-122.571155,38.820244
-122.57110476435386,41.85500264147827
-122.571091,45.480572
-122.571057,40.64297
-122.571028,38.432416
-122.570999,37.864079
-122.5709974759933,45.65665841080829
-122.570976,48.462633
-122.570948,45.656683
-122.570946,45.497348
-122.570923,40.509669
-122.570909,38.432367
-122.570902,41.84956500000001
-122.570872,47.110706
-122.570859,38.124422
-122.570853,45.461404
-122.570849,45.422318
-122.570832,45.531323
-122.570831,45.541882
-122.57082581461634,45.53132414796098
-122.57082581,45.53132415
-122.570825,45.531324
-122.57081399999998,47.71397
-122.570793,44.40515900000001
-122.570788,45.312175
-122.570737,47.110571
-122.570729,45.269176
-122.57071299999998,47.803668
-122.570686,47.803741
-122.570675,38.585319
-122.570655,45.462363
-122.570588,39.01731
-122.57052540720667,45.40779232957168
-122.57045,38.229229
-122.57043958,45.6569159
-122.5704395765182,45.656915902873706
-122.570412,37.983231
-122.57038,45.407425
-122.570374,37.983227
-122.570282,45.531471
-122.570237,45.657082
-122.570171,45.562741
-122.57016000000002,45.562738
-122.570129,38.158913
-122.570093,45.271224
-122.57007479609214,45.41864991166392
-122.570056,45.407412
-122.569946,38.781703
-122.569901,45.540821
-122.569896,38.097792
-122.569866,45.310942
-122.56986021937098,41.8521058557422
-122.569838,45.657138
-122.569824,38.027265
-122.56981730402674,45.6571304795949
-122.5698173,45.65713048
-122.56973,41.859618
-122.569716,45.531498
-122.56971002,45.53149581
-122.56971001566616,45.53149580933794
-122.569705,45.657195
-122.569679,45.504475
-122.569642,37.903896
-122.569611,45.479221
-122.569585,45.562556
-122.569567,45.407513
-122.569546,45.423862
-122.569511,45.656151
-122.56949543894495,41.8514192102344
-122.569495,41.851419
-122.569473,45.6539
-122.569427,41.859752
-122.56940960825648,41.85974478701658
-122.569409,41.859744
-122.569382,45.657787
-122.569379,45.42466500000001
-122.569374,45.463337
-122.56937,45.441551
-122.569279,38.156749
-122.569244,38.09593
-122.569204,38.1058
-122.569204,38.253523
-122.569162,37.998485
-122.569092,45.51004
-122.56906628550256,40.27505278568137
-122.56906200000002,45.442608
-122.569059,38.571102
-122.569016,42.715616
-122.569008,45.42449600000001
-122.5690019124862,45.4244863984803
-122.568993,38.087101
-122.568972,37.969054
-122.568959,47.111764
-122.568947,45.442308
-122.568945,38.027009
-122.568939,47.74057
-122.568926,45.531846
-122.568916,45.30958
-122.568871,45.407452
-122.568849,45.407394
-122.568848,45.407507
-122.568817,38.783989
-122.568817,42.134194
-122.56880879343714,42.13418841341908
-122.568785,38.783975
-122.56876,45.653898
-122.568748,38.107808
-122.568649,45.464661
-122.56864,45.309215
-122.568633,45.464117
-122.56862,45.464681
-122.56861,45.276245
-122.568588,45.410077
-122.568587,45.441276
-122.568558,45.49004
-122.568543,45.309248
-122.568539,45.562376
-122.568521,41.65892
-122.568491,45.425736
-122.56849,45.497343
-122.56848692835536,45.49733519532443
-122.56842,45.957592
-122.568413,38.786362
-122.568405,45.305099
-122.568402,45.562343
-122.568398,45.9576
-122.568381,45.440714
-122.56837963999476,45.44070839860228
-122.568364,45.425259
-122.568323,45.308942
-122.56832,37.901225
-122.56831499999998,47.505318
-122.568283,47.505291
-122.568276,45.531691
-122.568251,45.555396
-122.568229,45.654117
-122.568192,45.42543
-122.568184,38.785624
-122.56817,38.155574
-122.568143,41.659311
-122.568122,45.426163
-122.568108,48.8339
-122.568097,44.144717
-122.56807923258512,44.144707917956616
-122.568067,38.739069
-122.568064,45.425618
-122.568027,45.464738
-122.567967,38.22226
-122.567943,47.112142
-122.56788799999998,38.026864
-122.567736,45.436992
-122.56771445215908,45.436996221325685
-122.56758899999998,45.43834
-122.567573,46.515521
-122.567535,44.40456
-122.567489,38.016574
-122.567482,37.981449
-122.56742,45.280097
-122.567373,38.430899
-122.567321,45.433338
-122.56731200000002,38.153066
-122.567306,45.555392
-122.567264,45.55708
-122.567253,45.416196
-122.567238,38.570091
-122.567238,45.435478
-122.567234,43.806365
-122.567231,45.280682
-122.567182,45.437216
-122.567131,45.490009
-122.567129,38.11582
-122.567087,38.430777
-122.567077,47.505336
-122.5670707219955,45.55758833863469
-122.56707072,45.55758834
-122.5670492643234,45.55758833863469
-122.567043,38.789126
-122.566981,45.561939
-122.566971,38.090771
-122.566952,38.789107
-122.566945,38.151139
-122.566919,45.554275
-122.56691399999998,38.860282
-122.566886,38.79432
-122.566872,38.150921
-122.56686,45.53205300000001
-122.56682,45.478567
-122.566803,45.607151
-122.566793,41.86127000000001
-122.56679177225796,41.86126828173703
-122.566791,41.861268
-122.56675,45.432186
-122.566742,45.55539
-122.566733,37.88959000000001
-122.566691,38.805711
-122.566689,45.436588
-122.566657,45.556826
-122.56665,38.794605
-122.566631,45.427368
-122.566607,45.497426
-122.566605,38.150978
-122.566581,38.793631
-122.566556,45.553649
-122.566544,45.65097
-122.56649,45.607088
-122.566489,45.532012
-122.566484,45.433339
-122.56646,45.43322
-122.566457,45.557393
-122.566451,45.554422
-122.56644844950404,45.55441260316108
-122.566448,45.554412
-122.566441,45.433222
-122.56643400000002,45.557444
-122.566388,37.980792
-122.5663840764877,45.65067172028707
-122.566323,37.945746
-122.566321,41.90097100000001
-122.566303,45.486605
-122.566277,45.49752
-122.56626,45.283914
-122.566235,45.484516
-122.566234,45.647948
-122.56623387278286,39.86845135669771
-122.566195,45.429158
-122.56618799999998,45.553163
-122.566168,38.149747
-122.566162,45.483133
-122.566125,45.558018
-122.566122,45.48262
-122.566109,45.47607
-122.566103,45.489938
-122.566094,45.48998
-122.566093,45.530239
-122.566063,41.900248
-122.566063,45.52776
-122.566032,45.527032
-122.566032,45.561719
-122.566006,45.479648
-122.566,45.467312
-122.565996,45.468362
-122.565994,45.468346
-122.565994,45.838303
-122.565991,45.479084
-122.565988,45.43372700000001
-122.565984,41.90100200000001
-122.565982,38.79197
-122.565982,45.491033
-122.565979,45.479073
-122.56597638071744,45.52765488602864
-122.565976,45.527654
-122.565967,45.478337
-122.565965,38.398368
-122.565934,45.477215
-122.565931,45.491532
-122.565918,45.527988
-122.56591,45.433449
-122.565904,45.484511
-122.565903,45.305599
-122.565881,45.407488
-122.56586909235683,46.54303193070152
-122.56586,47.11358900000001
-122.565858,45.489034
-122.565857,38.12347000000001
-122.565853,45.532415
-122.565849,45.478588
-122.56584763468472,45.52984356858477
-122.565846,45.43325
-122.56583899999998,41.900612
-122.565838,38.121316
-122.565834,45.532274
-122.565829,38.121255
-122.565827,45.553378
-122.5658261770126,45.53226828553423
-122.565826,45.532268
-122.565819,38.118671
-122.56580472,45.48261523
-122.56580471934048,45.48261523225079
-122.565801,37.953007
-122.56579,45.492843
-122.56578326166836,37.89282202702573
-122.56578326166836,38.79267096500972
-122.565783,38.79267
-122.565783,38.79267700000001
-122.565782,45.55847
-122.565773,45.482288
-122.565773,45.489853
-122.56577,44.778005
-122.56576180399624,45.4739677903868
-122.5657618,45.47396779
-122.565758,38.120743
-122.565758,38.12075
-122.56575,45.501019
-122.56574035,45.49321532
-122.56574034632412,45.49321532227757
-122.565724,37.952968
-122.56572,37.95295
-122.565707,45.55266500000001
-122.565704,45.475548
-122.565697,45.432832
-122.565689,45.510399
-122.565689,45.510422
-122.565687,45.510946
-122.56567597330776,45.51040291764493
-122.565674,38.792702
-122.565674,45.429062
-122.565635,45.47009
-122.565635,45.514496
-122.56563306,45.51450133
-122.56563305796352,45.51450133301966
-122.56563305796352,45.561429261944
-122.565631,45.471343
-122.565628,45.479252
-122.565624,45.559399
-122.565621,38.126317
-122.565615,45.516061
-122.56561299999998,38.22105
-122.56561299999998,45.478982
-122.565609,45.28602
-122.565605,45.52578
-122.565605,45.525871
-122.565599,38.221067
-122.565598,45.518391
-122.56559014261929,38.22106003743066
-122.565589,45.518325
-122.565583,38.792564
-122.565582,45.478207
-122.56558,45.519039
-122.565578,45.519107
-122.565573,45.478224
-122.565572,45.496636
-122.565567,44.777879
-122.565567,45.520155
-122.56556299999998,45.521235
-122.565562,45.429408
-122.565559,45.478168
-122.565558,45.49758
-122.565548,45.468351
-122.56554722727503,37.8663861749751
-122.56554722727503,45.52123904206504
-122.565547,37.866386
-122.565541,45.52205900000001
-122.565541,45.522683
-122.565539,45.508116
-122.565539,45.56155
-122.565536,38.119537
-122.565533,45.499152
-122.56552576960291,45.49915909745455
-122.565525,45.49915900000001
-122.565519,45.429549
-122.565515,45.47722
-122.565515,45.524029
-122.565496,45.286385
-122.565491,45.525288
-122.565485,45.526328
-122.565483,45.502254
-122.565483,45.526161
-122.5654828542587,45.49729227998019
-122.565475,45.502121
-122.565474,45.468575
-122.565472,47.113596
-122.56547,45.527248
-122.565467,45.5043
-122.565465,45.504384
-122.565463,45.50448
-122.5654614,45.52724719
-122.56546139658656,45.52724719025837
-122.565445,38.120693
-122.56543700000002,38.120957
-122.565436,45.43001
-122.56543,38.120583
-122.565422,38.120529
-122.565407,45.430737
-122.565407,45.431537
-122.565407,47.14867
-122.565389,40.484429
-122.56537556589814,40.484415292546814
-122.565371,45.49377
-122.565361,38.386742
-122.565358,45.510324
-122.565354108226,38.12053084355297
-122.565354108226,45.493773221752654
-122.565354,45.493773
-122.565353,45.511536
-122.565346,45.512212
-122.56533799999998,45.51059
-122.565334,45.473905
-122.565328,45.430481
-122.565326,45.513654
-122.565319,45.514083
-122.565318,43.290821
-122.565317,45.514466
-122.56531499999998,45.473572
-122.56531499999998,45.513783
-122.565313,45.286989
-122.565312,45.658985
-122.56531119288178,45.5136430261349
-122.56531119288178,45.51366448380702
-122.565304,45.515398
-122.56528973520965,38.38673472386176
-122.565289,38.386734
-122.56527,45.508698
-122.565269,45.517696
-122.565269,45.531681
-122.565262,45.518325
-122.565258,38.117667
-122.565256,45.49659000000001
-122.565254,45.519447
-122.565251,45.659157
-122.5652468198654,45.6591475007741
-122.565246,45.497285
-122.565246,45.519137
-122.565245,45.49740900000001
-122.565231,45.508222
-122.565229,45.432001
-122.565229,45.520262
-122.56522536219327,45.50821423508879
-122.56522536,45.50821424
-122.565225,45.519136
-122.565218,45.52121
-122.565215,45.49959000000001
-122.565207,45.522082
-122.565203,45.522683
-122.565185,45.523598
-122.56518245,45.52359939
-122.56518244684904,45.52359938599813
-122.565178,38.429989
-122.565161,45.503231
-122.56516099,45.50323606
-122.56516098917692,45.55911183335514
-122.56516,45.503236
-122.56516,45.524135
-122.565156,45.526322
-122.565155,45.525848
-122.565145,45.504474
-122.565141,45.527344
-122.56514,45.50375
-122.565137,45.50499600000001
-122.56512,38.1275
-122.56512,45.53138
-122.565105,37.980006
-122.565077,45.287844
-122.565067,45.304176
-122.56504,45.276235
-122.565019,41.9011
-122.565018,38.117077
-122.565018,45.476589
-122.565015,45.531978
-122.565013,38.864328
-122.565008,38.127525
-122.565002,38.11924000000001
-122.565,45.304053
-122.564998,45.532647
-122.564994,38.119249
-122.56498932779996,41.89768195132304
-122.564979,38.128313
-122.564925,38.117562
-122.564903,45.532555
-122.56488204,45.4302156
-122.56488203943935,45.43021559693608
-122.564876,45.433262
-122.564872,45.53271
-122.56483500000002,45.532892
-122.564807,38.141928
-122.564807,45.531284
-122.564804,47.291538
-122.564803,45.53305
-122.564796,45.531358
-122.564789,45.505939
-122.56478,45.288617
-122.564777,45.478005
-122.56477475107876,45.47877430894146
-122.564774,45.551904
-122.564759,37.979725
-122.564759,45.144633
-122.564753,45.522181
-122.564743,45.497326
-122.564738,45.522679
-122.564737,45.53172
-122.56473184,45.53173184
-122.56473183573452,45.53173184373125
-122.564731,45.531731
-122.564723,38.816324
-122.564712,45.498912
-122.564699,38.129755
-122.56467,45.519037
-122.564668,41.89781
-122.56466746271818,45.5278265474056
-122.564664,38.113906
-122.56466,45.533691
-122.564656,45.524964
-122.564651,45.525311
-122.56464601,45.53368449
-122.56464600504606,38.11390042286817
-122.56464600504606,45.53368449189409
-122.564646,38.1139
-122.564646,45.560172
-122.564635,38.113715
-122.564605,38.128581
-122.564597,45.497152
-122.5645816320297,45.55958390214176
-122.564581,45.559583
-122.564571,45.28933
-122.564552,45.532719
-122.564551,45.532712
-122.564544,45.534151
-122.564513,45.5329
-122.564493,45.504469
-122.564474,45.533085
-122.564472,43.291361
-122.564464,45.645537
-122.564453,38.144531
-122.564445,38.114143
-122.564429,38.112465
-122.564402,38.141642
-122.564383,45.533472
-122.564352,45.290473
-122.564339,38.114689
-122.564334,45.533665
-122.564331,38.113449
-122.564331,38.113682
-122.564326,41.86617800000001
-122.56432413996428,38.11748385411207
-122.56432413996428,45.52630305268514
-122.564318,38.113756
-122.56430268229217,38.11375021916335
-122.564291,45.535269
-122.564277,45.533197
-122.564274,37.978852
-122.564255,38.129428
-122.564247,48.833973
-122.564241,45.290871
-122.564235,45.290446
-122.564201,38.141117
-122.564197,45.534205
-122.56418899999998,38.429542
-122.564176,48.83391
-122.564171,37.978802
-122.564166,45.503103
-122.564163,38.138195
-122.564163,38.429562
-122.564159,41.705714
-122.564154,45.29127800000001
-122.56414,38.140469
-122.564138,38.140894
-122.564133,45.530651
-122.564093,41.70192
-122.564074,42.415483
-122.564073,38.139864
-122.564067,41.896597
-122.564059,45.291775
-122.564048,47.291458
-122.564022,45.551832
-122.563999,44.401736
-122.563994,45.503346
-122.563993,38.136099
-122.56397,38.114462
-122.56397,45.560861
-122.56395935953825,45.530143975994434
-122.563957,38.1114
-122.563957,47.177338
-122.56395,45.555359
-122.563948,41.896362
-122.563948,45.536596
-122.563942,38.137962
-122.563934,45.535245
-122.563894,38.113462
-122.563866,45.642237
-122.56386,37.953191
-122.563858,47.148529
-122.56385,41.896173
-122.563824,45.302007
-122.563812,45.551239
-122.56380916,45.55123687
-122.5638091558334,45.55123686768746
-122.563807,45.560803
-122.563805,38.109119
-122.56379,45.301762
-122.56374,45.293137
-122.563726,38.130926
-122.56372,38.110155
-122.56368799999998,45.301762
-122.563679,47.291006
-122.563664,44.142681
-122.563657,45.560915
-122.563652,38.108521
-122.563642,38.132073
-122.563639,38.566432
-122.563637,38.13384
-122.563632,38.133749
-122.563629,38.108463
-122.56361603678434,45.56084990479678
-122.563616,45.560849
-122.563606,38.10839
-122.563603,45.533606
-122.563599,38.566471
-122.563597,38.566513
-122.56359457911222,38.10838580113359
-122.563577,45.293911
-122.563568,45.293991
-122.563556,38.109485
-122.563486,47.114983
-122.56348,38.108015
-122.563479,38.025782
-122.563438,38.10785300000001
-122.563376,38.108819
-122.56337,37.910179
-122.563354,38.10854000000001
-122.563337,43.80405800000001
-122.563293,45.5509
-122.563263,38.106468
-122.563227,38.823866
-122.563222,38.791607
-122.563206,38.108214
-122.56318688334196,38.10821413975664
-122.56318688,38.10821414
-122.563178,45.295992
-122.563176,45.533891
-122.563173,45.300842
-122.563131,45.560674
-122.563106,45.641989
-122.563103,45.560116
-122.563077,45.533959
-122.563049,45.560739
-122.563018,45.533849
-122.562919,45.53392
-122.562898,38.116893
-122.56288647593227,38.105059861955134
-122.562881,45.496776
-122.562834,45.533982
-122.562825,45.540729
-122.56282210291592,45.54072260834914
-122.5628221,45.54072261
-122.56282,37.899799
-122.56278,45.56154
-122.562771,45.299602
-122.56275772989956,45.5615365503046
-122.562622,45.640892
-122.562535,37.943283
-122.562482,45.561742
-122.562466,45.550281
-122.562374,38.10499
-122.56237,45.638634
-122.562368,38.133358
-122.562358,41.893005
-122.562344,45.407576
-122.562333,45.542091
-122.562329,45.660201
-122.56232858,47.11567283
-122.5623285764572,47.1156728265423
-122.562325,38.105255
-122.562302,45.519039
-122.562286,44.776304
-122.562271,38.103958
-122.562213,45.542405
-122.562157,38.140919
-122.562132,38.140879
-122.562104,45.550483
-122.56209254206388,45.55048584916329
-122.562087,38.105091
-122.56203700000002,38.104949
-122.562035,38.104874
-122.561996,45.52631
-122.56197,45.526296
-122.5619637960312,45.66032767274065
-122.561924,38.099526
-122.561866,38.096767
-122.561863,45.638747
-122.561861,45.561635
-122.561858,38.3646
-122.56185650767056,45.6387412545889
-122.561825,38.096572
-122.561806,38.085274
-122.561806,38.096424
-122.561804,45.562415
-122.56179213465424,38.102549314317216
-122.561792,38.09643300000001
-122.561792,38.102549
-122.561783,38.102348
-122.56177067698212,45.63719630219632
-122.56175,47.115727
-122.561729,45.542302
-122.561722,45.496026
-122.56172,38.096145
-122.56170630396576,38.09613347035362
-122.56170630396576,45.54231047608594
-122.5617063,38.09613347
-122.5617063,45.54231048
-122.561706,38.096133
-122.561691,38.366729
-122.561659,38.097442
-122.561653,38.56589500000001
-122.561559,43.802118
-122.561539,38.102718
-122.5615346425888,43.80211472490405
-122.561534,43.802114
-122.561524,40.538058
-122.56149173,45.6060183
-122.56149172724456,45.60601830460736
-122.561473,38.42843
-122.561468,38.10252
-122.561462,38.10165
-122.561444,38.10178300000001
-122.561427,45.559862
-122.561421,45.559659
-122.561415,38.104184
-122.561401,47.70982
-122.561394,45.60598
-122.561371,38.095951
-122.561366,38.095131
-122.561363,38.103352
-122.561343,45.562525
-122.561331,47.28759
-122.56132007,38.09600472
-122.561258,47.116272
-122.561248,45.414846
-122.561241,47.198959
-122.561222,47.116094
-122.561198,40.634437
-122.561159,45.559611
-122.561153,47.116053
-122.561091,45.548313
-122.561065,38.385595
-122.561058,45.635296
-122.56104,38.565754
-122.561005,45.548687
-122.560997,38.09367
-122.560957,41.911887
-122.560864,45.635021
-122.56086299999998,38.828613
-122.56086,40.634849
-122.56083999999998,47.116229
-122.560783,45.65226
-122.560783,47.279839
-122.560751,38.104309
-122.56073899999998,45.526289
-122.560729,47.282754
-122.560675,47.285156
-122.560674,45.547829
-122.560631,40.63417800000001
-122.560593,44.141275
-122.560577,47.279308
-122.560577,47.279442
-122.56057,45.5467
-122.560569,45.547186
-122.560562,45.547195
-122.560542,47.279848
-122.560524,47.279442
-122.560511,47.286338
-122.560467,40.634114
-122.56046175898284,40.63410401324924
-122.56041100000002,47.28343
-122.560396,37.946482
-122.560387,38.093456
-122.560383,38.250532
-122.560379,37.896851
-122.560371,38.250542
-122.560323,45.559347
-122.560257,45.548023
-122.560214,45.547869
-122.5602042669174,45.54786801316478
-122.560199,48.46002100000001
-122.560154,41.538201
-122.56013,45.547396
-122.560123,45.538013
-122.560113,45.661086
-122.560099,37.946406
-122.56009,45.407711
-122.560089,45.632172
-122.56008,45.631883
-122.560074,38.026792
-122.560015,45.547426
-122.56001,45.539036
-122.560003,45.563509
-122.560002,38.11664
-122.559989,45.56351
-122.559973,38.81489000000001
-122.559971,45.539482
-122.559933,45.629554
-122.55988240183564,45.53904890992384
-122.55988,45.53905
-122.55987,41.876866
-122.559868,45.55933
-122.559835,45.541063
-122.559758,47.275216
-122.55975365580292,47.27521061874735
