City,start_month,Total Accidents
Aaronsburg,2,1
Aaronsburg,4,1
Aaronsburg,6,7
Aaronsburg,9,3
Abbeville,1,20
Abbeville,2,21
Abbeville,3,16
Abbeville,4,16
Abbeville,5,14
Abbeville,6,18
Abbeville,7,19
Abbeville,8,15
Abbeville,9,23
Abbeville,10,8
Abbeville,11,17
Abbeville,12,17
Abbotsford,2,1
Abbotsford,3,1
Abbotsford,6,1
Abbotsford,7,1
Abbotsford,11,1
Abbott,4,2
Abbottstown,1,7
Abbottstown,2,8
Abbottstown,3,2
Abbottstown,4,6
Abbottstown,5,5
Abbottstown,6,3
Abbottstown,7,2
Abbottstown,8,6
Abbottstown,9,3
Abbottstown,10,1
Abbottstown,11,1
Abbottstown,12,2
Aberdeen,1,61
Aberdeen,2,50
Aberdeen,3,23
Aberdeen,4,42
Aberdeen,5,47
Aberdeen,6,42
Aberdeen,7,45
Aberdeen,8,59
Aberdeen,9,31
Aberdeen,10,47
Aberdeen,11,45
Aberdeen,12,66
Abernathy,2,1
Abilene,1,3
Abilene,2,6
Abilene,3,3
Abilene,4,1
Abilene,6,1
Abilene,8,1
Abilene,9,7
Abilene,11,1
Abilene,12,5
Abingdon,1,77
Abingdon,2,50
Abingdon,3,30
Abingdon,4,39
Abingdon,5,61
Abingdon,6,58
Abingdon,7,68
Abingdon,8,56
Abingdon,9,43
Abingdon,10,28
Abingdon,11,51
Abingdon,12,39
Abington,1,63
Abington,2,55
Abington,3,76
Abington,4,67
Abington,5,36
Abington,6,76
Abington,7,58
Abington,8,49
Abington,9,30
Abington,10,41
Abington,11,55
Abington,12,92
Abrams,7,1
Abrams,11,2
Absarokee,1,1
Absarokee,2,2
Absarokee,7,2
Absarokee,8,2
Absarokee,9,2
Absarokee,10,2
Absarokee,11,2
Absecon,1,10
Absecon,2,10
Absecon,3,3
Absecon,4,3
Absecon,5,2
Absecon,6,2
Absecon,7,13
Absecon,8,11
Absecon,9,10
Absecon,10,11
Absecon,11,10
Absecon,12,3
Acampo,1,63
Acampo,2,45
Acampo,3,35
Acampo,4,25
Acampo,5,34
Acampo,6,35
Acampo,7,30
Acampo,8,34
Acampo,9,23
Acampo,10,29
Acampo,11,28
Acampo,12,43
Accident,1,1
Accident,2,2
Accident,4,4
Accident,6,6
Accident,8,6
Accident,9,4
Accident,10,7
Accident,11,2
Accident,12,5
Accokeek,1,23
Accokeek,2,9
Accokeek,3,5
Accokeek,4,6
Accokeek,5,12
Accokeek,6,4
Accokeek,7,16
Accokeek,8,12
Accokeek,9,5
Accokeek,10,6
Accokeek,11,11
Accokeek,12,13
Accomac,1,4
Accomac,2,4
Accomac,4,2
Accomac,6,3
Accomac,7,2
Accomac,8,1
Accomac,9,1
Accomac,10,1
Accomac,11,1
Accomac,12,2
Accord,5,1
Accord,9,2
Ackley,10,1
Acme,2,1
Acme,3,7
Acme,4,3
Acme,6,4
Acme,7,4
Acme,8,2
Acme,9,9
Acme,11,1
Acme,12,1
Acoma,1,2
Acoma,2,1
Acoma,4,1
Acoma,12,3
Acosta,10,2
Acra,6,3
Acra,7,1
Acton,1,124
Acton,2,155
Acton,3,83
Acton,4,78
Acton,5,50
Acton,6,83
Acton,7,59
Acton,8,69
Acton,9,69
Acton,10,47
Acton,11,53
Acton,12,89
Acushnet,5,1
Acworth,1,29
Acworth,2,32
Acworth,3,19
Acworth,4,12
Acworth,5,17
Acworth,6,12
Acworth,7,15
Acworth,8,6
Acworth,9,7
Acworth,10,18
Acworth,11,37
Acworth,12,25
Ada,1,11
Ada,2,5
Ada,3,4
Ada,4,6
Ada,5,4
Ada,6,3
Ada,7,9
Ada,8,15
Ada,9,12
Ada,10,6
Ada,11,7
Ada,12,8
Adah,5,2
Adah,10,3
Adair,1,15
Adair,2,6
Adair,3,4
Adair,4,3
Adair,5,3
Adair,6,2
Adair,8,2
Adair,9,1
Adair,10,1
Adair,11,8
Adair,12,4
Adair Village,1,1
Adairsville,1,6
Adairsville,2,15
Adairsville,3,21
Adairsville,5,5
Adairsville,6,2
Adairsville,7,9
Adairsville,8,2
Adairsville,9,7
Adairsville,10,1
Adairsville,11,13
Adairsville,12,14
Adams,1,27
Adams,2,18
Adams,3,5
Adams,4,2
Adams,5,1
Adams,6,4
Adams,7,4
Adams,8,6
Adams,9,3
Adams,10,7
Adams,11,3
Adams,12,10
Adams Center,5,2
Adams Center,6,3
Adams Run,2,2
Adams Run,4,1
Adams Run,5,1
Adams Run,7,1
Adams Run,9,2
Adamsburg,3,4
Adamsburg,6,3
Adamstown,1,4
Adamstown,2,3
Adamstown,5,13
Adamstown,7,1
Adamstown,8,5
Adamstown,10,3
Adamstown,11,3
Adamsville,4,1
Adamsville,5,2
Adamsville,6,1
Adamsville,9,2
Adamsville,12,1
Addis,1,1
Addis,3,2
Addis,5,1
Addis,7,1
Addis,10,4
Addison,1,79
Addison,2,91
Addison,3,45
Addison,4,48
Addison,5,65
Addison,6,68
Addison,7,53
Addison,8,77
Addison,9,61
Addison,10,29
Addison,11,32
Addison,12,36
Addy,7,2
Addy,11,1
Addyston,12,1
Adel,1,16
Adel,2,17
Adel,3,8
Adel,4,3
Adel,5,11
Adel,6,9
Adel,7,7
Adel,8,12
Adel,9,11
Adel,10,10
Adel,11,13
Adel,12,18
Adelanto,1,19
Adelanto,2,22
Adelanto,3,10
Adelanto,4,14
Adelanto,5,21
Adelanto,6,23
Adelanto,7,10
Adelanto,8,15
Adelanto,9,18
Adelanto,10,13
Adelanto,11,2
Adelanto,12,25
Adelphi,1,1
Adelphi,4,6
Adelphi,6,2
Adelphi,8,1
Adelphi,10,9
Adelphi,11,2
Adelphi,12,1
Adin,2,2
Adin,3,1
Adin,10,2
Adin,11,2
Adin,12,6
Adkins,2,1
Adrian,1,61
Adrian,2,28
Adrian,3,7
Adrian,4,16
Adrian,5,6
Adrian,6,14
Adrian,7,4
Adrian,8,2
Adrian,9,4
Adrian,10,8
Adrian,11,11
Adrian,12,29
Advance,1,36
Advance,2,7
Advance,3,3
Advance,4,10
Advance,5,9
Advance,6,2
Advance,7,7
Advance,8,11
Advance,9,1
Advance,10,1
Advance,11,11
Advance,12,10
Afton,1,16
Afton,2,19
Afton,3,11
Afton,4,10
Afton,5,10
Afton,6,18
Afton,7,12
Afton,8,20
Afton,9,30
Afton,10,49
Afton,11,31
Afton,12,36
Agate,1,1
Agate,2,2
Agate,4,4
Agate,5,6
Agate,9,2
Agate,11,6
Agate,12,2
Agawam,5,1
Agency,1,2
Agency,2,1
Agency,10,2
Agency,11,1
Agoura Hills,1,74
Agoura Hills,2,53
Agoura Hills,3,41
Agoura Hills,4,18
Agoura Hills,5,36
Agoura Hills,6,30
Agoura Hills,7,22
Agoura Hills,8,26
Agoura Hills,9,25
Agoura Hills,10,28
Agoura Hills,11,21
Agoura Hills,12,54
Aguila,1,2
Aguila,10,3
Aguilar,1,1
Aguilar,2,3
Aguilar,3,2
Aguilar,5,3
Aguilar,7,2
Aguilar,8,3
Aguilar,9,1
Aguilar,10,5
Aguilar,12,2
Ahoskie,1,1
Ahoskie,2,3
Ahoskie,3,4
Ahoskie,4,4
Ahoskie,7,4
Ahoskie,11,8
Ahoskie,12,6
Ahwahnee,1,9
Ahwahnee,2,5
Ahwahnee,3,6
Ahwahnee,4,1
Ahwahnee,5,3
Ahwahnee,6,1
Ahwahnee,7,4
Ahwahnee,8,10
Ahwahnee,9,4
Ahwahnee,10,3
Ahwahnee,11,4
Ahwahnee,12,9
Aiken,1,135
Aiken,2,98
Aiken,3,49
Aiken,4,66
Aiken,5,82
Aiken,6,91
Aiken,7,56
Aiken,8,89
Aiken,9,91
Aiken,10,56
Aiken,11,100
Aiken,12,130
Ailey,6,2
Ailey,7,1
Ailey,8,1
Ainsworth,1,2
Ainsworth,2,6
Ainsworth,5,2
Ainsworth,6,1
Ainsworth,10,2
Ainsworth,11,1
Airmont,2,1
Airmont,4,2
Airmont,8,1
Airmont,11,1
Airville,1,5
Airville,3,3
Airville,5,3
Airville,7,2
Airville,8,5
Airville,11,3
Airway Heights,1,1
Airway Heights,2,2
Airway Heights,4,1
Airway Heights,5,1
Airway Heights,8,2
Airway Heights,9,1
Airway Heights,10,1
Airway Heights,12,1
Aitkin,1,27
Aitkin,2,8
Aitkin,3,6
Aitkin,4,8
Aitkin,5,8
Aitkin,6,19
Aitkin,7,14
Aitkin,8,21
Aitkin,9,7
Aitkin,10,3
Aitkin,11,24
Aitkin,12,20
Ajo,1,12
Ajo,2,7
Ajo,3,14
Ajo,4,8
Ajo,5,12
Ajo,6,7
Ajo,7,6
Ajo,8,5
Ajo,9,10
Ajo,10,8
Ajo,11,8
Ajo,12,7
Akeley,1,18
Akeley,2,14
Akeley,3,2
Akeley,4,6
Akeley,5,5
Akeley,6,5
Akeley,7,3
Akeley,8,3
Akeley,9,4
Akeley,10,6
Akeley,11,3
Akeley,12,19
Akron,1,226
Akron,2,108
Akron,3,83
Akron,4,107
Akron,5,91
Akron,6,108
Akron,7,115
Akron,8,132
Akron,9,83
Akron,10,98
Akron,11,205
Akron,12,210
Alabaster,1,24
Alabaster,2,19
Alabaster,3,35
Alabaster,4,32
Alabaster,5,19
Alabaster,6,15
Alabaster,7,37
Alabaster,8,28
Alabaster,9,18
Alabaster,10,12
Alabaster,11,15
Alabaster,12,15
Alachua,1,20
Alachua,2,33
Alachua,3,30
Alachua,4,29
Alachua,5,17
Alachua,6,23
Alachua,7,42
Alachua,8,29
Alachua,9,24
Alachua,10,26
Alachua,11,47
Alachua,12,27
Alameda,2,5
Alameda,3,3
Alameda,4,4
Alameda,5,3
Alameda,6,5
Alameda,7,4
Alameda,8,1
Alameda,9,1
Alameda,12,1
Alamo,1,62
Alamo,2,60
Alamo,3,51
Alamo,4,59
Alamo,5,63
Alamo,6,46
Alamo,7,44
Alamo,8,43
Alamo,9,74
Alamo,10,48
Alamo,11,77
Alamo,12,72
Alamogordo,11,2
Alamogordo,12,1
Alamosa,1,3
Alamosa,2,4
Alamosa,3,5
Alamosa,4,2
Alamosa,5,6
Alamosa,6,6
Alamosa,8,1
Alamosa,11,11
Alanson,1,2
Alanson,2,5
Alanson,5,1
Alanson,6,1
Alanson,7,1
Alanson,11,9
Alapaha,1,1
Alapaha,7,3
Alapaha,8,1
Alapaha,9,1
Albany,1,310
Albany,2,380
Albany,3,181
Albany,4,246
Albany,5,167
Albany,6,209
Albany,7,163
Albany,8,223
Albany,9,185
Albany,10,184
Albany,11,253
Albany,12,351
Albemarle,2,2
Albemarle,3,3
Albemarle,5,2
Albemarle,7,4
Albemarle,9,3
Albemarle,12,4
Albers,1,2
Albers,2,1
Albers,3,2
Albers,4,4
Albers,5,1
Albers,7,1
Albers,8,2
Albers,9,1
Albers,11,1
Albert City,2,2
Albert City,11,4
Albert Lea,1,86
Albert Lea,2,65
Albert Lea,3,36
Albert Lea,4,8
Albert Lea,5,11
Albert Lea,6,21
Albert Lea,7,14
Albert Lea,8,12
Albert Lea,9,11
Albert Lea,10,11
Albert Lea,11,30
Albert Lea,12,101
Alberta,1,11
Alberta,2,9
Alberta,3,19
Alberta,4,9
Alberta,5,8
Alberta,6,3
Alberta,7,13
Alberta,8,13
Alberta,9,14
Alberta,10,12
Alberta,11,6
Alberta,12,9
Alberton,1,28
Alberton,2,19
Alberton,3,1
Alberton,4,12
Alberton,7,2
Alberton,8,3
Alberton,9,9
Alberton,10,6
Alberton,11,10
Alberton,12,60
Albertson,1,4
Albertson,2,7
Albertson,3,5
Albertson,4,1
Albertson,6,3
Albertson,7,2
Albertson,8,4
Albertson,9,4
Albertson,12,1
Albertville,1,27
Albertville,2,21
Albertville,3,14
Albertville,4,13
Albertville,5,14
Albertville,6,18
Albertville,7,20
Albertville,8,20
Albertville,9,30
Albertville,10,11
Albertville,11,10
Albertville,12,6
Albia,1,2
Albia,2,3
Albia,8,1
Albin,10,1
Albion,1,16
Albion,2,12
Albion,3,11
Albion,4,22
Albion,5,4
Albion,6,12
Albion,7,8
Albion,8,19
Albion,9,19
Albion,10,9
Albion,11,9
Albion,12,15
Albrightsville,8,6
Albrightsville,11,1
Albuquerque,1,162
Albuquerque,2,180
Albuquerque,3,201
Albuquerque,4,194
Albuquerque,5,158
Albuquerque,6,177
Albuquerque,7,165
Albuquerque,8,232
Albuquerque,9,171
Albuquerque,10,129
Albuquerque,11,129
Albuquerque,12,142
Alburgh,10,4
Alburtis,9,1
Alcoa,1,5
Alcoa,2,2
Alcoa,3,2
Alcoa,6,7
Alcoa,9,4
Alcoa,10,3
Alcoa,11,1
Alcoa,12,6
Alcolu,1,42
Alcolu,2,9
Alcolu,3,10
Alcolu,4,7
Alcolu,5,7
Alcolu,6,16
Alcolu,7,17
Alcolu,8,27
Alcolu,9,12
Alcolu,10,12
Alcolu,11,5
Alcolu,12,26
Alcove,8,2
Alda,4,1
Alda,5,1
Alda,8,1
Aldan,1,1
Aldan,2,1
Aldan,6,1
Aldan,8,1
Aldan,9,1
Aldan,10,1
Aldan,12,2
Alden,1,28
Alden,2,8
Alden,3,3
Alden,5,2
Alden,6,9
Alden,7,1
Alden,8,5
Alden,9,1
Alden,10,3
Alden,11,8
Alden,12,6
Alder,2,1
Alder Creek,2,1
Alder Creek,3,1
Alder Creek,4,3
Alderpoint,1,5
Alderpoint,3,1
Alderpoint,6,4
Alderpoint,7,1
Alderpoint,8,5
Alderpoint,9,4
Alderpoint,10,2
Alderpoint,11,2
Alderson,1,1
Aldie,1,31
Aldie,2,14
Aldie,3,8
Aldie,4,14
Aldie,5,5
Aldie,6,15
Aldie,7,13
Aldie,8,15
Aldie,9,17
Aldie,10,16
Aldie,11,24
Aldie,12,36
Aldrich,1,1
Aldrich,2,3
Aldrich,3,2
Aldrich,6,1
Aldrich,9,1
Aldrich,11,4
Aledo,1,16
Aledo,2,14
Aledo,3,3
Aledo,4,2
Aledo,5,6
Aledo,6,4
Aledo,7,8
Aledo,8,8
Aledo,9,8
Aledo,10,9
Aledo,11,17
Aledo,12,5
Alexander,1,7
Alexander,2,3
Alexander,3,1
Alexander,4,8
Alexander,5,3
Alexander,6,1
Alexander,7,5
Alexander,8,6
Alexander,9,5
Alexander,10,2
Alexander,11,2
Alexander,12,6
Alexander City,1,3
Alexander City,2,1
Alexander City,4,3
Alexander City,5,2
Alexander City,6,2
Alexander City,7,2
Alexander City,9,1
Alexander City,12,1
Alexandria,1,371
Alexandria,2,326
Alexandria,3,172
Alexandria,4,246
Alexandria,5,296
Alexandria,6,291
Alexandria,7,236
Alexandria,8,223
Alexandria,9,303
Alexandria,10,250
Alexandria,11,318
Alexandria,12,427
Alexandria Bay,4,1
Alexandria Bay,10,4
Alexandria Bay,12,1
Alexis,2,1
Alford,1,4
Alford,2,4
Alford,3,2
Alford,4,3
Alford,5,1
Alford,6,8
Alford,7,2
Alford,8,1
Alford,9,6
Alford,10,3
Alford,11,4
Alford,12,7
Alfred,7,2
Alfred Station,1,1
Alfred Station,2,1
Alger,1,2
Alger,7,2
Algodones,2,1
Algodones,3,1
Algodones,4,2
Algodones,6,1
Algodones,7,4
Algodones,8,4
Algona,1,1
Algonac,5,2
Algonquin,1,3
Algonquin,2,4
Algonquin,5,1
Algonquin,7,1
Algonquin,8,1
Algonquin,9,1
Algonquin,12,3
Alhambra,1,132
Alhambra,2,159
Alhambra,3,110
Alhambra,4,82
Alhambra,5,54
Alhambra,6,89
Alhambra,7,82
Alhambra,8,104
Alhambra,9,74
Alhambra,10,57
Alhambra,11,84
Alhambra,12,80
Aliceville,4,1
Aliceville,5,1
Aliceville,6,1
Aliceville,9,1
Aliquippa,2,9
Aliquippa,3,2
Aliquippa,4,3
Aliquippa,5,5
Aliquippa,6,3
Aliquippa,7,6
Aliquippa,8,3
Aliquippa,9,11
Aliso Viejo,1,24
Aliso Viejo,2,19
Aliso Viejo,3,9
Aliso Viejo,4,7
Aliso Viejo,5,5
Aliso Viejo,6,12
Aliso Viejo,7,8
Aliso Viejo,8,10
Aliso Viejo,9,14
Aliso Viejo,10,20
Aliso Viejo,11,7
Aliso Viejo,12,10
Allegan,2,1
Allegan,4,4
Allegany,4,5
Allegany,11,1
Allegany,12,2
Alleghany,9,2
Allen,1,21
Allen,2,28
Allen,3,20
Allen,4,17
Allen,5,17
Allen,6,24
Allen,7,32
Allen,8,19
Allen,9,34
Allen,10,14
Allen,11,29
Allen,12,30
Allen Park,1,20
Allen Park,2,40
Allen Park,3,18
Allen Park,4,31
Allen Park,5,14
Allen Park,6,25
Allen Park,7,23
Allen Park,8,23
Allen Park,9,21
Allen Park,10,6
Allen Park,11,21
Allen Park,12,12
Allendale,1,9
Allendale,2,7
Allendale,3,10
Allendale,4,18
Allendale,5,15
Allendale,6,11
Allendale,7,7
Allendale,8,6
Allendale,9,15
Allendale,10,13
Allendale,11,10
Allendale,12,10
Allenhurst,6,1
Allenhurst,12,2
Allenstown,8,1
Allensville,1,2
Allensville,2,5
Allensville,5,2
Allensville,6,2
Allensville,8,3
Allensville,12,1
Allenton,1,2
Allenton,2,4
Allenton,3,2
Allenton,4,5
Allenton,6,11
Allenton,8,3
Allenton,9,2
Allenton,11,2
Allenton,12,4
Allentown,1,115
Allentown,2,152
Allentown,3,61
Allentown,4,70
Allentown,5,117
Allentown,6,119
Allentown,7,87
Allentown,8,81
Allentown,9,93
Allentown,10,57
Allentown,11,104
Allentown,12,90
Allenwood,1,19
Allenwood,2,6
Allenwood,3,5
Allenwood,4,21
Allenwood,5,5
Allenwood,6,14
Allenwood,7,22
Allenwood,8,12
Allenwood,9,2
Allenwood,10,16
Allenwood,11,13
Allenwood,12,6
Alleyton,6,1
Alleyton,7,1
Alleyton,9,5
Alliance,1,4
Alliance,2,1
Alliance,3,2
Alliance,4,1
Alliance,5,1
Alliance,7,1
Alliance,8,1
Alliance,9,1
Alliance,11,6
Alliance,12,1
Allison,4,1
Allison Park,1,5
Allison Park,2,3
Allison Park,5,1
Allison Park,7,2
Allison Park,8,6
Allison Park,9,5
Allison Park,10,4
Allison Park,11,4
Allison Park,12,1
Allons,2,1
Allons,6,2
Allport,2,2
Allport,6,5
Allport,7,1
Allport,9,1
Allston,1,10
Allston,2,8
Allston,3,11
Allston,4,11
Allston,5,11
Allston,6,13
Allston,7,16
Allston,8,14
Allston,9,6
Allston,10,10
Allston,11,20
Allston,12,6
Allyn,2,1
Allyn,4,1
Allyn,7,5
Allyn,8,1
Allyn,9,1
Allyn,10,1
Allyn,11,4
Allyn,12,2
Alma,1,9
Alma,2,11
Alma,3,6
Alma,4,7
Alma,5,16
Alma,6,4
Alma,7,5
Alma,8,11
Alma,9,3
Alma,10,4
Alma,11,12
Alma,12,6
Almond,1,3
Almond,2,5
Almont,3,2
Almont,8,2
Almyra,1,1
Alpaugh,2,3
Alpaugh,8,3
Alpaugh,9,2
Alpaugh,11,1
Alpena,3,1
Alpena,4,2
Alpena,8,5
Alpena,10,1
Alpena,11,2
Alpena,12,5
Alpha,1,14
Alpha,2,1
Alpha,3,2
Alpha,4,2
Alpha,6,3
Alpha,9,1
Alpha,12,2
Alpharetta,1,14
Alpharetta,2,28
Alpharetta,3,21
Alpharetta,4,5
Alpharetta,5,11
Alpharetta,6,2
Alpharetta,7,9
Alpharetta,8,17
Alpharetta,9,18
Alpharetta,10,14
Alpharetta,11,15
Alpharetta,12,22
Alpine,1,13
Alpine,2,4
Alpine,3,4
Alpine,4,1
Alpine,5,9
Alpine,6,16
Alpine,7,28
Alpine,8,4
Alpine,9,13
Alpine,10,11
Alpine,11,3
Alpine,12,2
Alpine Meadows,1,1
Alpine Meadows,2,2
Alpine Meadows,3,1
Alpine Meadows,4,2
Alpine Meadows,6,1
Alpine Meadows,11,1
Alplaus,1,2
Alplaus,8,1
Alplaus,12,1
Alsea,1,17
Alsea,2,3
Alsea,5,1
Alsea,6,4
Alsea,7,2
Alsea,8,1
Alsea,9,1
Alsea,10,1
Alsea,11,8
Alsea,12,7
Alsip,1,34
Alsip,2,17
Alsip,3,7
Alsip,4,17
Alsip,5,8
Alsip,6,15
Alsip,7,14
Alsip,8,18
Alsip,9,12
Alsip,10,10
Alsip,11,3
Alsip,12,13
Alstead,3,1
Alta,1,82
Alta,2,74
Alta,3,71
Alta,4,42
Alta,5,13
Alta,6,13
Alta,7,12
Alta,8,10
Alta,9,30
Alta,10,12
Alta,11,43
Alta,12,94
Alta Vista,11,4
Altadena,1,74
Altadena,2,62
Altadena,3,33
Altadena,4,30
Altadena,5,34
Altadena,6,40
Altadena,7,33
Altadena,8,30
Altadena,9,19
Altadena,10,40
Altadena,11,19
Altadena,12,38
Altamont,1,7
Altamont,2,7
Altamont,3,1
Altamont,5,4
Altamont,6,3
Altamont,7,3
Altamont,8,3
Altamont,9,1
Altamont,10,8
Altamont,11,4
Altamont,12,1
Altamonte Springs,1,62
Altamonte Springs,2,66
Altamonte Springs,3,40
Altamonte Springs,4,43
Altamonte Springs,5,55
Altamonte Springs,6,36
Altamonte Springs,7,29
Altamonte Springs,8,43
Altamonte Springs,9,67
Altamonte Springs,10,43
Altamonte Springs,11,66
Altamonte Springs,12,67
Altavista,1,7
Altavista,2,1
Altavista,4,10
Altavista,5,1
Altavista,7,1
Altavista,8,8
Altavista,11,3
Altavista,12,11
Altha,1,5
Altha,2,4
Altha,3,5
Altha,4,1
Altha,5,3
Altha,6,5
Altha,7,1
Altha,8,3
Altha,9,4
Altha,10,1
Altha,11,3
Altha,12,3
Altheimer,2,1
Altheimer,6,1
Altheimer,12,2
Altmar,5,4
Alto,1,3
Alto,2,2
Alto,3,3
Alto,4,4
Alto,5,5
Alto,6,3
Alto,7,2
Alto,8,2
Alto,9,5
Alto,10,6
Alto,11,6
Alto,12,1
Alton,1,11
Alton,2,8
Alton,3,5
Alton,4,2
Alton,5,2
Alton,6,2
Alton,7,1
Alton,9,4
Alton,10,6
Alton,11,6
Alton,12,4
Alton Bay,2,1
Alton Bay,6,1
Altona,2,1
Altoona,1,170
Altoona,2,161
Altoona,3,85
Altoona,4,65
Altoona,5,74
Altoona,6,83
Altoona,7,52
Altoona,8,82
Altoona,9,67
Altoona,10,65
Altoona,11,94
Altoona,12,125
Altura,2,5
Altura,3,1
Altura,4,2
Altura,6,3
Altura,7,3
Altura,9,2
Altura,10,3
Altura,11,1
Alturas,1,19
Alturas,2,11
Alturas,3,1
Alturas,4,5
Alturas,5,3
Alturas,6,5
Alturas,7,4
Alturas,8,4
Alturas,9,13
Alturas,10,4
Alturas,11,16
Alturas,12,14
Altus,4,2
Altus,10,3
Alum Bank,1,10
Alum Bank,2,1
Alum Bank,3,6
Alum Bank,4,3
Alum Bank,5,2
Alum Bank,6,9
Alum Bank,9,10
Alum Bank,11,18
Alum Bank,12,6
Alum Creek,1,1
Alum Creek,2,2
Alum Creek,6,3
Alum Creek,7,1
Alum Creek,8,2
Alum Creek,12,2
Alva,1,14
Alva,2,21
Alva,3,13
Alva,4,14
Alva,5,9
Alva,6,14
Alva,7,7
Alva,8,15
Alva,9,18
Alva,10,15
Alva,11,22
Alva,12,8
Alvada,4,1
Alvarado,1,2
Alvarado,2,5
Alvarado,3,3
Alvarado,5,7
Alvarado,6,10
Alvarado,7,1
Alvarado,8,9
Alvarado,10,6
Alvarado,12,4
Alvaton,1,1
Alverda,10,1
Alverton,9,4
Alvin,1,1
Alvin,2,1
Alvin,3,4
Alvin,9,5
Alviso,1,15
Alviso,2,3
Alviso,3,2
Alviso,6,1
Alviso,7,3
Alviso,8,2
Alviso,10,2
Alviso,11,3
Alviso,12,2
Alzada,1,3
Alzada,3,1
Alzada,4,1
Alzada,5,1
Alzada,7,1
Alzada,10,9
Alzada,12,2
Amador City,5,1
Amador City,9,1
Amador City,12,2
Amagansett,1,1
Amagansett,8,14
Amagon,6,2
Amagon,12,1
Amana,1,2
Amana,2,2
Amanda,3,1
Amanda,8,1
Amanda Park,2,1
Amanda Park,10,1
Amargosa Valley,3,8
Amargosa Valley,12,2
Amarillo,1,3
Amarillo,2,1
Amarillo,3,9
Amarillo,5,1
Amarillo,6,2
Amarillo,7,1
Amarillo,8,6
Amarillo,10,7
Amarillo,12,3
Amawalk,1,3
Amawalk,2,2
Amawalk,3,1
Amawalk,4,1
Amawalk,7,3
Amawalk,9,1
Amawalk,10,2
Amawalk,11,2
Amawalk,12,1
Amazonia,11,3
Amazonia,12,1
Ambler,1,53
Ambler,2,70
Ambler,3,39
Ambler,4,30
Ambler,5,47
Ambler,6,68
Ambler,7,44
Ambler,8,33
Ambler,9,67
Ambler,10,50
Ambler,11,74
Ambler,12,75
Amboy,1,4
Amboy,2,2
Amboy,3,2
Amboy,4,6
Amboy,5,1
Amboy,6,3
Amboy,7,2
Amboy,8,3
Amboy,9,3
Amboy,10,1
Amboy,11,8
Amboy,12,4
Ambridge,3,4
Ambridge,6,5
Ambridge,9,10
Ambridge,11,5
Ambrose,9,4
Amelia,1,4
Amelia,2,1
Amelia,5,1
Amelia,6,1
Amelia,7,3
Amelia,8,1
Amelia,9,1
Amelia,10,2
Amelia,11,3
Amelia,12,5
Amelia Court House,1,27
Amelia Court House,2,18
Amelia Court House,3,5
Amelia Court House,4,14
Amelia Court House,5,10
Amelia Court House,6,15
Amelia Court House,7,17
Amelia Court House,8,16
Amelia Court House,9,5
Amelia Court House,10,10
Amelia Court House,11,45
Amelia Court House,12,8
Amenia,1,10
Amenia,2,3
Amenia,3,1
Amenia,5,1
Amenia,6,1
Amenia,7,6
Amenia,8,6
Amenia,9,4
Amenia,10,8
Amenia,11,2
Amenia,12,7
American Canyon,1,35
American Canyon,2,37
American Canyon,3,36
American Canyon,4,26
American Canyon,5,32
American Canyon,6,27
American Canyon,7,31
American Canyon,8,34
American Canyon,9,25
American Canyon,10,39
American Canyon,11,22
American Canyon,12,28
American Falls,1,6
American Falls,6,2
American Falls,8,1
American Falls,9,5
American Falls,12,1
American Fork,1,36
American Fork,2,31
American Fork,3,20
American Fork,4,30
American Fork,5,34
American Fork,6,42
American Fork,7,28
American Fork,8,40
American Fork,9,27
American Fork,10,20
American Fork,11,24
American Fork,12,33
Americus,1,3
Americus,11,2
Americus,12,2
Amery,1,1
Amery,2,1
Ames,1,27
Ames,2,31
Ames,3,6
Ames,4,15
Ames,5,7
Ames,6,12
Ames,7,4
Ames,8,12
Ames,9,23
Ames,10,15
Ames,11,6
Ames,12,26
Amesbury,2,3
Amesbury,3,3
Amesbury,4,2
Amesbury,6,2
Amesbury,7,1
Amesbury,9,5
Amesbury,10,1
Amesbury,11,5
Amesbury,12,1
Amherst,1,14
Amherst,2,24
Amherst,3,10
Amherst,4,19
Amherst,5,19
Amherst,6,13
Amherst,7,7
Amherst,8,17
Amherst,9,6
Amherst,10,23
Amherst,11,26
Amherst,12,12
Amherst Junction,1,1
Amherst Junction,6,1
Amidon,1,1
Amidon,6,2
Amidon,8,1
Amidon,10,1
Amidon,12,1
Amissville,1,3
Amissville,4,3
Amissville,5,2
Amissville,7,1
Amissville,9,1
Amissville,11,3
Amite,10,1
Amity,1,11
Amity,2,19
Amity,3,1
Amity,4,4
Amity,5,1
Amity,6,6
Amity,7,6
Amity,8,3
Amity,9,1
Amity,10,1
Amity,11,17
Amity,12,8
Amityville,1,15
Amityville,2,15
Amityville,3,8
Amityville,4,10
Amityville,5,5
Amityville,6,15
Amityville,7,13
Amityville,8,14
Amityville,9,11
Amityville,10,8
Amityville,11,13
Amityville,12,10
Amma,1,1
Amma,4,1
Amma,7,1
Amma,10,3
Amma,12,1
Amsterdam,1,29
Amsterdam,2,26
Amsterdam,3,9
Amsterdam,4,9
Amsterdam,5,6
Amsterdam,6,15
Amsterdam,7,3
Amsterdam,8,19
Amsterdam,9,9
Amsterdam,10,1
Amsterdam,11,16
Amsterdam,12,20
Amston,6,4
Amston,12,9
Anacoco,4,1
Anaconda,1,26
Anaconda,2,18
Anaconda,3,10
Anaconda,4,9
Anaconda,5,2
Anaconda,6,1
Anaconda,7,5
Anaconda,8,18
Anaconda,9,5
Anaconda,10,7
Anaconda,11,24
Anaconda,12,61
Anacortes,1,3
Anacortes,2,7
Anacortes,3,3
Anacortes,4,1
Anacortes,5,2
Anacortes,6,1
Anacortes,7,3
Anacortes,8,9
Anacortes,9,2
Anacortes,11,11
Anacortes,12,10
Anaheim,1,775
Anaheim,2,880
Anaheim,3,624
Anaheim,4,591
Anaheim,5,493
Anaheim,6,457
Anaheim,7,510
Anaheim,8,545
Anaheim,9,476
Anaheim,10,336
Anaheim,11,467
Anaheim,12,597
Anaheim-Santa Ana-Garden Grove,6,1
Anaheim-Santa Ana-Garden Grove,12,1
Anahuac,1,1
Anahuac,5,1
Anahuac,9,3
Analomink,2,1
Anamoose,3,1
Anamoose,5,1
Anamosa,1,3
Anamosa,2,1
Anamosa,4,2
Anamosa,5,1
Anamosa,6,3
Anamosa,8,2
Anamosa,9,3
Anamosa,10,3
Anamosa,12,3
Anatone,1,1
Anatone,12,1
Ancram,1,6
Ancram,2,4
Ancram,3,3
Ancram,4,5
Ancram,6,2
Ancram,7,2
Ancram,9,1
Ancram,10,2
Ancram,11,3
Ancram,12,10
Ancramdale,1,3
Ancramdale,7,1
Andalusia,1,1
Andalusia,2,4
Andalusia,3,4
Andalusia,4,2
Andalusia,5,3
Andalusia,6,4
Andalusia,8,2
Andalusia,9,2
Andalusia,10,1
Andalusia,11,2
Andalusia,12,2
Anderson,1,555
Anderson,2,414
Anderson,3,334
Anderson,4,359
Anderson,5,337
Anderson,6,371
Anderson,7,285
Anderson,8,349
Anderson,9,324
Anderson,10,290
Anderson,11,316
Anderson,12,391
Andersonville,1,5
Andersonville,2,4
Andersonville,3,2
Andersonville,4,6
Andersonville,5,1
Andersonville,6,3
Andersonville,7,6
Andersonville,8,2
Andersonville,9,4
Andersonville,10,5
Andersonville,11,2
Andersonville,12,6
Andes,7,1
Andes,9,7
Andover,1,55
Andover,2,61
Andover,3,41
Andover,4,28
Andover,5,25
Andover,6,56
Andover,7,33
Andover,8,36
Andover,9,56
Andover,10,25
Andover,11,35
Andover,12,43
Andreas,8,1
Andreas,9,2
Andrews,1,32
Andrews,2,12
Andrews,3,16
Andrews,4,14
Andrews,5,11
Andrews,6,21
Andrews,7,28
Andrews,8,12
Andrews,9,9
Andrews,10,22
Andrews,11,22
Andrews,12,24
Andrews Air Force Base,1,10
Andrews Air Force Base,2,8
Andrews Air Force Base,3,3
Andrews Air Force Base,5,6
Andrews Air Force Base,6,6
Andrews Air Force Base,7,7
Andrews Air Force Base,8,11
Andrews Air Force Base,9,3
Andrews Air Force Base,10,6
Andrews Air Force Base,11,18
Andrews Air Force Base,12,6
Aneta,9,2
Aneth,1,1
Aneth,3,1
Aneth,6,1
Aneth,7,2
Aneth,8,2
Aneth,10,6
Aneth,11,4
Aneth,12,2
Angel Fire,6,1
Angels Camp,1,18
Angels Camp,2,12
Angels Camp,3,16
Angels Camp,4,11
Angels Camp,5,6
Angels Camp,6,12
Angels Camp,7,13
Angels Camp,8,7
Angels Camp,9,12
Angels Camp,10,15
Angels Camp,11,12
Angels Camp,12,17
Angier,1,6
Angier,2,6
Angier,3,5
Angier,4,1
Angier,5,3
Angier,6,2
Angier,7,13
Angier,8,6
Angier,9,10
Angier,10,4
Angier,11,16
Angier,12,4
Angleton,1,3
Angleton,3,5
Angleton,4,5
Angleton,6,5
Angleton,7,1
Angleton,9,1
Angleton,10,1
Angleton,12,1
Angola,1,6
Angola,2,12
Angola,3,5
Angola,4,1
Angola,5,6
Angola,6,6
Angola,7,3
Angola,8,6
Angola,10,3
Angola,11,27
Angola,12,14
Angora,1,1
Angora,2,3
Angora,5,3
Angora,6,1
Angora,7,1
Angora,8,1
Angora,9,3
Angora,11,5
Angora,12,1
Angwin,1,3
Angwin,2,5
Angwin,3,6
Angwin,4,4
Angwin,5,5
Angwin,6,9
Angwin,7,2
Angwin,8,3
Angwin,9,5
Angwin,10,2
Angwin,11,5
Angwin,12,8
Anita,1,29
Anita,2,9
Anita,3,2
Anita,5,4
Anita,6,1
Anita,7,7
Anita,8,2
Anita,9,1
Anita,11,2
Anita,12,13
Aniwa,11,2
Ankeny,1,35
Ankeny,2,33
Ankeny,3,10
Ankeny,4,9
Ankeny,5,16
Ankeny,6,10
Ankeny,7,14
Ankeny,8,8
Ankeny,9,11
Ankeny,10,6
Ankeny,11,6
Ankeny,12,22
Ann Arbor,1,69
Ann Arbor,2,59
Ann Arbor,3,40
Ann Arbor,4,84
Ann Arbor,5,64
Ann Arbor,6,55
Ann Arbor,7,40
Ann Arbor,8,77
Ann Arbor,9,68
Ann Arbor,10,79
Ann Arbor,11,64
Ann Arbor,12,34
Anna,1,3
Anna,2,4
Anna,3,4
Anna,4,1
Anna,5,2
Anna,6,3
Anna,7,8
Anna,8,4
Anna,9,7
Anna,10,3
Anna,11,9
Anna,12,7
Anna Maria,1,1
Anna Maria,7,2
Anna Maria,8,1
Annandale,1,115
Annandale,2,67
Annandale,3,49
Annandale,4,57
Annandale,5,48
Annandale,6,58
Annandale,7,43
Annandale,8,46
Annandale,9,77
Annandale,10,39
Annandale,11,85
Annandale,12,88
Annapolis,1,87
Annapolis,2,59
Annapolis,3,51
Annapolis,4,38
Annapolis,5,77
Annapolis,6,75
Annapolis,7,91
Annapolis,8,86
Annapolis,9,75
Annapolis,10,37
Annapolis,11,55
Annapolis,12,50
Annapolis Junction,1,16
Annapolis Junction,2,12
Annapolis Junction,3,5
Annapolis Junction,4,5
Annapolis Junction,5,9
Annapolis Junction,6,8
Annapolis Junction,7,7
Annapolis Junction,8,3
Annapolis Junction,9,2
Annapolis Junction,10,3
Annapolis Junction,11,6
Annapolis Junction,12,10
Anniston,1,6
Anniston,2,2
Anniston,3,7
Anniston,4,17
Anniston,5,6
Anniston,6,14
Anniston,7,12
Anniston,8,7
Anniston,9,3
Anniston,10,6
Anniston,11,6
Anniston,12,7
Annville,1,30
Annville,2,20
Annville,3,8
Annville,4,15
Annville,5,15
Annville,6,10
Annville,7,14
Annville,8,8
Annville,9,22
Annville,10,8
Annville,11,21
Annville,12,32
Anoka,1,50
Anoka,2,70
Anoka,3,18
Anoka,4,36
Anoka,5,41
Anoka,6,37
Anoka,7,28
Anoka,8,46
Anoka,9,58
Anoka,10,65
Anoka,11,40
Anoka,12,47
Ansley,6,2
Anson,8,1
Ansonia,1,13
Ansonia,2,5
Ansonia,3,3
Ansonia,4,2
Ansonia,9,5
Ansonia,10,1
Ansonia,11,7
Ansted,1,1
Ansted,2,1
Antelope,1,127
Antelope,2,69
Antelope,3,42
Antelope,4,44
Antelope,5,36
Antelope,6,34
Antelope,7,25
Antelope,8,60
Antelope,9,60
Antelope,10,38
Antelope,11,69
Antelope,12,76
Anthem,5,1
Anthem,11,4
Anthem,12,1
Anthony,1,10
Anthony,2,1
Anthony,4,2
Anthony,5,5
Anthony,6,1
Anthony,7,3
Anthony,8,3
Anthony,9,3
Anthony,10,1
Anthony,11,5
Anthony,12,6
Antigo,3,2
Antimony,7,2
Antimony,8,1
Antimony,10,1
Antimony,12,1
Antioch,1,451
Antioch,2,410
Antioch,3,310
Antioch,4,322
Antioch,5,257
Antioch,6,244
Antioch,7,298
Antioch,8,334
Antioch,9,330
Antioch,10,227
Antioch,11,345
Antioch,12,381
Anton,1,2
Anton Chico,2,2
Anton Chico,3,2
Antonito,1,2
Antonito,7,4
Antonito,12,5
Antrim,5,1
Antrim,11,1
Antwerp,1,2
Apache Junction,1,1
Apache Junction,2,4
Apache Junction,3,9
Apache Junction,4,17
Apache Junction,5,6
Apache Junction,6,10
Apache Junction,7,10
Apache Junction,8,5
Apache Junction,9,3
Apache Junction,10,4
Apache Junction,11,6
Apache Junction,12,3
Apalachin,1,4
Apalachin,2,1
Apalachin,3,1
Apalachin,8,1
Apalachin,10,5
Apalachin,11,1
Apalachin,12,3
Apex,1,99
Apex,2,79
Apex,3,65
Apex,4,54
Apex,5,75
Apex,6,89
Apex,7,55
Apex,8,56
Apex,9,50
Apex,10,77
Apex,11,57
Apex,12,54
Apison,1,10
Apison,2,5
Apison,3,1
Apison,4,4
Apison,5,2
Apison,6,2
Apison,7,4
Apison,8,4
Apison,9,3
Apison,10,5
Apison,11,1
Apison,12,7
Apollo,1,5
Apollo,2,5
Apollo,3,1
Apollo,4,7
Apollo,6,17
Apollo,7,11
Apollo,8,6
Apollo,9,12
Apollo,10,9
Apollo,11,8
Apollo,12,17
Apollo Beach,1,45
Apollo Beach,2,28
Apollo Beach,3,34
Apollo Beach,4,28
Apollo Beach,5,17
Apollo Beach,6,17
Apollo Beach,7,14
Apollo Beach,8,21
Apollo Beach,9,15
Apollo Beach,10,18
Apollo Beach,11,14
Apollo Beach,12,20
Apopka,1,148
Apopka,2,87
Apopka,3,58
Apopka,4,100
Apopka,5,66
Apopka,6,81
Apopka,7,78
Apopka,8,83
Apopka,9,89
Apopka,10,68
Apopka,11,131
Apopka,12,99
Apple Creek,3,1
Apple Creek,4,1
Apple Creek,12,1
Apple Valley,1,52
Apple Valley,2,33
Apple Valley,3,42
Apple Valley,4,23
Apple Valley,5,25
Apple Valley,6,39
Apple Valley,7,46
Apple Valley,8,44
Apple Valley,9,29
Apple Valley,10,23
Apple Valley,11,32
Apple Valley,12,32
Applegate,1,10
Applegate,2,10
Applegate,3,10
Applegate,4,9
Applegate,5,4
Applegate,6,5
Applegate,7,8
Applegate,8,4
Applegate,9,4
Applegate,10,7
Applegate,11,7
Applegate,12,9
Appleton,1,12
Appleton,2,21
Appleton,3,17
Appleton,4,14
Appleton,5,20
Appleton,6,20
Appleton,7,17
Appleton,8,19
Appleton,9,15
Appleton,10,13
Appleton,11,19
Appleton,12,38
Appling,2,1
Appling,3,1
Appling,4,1
Appling,7,1
Appling,8,2
Appling,9,3
Appling,10,2
Appling,11,1
Appling,12,2
Appomattox,1,8
Appomattox,2,1
Appomattox,3,1
Appomattox,4,4
Appomattox,6,3
Appomattox,7,7
Appomattox,8,5
Appomattox,9,1
Appomattox,10,1
Appomattox,11,7
Appomattox,12,6
Aptos,1,87
Aptos,2,84
Aptos,3,36
Aptos,4,54
Aptos,5,57
Aptos,6,51
Aptos,7,63
Aptos,8,68
Aptos,9,57
Aptos,10,54
Aptos,11,55
Aptos,12,55
Aquasco,5,1
Arab,1,4
Arab,3,2
Arab,4,3
Arab,5,1
Arab,6,2
Arab,7,1
Arab,9,3
Arab,10,3
Arab,12,4
Arabi,1,2
Arabi,2,6
Arabi,3,2
Arabi,4,1
Arabi,6,1
Arabi,10,3
Arabi,12,2
Arapahoe,10,3
Ararat,1,2
Ararat,7,5
Ararat,12,4
Arbuckle,1,18
Arbuckle,2,15
Arbuckle,3,7
Arbuckle,4,6
Arbuckle,5,7
Arbuckle,6,19
Arbuckle,7,14
Arbuckle,8,27
Arbuckle,9,17
Arbuckle,10,14
Arbuckle,11,11
Arbuckle,12,30
Arbyrd,9,2
Arcade,1,2
Arcade,2,3
Arcade,5,1
Arcade,12,2
Arcadia,1,115
Arcadia,2,113
Arcadia,3,95
Arcadia,4,90
Arcadia,5,67
Arcadia,6,63
Arcadia,7,99
Arcadia,8,93
Arcadia,9,84
Arcadia,10,83
Arcadia,11,112
Arcadia,12,107
Arcadia West,5,2
Arcanum,4,1
Arcanum,5,1
Arcanum,6,1
Arcanum,7,3
Arcanum,8,2
Arcanum,9,1
Arcanum,11,2
Arcanum,12,1
Arcata,1,43
Arcata,2,35
Arcata,3,17
Arcata,4,15
Arcata,5,22
Arcata,6,22
Arcata,7,21
Arcata,8,26
Arcata,9,21
Arcata,10,8
Arcata,11,19
Arcata,12,27
Arch Cape,1,3
Arch Cape,2,4
Arch Cape,4,1
Arch Cape,5,1
Arch Cape,6,4
Arch Cape,7,3
Arch Cape,9,1
Arch Cape,12,1
Archbald,1,5
Archbald,2,2
Archbald,4,3
Archbald,7,1
Archbald,12,1
Archbold,1,4
Archbold,2,7
Archbold,3,3
Archbold,4,4
Archbold,5,1
Archbold,6,6
Archbold,7,2
Archbold,8,5
Archbold,10,3
Archbold,11,1
Archbold,12,5
Archdale,6,3
Archer,1,14
Archer,2,4
Archer,3,3
Archer,4,4
Archer,5,7
Archer,6,11
Archer,8,6
Archer,9,5
Archer,10,10
Archer,11,6
Archer,12,5
Archer City,8,1
Archer City,10,1
Archer City,11,1
Archer City,12,1
Arco,3,1
Arco,6,6
Arcola,1,1
Arcola,2,3
Arcola,3,1
Arcola,4,3
Arcola,5,4
Arcola,6,1
Arcola,7,1
Arcola,8,1
Arcola,9,4
Ardara,9,1
Ardara,11,4
Arden,1,70
Arden,2,66
Arden,3,49
Arden,4,61
Arden,5,34
Arden,6,40
Arden,7,37
Arden,8,45
Arden,9,39
Arden,10,24
Arden,11,43
Arden,12,65
Ardmore,1,32
Ardmore,2,18
Ardmore,3,8
Ardmore,4,14
Ardmore,5,14
Ardmore,6,19
Ardmore,7,19
Ardmore,8,13
Ardmore,9,22
Ardmore,10,16
Ardmore,11,23
Ardmore,12,36
Ardsley,1,18
Ardsley,2,11
Ardsley,3,5
Ardsley,4,11
Ardsley,5,8
Ardsley,6,9
Ardsley,7,10
Ardsley,8,10
Ardsley,9,13
Ardsley,10,11
Ardsley,11,2
Ardsley,12,11
Argenta,3,1
Argenta,5,1
Argenta,8,1
Argos,6,5
Argos,12,2
Argusville,1,19
Argusville,2,7
Argusville,3,3
Argusville,4,1
Argusville,5,1
Argusville,11,2
Argusville,12,10
Argyle,1,12
Argyle,2,10
Argyle,3,5
Argyle,4,6
Argyle,5,8
Argyle,6,5
Argyle,7,13
Argyle,8,5
Argyle,9,3
Argyle,10,5
Argyle,11,12
Argyle,12,9
Ariel,1,3
Ariel,3,2
Ariel,5,1
Ariel,6,2
Ariel,7,1
Ariel,10,3
Ariel,12,3
Arimo,6,2
Aripeka,5,1
Aripeka,12,1
Ariton,1,2
Ariton,2,1
Ariton,3,2
Ariton,4,1
Ariton,5,2
Ariton,6,2
Ariton,7,3
Ariton,10,1
Ariton,11,2
Arkadelphia,1,7
Arkadelphia,2,7
Arkadelphia,3,9
Arkadelphia,4,11
Arkadelphia,5,6
Arkadelphia,6,13
Arkadelphia,7,17
Arkadelphia,8,14
Arkadelphia,9,25
Arkadelphia,10,8
Arkadelphia,11,13
Arkadelphia,12,15
Arkansas City,4,1
Arlee,1,13
Arlee,2,2
Arlee,3,3
Arlee,6,4
Arlee,7,1
Arlee,8,11
Arlee,9,7
Arlee,10,2
Arlee,11,13
Arlee,12,4
Arleta,1,7
Arleta,2,8
Arleta,3,15
Arleta,4,2
Arleta,5,9
Arleta,6,2
Arleta,7,12
Arleta,9,5
Arleta,10,1
Arleta,11,2
Arleta,12,4
Arlington,1,674
Arlington,2,493
Arlington,3,273
Arlington,4,376
Arlington,5,343
Arlington,6,361
Arlington,7,402
Arlington,8,392
Arlington,9,361
Arlington,10,354
Arlington,11,460
Arlington,12,595
Arlington Heights,1,13
Arlington Heights,2,18
Arlington Heights,3,9
Arlington Heights,4,32
Arlington Heights,5,13
Arlington Heights,6,15
Arlington Heights,7,22
Arlington Heights,8,11
Arlington Heights,9,9
Arlington Heights,10,8
Arlington Heights,11,16
Arlington Heights,12,14
Armagh,12,2
Armbrust,2,1
Armington,6,1
Armona,1,9
Armona,2,5
Armona,3,9
Armona,4,5
Armona,5,3
Armona,6,7
Armona,7,8
Armona,8,10
Armona,9,5
Armona,10,10
Armona,11,4
Armona,12,11
Armonk,1,14
Armonk,2,25
Armonk,3,10
Armonk,4,8
Armonk,5,10
Armonk,6,16
Armonk,7,13
Armonk,8,14
Armonk,9,7
Armonk,10,16
Armonk,11,12
Armonk,12,2
Armstrong,7,5
Armuchee,1,5
Armuchee,3,1
Armuchee,5,1
Armuchee,8,6
Arnegard,11,1
Arnold,1,70
Arnold,2,35
Arnold,3,25
Arnold,4,15
Arnold,5,15
Arnold,6,24
Arnold,7,24
Arnold,8,31
Arnold,9,20
Arnold,10,12
Arnold,11,19
Arnold,12,25
Arnoldsville,9,3
Aromas,1,38
Aromas,2,11
Aromas,3,11
Aromas,4,17
Aromas,5,14
Aromas,6,22
Aromas,7,26
Aromas,8,18
Aromas,9,20
Aromas,10,11
Aromas,11,14
Aromas,12,34
Arona,5,2
Arona,7,3
Arona,9,2
Arona,12,1
Arrey,2,1
Arrey,7,2
Arriba,2,2
Arriba,3,3
Arriba,9,3
Arrington,1,4
Arrington,2,1
Arrington,3,1
Arrington,4,3
Arrington,5,5
Arrington,6,6
Arrington,7,13
Arrington,8,10
Arrington,9,2
Arrington,10,2
Arrington,11,5
Arrington,12,1
Arroyo Grande,1,71
Arroyo Grande,2,59
Arroyo Grande,3,50
Arroyo Grande,4,28
Arroyo Grande,5,38
Arroyo Grande,6,29
Arroyo Grande,7,58
Arroyo Grande,8,29
Arroyo Grande,9,43
Arroyo Grande,10,29
Arroyo Grande,11,32
Arroyo Grande,12,51
Artesia,1,19
Artesia,2,28
Artesia,3,27
Artesia,4,28
Artesia,5,21
Artesia,6,31
Artesia,7,18
Artesia,8,13
Artesia,9,18
Artesia,10,13
Artesia,11,11
Artesia,12,17
Arthur,6,1
Arthur,9,1
Artois,1,2
Artois,2,1
Artois,7,2
Artois,10,1
Artois,12,1
Arundel,2,1
Arvada,1,29
Arvada,2,38
Arvada,3,22
Arvada,4,15
Arvada,5,12
Arvada,6,17
Arvada,7,18
Arvada,8,13
Arvada,9,19
Arvada,10,15
Arvada,11,12
Arvada,12,50
Arverne,7,1
Arverne,8,1
Arverne,10,2
Arvilla,2,1
Arvilla,6,2
Arvilla,7,1
Arvilla,9,1
Arvilla,12,1
Arvin,1,67
Arvin,2,31
Arvin,3,22
Arvin,4,28
Arvin,5,20
Arvin,6,14
Arvin,7,32
Arvin,8,32
Arvin,9,34
Arvin,10,27
Arvin,11,31
Arvin,12,51
Asbury,1,11
Asbury,2,7
Asbury,3,7
Asbury,4,7
Asbury,5,6
Asbury,7,6
Asbury,8,5
Asbury,9,6
Asbury,10,13
Asbury,11,7
Asbury,12,3
Asbury Park,1,12
Asbury Park,2,4
Asbury Park,3,4
Asbury Park,4,4
Asbury Park,5,17
Asbury Park,6,3
Asbury Park,7,4
Asbury Park,8,1
Asbury Park,9,5
Asbury Park,10,9
Asbury Park,11,1
Asbury Park,12,8
Ash,1,2
Ash,2,2
Ash,3,1
Ash,8,5
Ash,11,2
Ash,12,3
Ash Flat,5,3
Ash Fork,1,14
Ash Fork,2,20
Ash Fork,3,9
Ash Fork,4,11
Ash Fork,5,19
Ash Fork,6,4
Ash Fork,7,18
Ash Fork,8,16
Ash Fork,9,10
Ash Fork,10,1
Ash Fork,11,6
Ash Fork,12,18
Ash Grove,1,2
Ash Grove,2,5
Ash Grove,3,1
Ash Grove,6,4
Ash Grove,9,2
Ash Grove,10,2
Ash Grove,11,1
Ash Grove,12,1
Ashaway,2,3
Ashaway,3,2
Ashaway,4,3
Ashaway,5,2
Ashaway,6,2
Ashaway,7,6
Ashaway,8,2
Ashaway,9,2
Ashaway,11,2
Ashaway,12,2
Ashburn,1,137
Ashburn,2,53
Ashburn,3,47
Ashburn,4,56
Ashburn,5,68
Ashburn,6,81
Ashburn,7,59
Ashburn,8,72
Ashburn,9,59
Ashburn,10,50
Ashburn,11,90
Ashburn,12,107
Ashburnham,4,1
Ashby,1,47
Ashby,2,53
Ashby,3,26
Ashby,4,22
Ashby,5,16
Ashby,6,4
Ashby,7,5
Ashby,8,5
Ashby,10,2
Ashby,11,15
Ashby,12,35
Ashdown,1,1
Ashdown,5,2
Ashdown,6,2
Ashdown,11,4
Asheboro,1,19
Asheboro,2,15
Asheboro,3,13
Asheboro,4,10
Asheboro,5,3
Asheboro,6,14
Asheboro,7,4
Asheboro,8,7
Asheboro,9,9
Asheboro,10,3
Asheboro,11,1
Asheboro,12,19
Asheville,1,248
Asheville,2,181
Asheville,3,200
Asheville,4,167
Asheville,5,167
Asheville,6,176
Asheville,7,168
Asheville,8,147
Asheville,9,220
Asheville,10,116
Asheville,11,196
Asheville,12,251
Ashford,1,4
Ashford,4,3
Ashford,5,6
Ashford,7,1
Ashford,8,3
Ashford,9,1
Ashford,10,1
Ashford,11,2
Ashford,12,1
Ashkum,1,1
Ashkum,2,5
Ashkum,4,1
Ashkum,5,3
Ashkum,6,5
Ashkum,7,1
Ashkum,8,2
Ashkum,9,1
Ashkum,11,1
Ashkum,12,2
Ashland,1,254
Ashland,2,215
Ashland,3,140
Ashland,4,156
Ashland,5,103
Ashland,6,174
Ashland,7,199
Ashland,8,213
Ashland,9,113
Ashland,10,76
Ashland,11,167
Ashland,12,236
Ashland City,2,2
Ashland City,4,1
Ashland City,5,3
Ashland City,6,2
Ashland City,7,1
Ashland City,9,3
Ashland City,11,3
Ashland City,12,1
Ashley,1,5
Ashley,2,3
Ashley,3,2
Ashley,6,2
Ashley,7,3
Ashley,8,5
Ashley,9,3
Ashley,11,3
Ashley,12,2
Ashtabula,1,2
Ashtabula,2,2
Ashtabula,3,2
Ashtabula,5,3
Ashtabula,6,1
Ashtabula,7,2
Ashtabula,10,2
Ashtabula,11,11
Ashtabula,12,1
Ashton,1,1
Ashton,5,3
Ashton,7,1
Ashton,9,2
Ashton,10,1
Ashton,12,3
Ashuelot,10,1
Ashuelot,11,1
Ashville,1,28
Ashville,2,5
Ashville,3,7
Ashville,4,6
Ashville,5,7
Ashville,6,9
Ashville,7,8
Ashville,8,4
Ashville,9,2
Ashville,10,8
Ashville,11,12
Ashville,12,10
Askov,1,3
Askov,2,4
Askov,4,7
Askov,5,1
Askov,6,1
Askov,7,1
Askov,8,3
Askov,9,3
Askov,11,1
Askov,12,6
Aspen,1,6
Aspen,2,1
Aspen,4,3
Aspen,5,2
Aspen,8,21
Aspen,10,13
Aspen,11,2
Aspers,1,5
Aspers,2,5
Aspers,4,1
Aspers,6,3
Aspers,7,2
Aspers,8,4
Aspers,9,2
Aspers,10,1
Aspers,12,2
Aspinwall,10,2
Assawoman,8,3
Assonet,1,5
Assonet,2,1
Assonet,3,3
Assonet,4,1
Assonet,5,1
Assonet,6,1
Assonet,8,1
Assonet,9,1
Assonet,10,1
Assonet,11,1
Assonet,12,1
Astatula,1,1
Astatula,2,4
Astatula,4,2
Astatula,11,1
Astatula,12,2
Aston,1,23
Aston,2,22
Aston,3,11
Aston,4,10
Aston,5,6
Aston,6,14
Aston,7,7
Aston,8,12
Aston,9,23
Aston,10,12
Aston,11,18
Aston,12,17
Astor,1,2
Astor,2,4
Astor,3,2
Astor,4,2
Astor,5,6
Astor,6,7
Astor,7,7
Astor,8,4
Astor,9,8
Astor,10,8
Astor,11,6
Astor,12,4
Astoria,1,93
Astoria,2,60
Astoria,3,30
Astoria,4,57
Astoria,5,55
Astoria,6,57
Astoria,7,67
Astoria,8,78
Astoria,9,66
Astoria,10,56
Astoria,11,43
Astoria,12,48
Atalissa,1,2
Atalissa,2,5
Atalissa,5,1
Atalissa,6,1
Atalissa,8,2
Atalissa,9,2
Atalissa,10,1
Atalissa,12,3
Atascadero,1,27
Atascadero,2,20
Atascadero,3,27
Atascadero,4,16
Atascadero,5,15
Atascadero,6,19
Atascadero,7,19
Atascadero,8,25
Atascadero,9,14
Atascadero,10,16
Atascadero,11,16
Atascadero,12,28
Atascosa,4,1
Atascosa,7,2
Atascosa,8,1
Atco,2,2
Atco,3,1
Atco,4,3
Atco,5,1
Atco,6,2
Atco,8,4
Atco,9,3
Atco,10,4
Atco,11,6
Atglen,1,5
Atglen,2,6
Atglen,3,1
Atglen,4,5
Atglen,5,1
Atglen,6,1
Atglen,7,2
Atglen,8,5
Atglen,9,1
Atglen,11,5
Atglen,12,4
Athena,1,3
Athena,3,1
Athena,4,2
Athena,5,2
Athena,8,3
Athena,12,11
Athens,1,89
Athens,2,59
Athens,3,48
Athens,4,81
Athens,5,83
Athens,6,79
Athens,7,56
Athens,8,76
Athens,9,35
Athens,10,28
Athens,11,40
Athens,12,47
Atherton,1,2
Atherton,2,3
Atherton,3,6
Atherton,4,1
Atherton,5,1
Atherton,7,3
Atherton,8,7
Atherton,9,2
Atherton,10,4
Atherton,11,4
Atherton,12,8
Athol,2,1
Athol,4,3
Athol,11,2
Athol,12,1
Atkins,1,9
Atkins,2,7
Atkins,3,6
Atkins,4,15
Atkins,5,25
Atkins,6,18
Atkins,7,9
Atkins,8,14
Atkins,9,18
Atkins,10,13
Atkins,11,11
Atkins,12,11
Atkinson,1,1
Atkinson,2,2
Atkinson,4,2
Atkinson,5,1
Atkinson,6,6
Atkinson,8,1
Atkinson,9,1
Atkinson,11,3
Atlanta,1,2104
Atlanta,2,1611
Atlanta,3,1420
Atlanta,4,1199
Atlanta,5,989
Atlanta,6,887
Atlanta,7,964
Atlanta,8,1409
Atlanta,9,1219
Atlanta,10,1041
Atlanta,11,1454
Atlanta,12,1906
Atlanta-Decatur,4,1
Atlanta-Decatur,5,1
Atlanta-Decatur,7,2
Atlanta-Decatur,8,1
Atlantic,1,36
Atlantic,2,16
Atlantic,3,3
Atlantic,4,5
Atlantic,5,1
Atlantic,6,2
Atlantic,7,4
Atlantic,8,4
Atlantic,10,1
Atlantic,11,3
Atlantic,12,7
Atlantic Beach,1,3
Atlantic Beach,5,1
Atlantic Beach,8,2
Atlantic City,1,6
Atlantic City,2,5
Atlantic City,3,6
Atlantic City,4,6
Atlantic City,5,8
Atlantic City,6,10
Atlantic City,7,13
Atlantic City,8,5
Atlantic City,9,6
Atlantic City,10,8
Atlantic City,11,8
Atlantic City,12,5
Atlantic Highlands,7,3
Atlantic Highlands,8,1
Atlantic Highlands,12,1
Atlantic Mine,7,1
Atlas,3,1
Atlas,5,1
Atlas,9,1
Atmore,1,5
Atmore,2,2
Atmore,3,2
Atmore,4,10
Atmore,5,15
Atmore,6,6
Atmore,7,10
Atmore,8,2
Atmore,9,8
Atmore,10,3
Atmore,11,15
Atmore,12,14
Atoka,4,1
Atoka,10,1
Atoka,12,1
Attalla,1,2
Attalla,2,3
Attalla,3,4
Attalla,4,1
Attalla,5,2
Attalla,6,3
Attalla,7,5
Attalla,8,2
Attalla,9,6
Attalla,10,9
Attalla,11,1
Attalla,12,3
Attica,1,5
Attica,2,5
Attica,3,1
Attica,5,1
Attica,6,2
Attica,7,6
Attica,8,3
Attica,9,1
Attica,11,2
Attleboro,1,15
Attleboro,2,17
Attleboro,3,11
Attleboro,4,12
Attleboro,5,17
Attleboro,6,12
Attleboro,7,10
Attleboro,8,14
Attleboro,9,23
Attleboro,10,7
Attleboro,11,10
Attleboro,12,13
Attleboro Falls,1,3
Attleboro Falls,2,9
Attleboro Falls,3,4
Attleboro Falls,4,6
Attleboro Falls,5,6
Attleboro Falls,6,2
Attleboro Falls,7,8
Attleboro Falls,8,7
Attleboro Falls,9,8
Attleboro Falls,10,3
Attleboro Falls,11,2
Attleboro Falls,12,1
Atwater,1,133
Atwater,2,103
Atwater,3,43
Atwater,4,58
Atwater,5,67
Atwater,6,53
Atwater,7,49
Atwater,8,61
Atwater,9,68
Atwater,10,35
Atwater,11,74
Atwater,12,67
Atwood,2,3
Atwood,3,2
Atwood,4,2
Atwood,6,1
Atwood,7,4
Atwood,12,5
Auberry,1,33
Auberry,2,10
Auberry,3,11
Auberry,4,14
Auberry,5,7
Auberry,6,11
Auberry,7,13
Auberry,8,12
Auberry,9,6
Auberry,10,8
Auberry,11,12
Auberry,12,19
Aubrey,10,1
Auburn,1,268
Auburn,2,220
Auburn,3,133
Auburn,4,118
Auburn,5,127
Auburn,6,164
Auburn,7,138
Auburn,8,169
Auburn,9,132
Auburn,10,143
Auburn,11,252
Auburn,12,224
Auburn Hills,1,24
Auburn Hills,2,15
Auburn Hills,3,9
Auburn Hills,4,15
Auburn Hills,5,6
Auburn Hills,6,15
Auburn Hills,7,7
Auburn Hills,8,11
Auburn Hills,9,5
Auburn Hills,10,13
Auburn Hills,11,13
Auburn Hills,12,31
Auburndale,1,15
Auburndale,2,13
Auburndale,3,9
Auburndale,4,24
Auburndale,5,14
Auburndale,6,11
Auburndale,7,8
Auburndale,8,9
Auburndale,9,9
Auburndale,10,12
Auburndale,11,8
Auburndale,12,2
Auburntown,9,2
Audubon,1,3
Audubon,2,4
Audubon,5,4
Audubon,6,7
Audubon,7,1
Audubon,9,5
Audubon,10,4
Audubon,11,2
Audubon,12,3
Augusta,1,214
Augusta,2,318
Augusta,3,258
Augusta,4,353
Augusta,5,299
Augusta,6,303
Augusta,7,233
Augusta,8,252
Augusta,9,166
Augusta,10,151
Augusta,11,157
Augusta,12,161
Ault,2,3
Ault,6,6
Ault,7,3
Ault,8,10
Ault,10,1
Ault,11,2
Aumsville,1,9
Aumsville,2,16
Aumsville,3,1
Aumsville,4,1
Aumsville,5,4
Aumsville,6,1
Aumsville,7,3
Aumsville,8,11
Aumsville,9,5
Aumsville,10,2
Aumsville,11,1
Aumsville,12,8
Aurora,1,195
Aurora,2,166
Aurora,3,132
Aurora,4,118
Aurora,5,97
Aurora,6,84
Aurora,7,114
Aurora,8,121
Aurora,9,131
Aurora,10,87
Aurora,11,107
Aurora,12,178
Austell,1,36
Austell,2,31
Austell,3,42
Austell,4,31
Austell,5,24
Austell,6,30
Austell,7,19
Austell,8,26
Austell,9,24
Austell,10,30
Austell,11,26
Austell,12,44
Austerlitz,1,1
Austerlitz,2,3
Austerlitz,3,1
Austerlitz,5,2
Austerlitz,7,1
Austerlitz,10,3
Austerlitz,11,4
Austerlitz,12,1
Austin,1,2262
Austin,2,1767
Austin,3,1213
Austin,4,1104
Austin,5,1160
Austin,6,1384
Austin,7,1379
Austin,8,1716
Austin,9,2714
Austin,10,1995
Austin,11,2584
Austin,12,1893
Austinburg,1,3
Austinburg,2,1
Austinburg,8,1
Austinburg,9,1
Austinburg,11,2
Austinville,1,23
Austinville,2,7
Austinville,3,6
Austinville,4,23
Austinville,5,6
Austinville,6,19
Austinville,7,33
Austinville,8,13
Austinville,9,12
Austinville,10,11
Austinville,11,29
Austinville,12,14
Autaugaville,1,1
Autaugaville,2,3
Autaugaville,3,7
Autaugaville,4,5
Autaugaville,5,2
Autaugaville,6,3
Autaugaville,9,2
Autaugaville,12,1
Autryville,1,6
Autryville,2,4
Autryville,6,5
Autryville,8,3
Autryville,12,1
Auxvasse,1,4
Auxvasse,3,1
Auxvasse,4,1
Auxvasse,9,2
Auxvasse,12,1
Ava,1,1
Ava,3,2
Ava,5,1
Ava,6,2
Avalon,2,1
Avalon-Mulat,1,2
Avalon-Mulat,2,1
Avalon-Mulat,3,3
Avalon-Mulat,4,2
Avalon-Mulat,5,1
Avalon-Mulat,6,1
Avalon-Mulat,7,3
Avalon-Mulat,8,3
Avalon-Mulat,9,4
Avalon-Mulat,11,3
Avalon-Mulat,12,1
Ave Maria,2,1
Ave Maria,10,1
Avella,1,1
Avella,2,2
Avella,4,7
Avella,5,6
Avella,7,5
Avenal,1,17
Avenal,2,14
Avenal,3,3
Avenal,4,5
Avenal,5,11
Avenal,6,20
Avenal,7,12
Avenal,8,15
Avenal,9,4
Avenal,10,10
Avenal,11,13
Avenal,12,9
Avenel,1,7
Avenel,2,3
Avenel,3,2
Avenel,4,7
Avenel,5,6
Avenel,6,5
Avenel,7,8
Avenel,8,2
Avenel,9,11
Avenel,10,4
Avenel,12,9
Aventura,1,66
Aventura,2,74
Aventura,3,32
Aventura,4,60
Aventura,5,152
Aventura,6,39
Aventura,7,6
Aventura,8,17
Aventura,9,23
Aventura,10,29
Aventura,11,9
Aventura,12,17
Averill Park,1,7
Averill Park,2,8
Averill Park,3,8
Averill Park,4,6
Averill Park,5,1
Averill Park,6,7
Averill Park,7,1
Averill Park,8,2
Averill Park,9,2
Averill Park,10,14
Averill Park,11,9
Averill Park,12,7
Avery,5,2
Avery,8,1
Avery,10,1
Avery,11,1
Avery,12,1
Avila Beach,1,7
Avila Beach,2,6
Avila Beach,3,5
Avila Beach,4,1
Avila Beach,5,3
Avila Beach,6,10
Avila Beach,7,12
Avila Beach,8,9
Avila Beach,9,3
Avila Beach,11,3
Avila Beach,12,1
Avilla,8,1
Avis,1,3
Avis,2,1
Avis,4,1
Avis,7,3
Avis,10,2
Avis,11,1
Avoca,1,20
Avoca,2,7
Avoca,3,2
Avoca,4,9
Avoca,5,8
Avoca,6,2
Avoca,8,1
Avoca,9,4
Avoca,10,3
Avoca,11,3
Avoca,12,12
Avon,1,85
Avon,2,22
Avon,3,37
Avon,4,27
Avon,5,12
Avon,6,27
Avon,7,31
Avon,8,25
Avon,9,34
Avon,10,16
Avon,11,37
Avon,12,84
Avon By the Sea,5,2
Avon Park,1,26
Avon Park,2,14
Avon Park,3,16
Avon Park,4,12
Avon Park,5,9
Avon Park,6,21
Avon Park,7,16
Avon Park,8,12
Avon Park,9,15
Avon Park,10,11
Avon Park,11,16
Avon Park,12,19
Avondale,1,66
Avondale,2,95
Avondale,3,66
Avondale,4,90
Avondale,5,53
Avondale,6,62
Avondale,7,59
Avondale,8,73
Avondale,9,69
Avondale,10,56
Avondale,11,54
Avondale,12,64
Avondale Estates,1,7
Avondale Estates,2,3
Avondale Estates,3,1
Avondale Estates,5,1
Avondale Estates,6,5
Avondale Estates,8,2
Avondale Estates,9,4
Avondale Estates,11,7
Avondale Estates,12,7
Avonmore,1,2
Avonmore,4,2
Avonmore,7,4
Avonmore,10,5
Avonmore,12,3
Awendaw,1,3
Awendaw,6,4
Awendaw,7,1
Awendaw,9,1
Awendaw,10,1
Awendaw,11,1
Awendaw,12,1
Axis,1,1
Axis,5,1
Axis,6,1
Axson,12,2
Axtell,1,1
Axton,1,1
Axton,2,2
Axton,4,7
Axton,5,4
Axton,6,2
Axton,7,3
Axton,8,3
Axton,11,3
Axton,12,5
Ayden,1,14
Ayden,7,4
Ayden,10,3
Ayden,12,1
Ayer,1,5
Ayer,7,3
Ayer,8,1
Ayer,10,1
Ayer,11,1
Ayer,12,2
Aylett,1,3
Aylett,2,2
Aylett,3,2
Aylett,4,1
Aylett,6,5
Aylett,7,4
Aylett,9,2
Aylett,10,2
Aylett,12,7
Aynor,1,23
Aynor,2,13
Aynor,3,21
Aynor,4,17
Aynor,5,12
Aynor,6,10
Aynor,7,13
Aynor,8,9
Aynor,9,12
Aynor,10,17
Aynor,11,14
Aynor,12,15
Azalea,1,13
Azalea,2,9
Azalea,3,1
Azalea,4,7
Azalea,5,2
Azalea,6,2
Azalea,7,8
Azalea,8,2
Azalea,9,4
Azalea,10,5
Azalea,11,8
Azalea,12,23
Azle,2,1
Azle,6,1
Azle,9,3
Aztec,2,1
Azusa,1,163
Azusa,2,186
Azusa,3,137
Azusa,4,112
Azusa,5,103
Azusa,6,113
Azusa,7,115
Azusa,8,114
Azusa,9,100
Azusa,10,88
Azusa,11,130
Azusa,12,105
Babb,6,1
Babb,7,2
Babb,8,13
Babb,9,2
Babb,11,3
Babb,12,5
Babson Park,1,1
Babson Park,12,1
Babylon,1,1
Babylon,2,3
Babylon,3,3
Babylon,4,2
Babylon,5,6
Babylon,6,4
Babylon,7,14
Babylon,8,3
Babylon,9,4
Babylon,10,1
Babylon,11,3
Babylon,12,3
Backus,1,16
Backus,2,4
Backus,3,6
Backus,4,3
Backus,5,4
Backus,6,4
Backus,7,2
Backus,8,9
Backus,9,6
Backus,10,5
Backus,11,5
Backus,12,5
Baconton,1,1
Baconton,2,3
Baconton,4,4
Baconton,12,4
Baden,3,3
Baden,6,4
Baden,9,2
Badger,2,2
Badger,3,3
Badger,5,2
Badger,6,2
Badger,7,3
Badger,9,4
Badger,10,1
Badger,11,2
Badger,12,3
Bagdad,2,1
Bagdad,3,1
Bagdad,4,1
Bagley,1,16
Bagley,2,3
Bagley,4,2
Bagley,5,2
Bagley,6,3
Bagley,7,3
Bagley,8,3
Bagley,9,1
Bagley,10,3
Bagley,11,7
Bagley,12,7
Bahama,7,1
Bahama,9,1
Bailey,1,5
Bailey,2,12
Bailey,3,13
Bailey,4,14
Bailey,5,4
Bailey,6,11
Bailey,7,17
Bailey,8,20
Bailey,9,4
Bailey,11,11
Bailey,12,4
Baileys Harbor,4,3
Baileys Harbor,6,4
Baileyton,1,2
Baileyton,5,1
Baileyton,8,1
Baileyton,9,4
Bainbridge,1,3
Bainbridge,2,9
Bainbridge,3,6
Bainbridge,4,2
Bainbridge,5,3
Bainbridge,6,2
Bainbridge,7,6
Bainbridge,8,1
Bainbridge,9,2
Bainbridge,10,7
Bainbridge,11,7
Bainbridge,12,6
Bainbridge Island,3,1
Bainbridge Island,4,1
Bainville,2,1
Bainville,7,1
Bainville,8,1
Bainville,12,1
Baird,4,1
Baird,6,1
Baird,9,2
Baird,11,1
Baird,12,1
Baker,1,59
Baker,2,41
Baker,3,25
Baker,4,31
Baker,5,39
Baker,6,30
Baker,7,47
Baker,8,37
Baker,9,37
Baker,10,22
Baker,11,26
Baker,12,42
Baker City,1,101
Baker City,2,144
Baker City,3,25
Baker City,4,28
Baker City,5,18
Baker City,6,21
Baker City,7,31
Baker City,8,26
Baker City,9,40
Baker City,10,15
Baker City,11,43
Baker City,12,176
Bakers Mills,4,1
Bakers Mills,11,1
Bakers Mills,12,3
Bakersfield,1,1315
Bakersfield,2,1092
Bakersfield,3,716
Bakersfield,4,718
Bakersfield,5,647
Bakersfield,6,646
Bakersfield,7,627
Bakersfield,8,671
Bakersfield,9,608
Bakersfield,10,518
Bakersfield,11,649
Bakersfield,12,827
Bakersville,1,1
Bakersville,4,3
Bakersville,8,1
Bakersville,9,6
Bakersville,12,1
Bal Harbour,1,8
Bal Harbour,2,10
Bal Harbour,3,1
Bal Harbour,4,3
Bal Harbour,5,5
Bal Harbour,6,11
Bal Harbour,7,6
Bal Harbour,8,2
Bal Harbour,9,2
Bal Harbour,10,1
Bal Harbour,12,6
Bala Cynwyd,1,99
Bala Cynwyd,2,74
Bala Cynwyd,3,40
Bala Cynwyd,4,64
Bala Cynwyd,5,65
Bala Cynwyd,6,50
Bala Cynwyd,7,48
Bala Cynwyd,8,38
Bala Cynwyd,9,47
Bala Cynwyd,10,37
Bala Cynwyd,11,48
Bala Cynwyd,12,58
Balaton,1,4
Balaton,2,4
Balaton,3,2
Balaton,4,1
Balaton,8,6
Balaton,9,2
Balaton,10,1
Balaton,11,3
Balaton,12,3
Balch Springs,1,52
Balch Springs,2,56
Balch Springs,3,47
Balch Springs,4,32
Balch Springs,5,19
Balch Springs,6,42
Balch Springs,7,37
Balch Springs,8,56
Balch Springs,9,27
Balch Springs,10,38
Balch Springs,11,30
Balch Springs,12,28
Bald Knob,1,4
Bald Knob,2,6
Bald Knob,4,1
Bald Knob,6,4
Bald Knob,7,3
Bald Knob,9,2
Bald Knob,10,2
Bald Knob,11,3
Baldwin,1,10
Baldwin,2,8
Baldwin,3,7
Baldwin,4,15
Baldwin,5,9
Baldwin,6,6
Baldwin,7,15
Baldwin,8,12
Baldwin,9,5
Baldwin,10,7
Baldwin,11,6
Baldwin,12,15
Baldwin City,4,1
Baldwin Park,1,334
Baldwin Park,2,396
Baldwin Park,3,263
Baldwin Park,4,236
Baldwin Park,5,182
Baldwin Park,6,260
Baldwin Park,7,249
Baldwin Park,8,201
Baldwin Park,9,191
Baldwin Park,10,186
Baldwin Park,11,178
Baldwin Park,12,246
Baldwin Place,1,3
Baldwin Place,2,2
Baldwin Place,3,1
Baldwin Place,5,1
Baldwin Place,6,3
Baldwin Place,7,1
Baldwin Place,8,4
Baldwin Place,12,1
Baldwinsville,1,6
Baldwinsville,2,1
Baldwinsville,4,8
Baldwinsville,5,1
Baldwinsville,6,2
Baldwinsville,7,9
Baldwinsville,8,6
Baldwinsville,9,2
Baldwinville,7,1
Ball Ground,1,1
Ball Ground,2,2
Ball Ground,3,1
Ball Ground,4,2
Ball Ground,6,3
Ball Ground,7,1
Ball Ground,8,4
Ball Ground,9,1
Ball Ground,11,3
Ball Ground,12,1
Ballantine,1,3
Ballantine,2,7
Ballantine,3,1
Ballantine,4,1
Ballantine,7,1
Ballantine,8,4
Ballantine,9,4
Ballantine,10,1
Ballantine,11,3
Ballantine,12,12
Ballard,3,1
Ballico,1,7
Ballico,2,4
Ballico,3,2
Ballico,4,4
Ballico,5,7
Ballico,6,4
Ballico,7,2
Ballico,8,6
Ballico,9,10
Ballico,10,3
Ballico,11,1
Ballico,12,3
Ballston Lake,1,13
Ballston Lake,2,16
Ballston Lake,3,3
Ballston Lake,4,10
Ballston Lake,5,6
Ballston Lake,6,10
Ballston Lake,7,8
Ballston Lake,8,14
Ballston Lake,9,4
Ballston Lake,10,8
Ballston Lake,11,8
Ballston Lake,12,12
Ballston Spa,1,66
Ballston Spa,2,88
Ballston Spa,3,28
Ballston Spa,4,17
Ballston Spa,5,35
Ballston Spa,6,32
Ballston Spa,7,28
Ballston Spa,8,32
Ballston Spa,9,32
Ballston Spa,10,38
Ballston Spa,11,48
Ballston Spa,12,50
Ballwin,1,6
Ballwin,2,3
Ballwin,3,2
Ballwin,4,6
Ballwin,5,2
Ballwin,6,1
Ballwin,7,4
Ballwin,8,4
Ballwin,10,9
Ballwin,11,3
Ballwin,12,2
Balmorhea,1,2
Balmorhea,2,1
Balmorhea,7,4
Balmorhea,8,1
Balmorhea,9,1
Balmorhea,12,2
Balsam Grove,5,4
Baltimore,1,311
Baltimore,2,233
Baltimore,3,154
Baltimore,4,207
Baltimore,5,199
Baltimore,6,164
Baltimore,7,191
Baltimore,8,198
Baltimore,9,210
Baltimore,10,141
Baltimore,11,208
Baltimore,12,251
Bamberg,1,6
Bamberg,2,14
Bamberg,3,9
Bamberg,4,12
Bamberg,5,7
Bamberg,6,15
Bamberg,7,4
Bamberg,8,8
Bamberg,9,8
Bamberg,10,4
Bamberg,11,8
Bamberg,12,8
Bancroft,2,9
Bancroft,4,1
Bancroft,6,1
Bancroft,7,1
Bancroft,8,1
Bancroft,10,1
Bancroft,12,2
Bandon,1,18
Bandon,2,14
Bandon,3,7
Bandon,4,11
Bandon,5,2
Bandon,6,12
Bandon,7,7
Bandon,8,11
Bandon,9,7
Bandon,10,6
Bandon,11,3
Bandon,12,15
Bandy,1,3
Bandy,7,1
Bangor,1,4
Bangor,3,4
Bangor,4,1
Bangor,5,8
Bangor,6,10
Bangor,7,5
Bangor,8,8
Bangor,9,4
Bangor,10,3
Bangor,11,14
Bangor,12,11
Banks,1,21
Banks,2,18
Banks,3,13
Banks,4,10
Banks,5,9
Banks,6,23
Banks,7,10
Banks,8,18
Banks,9,23
Banks,10,13
Banks,11,13
Banks,12,9
Bankston,4,1
Bankston,11,1
Banner,4,4
Banner,9,4
Banner,11,3
Banner,12,3
Banner Elk,1,3
Banner Elk,3,2
Banner Elk,4,1
Banner Elk,8,2
Banner Elk,11,3
Banner Elk,12,2
Bannockburn,7,3
Bapchule,1,7
Bapchule,2,13
Bapchule,3,3
Bapchule,4,12
Bapchule,5,8
Bapchule,7,4
Bapchule,8,8
Bapchule,9,7
Bapchule,10,2
Bapchule,11,3
Bapchule,12,5
Bar Harbor,1,1
Baraboo,1,6
Baraboo,2,3
Baraboo,5,3
Baraboo,6,4
Baraboo,7,8
Baraboo,8,8
Baraboo,9,12
Baraboo,10,1
Baraboo,12,11
Barberton,1,11
Barberton,2,3
Barberton,3,2
Barberton,4,2
Barberton,5,2
Barberton,6,2
Barberton,8,5
Barberton,9,2
Barberton,10,3
Barberton,11,19
Barberton,12,7
Barboursville,1,11
Barboursville,2,9
Barboursville,3,13
Barboursville,4,33
Barboursville,5,8
Barboursville,6,15
Barboursville,7,4
Barboursville,8,6
Barboursville,9,8
Barboursville,10,19
Barboursville,11,13
Barboursville,12,41
Barclay,3,2
Barclay,8,5
Barclay,10,3
Barco,1,1
Barco,6,3
Bard,3,2
Bard,11,2
Bardstown,9,5
Bardwell,7,3
Bargersville,2,2
Barhamsville,2,1
Barhamsville,3,4
Barhamsville,5,1
Barhamsville,6,6
Barhamsville,7,3
Barhamsville,8,7
Barhamsville,10,5
Barhamsville,11,1
Barhamsville,12,3
Baring,1,1
Baring,2,2
Baring,11,1
Barker,4,2
Barker,9,3
Barkhamsted,3,3
Barksdale,2,1
Barksdale,8,2
Barksdale AFB,1,1
Barksdale AFB,2,1
Barksdale AFB,3,1
Barksdale AFB,4,2
Barksdale AFB,5,1
Barksdale AFB,7,1
Barksdale AFB,8,1
Barksdale AFB,9,5
Barksdale AFB,12,1
Barling,1,2
Barling,11,2
Barnardsville,9,2
Barnegat,1,6
Barnegat,2,8
Barnegat,3,2
Barnegat,4,1
Barnegat,5,2
Barnegat,6,4
Barnegat,7,9
Barnegat,8,8
Barnegat,9,10
Barnegat,10,2
Barnegat,11,7
Barnegat,12,2
Barnesville,1,20
Barnesville,2,5
Barnesville,3,13
Barnesville,4,20
Barnesville,5,8
Barnesville,6,15
Barnesville,7,14
Barnesville,8,8
Barnesville,9,6
Barnesville,10,6
Barnesville,11,13
Barnesville,12,16
Barnet,12,1
Barnett,6,3
Barneveld,1,2
Barneveld,2,4
Barneveld,3,2
Barneveld,4,1
Barneveld,5,5
Barneveld,7,5
Barneveld,10,2
Barneveld,11,1
Barneveld,12,1
Barney,2,2
Barney,4,2
Barney,6,2
Barney,7,7
Barney,11,2
Barney,12,8
Barnhart,1,5
Barnhart,2,2
Barnhart,3,1
Barnhart,5,2
Barnhart,6,3
Barnhart,7,1
Barnhart,9,7
Barnhart,10,4
Barnhart,11,3
Barnhart,12,1
Barnhill,3,3
Barnhill,5,2
Barnhill,6,4
Barnhill,9,1
Barnstead,5,1
Barnum,1,12
Barnum,2,11
Barnum,3,4
Barnum,4,6
Barnum,5,3
Barnum,6,4
Barnum,7,4
Barnum,8,3
Barnum,9,2
Barnum,10,2
Barnum,11,1
Barnum,12,13
Barnwell,1,22
Barnwell,2,23
Barnwell,3,11
Barnwell,4,9
Barnwell,5,17
Barnwell,6,15
Barnwell,7,10
Barnwell,8,18
Barnwell,9,14
Barnwell,10,14
Barnwell,11,10
Barnwell,12,13
Barren Springs,11,2
Barrett,4,1
Barrett,11,2
Barrett,12,4
Barrington,1,90
Barrington,2,72
Barrington,3,44
Barrington,4,31
Barrington,5,64
Barrington,6,56
Barrington,7,57
Barrington,8,61
Barrington,9,51
Barrington,10,37
Barrington,11,48
Barrington,12,44
Barry,1,1
Barry,2,1
Barry,3,1
Barry,5,2
Barry,6,1
Barstow,1,34
Barstow,2,45
Barstow,3,13
Barstow,4,36
Barstow,5,23
Barstow,6,26
Barstow,7,44
Barstow,8,25
Barstow,9,42
Barstow,10,21
Barstow,11,30
Barstow,12,22
Bartlett,1,33
Bartlett,2,45
Bartlett,3,25
Bartlett,4,23
Bartlett,5,22
Bartlett,6,24
Bartlett,7,15
Bartlett,8,24
Bartlett,9,26
Bartlett,10,16
Bartlett,11,17
Bartlett,12,16
Barto,1,4
Barto,4,5
Barto,5,2
Barto,6,5
Barto,7,1
Barto,8,3
Barto,9,3
Barto,11,1
Barto,12,2
Barton,4,1
Barton,5,3
Bartonsville,1,6
Bartonsville,6,4
Bartonsville,7,2
Bartonsville,11,1
Bartonsville,12,4
Bartow,1,10
Bartow,2,8
Bartow,3,15
Bartow,4,6
Bartow,5,10
Bartow,6,5
Bartow,7,6
Bartow,8,10
Bartow,9,4
Bartow,10,6
Bartow,11,3
Bartow,12,7
Basalt,4,1
Bascom,1,1
Bascom,2,1
Bascom,3,1
Bascom,5,1
Bascom,6,2
Bascom,8,2
Bascom,9,5
Bascom,11,1
Bascom,12,1
Basehor,1,3
Basehor,2,4
Basehor,4,1
Basehor,5,1
Basehor,7,1
Basehor,9,1
Basehor,11,3
Basin,1,6
Basin,2,4
Basin,3,1
Basin,7,2
Basin,8,2
Basin,10,2
Basin,12,3
Baskerville,1,2
Baskerville,2,1
Baskerville,4,3
Baskerville,5,1
Baskerville,7,3
Baskerville,8,3
Baskerville,9,5
Baskerville,11,3
Baskerville,12,1
Basking Ridge,1,6
Basking Ridge,2,23
Basking Ridge,3,12
Basking Ridge,4,7
Basking Ridge,5,3
Basking Ridge,6,12
Basking Ridge,7,9
Basking Ridge,8,8
Basking Ridge,9,12
Basking Ridge,10,11
Basking Ridge,11,10
Basking Ridge,12,6
Basom,12,1
Bass Lake,1,6
Bass Lake,4,1
Bass Lake,5,6
Bass Lake,6,5
Bass Lake,7,12
Bass Lake,8,3
Bass Lake,9,3
Bass Lake,10,3
Bass Lake,11,2
Bass Lake,12,7
Bassett,1,14
Bassett,2,10
Bassett,3,12
Bassett,4,16
Bassett,5,2
Bassett,6,1
Bassett,7,4
Bassett,8,7
Bassett,9,4
Bassett,10,6
Bassett,11,14
Bassett,12,9
Bastian,1,6
Bastian,2,4
Bastian,3,4
Bastian,4,7
Bastian,5,9
Bastian,7,6
Bastian,8,10
Bastian,9,3
Bastian,10,4
Bastian,11,11
Bastian,12,2
Bastrop,1,1
Bastrop,4,1
Bastrop,7,3
Bastrop,9,1
Bastrop,11,2
Basye,5,3
Batavia,1,57
Batavia,2,33
Batavia,3,23
Batavia,4,15
Batavia,5,31
Batavia,6,22
Batavia,7,23
Batavia,8,46
Batavia,9,16
Batavia,10,15
Batavia,11,38
Batavia,12,44
Bates,1,1
Bates,2,10
Bates,4,4
Bates,5,1
Bates,6,1
Bates,7,2
Bates,8,2
Bates,9,3
Bates,10,1
Bates,11,3
Bates,12,11
Bates City,1,5
Bates City,2,5
Bates City,3,3
Bates City,4,11
Bates City,6,1
Bates City,7,9
Bates City,8,2
Bates City,9,7
Bates City,10,3
Bates City,11,5
Bates City,12,5
Batesburg,1,13
Batesburg,2,7
Batesburg,3,8
Batesburg,4,10
Batesburg,5,5
Batesburg,6,13
Batesburg,7,14
Batesburg,8,25
Batesburg,9,9
Batesburg,10,10
Batesburg,11,14
Batesburg,12,18
Batesburg-Leesville,1,31
Batesburg-Leesville,2,18
Batesburg-Leesville,3,15
Batesburg-Leesville,4,25
Batesburg-Leesville,5,11
Batesburg-Leesville,6,11
Batesburg-Leesville,7,13
Batesburg-Leesville,8,22
Batesburg-Leesville,9,6
Batesburg-Leesville,10,11
Batesburg-Leesville,11,11
Batesburg-Leesville,12,6
Batesville,1,8
Batesville,2,2
Batesville,3,5
Batesville,4,1
Batesville,5,4
Batesville,6,14
Batesville,7,2
Batesville,9,16
Batesville,10,8
Batesville,11,3
Batesville,12,4
Bath,1,6
Bath,2,9
Bath,5,1
Bath,6,9
Bath,7,11
Bath,8,2
Bath,9,7
Bath,10,1
Bath,11,8
Bath,12,1
Baton Rouge,1,2982
Baton Rouge,2,2082
Baton Rouge,3,1489
Baton Rouge,4,1992
Baton Rouge,5,1948
Baton Rouge,6,1628
Baton Rouge,7,1463
Baton Rouge,8,2007
Baton Rouge,9,2030
Baton Rouge,10,1426
Baton Rouge,11,1708
Baton Rouge,12,2077
Battle Creek,1,17
Battle Creek,2,33
Battle Creek,3,26
Battle Creek,4,16
Battle Creek,5,17
Battle Creek,6,19
Battle Creek,7,1
Battle Creek,8,21
Battle Creek,9,22
Battle Creek,10,16
Battle Creek,11,46
Battle Creek,12,29
Battle Ground,1,2
Battle Ground,3,1
Battle Ground,4,5
Battle Ground,5,4
Battle Ground,6,2
Battle Ground,7,2
Battle Ground,8,2
Battle Ground,9,3
Battle Ground,10,4
Battle Ground,11,1
Battle Ground,12,3
Battle Lake,1,7
Battle Lake,2,1
Battle Lake,3,5
Battle Lake,4,1
Battle Lake,5,6
Battle Lake,6,8
Battle Lake,11,2
Battle Lake,12,10
Battle Mountain,1,1
Battle Mountain,2,4
Battle Mountain,3,3
Battle Mountain,4,4
Battle Mountain,5,4
Battle Mountain,6,11
Battle Mountain,7,4
Battle Mountain,8,9
Battle Mountain,9,2
Battle Mountain,10,5
Battle Mountain,11,1
Battle Mountain,12,4
Battleboro,1,4
Battleboro,2,1
Battleboro,3,1
Battleboro,4,3
Battleboro,5,1
Battleboro,6,3
Battleboro,7,10
Battleboro,8,4
Battleboro,9,1
Battleboro,10,1
Battleboro,11,3
Battleboro,12,14
Battlefield,9,3
Battlefield,11,1
Baudette,1,12
Baudette,2,6
Baudette,3,1
Baudette,10,3
Baudette,11,3
Bauxite,6,3
Baxley,2,2
Baxley,9,4
Baxley,12,2
Baxter,1,11
Baxter,2,9
Baxter,3,6
Baxter,4,11
Baxter,5,7
Baxter,6,2
Baxter,7,6
Baxter,8,1
Baxter,9,10
Baxter,11,5
Baxter,12,15
Bay,1,2
Bay,2,3
Bay,3,3
Bay,8,2
Bay,9,1
Bay,10,2
Bay,11,1
Bay,12,2
Bay City,1,14
Bay City,2,5
Bay City,3,5
Bay City,4,3
Bay City,5,17
Bay City,6,6
Bay City,7,18
Bay City,8,13
Bay City,9,4
Bay City,10,3
Bay City,11,17
Bay City,12,14
Bay Harbor Islands,1,4
Bay Harbor Islands,2,4
Bay Harbor Islands,3,2
Bay Harbor Islands,4,4
Bay Harbor Islands,6,1
Bay Harbor Islands,7,1
Bay Harbor Islands,8,2
Bay Harbor Islands,10,2
Bay Harbor Islands,11,2
Bay Harbor Islands,12,2
Bay Minette,1,19
Bay Minette,2,14
Bay Minette,3,5
Bay Minette,4,8
Bay Minette,5,17
Bay Minette,6,14
Bay Minette,7,18
Bay Minette,8,7
Bay Minette,9,8
Bay Minette,10,10
Bay Minette,11,4
Bay Minette,12,10
Bay Pines,7,1
Bay Point,1,30
Bay Point,2,28
Bay Point,3,21
Bay Point,4,15
Bay Point,5,11
Bay Point,6,9
Bay Point,7,15
Bay Point,8,20
Bay Point,9,14
Bay Point,10,24
Bay Point,11,15
Bay Point,12,15
Bay Saint Louis,1,10
Bay Saint Louis,3,3
Bay Saint Louis,4,1
Bay Saint Louis,5,3
Bay Saint Louis,7,3
Bay Saint Louis,8,3
Bay Saint Louis,9,4
Bay Saint Louis,10,1
Bay Saint Louis,11,1
Bay Shore,1,36
Bay Shore,2,51
Bay Shore,3,26
Bay Shore,4,32
Bay Shore,5,29
Bay Shore,6,33
Bay Shore,7,28
Bay Shore,8,45
Bay Shore,9,37
Bay Shore,10,33
Bay Shore,11,18
Bay Shore,12,32
Bay Springs,2,2
Bay St Louis,1,3
Bay St Louis,2,4
Bay St Louis,4,5
Bay St Louis,6,2
Bay St Louis,7,5
Bay St Louis,9,8
Bay St Louis,11,2
Bay St Louis,12,3
Bayard,6,3
Bayard,9,1
Bayboro,4,2
Bayfield,5,7
Bayfield,9,2
Bayfield,11,1
Bayfield,12,4
Bayonne,1,28
Bayonne,2,13
Bayonne,3,2
Bayonne,4,16
Bayonne,5,25
Bayonne,6,20
Bayonne,7,8
Bayonne,8,6
Bayonne,9,23
Bayonne,10,16
Bayonne,11,11
Bayonne,12,12
Bayou La Batre,3,1
Bayport,1,5
Bayport,2,8
Bayport,3,4
Bayport,4,3
Bayport,5,4
Bayport,6,8
Bayport,7,6
Bayport,8,7
Bayport,9,7
Bayport,10,8
Bayport,11,6
Bayport,12,7
Bayside,1,44
Bayside,2,28
Bayside,3,22
Bayside,4,29
Bayside,5,60
Bayside,6,65
Bayside,7,57
Bayside,8,62
Bayside,9,44
Bayside,10,55
Bayside,11,5
Bayside,12,25
Bayside Hills,1,1
Baytown,1,8
Baytown,2,12
Baytown,3,14
Baytown,4,7
Baytown,5,10
Baytown,6,10
Baytown,7,20
Baytown,8,6
Baytown,9,14
Baytown,10,19
Baytown,11,10
Baytown,12,11
Bayville,1,2
Bayville,2,12
Bayville,3,7
Bayville,4,2
Bayville,5,3
Bayville,6,1
Bayville,7,6
Bayville,8,9
Bayville,9,3
Bayville,10,8
Bayville,11,5
Bayville,12,2
Beach City,1,6
Beach City,7,1
Beach City,8,3
Beach Haven,9,1
Beach Lake,7,1
Beach Lake,12,1
Beach Park,1,10
Beach Park,2,10
Beach Park,3,6
Beach Park,4,6
Beach Park,5,1
Beach Park,6,1
Beach Park,7,11
Beach Park,8,9
Beach Park,9,9
Beach Park,10,2
Beach Park,11,5
Beach Park,12,7
Beachwood,1,33
Beachwood,2,14
Beachwood,3,5
Beachwood,4,7
Beachwood,5,3
Beachwood,6,2
Beachwood,7,5
Beachwood,8,13
Beachwood,9,4
Beachwood,10,7
Beachwood,11,19
Beachwood,12,33
Beacon,1,18
Beacon,2,21
Beacon,3,15
Beacon,4,11
Beacon,5,30
Beacon,6,36
Beacon,7,15
Beacon,8,17
Beacon,9,16
Beacon,10,9
Beacon,11,12
Beacon,12,16
Beacon Falls,1,10
Beacon Falls,2,8
Beacon Falls,3,2
Beacon Falls,4,1
Beacon Falls,5,1
Beacon Falls,6,1
Beacon Falls,7,3
Beacon Falls,8,8
Beacon Falls,9,9
Beacon Falls,10,4
Beacon Falls,11,4
Beacon Falls,12,7
Beale AFB,1,3
Beale AFB,6,1
Beale AFB,11,1
Bealeton,1,19
Bealeton,2,31
Bealeton,3,21
Bealeton,4,16
Bealeton,5,18
Bealeton,6,24
Bealeton,7,27
Bealeton,8,35
Bealeton,9,29
Bealeton,10,7
Bealeton,11,39
Bealeton,12,22
Beallsville,1,1
Beallsville,2,5
Beallsville,10,3
Bean Station,6,2
Bean Station,12,1
Bear,1,16
Bear,2,32
Bear,3,19
Bear,4,17
Bear,5,11
Bear,6,22
Bear,7,18
Bear,8,13
Bear,9,13
Bear,10,21
Bear,11,27
Bear,12,19
Bear Creek,2,1
Bear Creek,4,1
Bear Creek,7,1
Bear Creek,8,1
Bear Creek,9,2
Bear Creek,11,1
Bear Creek Township,1,1
Bear Creek Township,2,3
Bear Creek Township,3,1
Bear Creek Township,11,3
Bear Lake,2,2
Bear Mountain,4,2
Bear Mountain,5,1
Bear Mountain,7,1
Bear Mountain,8,3
Bear Mountain,9,2
Bear Mountain,10,2
Bear Mountain,11,2
Bear Mountain,12,4
Bearcreek,2,1
Bearcreek,10,1
Bearcreek,11,1
Bearden,1,1
Bearden,4,1
Bearden,5,3
Bearden,6,3
Bearden,10,2
Bearden,11,4
Beasley,3,1
Beasley,7,2
Beasley,10,3
Beasley,11,1
Beatrice,1,1
Beatrice,2,1
Beatrice,6,2
Beatrice,9,1
Beatty,1,5
Beatty,2,6
Beatty,3,1
Beatty,4,3
Beatty,7,3
Beatty,9,1
Beatty,11,2
Beatty,12,1
Beattyville,7,2
Beaufort,1,82
Beaufort,2,74
Beaufort,3,55
Beaufort,4,53
Beaufort,5,62
Beaufort,6,59
Beaufort,7,47
Beaufort,8,38
Beaufort,9,54
Beaufort,10,41
Beaufort,11,77
Beaufort,12,82
Beaumont,1,6
Beaumont,2,8
Beaumont,3,8
Beaumont,5,6
Beaumont,6,4
Beaumont,7,1
Beaumont,8,6
Beaumont,9,7
Beaumont,10,4
Beaumont,11,11
Beaumont,12,3
Beaver,1,32
Beaver,2,23
Beaver,3,21
Beaver,4,14
Beaver,5,16
Beaver,6,18
Beaver,7,10
Beaver,8,15
Beaver,9,21
Beaver,10,14
Beaver,11,19
Beaver,12,70
Beaver Creek,1,2
Beaver Creek,2,2
Beaver Creek,12,3
Beaver Crossing,1,1
Beaver Crossing,6,1
Beaver Crossing,7,9
Beaver Crossing,9,1
Beaver Crossing,11,1
Beaver Crossing,12,5
Beaver Dam,11,2
Beaver Dam,12,1
Beaver Falls,1,5
Beaver Falls,2,9
Beaver Falls,3,4
Beaver Falls,4,7
Beaver Falls,5,6
Beaver Falls,6,7
Beaver Falls,7,20
Beaver Falls,8,6
Beaver Falls,9,2
Beaver Falls,10,8
Beaver Falls,11,4
Beaver Falls,12,1
Beaver Springs,1,8
Beaver Springs,2,2
Beaver Springs,3,1
Beaver Springs,4,4
Beaver Springs,5,8
Beaver Springs,6,3
Beaver Springs,7,3
Beaver Springs,8,5
Beaver Springs,9,25
Beaver Springs,11,3
Beaver Springs,12,5
Beavercreek,1,1
Beavercreek,2,1
Beavercreek,3,2
Beavercreek,4,1
Beavercreek,8,1
Beavercreek,9,1
Beavercreek,11,2
Beavercreek,12,1
Beavercreek Township,12,1
Beaverdale,5,3
Beaverdam,6,1
Beaverdam,7,7
Beaverton,1,47
Beaverton,2,53
Beaverton,3,24
Beaverton,4,26
Beaverton,5,30
Beaverton,6,34
Beaverton,7,37
Beaverton,8,25
Beaverton,9,50
Beaverton,10,36
Beaverton,11,50
Beaverton,12,60
Beavertown,1,2
Beavertown,2,1
Beavertown,3,4
Beavertown,4,1
Beavertown,5,7
Beavertown,6,8
Beavertown,11,5
Beavertown,12,3
Beccaria,3,2
Bechtelsville,1,9
Bechtelsville,5,1
Bechtelsville,7,1
Bechtelsville,10,1
Bechtelsville,11,2
Bechtelsville,12,1
Becker,1,11
Becker,2,14
Becker,3,4
Becker,4,6
Becker,5,1
Becker,6,5
Becker,7,7
Becker,8,8
Becker,9,4
Becker,11,3
Becker,12,2
Becket,3,2
Becket,5,1
Becket,6,4
Beckley,1,13
Beckley,2,19
Beckley,3,11
Beckley,4,23
Beckley,5,11
Beckley,6,14
Beckley,7,26
Beckley,8,10
Beckley,9,28
Beckley,10,17
Beckley,11,5
Beckley,12,9
Beckwourth,1,2
Beckwourth,2,1
Beckwourth,3,3
Beckwourth,5,2
Beckwourth,6,4
Beckwourth,7,1
Beckwourth,8,2
Beckwourth,9,1
Beckwourth,10,1
Beckwourth,11,1
Beckwourth,12,6
Bedford,1,128
Bedford,2,87
Bedford,3,50
Bedford,4,43
Bedford,5,82
Bedford,6,75
Bedford,7,82
Bedford,8,76
Bedford,9,65
Bedford,10,58
Bedford,11,116
Bedford,12,101
Bedford Hills,1,5
Bedford Hills,2,9
Bedford Hills,3,1
Bedford Hills,4,3
Bedford Hills,5,6
Bedford Hills,6,6
Bedford Hills,7,3
Bedford Hills,8,1
Bedford Hills,9,2
Bedford Hills,10,2
Bedford Hills,11,7
Bedford Hills,12,7
Bedminster,1,22
Bedminster,2,36
Bedminster,3,22
Bedminster,4,32
Bedminster,5,21
Bedminster,6,15
Bedminster,7,20
Bedminster,8,30
Bedminster,9,21
Bedminster,10,13
Bedminster,11,17
Bedminster,12,20
Bee Branch,7,1
Bee Cave,5,1
Bee Cave,7,1
Bee Cave,11,1
Bee Cave,12,1
Beebe,1,3
Beebe,2,3
Beebe,3,4
Beebe,4,3
Beebe,6,1
Beebe,9,6
Beebe,10,3
Beebe,11,6
Beebe,12,5
Beech Creek,1,9
Beech Creek,2,10
Beech Creek,4,4
Beech Creek,5,4
Beech Creek,6,8
Beech Creek,7,3
Beech Creek,8,4
Beech Creek,9,8
Beech Creek,10,1
Beech Creek,11,16
Beech Creek,12,4
Beech Grove,1,11
Beech Grove,2,9
Beech Grove,3,8
Beech Grove,4,13
Beech Grove,5,5
Beech Grove,6,7
Beech Grove,7,10
Beech Grove,8,6
Beech Grove,9,7
Beech Grove,10,13
Beech Grove,11,8
Beech Grove,12,7
Beech Island,1,41
Beech Island,2,30
Beech Island,3,15
Beech Island,4,16
Beech Island,5,25
Beech Island,6,23
Beech Island,7,21
Beech Island,8,24
Beech Island,9,18
Beech Island,10,14
Beech Island,11,20
Beech Island,12,28
Beecher,3,1
Beecher,6,1
Beecher,7,3
Beecher,10,4
Beechgrove,2,1
Beechgrove,6,5
Beechgrove,7,3
Beechgrove,8,1
Beechgrove,9,1
Beechgrove,11,1
Beechgrove,12,1
Beersheba Springs,1,3
Beersheba Springs,12,1
Beeville,9,2
Beggs,2,1
Bejou,2,1
Bel Air,1,54
Bel Air,2,65
Bel Air,3,27
Bel Air,4,12
Bel Air,5,10
Bel Air,6,28
Bel Air,7,14
Bel Air,8,20
Bel Air,9,19
Bel Air,10,6
Bel Air,11,6
Bel Air,12,17
Bel Alton,4,1
Bel Alton,7,3
Belcamp,1,4
Belcamp,2,3
Belcamp,4,1
Belcamp,6,6
Belcher,4,1
Belcher,7,4
Belcher,10,1
Belcher,11,1
Belchertown,6,1
Belchertown,12,1
Belcourt,1,1
Belden,1,5
Belden,2,2
Belden,3,2
Belden,4,3
Belden,5,5
Belden,6,4
Belden,7,2
Belden,8,4
Belden,9,1
Belden,10,2
Belden,11,1
Belding,3,1
Belding,5,2
Belding,7,1
Belding,9,1
Belding,10,1
Belding,11,1
Belding,12,2
Belen,1,2
Belen,8,1
Belews Creek,7,4
Belews Creek,9,1
Belews Creek,10,5
Belews Creek,11,2
Belews Creek,12,3
Belfair,1,10
Belfair,2,1
Belfair,3,2
Belfair,4,4
Belfair,5,4
Belfair,6,4
Belfair,7,4
Belfair,8,2
Belfair,9,7
Belfair,10,10
Belfair,11,8
Belfair,12,8
Belfast,9,1
Belfield,1,1
Belfield,5,3
Belfield,6,3
Belfield,7,2
Belfield,9,1
Belfield,10,2
Belfield,11,2
Belfield,12,4
Belford,10,1
Belfry,2,2
Belfry,11,2
Belfry,12,2
Belgium,1,2
Belgium,2,1
Belgium,5,1
Belgium,8,1
Belgrade,1,67
Belgrade,2,39
Belgrade,3,35
Belgrade,4,13
Belgrade,5,3
Belgrade,6,4
Belgrade,7,11
Belgrade,8,12
Belgrade,9,22
Belgrade,10,12
Belgrade,11,36
Belgrade,12,116
Belhaven,2,4
Belhaven,7,6
Belington,5,4
Belington,8,3
Belington,10,2
Bell,1,11
Bell,2,8
Bell,3,5
Bell,4,8
Bell,5,2
Bell,6,3
Bell,7,4
Bell,8,4
Bell,9,7
Bell,10,3
Bell,11,7
Bell,12,6
Bell Buckle,2,1
Bell Buckle,4,1
Bell Canyon,6,1
Bell Canyon,9,2
Bell Canyon,11,1
Bell Canyon,12,4
Bell Gardens,1,125
Bell Gardens,2,149
Bell Gardens,3,131
Bell Gardens,4,108
Bell Gardens,5,63
Bell Gardens,6,108
Bell Gardens,7,64
Bell Gardens,8,109
Bell Gardens,9,66
Bell Gardens,10,78
Bell Gardens,11,189
Bell Gardens,12,133
Bella Vista,1,32
Bella Vista,2,18
Bella Vista,3,9
Bella Vista,4,12
Bella Vista,5,11
Bella Vista,6,12
Bella Vista,7,9
Bella Vista,8,8
Bella Vista,9,30
Bella Vista,10,12
Bella Vista,11,6
Bella Vista,12,14
Bellaire,1,24
Bellaire,2,15
Bellaire,3,14
Bellaire,4,18
Bellaire,5,25
Bellaire,6,15
Bellaire,7,18
Bellaire,8,22
Bellaire,9,14
Bellaire,10,17
Bellaire,11,17
Bellaire,12,18
Bellbrook,8,1
Bellbrook,10,2
Bellbrook,11,2
Bellbrook,12,1
Belle,1,8
Belle,2,3
Belle,3,3
Belle,4,3
Belle,5,1
Belle,6,10
Belle,7,8
Belle,8,1
Belle,10,1
Belle,11,2
Belle,12,10
Belle Center,3,1
Belle Center,8,2
Belle Center,9,3
Belle Center,12,4
Belle Fourche,12,5
Belle Glade,1,4
Belle Glade,2,4
Belle Glade,3,3
Belle Glade,4,1
Belle Glade,5,2
Belle Glade,6,3
Belle Glade,7,2
Belle Glade,9,1
Belle Glade,10,1
Belle Glade,11,1
Belle Glade,12,1
Belle Haven,1,1
Belle Haven,11,3
Belle Isle,6,1
Belle Isle,11,1
Belle Isle,12,1
Belle Plaine,1,18
Belle Plaine,2,7
Belle Plaine,3,8
Belle Plaine,4,5
Belle Plaine,5,1
Belle Plaine,6,11
Belle Plaine,7,2
Belle Plaine,8,7
Belle Plaine,9,2
Belle Plaine,10,11
Belle Plaine,11,2
Belle Plaine,12,20
Belle Valley,9,1
Belle Vernon,1,15
Belle Vernon,2,25
Belle Vernon,3,20
Belle Vernon,4,4
Belle Vernon,5,5
Belle Vernon,6,4
Belle Vernon,7,8
Belle Vernon,8,9
Belle Vernon,9,7
Belle Vernon,10,1
Belle Vernon,11,19
Belle Vernon,12,19
Belleair,4,1
Belleair,5,1
Belleair,7,1
Belleair,8,2
Belleair,11,1
Belleair Beach,1,1
Belleair Beach,2,6
Belleair Beach,3,2
Belleair Beach,4,3
Belleair Beach,5,1
Belleair Beach,7,1
Belleair Beach,8,1
Belleair Beach,9,1
Belleair Beach,12,1
Belleair Bluffs,3,3
Belleair Bluffs,4,1
Belleair Bluffs,7,1
Belleair Bluffs,8,1
Bellefontaine,1,3
Bellefontaine,2,1
Bellefontaine,3,1
Bellefontaine,4,1
Bellefontaine,6,1
Bellefontaine,8,1
Bellefontaine,9,2
Bellefontaine,11,2
Bellefontaine,12,2
Bellefonte,1,97
Bellefonte,2,74
Bellefonte,3,29
Bellefonte,4,65
Bellefonte,5,21
Bellefonte,6,36
Bellefonte,7,39
Bellefonte,8,56
Bellefonte,9,61
Bellefonte,10,18
Bellefonte,11,57
Bellefonte,12,86
Bellemont,1,6
Bellemont,2,4
Bellemont,3,10
Bellemont,4,1
Bellemont,5,1
Bellemont,6,2
Bellemont,9,2
Bellemont,10,2
Bellemont,11,3
Bellemont,12,9
Bellerose,1,19
Bellerose,2,15
Bellerose,3,15
Bellerose,4,19
Bellerose,5,50
Bellerose,6,33
Bellerose,7,28
Bellerose,8,49
Bellerose,9,42
Bellerose,10,24
Bellerose,11,19
Bellerose,12,18
Belleview,1,28
Belleview,2,22
Belleview,3,7
Belleview,4,14
Belleview,5,14
Belleview,6,29
Belleview,7,11
Belleview,8,22
Belleview,9,22
Belleview,10,14
Belleview,11,22
Belleview,12,20
Belleville,1,42
Belleville,2,68
Belleville,3,44
Belleville,4,36
Belleville,5,37
Belleville,6,33
Belleville,7,37
Belleville,8,35
Belleville,9,24
Belleville,10,19
Belleville,11,28
Belleville,12,36
Bellevue,1,112
Bellevue,2,140
Bellevue,3,111
Bellevue,4,85
Bellevue,5,70
Bellevue,6,62
Bellevue,7,79
Bellevue,8,67
Bellevue,9,98
Bellevue,10,73
Bellevue,11,124
Bellevue,12,108
Bellflower,1,102
Bellflower,2,101
Bellflower,3,82
Bellflower,4,71
Bellflower,5,75
Bellflower,6,86
Bellflower,7,57
Bellflower,8,71
Bellflower,9,57
Bellflower,10,52
Bellflower,11,58
Bellflower,12,79
Bellingham,1,25
Bellingham,2,26
Bellingham,3,23
Bellingham,4,19
Bellingham,5,16
Bellingham,6,18
Bellingham,7,16
Bellingham,8,23
Bellingham,9,21
Bellingham,10,34
Bellingham,11,39
Bellingham,12,61
Bellmawr,1,105
Bellmawr,2,84
Bellmawr,3,76
Bellmawr,4,61
Bellmawr,5,56
Bellmawr,6,59
Bellmawr,7,83
Bellmawr,8,70
Bellmawr,9,69
Bellmawr,10,71
Bellmawr,11,65
Bellmawr,12,58
Bellmore,1,25
Bellmore,2,25
Bellmore,3,33
Bellmore,4,20
Bellmore,5,25
Bellmore,6,40
Bellmore,7,10
Bellmore,8,44
Bellmore,9,45
Bellmore,10,21
Bellmore,11,14
Bellmore,12,18
Bellows Falls,1,1
Bellows Falls,3,2
Bellows Falls,11,1
Bellport,1,1
Bellport,2,4
Bellport,3,3
Bellport,4,3
Bellport,5,4
Bellport,6,12
Bellport,7,3
Bellport,8,8
Bellport,9,8
Bellport,10,5
Bellport,11,2
Bellport,12,1
Bells,4,2
Bells,8,4
Bells,11,5
Bellville,1,4
Bellville,4,1
Bellville,8,1
Bellville,10,1
Bellville,12,2
Bellvue,1,5
Bellvue,9,12
Bellvue,11,1
Bellwood,1,15
Bellwood,2,23
Bellwood,3,7
Bellwood,4,17
Bellwood,5,19
Bellwood,6,12
Bellwood,7,7
Bellwood,8,9
Bellwood,9,7
Bellwood,10,12
Bellwood,11,11
Bellwood,12,9
Belmar,1,16
Belmar,2,12
Belmar,3,22
Belmar,4,21
Belmar,5,9
Belmar,6,18
Belmar,7,17
Belmar,8,13
Belmar,9,8
Belmar,10,9
Belmar,11,12
Belmar,12,21
Belmond,2,2
Belmond,10,2
Belmond,11,1
Belmont,1,52
Belmont,2,79
Belmont,3,54
Belmont,4,41
Belmont,5,46
Belmont,6,47
Belmont,7,39
Belmont,8,45
Belmont,9,42
Belmont,10,50
Belmont,11,62
Belmont,12,59
Belmont Hills,6,1
Beloit,1,13
Beloit,2,7
Beloit,3,7
Beloit,5,5
Beloit,6,2
Beloit,7,4
Beloit,8,3
Beloit,9,3
Beloit,10,2
Beloit,11,1
Beloit,12,4
Belpre,1,1
Belpre,4,1
Belpre,8,1
Belpre,10,1
Belpre,11,2
Belsano,6,2
Belsano,10,3
Belspring,10,2
Belt,1,6
Belt,2,3
Belt,3,1
Belt,5,1
Belt,6,1
Belt,7,2
Belt,9,3
Belt,10,4
Belt,11,8
Belt,12,5
Belton,1,92
Belton,2,67
Belton,3,55
Belton,4,48
Belton,5,70
Belton,6,49
Belton,7,48
Belton,8,59
Belton,9,63
Belton,10,60
Belton,11,41
Belton,12,62
Beltsville,1,90
Beltsville,2,82
Beltsville,3,37
Beltsville,4,45
Beltsville,5,31
Beltsville,6,28
Beltsville,7,16
Beltsville,8,36
Beltsville,9,34
Beltsville,10,22
Beltsville,11,59
Beltsville,12,43
Belvedere Tiburon,1,4
Belvedere Tiburon,3,4
Belvedere Tiburon,4,4
Belvedere Tiburon,5,3
Belvedere Tiburon,6,2
Belvedere Tiburon,7,4
Belvedere Tiburon,8,3
Belvedere Tiburon,9,9
Belvedere Tiburon,10,1
Belvedere Tiburon,11,7
Belvedere Tiburon,12,3
Belvedere-Tiburon,3,2
Belvedere-Tiburon,6,1
Belvedere-Tiburon,8,1
Belvedere-Tiburon,9,3
Belvidere,1,6
Belvidere,2,4
Belvidere,3,7
Belvidere,4,8
Belvidere,5,2
Belvidere,6,3
Belvidere,7,13
Belvidere,8,5
Belvidere,9,7
Belvidere,11,11
Belvidere,12,4
Belview,1,3
Belview,2,7
Belview,7,1
Belview,8,2
Belzoni,3,3
Bemidji,1,56
Bemidji,2,26
Bemidji,3,16
Bemidji,4,13
Bemidji,5,16
Bemidji,6,14
Bemidji,7,3
Bemidji,8,7
Bemidji,9,10
Bemidji,10,6
Bemidji,11,23
Bemidji,12,51
Bemus Point,4,1
Ben Lomond,1,28
Ben Lomond,2,13
Ben Lomond,3,14
Ben Lomond,4,18
Ben Lomond,5,10
Ben Lomond,6,13
Ben Lomond,7,13
Ben Lomond,8,14
Ben Lomond,9,17
Ben Lomond,10,12
Ben Lomond,11,11
Ben Lomond,12,11
Bena,1,5
Bena,2,2
Bena,3,4
Bena,9,1
Bena,11,1
Bena,12,3
Benbrook,8,1
Bend,1,199
Bend,2,124
Bend,3,46
Bend,4,110
Bend,5,55
Bend,6,127
Bend,7,71
Bend,8,63
Bend,9,73
Bend,10,82
Bend,11,101
Bend,12,240
Bendersville,5,1
Benedict,4,1
Benedict,10,4
Benezett,5,1
Benezett,9,3
Benezett,11,1
Benicia,1,39
Benicia,2,41
Benicia,3,33
Benicia,4,49
Benicia,5,26
Benicia,6,55
Benicia,7,44
Benicia,8,25
Benicia,9,37
Benicia,10,11
Benicia,11,30
Benicia,12,29
Bennet,1,3
Bennet,9,2
Bennett,1,17
Bennett,2,4
Bennett,3,11
Bennett,4,15
Bennett,5,6
Bennett,7,6
Bennett,11,5
Bennett,12,14
Bennettsville,1,58
Bennettsville,2,32
Bennettsville,3,23
Bennettsville,4,15
Bennettsville,5,24
Bennettsville,6,45
Bennettsville,7,48
Bennettsville,8,29
Bennettsville,9,29
Bennettsville,10,35
Bennettsville,11,37
Bennettsville,12,29
Bennington,1,1
Bennington,2,2
Bennington,3,2
Bennington,4,2
Bennington,9,1
Bensalem,1,68
Bensalem,2,64
Bensalem,3,41
Bensalem,4,36
Bensalem,5,34
Bensalem,6,37
Bensalem,7,25
Bensalem,8,24
Bensalem,9,22
Bensalem,10,32
Bensalem,11,48
Bensalem,12,67
Bensenville,1,39
Bensenville,2,42
Bensenville,3,31
Bensenville,4,22
Bensenville,5,34
Bensenville,6,38
Bensenville,7,22
Bensenville,8,35
Bensenville,9,26
Bensenville,10,13
Bensenville,11,2
Bensenville,12,20
Benson,1,38
Benson,2,22
Benson,3,16
Benson,4,17
Benson,5,19
Benson,6,27
Benson,7,9
Benson,8,15
Benson,9,24
Benson,10,19
Benson,11,13
Benson,12,52
Bent Mountain,8,1
Bentleyville,1,9
Bentleyville,2,10
Bentleyville,3,4
Bentleyville,4,7
Bentleyville,5,2
Bentleyville,6,4
Bentleyville,9,3
Bentleyville,10,3
Bentleyville,11,1
Bentleyville,12,7
Benton,1,71
Benton,2,52
Benton,3,46
Benton,4,27
Benton,5,58
Benton,6,40
Benton,7,41
Benton,8,27
Benton,9,54
Benton,10,21
Benton,11,55
Benton,12,55
Benton City,5,3
Benton City,6,1
Benton Harbor,1,16
Benton Harbor,2,37
Benton Harbor,3,5
Benton Harbor,4,31
Benton Harbor,5,15
Benton Harbor,6,22
Benton Harbor,7,28
Benton Harbor,8,36
Benton Harbor,9,27
Benton Harbor,10,12
Benton Harbor,11,15
Benton Harbor,12,19
Bentonia,2,1
Bentonville,1,32
Bentonville,2,6
Bentonville,3,6
Bentonville,4,12
Bentonville,5,18
Bentonville,6,16
Bentonville,7,14
Bentonville,8,19
Bentonville,9,13
Bentonville,10,11
Bentonville,11,8
Bentonville,12,11
Benwood,3,1
Benwood,4,3
Benwood,11,3
Benwood,12,1
Berea,1,5
Berea,2,1
Berea,3,2
Berea,8,1
Berea,10,1
Berea,12,2
Beresford,2,2
Bergen,1,6
Bergen,2,11
Bergen,3,3
Bergen,4,1
Bergen,5,3
Bergen,6,6
Bergen,7,5
Bergen,8,9
Bergen,9,6
Bergen,10,5
Bergen,11,8
Bergen,12,2
Bergenfield,10,4
Bergholz,12,5
Bergton,2,1
Bergton,9,2
Bergton,10,6
Berkeley,1,211
Berkeley,2,210
Berkeley,3,162
Berkeley,4,159
Berkeley,5,168
Berkeley,6,177
Berkeley,7,166
Berkeley,8,148
Berkeley,9,140
Berkeley,10,189
Berkeley,11,150
Berkeley,12,137
Berkeley Heights,1,7
Berkeley Heights,2,8
Berkeley Heights,3,1
Berkeley Heights,6,3
Berkeley Heights,7,5
Berkeley Heights,8,1
Berkeley Heights,9,3
Berkeley Heights,10,23
Berkeley Heights,11,6
Berkeley Heights,12,1
Berkeley Springs,1,1
Berkeley Springs,6,11
Berkeley Springs,7,5
Berkeley Springs,8,2
Berkeley Springs,9,3
Berkeley Springs,11,4
Berkeley Springs,12,2
Berkley,2,3
Berkley,4,1
Berkley,5,1
Berkley,8,2
Berkley,10,2
Berlin,1,66
Berlin,2,38
Berlin,3,18
Berlin,4,47
Berlin,5,68
Berlin,6,65
Berlin,7,65
Berlin,8,61
Berlin,9,56
Berlin,10,24
Berlin,11,39
Berlin,12,50
Berlin Center,3,1
Berlin Heights,1,1
Berlin Heights,2,3
Berlin Heights,4,1
Berlin Heights,5,3
Berlin Heights,6,1
Berlin Heights,7,1
Berlin Heights,8,3
Bern,2,2
Bernalillo,2,1
Bernalillo,3,1
Bernalillo,6,1
Bernalillo,7,2
Bernalillo,9,2
Bernard,2,1
Bernard,10,2
Bernardston,12,2
Bernardsville,1,1
Berne,3,4
Berne,5,3
Bernhards Bay,2,2
Bernville,1,9
Bernville,2,17
Bernville,3,10
Bernville,4,1
Bernville,5,13
Bernville,6,25
Bernville,7,1
Bernville,8,2
Bernville,9,3
Bernville,11,4
Bernville,12,15
Berrien Springs,1,12
Berrien Springs,2,2
Berrien Springs,8,3
Berrien Springs,12,13
Berry,1,2
Berry,3,2
Berry,5,5
Berry,6,1
Berry,7,1
Berry,8,6
Berry,9,1
Berry,10,2
Berry,11,4
Berry,12,4
Berry Creek,1,11
Berry Creek,2,4
Berry Creek,4,9
Berry Creek,5,5
Berry Creek,6,8
Berry Creek,7,11
Berry Creek,8,3
Berry Creek,9,5
Berry Creek,10,2
Berry Creek,11,2
Berry Creek,12,8
Berryville,1,26
Berryville,2,10
Berryville,3,14
Berryville,4,14
Berryville,5,16
Berryville,6,28
Berryville,7,17
Berryville,8,11
Berryville,9,20
Berryville,10,15
Berryville,11,24
Berryville,12,34
Bertha,4,1
Bertha,6,1
Berthold,2,2
Berthold,7,1
Berthold,8,1
Berthold,9,1
Berthold,11,3
Berthoud,1,11
Berthoud,2,2
Berthoud,3,3
Berthoud,4,3
Berthoud,5,1
Berthoud,6,6
Berthoud,7,10
Berthoud,8,2
Berthoud,9,6
Berthoud,10,3
Berthoud,11,4
Berthoud,12,24
Bertrand,2,1
Bertrand,3,4
Berwick,1,17
Berwick,2,10
Berwick,3,11
Berwick,4,6
Berwick,5,11
Berwick,6,23
Berwick,7,18
Berwick,8,15
Berwick,9,2
Berwick,10,9
Berwick,11,11
Berwick,12,18
Berwyn,1,50
Berwyn,2,50
Berwyn,3,34
Berwyn,4,33
Berwyn,5,29
Berwyn,6,54
Berwyn,7,49
Berwyn,8,34
Berwyn,9,31
Berwyn,10,25
Berwyn,11,38
Berwyn,12,34
Berwyn Heights,9,1
Berwyn Heights,11,1
Beryl,2,1
Beryl,5,1
Beryl,6,2
Beryl,7,1
Beryl,8,4
Beryl,11,3
Bessemer,1,42
Bessemer,2,36
Bessemer,3,29
Bessemer,4,20
Bessemer,5,32
Bessemer,6,34
Bessemer,7,27
Bessemer,8,37
Bessemer,9,31
Bessemer,10,36
Bessemer,11,37
Bessemer,12,31
Bessemer City,1,2
Bessemer City,2,1
Bessemer City,3,11
Bessemer City,4,10
Bessemer City,5,3
Bessemer City,6,7
Bessemer City,7,4
Bessemer City,8,5
Bessemer City,9,4
Bessemer City,12,3
Bethany,1,7
Bethany,2,4
Bethany,3,4
Bethany,4,4
Bethany,5,3
Bethany,6,2
Bethany,7,1
Bethany,8,1
Bethany,9,4
Bethany,10,3
Bethany,12,6
Bethany Beach,8,2
Bethel,1,33
Bethel,2,22
Bethel,3,14
Bethel,4,7
Bethel,5,8
Bethel,6,9
Bethel,7,6
Bethel,8,18
Bethel,9,5
Bethel,10,6
Bethel,11,14
Bethel,12,39
Bethel Heights,8,1
Bethel Island,1,4
Bethel Island,2,3
Bethel Island,6,7
Bethel Island,7,3
Bethel Island,8,4
Bethel Island,9,5
Bethel Island,11,3
Bethel Island,12,4
Bethel Park,2,1
Bethel Park,5,1
Bethel Park,9,4
Bethesda,1,255
Bethesda,2,193
Bethesda,3,119
Bethesda,4,136
Bethesda,5,88
Bethesda,6,136
Bethesda,7,157
Bethesda,8,151
Bethesda,9,168
Bethesda,10,152
Bethesda,11,148
Bethesda,12,212
Bethlehem,1,86
Bethlehem,2,136
Bethlehem,3,65
Bethlehem,4,53
Bethlehem,5,50
Bethlehem,6,94
Bethlehem,7,48
Bethlehem,8,50
Bethlehem,9,72
Bethlehem,10,62
Bethlehem,11,69
Bethlehem,12,68
Bethpage,1,5
Bethpage,2,3
Bethpage,3,12
Bethpage,4,4
Bethpage,5,5
Bethpage,6,4
Bethpage,7,12
Bethpage,8,2
Bethpage,9,4
Bethpage,10,5
Bethpage,11,6
Bethpage,12,4
Bethune,1,13
Bethune,2,4
Bethune,3,8
Bethune,4,6
Bethune,5,3
Bethune,6,5
Bethune,7,9
Bethune,8,6
Bethune,9,1
Bethune,10,6
Bethune,11,5
Bethune,12,8
Bettendorf,1,18
Bettendorf,2,21
Bettendorf,3,6
Bettendorf,4,8
Bettendorf,5,4
Bettendorf,6,3
Bettendorf,7,14
Bettendorf,8,7
Bettendorf,9,7
Bettendorf,10,10
Bettendorf,11,12
Bettendorf,12,11
Beulah,2,2
Beulah,4,3
Beulah,6,3
Beulah,12,2
Beulaville,1,5
Beulaville,4,3
Beulaville,9,7
Beulaville,11,5
Beverly,1,7
Beverly,2,5
Beverly,3,7
Beverly,4,5
Beverly,5,2
Beverly,7,3
Beverly,8,3
Beverly,9,1
Beverly,10,1
Beverly,11,5
Beverly,12,1
Beverly Hills,1,9
Beverly Hills,2,6
Beverly Hills,3,8
Beverly Hills,4,6
Beverly Hills,5,5
Beverly Hills,6,9
Beverly Hills,7,6
Beverly Hills,8,6
Beverly Hills,9,8
Beverly Hills,10,5
Beverly Hills,11,5
Beverly Hills,12,6
Bicknell,9,1
Biddeford,2,1
Biddeford,4,1
Biddeford,6,3
Biddeford,7,2
Biddeford,8,1
Biddeford,9,2
Biddeford,10,2
Bidwell,1,2
Bidwell,9,1
Bieber,6,1
Bieber,10,1
Big Arm,1,1
Big Arm,2,1
Big Arm,7,1
Big Arm,8,4
Big Arm,9,4
Big Arm,10,1
Big Arm,11,3
Big Bar,1,5
Big Bar,2,5
Big Bar,3,2
Big Bar,4,2
Big Bar,6,5
Big Bar,7,1
Big Bar,9,3
Big Bar,10,1
Big Bar,12,2
Big Bear City,1,6
Big Bear City,2,8
Big Bear City,3,11
Big Bear City,5,2
Big Bear City,8,1
Big Bear City,9,3
Big Bear City,11,3
Big Bear City,12,7
Big Bend,1,2
Big Bend,3,3
Big Bend,5,5
Big Bend,6,2
Big Bend,7,1
Big Bend,9,1
Big Bend,10,2
Big Bend,11,3
Big Bend,12,1
Big Cove Tannery,2,1
Big Cove Tannery,3,3
Big Cove Tannery,5,1
Big Cove Tannery,9,1
Big Cove Tannery,10,2
Big Falls,1,2
Big Falls,2,3
Big Falls,4,1
Big Falls,5,6
Big Falls,6,2
Big Falls,7,1
Big Falls,12,3
Big Island,1,1
Big Island,2,2
Big Island,8,5
Big Island,9,3
Big Island,12,8
Big Lake,1,18
Big Lake,2,11
Big Lake,3,7
Big Lake,4,9
Big Lake,5,7
Big Lake,6,10
Big Lake,7,5
Big Lake,8,9
Big Lake,9,10
Big Lake,10,5
Big Lake,11,3
Big Lake,12,13
Big Oak Flat,2,2
Big Oak Flat,4,1
Big Oak Flat,7,1
Big Pine,1,4
Big Pine,2,9
Big Pine,3,3
Big Pine,4,7
Big Pine,5,2
Big Pine,6,9
Big Pine,7,6
Big Pine,8,8
Big Pine,9,6
Big Pine,10,9
Big Pine,11,5
Big Pine,12,6
Big Pine Key,1,7
Big Pine Key,2,10
Big Pine Key,3,1
Big Pine Key,4,1
Big Pine Key,5,1
Big Pine Key,6,3
Big Pine Key,7,1
Big Pine Key,8,2
Big Pine Key,9,4
Big Pine Key,10,5
Big Pine Key,11,6
Big Pine Key,12,3
Big Pool,1,7
Big Pool,2,4
Big Pool,3,3
Big Pool,4,12
Big Pool,5,11
Big Pool,7,7
Big Pool,8,2
Big Pool,9,2
Big Pool,10,4
Big Pool,11,1
Big Pool,12,10
Big Rapids,11,2
Big Rock,4,2
Big Rock,6,1
Big Rock,12,4
Big Run,2,1
Big Run,4,6
Big Run,6,3
Big Run,7,1
Big Run,9,1
Big Run,10,2
Big Run,11,3
Big Run,12,8
Big Sandy,1,1
Big Sandy,4,1
Big Sandy,5,1
Big Sandy,8,4
Big Sandy,9,3
Big Sandy,10,2
Big Sandy,11,3
Big Sandy,12,1
Big Sky,1,28
Big Sky,2,29
Big Sky,3,18
Big Sky,4,8
Big Sky,5,1
Big Sky,6,1
Big Sky,7,4
Big Sky,8,6
Big Sky,9,8
Big Sky,10,4
Big Sky,11,14
Big Sky,12,23
Big Spring,1,6
Big Spring,2,5
Big Spring,5,1
Big Spring,9,3
Big Spring,10,1
Big Spring,12,2
Big Springs,4,11
Big Springs,5,2
Big Springs,6,4
Big Springs,7,1
Big Springs,8,2
Big Stone Gap,1,3
Big Stone Gap,2,1
Big Stone Gap,3,3
Big Stone Gap,5,1
Big Stone Gap,7,4
Big Stone Gap,8,1
Big Stone Gap,9,1
Big Stone Gap,11,4
Big Stone Gap,12,4
Big Sur,1,21
Big Sur,2,20
Big Sur,3,11
Big Sur,4,12
Big Sur,5,20
Big Sur,6,19
Big Sur,7,25
Big Sur,8,16
Big Sur,9,24
Big Sur,10,16
Big Sur,11,11
Big Sur,12,23
Big Timber,1,11
Big Timber,2,8
Big Timber,3,8
Big Timber,4,54
Big Timber,5,2
Big Timber,6,4
Big Timber,7,3
Big Timber,8,2
Big Timber,9,7
Big Timber,10,4
Big Timber,11,7
Big Timber,12,43
Bigelow,1,9
Bigelow,3,4
Bigelow,4,2
Bigelow,7,4
Bigelow,9,2
Bigelow,10,1
Bigelow,12,3
Bigfork,1,17
Bigfork,2,30
Bigfork,3,8
Bigfork,4,6
Bigfork,5,4
Bigfork,6,8
Bigfork,7,14
Bigfork,8,31
Bigfork,9,28
Bigfork,10,15
Bigfork,11,27
Bigfork,12,41
Biggers,8,6
Biggs,1,10
Biggs,2,10
Biggs,3,6
Biggs,4,2
Biggs,5,13
Biggs,6,5
Biggs,7,5
Biggs,8,4
Biggs,9,6
Biggs,10,7
Biggs,11,9
Biggs,12,9
Bighorn,2,5
Bighorn,4,1
Bighorn,7,1
Bighorn,8,1
Bighorn,12,4
Biglerville,1,4
Biglerville,2,3
Biglerville,3,7
Biglerville,4,3
Biglerville,5,5
Biglerville,6,2
Biglerville,7,2
Biglerville,8,1
Biglerville,9,5
Biglerville,10,1
Biglerville,11,2
Biglerville,12,13
Billerica,1,16
Billerica,2,13
Billerica,3,12
Billerica,4,19
Billerica,5,24
Billerica,6,18
Billerica,7,15
Billerica,8,20
Billerica,9,10
Billerica,10,13
Billerica,11,17
Billerica,12,12
Billings,1,60
Billings,2,117
Billings,3,35
Billings,4,74
Billings,5,13
Billings,6,29
Billings,7,35
Billings,8,57
Billings,9,46
Billings,10,18
Billings,11,119
Billings,12,179
Billingsley,1,1
Billingsley,2,2
Billingsley,3,3
Billingsley,4,2
Billingsley,5,1
Billingsley,6,2
Billingsley,10,3
Billingsley,12,1
Biloxi,1,5
Biloxi,2,2
Biloxi,3,1
Biloxi,4,5
Biloxi,5,10
Biloxi,6,5
Biloxi,7,3
Biloxi,8,6
Biloxi,9,4
Biloxi,10,6
Biloxi,11,5
Biloxi,12,10
Binford,1,1
Binford,9,1
Bingen,2,2
Bingen,4,2
Bingen,6,3
Bingen,7,3
Bingen,12,2
Bingham Lake,1,20
Bingham Lake,2,1
Bingham Lake,3,3
Bingham Lake,6,3
Bingham Lake,10,1
Bingham Lake,11,1
Bingham Lake,12,7
Binghamton,1,14
Binghamton,2,30
Binghamton,3,4
Binghamton,4,8
Binghamton,5,14
Binghamton,6,27
Binghamton,7,20
Binghamton,8,25
Binghamton,9,7
Binghamton,10,13
Binghamton,11,9
Binghamton,12,8
Biola,1,1
Biola,3,1
Biola,5,2
Biola,6,1
Biola,9,1
Biola,11,2
Biola,12,2
Birch River,1,1
Birch River,8,1
Birch Run,1,7
Birch Run,2,6
Birch Run,4,2
Birch Run,5,1
Birch Run,6,3
Birch Run,7,8
Birch Run,8,1
Birch Run,9,2
Birch Run,11,2
Birch Run,12,5
Birchwood,1,2
Birchwood,2,3
Birchwood,3,5
Birchwood,4,3
Birchwood,5,1
Birchwood,7,3
Birchwood,8,3
Birchwood,9,3
Birchwood,10,1
Birchwood,11,2
Birchwood,12,7
Bird in Hand,1,9
Bird in Hand,2,7
Bird in Hand,3,2
Bird in Hand,4,6
Bird in Hand,5,1
Bird in Hand,6,5
Bird in Hand,7,8
Bird in Hand,8,3
Bird in Hand,9,9
Bird in Hand,10,9
Bird in Hand,11,5
Bird Island,1,4
Bird Island,3,1
Bird Island,6,3
Bird Island,9,3
Bird Island,11,1
Birds Landing,1,1
Birds Landing,2,3
Birds Landing,3,2
Birds Landing,10,4
Birds Landing,11,1
Birds Landing,12,2
Birds Lndg,7,1
Birdsboro,1,3
Birdsboro,2,14
Birdsboro,3,8
Birdsboro,4,5
Birdsboro,5,7
Birdsboro,6,18
Birdsboro,7,4
Birdsboro,8,8
Birdsboro,9,13
Birdsboro,10,8
Birdsboro,11,11
Birdsboro,12,11
Birdseye,2,4
Birdseye,9,5
Birdseye,10,1
Birdsnest,2,2
Birdsnest,3,2
Birdsnest,5,3
Birdsnest,6,1
Birmingham,1,767
Birmingham,2,595
Birmingham,3,483
Birmingham,4,650
Birmingham,5,519
Birmingham,6,521
Birmingham,7,405
Birmingham,8,449
Birmingham,9,391
Birmingham,10,292
Birmingham,11,401
Birmingham,12,453
Birney,10,2
Biscayne Park,1,3
Biscayne Park,2,4
Biscayne Park,3,3
Biscayne Park,4,1
Biscayne Park,5,1
Biscayne Park,6,1
Biscayne Park,7,4
Biscayne Park,10,2
Biscayne Park,11,1
Biscayne Park,12,2
Biscoe,1,14
Biscoe,2,9
Biscoe,3,6
Biscoe,4,15
Biscoe,5,6
Biscoe,6,10
Biscoe,7,7
Biscoe,8,6
Biscoe,9,18
Biscoe,10,20
Biscoe,11,1
Biscoe,12,2
Bishop,1,82
Bishop,2,30
Bishop,3,20
Bishop,4,13
Bishop,5,24
Bishop,6,29
Bishop,7,43
Bishop,8,29
Bishop,9,37
Bishop,10,34
Bishop,11,19
Bishop,12,58
Bishopville,1,54
Bishopville,2,25
Bishopville,3,37
Bishopville,4,27
Bishopville,5,35
Bishopville,6,29
Bishopville,7,48
Bishopville,8,26
Bishopville,9,56
Bishopville,10,34
Bishopville,11,37
Bishopville,12,25
Bismarck,1,12
Bismarck,2,3
Bismarck,3,1
Bismarck,4,1
Bismarck,5,2
Bismarck,6,4
Bismarck,7,13
Bismarck,8,15
Bismarck,9,7
Bismarck,10,7
Bismarck,11,14
Bismarck,12,11
Bitely,11,1
Bivalve,1,2
Bivins,2,4
Biwabik,1,4
Biwabik,2,4
Biwabik,5,2
Biwabik,6,2
Biwabik,8,1
Biwabik,9,3
Biwabik,11,3
Bixby,1,1
Bixby,4,2
Bixby,5,1
Bixby,7,1
Bixby,8,4
Bixby,10,1
Bixby,11,2
Bixby,12,1
Blachly,1,6
Blachly,2,2
Blachly,5,1
Blachly,6,5
Blachly,7,2
Blachly,10,3
Blachly,11,3
Blachly,12,3
Black Canyon City,1,49
Black Canyon City,2,38
Black Canyon City,3,34
Black Canyon City,4,40
Black Canyon City,5,34
Black Canyon City,6,22
Black Canyon City,7,26
Black Canyon City,8,28
Black Canyon City,9,23
Black Canyon City,10,33
Black Canyon City,11,29
Black Canyon City,12,34
Black Creek,9,1
Black Creek,11,3
Black Diamond,9,3
Black Diamond,11,1
Black Eagle,2,1
Black Eagle,5,4
Black Eagle,7,3
Black Eagle,8,3
Black Eagle,9,2
Black Eagle,11,1
Black Eagle,12,5
Black Earth,6,2
Black Earth,9,1
Black Hawk,2,3
Black Hawk,3,3
Black Hawk,4,3
Black Hawk,6,2
Black Hawk,8,1
Black Hawk,12,6
Black Mountain,1,15
Black Mountain,2,10
Black Mountain,3,1
Black Mountain,4,7
Black Mountain,5,4
Black Mountain,6,7
Black Mountain,7,13
Black Mountain,8,4
Black Mountain,9,3
Black Mountain,10,3
Black Mountain,11,1
Black Oak,11,2
Black River Falls,1,4
Black River Falls,2,4
Black River Falls,4,1
Black River Falls,5,1
Black River Falls,6,3
Black River Falls,7,2
Black River Falls,8,3
Black River Falls,9,1
Black River Falls,10,1
Black River Falls,12,6
Black Rock,4,2
Black Rock,9,1
Black Rock,10,2
Black Rock,11,3
Blackduck,1,1
Blackduck,2,4
Blackduck,3,1
Blackduck,5,3
Blackduck,7,6
Blackduck,8,2
Blackduck,10,2
Blackduck,12,5
Blackfoot,1,1
Blackfoot,2,12
Blackfoot,3,5
Blackfoot,4,3
Blackfoot,5,5
Blackfoot,6,6
Blackfoot,7,4
Blackfoot,8,1
Blackfoot,11,2
Blacklick,1,3
Blacklick,2,2
Blacklick,4,4
Blacklick,5,1
Blacklick,6,1
Blacklick,7,1
Blacklick,8,1
Blacklick,9,2
Blacklick,11,7
Blacklick,12,2
Blacksburg,1,78
Blacksburg,2,37
Blacksburg,3,46
Blacksburg,4,50
Blacksburg,5,48
Blacksburg,6,84
Blacksburg,7,52
Blacksburg,8,59
Blacksburg,9,47
Blacksburg,10,37
Blacksburg,11,71
Blacksburg,12,57
Blackshear,1,4
Blackshear,10,1
Blackshear,12,5
Blackstock,1,15
Blackstock,2,5
Blackstock,3,5
Blackstock,4,5
Blackstock,5,7
Blackstock,6,3
Blackstock,7,4
Blackstock,8,10
Blackstock,9,5
Blackstock,10,2
Blackstock,11,13
Blackstock,12,8
Blackstone,1,7
Blackstone,2,4
Blackstone,3,7
Blackstone,4,16
Blackstone,5,3
Blackstone,6,3
Blackstone,7,10
Blackstone,8,3
Blackstone,9,10
Blackstone,10,10
Blackstone,11,18
Blackstone,12,16
Blacksville,12,1
Blackville,1,11
Blackville,2,6
Blackville,3,2
Blackville,4,6
Blackville,5,8
Blackville,6,12
Blackville,7,4
Blackville,8,15
Blackville,10,4
Blackville,11,5
Blackville,12,9
Blackwater,1,1
Blackwater,2,10
Blackwater,3,2
Blackwater,6,5
Blackwater,7,2
Blackwater,8,2
Blackwater,9,6
Blackwater,11,2
Blackwater,12,1
Blackwood,1,44
Blackwood,2,46
Blackwood,3,29
Blackwood,4,17
Blackwood,5,34
Blackwood,6,60
Blackwood,7,41
Blackwood,8,49
Blackwood,9,28
Blackwood,10,22
Blackwood,11,40
Blackwood,12,30
Bladen,2,1
Bladenboro,4,3
Bladenboro,6,4
Bladenboro,7,4
Bladenboro,9,2
Bladensburg,1,7
Bladensburg,2,8
Bladensburg,3,1
Bladensburg,4,4
Bladensburg,5,3
Bladensburg,6,4
Bladensburg,7,3
Bladensburg,8,6
Bladensburg,9,7
Bladensburg,10,8
Bladensburg,11,3
Bladensburg,12,5
Blaine,1,10
Blaine,2,6
Blaine,3,1
Blaine,5,3
Blaine,6,1
Blaine,7,2
Blaine,8,12
Blaine,9,2
Blaine,10,1
Blaine,12,7
Blair,1,5
Blair,2,4
Blair,4,8
Blair,5,7
Blair,6,1
Blair,7,12
Blair,8,2
Blair,9,2
Blair,10,2
Blair,11,5
Blair,12,7
Blairs,1,1
Blairs,2,1
Blairs,4,5
Blairs,5,2
Blairs,7,6
Blairs,8,11
Blairs,9,6
Blairs,10,2
Blairs,11,4
Blairs,12,4
Blairs Mills,1,3
Blairs Mills,4,1
Blairs Mills,5,2
Blairsburg,1,3
Blairsburg,2,1
Blairsburg,3,1
Blairsburg,4,3
Blairsburg,12,2
Blairsden Graeagle,1,6
Blairsden Graeagle,2,4
Blairsden Graeagle,3,3
Blairsden Graeagle,4,5
Blairsden Graeagle,5,6
Blairsden Graeagle,6,3
Blairsden Graeagle,7,9
Blairsden Graeagle,8,2
Blairsden Graeagle,9,4
Blairsden Graeagle,10,6
Blairsden Graeagle,11,11
Blairsden Graeagle,12,15
Blairsden-Graeagle,1,1
Blairsden-Graeagle,5,2
Blairsden-Graeagle,6,1
Blairsden-Graeagle,9,1
Blairsden-Graeagle,10,1
Blairsden-Graeagle,12,1
Blairstown,1,10
Blairstown,2,25
Blairstown,3,1
Blairstown,4,6
Blairstown,6,3
Blairstown,7,4
Blairstown,8,4
Blairstown,9,10
Blairstown,10,3
Blairstown,11,1
Blairstown,12,18
Blairsville,1,15
Blairsville,2,3
Blairsville,3,6
Blairsville,4,4
Blairsville,5,13
Blairsville,6,17
Blairsville,7,9
Blairsville,8,18
Blairsville,9,12
Blairsville,10,6
Blairsville,11,4
Blairsville,12,9
Blakely,4,1
Blakely,12,6
Blakesburg,2,1
Blakeslee,2,1
Blakeslee,4,3
Blakeslee,6,3
Blakeslee,7,5
Blakeslee,8,2
Blanca,11,7
Blanca,12,3
Blanchard,5,1
Blanchard,6,3
Blanchard,9,2
Blanchard,10,1
Blanchester,1,2
Bland,1,23
Bland,2,5
Bland,3,10
Bland,4,8
Bland,5,4
Bland,6,13
Bland,7,22
Bland,8,10
Bland,9,5
Bland,10,14
Bland,11,7
Bland,12,18
Blandburg,2,2
Blandburg,3,2
Blandburg,7,2
Blandburg,9,1
Blandford,1,1
Blandford,2,2
Blandford,3,1
Blandford,5,1
Blandford,6,2
Blandford,8,7
Blandford,12,1
Blanding,1,2
Blanding,3,2
Blanding,4,3
Blanding,5,10
Blanding,6,1
Blanding,8,5
Blanding,9,3
Blanding,10,3
Blanding,11,7
Blanding,12,5
Blandon,7,2
Blandon,8,2
Blandon,9,4
Blandon,12,7
Blauvelt,6,2
Blauvelt,7,1
Blauvelt,9,2
Blauvelt,10,3
Blauvelt,11,6
Blencoe,1,2
Blencoe,2,3
Blencoe,6,1
Blencoe,8,1
Blencoe,10,2
Blencoe,11,1
Blencoe,12,2
Blenheim,1,4
Blenheim,2,2
Blenheim,3,2
Blenheim,4,4
Blenheim,5,6
Blenheim,7,3
Blenheim,9,4
Blenheim,10,6
Blenheim,11,11
Blenheim,12,4
Blevins,6,1
Bliss,1,2
Bliss,3,8
Bliss,4,14
Bliss,7,2
Bliss,12,2
Blissfield,2,1
Blissfield,6,1
Blocksburg,2,2
Blocksburg,5,1
Blocksburg,7,1
Blocksburg,10,2
Blodgett,1,5
Blodgett,2,8
Blodgett,3,5
Blodgett,4,1
Blodgett,5,6
Blodgett,6,2
Blodgett,7,3
Blodgett,8,7
Blodgett,9,1
Blodgett,10,2
Blodgett,12,4
Blomkest,1,16
Blomkest,2,1
Blomkest,3,4
Blomkest,5,3
Blomkest,8,1
Blomkest,11,3
Blomkest,12,4
Bloom,3,1
Bloomburg,1,3
Bloomburg,11,1
Bloomfield,1,57
Bloomfield,2,42
Bloomfield,3,35
Bloomfield,4,78
Bloomfield,5,50
Bloomfield,6,50
Bloomfield,7,65
Bloomfield,8,43
Bloomfield,9,66
Bloomfield,10,56
Bloomfield,11,33
Bloomfield,12,30
Bloomfield Hills,1,4
Bloomfield Hills,2,5
Bloomfield Hills,3,1
Bloomfield Hills,4,3
Bloomfield Hills,6,4
Bloomfield Hills,8,1
Bloomfield Hills,9,5
Bloomfield Hills,10,2
Bloomfield Hills,11,2
Bloomfield Hills,12,6
Blooming Prairie,1,16
Blooming Prairie,2,9
Blooming Prairie,4,8
Blooming Prairie,5,3
Blooming Prairie,6,2
Blooming Prairie,7,9
Blooming Prairie,8,3
Blooming Prairie,9,4
Blooming Prairie,11,13
Blooming Prairie,12,14
Bloomingburg,1,1
Bloomingburg,2,1
Bloomingburg,3,5
Bloomingburg,4,1
Bloomingburg,5,5
Bloomingburg,6,3
Bloomingburg,7,5
Bloomingburg,8,7
Bloomingburg,9,6
Bloomingburg,10,1
Bloomingburg,11,1
Bloomingburg,12,1
Bloomingdale,1,33
Bloomingdale,2,32
Bloomingdale,3,22
Bloomingdale,4,21
Bloomingdale,5,22
Bloomingdale,6,20
Bloomingdale,7,23
Bloomingdale,8,43
Bloomingdale,9,21
Bloomingdale,10,9
Bloomingdale,11,16
Bloomingdale,12,19
Bloomington,1,244
Bloomington,2,242
Bloomington,3,138
Bloomington,4,179
Bloomington,5,142
Bloomington,6,109
Bloomington,7,114
Bloomington,8,116
Bloomington,9,204
Bloomington,10,109
Bloomington,11,113
Bloomington,12,131
Bloomington Springs,2,2
Bloomington Springs,3,1
Bloomington Springs,4,1
Bloomington Springs,12,2
Bloomsburg,1,44
Bloomsburg,2,50
Bloomsburg,3,18
Bloomsburg,4,30
Bloomsburg,5,20
Bloomsburg,6,50
Bloomsburg,7,58
Bloomsburg,8,37
Bloomsburg,9,47
Bloomsburg,10,47
Bloomsburg,11,26
Bloomsburg,12,31
Bloomsbury,1,1
Bloomsbury,2,2
Bloomsbury,3,2
Bloomsbury,5,9
Bloomsbury,7,3
Bloomsbury,8,3
Bloomsbury,10,3
Bloomsbury,11,4
Bloomsdale,4,1
Bloomville,11,2
Blossburg,1,3
Blossburg,2,9
Blossburg,3,1
Blossburg,4,2
Blossburg,7,3
Blossburg,8,3
Blossburg,9,4
Blossburg,10,1
Blossburg,11,3
Blossburg,12,11
Blossvale,1,6
Blossvale,2,1
Blossvale,3,4
Blossvale,5,8
Blossvale,6,1
Blossvale,7,6
Blossvale,8,1
Blossvale,9,1
Blossvale,11,7
Blounts Creek,8,1
Blountstown,1,7
Blountstown,2,5
Blountstown,3,2
Blountstown,4,7
Blountstown,5,6
Blountstown,6,5
Blountstown,7,7
Blountstown,8,2
Blountstown,9,5
Blountstown,10,5
Blountstown,11,5
Blountstown,12,9
Blountsville,1,16
Blountsville,2,10
Blountsville,3,15
Blountsville,4,7
Blountsville,5,14
Blountsville,6,9
Blountsville,7,13
Blountsville,8,11
Blountsville,9,11
Blountsville,10,14
Blountsville,11,6
Blountsville,12,4
Blountville,1,2
Blountville,2,3
Blountville,3,3
Blountville,4,7
Blountville,5,6
Blountville,6,14
Blountville,7,1
Blountville,8,7
Blountville,9,10
Blountville,10,1
Blountville,11,16
Blountville,12,1
Blowing Rock,1,3
Blowing Rock,7,2
Blowing Rock,8,3
Blowing Rock,9,2
Bloxom,1,2
Bloxom,2,4
Bloxom,3,2
Bloxom,5,1
Bloxom,6,1
Bloxom,8,1
Bloxom,9,4
Bloxom,11,1
Blue Ash,10,1
Blue Ash,11,1
Blue Bell,1,51
Blue Bell,2,40
Blue Bell,3,15
Blue Bell,4,14
Blue Bell,5,24
Blue Bell,6,31
Blue Bell,7,31
Blue Bell,8,20
Blue Bell,9,24
Blue Bell,10,22
Blue Bell,11,28
Blue Bell,12,31
Blue Earth,1,50
Blue Earth,2,16
Blue Earth,3,14
Blue Earth,4,2
Blue Earth,5,10
Blue Earth,6,16
Blue Earth,7,6
Blue Earth,8,1
Blue Earth,9,4
Blue Earth,10,7
Blue Earth,11,5
Blue Earth,12,11
Blue Eye,7,1
Blue Grass,3,1
Blue Grass,4,4
Blue Hill,2,2
Blue Hill,4,1
Blue Island,1,1
Blue Island,2,2
Blue Island,3,2
Blue Island,5,1
Blue Island,7,4
Blue Island,8,4
Blue Island,9,3
Blue Island,11,3
Blue Island,12,5
Blue Jay,1,2
Blue Jay,2,4
Blue Jay,3,1
Blue Jay,4,3
Blue Jay,5,3
Blue Jay,6,2
Blue Jay,7,1
Blue Jay,11,2
Blue Jay,12,6
Blue Lake,1,31
Blue Lake,2,24
Blue Lake,3,15
Blue Lake,4,12
Blue Lake,5,1
Blue Lake,6,10
Blue Lake,7,22
Blue Lake,8,5
Blue Lake,9,6
Blue Lake,10,13
Blue Lake,11,10
Blue Lake,12,18
Blue Mounds,1,1
Blue Mounds,11,1
Blue Mountain,6,1
Blue Mountain Lake,1,1
Blue Point,10,1
Blue Ridge,1,2
Blue Ridge,2,8
Blue Ridge,3,3
Blue Ridge,4,5
Blue Ridge,6,17
Blue Ridge,7,2
Blue Ridge,8,7
Blue Ridge,9,3
Blue Ridge,11,1
Blue Ridge,12,7
Blue Ridge Summit,6,1
Blue River,1,87
Blue River,2,70
Blue River,3,46
Blue River,4,16
Blue River,5,8
Blue River,6,27
Blue River,7,18
Blue River,8,16
Blue River,9,13
Blue River,10,17
Blue River,11,17
Blue River,12,56
Blue Springs,1,44
Blue Springs,2,85
Blue Springs,3,35
Blue Springs,4,15
Blue Springs,5,17
Blue Springs,6,23
Blue Springs,7,16
Blue Springs,8,21
Blue Springs,9,26
Blue Springs,10,20
Blue Springs,11,21
Blue Springs,12,18
Bluefield,1,8
Bluefield,2,7
Bluefield,4,3
Bluefield,5,1
Bluefield,6,2
Bluefield,7,5
Bluefield,9,11
Bluefield,10,2
Bluefield,11,2
Bluefield,12,14
Bluemont,1,10
Bluemont,2,7
Bluemont,3,2
Bluemont,4,2
Bluemont,5,5
Bluemont,6,2
Bluemont,7,19
Bluemont,8,11
Bluemont,9,3
Bluemont,10,4
Bluemont,11,8
Bluemont,12,4
Bluewater,7,1
Bluewater,8,1
Bluff,3,1
Bluff,5,1
Bluff,6,1
Bluff,7,3
Bluff,8,3
Bluff,9,2
Bluff,10,2
Bluff,11,1
Bluff City,1,1
Bluff City,11,1
Bluff City,12,3
Bluffs,2,1
Bluffs,5,2
Bluffs,7,1
Bluffs,8,1
Bluffton,1,45
Bluffton,2,49
Bluffton,3,23
Bluffton,4,20
Bluffton,5,39
Bluffton,6,35
Bluffton,7,24
Bluffton,8,31
Bluffton,9,24
Bluffton,10,29
Bluffton,11,30
Bluffton,12,48
Blythe,1,33
Blythe,2,35
Blythe,3,37
Blythe,4,18
Blythe,5,22
Blythe,6,14
Blythe,7,12
Blythe,8,29
Blythe,9,30
Blythe,10,21
Blythe,11,22
Blythe,12,14
Blytheville,1,10
Blytheville,2,9
Blytheville,3,13
Blytheville,4,7
Blytheville,6,1
Blytheville,7,3
Blytheville,8,8
Blytheville,9,2
Blytheville,11,4
Blytheville,12,30
Blythewood,1,89
Blythewood,2,60
Blythewood,3,51
Blythewood,4,43
Blythewood,5,40
Blythewood,6,37
Blythewood,7,35
Blythewood,8,57
Blythewood,9,90
Blythewood,10,39
Blythewood,11,49
Blythewood,12,66
Boalsburg,1,11
Boalsburg,2,16
Boalsburg,3,22
Boalsburg,4,11
Boalsburg,5,9
Boalsburg,6,12
Boalsburg,7,3
Boalsburg,8,21
Boalsburg,9,11
Boalsburg,10,8
Boalsburg,11,9
Boalsburg,12,26
Boardman,1,20
Boardman,2,39
Boardman,3,3
Boardman,4,7
Boardman,5,4
Boardman,6,9
Boardman,7,6
Boardman,8,6
Boardman,9,5
Boardman,10,6
Boardman,11,26
Boardman,12,47
Boaz,1,2
Boaz,2,1
Boaz,4,2
Boaz,5,4
Boaz,6,2
Boaz,7,3
Boaz,9,1
Boaz,12,4
Boca Ciega,1,1
Boca Ciega,6,1
Boca Ciega,7,1
Boca Grande,1,1
Boca Grande,2,1
Boca Grande,3,4
Boca Grande,4,2
Boca Grande,6,3
Boca Grande,7,1
Boca Grande,9,4
Boca Grande,10,1
Boca Grande,12,4
Boca Raton,1,288
Boca Raton,2,207
Boca Raton,3,173
Boca Raton,4,182
Boca Raton,5,124
Boca Raton,6,153
Boca Raton,7,137
Boca Raton,8,163
Boca Raton,9,132
Boca Raton,10,129
Boca Raton,11,198
Boca Raton,12,185
Bock,1,1
Bock,10,1
Bock,11,1
Bodega,1,5
Bodega,2,2
Bodega,3,1
Bodega,6,1
Bodega,7,2
Bodega,9,4
Bodega,12,1
Bodega Bay,1,7
Bodega Bay,2,11
Bodega Bay,3,7
Bodega Bay,4,9
Bodega Bay,5,16
Bodega Bay,6,5
Bodega Bay,7,21
Bodega Bay,8,11
Bodega Bay,9,10
Bodega Bay,10,11
Bodega Bay,11,14
Bodega Bay,12,7
Bodfish,1,9
Bodfish,2,4
Bodfish,3,5
Bodfish,4,7
Bodfish,5,3
Bodfish,6,5
Bodfish,7,4
Bodfish,8,9
Bodfish,9,3
Bodfish,10,4
Bodfish,11,3
Bodfish,12,5
Boerne,1,13
Boerne,2,3
Boerne,3,4
Boerne,4,4
Boerne,5,3
Boerne,6,7
Boerne,7,9
Boerne,8,4
Boerne,9,2
Boerne,10,1
Boerne,11,3
Boerne,12,5
Bogart,4,2
Bogart,6,5
Bogart,8,2
Bogart,9,4
Bogart,12,1
Bogata,8,1
Bogota,1,3
Bogota,2,2
Bogota,4,3
Bogota,5,6
Bogota,7,1
Bogota,9,2
Bogota,10,1
Bogota,11,3
Bogue Chitto,1,1
Bogue Chitto,2,1
Bogue Chitto,5,1
Bogue Chitto,7,2
Bogue Chitto,8,2
Bogue Chitto,9,2
Bogue Chitto,11,4
Bogue Chitto,12,1
Bohemia,1,10
Bohemia,2,9
Bohemia,3,5
Bohemia,4,2
Bohemia,5,15
Bohemia,6,22
Bohemia,7,14
Bohemia,8,11
Bohemia,9,24
Bohemia,10,5
Bohemia,11,9
Bohemia,12,1
Boiceville,5,1
Boiceville,7,1
Boiceville,8,1
Boiling Springs,1,182
Boiling Springs,2,156
Boiling Springs,3,135
Boiling Springs,4,137
Boiling Springs,5,128
Boiling Springs,6,101
Boiling Springs,7,103
Boiling Springs,8,124
Boiling Springs,9,105
Boiling Springs,10,89
Boiling Springs,11,88
Boiling Springs,12,123
Bois D Arc,2,2
Bois D Arc,3,1
Bois D Arc,4,1
Bois D Arc,8,1
Bois D Arc,10,5
Bois D'Arc,1,1
Bois D'Arc,2,4
Bois D'Arc,3,4
Bois D'Arc,4,2
Bois D'Arc,5,2
Bois D'Arc,6,1
Bois D'Arc,10,2
Bois D'Arc,12,2
Boise,1,154
Boise,2,130
Boise,3,95
Boise,4,126
Boise,5,99
Boise,6,118
Boise,7,56
Boise,8,113
Boise,9,93
Boise,10,77
Boise,11,127
Boise,12,373
Bokeelia,1,3
Bokeelia,2,3
Bokeelia,3,5
Bokeelia,4,1
Bokeelia,5,1
Bokeelia,7,4
Bokeelia,9,3
Bokeelia,10,4
Bokeelia,11,1
Bokeelia,12,1
Boles,1,2
Boles,2,4
Boles,8,1
Boles,10,2
Boligee,1,8
Boligee,3,5
Boligee,5,3
Boligee,6,4
Boligee,7,9
Boligee,8,5
Boligee,9,9
Boligee,10,1
Boligee,11,1
Bolinas,1,6
Bolinas,2,4
Bolinas,3,5
Bolinas,4,4
Bolinas,5,6
Bolinas,6,4
Bolinas,7,2
Bolinas,8,3
Bolinas,9,1
Bolinas,10,3
Bolinas,11,3
Bolinas,12,2
Bolingbrook,1,34
Bolingbrook,2,45
Bolingbrook,3,51
Bolingbrook,4,33
Bolingbrook,5,55
Bolingbrook,6,45
Bolingbrook,7,41
Bolingbrook,8,46
Bolingbrook,9,36
Bolingbrook,10,27
Bolingbrook,11,16
Bolingbrook,12,19
Bolivar,1,4
Bolivar,2,4
Bolivar,3,1
Bolivar,4,3
Bolivar,5,3
Bolivar,6,3
Bolivar,8,4
Bolivar,9,4
Bolivar,10,1
Bolivar,11,10
Bolivar,12,10
Bolivia,1,2
Bolivia,3,1
Bolivia,7,4
Bolivia,8,8
Bolivia,9,4
Bolivia,10,2
Bolivia,11,5
Bolivia,12,4
Bolton,1,5
Bolton,2,21
Bolton,3,8
Bolton,4,9
Bolton,5,11
Bolton,6,19
Bolton,7,14
Bolton,8,15
Bolton,9,7
Bolton,10,15
Bolton,11,12
Bolton,12,10
Bolton Landing,2,1
Bolton Landing,3,1
Bolton Landing,6,4
Bolton Landing,7,1
Bolton Landing,8,2
Bolton Landing,12,3
Bon Aqua,3,2
Bon Aqua,4,7
Bonaire,1,5
Bonaire,2,8
Bonaire,4,2
Bonaire,6,3
Bonaire,7,4
Bonaire,8,1
Bonaire,9,6
Bonaire,10,1
Bonaire,11,4
Bonanza,1,12
Bonanza,2,11
Bonanza,3,8
Bonanza,4,3
Bonanza,5,4
Bonanza,6,7
Bonanza,7,3
Bonanza,8,4
Bonanza,9,10
Bonanza,10,11
Bonanza,11,11
Bonanza,12,22
Bond,1,9
Bond,3,1
Bond,4,1
Bond,7,4
Bond,8,1
Bond,11,2
Bond,12,12
Bonduel,5,5
Bonduel,6,1
Bonduel,8,1
Bondurant,1,2
Bondurant,2,4
Bondurant,3,2
Bondurant,4,1
Bondurant,5,3
Bondurant,6,2
Bondurant,8,3
Bondurant,9,1
Bondurant,10,1
Bondurant,11,2
Bondurant,12,3
Bondville,2,2
Bonfield,2,1
Bonfield,7,1
Bonfield,9,1
Bonifay,1,41
Bonifay,2,17
Bonifay,3,5
Bonifay,4,4
Bonifay,5,19
Bonifay,6,19
Bonifay,7,12
Bonifay,8,20
Bonifay,9,10
Bonifay,10,14
Bonifay,11,7
Bonifay,12,18
Bonita,1,3
Bonita,2,5
Bonita,3,4
Bonita,4,5
Bonita,5,4
Bonita,6,3
Bonita,7,3
Bonita,8,3
Bonita,9,9
Bonita,10,6
Bonita,11,1
Bonita,12,4
Bonita Springs,1,301
Bonita Springs,2,355
Bonita Springs,3,279
Bonita Springs,4,154
Bonita Springs,5,57
Bonita Springs,6,87
Bonita Springs,7,66
Bonita Springs,8,85
Bonita Springs,9,80
Bonita Springs,10,64
Bonita Springs,11,256
Bonita Springs,12,284
Bonne Terre,9,1
Bonneau,1,18
Bonneau,2,20
Bonneau,3,6
Bonneau,4,9
Bonneau,5,5
Bonneau,6,5
Bonneau,7,8
Bonneau,8,13
Bonneau,9,8
Bonneau,10,14
Bonneau,11,7
Bonneau,12,11
Bonner,1,12
Bonner,2,6
Bonner,3,6
Bonner,4,2
Bonner,5,1
Bonner,6,2
Bonner,7,1
Bonner,8,7
Bonner,9,3
Bonner,10,3
Bonner,11,13
Bonner,12,10
Bonner Springs,1,10
Bonner Springs,2,34
Bonner Springs,3,7
Bonner Springs,4,9
Bonner Springs,5,18
Bonner Springs,6,13
Bonner Springs,7,5
Bonner Springs,8,11
Bonner Springs,9,13
Bonner Springs,10,4
Bonner Springs,11,7
Bonner Springs,12,5
Bonnerdale,9,1
Bonnerdale,12,1
Bonners Ferry,6,1
Bonney Lake,1,3
Bonney Lake,2,4
Bonney Lake,3,6
Bonney Lake,4,1
Bonney Lake,5,5
Bonney Lake,6,3
Bonney Lake,7,3
Bonney Lake,8,2
Bonney Lake,9,1
Bonney Lake,11,1
Bonney Lake,12,7
Bonnie,2,2
Bonnie,5,1
Bonnie,6,1
Bonnieville,2,3
Bonnieville,6,2
Bonnieville,10,5
Bonnieville,11,3
Bono,1,1
Bono,2,2
Bono,4,1
Bono,5,10
Bono,7,2
Bono,9,3
Bono,10,4
Bono,11,3
Bono,12,5
Bonsall,1,48
Bonsall,2,44
Bonsall,3,27
Bonsall,4,15
Bonsall,5,22
Bonsall,6,19
Bonsall,7,27
Bonsall,8,23
Bonsall,9,24
Bonsall,10,31
Bonsall,11,16
Bonsall,12,18
Boomer,7,7
Boomer,12,3
Boone,1,12
Boone,2,9
Boone,3,7
Boone,4,2
Boone,5,6
Boone,6,9
Boone,7,2
Boone,8,9
Boone,9,21
Boone,10,7
Boone,11,13
Boone,12,6
Boones Mill,1,8
Boones Mill,2,9
Boones Mill,3,5
Boones Mill,4,8
Boones Mill,5,3
Boones Mill,6,7
Boones Mill,7,10
Boones Mill,8,4
Boones Mill,9,13
Boones Mill,10,5
Boones Mill,11,13
Boones Mill,12,19
Booneville,1,5
Booneville,2,1
Booneville,5,1
Booneville,6,3
Booneville,7,6
Booneville,8,1
Booneville,12,2
Boonsboro,1,21
Boonsboro,2,16
Boonsboro,3,13
Boonsboro,4,16
Boonsboro,5,2
Boonsboro,6,23
Boonsboro,7,26
Boonsboro,8,12
Boonsboro,9,8
Boonsboro,10,6
Boonsboro,11,11
Boonsboro,12,17
Boonton,2,9
Boonton,3,2
Boonton,4,6
Boonton,5,5
Boonton,6,6
Boonton,7,3
Boonton,8,1
Boonton,9,5
Boonton,10,2
Boonton,11,1
Boonton,12,1
Boonville,1,13
Boonville,2,16
Boonville,3,22
Boonville,4,12
Boonville,5,9
Boonville,6,10
Boonville,7,15
Boonville,8,18
Boonville,9,15
Boonville,10,4
Boonville,11,8
Boonville,12,2
Borden,1,1
Borden,2,1
Bordentown,1,47
Bordentown,2,74
Bordentown,3,45
Bordentown,4,38
Bordentown,5,29
Bordentown,6,44
Bordentown,7,37
Bordentown,8,49
Bordentown,9,37
Bordentown,10,44
Bordentown,11,59
Bordentown,12,52
Borger,9,9
Boring,1,12
Boring,2,32
Boring,3,1
Boring,4,6
Boring,5,9
Boring,6,4
Boring,7,10
Boring,8,4
Boring,9,20
Boring,10,9
Boring,11,8
Boring,12,16
Boron,1,12
Boron,2,13
Boron,3,4
Boron,4,13
Boron,5,9
Boron,6,6
Boron,7,13
Boron,8,11
Boron,9,10
Boron,10,8
Boron,11,12
Boron,12,13
Boscawen,11,1
Boscawen,12,1
Boscobel,6,1
Bosler,1,9
Bosler,8,2
Bosler,11,1
Bosler,12,2
Bosque,1,5
Bosque,3,1
Bosque,6,1
Bosque,7,1
Bosque,12,1
Bosque Farms,2,3
Bosque Farms,6,2
Bosque Farms,8,3
Bosque Farms,9,1
Bosque Farms,12,1
Bossier City,1,28
Bossier City,2,29
Bossier City,3,24
Bossier City,4,26
Bossier City,5,22
Bossier City,6,37
Bossier City,7,33
Bossier City,8,32
Bossier City,9,37
Bossier City,10,17
Bossier City,11,42
Bossier City,12,25
Bostic,2,1
Bostic,3,2
Bostic,9,7
Boston,1,113
Boston,2,118
Boston,3,139
Boston,4,165
Boston,5,181
Boston,6,133
Boston,7,121
Boston,8,140
Boston,9,136
Boston,10,124
Boston,11,96
Boston,12,113
Boswell,1,8
Boswell,2,14
Boswell,3,12
Boswell,4,5
Boswell,5,9
Boswell,6,4
Boswell,7,12
Boswell,8,10
Boswell,9,4
Boswell,10,1
Boswell,11,12
Boswell,12,18
Bothell,1,44
Bothell,2,30
Bothell,3,31
Bothell,4,44
Bothell,5,12
Bothell,6,27
Bothell,7,26
Bothell,8,30
Bothell,9,26
Bothell,10,40
Bothell,11,46
Bothell,12,41
Botkins,1,3
Botkins,6,2
Botkins,7,1
Botkins,9,1
Botkins,11,3
Botkins,12,18
Boulder,1,37
Boulder,2,28
Boulder,3,35
Boulder,4,34
Boulder,5,8
Boulder,6,13
Boulder,7,6
Boulder,8,21
Boulder,9,14
Boulder,10,27
Boulder,11,49
Boulder,12,50
Boulder Creek,1,38
Boulder Creek,2,35
Boulder Creek,3,24
Boulder Creek,4,37
Boulder Creek,5,15
Boulder Creek,6,23
Boulder Creek,7,24
Boulder Creek,8,30
Boulder Creek,9,19
Boulder Creek,10,24
Boulder Creek,11,17
Boulder Creek,12,30
Bound Brook,1,3
Bound Brook,2,7
Bound Brook,3,1
Bound Brook,4,3
Bound Brook,5,14
Bound Brook,6,7
Bound Brook,7,12
Bound Brook,8,2
Bound Brook,9,9
Bound Brook,10,19
Bound Brook,11,7
Bound Brook,12,10
Bountiful,1,14
Bountiful,2,10
Bountiful,3,9
Bountiful,4,13
Bountiful,5,12
Bountiful,6,17
Bountiful,7,14
Bountiful,8,12
Bountiful,9,19
Bountiful,10,14
Bountiful,11,11
Bountiful,12,24
Bourbon,2,1
Bourbon,3,1
Bourbon,5,3
Bourbon,7,3
Bourbon,9,1
Bourbonnais,1,6
Bourbonnais,2,8
Bourbonnais,3,5
Bourbonnais,4,4
Bourbonnais,5,8
Bourbonnais,6,5
Bourbonnais,7,8
Bourbonnais,8,5
Bourbonnais,9,2
Bourbonnais,10,2
Bourbonnais,11,1
Bourbonnais,12,2
Bourg,9,5
Bouse,1,7
Bouse,4,1
Bouse,5,1
Bouse,6,3
Bouse,7,5
Bouse,8,1
Bouse,10,2
Bouton,5,1
Bovey,1,7
Bovey,2,9
Bovey,3,2
Bovey,4,1
Bovey,5,3
Bovey,6,2
Bovey,7,1
Bovey,8,2
Bovey,9,7
Bovey,11,6
Bovey,12,7
Bow,1,27
Bow,2,5
Bow,3,5
Bow,4,4
Bow,5,3
Bow,6,2
Bow,7,3
Bow,8,8
Bow,9,5
Bow,10,3
Bow,11,5
Bow,12,6
Bowbells,12,1
Bowdoinham,1,1
Bowdoinham,7,1
Bowdoinham,12,2
Bowdon,1,1
Bowdon,2,1
Bowdon,3,2
Bowdon,8,1
Bowdon,9,1
Bowdon,10,3
Bowdon,12,4
Bowerston,11,4
Bowersville,7,1
Bowie,1,41
Bowie,2,33
Bowie,3,31
Bowie,4,38
Bowie,5,36
Bowie,6,52
Bowie,7,37
Bowie,8,17
Bowie,9,24
Bowie,10,38
Bowie,11,29
Bowie,12,41
Bowler,8,2
Bowling Green,1,16
Bowling Green,2,13
Bowling Green,3,19
Bowling Green,4,27
Bowling Green,5,15
Bowling Green,6,16
Bowling Green,7,17
Bowling Green,8,25
Bowling Green,9,30
Bowling Green,10,8
Bowling Green,11,27
Bowling Green,12,21
Bowlus,1,6
Bowlus,2,2
Bowlus,5,3
Bowman,1,73
Bowman,2,35
Bowman,3,41
Bowman,4,51
Bowman,5,34
Bowman,6,59
Bowman,7,56
Bowman,8,47
Bowman,9,32
Bowman,10,41
Bowman,11,47
Bowman,12,66
Bowmanstown,2,1
Bowmansville,1,1
Bowmansville,3,2
Bowmansville,8,1
Bowmansville,9,1
Box Elder,1,2
Box Elder,8,2
Box Elder,10,2
Box Elder,11,2
Box Elder,12,4
Box Springs,9,6
Box Springs,11,1
Box Springs,12,4
Boxborough,1,3
Boxborough,2,7
Boxborough,3,3
Boxborough,4,2
Boxborough,5,2
Boxborough,6,3
Boxborough,7,1
Boxborough,8,4
Boxborough,9,4
Boxborough,10,1
Boxford,1,1
Boxford,2,11
Boxford,3,3
Boxford,4,2
Boxford,5,2
Boxford,6,5
Boxford,7,7
Boxford,8,1
Boxford,9,1
Boxford,10,4
Boxholm,12,1
Boyce,1,1
Boyce,2,6
Boyce,3,6
Boyce,4,3
Boyce,5,8
Boyce,7,2
Boyce,8,3
Boyce,9,2
Boyce,11,7
Boyce,12,21
Boyd,6,2
Boyds,1,4
Boyds,3,2
Boyds,5,3
Boyds,6,6
Boyds,7,3
Boyds,8,5
Boyds,9,3
Boyds,10,1
Boyds,11,2
Boyds,12,4
Boydton,1,6
Boydton,2,6
Boydton,3,18
Boydton,4,7
Boydton,5,4
Boydton,6,8
Boydton,7,11
Boydton,8,4
Boydton,9,6
Boydton,10,6
Boydton,11,7
Boydton,12,7
Boyertown,1,3
Boyertown,2,4
Boyertown,3,1
Boyertown,5,2
Boyertown,7,3
Boyertown,8,2
Boyertown,9,3
Boyertown,10,2
Boyertown,12,1
Boyes,1,1
Boyes,3,5
Boylston,6,1
Boyne City,12,1
Boyne Falls,1,4
Boyne Falls,3,1
Boyne Falls,6,2
Boyne Falls,11,2
Boynton Beach,1,168
Boynton Beach,2,100
Boynton Beach,3,114
Boynton Beach,4,111
Boynton Beach,5,92
Boynton Beach,6,68
Boynton Beach,7,92
Boynton Beach,8,70
Boynton Beach,9,59
Boynton Beach,10,81
Boynton Beach,11,93
Boynton Beach,12,111
Boys Town,2,3
Boys Town,3,1
Boys Town,6,1
Boys Town,8,1
Boys Town,9,1
Bozeman,1,283
Bozeman,2,170
Bozeman,3,95
Bozeman,4,212
Bozeman,5,12
Bozeman,6,12
Bozeman,7,29
Bozeman,8,32
Bozeman,9,61
Bozeman,10,53
Bozeman,11,158
Bozeman,12,397
Bozrah,6,3
Bozrah,8,1
Bozrah,12,2
Braceville,1,1
Braceville,3,4
Braceville,4,1
Braceville,5,5
Braceville,6,2
Braceville,11,2
Braceville,12,1
Bracey,1,2
Bracey,2,1
Bracey,3,11
Bracey,4,11
Bracey,5,2
Bracey,6,6
Bracey,7,4
Bracey,8,2
Bracey,9,1
Bracey,10,6
Bracey,11,8
Bracey,12,21
Brackenridge,10,1
Brackettville,8,2
Brackettville,12,2
Braddock,1,1
Braddock,4,1
Braddock,6,2
Braddock,9,1
Braddock,11,4
Braddock,12,2
Bradenton,1,1164
Bradenton,2,892
Bradenton,3,581
Bradenton,4,525
Bradenton,5,468
Bradenton,6,399
Bradenton,7,336
Bradenton,8,429
Bradenton,9,494
Bradenton,10,439
Bradenton,11,781
Bradenton,12,674
Bradenton Beach,1,3
Bradenton Beach,3,1
Bradenton Beach,4,4
Bradenton Beach,5,3
Bradenton Beach,6,2
Bradenton Beach,8,1
Bradenton Beach,9,2
Bradenton Beach,10,1
Bradenton Beach,11,2
Bradenton Beach,12,2
Bradenville,1,2
Bradenville,2,2
Bradenville,3,2
Bradenville,4,7
Bradenville,9,2
Bradford,1,59
Bradford,2,30
Bradford,3,15
Bradford,4,13
Bradford,5,22
Bradford,6,12
Bradford,7,6
Bradford,8,19
Bradford,9,30
Bradford,10,16
Bradford,11,33
Bradford,12,27
Bradgate,11,2
Bradley,1,28
Bradley,2,20
Bradley,3,11
Bradley,4,22
Bradley,5,17
Bradley,6,9
Bradley,7,14
Bradley,8,15
Bradley,9,18
Bradley,10,11
Bradley,11,21
Bradley,12,9
Bradley Beach,2,4
Bradner,1,4
Brady,2,2
Brady,3,17
Brady,7,5
Brady,8,2
Brady,11,2
Brady,12,1
Bradyville,12,1
Braham,1,6
Braham,2,5
Braham,3,1
Braham,4,2
Braham,5,5
Braham,6,1
Braham,7,3
Braham,8,1
Braham,10,2
Braham,11,3
Braham,12,5
Braidwood,1,5
Braidwood,2,12
Braidwood,3,4
Braidwood,4,1
Braidwood,5,4
Braidwood,6,1
Braidwood,7,6
Braidwood,9,2
Braidwood,10,1
Braidwood,11,2
Brainard,2,4
Brainerd,1,53
Brainerd,2,17
Brainerd,3,8
Brainerd,4,9
Brainerd,5,17
Brainerd,6,22
Brainerd,7,29
Brainerd,8,16
Brainerd,9,25
Brainerd,10,7
Brainerd,11,42
Brainerd,12,42
Braintree,1,28
Braintree,2,33
Braintree,3,37
Braintree,4,23
Braintree,5,20
Braintree,6,31
Braintree,7,24
Braintree,8,23
Braintree,9,21
Braintree,10,16
Braintree,11,14
Braintree,12,22
Branch,10,2
Branchville,1,3
Branchville,2,4
Branchville,3,6
Branchville,4,3
Branchville,5,4
Branchville,6,6
Branchville,7,6
Branchville,8,2
Branchville,9,6
Branchville,10,3
Branchville,11,5
Branchville,12,11
Brandamore,1,1
Brandon,1,162
Brandon,2,157
Brandon,3,76
Brandon,4,141
Brandon,5,113
Brandon,6,140
Brandon,7,74
Brandon,8,120
Brandon,9,121
Brandon,10,95
Brandon,11,156
Brandon,12,196
Brandy Station,1,1
Brandy Station,4,3
Brandy Station,6,1
Brandy Station,7,2
Brandy Station,8,9
Brandy Station,10,2
Brandy Station,11,1
Brandy Station,12,1
Brandywine,1,79
Brandywine,2,37
Brandywine,3,14
Brandywine,4,54
Brandywine,5,25
Brandywine,6,48
Brandywine,7,61
Brandywine,8,41
Brandywine,9,42
Brandywine,10,70
Brandywine,11,49
Brandywine,12,44
Branford,1,9
Branford,2,32
Branford,3,27
Branford,4,21
Branford,5,29
Branford,6,27
Branford,7,71
Branford,8,27
Branford,9,21
Branford,10,29
Branford,11,21
Branford,12,19
Branscomb,1,1
Branscomb,4,2
Branscomb,6,1
Branscomb,7,1
Branscomb,12,2
Branson,2,1
Branson,6,2
Branson,10,1
Brant Lake,1,2
Brant Lake,2,3
Brant Lake,6,2
Brantley,1,4
Brantley,2,2
Brantley,4,2
Brantley,6,1
Brantley,7,6
Brantley,8,3
Brantley,9,4
Brantley,10,5
Brantley,12,1
Braselton,1,19
Braselton,2,7
Braselton,3,12
Braselton,4,6
Braselton,5,2
Braselton,6,5
Braselton,7,3
Braselton,8,3
Braselton,9,2
Braselton,10,1
Braselton,11,32
Braselton,12,11
Brashear,2,1
Brasstown,1,3
Brasstown,4,1
Brasstown,6,1
Brasstown,8,5
Brattleboro,3,1
Brattleboro,6,2
Brattleboro,9,1
Brattleboro,12,1
Braxton,3,2
Braxton,7,1
Braxton,8,1
Braxton,9,1
Brayton,1,3
Brayton,3,1
Brayton,4,1
Brayton,7,2
Brayton,8,1
Brayton,9,1
Brayton,11,2
Brazil,1,3
Brazil,2,20
Brazil,3,15
Brazil,4,18
Brazil,5,1
Brazil,6,16
Brazil,7,9
Brazil,8,19
Brazil,9,1
Brazil,11,7
Brazil,12,17
Brazoria,5,1
Brazoria,7,2
Brazoria,8,2
Brazoria,12,1
Brea,1,95
Brea,2,110
Brea,3,82
Brea,4,116
Brea,5,48
Brea,6,69
Brea,7,74
Brea,8,106
Brea,9,95
Brea,10,69
Brea,11,98
Brea,12,111
Breaux Bridge,1,28
Breaux Bridge,2,33
Breaux Bridge,3,37
Breaux Bridge,4,8
Breaux Bridge,5,37
Breaux Bridge,6,24
Breaux Bridge,7,16
Breaux Bridge,8,13
Breaux Bridge,9,20
Breaux Bridge,10,14
Breaux Bridge,11,13
Breaux Bridge,12,9
Breckenridge,1,15
Breckenridge,2,6
Breckenridge,3,10
Breckenridge,4,1
Breckenridge,5,1
Breckenridge,9,3
Breckenridge,10,2
Breckenridge,11,4
Breckenridge,12,15
Brecksville,1,7
Brecksville,3,1
Brecksville,5,3
Brecksville,6,2
Brecksville,8,2
Brecksville,9,1
Brecksville,11,4
Brecksville,12,5
Breese,11,3
Breezewood,1,6
Breezewood,2,18
Breezewood,3,4
Breezewood,4,19
Breezewood,5,18
Breezewood,6,17
Breezewood,7,19
Breezewood,8,11
Breezewood,9,17
Breezewood,10,4
Breezewood,11,16
Breezewood,12,14
Breezy Point,12,1
Breinigsville,1,21
Breinigsville,2,4
Breinigsville,3,7
Breinigsville,5,14
Breinigsville,6,5
Breinigsville,7,2
Breinigsville,8,24
Breinigsville,9,5
Breinigsville,10,3
Breinigsville,11,8
Breinigsville,12,1
Bremen,1,5
Bremen,2,11
Bremen,3,8
Bremen,4,10
Bremen,5,17
Bremen,6,5
Bremen,7,2
Bremen,8,8
Bremen,9,6
Bremen,10,3
Bremen,11,7
Bremen,12,2
Bremerton,1,20
Bremerton,2,10
Bremerton,3,17
Bremerton,4,8
Bremerton,5,10
Bremerton,6,17
Bremerton,7,16
Bremerton,8,11
Bremerton,9,7
Bremerton,10,10
Bremerton,11,11
Bremerton,12,19
Bremo Bluff,1,6
Bremo Bluff,2,5
Bremo Bluff,5,7
Bremo Bluff,9,4
Bremo Bluff,12,8
Bremond,11,1
Brenham,5,1
Brenham,7,1
Brent,1,1
Brent,2,1
Brent,3,1
Brent,11,4
Brent,12,2
Brentwood,1,186
Brentwood,2,202
Brentwood,3,125
Brentwood,4,174
Brentwood,5,149
Brentwood,6,149
Brentwood,7,133
Brentwood,8,136
Brentwood,9,172
Brentwood,10,120
Brentwood,11,184
Brentwood,12,229
Brevard,1,9
Brevard,2,1
Brevard,3,4
Brevard,4,1
Brevard,5,5
Brevard,6,1
Brevard,8,6
Brevard,11,4
Brevard,12,2
Brewerton,1,4
Brewerton,3,3
Brewerton,5,1
Brewerton,7,6
Brewerton,9,5
Brewerton,11,1
Brewerton,12,1
Brewster,1,106
Brewster,2,74
Brewster,3,54
Brewster,4,50
Brewster,5,89
Brewster,6,84
Brewster,7,86
Brewster,8,77
Brewster,9,112
Brewster,10,70
Brewster,11,75
Brewster,12,71
Brewton,1,4
Brewton,2,1
Brewton,3,6
Brewton,5,6
Brewton,6,1
Brewton,7,3
Brewton,8,1
Brewton,9,4
Brewton,11,5
Brewton,12,1
Brian Head,1,3
Brian Head,2,8
Brian Head,3,2
Brian Head,7,1
Brian Head,9,1
Brian Head,10,2
Brian Head,11,3
Brian Head,12,6
Briarcliff Manor,1,11
Briarcliff Manor,2,12
Briarcliff Manor,3,16
Briarcliff Manor,4,16
Briarcliff Manor,5,20
Briarcliff Manor,6,15
Briarcliff Manor,7,11
Briarcliff Manor,8,8
Briarcliff Manor,9,23
Briarcliff Manor,10,4
Briarcliff Manor,11,2
Briarcliff Manor,12,10
Bricelyn,1,19
Bricelyn,2,1
Bricelyn,3,1
Bricelyn,6,1
Bricelyn,7,1
Bricelyn,9,1
Bricelyn,12,1
Briceville,8,4
Brick,1,30
Brick,2,24
Brick,3,9
Brick,4,19
Brick,5,20
Brick,6,15
Brick,7,14
Brick,8,29
Brick,9,3
Brick,10,6
Brick,11,8
Brick,12,20
Bridal Veil,1,10
Bridal Veil,2,7
Bridal Veil,3,1
Bridal Veil,4,3
Bridal Veil,6,2
Bridal Veil,7,2
Bridal Veil,8,1
Bridal Veil,9,6
Bridal Veil,11,1
Bridal Veil,12,7
Bridge City,5,1
Bridge City,6,1
Bridgehampton,2,1
Bridgehampton,5,5
Bridgehampton,6,6
Bridgehampton,7,4
Bridgehampton,8,2
Bridgeport,1,119
Bridgeport,2,88
Bridgeport,3,97
Bridgeport,4,125
Bridgeport,5,99
Bridgeport,6,138
Bridgeport,7,141
Bridgeport,8,101
Bridgeport,9,90
Bridgeport,10,65
Bridgeport,11,127
Bridgeport,12,93
Bridger,2,6
Bridger,6,2
Bridger,7,1
Bridger,8,2
Bridger,9,3
Bridger,10,3
Bridger,11,7
Bridger,12,2
Bridgeton,1,24
Bridgeton,2,40
Bridgeton,3,11
Bridgeton,4,21
Bridgeton,5,14
Bridgeton,6,32
Bridgeton,7,36
Bridgeton,8,30
Bridgeton,9,22
Bridgeton,10,38
Bridgeton,11,9
Bridgeton,12,30
Bridgeview,1,21
Bridgeview,2,29
Bridgeview,3,17
Bridgeview,4,20
Bridgeview,5,14
Bridgeview,6,22
Bridgeview,7,16
Bridgeview,8,18
Bridgeview,9,13
Bridgeview,10,18
Bridgeview,11,17
Bridgeview,12,21
Bridgeville,1,26
Bridgeville,2,29
Bridgeville,3,21
Bridgeville,4,17
Bridgeville,5,17
Bridgeville,6,30
Bridgeville,7,11
Bridgeville,8,22
Bridgeville,9,20
Bridgeville,10,28
Bridgeville,11,18
Bridgeville,12,29
Bridgewater,1,25
Bridgewater,2,29
Bridgewater,3,18
Bridgewater,4,18
Bridgewater,5,15
Bridgewater,6,28
Bridgewater,7,25
Bridgewater,8,24
Bridgewater,9,24
Bridgewater,10,25
Bridgewater,11,19
Bridgewater,12,28
Bridgman,1,17
Bridgman,2,8
Bridgman,3,1
Bridgman,4,4
Bridgman,5,4
Bridgman,6,3
Bridgman,7,6
Bridgman,10,1
Bridgman,11,2
Bridgman,12,6
Bridgton,2,2
Brielle,2,3
Brielle,3,1
Brielle,5,2
Brielle,7,2
Brielle,11,2
Brierfield,3,1
Brierfield,7,1
Brierfield,8,1
Brierfield,9,1
Briggs,11,2
Briggsdale,6,3
Brigham City,1,20
Brigham City,2,13
Brigham City,3,12
Brigham City,4,11
Brigham City,5,19
Brigham City,6,24
Brigham City,7,21
Brigham City,8,24
Brigham City,9,17
Brigham City,10,30
Brigham City,11,24
Brigham City,12,24
Brighton,1,61
Brighton,2,58
Brighton,3,44
Brighton,4,54
Brighton,5,51
Brighton,6,48
Brighton,7,68
Brighton,8,69
Brighton,9,59
Brighton,10,81
Brighton,11,58
Brighton,12,61
Brightwaters,11,1
Brightwaters,12,1
Brightwood,1,2
Brightwood,2,4
Brightwood,5,1
Brightwood,7,1
Brightwood,11,1
Brightwood,12,1
Brilliant,1,1
Brilliant,5,3
Brilliant,10,1
Brilliant,11,2
Brilliant,12,1
Brillion,4,1
Brillion,8,1
Brillion,12,1
Brimfield,2,1
Brimfield,3,2
Brimfield,4,2
Brimfield,5,4
Brimfield,6,6
Brimfield,8,2
Brimfield,9,2
Brimfield,10,2
Brimfield,11,2
Brimfield,12,1
Brinkley,1,7
Brinkley,2,8
Brinkley,3,7
Brinkley,4,4
Brinkley,5,6
Brinkley,6,7
Brinkley,7,21
Brinkley,8,4
Brinkley,9,7
Brinkley,10,9
Brinkley,11,8
Brinkley,12,9
Brinklow,3,1
Brinklow,4,3
Brinnon,1,2
Brinnon,2,1
Brinnon,3,3
Brinnon,4,5
Brinnon,6,2
Brinnon,8,2
Brinnon,9,2
Brinnon,10,10
Brinnon,12,6
Briones,5,1
Briones,10,2
Briones,12,1
Brisbane,1,18
Brisbane,2,12
Brisbane,3,17
Brisbane,4,8
Brisbane,5,12
Brisbane,6,13
Brisbane,7,8
Brisbane,8,10
Brisbane,9,10
Brisbane,10,16
Brisbane,11,10
Brisbane,12,16
Brisbin,9,1
Bristol,1,59
Bristol,2,61
Bristol,3,32
Bristol,4,53
Bristol,5,34
Bristol,6,49
Bristol,7,61
Bristol,8,52
Bristol,9,20
Bristol,10,40
Bristol,11,44
Bristol,12,56
Bristolville,6,1
Bristow,1,15
Bristow,2,8
Bristow,3,7
Bristow,4,9
Bristow,5,13
Bristow,6,13
Bristow,7,7
Bristow,8,12
Bristow,9,5
Bristow,10,11
Bristow,11,8
Bristow,12,6
Britt,1,1
Britt,2,1
Britt,3,4
Britt,4,1
Britt,6,1
Britt,7,1
Britt,10,2
Britt,11,1
Britt,12,6
Broad Brook,4,4
Broad Channel,8,3
Broad Channel,9,1
Broad Run,1,20
Broad Run,2,10
Broad Run,3,2
Broad Run,4,15
Broad Run,6,3
Broad Run,7,11
Broad Run,8,7
Broad Run,9,1
Broad Run,10,8
Broad Run,11,4
Broad Run,12,3
Broad Top,3,2
Broad Top,4,2
Broad Top,6,2
Broad Top,9,1
Broadalbin,2,2
Broadalbin,6,7
Broadbent,2,2
Broadbent,3,1
Broadbent,5,2
Broadbent,6,2
Broadbent,8,1
Broadbent,9,2
Broadbent,10,5
Broadbent,12,4
Broadlands,5,1
Broadlands,10,2
Broadlands,12,2
Broadus,1,4
Broadus,3,2
Broadus,4,7
Broadus,5,2
Broadus,9,3
Broadus,10,4
Broadus,11,5
Broadus,12,8
Broadview,2,3
Broadview,3,1
Broadview,4,1
Broadview,5,3
Broadview,6,3
Broadview,7,1
Broadview,8,2
Broadview,12,2
Broadview Heights,1,2
Broadview Heights,2,3
Broadview Heights,3,3
Broadview Heights,4,2
Broadview Heights,5,1
Broadview Heights,8,1
Broadview Heights,9,2
Broadview Heights,11,4
Broadview Heights,12,4
Broadway,1,30
Broadway,2,14
Broadway,3,13
Broadway,4,16
Broadway,5,8
Broadway,6,12
Broadway,7,8
Broadway,8,20
Broadway,9,13
Broadway,10,8
Broadway,11,29
Broadway,12,40
Brockport,1,28
Brockport,2,30
Brockport,3,13
Brockport,4,16
Brockport,5,19
Brockport,6,15
Brockport,7,17
Brockport,8,15
Brockport,9,5
Brockport,10,8
Brockport,11,18
Brockport,12,20
Brockton,1,7
Brockton,2,6
Brockton,3,12
Brockton,4,9
Brockton,5,7
Brockton,6,11
Brockton,7,4
Brockton,8,9
Brockton,9,6
Brockton,10,3
Brockton,11,8
Brockton,12,3
Brockway,1,7
Brockway,2,4
Brockway,3,4
Brockway,5,3
Brockway,6,1
Brockway,7,6
Brockway,8,11
Brockway,9,3
Brockway,10,4
Brockway,11,10
Brockway,12,6
Brockwell,8,3
Brocton,1,4
Brocton,2,5
Brocton,4,1
Brocton,7,6
Brocton,9,2
Brocton,11,4
Brodheadsville,2,6
Brodheadsville,3,1
Brodheadsville,11,1
Brodheadsville,12,1
Brodnax,1,28
Brodnax,2,4
Brodnax,3,4
Brodnax,4,15
Brodnax,5,10
Brodnax,6,4
Brodnax,7,34
Brodnax,8,13
Brodnax,9,10
Brodnax,10,11
Brodnax,11,11
Brodnax,12,34
Brogan,1,1
Brogan,7,1
Brogan,10,2
Brogan,12,2
Brogue,1,2
Brogue,2,1
Brogue,4,1
Brogue,7,2
Brogue,8,13
Brogue,11,4
Brogue,12,3
Broken Arrow,1,9
Broken Arrow,2,4
Broken Arrow,3,8
Broken Arrow,4,9
Broken Arrow,5,11
Broken Arrow,6,7
Broken Arrow,7,11
Broken Arrow,8,8
Broken Arrow,9,11
Broken Arrow,10,5
Broken Arrow,11,8
Broken Arrow,12,15
Bronson,1,7
Bronson,2,2
Bronson,3,3
Bronson,4,2
Bronson,5,3
Bronson,6,6
Bronson,7,4
Bronson,8,5
Bronson,9,4
Bronson,10,5
Bronson,11,5
Bronson,12,2
Bronston,10,1
Bronx,1,921
Bronx,2,749
Bronx,3,652
Bronx,4,711
Bronx,5,1068
Bronx,6,945
Bronx,7,931
Bronx,8,919
Bronx,9,874
Bronx,10,770
Bronx,11,550
Bronx,12,437
Bronxville,1,25
Bronxville,2,29
Bronxville,3,17
Bronxville,4,17
Bronxville,5,23
Bronxville,6,30
Bronxville,7,20
Bronxville,8,34
Bronxville,9,39
Bronxville,10,56
Bronxville,11,33
Bronxville,12,20
Brook,9,1
Brook Park,1,27
Brook Park,2,13
Brook Park,3,6
Brook Park,4,6
Brook Park,5,12
Brook Park,6,3
Brook Park,7,12
Brook Park,8,8
Brook Park,9,4
Brook Park,10,1
Brook Park,11,11
Brook Park,12,19
Brookdale,1,5
Brookdale,2,1
Brookdale,4,1
Brookdale,11,1
Brookdale,12,4
Brooker,1,1
Brooker,2,2
Brooker,4,2
Brooker,5,2
Brooker,9,1
Brooker,10,2
Brooker,11,2
Brookeville,2,1
Brookeville,4,9
Brookeville,11,1
Brookfield,1,27
Brookfield,2,19
Brookfield,3,20
Brookfield,4,23
Brookfield,5,20
Brookfield,6,22
Brookfield,7,15
Brookfield,8,19
Brookfield,9,30
Brookfield,10,14
Brookfield,11,21
Brookfield,12,29
Brookhaven,1,6
Brookhaven,2,14
Brookhaven,3,14
Brookhaven,4,8
Brookhaven,5,13
Brookhaven,6,11
Brookhaven,7,14
Brookhaven,8,12
Brookhaven,9,6
Brookhaven,10,6
Brookhaven,11,17
Brookhaven,12,9
Brookings,1,40
Brookings,2,12
Brookings,3,16
Brookings,4,15
Brookings,5,8
Brookings,6,11
Brookings,7,13
Brookings,8,6
Brookings,9,16
Brookings,10,9
Brookings,11,12
Brookings,12,16
Brookland,1,8
Brookland,2,1
Brookland,3,6
Brookland,4,3
Brookland,5,7
Brookland,6,2
Brookland,7,7
Brookland,8,1
Brookland,9,1
Brookland,11,2
Brookland,12,4
Brooklawn,1,1
Brooklawn,6,1
Brooklawn,10,2
Brooklet,1,3
Brooklet,4,1
Brooklet,6,4
Brooklet,11,4
Brooklet,12,3
Brookline,1,16
Brookline,2,8
Brookline,3,4
Brookline,4,6
Brookline,5,4
Brookline,6,7
Brookline,7,4
Brookline,8,5
Brookline,9,11
Brookline,10,16
Brookline,11,12
Brookline,12,16
Brooklyn,1,620
Brooklyn,2,599
Brooklyn,3,438
Brooklyn,4,547
Brooklyn,5,998
Brooklyn,6,812
Brooklyn,7,804
Brooklyn,8,777
Brooklyn,9,776
Brooklyn,10,605
Brooklyn,11,429
Brooklyn,12,434
Brookneal,1,2
Brookneal,2,4
Brookneal,6,7
Brookpark,1,5
Brookpark,2,5
Brookpark,3,2
Brookpark,5,4
Brookpark,7,3
Brookpark,8,2
Brookpark,9,4
Brookpark,10,2
Brookpark,11,6
Brookpark,12,2
Brooks,1,4
Brooks,2,1
Brooks,3,4
Brooks,5,1
Brooks,6,2
Brooks,7,1
Brooks,8,4
Brooks,9,3
Brooks,10,7
Brooks,11,11
Brookshire,1,2
Brookshire,2,6
Brookshire,3,13
Brookshire,4,7
Brookshire,5,14
Brookshire,6,8
Brookshire,7,9
Brookshire,8,2
Brookshire,9,7
Brookshire,10,9
Brookshire,11,2
Brookshire,12,10
Brookston,1,3
Brookston,2,23
Brookston,3,1
Brookston,4,7
Brookston,5,3
Brookston,6,6
Brookston,7,1
Brookston,8,3
Brookston,9,5
Brookston,10,5
Brookston,11,6
Brookston,12,15
Brooksville,1,135
Brooksville,2,82
Brooksville,3,74
Brooksville,4,95
Brooksville,5,51
Brooksville,6,64
Brooksville,7,56
Brooksville,8,83
Brooksville,9,87
Brooksville,10,70
Brooksville,11,92
Brooksville,12,65
Brookville,1,54
Brookville,2,37
Brookville,3,24
Brookville,4,51
Brookville,5,31
Brookville,6,40
Brookville,7,33
Brookville,8,24
Brookville,9,21
Brookville,10,19
Brookville,11,55
Brookville,12,86
Brookwood,1,4
Brookwood,2,3
Brookwood,3,5
Brookwood,4,2
Brookwood,5,4
Brookwood,6,3
Brookwood,7,2
Brookwood,8,2
Brookwood,9,3
Brookwood,10,3
Brookwood,11,1
Brookwood,12,1
Broomall,1,11
Broomall,2,11
Broomall,3,2
Broomall,4,11
Broomall,5,9
Broomall,6,12
Broomall,7,17
Broomall,8,14
Broomall,9,8
Broomall,10,8
Broomall,11,19
Broomall,12,15
Broomfield,1,39
Broomfield,2,32
Broomfield,3,24
Broomfield,4,30
Broomfield,5,27
Broomfield,6,30
Broomfield,7,53
Broomfield,8,43
Broomfield,9,33
Broomfield,10,31
Broomfield,11,41
Broomfield,12,73
Brooten,3,2
Brooten,4,2
Brooten,9,1
Brooten,11,1
Brooten,12,1
Brothers,1,29
Brothers,2,11
Brothers,3,8
Brothers,4,6
Brothers,5,5
Brothers,6,10
Brothers,7,10
Brothers,8,12
Brothers,9,7
Brothers,10,8
Brothers,11,17
Brothers,12,22
Broussard,1,10
Broussard,2,10
Broussard,3,17
Broussard,4,17
Broussard,5,9
Broussard,6,7
Broussard,7,12
Broussard,8,9
Broussard,9,8
Broussard,10,4
Broussard,11,10
Broussard,12,11
Browerville,4,1
Browerville,5,2
Browerville,8,1
Browerville,10,2
Browerville,12,3
Brown City,12,3
Brownfield,12,1
Browning,1,3
Browning,2,1
Browning,4,3
Browning,5,2
Browning,6,1
Browning,7,4
Browning,8,10
Browning,9,6
Browning,10,2
Browning,11,9
Browning,12,11
Browns Mills,3,1
Browns Mills,4,2
Browns Mills,6,4
Browns Mills,7,1
Browns Mills,8,2
Browns Mills,9,7
Browns Mills,10,2
Browns Summit,2,7
Browns Summit,3,2
Browns Summit,5,2
Browns Summit,7,3
Browns Summit,9,5
Browns Summit,10,5
Browns Summit,12,1
Browns Valley,1,18
Browns Valley,2,14
Browns Valley,3,10
Browns Valley,4,4
Browns Valley,5,11
Browns Valley,6,8
Browns Valley,7,15
Browns Valley,8,7
Browns Valley,9,12
Browns Valley,10,11
Browns Valley,11,13
Browns Valley,12,15
Brownsboro,1,12
Brownsboro,2,9
Brownsboro,3,5
Brownsboro,4,4
Brownsboro,5,4
Brownsboro,6,7
Brownsboro,7,2
Brownsboro,8,4
Brownsboro,9,8
Brownsboro,10,1
Brownsboro,11,13
Brownsboro,12,3
Brownsburg,1,1
Brownsburg,3,6
Brownsburg,4,2
Brownsburg,5,4
Brownsburg,6,4
Brownsburg,7,14
Brownsburg,8,12
Brownsburg,9,9
Brownsburg,10,5
Brownsburg,11,1
Brownsdale,3,2
Brownsdale,7,2
Brownsdale,11,1
Brownstown,1,4
Brownstown,2,6
Brownstown,3,3
Brownstown,4,4
Brownstown,5,1
Brownstown,6,3
Brownstown,7,6
Brownstown,8,1
Brownstown,9,5
Brownstown,11,1
Brownstown,12,3
Brownsville,1,17
Brownsville,2,8
Brownsville,3,12
Brownsville,4,15
Brownsville,5,11
Brownsville,6,19
Brownsville,7,6
Brownsville,8,9
Brownsville,9,17
Brownsville,10,9
Brownsville,11,8
Brownsville,12,9
Brownton,1,23
Brownton,2,12
Brownton,3,2
Brownton,4,5
Brownton,5,3
Brownton,6,5
Brownton,7,4
Brownton,9,5
Brownton,10,3
Brownton,11,12
Brownton,12,11
Brownwood,12,7
Bruce,10,1
Bruceton Mills,1,20
Bruceton Mills,2,15
Bruceton Mills,3,13
Bruceton Mills,4,5
Bruceton Mills,5,6
Bruceton Mills,6,9
Bruceton Mills,7,12
Bruceton Mills,8,2
Bruceton Mills,9,14
Bruceton Mills,10,3
Bruceton Mills,11,14
Bruceton Mills,12,6
Bruceville,2,1
Bruceville,12,1
Bruington,12,1
Brule,4,1
Brule,5,2
Brule,6,9
Brule,7,5
Brule,9,2
Brule,12,2
Brundidge,1,14
Brundidge,2,12
Brundidge,3,9
Brundidge,4,9
Brundidge,5,14
Brundidge,6,11
Brundidge,7,11
Brundidge,8,9
Brundidge,9,6
Brundidge,10,4
Brundidge,11,6
Brundidge,12,5
Bruneau,2,2
Bruning,4,1
Bruno,5,1
Bruno,6,1
Bruno,8,1
Bruno,12,3
Brunson,2,1
Brunson,3,3
Brunson,4,2
Brunson,5,2
Brunson,6,1
Brunson,7,3
Brunson,8,1
Brunson,9,4
Brunson,10,5
Brunson,11,5
Brunson,12,4
Brunswick,1,28
Brunswick,2,10
Brunswick,3,22
Brunswick,4,14
Brunswick,5,17
Brunswick,6,16
Brunswick,7,15
Brunswick,8,19
Brunswick,9,25
Brunswick,10,20
Brunswick,11,24
Brunswick,12,20
Brusett,9,1
Brush,1,7
Brush,2,4
Brush,4,1
Brush,5,8
Brush,6,4
Brush,8,10
Brush,9,4
Brush,10,5
Brush,11,7
Brush Creek,4,1
Brush Creek,7,3
Brush Creek,8,1
Brush Creek,10,1
Brush Creek,11,1
Brush Creek,12,1
Brush Prairie,2,1
Brush Prairie,3,2
Brush Prairie,5,2
Brush Prairie,6,1
Brush Prairie,7,1
Brush Prairie,9,1
Brush Prairie,12,1
Bryan,1,4
Bryan,2,2
Bryan,3,2
Bryan,5,2
Bryan,6,3
Bryan,8,2
Bryan,9,5
Bryan,11,2
Bryans Road,1,2
Bryans Road,2,3
Bryans Road,3,2
Bryans Road,5,1
Bryans Road,7,2
Bryans Road,9,3
Bryans Road,11,2
Bryant,1,15
Bryant,2,9
Bryant,3,2
Bryant,4,8
Bryant,5,6
Bryant,6,14
Bryant,7,11
Bryant,8,12
Bryant,9,16
Bryant,10,13
Bryant,11,25
Bryant,12,10
Bryant Pond,1,1
Bryantown,1,1
Bryantown,4,2
Bryantown,5,1
Bryantown,6,4
Bryantown,7,1
Bryantown,9,3
Bryantown,10,1
Bryce,1,2
Bryce,3,1
Bryce,6,2
Bryce,7,4
Bryce,9,1
Bryce,12,2
Bryce Canyon City,5,1
Bryce Canyon City,11,1
Bryce Canyon City,12,1
Bryceville,1,3
Bryceville,2,3
Bryceville,4,1
Bryceville,5,3
Bryceville,6,3
Bryceville,9,1
Bryceville,11,1
Bryceville,12,4
Bryn Athyn,2,1
Bryn Athyn,3,1
Bryn Athyn,4,2
Bryn Athyn,6,2
Bryn Athyn,12,4
Bryn Mawr,1,25
Bryn Mawr,2,28
Bryn Mawr,3,13
Bryn Mawr,4,13
Bryn Mawr,5,15
Bryn Mawr,6,11
Bryn Mawr,7,10
Bryn Mawr,8,13
Bryn Mawr,9,20
Bryn Mawr,10,13
Bryn Mawr,11,24
Bryn Mawr,12,11
Bryson City,2,8
Bryson City,3,3
Bryson City,5,1
Bryson City,6,2
Bryson City,7,4
Bryson City,8,10
Bryson City,9,4
Bryson City,11,3
Bryson City,12,11
Buchanan,1,49
Buchanan,2,36
Buchanan,3,20
Buchanan,4,20
Buchanan,5,29
Buchanan,6,30
Buchanan,7,42
Buchanan,8,61
Buchanan,9,37
Buchanan,10,25
Buchanan,11,66
Buchanan,12,21
Buckeye,1,92
Buckeye,2,83
Buckeye,3,84
Buckeye,4,70
Buckeye,5,69
Buckeye,6,51
Buckeye,7,62
Buckeye,8,66
Buckeye,9,57
Buckeye,10,49
Buckeye,11,68
Buckeye,12,85
Buckeye Lake,3,1
Buckeystown,6,2
Buckfield,4,1
Buckhannon,10,1
Buckhannon,12,2
Buckhead,1,2
Buckhead,2,1
Buckhead,3,4
Buckhead,4,1
Buckhead,5,1
Buckhead,7,2
Buckhead,9,2
Buckhead,10,6
Buckhead,11,4
Buckhead,12,11
Buckholts,2,1
Buckingham,1,1
Buckingham,3,6
Buckingham,7,3
Buckingham,8,5
Buckingham,11,3
Buckley,1,1
Buckley,2,3
Buckley,3,2
Buckley,4,4
Buckley,5,8
Buckley,6,2
Buckley,7,5
Buckley,8,15
Buckley,9,2
Buckley,10,3
Buckley,11,1
Buckley,12,4
Bucklin,3,5
Bucklin,4,1
Buckner,3,1
Buckner,4,1
Buckner,6,2
Buckner,12,2
Bucyrus,6,6
Bucyrus,7,1
Bucyrus,8,1
Bucyrus,9,8
Bucyrus,10,5
Bucyrus,11,12
Buda,1,42
Buda,2,23
Buda,3,17
Buda,4,15
Buda,5,17
Buda,6,14
Buda,7,21
Buda,8,31
Buda,9,32
Buda,10,23
Buda,11,49
Buda,12,11
Budd Lake,1,10
Budd Lake,2,6
Budd Lake,5,5
Budd Lake,6,2
Budd Lake,7,13
Budd Lake,9,2
Budd Lake,10,12
Budd Lake,11,2
Budd Lake,12,4
Buellton,1,13
Buellton,2,11
Buellton,3,5
Buellton,4,6
Buellton,5,5
Buellton,6,4
Buellton,7,8
Buellton,8,9
Buellton,9,7
Buellton,10,6
Buellton,11,5
Buellton,12,5
Buena,10,1
Buena,12,4
Buena Park,1,124
Buena Park,2,145
Buena Park,3,126
Buena Park,4,110
Buena Park,5,59
Buena Park,6,108
Buena Park,7,109
Buena Park,8,107
Buena Park,9,127
Buena Park,10,85
Buena Park,11,106
Buena Park,12,108
Buena Vista,1,18
Buena Vista,2,7
Buena Vista,3,7
Buena Vista,5,6
Buena Vista,6,2
Buena Vista,7,15
Buena Vista,9,3
Buena Vista,11,12
Buena Vista,12,12
Buffalo,1,458
Buffalo,2,581
Buffalo,3,210
Buffalo,4,172
Buffalo,5,234
Buffalo,6,206
Buffalo,7,200
Buffalo,8,232
Buffalo,9,361
Buffalo,10,235
Buffalo,11,300
Buffalo,12,352
Buffalo Grove,1,33
Buffalo Grove,2,34
Buffalo Grove,3,7
Buffalo Grove,4,25
Buffalo Grove,5,12
Buffalo Grove,6,6
Buffalo Grove,7,21
Buffalo Grove,8,25
Buffalo Grove,9,19
Buffalo Grove,10,11
Buffalo Grove,11,17
Buffalo Grove,12,16
Buffalo Junction,2,4
Buffalo Junction,3,1
Buffalo Junction,4,5
Buffalo Junction,5,1
Buffalo Junction,6,5
Buffalo Junction,9,1
Buffalo Junction,10,3
Buffalo Junction,11,15
Buffalo Junction,12,1
Buffalo Lake,2,1
Buffalo Lake,4,1
Buffalo Lake,5,1
Buffalo Lake,6,1
Buffalo Lake,7,1
Buffalo Lake,8,1
Buffalo Lake,9,3
Buffalo Lake,10,1
Buffalo Lake,11,1
Buffalo Lake,12,3
Buffalo Mills,4,1
Buffalo Mills,6,1
Buffalo Valley,1,3
Buffalo Valley,2,6
Buffalo Valley,3,2
Buffalo Valley,4,2
Buffalo Valley,5,1
Buffalo Valley,9,4
Buffalo Valley,11,1
Buford,1,61
Buford,2,46
Buford,3,37
Buford,4,44
Buford,5,19
Buford,6,20
Buford,7,22
Buford,8,28
Buford,9,17
Buford,10,17
Buford,11,48
Buford,12,51
Buhl,1,1
Buhl,2,3
Buhl,3,2
Buhl,4,4
Buhl,6,1
Buhl,7,3
Buhl,8,4
Buhl,9,1
Buhl,10,4
Buhl,11,1
Buhl,12,3
Bulger,1,1
Bulger,4,1
Bulger,5,3
Bulger,7,1
Bulger,8,7
Bulger,10,1
Bulger,11,1
Bullhead City,1,6
Bullhead City,2,6
Bullhead City,3,6
Bullhead City,4,12
Bullhead City,5,10
Bullhead City,6,4
Bullhead City,7,16
Bullhead City,8,15
Bullhead City,9,6
Bullhead City,10,10
Bullhead City,11,11
Bullhead City,12,6
Bullock,1,3
Bulls Gap,1,8
Bulls Gap,2,1
Bulls Gap,3,1
Bulls Gap,4,3
Bulls Gap,5,7
Bulls Gap,6,6
Bulls Gap,7,4
Bulls Gap,8,2
Bulls Gap,9,8
Bulls Gap,10,1
Bulls Gap,11,5
Bulls Gap,12,1
Bumpass,1,2
Bumpass,2,2
Bumpass,3,3
Bumpass,4,1
Bumpass,5,1
Bumpass,6,1
Bumpass,8,5
Bumpass,9,6
Bumpass,10,1
Bumpass,12,4
Buncombe,2,1
Buncombe,5,1
Bunker Hill,1,12
Bunker Hill,2,13
Bunker Hill,3,9
Bunker Hill,4,1
Bunker Hill,5,8
Bunker Hill,6,9
Bunker Hill,7,20
Bunker Hill,8,11
Bunker Hill,9,5
Bunker Hill,10,6
Bunker Hill,11,11
Bunker Hill,12,12
Bunkerville,10,1
Bunkerville,11,1
Bunkie,1,1
Bunkie,7,1
Bunkie,12,4
Bunn,5,1
Bunn,7,4
Bunnell,1,6
Bunnell,2,5
Bunnell,3,8
Bunnell,4,3
Bunnell,5,6
Bunnell,6,6
Bunnell,7,3
Bunnell,8,2
Bunnell,9,2
Bunnell,10,2
Bunnell,11,2
Bunnell,12,3
Bunnlevel,1,9
Bunnlevel,7,1
Bunnlevel,8,2
Bunnlevel,10,1
Burbank,1,160
Burbank,2,198
Burbank,3,117
Burbank,4,161
Burbank,5,114
Burbank,6,103
Burbank,7,120
Burbank,8,113
Burbank,9,101
Burbank,10,93
Burbank,11,89
Burbank,12,160
Burgaw,1,5
Burgaw,2,8
Burgaw,3,6
Burgaw,4,11
Burgaw,5,5
Burgaw,6,6
Burgaw,7,27
Burgaw,8,10
Burgaw,9,1
Burgaw,10,1
Burgaw,11,11
Burgaw,12,11
Burgess,2,1
Burgess,4,1
Burgess,5,2
Burgess,11,4
Burgettstown,1,5
Burgettstown,2,4
Burgettstown,3,2
Burgettstown,5,1
Burgettstown,6,5
Burgettstown,10,5
Burgettstown,11,3
Burgettstown,12,2
Burgoon,11,1
Burien,5,1
Burien,7,1
Burien,8,1
Burkburnett,1,1
Burkburnett,4,1
Burkburnett,7,1
Burkburnett,9,1
Burke,1,21
Burke,2,20
Burke,3,6
Burke,4,26
Burke,5,24
Burke,6,18
Burke,7,6
Burke,8,21
Burke,9,24
Burke,10,22
Burke,11,20
Burke,12,20
Burkeville,1,15
Burkeville,2,3
Burkeville,3,3
Burkeville,4,6
Burkeville,5,3
Burkeville,6,8
Burkeville,7,13
Burkeville,8,5
Burkeville,9,1
Burkeville,10,2
Burkeville,11,13
Burkeville,12,4
Burleson,1,15
Burleson,2,21
Burleson,3,7
Burleson,4,4
Burleson,5,13
Burleson,6,13
Burleson,7,18
Burleson,8,30
Burleson,9,16
Burleson,10,17
Burleson,11,16
Burleson,12,14
Burley,2,3
Burley,11,1
Burlingame,1,29
Burlingame,2,48
Burlingame,3,50
Burlingame,4,35
Burlingame,5,46
Burlingame,6,41
Burlingame,7,30
Burlingame,8,36
Burlingame,9,41
Burlingame,10,20
Burlingame,11,23
Burlingame,12,36
Burlington,1,91
Burlington,2,67
Burlington,3,79
Burlington,4,60
Burlington,5,36
Burlington,6,56
Burlington,7,64
Burlington,8,69
Burlington,9,50
Burlington,10,40
Burlington,11,69
Burlington,12,53
Burlington Junction,7,1
Burlington Junction,11,1
Burlison,12,1
Burna,2,1
Burna,9,5
Burnet,7,1
Burney,1,27
Burney,2,25
Burney,3,7
Burney,4,9
Burney,5,4
Burney,6,7
Burney,7,5
Burney,8,18
Burney,9,14
Burney,10,6
Burney,11,14
Burney,12,15
Burnham,1,2
Burnham,2,1
Burnham,3,4
Burnham,7,1
Burnham,8,1
Burnham,9,2
Burnham,11,2
Burnham,12,5
Burns,1,25
Burns,2,28
Burns,3,22
Burns,4,14
Burns,5,1
Burns,6,41
Burns,7,13
Burns,8,27
Burns,9,30
Burns,10,23
Burns,11,22
Burns,12,46
Burnside,12,1
Burnsville,1,125
Burnsville,2,114
Burnsville,3,48
Burnsville,4,48
Burnsville,5,55
Burnsville,6,56
Burnsville,7,35
Burnsville,8,26
Burnsville,9,49
Burnsville,10,39
Burnsville,11,53
Burnsville,12,127
Burnt Cabins,3,1
Burnt Cabins,4,1
Burnt Cabins,5,1
Burnt Cabins,7,3
Burnt Cabins,8,8
Burnt Cabins,9,3
Burnt Cabins,10,3
Burnt Cabins,11,3
Burnt Hills,2,2
Burnt Hills,3,1
Burnt Hills,5,1
Burnt Hills,7,1
Burnt Hills,11,2
Burnt Prairie,2,1
Burnt Prairie,3,1
Burnt Prairie,6,2
Burnt Ranch,1,10
Burnt Ranch,2,6
Burnt Ranch,3,6
Burnt Ranch,4,4
Burnt Ranch,5,4
Burnt Ranch,6,5
Burnt Ranch,7,7
Burnt Ranch,8,2
Burnt Ranch,9,5
Burnt Ranch,10,1
Burnt Ranch,11,5
Burr Oak,3,1
Burr Ridge,1,2
Burr Ridge,3,3
Burr Ridge,4,1
Burr Ridge,6,3
Burr Ridge,7,2
Burr Ridge,8,1
Burr Ridge,10,2
Burr Ridge,12,1
Burson,2,1
Burson,3,1
Burson,6,1
Burson,7,3
Burson,12,3
Burt,5,1
Burt,12,1
Burtchville,2,2
Burtchville,3,2
Burtchville,4,1
Burtchville,6,1
Burtchville,9,1
Burton,1,67
Burton,2,60
Burton,3,27
Burton,4,29
Burton,5,53
Burton,6,37
Burton,7,33
Burton,8,31
Burton,9,33
Burton,10,24
Burton,11,59
Burton,12,57
Burtonsville,1,9
Burtonsville,2,6
Burtonsville,3,1
Burtonsville,4,1
Burtonsville,6,1
Burtonsville,7,1
Burtonsville,8,2
Burtonsville,10,3
Burtonsville,11,3
Burtonsville,12,1
Burtrum,1,4
Burtrum,9,1
Burtrum,12,1
Busby,4,3
Busby,5,5
Busby,8,2
Busby,10,2
Busby,11,4
Busby,12,1
Bushkill,1,2
Bushkill,3,2
Bushkill,5,2
Bushkill,6,2
Bushkill,9,1
Bushkill,12,4
Bushnell,1,31
Bushnell,2,16
Bushnell,3,13
Bushnell,4,24
Bushnell,5,13
Bushnell,6,13
Bushnell,7,22
Bushnell,8,38
Bushnell,9,9
Bushnell,10,11
Bushnell,11,26
Bushnell,12,18
Buskirk,1,5
Buskirk,3,2
Buskirk,5,1
Buskirk,8,1
Buskirk,10,3
Buskirk,11,3
Buskirk,12,1
Bussey,1,2
Bussey,2,2
Bussey,7,1
Busy,12,1
Butler,1,4
Butler,2,8
Butler,3,9
Butler,4,5
Butler,5,2
Butler,6,8
Butler,7,23
Butler,8,17
Butler,9,8
Butler,10,10
Butler,11,5
Butler,12,16
Butner,1,3
Butner,2,6
Butner,3,5
Butner,4,3
Butner,5,1
Butner,6,11
Butner,7,7
Butner,9,1
Butner,10,5
Butner,11,7
Butner,12,11
Butte,1,61
Butte,2,40
Butte,3,28
Butte,4,26
Butte,5,3
Butte,6,1
Butte,7,6
Butte,8,23
Butte,9,14
Butte,10,12
Butte,11,59
Butte,12,69
Butte City,1,3
Butte City,2,2
Butte City,4,3
Butte City,5,2
Butte City,6,1
Butte City,7,2
Butte City,9,3
Butte City,10,2
Butte City,11,5
Butte City,12,2
Butte Falls,1,7
Butte Falls,2,6
Butte Falls,3,2
Butte Falls,11,2
Butte Falls,12,6
Butterfield,1,15
Butterfield,2,11
Butterfield,3,3
Butterfield,4,1
Butterfield,7,4
Butterfield,8,3
Butterfield,9,1
Butterfield,10,1
Butterfield,11,2
Butterfield,12,4
Buttonwillow,1,36
Buttonwillow,2,37
Buttonwillow,3,6
Buttonwillow,4,19
Buttonwillow,5,25
Buttonwillow,6,15
Buttonwillow,7,28
Buttonwillow,8,21
Buttonwillow,9,27
Buttonwillow,10,13
Buttonwillow,11,32
Buttonwillow,12,43
Buxton,1,11
Buxton,2,13
Buxton,3,7
Buxton,5,1
Buxton,6,6
Buxton,7,6
Buxton,8,2
Buxton,9,7
Buxton,10,4
Buxton,11,10
Buxton,12,10
Buzzards Bay,2,3
Buzzards Bay,3,1
Buzzards Bay,4,1
Buzzards Bay,5,4
Buzzards Bay,6,6
Buzzards Bay,7,2
Buzzards Bay,8,4
Buzzards Bay,9,2
Buzzards Bay,10,1
Buzzards Bay,12,2
BWI Airport,1,1
BWI Airport,7,1
BWI Airport,8,1
BWI Airport,9,2
Bybee,8,2
Byers,1,10
Byers,2,3
Byers,3,4
Byers,4,9
Byers,6,4
Byers,8,4
Byers,12,20
Byesville,1,2
Byesville,6,3
Byesville,11,1
Byfield,1,2
Byfield,2,1
Byfield,3,3
Byfield,6,1
Byfield,11,1
Byhalia,1,7
Byhalia,2,10
Byhalia,3,7
Byhalia,4,3
Byhalia,5,3
Byhalia,6,2
Byhalia,7,12
Byhalia,9,2
Byhalia,12,5
Bylas,4,2
Bylas,5,3
Bylas,7,3
Bynum,11,2
Byram,1,7
Byram,2,5
Byram,3,5
Byram,4,1
Byram,5,1
Byram,6,6
Byram,7,18
Byram,8,6
Byram,9,6
Byram,11,6
Byram,12,10
Byram Township,2,2
Byram Township,8,1
Byram Township,9,1
Byram Township,10,1
Byrdstown,4,1
Byrdstown,12,2
Byrnedale,4,1
Byrnedale,9,4
Byromville,8,1
Byromville,12,2
Byron,1,71
Byron,2,48
Byron,3,26
Byron,4,61
Byron,5,65
Byron,6,49
Byron,7,32
Byron,8,41
Byron,9,41
Byron,10,38
Byron,11,37
Byron,12,66
Byron Center,1,12
Byron Center,2,12
Byron Center,3,25
Byron Center,4,11
Byron Center,5,13
Byron Center,6,12
Byron Center,7,10
Byron Center,8,18
Byron Center,9,9
Byron Center,10,8
Byron Center,11,23
Byron Center,12,20
Caballo,1,3
Caballo,4,2
Caballo,6,3
Caballo,7,1
Caballo,8,3
Caballo,12,6
Cabery,3,1
Cabin Creek,1,7
Cabin Creek,2,3
Cabin Creek,3,1
Cabin Creek,4,2
Cabin Creek,5,1
Cabin Creek,6,10
Cabin Creek,7,4
Cabin Creek,9,2
Cabin Creek,10,1
Cabin Creek,11,10
Cabin Creek,12,4
Cabin John,1,24
Cabin John,2,14
Cabin John,3,10
Cabin John,4,19
Cabin John,5,10
Cabin John,6,11
Cabin John,7,10
Cabin John,8,12
Cabin John,9,8
Cabin John,10,18
Cabin John,11,20
Cabin John,12,14
Cabins,1,1
Cable,5,1
Cabool,9,1
Cabool,12,1
Cabot,1,24
Cabot,2,15
Cabot,3,6
Cabot,4,7
Cabot,5,11
Cabot,6,10
Cabot,7,1
Cabot,8,10
Cabot,9,13
Cabot,10,6
Cabot,11,10
Cabot,12,12
Caddo,1,1
Caddo,11,1
Caddo Gap,5,1
Caddo Gap,6,1
Caddo Gap,12,1
Caddo Mills,2,2
Caddo Mills,4,1
Caddo Mills,6,1
Caddo Mills,9,1
Cades,1,4
Cades,2,4
Cades,3,1
Cades,4,3
Cades,5,1
Cades,6,7
Cades,7,2
Cades,8,5
Cades,9,6
Cades,10,2
Cades,11,3
Cades,12,3
Cadet,6,5
Cadet,12,1
Cadillac,9,1
Cadillac,12,2
Cadiz,1,2
Cadiz,2,1
Cadiz,3,4
Cadiz,5,1
Cadiz,8,2
Cadiz,10,1
Cadiz,11,2
Cadiz,12,4
Cadott,12,1
Cahone,1,4
Cahone,2,3
Cahone,3,2
Cahone,9,4
Cairnbrook,1,13
Cairnbrook,2,4
Cairnbrook,3,5
Cairnbrook,4,1
Cairnbrook,5,2
Cairnbrook,8,1
Cairnbrook,10,2
Cairnbrook,12,1
Cairo,1,5
Cairo,2,1
Cairo,6,1
Cairo,7,5
Calabasas,1,77
Calabasas,2,72
Calabasas,3,43
Calabasas,4,53
Calabasas,5,43
Calabasas,6,44
Calabasas,7,47
Calabasas,8,44
Calabasas,9,44
Calabasas,10,33
Calabasas,11,33
Calabasas,12,51
Calabash,1,7
Calabash,2,1
Calabash,3,1
Calabash,4,2
Calabash,5,1
Calabash,7,3
Calabash,8,1
Calamus,9,4
Caldwell,1,60
Caldwell,2,75
Caldwell,3,31
Caldwell,4,26
Caldwell,5,11
Caldwell,6,41
Caldwell,7,7
Caldwell,8,16
Caldwell,9,11
Caldwell,10,10
Caldwell,11,4
Caldwell,12,8
Caledonia,1,35
Caledonia,2,24
Caledonia,3,24
Caledonia,4,16
Caledonia,5,22
Caledonia,6,11
Caledonia,7,17
Caledonia,8,15
Caledonia,9,23
Caledonia,10,28
Caledonia,11,44
Caledonia,12,27
Calera,1,30
Calera,2,26
Calera,3,48
Calera,4,25
Calera,5,26
Calera,6,27
Calera,7,37
Calera,8,21
Calera,9,13
Calera,10,13
Calera,11,8
Calera,12,18
Calhan,1,2
Calhan,2,10
Calhan,3,6
Calhan,5,2
Calhan,6,2
Calhan,7,2
Calhan,8,2
Calhan,9,2
Calhan,10,9
Calhan,11,3
Calhan,12,4
Calhoun,1,28
Calhoun,2,26
Calhoun,3,20
Calhoun,4,22
Calhoun,5,8
Calhoun,6,9
Calhoun,7,17
Calhoun,8,35
Calhoun,9,12
Calhoun,10,8
Calhoun,11,17
Calhoun,12,35
Calhoun City,1,2
Calhoun Falls,1,8
Calhoun Falls,2,2
Calhoun Falls,3,3
Calhoun Falls,4,1
Calhoun Falls,5,1
Calhoun Falls,7,1
Calhoun Falls,8,1
Calhoun Falls,9,3
Calhoun Falls,11,5
Calhoun Falls,12,1
Calico Rock,8,4
Calico Rock,11,6
Caliente,1,22
Caliente,2,19
Caliente,3,16
Caliente,4,8
Caliente,5,9
Caliente,6,19
Caliente,7,12
Caliente,8,11
Caliente,9,12
Caliente,10,11
Caliente,11,10
Caliente,12,28
California,1,1
California,2,1
California,3,14
California,4,3
California,5,5
California,6,3
California,7,4
California,8,1
California,9,2
California,11,1
California,12,3
California City,1,2
California City,2,3
California City,3,3
California City,4,9
California City,5,7
California City,6,1
California City,8,2
California City,9,3
California City,10,2
California City,11,4
California Hot Springs,1,8
California Hot Springs,2,6
California Hot Springs,3,4
California Hot Springs,4,3
California Hot Springs,5,6
California Hot Springs,6,2
California Hot Springs,7,4
California Hot Springs,8,6
California Hot Springs,9,4
California Hot Springs,10,6
California Hot Springs,11,2
California Hot Springs,12,6
Calimesa,1,11
Calimesa,2,5
Calimesa,3,5
Calimesa,4,8
Calimesa,5,4
Calimesa,6,10
Calimesa,7,1
Calimesa,8,4
Calimesa,9,1
Calimesa,10,1
Calimesa,11,1
Calimesa,12,5
Calistoga,1,58
Calistoga,2,44
Calistoga,3,38
Calistoga,4,31
Calistoga,5,14
Calistoga,6,36
Calistoga,7,33
Calistoga,8,16
Calistoga,9,36
Calistoga,10,17
Calistoga,11,31
Calistoga,12,39
Callahan,1,15
Callahan,2,12
Callahan,3,16
Callahan,4,4
Callahan,5,15
Callahan,6,16
Callahan,7,13
Callahan,8,10
Callahan,9,67
Callahan,10,26
Callahan,11,12
Callahan,12,21
Callao,1,3
Callao,2,4
Callao,3,10
Callao,5,2
Callao,6,3
Callao,7,6
Callao,8,3
Callao,11,8
Callao,12,6
Callaway,1,6
Callaway,2,15
Callaway,3,2
Callaway,4,1
Callaway,5,2
Callaway,8,3
Callaway,9,10
Callaway,11,5
Callaway,12,1
Callicoon,2,4
Callicoon,6,1
Calpine,1,5
Calpine,2,3
Calpine,4,3
Calpine,5,4
Calpine,6,6
Calpine,7,2
Calpine,9,2
Calpine,10,1
Calpine,11,5
Calpine,12,6
Calumet,1,2
Calumet,3,2
Calumet,10,2
Calumet,11,1
Calumet City,1,22
Calumet City,2,20
Calumet City,3,24
Calumet City,4,12
Calumet City,5,23
Calumet City,6,14
Calumet City,7,14
Calumet City,8,15
Calumet City,9,9
Calumet City,10,14
Calumet City,11,5
Calumet City,12,7
Calvert,10,1
Calvert,12,1
Calvert City,7,2
Calvert City,8,1
Calverton,1,2
Calverton,2,6
Calverton,3,1
Calverton,4,3
Calverton,5,1
Calverton,6,1
Calverton,7,2
Calverton,8,3
Calverton,9,1
Calverton,10,5
Calverton,11,3
Calverton,12,1
Calvin,7,2
Camak,5,1
Camak,9,1
Camak,12,1
Camanche,4,1
Camano Island,4,1
Camano Island,9,7
Camano Island,12,3
Camarillo,1,97
Camarillo,2,100
Camarillo,3,91
Camarillo,4,88
Camarillo,5,65
Camarillo,6,54
Camarillo,7,68
Camarillo,8,62
Camarillo,9,81
Camarillo,10,63
Camarillo,11,68
Camarillo,12,98
Camas,1,10
Camas,2,5
Camas,3,7
Camas,4,1
Camas,6,6
Camas,7,1
Camas,9,2
Camas,10,2
Camas,11,2
Camas,12,4
Camas Valley,1,12
Camas Valley,2,7
Camas Valley,3,5
Camas Valley,4,5
Camas Valley,5,2
Camas Valley,6,3
Camas Valley,7,5
Camas Valley,8,5
Camas Valley,9,5
Camas Valley,10,8
Camas Valley,11,3
Camas Valley,12,7
Cambria,1,31
Cambria,2,10
Cambria,3,4
Cambria,4,12
Cambria,5,7
Cambria,6,13
Cambria,7,15
Cambria,8,15
Cambria,9,21
Cambria,10,12
Cambria,11,10
Cambria,12,15
Cambria Heights,1,19
Cambria Heights,2,14
Cambria Heights,3,10
Cambria Heights,4,2
Cambria Heights,5,19
Cambria Heights,6,30
Cambria Heights,7,17
Cambria Heights,8,21
Cambria Heights,9,25
Cambria Heights,10,11
Cambria Heights,12,6
Cambridge,1,69
Cambridge,2,79
Cambridge,3,36
Cambridge,4,33
Cambridge,5,44
Cambridge,6,58
Cambridge,7,50
Cambridge,8,33
Cambridge,9,58
Cambridge,10,47
Cambridge,11,66
Cambridge,12,52
Cambridge City,1,2
Cambridge City,4,2
Cambridge City,5,7
Cambridge City,6,13
Cambridge City,7,8
Cambridge City,8,6
Cambridge City,9,3
Cambridge City,10,5
Cambridge Springs,7,9
Cambridge Springs,10,2
Cambridge Springs,11,3
Cambridge Springs,12,1
Camby,2,2
Camby,5,1
Camby,8,10
Camby,10,1
Camby,11,2
Camden,1,113
Camden,2,105
Camden,3,79
Camden,4,95
Camden,5,75
Camden,6,77
Camden,7,96
Camden,8,91
Camden,9,60
Camden,10,63
Camden,11,74
Camden,12,94
Camden on Gauley,5,1
Camden Wyoming,6,1
Camden Wyoming,8,4
Camden Wyoming,9,4
Camden Wyoming,12,1
Camdenton,10,1
Camden-Wyoming,1,1
Camden-Wyoming,2,1
Camden-Wyoming,3,1
Camden-Wyoming,4,1
Camden-Wyoming,6,1
Camden-Wyoming,9,2
Camden-Wyoming,12,1
Cameron,1,12
Cameron,2,18
Cameron,3,5
Cameron,4,10
Cameron,5,13
Cameron,6,16
Cameron,7,13
Cameron,8,25
Cameron,9,16
Cameron,10,38
Cameron,11,17
Cameron,12,27
Cameron Park,1,16
Cameron Park,2,13
Cameron Park,3,8
Cameron Park,4,10
Cameron Park,5,9
Cameron Park,6,16
Cameron Park,7,12
Cameron Park,8,5
Cameron Park,9,7
Cameron Park,10,14
Cameron Park,11,8
Cameron Park,12,9
Camilla,1,4
Camilla,2,1
Camilla,4,1
Camilla,6,1
Camilla,9,3
Camilla,11,3
Camilla,12,4
Camillus,1,4
Camillus,6,2
Camillus,8,2
Camillus,10,6
Camillus,11,5
Camino,1,23
Camino,2,18
Camino,3,14
Camino,4,8
Camino,5,5
Camino,6,17
Camino,7,11
Camino,8,6
Camino,9,10
Camino,10,11
Camino,11,17
Camino,12,33
Cammal,6,3
Camp Creek,4,2
Camp Creek,6,3
Camp Creek,10,3
Camp Creek,11,4
Camp Creek,12,1
Camp Dennison,11,1
Camp Douglas,1,1
Camp Douglas,3,1
Camp Douglas,4,2
Camp Douglas,8,1
Camp Douglas,11,3
Camp Douglas,12,2
Camp Hill,1,30
Camp Hill,2,25
Camp Hill,3,31
Camp Hill,4,25
Camp Hill,5,27
Camp Hill,6,14
Camp Hill,7,13
Camp Hill,8,11
Camp Hill,9,29
Camp Hill,10,24
Camp Hill,11,16
Camp Hill,12,21
Camp Lejeune,2,1
Camp Lejeune,5,1
Camp Lejeune,7,2
Camp Meeker,1,2
Camp Meeker,3,4
Camp Meeker,8,5
Camp Meeker,9,1
Camp Pendleton,1,36
Camp Pendleton,2,33
Camp Pendleton,3,44
Camp Pendleton,4,30
Camp Pendleton,5,32
Camp Pendleton,6,37
Camp Pendleton,7,36
Camp Pendleton,8,33
Camp Pendleton,9,19
Camp Pendleton,10,8
Camp Pendleton,11,19
Camp Pendleton,12,45
Camp Pendleton Marine Corps Base,1,16
Camp Pendleton Marine Corps Base,2,20
Camp Pendleton Marine Corps Base,3,12
Camp Pendleton Marine Corps Base,4,34
Camp Pendleton Marine Corps Base,5,15
Camp Pendleton Marine Corps Base,6,12
Camp Pendleton Marine Corps Base,7,10
Camp Pendleton Marine Corps Base,8,17
Camp Pendleton Marine Corps Base,9,8
Camp Pendleton Marine Corps Base,10,3
Camp Pendleton Marine Corps Base,11,15
Camp Pendleton Marine Corps Base,12,15
Camp Sherman,1,18
Camp Sherman,2,21
Camp Sherman,3,8
Camp Sherman,4,9
Camp Sherman,5,1
Camp Sherman,6,1
Camp Sherman,7,9
Camp Sherman,8,1
Camp Sherman,9,2
Camp Sherman,11,13
Camp Sherman,12,14
Camp Verde,1,8
Camp Verde,2,6
Camp Verde,3,6
Camp Verde,4,9
Camp Verde,5,13
Camp Verde,6,3
Camp Verde,7,12
Camp Verde,8,5
Camp Verde,9,20
Camp Verde,11,6
Camp Verde,12,12
Campbell,1,36
Campbell,2,30
Campbell,3,16
Campbell,4,20
Campbell,5,19
Campbell,6,24
Campbell,7,7
Campbell,8,16
Campbell,9,26
Campbell,10,14
Campbell,11,23
Campbell,12,22
Campbell Hall,7,2
Campbell Hall,12,2
Campbellsburg,2,8
Campbellsburg,4,1
Campbellsburg,5,1
Campbellsburg,6,3
Campbellsburg,8,1
Campbellsville,3,1
Campbellsville,9,4
Campbellton,1,12
Campbellton,2,1
Campbellton,3,2
Campbellton,4,1
Campbellton,5,4
Campbellton,6,2
Campbellton,7,7
Campbellton,8,7
Campbellton,9,4
Campbellton,10,2
Campbellton,11,8
Campbellton,12,6
Campo,2,1
Campo,3,3
Campo,9,2
Campo,12,2
Campo Seco,11,1
Campo Seco,12,1
Campobello,1,30
Campobello,2,28
Campobello,3,18
Campobello,4,21
Campobello,5,18
Campobello,6,21
Campobello,7,12
Campobello,8,22
Campobello,9,18
Campobello,10,17
Campobello,11,19
Campobello,12,17
Campton,2,2
Campton,4,1
Campton,6,1
Campton,7,2
Campton,9,1
Campton,12,1
Camptonville,1,3
Camptonville,2,4
Camptonville,3,2
Camptonville,4,3
Camptonville,5,4
Camptonville,6,3
Camptonville,7,6
Camptonville,8,4
Camptonville,9,10
Camptonville,10,1
Camptonville,11,4
Camptonville,12,7
Cana,1,28
Cana,2,22
Cana,3,3
Cana,4,6
Cana,5,17
Cana,6,6
Cana,7,14
Cana,8,2
Cana,9,9
Cana,10,10
Cana,11,8
Cana,12,10
Canaan,1,17
Canaan,2,16
Canaan,3,16
Canaan,4,7
Canaan,5,8
Canaan,6,6
Canaan,7,5
Canaan,8,11
Canaan,9,7
Canaan,10,6
Canaan,11,20
Canaan,12,21
Canadensis,4,2
Canadensis,12,1
Canadian,12,3
Canajoharie,1,10
Canajoharie,2,8
Canajoharie,3,3
Canajoharie,5,1
Canajoharie,6,4
Canajoharie,7,3
Canajoharie,8,4
Canajoharie,9,7
Canajoharie,10,4
Canajoharie,11,2
Canajoharie,12,5
Canal Fulton,7,1
Canal Fulton,8,1
Canal Fulton,10,3
Canal Fulton,11,1
Canal Fulton,12,2
Canal Point,1,1
Canal Point,2,1
Canal Point,3,1
Canal Point,4,3
Canal Point,5,1
Canal Point,6,1
Canal Winchester,1,13
Canal Winchester,2,8
Canal Winchester,3,5
Canal Winchester,4,3
Canal Winchester,5,8
Canal Winchester,6,3
Canal Winchester,7,12
Canal Winchester,8,8
Canal Winchester,9,5
Canal Winchester,10,13
Canal Winchester,11,18
Canal Winchester,12,19
Canaseraga,12,2
Canastota,1,23
Canastota,2,21
Canastota,3,5
Canastota,4,10
Canastota,5,9
Canastota,6,9
Canastota,7,8
Canastota,8,10
Canastota,9,14
Canastota,10,11
Canastota,11,3
Canastota,12,21
Canby,1,28
Canby,2,18
Canby,3,17
Canby,4,9
Canby,5,4
Canby,6,5
Canby,7,7
Canby,8,8
Canby,9,4
Canby,10,12
Canby,11,4
Canby,12,15
Candia,2,1
Candia,3,1
Candia,4,1
Candia,6,1
Candia,12,1
Candler,1,42
Candler,2,22
Candler,3,16
Candler,4,21
Candler,5,32
Candler,6,15
Candler,7,30
Candler,8,24
Candler,9,18
Candler,10,18
Candler,11,18
Candler,12,31
Candor,2,3
Candor,3,20
Candor,6,5
Candor,9,2
Candor,11,1
Candor,12,10
Canfield,1,6
Canfield,2,1
Canfield,3,1
Canfield,5,1
Canfield,6,1
Canfield,7,1
Canfield,8,2
Canfield,10,1
Canfield,11,2
Canfield,12,4
Canisteo,4,2
Cannon Ball,1,1
Cannon Ball,8,2
Cannon Beach,1,1
Cannon Beach,2,2
Cannon Beach,3,6
Cannon Beach,4,2
Cannon Beach,6,1
Cannon Beach,10,1
Cannon Beach,12,3
Cannon Falls,1,60
Cannon Falls,2,34
Cannon Falls,3,13
Cannon Falls,4,19
Cannon Falls,5,13
Cannon Falls,6,21
Cannon Falls,7,8
Cannon Falls,8,16
Cannon Falls,9,15
Cannon Falls,10,4
Cannon Falls,11,15
Cannon Falls,12,27
Cannonville,9,3
Cannonville,12,1
Canoga Park,1,6
Canoga Park,2,2
Canoga Park,3,1
Canoga Park,4,5
Canoga Park,5,1
Canoga Park,6,9
Canoga Park,7,3
Canoga Park,8,4
Canoga Park,9,4
Canoga Park,10,3
Canoga Park,11,8
Canoga Park,12,3
Canon,10,1
Canon City,1,20
Canon City,2,14
Canon City,3,2
Canon City,4,7
Canon City,5,5
Canon City,6,13
Canon City,7,3
Canon City,8,10
Canon City,9,5
Canon City,10,1
Canon City,11,12
Canon City,12,11
Canonsburg,1,29
Canonsburg,2,15
Canonsburg,3,31
Canonsburg,4,6
Canonsburg,6,3
Canonsburg,7,5
Canonsburg,8,10
Canonsburg,9,20
Canonsburg,10,4
Canonsburg,11,9
Canonsburg,12,24
Canterbury,1,5
Canterbury,2,4
Canterbury,3,1
Canterbury,5,7
Canterbury,7,2
Canterbury,8,4
Canterbury,9,4
Canterbury,11,1
Cantil,1,16
Cantil,2,3
Cantil,3,8
Cantil,4,4
Cantil,5,2
Cantil,6,4
Cantil,7,9
Cantil,8,7
Cantil,9,8
Cantil,10,2
Cantil,11,9
Cantil,12,3
Canton,1,153
Canton,2,124
Canton,3,120
Canton,4,109
Canton,5,105
Canton,6,95
Canton,7,108
Canton,8,102
Canton,9,69
Canton,10,110
Canton,11,152
Canton,12,174
Cantonment,1,68
Cantonment,2,39
Cantonment,3,31
Cantonment,4,52
Cantonment,5,44
Cantonment,6,50
Cantonment,7,34
Cantonment,8,31
Cantonment,9,27
Cantonment,10,33
Cantonment,11,34
Cantonment,12,39
Cantua Creek,1,3
Cantua Creek,2,1
Cantua Creek,3,3
Cantua Creek,5,1
Cantua Creek,6,4
Cantua Creek,7,6
Cantua Creek,8,2
Cantua Creek,9,4
Cantua Creek,10,1
Cantua Creek,11,1
Cantua Creek,12,4
Canyon,1,9
Canyon,2,9
Canyon,4,5
Canyon,5,3
Canyon,6,2
Canyon,7,3
Canyon,8,2
Canyon,9,2
Canyon,10,1
Canyon,11,4
Canyon,12,7
Canyon City,1,4
Canyon City,2,4
Canyon City,3,2
Canyon City,4,1
Canyon City,5,2
Canyon City,6,3
Canyon City,7,2
Canyon City,9,8
Canyon City,10,3
Canyon City,11,5
Canyon City,12,3
Canyon Country,1,64
Canyon Country,2,63
Canyon Country,3,54
Canyon Country,4,53
Canyon Country,5,38
Canyon Country,6,39
Canyon Country,7,40
Canyon Country,8,35
Canyon Country,9,42
Canyon Country,10,41
Canyon Country,11,64
Canyon Country,12,45
Canyon Creek,1,4
Canyon Creek,2,5
Canyon Creek,3,1
Canyon Creek,4,4
Canyon Creek,7,2
Canyon Creek,8,2
Canyon Creek,9,3
Canyon Creek,10,1
Canyon Creek,11,5
Canyon Creek,12,19
Canyon Dam,3,1
Canyon Dam,5,1
Canyon Dam,6,2
Canyon Dam,7,4
Canyon Dam,8,1
Canyon Dam,11,1
Canyondam,5,2
Canyondam,7,1
Canyonville,1,4
Canyonville,2,12
Canyonville,4,1
Canyonville,5,1
Canyonville,6,2
Canyonville,7,2
Canyonville,8,1
Canyonville,9,2
Canyonville,10,2
Canyonville,11,2
Canyonville,12,7
Capac,2,6
Capac,6,1
Capac,10,2
Capac,12,1
Capay,2,4
Capay,3,6
Capay,4,4
Capay,5,3
Capay,6,4
Capay,7,2
Capay,8,3
Capay,9,3
Capay,10,3
Capay,11,8
Capay,12,2
Cape Canaveral,1,4
Cape Canaveral,2,2
Cape Canaveral,3,4
Cape Canaveral,4,1
Cape Canaveral,5,3
Cape Canaveral,6,3
Cape Canaveral,9,1
Cape Canaveral,12,2
Cape Carteret,2,4
Cape Charles,1,4
Cape Charles,2,7
Cape Charles,3,4
Cape Charles,4,1
Cape Charles,5,16
Cape Charles,6,23
Cape Charles,7,5
Cape Charles,8,5
Cape Charles,9,4
Cape Charles,10,12
Cape Charles,11,14
Cape Charles,12,8
Cape Coral,1,35
Cape Coral,2,32
Cape Coral,3,31
Cape Coral,4,22
Cape Coral,5,9
Cape Coral,6,16
Cape Coral,7,13
Cape Coral,8,27
Cape Coral,9,23
Cape Coral,10,30
Cape Coral,11,35
Cape Coral,12,19
Cape Fair,8,1
Cape Fair,10,3
Cape Girardeau,1,4
Cape Girardeau,2,1
Cape Girardeau,6,1
Cape Girardeau,9,7
Cape Girardeau,10,1
Cape May,1,7
Cape May,5,1
Cape May,8,1
Cape May,9,1
Cape May Court House,1,17
Cape May Court House,2,11
Cape May Court House,3,5
Cape May Court House,4,8
Cape May Court House,5,3
Cape May Court House,6,32
Cape May Court House,7,19
Cape May Court House,8,19
Cape May Court House,9,9
Cape May Court House,10,6
Cape May Court House,11,7
Cape May Court House,12,16
Cape Neddick,10,1
Capistrano Beach,1,24
Capistrano Beach,2,16
Capistrano Beach,3,6
Capistrano Beach,4,17
Capistrano Beach,5,5
Capistrano Beach,6,15
Capistrano Beach,7,13
Capistrano Beach,8,7
Capistrano Beach,9,7
Capistrano Beach,10,4
Capistrano Beach,11,8
Capistrano Beach,12,7
Capitol Heights,1,66
Capitol Heights,2,48
Capitol Heights,3,14
Capitol Heights,4,42
Capitol Heights,5,43
Capitol Heights,6,25
Capitol Heights,7,42
Capitol Heights,8,23
Capitol Heights,9,30
Capitol Heights,10,16
Capitol Heights,11,24
Capitol Heights,12,35
Capitola,1,16
Capitola,2,23
Capitola,3,16
Capitola,4,19
Capitola,5,5
Capitola,6,17
Capitola,7,14
Capitola,8,22
Capitola,9,8
Capitola,10,6
Capitola,11,17
Capitola,12,13
Capon Bridge,2,2
Capon Bridge,6,1
Capon Bridge,7,1
Capon Bridge,8,3
Capon Bridge,10,1
Capon Bridge,12,1
Capron,1,1
Capron,2,3
Capron,3,1
Capron,4,1
Capron,5,1
Capron,6,5
Capron,7,4
Capron,8,4
Capron,9,3
Capron,10,3
Capron,11,7
Capron,12,1
Captiva,1,1
Captiva,7,1
Captiva,11,1
Carbon,6,6
Carbon Hill,1,1
Carbon Hill,2,7
Carbon Hill,3,7
Carbon Hill,4,2
Carbon Hill,5,11
Carbon Hill,6,3
Carbon Hill,7,2
Carbon Hill,8,1
Carbon Hill,9,3
Carbon Hill,10,5
Carbon Hill,11,3
Carbon Hill,12,2
Carbondale,1,14
Carbondale,2,13
Carbondale,3,10
Carbondale,4,4
Carbondale,5,3
Carbondale,6,4
Carbondale,7,9
Carbondale,8,1
Carbondale,9,6
Carbondale,10,4
Carbondale,11,2
Carbondale,12,1
Cardiff by the Sea,1,30
Cardiff by the Sea,2,51
Cardiff by the Sea,3,24
Cardiff by the Sea,4,35
Cardiff by the Sea,5,7
Cardiff by the Sea,6,13
Cardiff by the Sea,7,31
Cardiff by the Sea,8,23
Cardiff by the Sea,9,33
Cardiff by the Sea,10,26
Cardiff by the Sea,11,19
Cardiff by the Sea,12,22
Cardington,10,1
Cardington,12,1
Cardwell,1,25
Cardwell,2,35
Cardwell,3,50
Cardwell,4,32
Cardwell,5,4
Cardwell,6,1
Cardwell,7,8
Cardwell,8,13
Cardwell,9,6
Cardwell,10,5
Cardwell,11,37
Cardwell,12,39
Carefree,1,1
Carencro,1,8
Carencro,2,8
Carencro,3,2
Carencro,4,13
Carencro,5,9
Carencro,6,11
Carencro,7,9
Carencro,8,11
Carencro,9,6
Carencro,10,3
Carencro,11,10
Carencro,12,3
Caret,1,3
Caret,4,1
Caret,8,3
Caret,9,1
Caret,12,4
Carey,1,2
Carey,2,1
Carey,5,1
Carey,6,2
Carey,8,1
Carey,11,1
Carle Place,1,10
Carle Place,2,9
Carle Place,4,1
Carle Place,5,4
Carle Place,6,10
Carle Place,7,12
Carle Place,8,7
Carle Place,9,5
Carle Place,10,11
Carle Place,11,11
Carle Place,12,5
Carleton,1,7
Carleton,2,2
Carleton,4,1
Carleton,6,3
Carleton,7,2
Carleton,9,2
Carleton,10,5
Carleton,11,6
Carleton,12,6
Carlin,1,1
Carlin,2,5
Carlin,3,2
Carlin,4,1
Carlin,5,3
Carlin,6,4
Carlin,8,4
Carlin,9,1
Carlin,10,2
Carlin,11,3
Carlin,12,3
Carlisle,1,89
Carlisle,2,82
Carlisle,3,54
Carlisle,4,73
Carlisle,5,62
Carlisle,6,66
Carlisle,7,55
Carlisle,8,82
Carlisle,9,90
Carlisle,10,46
Carlisle,11,106
Carlisle,12,76
Carlock,1,1
Carlock,2,1
Carlock,3,2
Carlock,8,1
Carlock,9,2
Carlos,1,4
Carlos,4,4
Carlos,5,1
Carlos,7,1
Carlos,9,2
Carlos,10,2
Carlos,11,4
Carlotta,1,4
Carlotta,2,13
Carlotta,3,3
Carlotta,4,9
Carlotta,5,6
Carlotta,6,6
Carlotta,7,5
Carlotta,8,7
Carlotta,9,4
Carlotta,10,4
Carlotta,11,12
Carlotta,12,2
Carlsbad,1,147
Carlsbad,2,166
Carlsbad,3,111
Carlsbad,4,82
Carlsbad,5,74
Carlsbad,6,86
Carlsbad,7,112
Carlsbad,8,66
Carlsbad,9,100
Carlsbad,10,66
Carlsbad,11,106
Carlsbad,12,104
Carlstadt,1,14
Carlstadt,2,4
Carlstadt,3,10
Carlstadt,4,14
Carlstadt,5,12
Carlstadt,6,18
Carlstadt,7,30
Carlstadt,8,7
Carlstadt,9,17
Carlstadt,10,14
Carlstadt,11,8
Carlstadt,12,20
Carlton,1,29
Carlton,2,35
Carlton,3,26
Carlton,4,16
Carlton,5,8
Carlton,6,9
Carlton,7,12
Carlton,8,11
Carlton,9,7
Carlton,10,4
Carlton,11,17
Carlton,12,52
Carmel,1,90
Carmel,2,67
Carmel,3,42
Carmel,4,37
Carmel,5,32
Carmel,6,53
Carmel,7,51
Carmel,8,78
Carmel,9,61
Carmel,10,46
Carmel,11,39
Carmel,12,49
Carmel Valley,1,20
Carmel Valley,2,18
Carmel Valley,3,10
Carmel Valley,4,15
Carmel Valley,5,13
Carmel Valley,6,6
Carmel Valley,7,6
Carmel Valley,8,19
Carmel Valley,9,16
Carmel Valley,10,10
Carmel Valley,11,9
Carmel Valley,12,25
Carmel-by-the-Sea,1,18
Carmel-by-the-Sea,2,23
Carmel-by-the-Sea,3,6
Carmel-by-the-Sea,4,15
Carmel-by-the-Sea,5,4
Carmel-by-the-Sea,6,3
Carmel-by-the-Sea,7,7
Carmel-by-the-Sea,8,6
Carmel-by-the-Sea,9,8
Carmel-by-the-Sea,10,7
Carmel-by-the-Sea,11,6
Carmel-by-the-Sea,12,9
Carmichael,1,138
Carmichael,2,113
Carmichael,3,79
Carmichael,4,103
Carmichael,5,55
Carmichael,6,64
Carmichael,7,64
Carmichael,8,74
Carmichael,9,55
Carmichael,10,63
Carmichael,11,60
Carmichael,12,90
Carmichaels,1,1
Carmichaels,3,2
Carmichaels,5,2
Carmichaels,6,1
Carnation,1,1
Carnation,6,3
Carnation,9,6
Carnation,11,2
Carnegie,1,33
Carnegie,2,27
Carnegie,3,20
Carnegie,4,21
Carnegie,5,21
Carnegie,6,33
Carnegie,7,8
Carnegie,8,28
Carnegie,9,25
Carnegie,10,21
Carnegie,11,22
Carnegie,12,23
Carnelian Bay,1,4
Carnelian Bay,2,3
Carnelian Bay,3,1
Carnelian Bay,4,5
Carnelian Bay,5,1
Carnelian Bay,6,3
Carnelian Bay,7,4
Carnelian Bay,8,2
Carnelian Bay,9,3
Carnelian Bay,10,1
Carnelian Bay,11,1
Carnelian Bay,12,10
Carnesville,1,4
Carnesville,2,7
Carnesville,3,1
Carnesville,4,6
Carnesville,5,6
Carnesville,6,1
Carnesville,7,3
Carnesville,8,7
Carnesville,9,7
Carnesville,10,1
Carnesville,11,5
Carnesville,12,21
Carney,1,1
Caro,5,1
Carol Stream,1,36
Carol Stream,2,47
Carol Stream,3,31
Carol Stream,4,33
Carol Stream,5,30
Carol Stream,6,30
Carol Stream,7,23
Carol Stream,8,47
Carol Stream,9,30
Carol Stream,10,12
Carol Stream,11,6
Carol Stream,12,30
Carolina Beach,3,1
Carp Lake,8,2
Carpentersville,1,1
Carpentersville,8,1
Carpinteria,1,42
Carpinteria,2,72
Carpinteria,3,43
Carpinteria,4,41
Carpinteria,5,30
Carpinteria,6,50
Carpinteria,7,45
Carpinteria,8,45
Carpinteria,9,40
Carpinteria,10,36
Carpinteria,11,25
Carpinteria,12,37
Carpio,2,2
Carpio,11,2
Carpio,12,3
Carr,2,6
Carr,3,5
Carr,4,1
Carr,6,12
Carr,7,14
Carr,8,2
Carr,9,1
Carr,10,3
Carr,11,6
Carr,12,8
Carrabelle,1,2
Carrabelle,5,2
Carrabelle,7,5
Carrabelle,9,1
Carrabelle,10,4
Carrabelle,12,1
Carrier Mills,4,1
Carriere,3,1
Carriere,8,2
Carrington,1,1
Carrington,3,1
Carrington,5,1
Carrington,6,1
Carrington,8,3
Carrington,9,1
Carrington,10,2
Carrington,12,1
Carroll,1,11
Carroll,2,1
Carroll,3,2
Carroll,4,2
Carroll,5,4
Carroll,6,1
Carroll,7,3
Carroll,8,6
Carroll,9,2
Carroll,10,2
Carroll,11,4
Carroll,12,7
Carrollton,1,146
Carrollton,2,82
Carrollton,3,68
Carrollton,4,73
Carrollton,5,127
Carrollton,6,94
Carrollton,7,92
Carrollton,8,94
Carrollton,9,79
Carrollton,10,61
Carrollton,11,66
Carrollton,12,91
Carrolltown,1,18
Carrolltown,2,16
Carrolltown,3,6
Carrolltown,4,2
Carrolltown,5,6
Carrolltown,6,4
Carrolltown,7,2
Carrolltown,8,1
Carrolltown,9,3
Carrolltown,10,15
Carrolltown,11,13
Carrolltown,12,11
Carrsville,1,2
Carrsville,3,1
Carrsville,4,6
Carrsville,5,3
Carrsville,8,1
Carrsville,11,3
Carson,1,169
Carson,2,193
Carson,3,139
Carson,4,129
Carson,5,115
Carson,6,113
Carson,7,118
Carson,8,162
Carson,9,154
Carson,10,101
Carson,11,143
Carson,12,157
Carson City,1,43
Carson City,2,57
Carson City,3,32
Carson City,4,27
Carson City,5,35
Carson City,6,26
Carson City,7,27
Carson City,8,19
Carson City,9,40
Carson City,10,24
Carson City,11,30
Carson City,12,103
Carter,10,1
Carter,12,1
Carteret,1,24
Carteret,2,20
Carteret,3,14
Carteret,4,11
Carteret,5,21
Carteret,6,22
Carteret,7,28
Carteret,8,21
Carteret,9,8
Carteret,10,22
Carteret,11,8
Carteret,12,14
Cartersville,1,57
Cartersville,2,26
Cartersville,3,24
Cartersville,4,14
Cartersville,5,13
Cartersville,6,11
Cartersville,7,33
Cartersville,8,16
Cartersville,9,19
Cartersville,10,24
Cartersville,11,31
Cartersville,12,47
Carthage,1,15
Carthage,2,21
Carthage,3,1
Carthage,4,7
Carthage,5,3
Carthage,6,6
Carthage,7,10
Carthage,8,1
Carthage,9,6
Carthage,10,2
Carthage,11,11
Carthage,12,15
Cartwright,3,2
Cartwright,4,1
Cartwright,6,1
Cartwright,8,1
Cartwright,9,2
Caruthers,1,26
Caruthers,2,26
Caruthers,3,17
Caruthers,4,11
Caruthers,5,12
Caruthers,6,20
Caruthers,7,17
Caruthers,8,18
Caruthers,9,15
Caruthers,10,14
Caruthers,11,14
Caruthers,12,30
Caruthersville,1,2
Caruthersville,2,2
Caruthersville,5,1
Carver,1,3
Carver,2,8
Carver,3,3
Carver,4,5
Carver,7,1
Carver,8,1
Carver,9,1
Carver,10,1
Carver,11,1
Carver,12,3
Cary,1,177
Cary,2,136
Cary,3,72
Cary,4,101
Cary,5,90
Cary,6,126
Cary,7,99
Cary,8,127
Cary,9,91
Cary,10,124
Cary,11,128
Cary,12,153
Caryville,1,19
Caryville,2,19
Caryville,3,14
Caryville,4,22
Caryville,5,29
Caryville,6,18
Caryville,7,27
Caryville,8,12
Caryville,9,20
Caryville,10,22
Caryville,11,16
Caryville,12,15
Casa Blanca,1,4
Casa Blanca,2,14
Casa Blanca,3,3
Casa Blanca,4,13
Casa Blanca,5,10
Casa Blanca,6,26
Casa Blanca,7,8
Casa Blanca,8,4
Casa Blanca,9,3
Casa Blanca,10,6
Casa Blanca,11,3
Casa Grande,1,21
Casa Grande,2,14
Casa Grande,3,23
Casa Grande,4,28
Casa Grande,5,9
Casa Grande,6,5
Casa Grande,7,25
Casa Grande,8,5
Casa Grande,9,8
Casa Grande,10,16
Casa Grande,11,29
Casa Grande,12,19
Casar,11,4
Cascade,1,29
Cascade,2,16
Cascade,3,10
Cascade,4,8
Cascade,5,7
Cascade,6,11
Cascade,7,10
Cascade,8,11
Cascade,9,7
Cascade,10,5
Cascade,11,28
Cascade,12,37
Cascade Locks,1,38
Cascade Locks,2,67
Cascade Locks,3,7
Cascade Locks,4,18
Cascade Locks,5,16
Cascade Locks,6,24
Cascade Locks,7,14
Cascade Locks,8,16
Cascade Locks,9,24
Cascade Locks,10,9
Cascade Locks,11,20
Cascade Locks,12,30
Cascadia,1,2
Cascadia,3,1
Cascadia,7,2
Cascadia,11,1
Casco,1,10
Casco,2,10
Casco,3,6
Casco,4,1
Casco,7,1
Casco,9,1
Casco,10,2
Casco,11,3
Casco,12,5
Casey,1,9
Casey,2,6
Casey,3,4
Casey,4,4
Casey,5,4
Casey,6,3
Casey,7,1
Casey,8,2
Casey,9,2
Casey,12,4
Caseyville,1,9
Caseyville,2,9
Caseyville,3,8
Caseyville,4,5
Caseyville,5,11
Caseyville,6,7
Caseyville,7,5
Caseyville,8,4
Caseyville,9,5
Caseyville,10,4
Caseyville,11,3
Caseyville,12,2
Cash,1,3
Cash,2,2
Cash,11,1
Cashiers,1,6
Cashiers,4,6
Cashiers,5,1
Cashiers,7,7
Cashiers,9,2
Cashiers,11,3
Cashiers,12,3
Cashion,1,3
Cashion,10,1
Cashion,11,2
Cashion,12,1
Casmalia,1,6
Casmalia,2,2
Casmalia,4,4
Casmalia,6,5
Casmalia,7,4
Casmalia,9,4
Casmalia,10,3
Casmalia,11,1
Casnovia,10,1
Caspar,1,4
Caspar,4,2
Caspar,5,3
Caspar,6,4
Caspar,7,2
Caspar,9,3
Caspar,12,1
Casper,1,5
Casper,2,1
Casper,3,2
Casper,6,1
Casper,7,1
Casper,8,1
Casper,10,6
Casper,11,8
Casper,12,11
Cass Lake,1,5
Cass Lake,2,8
Cass Lake,4,4
Cass Lake,5,5
Cass Lake,6,6
Cass Lake,7,9
Cass Lake,8,3
Cass Lake,9,6
Cass Lake,11,5
Cass Lake,12,10
Cassatt,1,9
Cassatt,2,4
Cassatt,3,7
Cassatt,4,12
Cassatt,5,6
Cassatt,6,7
Cassatt,7,5
Cassatt,8,10
Cassatt,9,10
Cassatt,10,7
Cassatt,11,10
Cassatt,12,11
Cassel,2,2
Cassel,3,2
Cassel,5,1
Cassel,6,2
Cassel,7,3
Cassel,8,1
Cassel,10,2
Cassel,12,5
Casselberry,1,26
Casselberry,2,25
Casselberry,3,5
Casselberry,4,23
Casselberry,5,19
Casselberry,6,16
Casselberry,7,13
Casselberry,8,9
Casselberry,9,18
Casselberry,10,16
Casselberry,11,10
Casselberry,12,19
Casselton,1,1
Casselton,4,1
Casselton,7,1
Casselton,10,1
Casselton,11,1
Cassoday,5,1
Cassopolis,2,4
Cassopolis,4,2
Cassopolis,11,2
Cassville,1,1
Cassville,3,5
Cassville,4,1
Cassville,5,3
Cassville,7,3
Cassville,8,5
Cassville,11,1
Cassville,12,3
Castaic,1,179
Castaic,2,113
Castaic,3,89
Castaic,4,70
Castaic,5,67
Castaic,6,66
Castaic,7,75
Castaic,8,92
Castaic,9,108
Castaic,10,61
Castaic,11,64
Castaic,12,102
Castalia,1,6
Castalia,2,12
Castalia,3,3
Castalia,4,4
Castalia,5,9
Castalia,6,10
Castalia,7,4
Castalia,8,8
Castalia,9,2
Castalia,10,1
Castalia,11,4
Castalia,12,17
Castalian Springs,3,3
Castalian Springs,8,1
Castalian Springs,11,1
Castalian Springs,12,1
Castella,1,15
Castella,2,10
Castella,3,3
Castella,4,4
Castella,5,5
Castella,6,2
Castella,7,4
Castella,8,4
Castella,9,2
Castella,10,5
Castella,11,12
Castella,12,30
Castile,1,1
Castile,7,1
Castile,9,1
Castile,11,2
Castle Creek,1,2
Castle Creek,5,2
Castle Creek,10,1
Castle Creek,12,2
Castle Dale,3,1
Castle Dale,5,1
Castle Dale,6,2
Castle Dale,8,3
Castle Dale,9,1
Castle Hayne,1,8
Castle Hayne,2,4
Castle Hayne,3,7
Castle Hayne,4,5
Castle Hayne,5,10
Castle Hayne,6,1
Castle Hayne,7,2
Castle Hayne,8,3
Castle Hayne,9,5
Castle Hayne,10,5
Castle Hayne,12,1
Castle Pines,3,1
Castle Pines,11,1
Castle Rock,1,101
Castle Rock,2,39
Castle Rock,3,62
Castle Rock,4,32
Castle Rock,5,23
Castle Rock,6,32
Castle Rock,7,49
Castle Rock,8,51
Castle Rock,9,26
Castle Rock,10,23
Castle Rock,11,42
Castle Rock,12,67
Castleberry,1,1
Castleberry,3,6
Castleberry,4,7
Castleberry,5,2
Castleberry,6,2
Castleberry,7,1
Castleberry,8,4
Castleberry,9,3
Castleberry,10,4
Castleberry,12,1
Castleton On Hudson,1,19
Castleton On Hudson,2,16
Castleton On Hudson,3,11
Castleton On Hudson,4,9
Castleton On Hudson,5,7
Castleton On Hudson,6,15
Castleton On Hudson,7,13
Castleton On Hudson,8,11
Castleton On Hudson,9,6
Castleton On Hudson,10,4
Castleton On Hudson,11,13
Castleton On Hudson,12,21
Castlewood,2,1
Castlewood,4,5
Castlewood,6,1
Castlewood,10,5
Castlewood,12,2
Castro Valley,1,232
Castro Valley,2,198
Castro Valley,3,128
Castro Valley,4,148
Castro Valley,5,106
Castro Valley,6,152
Castro Valley,7,105
Castro Valley,8,124
Castro Valley,9,177
Castro Valley,10,93
Castro Valley,11,134
Castro Valley,12,217
Castroville,1,43
Castroville,2,44
Castroville,3,37
Castroville,4,27
Castroville,5,43
Castroville,6,43
Castroville,7,44
Castroville,8,65
Castroville,9,41
Castroville,10,23
Castroville,11,33
Castroville,12,26
Cataldo,1,5
Cataldo,2,2
Cataldo,8,1
Cataldo,9,1
Catarina,8,3
Catasauqua,1,1
Catasauqua,3,3
Cataumet,1,1
Catawba,1,13
Catawba,2,5
Catawba,3,18
Catawba,4,13
Catawba,5,4
Catawba,6,13
Catawba,7,10
Catawba,8,12
Catawba,9,7
Catawba,10,5
Catawba,11,7
Catawba,12,16
Catawissa,1,7
Catawissa,2,9
Catawissa,3,9
Catawissa,4,7
Catawissa,5,4
Catawissa,6,8
Catawissa,7,4
Catawissa,8,4
Catawissa,9,19
Catawissa,10,4
Catawissa,11,10
Catawissa,12,5
Catharpin,5,1
Catharpin,7,3
Catharpin,8,3
Catharpin,12,2
Cathay,12,1
Catherine,1,2
Catherine,6,3
Catheys Valley,1,20
Catheys Valley,2,11
Catheys Valley,3,8
Catheys Valley,4,5
Catheys Valley,5,6
Catheys Valley,6,4
Catheys Valley,7,3
Catheys Valley,8,1
Catheys Valley,9,4
Catheys Valley,10,1
Catheys Valley,11,4
Catheys Valley,12,11
Cathlamet,1,1
Cathlamet,3,1
Cathlamet,5,1
Cathlamet,6,1
Cathlamet,11,2
Cathlamet,12,2
Catlett,1,21
Catlett,2,14
Catlett,3,7
Catlett,4,14
Catlett,5,5
Catlett,6,9
Catlett,7,14
Catlett,8,2
Catlett,9,16
Catlett,10,4
Catlett,11,20
Catlett,12,7
Catlettsburg,6,1
Cato,1,2
Cato,2,3
Cato,5,9
Cato,6,1
Cato,9,6
Cato,12,7
Catonsville,1,69
Catonsville,2,58
Catonsville,3,51
Catonsville,4,26
Catonsville,5,27
Catonsville,6,60
Catonsville,7,51
Catonsville,8,31
Catonsville,9,54
Catonsville,10,38
Catonsville,11,36
Catonsville,12,45
Catoosa,2,1
Catoosa,3,4
Catoosa,4,1
Catoosa,5,2
Catoosa,7,2
Catoosa,8,1
Catoosa,9,1
Catoosa,10,2
Catoosa,12,1
Catskill,1,41
Catskill,2,52
Catskill,3,16
Catskill,4,21
Catskill,5,20
Catskill,6,27
Catskill,7,19
Catskill,8,22
Catskill,9,28
Catskill,10,13
Catskill,11,29
Catskill,12,17
Cave City,3,1
Cave City,4,7
Cave City,5,1
Cave City,6,1
Cave Creek,1,7
Cave Creek,2,2
Cave Creek,3,2
Cave Creek,4,4
Cave Creek,5,1
Cave Creek,7,2
Cave Creek,9,6
Cave Creek,10,3
Cave Creek,11,4
Cave Creek,12,4
Cave Junction,1,21
Cave Junction,2,10
Cave Junction,3,14
Cave Junction,4,12
Cave Junction,5,7
Cave Junction,6,6
Cave Junction,7,10
Cave Junction,8,11
Cave Junction,9,9
Cave Junction,10,13
Cave Junction,11,10
Cave Junction,12,20
Cave Spring,1,1
Cave Spring,11,5
Cave Spring,12,3
Cave Springs,7,1
Cave-in-Rock,7,1
Cave-in-Rock,11,2
Cayce,1,11
Cayce,2,4
Cayce,3,8
Cayce,4,15
Cayce,5,8
Cayce,6,13
Cayce,7,4
Cayce,8,8
Cayce,9,9
Cayce,10,1
Cayce,11,10
Cayce,12,3
Cayucos,1,14
Cayucos,2,7
Cayucos,3,5
Cayucos,4,9
Cayucos,5,9
Cayucos,6,8
Cayucos,7,9
Cayucos,8,8
Cayucos,9,8
Cayucos,10,3
Cayucos,11,13
Cayucos,12,8
Cayuga,12,3
Cayuta,12,3
Cazadero,1,11
Cazadero,2,2
Cazadero,3,3
Cazadero,4,5
Cazadero,5,4
Cazadero,6,5
Cazadero,7,6
Cazadero,8,4
Cazadero,9,9
Cazadero,10,8
Cazadero,11,5
Cazadero,12,8
Cecil,1,1
Cecil,3,1
Cecil,4,2
Cecil,5,2
Cecil,6,1
Cecil,7,2
Cecil,8,2
Cecil,9,1
Cecil,10,3
Cecil,11,1
Cecilia,2,1
Cecilia,3,1
Cecilia,8,2
Cecilia,9,1
Cecilia,10,1
Cecilton,8,3
Cedar,7,1
Cedar,12,1
Cedar Bluff,1,2
Cedar Bluff,2,5
Cedar Bluff,3,5
Cedar Bluff,4,2
Cedar Bluff,5,3
Cedar Bluff,6,2
Cedar Bluff,7,3
Cedar Bluff,8,4
Cedar Bluff,9,1
Cedar Bluff,11,1
Cedar Bluff,12,3
Cedar City,1,46
Cedar City,2,41
Cedar City,3,61
Cedar City,4,22
Cedar City,5,21
Cedar City,6,25
Cedar City,7,36
Cedar City,8,37
Cedar City,9,53
Cedar City,10,46
Cedar City,11,65
Cedar City,12,49
Cedar Creek,2,1
Cedar Creek,3,1
Cedar Creek,4,2
Cedar Creek,5,2
Cedar Creek,6,1
Cedar Creek,9,2
Cedar Creek,10,2
Cedar Creek,11,18
Cedar Creek,12,4
Cedar Crest,9,1
Cedar Falls,1,3
Cedar Falls,2,1
Cedar Falls,3,4
Cedar Falls,4,1
Cedar Falls,9,4
Cedar Falls,10,2
Cedar Falls,12,4
Cedar Glen,1,6
Cedar Glen,2,6
Cedar Glen,3,3
Cedar Glen,4,1
Cedar Glen,5,3
Cedar Glen,6,4
Cedar Glen,7,2
Cedar Glen,9,4
Cedar Glen,10,1
Cedar Glen,11,5
Cedar Glen,12,3
Cedar Grove,1,2
Cedar Grove,2,4
Cedar Grove,3,6
Cedar Grove,4,3
Cedar Grove,5,3
Cedar Grove,6,1
Cedar Grove,7,6
Cedar Grove,8,1
Cedar Grove,9,1
Cedar Grove,10,8
Cedar Grove,11,2
Cedar Grove,12,5
Cedar Hill,1,7
Cedar Hill,2,2
Cedar Hill,3,8
Cedar Hill,4,4
Cedar Hill,5,11
Cedar Hill,6,12
Cedar Hill,7,9
Cedar Hill,8,16
Cedar Hill,9,5
Cedar Hill,10,6
Cedar Hill,11,3
Cedar Hill,12,4
Cedar Key,1,2
Cedar Key,2,1
Cedar Key,3,3
Cedar Key,6,1
Cedar Key,8,2
Cedar Key,12,1
Cedar Knolls,1,6
Cedar Knolls,2,16
Cedar Knolls,3,9
Cedar Knolls,4,7
Cedar Knolls,5,4
Cedar Knolls,6,6
Cedar Knolls,7,2
Cedar Knolls,8,7
Cedar Knolls,9,6
Cedar Knolls,10,6
Cedar Knolls,11,7
Cedar Knolls,12,1
Cedar Lake,9,2
Cedar Park,1,11
Cedar Park,2,24
Cedar Park,3,7
Cedar Park,4,4
Cedar Park,5,6
Cedar Park,6,7
Cedar Park,7,14
Cedar Park,8,12
Cedar Park,9,14
Cedar Park,10,11
Cedar Park,11,16
Cedar Park,12,23
Cedar Rapids,1,54
Cedar Rapids,2,82
Cedar Rapids,3,26
Cedar Rapids,4,28
Cedar Rapids,5,26
Cedar Rapids,6,37
Cedar Rapids,7,18
Cedar Rapids,8,29
Cedar Rapids,9,27
Cedar Rapids,10,32
Cedar Rapids,11,34
Cedar Rapids,12,42
Cedar Run,6,3
Cedar Springs,1,6
Cedar Springs,2,6
Cedar Springs,3,5
Cedar Springs,4,10
Cedar Springs,5,8
Cedar Springs,6,10
Cedar Springs,7,7
Cedar Springs,8,12
Cedar Springs,9,20
Cedar Springs,10,13
Cedar Springs,11,11
Cedar Springs,12,2
Cedar Valley,1,6
Cedar Valley,2,6
Cedar Valley,3,7
Cedar Valley,4,3
Cedar Valley,5,8
Cedar Valley,6,7
Cedar Valley,7,6
Cedar Valley,8,6
Cedar Valley,9,14
Cedar Valley,10,2
Cedar Valley,11,7
Cedar Valley,12,5
Cedarbluff,11,1
Cedarburg,1,3
Cedarhurst,3,1
Cedarhurst,9,2
Cedarpines Park,1,13
Cedarpines Park,2,6
Cedarpines Park,3,4
Cedarpines Park,4,4
Cedarpines Park,5,7
Cedarpines Park,6,1
Cedarpines Park,7,5
Cedarpines Park,8,5
Cedarpines Park,9,4
Cedarpines Park,10,2
Cedarpines Park,11,8
Cedarpines Park,12,12
Cedartown,1,4
Cedartown,2,3
Cedartown,3,1
Cedartown,5,5
Cedartown,8,3
Cedartown,9,11
Cedartown,10,1
Cedartown,11,4
Cedartown,12,2
Cedarville,1,3
Cedarville,2,8
Cedarville,4,5
Cedarville,6,4
Cedarville,7,1
Cedarville,8,8
Cedarville,9,3
Cedarville,10,2
Cedarville,11,4
Cedarville,12,5
Celina,1,4
Celina,2,4
Celina,3,2
Celina,4,2
Celina,5,3
Celina,6,2
Celina,8,5
Celina,9,1
Celina,10,1
Celina,11,3
Celina,12,3
Cement City,4,4
Cement City,6,8
Cement City,7,5
Cement City,8,3
Cement City,12,1
Centennial,1,3
Centennial,3,2
Centennial,4,11
Centennial,7,1
Centennial,9,1
Centennial,11,1
Center,1,4
Center,2,4
Center,6,4
Center,7,2
Center,11,1
Center Barnstead,9,1
Center Barnstead,10,1
Center Barnstead,12,1
Center City,2,3
Center City,4,1
Center City,6,4
Center City,7,1
Center City,9,1
Center City,11,2
Center City,12,1
Center Conway,9,1
Center Cross,1,3
Center Cross,2,4
Center Cross,3,3
Center Cross,7,2
Center Cross,8,3
Center Cross,10,5
Center Hill,1,2
Center Hill,2,2
Center Hill,3,3
Center Hill,5,1
Center Hill,7,3
Center Hill,9,2
Center Hill,11,3
Center Hill,12,4
Center Line,1,4
Center Line,2,6
Center Line,3,2
Center Line,4,3
Center Line,6,2
Center Line,7,3
Center Line,8,1
Center Line,9,4
Center Line,10,5
Center Line,11,1
Center Line,12,1
Center Moriches,1,1
Center Moriches,6,1
Center Moriches,7,1
Center Moriches,9,1
Center Moriches,11,1
Center Point,1,7
Center Point,2,10
Center Point,3,3
Center Point,4,3
Center Point,8,3
Center Point,9,3
Center Point,12,1
Center Ridge,7,3
Center Sandwich,5,2
Center Tuftonboro,4,1
Center Tuftonboro,8,1
Center Valley,1,11
Center Valley,2,6
Center Valley,3,11
Center Valley,4,14
Center Valley,5,19
Center Valley,6,14
Center Valley,7,8
Center Valley,8,7
Center Valley,9,10
Center Valley,10,8
Center Valley,11,3
Center Valley,12,18
Centerburg,1,1
Centerburg,2,1
Centerburg,3,3
Centerburg,4,1
Centerburg,5,4
Centerburg,9,1
Centereach,1,3
Centereach,2,2
Centereach,3,3
Centereach,4,3
Centereach,5,10
Centereach,6,12
Centereach,7,7
Centereach,8,4
Centereach,9,10
Centereach,10,19
Centereach,11,5
Centereach,12,1
Centerfield,1,2
Centerfield,4,1
Centerfield,8,2
Centerport,5,1
Centerton,1,2
Centerville,1,35
Centerville,2,42
Centerville,3,12
Centerville,4,28
Centerville,5,29
Centerville,6,35
Centerville,7,24
Centerville,8,36
Centerville,9,25
Centerville,10,24
Centerville,11,29
Centerville,12,26
Central,1,36
Central,2,21
Central,3,24
Central,4,32
Central,5,25
Central,6,23
Central,7,20
Central,8,32
Central,9,28
Central,10,19
Central,11,29
Central,12,27
Central City,1,2
Central City,2,2
Central City,4,3
Central City,5,4
Central City,6,14
Central City,8,8
Central City,9,3
Central City,10,23
Central City,11,8
Central City,12,6
Central Coast,6,1
Central Contra Costa,1,1
Central Contra Costa,2,1
Central Contra Costa,6,2
Central Contra Costa,7,1
Central Contra Costa,8,1
Central Contra Costa,9,1
Central Contra Costa,10,2
Central Contra Costa,11,2
Central Contra Costa,12,2
Central Islip,1,4
Central Islip,2,6
Central Islip,3,3
Central Islip,4,6
Central Islip,5,10
Central Islip,6,2
Central Islip,7,8
Central Islip,9,3
Central Islip,10,3
Central Islip,11,5
Central Point,1,38
Central Point,2,40
Central Point,3,26
Central Point,4,26
Central Point,5,15
Central Point,6,20
Central Point,7,20
Central Point,8,24
Central Point,9,16
Central Point,10,24
Central Point,11,41
Central Point,12,31
Central Square,1,3
Central Square,2,1
Central Square,11,7
Central Valley,1,12
Central Valley,2,29
Central Valley,3,5
Central Valley,4,9
Central Valley,5,9
Central Valley,6,8
Central Valley,7,12
Central Valley,8,9
Central Valley,9,14
Central Valley,10,12
Central Valley,11,7
Central Valley,12,6
Centralia,1,2
Centralia,2,3
Centralia,3,8
Centralia,4,3
Centralia,6,1
Centralia,7,1
Centralia,8,5
Centralia,9,6
Centralia,11,3
Centralia,12,25
Centre,1,2
Centre,2,2
Centre,3,8
Centre,4,5
Centre,5,6
Centre,6,4
Centre,7,3
Centre,8,8
Centre,11,7
Centre Hall,1,8
Centre Hall,2,12
Centre Hall,3,17
Centre Hall,4,14
Centre Hall,5,7
Centre Hall,6,17
Centre Hall,7,15
Centre Hall,8,41
Centre Hall,9,9
Centre Hall,10,4
Centre Hall,11,22
Centre Hall,12,30
Centreville,1,244
Centreville,2,142
Centreville,3,103
Centreville,4,142
Centreville,5,145
Centreville,6,148
Centreville,7,170
Centreville,8,207
Centreville,9,185
Centreville,10,144
Centreville,11,198
Centreville,12,142
Century,1,12
Century,2,7
Century,3,8
Century,4,7
Century,5,6
Century,6,3
Century,7,8
Century,8,7
Century,9,4
Century,10,5
Century,11,7
Century,12,3
Ceres,1,81
Ceres,2,55
Ceres,3,42
Ceres,4,46
Ceres,5,48
Ceres,6,35
Ceres,7,27
Ceres,8,37
Ceres,9,48
Ceres,10,33
Ceres,11,54
Ceres,12,51
Ceresco,1,2
Ceresco,8,1
Ceresco,9,1
Cerrillos,5,4
Cerritos,1,146
Cerritos,2,217
Cerritos,3,167
Cerritos,4,139
Cerritos,5,114
Cerritos,6,157
Cerritos,7,132
Cerritos,8,133
Cerritos,9,116
Cerritos,10,86
Cerritos,11,82
Cerritos,12,151
Cerro Gordo,7,1
Ceylon,11,2
Chadbourn,1,5
Chadbourn,3,1
Chadbourn,4,7
Chadbourn,6,1
Chadbourn,7,2
Chadbourn,8,3
Chadbourn,9,3
Chadbourn,10,2
Chadds Ford,1,9
Chadds Ford,2,5
Chadds Ford,3,7
Chadds Ford,4,4
Chadds Ford,5,7
Chadds Ford,6,3
Chadds Ford,7,9
Chadds Ford,8,7
Chadds Ford,9,8
Chadds Ford,10,8
Chadds Ford,11,18
Chadds Ford,12,41
Chadwicks,6,2
Chaffee,6,2
Chagrin Falls,1,5
Chagrin Falls,2,1
Chagrin Falls,3,4
Chagrin Falls,4,2
Chagrin Falls,5,3
Chagrin Falls,6,2
Chagrin Falls,7,3
Chagrin Falls,8,6
Chagrin Falls,9,1
Chagrin Falls,10,2
Chagrin Falls,11,7
Chagrin Falls,12,4
Chalfont,1,10
Chalfont,2,7
Chalfont,3,1
Chalfont,4,4
Chalfont,5,1
Chalfont,6,1
Chalfont,8,2
Chalfont,9,4
Chalfont,10,6
Chalfont,11,1
Chalfont,12,2
Challenge,1,8
Challenge,2,1
Challenge,3,3
Challenge,4,2
Challenge,12,3
Chalmers,1,7
Chalmers,2,2
Chalmers,7,4
Chalmers,10,2
Chalmers,11,1
Chalmers,12,2
Chambers,1,23
Chambers,2,1
Chambers,3,13
Chambers,4,20
Chambers,5,7
Chambers,6,10
Chambers,7,15
Chambers,8,17
Chambers,9,13
Chambers,10,17
Chambers,11,17
Chambers,12,9
Chambersburg,1,46
Chambersburg,2,49
Chambersburg,3,28
Chambersburg,4,25
Chambersburg,5,29
Chambersburg,6,18
Chambersburg,7,22
Chambersburg,8,44
Chambersburg,9,59
Chambersburg,10,16
Chambersburg,11,46
Chambersburg,12,53
Champaign,1,14
Champaign,2,33
Champaign,3,17
Champaign,4,13
Champaign,5,19
Champaign,6,8
Champaign,7,9
Champaign,8,12
Champaign,9,10
Champaign,10,1
Champaign,11,8
Champaign,12,4
Champion,1,6
Champion,10,1
Champion,11,2
Champion,12,2
Champions Gate,1,3
Champions Gate,2,1
Champions Gate,3,2
Champions Gate,5,1
Champions Gate,6,4
Champions Gate,7,6
Champions Gate,8,10
Champions Gate,9,9
Champions Gate,10,5
Champions Gate,11,2
Champions Gate,12,3
Champlain,1,1
Champlain,2,4
Champlain,5,5
Champlain,6,9
Champlain,8,6
Champlain,9,7
Champlain,11,2
Champlain,12,5
Champlin,1,25
Champlin,2,9
Champlin,3,11
Champlin,4,7
Champlin,5,11
Champlin,6,15
Champlin,7,22
Champlin,8,10
Champlin,9,16
Champlin,10,12
Champlin,11,14
Champlin,12,15
Chancellor,2,1
Chancellor,5,1
Chancellor,8,1
Chancellor,12,1
Chandler,1,165
Chandler,2,198
Chandler,3,162
Chandler,4,186
Chandler,5,136
Chandler,6,93
Chandler,7,86
Chandler,8,131
Chandler,9,119
Chandler,10,77
Chandler,11,160
Chandler,12,171
Chanhassen,1,48
Chanhassen,2,15
Chanhassen,3,10
Chanhassen,4,5
Chanhassen,5,8
Chanhassen,6,10
Chanhassen,7,6
Chanhassen,8,17
Chanhassen,9,16
Chanhassen,10,5
Chanhassen,11,4
Chanhassen,12,11
Channahon,1,12
Channahon,2,11
Channahon,3,11
Channahon,4,6
Channahon,5,6
Channahon,6,13
Channahon,7,8
Channahon,8,5
Channahon,9,5
Channahon,10,1
Channelview,1,10
Channelview,2,5
Channelview,3,10
Channelview,4,5
Channelview,5,10
Channelview,6,5
Channelview,7,11
Channelview,8,5
Channelview,9,16
Channelview,10,16
Channelview,11,7
Channelview,12,12
Channing,12,3
Chantilly,1,75
Chantilly,2,62
Chantilly,3,51
Chantilly,4,36
Chantilly,5,78
Chantilly,6,78
Chantilly,7,50
Chantilly,8,77
Chantilly,9,87
Chantilly,10,98
Chantilly,11,165
Chantilly,12,110
Chanute,7,1
Chaparral,5,4
Chapel Hill,1,23
Chapel Hill,2,27
Chapel Hill,3,37
Chapel Hill,4,38
Chapel Hill,5,25
Chapel Hill,6,13
Chapel Hill,7,23
Chapel Hill,8,24
Chapel Hill,9,15
Chapel Hill,10,20
Chapel Hill,11,24
Chapel Hill,12,21
Chapin,1,61
Chapin,2,57
Chapin,3,43
Chapin,4,77
Chapin,5,65
Chapin,6,73
Chapin,7,78
Chapin,8,80
Chapin,9,64
Chapin,10,65
Chapin,11,84
Chapin,12,73
Chaplin,4,3
Chaplin,10,2
Chaplin,12,2
Chapman,2,1
Chapmanville,1,3
Chapmanville,3,1
Chapmanville,4,2
Chapmanville,5,2
Chapmanville,6,3
Chapmanville,8,5
Chapmanville,11,1
Chapmanville,12,1
Chappaqua,1,10
Chappaqua,2,14
Chappaqua,3,2
Chappaqua,4,2
Chappaqua,5,4
Chappaqua,6,10
Chappaqua,7,4
Chappaqua,8,1
Chappaqua,9,5
Chappaqua,10,2
Chappaqua,11,9
Chappaqua,12,11
Chappell,1,2
Chappell,2,1
Chappell,3,1
Chappell Hill,4,1
Chappells,1,2
Chappells,2,4
Chappells,3,4
Chappells,4,1
Chappells,5,1
Chappells,7,2
Chappells,8,4
Chappells,9,2
Chappells,10,4
Chappells,11,2
Chappells,12,5
Chaptico,12,1
Chardon,1,6
Chardon,2,5
Chardon,3,1
Chardon,4,2
Chardon,5,1
Chardon,6,2
Chardon,7,1
Chardon,8,2
Chardon,9,1
Chardon,10,2
Chardon,11,1
Chardon,12,3
Chariton,1,4
Chariton,7,1
Chariton,8,4
Chariton,9,1
Chariton,12,2
Charleroi,1,15
Charleroi,2,16
Charleroi,3,8
Charleroi,4,3
Charleroi,5,3
Charleroi,6,8
Charleroi,7,5
Charleroi,9,4
Charleroi,10,1
Charleroi,11,10
Charles City,1,8
Charles City,2,5
Charles City,3,7
Charles City,4,11
Charles City,5,8
Charles City,6,8
Charles City,7,2
Charles City,8,12
Charles City,9,16
Charles City,10,31
Charles City,11,23
Charles City,12,28
Charles Town,1,11
Charles Town,2,5
Charles Town,3,6
Charles Town,4,4
Charles Town,5,5
Charles Town,6,2
Charles Town,7,5
Charles Town,8,4
Charles Town,9,5
Charles Town,10,9
Charles Town,11,7
Charles Town,12,6
Charleston,1,365
Charleston,2,296
Charleston,3,248
Charleston,4,257
Charleston,5,226
Charleston,6,228
Charleston,7,253
Charleston,8,259
Charleston,9,291
Charleston,10,213
Charleston,11,254
Charleston,12,290
Charleston Afb,1,1
Charleston Afb,11,1
Charlestown,1,16
Charlestown,2,19
Charlestown,3,11
Charlestown,4,18
Charlestown,5,22
Charlestown,6,23
Charlestown,7,12
Charlestown,8,9
Charlestown,9,15
Charlestown,10,10
Charlestown,11,17
Charlestown,12,13
Charlevoix,8,1
Charlo,1,6
Charlo,2,1
Charlo,3,3
Charlo,4,4
Charlo,5,1
Charlo,8,2
Charlo,9,5
Charlo,10,5
Charlo,11,4
Charlo,12,4
Charlotte,1,4363
Charlotte,2,3927
Charlotte,3,3486
Charlotte,4,3673
Charlotte,5,3752
Charlotte,6,3201
Charlotte,7,2680
Charlotte,8,2856
Charlotte,9,2914
Charlotte,10,2367
Charlotte,11,3430
Charlotte,12,3857
Charlotte Court House,5,3
Charlotte Court House,7,6
Charlotte Court House,12,5
Charlotte Hall,1,6
Charlotte Hall,2,5
Charlotte Hall,3,2
Charlotte Hall,4,5
Charlotte Hall,5,1
Charlotte Hall,6,5
Charlotte Hall,7,18
Charlotte Hall,8,2
Charlotte Hall,9,3
Charlotte Hall,10,1
Charlotte Hall,11,8
Charlotte Hall,12,9
Charlottesville,1,160
Charlottesville,2,125
Charlottesville,3,100
Charlottesville,4,105
Charlottesville,5,185
Charlottesville,6,115
Charlottesville,7,123
Charlottesville,8,128
Charlottesville,9,124
Charlottesville,10,133
Charlottesville,11,177
Charlottesville,12,205
Charlton,1,3
Charlton,2,4
Charlton,3,1
Charlton,4,2
Charlton,5,1
Charlton,6,1
Charlton,7,1
Charlton,8,4
Charlton,9,1
Charlton,10,3
Charlton,11,4
Charlton,12,1
Chase City,1,13
Chase City,2,11
Chase City,3,5
Chase City,4,14
Chase City,5,10
Chase City,6,3
Chase City,7,9
Chase City,9,5
Chase City,10,1
Chase City,11,7
Chase City,12,16
Chaseley,8,1
Chaska,1,58
Chaska,2,53
Chaska,3,22
Chaska,4,12
Chaska,5,5
Chaska,6,11
Chaska,7,11
Chaska,8,13
Chaska,9,22
Chaska,10,4
Chaska,11,11
Chaska,12,18
Chateaugay,8,6
Chatfield,1,12
Chatfield,2,9
Chatfield,3,7
Chatfield,4,5
Chatfield,5,9
Chatfield,6,9
Chatfield,7,13
Chatfield,8,6
Chatfield,9,2
Chatfield,10,10
Chatfield,11,1
Chatfield,12,21
Chatham,1,18
Chatham,2,15
Chatham,3,22
Chatham,4,3
Chatham,5,9
Chatham,6,11
Chatham,7,18
Chatham,8,20
Chatham,9,22
Chatham,10,8
Chatham,11,34
Chatham,12,13
Chatom,3,2
Chatsworth,1,73
Chatsworth,2,36
Chatsworth,3,37
Chatsworth,4,33
Chatsworth,5,19
Chatsworth,6,28
Chatsworth,7,20
Chatsworth,8,27
Chatsworth,9,17
Chatsworth,10,37
Chatsworth,11,31
Chatsworth,12,62
Chattahoochee,1,22
Chattahoochee,2,3
Chattahoochee,3,14
Chattahoochee,4,15
Chattahoochee,5,7
Chattahoochee,6,11
Chattahoochee,7,16
Chattahoochee,8,9
Chattahoochee,9,16
Chattahoochee,10,9
Chattahoochee,11,11
Chattahoochee,12,8
Chattanooga,1,784
Chattanooga,2,833
Chattanooga,3,575
Chattanooga,4,652
Chattanooga,5,633
Chattanooga,6,689
Chattanooga,7,702
Chattanooga,8,898
Chattanooga,9,605
Chattanooga,10,441
Chattanooga,11,577
Chattanooga,12,620
Chattaroy,3,2
Chattaroy,6,1
Chattaroy,8,1
Chattaroy,9,1
Chattaroy,11,1
Chauvin,1,2
Chazy,12,1
Chebanse,1,1
Chebanse,2,1
Chebanse,3,3
Chebanse,5,3
Chebanse,6,2
Chebanse,7,3
Chebanse,8,1
Chebanse,9,1
Chebanse,11,1
Cheboygan,7,3
Cheboygan,8,2
Cheboygan,9,1
Checotah,1,1
Cheektowaga,5,2
Cheektowaga,6,1
Cheektowaga,12,1
Chehalis,1,9
Chehalis,2,18
Chehalis,3,11
Chehalis,4,8
Chehalis,5,8
Chehalis,6,20
Chehalis,7,14
Chehalis,8,8
Chehalis,9,11
Chehalis,10,8
Chehalis,11,21
Chehalis,12,24
Chelmsford,1,22
Chelmsford,2,20
Chelmsford,3,12
Chelmsford,4,11
Chelmsford,5,19
Chelmsford,6,16
Chelmsford,7,12
Chelmsford,8,16
Chelmsford,9,19
Chelmsford,10,9
Chelmsford,11,12
Chelmsford,12,7
Chelsea,1,22
Chelsea,2,22
Chelsea,3,33
Chelsea,4,17
Chelsea,5,23
Chelsea,6,21
Chelsea,7,24
Chelsea,8,13
Chelsea,9,26
Chelsea,10,20
Chelsea,11,20
Chelsea,12,10
Cheltenham,1,18
Cheltenham,2,4
Cheltenham,3,9
Cheltenham,4,8
Cheltenham,5,3
Cheltenham,6,11
Cheltenham,7,4
Cheltenham,8,8
Cheltenham,9,10
Cheltenham,10,7
Cheltenham,11,14
Cheltenham,12,13
Chemult,1,37
Chemult,2,31
Chemult,3,16
Chemult,4,12
Chemult,5,4
Chemult,6,2
Chemult,7,8
Chemult,8,4
Chemult,9,7
Chemult,10,4
Chemult,11,18
Chemult,12,31
Chemung,3,1
Chenango Forks,1,2
Chenango Forks,5,2
Cheney,1,10
Cheney,2,2
Cheney,3,2
Cheney,6,4
Cheney,7,2
Cheney,8,4
Cheney,11,6
Cheney,12,3
Cheneyville,5,3
Cheneyville,10,1
Cheneyville,12,1
Chenoa,1,2
Chenoa,2,5
Chenoa,3,1
Chenoa,4,2
Chenoa,5,5
Chenoa,7,1
Chenoa,8,3
Chenoa,9,1
Chenoa,12,1
Cheraw,1,22
Cheraw,2,9
Cheraw,3,10
Cheraw,4,4
Cheraw,5,6
Cheraw,6,11
Cheraw,7,15
Cheraw,8,12
Cheraw,9,8
Cheraw,10,13
Cheraw,11,22
Cheraw,12,19
Cherokee,1,4
Cherokee,2,3
Cherokee,3,6
Cherokee,4,1
Cherokee,5,1
Cherokee,6,2
Cherokee,7,3
Cherokee,8,3
Cherokee,9,4
Cherokee,10,3
Cherokee,11,3
Cherokee,12,1
Cherry Creek,10,1
Cherry Hill,1,97
Cherry Hill,2,72
Cherry Hill,3,64
Cherry Hill,4,53
Cherry Hill,5,39
Cherry Hill,6,26
Cherry Hill,7,79
Cherry Hill,8,56
Cherry Hill,9,36
Cherry Hill,10,42
Cherry Hill,11,78
Cherry Hill,12,74
Cherry Log,12,6
Cherry Tree,1,4
Cherry Tree,3,2
Cherry Tree,6,8
Cherry Tree,7,2
Cherry Tree,9,1
Cherry Tree,11,2
Cherry Tree,12,1
Cherry Valley,1,7
Cherry Valley,2,11
Cherry Valley,3,3
Cherry Valley,4,2
Cherry Valley,5,2
Cherry Valley,6,3
Cherry Valley,7,3
Cherry Valley,8,1
Cherry Valley,9,1
Cherry Valley,10,2
Cherry Valley,11,1
Cherry Valley,12,4
Cherryvale,1,1
Cherryvale,3,6
Cherryville,1,8
Cherryville,3,1
Cherryville,4,1
Cherryville,5,1
Cherryville,6,1
Cherryville,7,1
Cherryville,8,5
Cherryville,9,1
Cherryville,10,3
Cherryville,11,1
Chesapeake,1,404
Chesapeake,2,330
Chesapeake,3,234
Chesapeake,4,326
Chesapeake,5,241
Chesapeake,6,286
Chesapeake,7,267
Chesapeake,8,271
Chesapeake,9,264
Chesapeake,10,193
Chesapeake,11,269
Chesapeake,12,323
Chesapeake Beach,7,5
Chesapeake Beach,9,6
Chesapeake City,4,11
Chesapeake City,6,1
Chesapeake City,8,3
Cheshire,1,38
Cheshire,2,23
Cheshire,3,20
Cheshire,4,13
Cheshire,5,22
Cheshire,6,19
Cheshire,7,34
Cheshire,8,36
Cheshire,9,19
Cheshire,10,30
Cheshire,11,20
Cheshire,12,49
Chesnee,1,74
Chesnee,2,47
Chesnee,3,36
Chesnee,4,54
Chesnee,5,31
Chesnee,6,37
Chesnee,7,43
Chesnee,8,36
Chesnee,9,43
Chesnee,10,37
Chesnee,11,43
Chesnee,12,30
Chester,1,330
Chester,2,282
Chester,3,172
Chester,4,181
Chester,5,203
Chester,6,195
Chester,7,156
Chester,8,227
Chester,9,160
Chester,10,175
Chester,11,175
Chester,12,216
Chester Springs,1,27
Chester Springs,2,12
Chester Springs,3,13
Chester Springs,4,16
Chester Springs,5,18
Chester Springs,6,12
Chester Springs,7,13
Chester Springs,8,8
Chester Springs,9,16
Chester Springs,10,6
Chester Springs,11,8
Chester Springs,12,19
Chesterfield,1,154
Chesterfield,2,120
Chesterfield,3,64
Chesterfield,4,108
Chesterfield,5,68
Chesterfield,6,76
Chesterfield,7,58
Chesterfield,8,59
Chesterfield,9,88
Chesterfield,10,64
Chesterfield,11,99
Chesterfield,12,97
Chesterland,2,1
Chesterland,3,1
Chesterland,4,2
Chesterland,7,1
Chesterland,8,1
Chesterland,9,1
Chesterland,11,1
Chesterland,12,1
Chesterton,1,18
Chesterton,2,40
Chesterton,3,8
Chesterton,4,12
Chesterton,5,24
Chesterton,6,33
Chesterton,7,13
Chesterton,8,13
Chesterton,9,33
Chesterton,10,4
Chesterton,11,15
Chesterton,12,28
Chestertown,1,41
Chestertown,2,13
Chestertown,3,4
Chestertown,4,1
Chestertown,5,21
Chestertown,6,11
Chestertown,7,6
Chestertown,8,11
Chestertown,9,20
Chestertown,10,5
Chestertown,11,6
Chestertown,12,11
Chestnut Hill,1,6
Chestnut Hill,2,4
Chestnut Hill,3,2
Chestnut Hill,4,6
Chestnut Hill,5,7
Chestnut Hill,6,7
Chestnut Hill,7,2
Chestnut Hill,8,6
Chestnut Hill,9,13
Chestnut Hill,10,7
Chestnut Hill,11,7
Chestnut Hill,12,2
Chestnutridge,9,1
Cheswick,4,1
Cheswick,5,2
Cheswick,6,1
Cheswick,7,2
Cheswick,8,1
Cheswick,9,3
Cheswick,12,4
Chetek,2,1
Chetopa,6,2
Cheverly,8,2
Cheverly,11,1
Cheverly,12,1
Chevy Chase,1,45
Chevy Chase,2,41
Chevy Chase,3,37
Chevy Chase,4,32
Chevy Chase,5,25
Chevy Chase,6,46
Chevy Chase,7,35
Chevy Chase,8,55
Chevy Chase,9,50
Chevy Chase,10,36
Chevy Chase,11,34
Chevy Chase,12,49
Cheyenne,1,63
Cheyenne,2,5
Cheyenne,3,20
Cheyenne,4,3
Cheyenne,5,2
Cheyenne,6,8
Cheyenne,8,5
Cheyenne,9,3
Cheyenne,10,21
Cheyenne,11,20
Cheyenne,12,17
Cheyenne Wells,12,2
Cheyney,8,1
Cheyney,9,2
Cheyney,11,1
Chicago,1,1034
Chicago,2,1007
Chicago,3,779
Chicago,4,736
Chicago,5,826
Chicago,6,914
Chicago,7,1005
Chicago,8,831
Chicago,9,763
Chicago,10,447
Chicago,11,446
Chicago,12,470
Chicago Heights,1,9
Chicago Heights,2,12
Chicago Heights,3,15
Chicago Heights,4,9
Chicago Heights,5,14
Chicago Heights,6,8
Chicago Heights,7,5
Chicago Heights,8,9
Chicago Heights,9,10
Chicago Heights,10,6
Chicago Heights,11,8
Chicago Heights,12,5
Chicago Ridge,1,4
Chicago Ridge,2,12
Chicago Ridge,3,2
Chicago Ridge,4,1
Chicago Ridge,6,3
Chicago Ridge,7,9
Chicago Ridge,8,8
Chicago Ridge,9,3
Chicago Ridge,11,9
Chicago Ridge,12,5
Chichester,2,1
Chichester,8,1
Chichester,9,1
Chichester,11,1
Chichester,12,2
Chickamauga,2,2
Chickamauga,4,1
Chickasaw,1,1
Chickasaw,3,1
Chickasaw,5,1
Chickasha,2,1
Chico,1,110
Chico,2,79
Chico,3,54
Chico,4,60
Chico,5,52
Chico,6,38
Chico,7,64
Chico,8,42
Chico,9,54
Chico,10,46
Chico,11,77
Chico,12,85
Chicopee,2,3
Chicopee,3,1
Chicopee,5,1
Chicopee,6,2
Chicopee,7,7
Chicopee,8,2
Chicopee,9,1
Chicopee,11,1
Chicopee,12,4
Chidester,1,1
Chidester,2,9
Chidester,3,4
Chidester,4,4
Chidester,7,6
Chidester,8,4
Chidester,12,4
Chiefland,1,9
Chiefland,2,8
Chiefland,3,5
Chiefland,4,8
Chiefland,5,5
Chiefland,6,13
Chiefland,7,5
Chiefland,8,12
Chiefland,9,3
Chiefland,10,10
Chiefland,11,12
Chiefland,12,6
Chilcoot,1,3
Chilcoot,3,1
Chilcoot,7,7
Chilcoot,9,2
Chilcoot,10,1
Chilcoot,11,2
Chilcoot,12,10
Childersburg,3,1
Childersburg,6,1
Childress,1,1
Childress,9,1
Childwold,11,4
Chilhowie,1,13
Chilhowie,2,8
Chilhowie,3,8
Chilhowie,4,2
Chilhowie,5,11
Chilhowie,6,5
Chilhowie,7,6
Chilhowie,8,3
Chilhowie,9,15
Chilhowie,10,10
Chilhowie,11,1
Chilhowie,12,5
Chillicothe,1,17
Chillicothe,2,6
Chillicothe,3,1
Chillicothe,4,1
Chillicothe,5,1
Chillicothe,6,2
Chillicothe,7,2
Chillicothe,8,6
Chillicothe,9,7
Chillicothe,10,5
Chillicothe,11,4
Chillicothe,12,7
Chiloquin,1,93
Chiloquin,2,77
Chiloquin,3,14
Chiloquin,4,38
Chiloquin,5,8
Chiloquin,6,10
Chiloquin,7,21
Chiloquin,8,8
Chiloquin,9,8
Chiloquin,10,13
Chiloquin,11,27
Chiloquin,12,147
Chilton,5,1
Chilton,7,1
Chilton,9,1
Chilton,11,6
Chimacum,2,1
Chimacum,4,1
Chimacum,7,1
Chimayo,1,1
Chimayo,6,2
Chimayo,10,1
China Grove,1,14
China Grove,2,6
China Grove,3,16
China Grove,4,13
China Grove,5,21
China Grove,6,8
China Grove,7,10
China Grove,8,5
China Grove,9,9
China Grove,10,6
China Grove,11,18
China Grove,12,18
Chincoteague,12,4
Chinle,1,2
Chinle,2,5
Chinle,3,1
Chinle,6,1
Chinle,7,6
Chinle,8,3
Chinle,9,7
Chinle,11,2
Chino,1,198
Chino,2,203
Chino,3,144
Chino,4,159
Chino,5,104
Chino,6,126
Chino,7,117
Chino,8,158
Chino,9,167
Chino,10,122
Chino,11,140
Chino,12,134
Chino Hills,1,40
Chino Hills,2,37
Chino Hills,3,24
Chino Hills,4,32
Chino Hills,5,24
Chino Hills,6,17
Chino Hills,7,17
Chino Hills,8,28
Chino Hills,9,23
Chino Hills,10,19
Chino Hills,11,19
Chino Hills,12,18
Chino Valley,1,8
Chino Valley,3,8
Chino Valley,4,10
Chino Valley,5,13
Chino Valley,6,8
Chino Valley,7,3
Chino Valley,8,1
Chino Valley,9,3
Chino Valley,10,16
Chino Valley,11,5
Chino Valley,12,12
Chinook,1,2
Chinook,4,2
Chinook,5,1
Chinook,6,1
Chinook,7,3
Chinook,8,3
Chinook,9,6
Chinook,11,3
Chinook,12,6
Chinquapin,1,2
Chinquapin,6,1
Chinquapin,7,2
Chipley,1,47
Chipley,2,20
Chipley,3,14
Chipley,4,10
Chipley,5,15
Chipley,6,11
Chipley,7,18
Chipley,8,25
Chipley,9,16
Chipley,10,21
Chipley,11,8
Chipley,12,23
Chippewa Falls,1,6
Chippewa Falls,2,7
Chippewa Falls,3,3
Chippewa Falls,4,5
Chippewa Falls,5,4
Chippewa Falls,6,2
Chippewa Falls,7,1
Chippewa Falls,11,3
Chippewa Falls,12,2
Chisago City,1,6
Chisago City,2,6
Chisago City,3,6
Chisago City,4,3
Chisago City,5,4
Chisago City,6,1
Chisago City,7,8
Chisago City,8,3
Chisago City,9,7
Chisago City,10,2
Chisago City,11,1
Chisago City,12,5
Chisholm,1,13
Chisholm,2,9
Chisholm,3,4
Chisholm,4,4
Chisholm,5,1
Chisholm,6,4
Chisholm,7,1
Chisholm,8,1
Chisholm,10,1
Chisholm,11,19
Chisholm,12,9
Chittenango,3,1
Chittenango,4,2
Chittenango,6,1
Chittenango,7,5
Chittenango,8,6
Chittenango,11,1
Chittenango,12,1
Chocowinity,2,5
Chocowinity,5,5
Chocowinity,8,1
Chocowinity,12,4
Choctaw,1,8
Choctaw,2,9
Choctaw,3,6
Choctaw,4,3
Choctaw,5,5
Choctaw,6,6
Choctaw,7,6
Choctaw,8,3
Choctaw,9,1
Choctaw,10,2
Choctaw,11,3
Choctaw,12,2
Chokoloskee,3,1
Choteau,1,1
Choteau,7,1
Choteau,9,3
Choteau,10,1
Choteau,11,6
Choteau,12,3
Choudrant,1,3
Choudrant,4,1
Choudrant,12,1
Chowchilla,1,47
Chowchilla,2,48
Chowchilla,3,27
Chowchilla,4,22
Chowchilla,5,30
Chowchilla,6,29
Chowchilla,7,39
Chowchilla,8,25
Chowchilla,9,40
Chowchilla,10,25
Chowchilla,11,20
Chowchilla,12,60
Chrisney,7,1
Chrisney,8,2
Christiana,1,11
Christiana,2,18
Christiana,3,1
Christiana,4,9
Christiana,5,6
Christiana,6,24
Christiana,7,3
Christiana,8,2
Christiana,9,5
Christiana,10,3
Christiana,11,6
Christiana,12,4
Christiansburg,1,57
Christiansburg,2,19
Christiansburg,3,24
Christiansburg,4,42
Christiansburg,5,35
Christiansburg,6,19
Christiansburg,7,26
Christiansburg,8,25
Christiansburg,9,50
Christiansburg,10,18
Christiansburg,11,32
Christiansburg,12,34
Christine,1,1
Christine,3,1
Christine,9,1
Christine,12,2
Christmas,1,18
Christmas,2,17
Christmas,3,13
Christmas,4,7
Christmas,5,12
Christmas,6,17
Christmas,7,10
Christmas,8,17
Christmas,9,27
Christmas,10,8
Christmas,11,7
Christmas,12,18
Chualar,1,4
Chualar,2,1
Chualar,4,3
Chualar,5,3
Chualar,6,2
Chualar,7,2
Chualar,8,5
Chualar,9,4
Chualar,11,5
Chualar,12,2
Chuckey,1,1
Chuckey,4,1
Chuckey,5,1
Chuckey,7,1
Chuckey,9,2
Chuckey,10,1
Chuckey,11,7
Chugwater,1,3
Chugwater,3,9
Chugwater,9,3
Chugwater,10,2
Chugwater,12,9
Chula,3,3
Chula,4,1
Chula,7,3
Chula,9,1
Chula,12,7
Chula Vista,1,95
Chula Vista,2,77
Chula Vista,3,57
Chula Vista,4,47
Chula Vista,5,35
Chula Vista,6,34
Chula Vista,7,38
Chula Vista,8,56
Chula Vista,9,43
Chula Vista,10,52
Chula Vista,11,50
Chula Vista,12,53
Chuluota,1,3
Chuluota,2,5
Chuluota,5,1
Chuluota,6,1
Chuluota,9,4
Chunchula,4,4
Chunchula,5,3
Chunchula,6,7
Chunchula,7,7
Chunchula,8,1
Chunchula,12,2
Chunky,2,2
Chunky,12,1
Church Creek,1,3
Church Creek,5,7
Church Hill,1,20
Church Hill,2,8
Church Hill,3,1
Church Hill,4,4
Church Hill,5,7
Church Hill,6,4
Church Hill,7,8
Church Hill,8,3
Church Hill,9,7
Church Hill,10,9
Church Hill,11,1
Church Hill,12,3
Church Point,9,1
Church Point,10,2
Church Road,1,10
Church Road,2,4
Church Road,5,1
Church Road,7,5
Church Road,8,2
Church Road,9,1
Church Road,10,1
Church Road,11,1
Church Road,12,2
Church View,2,2
Church View,3,1
Church View,6,1
Church View,7,4
Church View,9,1
Church View,10,2
Church View,11,1
Church View,12,3
Churchs Ferry,3,1
Churchs Ferry,5,1
Churchs Ferry,7,2
Churchton,2,2
Churchville,1,29
Churchville,2,38
Churchville,3,8
Churchville,4,12
Churchville,5,5
Churchville,6,19
Churchville,7,15
Churchville,8,15
Churchville,9,12
Churchville,10,15
Churchville,11,22
Churchville,12,14
Churubusco,1,2
Churubusco,2,3
Churubusco,4,3
Churubusco,7,7
Churubusco,12,6
Cibola,1,6
Cibola,2,9
Cibola,3,3
Cibola,4,9
Cibola,5,6
Cibola,6,12
Cibola,7,17
Cibola,8,5
Cibola,9,11
Cibola,10,8
Cibola,11,8
Cibola,12,6
Cicero,1,18
Cicero,2,2
Cicero,3,3
Cicero,4,12
Cicero,5,8
Cicero,6,3
Cicero,7,17
Cicero,8,8
Cicero,9,14
Cicero,10,7
Cicero,11,13
Cicero,12,2
Cimarron,2,4
Cimarron,3,2
Cimarron,4,1
Cimarron,9,2
Cimarron,12,2
Cincinnati,1,663
Cincinnati,2,256
Cincinnati,3,179
Cincinnati,4,245
Cincinnati,5,239
Cincinnati,6,261
Cincinnati,7,227
Cincinnati,8,365
Cincinnati,9,195
Cincinnati,10,266
Cincinnati,11,607
Cincinnati,12,688
Cincinnatus,2,2
Cincinnatus,6,12
Cinebar,9,1
Cinnaminson,1,5
Cinnaminson,3,1
Cinnaminson,4,3
Cinnaminson,5,4
Cinnaminson,8,3
Cinnaminson,9,3
Cinnaminson,10,10
Circle,1,1
Circle,3,1
Circle,11,6
Circle Pines,1,30
Circle Pines,2,33
Circle Pines,3,13
Circle Pines,4,6
Circle Pines,5,5
Circle Pines,6,5
Circle Pines,7,6
Circle Pines,8,15
Circle Pines,9,7
Circle Pines,10,5
Circle Pines,11,9
Circle Pines,12,43
Circleville,1,13
Circleville,3,1
Circleville,5,2
Circleville,6,9
Circleville,7,2
Circleville,8,2
Circleville,9,2
Circleville,10,6
Circleville,11,12
Circleville,12,7
Cisco,3,2
Cisco,4,4
Cisco,5,1
Cisco,8,3
Cisco,9,12
Cisco,10,3
Cisco,11,5
Cisco,12,14
Citra,1,25
Citra,2,20
Citra,3,7
Citra,4,7
Citra,5,21
Citra,6,18
Citra,7,9
Citra,8,13
Citra,9,17
Citra,10,14
Citra,11,16
Citra,12,72
Citronelle,1,1
Citronelle,2,1
Citronelle,4,2
Citronelle,5,1
Citronelle,6,4
Citronelle,11,1
Citrus Heights,1,48
Citrus Heights,2,43
Citrus Heights,3,40
Citrus Heights,4,34
Citrus Heights,5,44
Citrus Heights,6,30
Citrus Heights,7,48
Citrus Heights,8,45
Citrus Heights,9,47
Citrus Heights,10,59
Citrus Heights,11,68
Citrus Heights,12,43
Citrus Springs,1,4
Citrus Springs,2,1
Citrus Springs,3,2
Citrus Springs,4,3
Citrus Springs,5,2
Citrus Springs,6,2
Citrus Springs,7,2
Citrus Springs,8,3
Citrus Springs,9,4
Citrus Springs,10,2
Citrus Springs,11,2
Citrus Springs,12,5
City Of Industry,1,43
City Of Industry,2,65
City Of Industry,3,47
City Of Industry,4,69
City Of Industry,5,50
City Of Industry,6,79
City Of Industry,7,35
City Of Industry,8,34
City Of Industry,9,55
City Of Industry,10,35
City Of Industry,11,47
City Of Industry,12,38
Clackamas,1,38
Clackamas,2,44
Clackamas,3,25
Clackamas,4,19
Clackamas,5,48
Clackamas,6,31
Clackamas,7,21
Clackamas,8,18
Clackamas,9,31
Clackamas,10,33
Clackamas,11,26
Clackamas,12,53
Clairfield,5,2
Clairton,1,12
Clairton,2,13
Clairton,3,1
Clairton,6,4
Clairton,7,3
Clairton,8,11
Clairton,9,7
Clairton,10,11
Clairton,11,15
Clairton,12,2
Clallam Bay,2,1
Clallam Bay,5,1
Clallam Bay,11,1
Clancy,1,5
Clancy,2,21
Clancy,3,4
Clancy,4,6
Clancy,6,1
Clancy,7,5
Clancy,8,8
Clancy,9,3
Clancy,10,13
Clancy,11,18
Clancy,12,48
Clanton,1,60
Clanton,2,53
Clanton,3,54
Clanton,4,71
Clanton,5,49
Clanton,6,46
Clanton,7,41
Clanton,8,38
Clanton,9,46
Clanton,10,41
Clanton,11,32
Clanton,12,25
Clara City,1,22
Clara City,2,5
Clara City,3,3
Clara City,4,2
Clara City,6,9
Clara City,7,4
Clara City,8,4
Clara City,9,2
Clara City,10,1
Clara City,11,4
Clara City,12,3
Clare,2,2
Clare,4,3
Clare,7,3
Clare,8,3
Clare,9,1
Clare,10,4
Clare,11,13
Claremont,1,128
Claremont,2,137
Claremont,3,80
Claremont,4,61
Claremont,5,78
Claremont,6,69
Claremont,7,57
Claremont,8,57
Claremont,9,55
Claremont,10,55
Claremont,11,74
Claremont,12,90
Claremore,1,1
Claremore,4,1
Claremore,6,1
Clarence,1,1
Clarence,2,2
Clarence,6,1
Clarence,8,3
Clarence,9,1
Clarence,10,1
Clarence,11,1
Clarendon,1,2
Clarendon,4,1
Clarendon,5,6
Clarendon,7,2
Clarendon,8,2
Clarendon,9,3
Clarendon,10,5
Clarendon,11,2
Clarendon,12,1
Clarendon Hills,1,6
Clarendon Hills,2,10
Clarendon Hills,3,2
Clarendon Hills,4,2
Clarendon Hills,5,3
Clarendon Hills,6,4
Clarendon Hills,7,2
Clarendon Hills,8,5
Clarendon Hills,9,5
Clarendon Hills,10,3
Clarendon Hills,11,3
Clarendon Hills,12,3
Clarinda,2,1
Clarington,5,1
Clarington,12,3
Clarion,1,17
Clarion,2,16
Clarion,3,6
Clarion,4,12
Clarion,5,8
Clarion,6,6
Clarion,7,8
Clarion,8,7
Clarion,9,15
Clarion,10,1
Clarion,11,27
Clarion,12,28
Clarissa,1,2
Clarissa,5,1
Clarissa,8,2
Clarissa,12,3
Clark,1,35
Clark,2,36
Clark,3,28
Clark,4,18
Clark,5,20
Clark,6,26
Clark,7,39
Clark,8,23
Clark,9,26
Clark,10,23
Clark,11,23
Clark,12,25
Clark Mills,2,1
Clark Mills,6,1
Clarkdale,6,2
Clarkdale,9,2
Clarkdale,12,3
Clarkesville,1,2
Clarkesville,2,2
Clarkesville,5,3
Clarkesville,7,1
Clarkesville,9,4
Clarkesville,10,4
Clarkesville,11,1
Clarkesville,12,5
Clarkfield,1,8
Clarkfield,2,1
Clarkfield,3,1
Clarkfield,4,1
Clarkfield,6,3
Clarkfield,8,1
Clarkfield,10,5
Clarkfield,12,2
Clarklake,1,5
Clarklake,2,2
Clarklake,6,1
Clarklake,8,8
Clarklake,9,6
Clarklake,11,2
Clarklake,12,1
Clarkrange,3,2
Clarks Grove,1,36
Clarks Grove,2,13
Clarks Grove,3,1
Clarks Grove,4,1
Clarks Grove,5,1
Clarks Grove,6,2
Clarks Grove,7,1
Clarks Grove,10,2
Clarks Grove,12,21
Clarks Hill,1,14
Clarks Hill,2,1
Clarks Hill,3,1
Clarks Hill,4,2
Clarks Hill,5,3
Clarks Hill,6,2
Clarks Hill,7,2
Clarks Hill,9,2
Clarks Hill,10,2
Clarks Hill,11,1
Clarks Hill,12,2
Clarks Mills,3,3
Clarks Summit,1,7
Clarks Summit,2,14
Clarks Summit,3,1
Clarks Summit,4,3
Clarks Summit,5,5
Clarks Summit,6,7
Clarks Summit,8,2
Clarks Summit,9,4
Clarks Summit,12,1
Clarksboro,1,1
Clarksboro,2,2
Clarksboro,3,1
Clarksboro,4,2
Clarksboro,6,3
Clarksboro,7,3
Clarksboro,8,3
Clarksboro,10,2
Clarksboro,11,5
Clarksboro,12,2
Clarksburg,1,35
Clarksburg,2,32
Clarksburg,3,43
Clarksburg,4,18
Clarksburg,5,20
Clarksburg,6,18
Clarksburg,7,41
Clarksburg,8,34
Clarksburg,9,27
Clarksburg,10,31
Clarksburg,11,33
Clarksburg,12,18
Clarkson,3,1
Clarkson,5,2
Clarkson,9,1
Clarkson,10,2
Clarkston,1,72
Clarkston,2,62
Clarkston,3,49
Clarkston,4,66
Clarkston,5,24
Clarkston,6,22
Clarkston,7,25
Clarkston,8,43
Clarkston,9,51
Clarkston,10,18
Clarkston,11,53
Clarkston,12,69
Clarksville,1,79
Clarksville,2,54
Clarksville,3,44
Clarksville,4,46
Clarksville,5,38
Clarksville,6,25
Clarksville,7,70
Clarksville,8,40
Clarksville,9,24
Clarksville,10,24
Clarksville,11,96
Clarksville,12,73
Clarkton,4,8
Clarkton,5,1
Clarkton,6,5
Clarkton,9,2
Claryville,4,1
Clatskanie,1,25
Clatskanie,2,19
Clatskanie,3,9
Clatskanie,4,5
Clatskanie,5,11
Clatskanie,6,12
Clatskanie,7,19
Clatskanie,8,18
Clatskanie,9,19
Clatskanie,10,17
Clatskanie,11,7
Clatskanie,12,35
Claude,1,1
Claude,2,1
Claude,3,2
Claude,4,1
Claudville,2,3
Claudville,3,1
Claudville,5,4
Claudville,12,3
Claverack,3,1
Claverack,5,1
Claverack,6,1
Claverack,7,1
Claverack,9,1
Claverack,10,1
Claverack,11,6
Claverack,12,4
Claxton,3,1
Claxton,9,3
Claxton,10,3
Claxton,12,5
Clay,4,11
Clay,5,7
Clay,7,3
Clay,8,11
Clay,9,7
Clay,10,3
Clay,12,5
Clay City,7,1
Claymont,1,32
Claymont,2,17
Claymont,3,23
Claymont,4,12
Claymont,5,20
Claymont,6,23
Claymont,7,21
Claymont,8,17
Claymont,9,19
Claymont,10,12
Claymont,11,17
Claymont,12,14
Claypool,5,2
Claypool,8,1
Claypool,10,7
Claysburg,1,11
Claysburg,2,11
Claysburg,4,4
Claysburg,5,6
Claysburg,6,3
Claysburg,7,2
Claysburg,8,1
Claysburg,9,8
Claysburg,10,7
Claysburg,11,3
Claysville,1,10
Claysville,2,13
Claysville,3,1
Claysville,4,2
Claysville,5,14
Claysville,6,4
Claysville,7,5
Claysville,10,3
Claysville,11,11
Claysville,12,2
Clayton,1,61
Clayton,2,36
Clayton,3,17
Clayton,4,46
Clayton,5,42
Clayton,6,18
Clayton,7,29
Clayton,8,26
Clayton,9,41
Clayton,10,13
Clayton,11,41
Clayton,12,51
Clayville,1,4
Clayville,3,1
Clayville,7,1
Cle Elum,1,6
Cle Elum,3,4
Cle Elum,4,5
Cle Elum,5,7
Cle Elum,6,5
Cle Elum,7,10
Cle Elum,8,15
Cle Elum,10,7
Cle Elum,11,17
Cle Elum,12,68
Clear Brook,1,10
Clear Brook,2,13
Clear Brook,3,9
Clear Brook,4,3
Clear Brook,5,11
Clear Brook,6,17
Clear Brook,7,11
Clear Brook,8,15
Clear Brook,9,6
Clear Brook,10,7
Clear Brook,11,13
Clear Brook,12,13
Clear Lake,1,17
Clear Lake,2,12
Clear Lake,3,5
Clear Lake,4,3
Clear Lake,5,8
Clear Lake,6,6
Clear Lake,7,3
Clear Lake,8,5
Clear Lake,9,7
Clear Lake,10,4
Clear Lake,11,10
Clear Lake,12,11
Clear Spring,1,8
Clear Spring,2,9
Clear Spring,3,4
Clear Spring,4,6
Clear Spring,5,9
Clear Spring,6,6
Clear Spring,7,22
Clear Spring,8,22
Clear Spring,9,3
Clear Spring,10,2
Clear Spring,11,3
Clear Spring,12,17
Clearbrook,11,1
Clearfield,1,124
Clearfield,2,141
Clearfield,3,55
Clearfield,4,64
Clearfield,5,69
Clearfield,6,87
Clearfield,7,76
Clearfield,8,105
Clearfield,9,69
Clearfield,10,72
Clearfield,11,87
Clearfield,12,126
Clearlake,1,15
Clearlake,2,6
Clearlake,3,2
Clearlake,4,6
Clearlake,5,3
Clearlake,6,1
Clearlake,7,6
Clearlake,8,7
Clearlake,9,9
Clearlake,10,6
Clearlake,11,2
Clearlake,12,6
Clearlake Oaks,1,31
Clearlake Oaks,2,19
Clearlake Oaks,3,22
Clearlake Oaks,4,17
Clearlake Oaks,5,13
Clearlake Oaks,6,14
Clearlake Oaks,7,21
Clearlake Oaks,8,15
Clearlake Oaks,9,23
Clearlake Oaks,10,27
Clearlake Oaks,11,22
Clearlake Oaks,12,24
Clearville,2,6
Clearville,3,2
Clearville,4,1
Clearville,10,2
Clearwater,1,416
Clearwater,2,416
Clearwater,3,278
Clearwater,4,269
Clearwater,5,265
Clearwater,6,316
Clearwater,7,252
Clearwater,8,350
Clearwater,9,279
Clearwater,10,198
Clearwater,11,273
Clearwater,12,239
Clearwater Beach,1,3
Clearwater Beach,2,9
Clearwater Beach,3,6
Clearwater Beach,4,6
Clearwater Beach,5,9
Clearwater Beach,6,7
Clearwater Beach,7,11
Clearwater Beach,8,11
Clearwater Beach,9,3
Clearwater Beach,10,1
Clearwater Beach,12,2
Cleburne,7,1
Cleburne,9,1
Cleburne,11,1
Cleburne,12,1
Clementon,1,8
Clementon,2,3
Clementon,3,6
Clementon,5,3
Clementon,6,7
Clementon,7,5
Clementon,9,1
Clementon,10,2
Clementon,11,4
Clementon,12,9
Clements,1,13
Clements,2,4
Clements,3,2
Clements,4,5
Clements,5,2
Clements,6,10
Clements,7,1
Clements,8,9
Clements,9,2
Clements,10,2
Clements,11,6
Clements,12,5
Clemmons,1,3
Clemmons,2,17
Clemmons,3,4
Clemmons,4,4
Clemmons,5,2
Clemmons,7,1
Clemmons,8,9
Clemmons,9,9
Clemmons,10,4
Clemmons,11,5
Clemmons,12,6
Clemons,9,1
Clemson,1,7
Clemson,2,18
Clemson,3,8
Clemson,4,9
Clemson,5,15
Clemson,6,5
Clemson,7,1
Clemson,8,14
Clemson,9,12
Clemson,10,5
Clemson,11,11
Clemson,12,2
Clendenin,1,5
Clendenin,2,4
Clendenin,3,6
Clendenin,4,3
Clendenin,5,1
Clendenin,6,1
Clendenin,7,5
Clendenin,8,5
Clendenin,9,7
Clendenin,10,5
Clendenin,11,5
Cleona,1,5
Cleona,4,1
Cleona,6,1
Cleona,7,1
Cleona,9,1
Cleona,10,2
Clermont,1,124
Clermont,2,99
Clermont,3,52
Clermont,4,52
Clermont,5,61
Clermont,6,65
Clermont,7,97
Clermont,8,58
Clermont,9,75
Clermont,10,70
Clermont,11,108
Clermont,12,94
Cleveland,1,639
Cleveland,2,320
Cleveland,3,240
Cleveland,4,333
Cleveland,5,229
Cleveland,6,236
Cleveland,7,257
Cleveland,8,273
Cleveland,9,200
Cleveland,10,207
Cleveland,11,505
Cleveland,12,410
Cleveland Heights,8,1
Cleveland Heights,11,1
Cleves,1,10
Cleves,2,7
Cleves,3,1
Cleves,4,10
Cleves,5,7
Cleves,6,2
Cleves,7,3
Cleves,8,6
Cleves,9,2
Cleves,10,8
Cleves,11,25
Cleves,12,14
Clewiston,1,14
Clewiston,2,7
Clewiston,3,7
Clewiston,4,4
Clewiston,5,5
Clewiston,6,8
Clewiston,7,3
Clewiston,8,4
Clewiston,9,7
Clewiston,10,1
Clewiston,11,6
Clewiston,12,8
Cliffwood,3,1
Cliffwood,5,1
Cliffwood,6,2
Cliffwood,10,2
Cliffwood,12,2
Clifton,1,105
Clifton,2,119
Clifton,3,70
Clifton,4,82
Clifton,5,96
Clifton,6,94
Clifton,7,69
Clifton,8,145
Clifton,9,141
Clifton,10,124
Clifton,11,65
Clifton,12,79
Clifton Forge,1,20
Clifton Forge,2,3
Clifton Forge,4,12
Clifton Forge,5,9
Clifton Forge,6,7
Clifton Forge,7,7
Clifton Forge,8,11
Clifton Forge,9,3
Clifton Forge,12,6
Clifton Heights,1,4
Clifton Heights,2,1
Clifton Heights,3,1
Clifton Heights,4,2
Clifton Heights,5,2
Clifton Heights,6,1
Clifton Heights,7,2
Clifton Heights,8,1
Clifton Heights,9,2
Clifton Heights,10,1
Clifton Heights,11,9
Clifton Heights,12,3
Clifton Park,1,68
Clifton Park,2,101
Clifton Park,3,38
Clifton Park,4,59
Clifton Park,5,35
Clifton Park,6,74
Clifton Park,7,64
Clifton Park,8,48
Clifton Park,9,64
Clifton Park,10,45
Clifton Park,11,75
Clifton Park,12,63
Clifton Springs,1,2
Clifton Springs,2,12
Clifton Springs,3,9
Clifton Springs,4,6
Clifton Springs,5,3
Clifton Springs,6,4
Clifton Springs,7,13
Clifton Springs,8,10
Clifton Springs,9,6
Clifton Springs,10,6
Clifton Springs,11,9
Clifton Springs,12,17
Climax,1,11
Climax,2,8
Climax,3,4
Climax,4,5
Climax,5,5
Climax,6,9
Climax,7,3
Climax,8,8
Climax,9,3
Climax,10,1
Climax,11,9
Climax,12,5
Clinchco,1,3
Clinchco,4,3
Clinchco,5,5
Clinchco,11,1
Clint,1,2
Clint,2,6
Clint,3,9
Clint,4,3
Clint,6,4
Clint,7,5
Clint,8,3
Clint,9,5
Clint,10,1
Clint,12,2
Clinton,1,244
Clinton,2,191
Clinton,3,125
Clinton,4,110
Clinton,5,97
Clinton,6,130
Clinton,7,141
Clinton,8,141
Clinton,9,128
Clinton,10,133
Clinton,11,195
Clinton,12,298
Clinton Corners,1,7
Clinton Corners,2,14
Clinton Corners,3,5
Clinton Corners,4,2
Clinton Corners,5,3
Clinton Corners,6,11
Clinton Corners,7,8
Clinton Corners,8,10
Clinton Corners,9,6
Clinton Corners,10,6
Clinton Corners,11,17
Clinton Corners,12,5
Clinton Township,1,8
Clinton Township,2,14
Clinton Township,3,6
Clinton Township,4,9
Clinton Township,5,17
Clinton Township,6,10
Clinton Township,7,15
Clinton Township,8,12
Clinton Township,9,20
Clinton Township,10,8
Clinton Township,11,12
Clinton Township,12,10
Clintondale,4,1
Clintondale,8,1
Clintondale,10,1
Clintonville,1,1
Clintonville,8,1
Clintonville,9,2
Clintwood,1,3
Clintwood,2,1
Clintwood,7,1
Clio,1,83
Clio,2,58
Clio,3,23
Clio,4,19
Clio,5,29
Clio,6,38
Clio,7,51
Clio,8,18
Clio,9,31
Clio,10,16
Clio,11,58
Clio,12,57
Clipper Mills,3,1
Clipper Mills,5,1
Clipper Mills,8,1
Clipper Mills,12,2
Clitherall,1,1
Clitherall,2,1
Clitherall,6,3
Clitherall,7,3
Clitherall,10,1
Clitherall,12,1
Clive,1,20
Clive,2,25
Clive,3,5
Clive,4,10
Clive,5,4
Clive,6,10
Clive,7,4
Clive,8,11
Clive,10,1
Clive,11,7
Clive,12,30
Cloquet,1,6
Cloquet,2,3
Cloquet,3,3
Cloquet,4,8
Cloquet,5,2
Cloquet,6,8
Cloquet,7,3
Cloquet,8,6
Cloquet,9,11
Cloquet,10,12
Cloquet,11,13
Cloquet,12,21
Closter,1,1
Clover,1,85
Clover,2,66
Clover,3,40
Clover,4,47
Clover,5,39
Clover,6,56
Clover,7,32
Clover,8,60
Clover,9,44
Clover,10,27
Clover,11,52
Clover,12,63
Cloverdale,1,72
Cloverdale,2,57
Cloverdale,3,53
Cloverdale,4,28
Cloverdale,5,41
Cloverdale,6,47
Cloverdale,7,22
Cloverdale,8,55
Cloverdale,9,51
Cloverdale,10,23
Cloverdale,11,36
Cloverdale,12,28
Clovis,1,116
Clovis,2,58
Clovis,3,47
Clovis,4,39
Clovis,5,39
Clovis,6,39
Clovis,7,43
Clovis,8,50
Clovis,9,37
Clovis,10,36
Clovis,11,27
Clovis,12,68
Clute,7,2
Clute,8,1
Clute,10,3
Clyde,1,40
Clyde,2,29
Clyde,3,20
Clyde,4,20
Clyde,5,25
Clyde,6,32
Clyde,7,28
Clyde,8,33
Clyde,9,31
Clyde,10,15
Clyde,11,34
Clyde,12,41
Clymer,4,2
Clymer,5,3
Clymer,10,12
Clymer,12,3
Coahoma,9,2
Coal Center,1,2
Coal Center,5,3
Coal Center,8,2
Coal Center,11,2
Coal City,3,1
Coal City,5,1
Coal City,7,2
Coal City,11,1
Coal Township,1,9
Coal Township,2,3
Coal Township,3,5
Coal Township,4,2
Coal Township,5,1
Coal Township,6,8
Coal Township,7,5
Coal Township,8,8
Coal Township,10,10
Coal Township,11,9
Coal Township,12,5
Coal Twp,2,3
Coal Twp,3,1
Coal Twp,7,1
Coal Twp,10,1
Coal Twp,11,3
Coal Valley,6,1
Coal Valley,7,1
Coaldale,12,1
Coaling,1,2
Coaling,2,3
Coaling,6,1
Coaling,8,1
Coaling,9,2
Coaling,12,2
Coalinga,1,49
Coalinga,2,37
Coalinga,3,24
Coalinga,4,19
Coalinga,5,21
Coalinga,6,25
Coalinga,7,36
Coalinga,8,28
Coalinga,9,24
Coalinga,10,30
Coalinga,11,36
Coalinga,12,65
Coalmont,2,2
Coalmont,4,1
Coalmont,7,7
Coalmont,10,1
Coalmont,12,1
Coalport,1,5
Coalport,2,2
Coalport,3,1
Coalport,4,8
Coalport,5,1
Coalport,6,2
Coalport,7,2
Coalport,8,6
Coalport,9,24
Coalport,10,8
Coalport,11,7
Coalport,12,1
Coalville,1,52
Coalville,2,36
Coalville,3,22
Coalville,4,27
Coalville,5,7
Coalville,6,46
Coalville,7,32
Coalville,8,26
Coalville,9,8
Coalville,10,19
Coalville,11,57
Coalville,12,75
Coarsegold,1,53
Coarsegold,2,41
Coarsegold,3,19
Coarsegold,4,25
Coarsegold,5,19
Coarsegold,6,23
Coarsegold,7,31
Coarsegold,8,16
Coarsegold,9,29
Coarsegold,10,21
Coarsegold,11,33
Coarsegold,12,47
Coatesville,1,106
Coatesville,2,98
Coatesville,3,33
Coatesville,4,49
Coatesville,5,55
Coatesville,6,33
Coatesville,7,55
Coatesville,8,45
Coatesville,9,54
Coatesville,10,45
Coatesville,11,58
Coatesville,12,88
Coats,2,1
Coats,3,3
Coats,11,7
Cobalt,11,4
Cobb,1,7
Cobb,3,3
Cobb,4,5
Cobb,7,1
Cobb,8,6
Cobb,9,1
Cobb,10,1
Cobb,11,1
Cobb,12,8
Cobbs Creek,2,3
Cobbs Creek,9,2
Cobbs Creek,10,4
Cobbtown,1,10
Cobbtown,2,1
Cobbtown,8,4
Cobleskill,2,5
Cobleskill,7,1
Cobleskill,12,2
Cochecton,6,2
Cochecton,11,1
Cochise,1,1
Cochise,2,2
Cochise,3,3
Cochise,5,2
Cochise,6,1
Cochise,7,3
Cochise,11,1
Cochran,1,1
Cochran,2,2
Cochran,3,1
Cochran,8,1
Cochran,11,3
Cochran,12,5
Cochranton,1,2
Cochranton,6,1
Cochranton,7,5
Cochranton,8,2
Cochranville,1,8
Cochranville,2,12
Cochranville,3,2
Cochranville,4,3
Cochranville,5,8
Cochranville,6,4
Cochranville,7,2
Cochranville,8,5
Cochranville,9,4
Cochranville,10,5
Cochranville,11,6
Cochranville,12,3
Cockeysville,1,13
Cockeysville,2,17
Cockeysville,3,7
Cockeysville,4,25
Cockeysville,5,6
Cockeysville,6,21
Cockeysville,7,11
Cockeysville,8,10
Cockeysville,9,6
Cockeysville,10,8
Cockeysville,11,15
Cockeysville,12,12
Cocoa,1,122
Cocoa,2,118
Cocoa,3,55
Cocoa,4,73
Cocoa,5,121
Cocoa,6,71
Cocoa,7,85
Cocoa,8,87
Cocoa,9,78
Cocoa,10,57
Cocoa,11,93
Cocoa,12,104
Cocoa Beach,1,4
Cocoa Beach,2,2
Cocoa Beach,3,1
Cocoa Beach,4,2
Cocoa Beach,5,6
Cocoa Beach,6,13
Cocoa Beach,7,1
Cocoa Beach,9,2
Cocoa Beach,10,1
Cocoa Beach,12,1
Cocoa-Rockledge,2,1
Cocoa-Rockledge,4,1
Cocoa-Rockledge,5,1
Cocoa-Rockledge,8,1
Cocolamus,1,2
Cocolamus,3,1
Cocolamus,5,3
Cocolamus,10,5
Cocolamus,11,3
Coconut Creek,2,5
Coconut Creek,3,3
Coconut Creek,8,1
Coconut Creek,10,4
Coconut Creek,11,2
Coconut Creek,12,1
Coden,3,3
Coden,6,2
Coden,8,1
Coden,11,1
Cody,11,3
Codyville Plt,1,1
Coeburn,1,7
Coeburn,2,2
Coeburn,3,1
Coeburn,4,1
Coeburn,7,6
Coeburn,8,1
Coeburn,9,1
Coeburn,12,3
Coeur D Alene,2,9
Coeur D Alene,4,4
Coeur D Alene,6,5
Coeur D Alene,7,7
Coeur D Alene,9,7
Coeur D Alene,10,5
Coeur D Alene,11,3
Coeur D Alene,12,5
Coeymans Hollow,2,1
Coeymans Hollow,8,1
Coeymans Hollow,9,2
Coeymans Hollow,10,2
Coffee Creek,8,1
Coffee Creek,11,3
Coffeeville,2,3
Cofield,9,3
Cogan Station,1,14
Cogan Station,2,8
Cogan Station,3,3
Cogan Station,4,4
Cogan Station,5,3
Cogan Station,6,7
Cogan Station,7,7
Cogan Station,9,4
Cogan Station,10,4
Cogan Station,11,6
Cogan Station,12,3
Cogswell,8,2
Cogswell,10,1
Cohagen,8,1
Cohagen,9,2
Cohagen,10,1
Cohagen,12,6
Cohasset,1,7
Cohasset,2,6
Cohasset,3,4
Cohasset,4,1
Cohasset,5,3
Cohasset,6,5
Cohasset,7,2
Cohasset,8,4
Cohasset,10,7
Cohasset,11,4
Cohasset,12,13
Cohocton,2,2
Cohocton,12,1
Cohoes,1,12
Cohoes,2,11
Cohoes,3,5
Cohoes,4,4
Cohoes,5,3
Cohoes,6,12
Cohoes,7,7
Cohoes,8,21
Cohoes,9,5
Cohoes,10,12
Cohoes,11,23
Cohoes,12,13
Coinjock,1,1
Cokato,1,6
Cokato,2,3
Cokato,3,2
Cokato,6,3
Cokato,7,2
Cokato,9,5
Cokato,10,6
Cokato,11,2
Cokeburg,12,1
Coker,1,2
Coker,2,6
Coker,5,3
Coker,6,4
Coker,7,6
Coker,8,5
Coker,9,3
Coker,10,3
Coker,11,5
Coker,12,10
Cokeville,2,2
Colbert,1,2
Colbert,2,1
Colbert,4,2
Colbert,7,1
Colbert,10,2
Colbert,11,2
Colbert,12,2
Colby,2,2
Colby,4,1
Colby,9,1
Colchester,1,15
Colchester,2,5
Colchester,3,1
Colchester,4,6
Colchester,5,4
Colchester,6,5
Colchester,8,4
Colchester,9,2
Colchester,10,1
Colchester,11,7
Colchester,12,2
Cold Spring,1,11
Cold Spring,2,10
Cold Spring,3,6
Cold Spring,4,8
Cold Spring,5,2
Cold Spring,6,7
Cold Spring,7,5
Cold Spring,8,4
Cold Spring,9,5
Cold Spring,10,13
Cold Spring,11,7
Cold Spring,12,22
Cold Spring Harbor,5,1
Cold Spring Harbor,8,1
Cold Spring Harbor,10,2
Coldwater,2,2
Coldwater,3,13
Coldwater,4,1
Coldwater,6,1
Coldwater,7,1
Coldwater,8,4
Coldwater,9,7
Coldwater,10,3
Coldwater,11,1
Coldwater,12,6
Colebrook,2,2
Colebrook,7,1
Colebrook,10,1
Colebrook,11,2
Colebrook,12,2
Coleharbor,7,1
Coleman,1,2
Coleman,2,7
Coleman,3,4
Coleman,4,12
Coleman,5,3
Coleman,6,2
Coleman,7,3
Coleman,8,3
Coleman,9,3
Coleman,10,5
Coleman,11,7
Coleman,12,2
Coleman Falls,6,3
Colerain,1,3
Coleraine,1,1
Coleraine,2,2
Coleraine,5,1
Coleraine,8,1
Coleraine,10,1
Coleraine,11,4
Coleraine,12,2
Coleridge,7,1
Coleridge,11,1
Coleville,1,12
Coleville,2,11
Coleville,3,9
Coleville,4,4
Coleville,5,12
Coleville,6,3
Coleville,7,11
Coleville,8,11
Coleville,9,10
Coleville,10,17
Coleville,11,10
Coleville,12,26
Colfax,1,101
Colfax,2,62
Colfax,3,45
Colfax,4,33
Colfax,5,40
Colfax,6,45
Colfax,7,53
Colfax,8,31
Colfax,9,43
Colfax,10,8
Colfax,11,36
Colfax,12,54
Collbran,11,1
College Grove,3,2
College Grove,4,1
College Grove,6,1
College Grove,10,1
College Grove,11,9
College Grove,12,1
College Park,1,49
College Park,2,48
College Park,3,34
College Park,4,57
College Park,5,32
College Park,6,34
College Park,7,24
College Park,8,20
College Park,9,58
College Park,10,32
College Park,11,54
College Park,12,34
College Point,1,3
College Point,2,2
College Point,3,5
College Point,4,3
College Point,5,10
College Point,6,8
College Point,7,1
College Point,8,12
College Point,9,3
College Point,10,8
College Point,11,4
College Station,2,1
College Station,3,1
College Station,7,1
College Station,8,1
College Station,10,1
College Station,11,1
Collegeville,1,71
Collegeville,2,76
Collegeville,3,25
Collegeville,4,40
Collegeville,5,42
Collegeville,6,40
Collegeville,7,42
Collegeville,8,38
Collegeville,9,43
Collegeville,10,41
Collegeville,11,42
Collegeville,12,64
Colleyville,1,1
Colleyville,7,3
Colleyville,9,1
Colleyville,12,2
Collierville,1,3
Collierville,2,5
Collierville,3,2
Collierville,4,1
Collierville,5,5
Collierville,6,3
Collierville,7,2
Collierville,8,4
Collierville,9,4
Collierville,10,6
Collierville,12,2
Collingdale,1,1
Collingswood,1,2
Collingswood,2,3
Collingswood,3,1
Collingswood,5,2
Collingswood,6,2
Collingswood,7,1
Collingswood,8,2
Collingswood,9,1
Collingswood,10,5
Collingswood,11,3
Collingswood,12,1
Collins,1,4
Collins,2,1
Collins,3,2
Collins,4,1
Collins,5,3
Collins,6,3
Collins,8,1
Collins,11,2
Collins,12,5
Collinston,1,2
Collinston,2,2
Collinston,4,1
Collinston,5,1
Collinston,6,1
Collinston,7,3
Collinston,8,2
Collinston,9,4
Collinston,11,2
Collinston,12,1
Collinsville,1,26
Collinsville,2,16
Collinsville,3,13
Collinsville,4,8
Collinsville,5,20
Collinsville,6,15
Collinsville,7,26
Collinsville,8,19
Collinsville,9,8
Collinsville,10,8
Collinsville,11,7
Collinsville,12,15
Colma,3,1
Colma,4,1
Colma,6,1
Colma,11,3
Colma,12,2
Colmar,1,26
Colmar,2,7
Colmar,3,8
Colmar,4,12
Colmar,5,4
Colmar,6,7
Colmar,7,9
Colmar,8,8
Colmar,9,16
Colmar,10,9
Colmar,11,11
Colmar,12,11
Colmesneil,9,1
Colo,1,3
Cologne,1,4
Cologne,2,7
Cologne,3,6
Cologne,6,1
Cologne,9,4
Cologne,10,2
Cologne,11,1
Cologne,12,7
Coloma,1,7
Coloma,2,25
Coloma,3,4
Coloma,4,7
Coloma,6,4
Coloma,8,7
Coloma,9,9
Coloma,11,1
Coloma,12,2
Colona,1,3
Colona,2,3
Colona,3,1
Colona,4,3
Colona,5,9
Colona,6,2
Colona,7,3
Colona,9,2
Colona,10,1
Colonia,1,17
Colonia,2,16
Colonia,3,5
Colonia,4,6
Colonia,5,9
Colonia,6,9
Colonia,7,12
Colonia,8,6
Colonia,9,3
Colonia,10,8
Colonia,11,6
Colonia,12,14
Colonial Beach,1,6
Colonial Beach,2,1
Colonial Beach,3,2
Colonial Beach,5,1
Colonial Beach,6,5
Colonial Beach,8,11
Colonial Beach,9,13
Colonial Beach,10,7
Colonial Beach,11,4
Colonial Beach,12,2
Colonial Heights,1,86
Colonial Heights,2,40
Colonial Heights,3,37
Colonial Heights,4,63
Colonial Heights,5,36
Colonial Heights,6,27
Colonial Heights,7,38
Colonial Heights,8,54
Colonial Heights,9,50
Colonial Heights,10,36
Colonial Heights,11,51
Colonial Heights,12,54
Colonie,1,1
Colonie,2,2
Colonie,3,2
Colonie,11,1
Colonie,12,1
Colora,7,2
Colorado City,1,5
Colorado City,2,5
Colorado City,3,12
Colorado City,4,3
Colorado City,5,2
Colorado City,6,2
Colorado City,7,2
Colorado City,9,6
Colorado City,10,2
Colorado City,11,3
Colorado City,12,2
Colorado Springs,1,103
Colorado Springs,2,155
Colorado Springs,3,127
Colorado Springs,4,157
Colorado Springs,5,92
Colorado Springs,6,122
Colorado Springs,7,119
Colorado Springs,8,128
Colorado Springs,9,128
Colorado Springs,10,134
Colorado Springs,11,132
Colorado Springs,12,134
Colquitt,5,2
Colquitt,9,4
Colstrip,5,1
Colstrip,8,2
Colstrip,10,1
Colton,1,331
Colton,2,357
Colton,3,190
Colton,4,213
Colton,5,182
Colton,6,181
Colton,7,167
Colton,8,183
Colton,9,218
Colton,10,154
Colton,11,182
Colton,12,192
Colts Neck,1,6
Colts Neck,2,7
Colts Neck,4,3
Colts Neck,5,4
Colts Neck,6,2
Colts Neck,7,3
Colts Neck,8,2
Colts Neck,9,8
Colts Neck,10,3
Colts Neck,11,7
Colts Neck,12,3
Columbia,1,1432
Columbia,2,1162
Columbia,3,840
Columbia,4,907
Columbia,5,923
Columbia,6,1018
Columbia,7,878
Columbia,8,892
Columbia,9,839
Columbia,10,659
Columbia,11,1037
Columbia,12,1368
Columbia City,1,6
Columbia City,2,1
Columbia City,3,5
Columbia City,4,3
Columbia City,6,3
Columbia City,11,1
Columbia City,12,6
Columbia Cross Roads,1,4
Columbia Cross Roads,2,1
Columbia Cross Roads,3,2
Columbia Cross Roads,4,2
Columbia Falls,1,25
Columbia Falls,2,14
Columbia Falls,3,14
Columbia Falls,4,3
Columbia Falls,6,2
Columbia Falls,7,12
Columbia Falls,8,24
Columbia Falls,9,13
Columbia Falls,10,10
Columbia Falls,11,19
Columbia Falls,12,33
Columbia Station,1,1
Columbia Station,4,2
Columbia Station,9,1
Columbia Station,12,2
Columbiana,1,2
Columbiana,4,1
Columbiana,6,2
Columbiana,9,1
Columbiana,11,1
Columbiana,12,7
Columbiaville,1,3
Columbiaville,2,1
Columbiaville,8,1
Columbus,1,757
Columbus,2,482
Columbus,3,363
Columbus,4,469
Columbus,5,357
Columbus,6,351
Columbus,7,356
Columbus,8,517
Columbus,9,372
Columbus,10,354
Columbus,11,805
Columbus,12,1098
Columbus Grove,1,1
Columbus Grove,3,1
Columbus Junction,1,2
Columbus Junction,5,1
Columbus Junction,8,4
Colusa,1,25
Colusa,2,21
Colusa,3,15
Colusa,4,7
Colusa,5,13
Colusa,6,4
Colusa,7,12
Colusa,8,14
Colusa,9,16
Colusa,10,9
Colusa,11,13
Colusa,12,19
Colver,10,2
Colville,6,1
Colville,7,1
Colwich,5,6
Comanche,1,2
Comanche,5,1
Comanche,6,1
Comanche,7,1
Comanche,8,1
Comanche,11,2
Comer,11,2
Comer,12,2
Comfort,2,1
Comfort,6,1
Comfort,8,4
Comfort,10,1
Comfrey,1,2
Comfrey,9,1
Commack,1,20
Commack,2,23
Commack,3,16
Commack,4,16
Commack,5,21
Commack,6,30
Commack,7,21
Commack,8,20
Commack,9,36
Commack,10,21
Commack,11,10
Commack,12,12
Commerce,1,64
Commerce,2,78
Commerce,3,48
Commerce,4,56
Commerce,5,96
Commerce,6,23
Commerce,7,36
Commerce,8,44
Commerce,9,26
Commerce,10,66
Commerce,11,45
Commerce,12,89
Commerce City,1,26
Commerce City,2,38
Commerce City,3,22
Commerce City,4,19
Commerce City,5,9
Commerce City,6,22
Commerce City,7,17
Commerce City,8,33
Commerce City,9,21
Commerce City,10,19
Commerce City,11,17
Commerce City,12,20
Commodore,5,5
Commodore,9,3
Como,1,1
Comptche,1,2
Comptche,2,4
Comptche,4,3
Comptche,5,3
Comptche,6,5
Comptche,8,5
Comptche,9,2
Comptche,10,3
Comptche,11,1
Comptche,12,5
Compton,1,252
Compton,2,261
Compton,3,203
Compton,4,156
Compton,5,118
Compton,6,137
Compton,7,158
Compton,8,137
Compton,9,220
Compton,10,102
Compton,11,153
Compton,12,247
Comstock,4,2
Comstock,8,2
Comstock,10,1
Comstock Park,1,16
Comstock Park,2,16
Comstock Park,3,10
Comstock Park,4,5
Comstock Park,5,13
Comstock Park,6,10
Comstock Park,7,9
Comstock Park,8,12
Comstock Park,9,9
Comstock Park,10,10
Comstock Park,11,25
Comstock Park,12,13
Concan,11,1
Concho,1,2
Concho,2,4
Concho,3,2
Concho,4,3
Concho,5,2
Concho,6,3
Concho,7,7
Concho,8,4
Concho,9,8
Concho,10,1
Concho,11,1
Concho,12,5
Concord,1,207
Concord,2,242
Concord,3,196
Concord,4,155
Concord,5,151
Concord,6,145
Concord,7,162
Concord,8,162
Concord,9,132
Concord,10,104
Concord,11,132
Concord,12,135
Concord Twp,12,1
Concordia,1,7
Concordia,2,2
Concordia,3,11
Concordia,5,2
Concordia,6,4
Concordia,7,4
Concordia,11,3
Concrete,3,1
Concrete,5,7
Concrete,6,4
Concrete,7,2
Condon,1,7
Condon,2,3
Condon,3,6
Condon,4,6
Condon,5,1
Condon,6,8
Condon,7,4
Condon,8,4
Condon,9,11
Condon,10,4
Condon,11,5
Condon,12,7
Conestoga,1,1
Conestoga,2,1
Conestoga,3,1
Conestoga,4,2
Conestoga,5,1
Conestoga,7,1
Conestoga,9,2
Conestoga,10,2
Conestoga,11,1
Conestoga,12,1
Conesville,10,1
Confluence,1,16
Confluence,2,9
Confluence,3,2
Confluence,4,3
Confluence,5,2
Confluence,6,2
Confluence,7,1
Confluence,8,2
Confluence,9,2
Confluence,10,8
Confluence,11,10
Confluence,12,6
Congers,9,3
Congress,1,27
Congress,2,7
Congress,3,20
Congress,4,19
Congress,5,21
Congress,6,4
Congress,7,16
Congress,8,28
Congress,9,11
Congress,10,4
Congress,11,20
Congress,12,14
Conifer,1,2
Conifer,2,11
Conifer,4,2
Conifer,5,2
Conifer,6,1
Conifer,7,2
Conifer,8,1
Conifer,9,4
Conifer,10,2
Conklin,1,2
Conklin,3,1
Conklin,5,1
Conklin,8,6
Conklin,9,3
Conklin,10,1
Conklin,11,2
Conley,1,11
Conley,2,12
Conley,3,6
Conley,4,11
Conley,5,9
Conley,6,7
Conley,7,2
Conley,8,10
Conley,9,12
Conley,10,11
Conley,11,12
Conley,12,26
Conneaut,1,2
Conneaut,2,1
Conneaut,8,1
Conneaut,11,6
Conneaut Lake,6,1
Conneaut Lake,8,1
Conneaut Lake,12,2
Connell,3,2
Connell,8,1
Connellsville,1,3
Connellsville,2,6
Connellsville,4,5
Connellsville,5,4
Connellsville,6,4
Connellsville,8,2
Connellsville,9,10
Connellsville,10,2
Connellsville,11,5
Connellsville,12,4
Connelly Springs,1,3
Connelly Springs,2,3
Connelly Springs,3,1
Connelly Springs,4,1
Connelly Springs,5,1
Connelly Springs,6,7
Connelly Springs,7,4
Connelly Springs,8,8
Connelly Springs,9,16
Connelly Springs,10,1
Connelly Springs,11,4
Connelly Springs,12,12
Conner,1,2
Conner,4,1
Conner,7,3
Conner,8,4
Conner,9,1
Conner,10,1
Conner,11,5
Conner,12,4
Connersville,1,5
Connersville,5,1
Conover,1,5
Conover,2,2
Conover,3,6
Conover,4,9
Conover,5,2
Conover,6,3
Conover,7,15
Conover,8,3
Conover,11,6
Conover,12,18
Conowingo,5,6
Conowingo,6,7
Conowingo,7,4
Conowingo,12,2
Conrad,1,5
Conrad,2,3
Conrad,3,2
Conrad,4,1
Conrad,6,4
Conrad,8,6
Conrad,10,4
Conrad,11,7
Conrad,12,9
Conroe,1,47
Conroe,2,40
Conroe,3,62
Conroe,4,42
Conroe,5,34
Conroe,6,43
Conroe,7,51
Conroe,8,16
Conroe,9,16
Conroe,10,15
Conroe,11,16
Conroe,12,34
Conservation,1,10
Conservation,2,19
Conservation,3,16
Conservation,4,13
Conservation,5,11
Conservation,6,6
Conservation,7,7
Conservation,8,9
Conservation,9,10
Conservation,10,5
Conservation,11,4
Conservation,12,1
Conshohocken,1,210
Conshohocken,2,144
Conshohocken,3,97
Conshohocken,4,78
Conshohocken,5,88
Conshohocken,6,116
Conshohocken,7,98
Conshohocken,8,84
Conshohocken,9,79
Conshohocken,10,64
Conshohocken,11,79
Conshohocken,12,150
Constable,3,8
Constableville,1,2
Constableville,2,2
Constantia,4,3
Constantine,7,2
Constantine,9,2
Continental Divide,1,13
Continental Divide,2,1
Continental Divide,3,5
Continental Divide,5,9
Continental Divide,6,2
Continental Divide,9,2
Continental Divide,12,4
Contoocook,1,3
Contoocook,2,1
Contoocook,3,1
Contoocook,4,1
Contoocook,5,2
Contoocook,6,1
Contoocook,8,3
Contoocook,10,1
Convent,1,2
Convent,2,4
Convent,7,3
Convent,12,2
Converse,1,12
Converse,2,9
Converse,3,6
Converse,4,2
Converse,5,10
Converse,6,10
Converse,7,5
Converse,8,25
Converse,9,6
Converse,10,4
Converse,11,6
Converse,12,15
Convoy,5,2
Convoy,12,3
Conway,1,278
Conway,2,221
Conway,3,154
Conway,4,166
Conway,5,175
Conway,6,192
Conway,7,173
Conway,8,207
Conway,9,229
Conway,10,160
Conway,11,168
Conway,12,202
Conyers,1,20
Conyers,2,12
Conyers,3,14
Conyers,4,25
Conyers,5,10
Conyers,6,12
Conyers,7,13
Conyers,8,21
Conyers,9,14
Conyers,10,21
Conyers,11,31
Conyers,12,50
Cook,1,5
Cook,2,7
Cook,4,3
Cook,6,1
Cook,7,5
Cook,8,1
Cook,9,1
Cook,10,1
Cook,11,4
Cook,12,4
Cooke City,8,1
Cooke City,9,1
Cookeville,1,28
Cookeville,2,28
Cookeville,3,20
Cookeville,4,34
Cookeville,5,25
Cookeville,6,8
Cookeville,7,6
Cookeville,8,16
Cookeville,9,25
Cookeville,10,16
Cookeville,11,23
Cookeville,12,35
Cooksburg,5,3
Cooksville,1,1
Cooksville,2,8
Cooksville,3,5
Cooksville,4,5
Cooksville,5,6
Cooksville,7,4
Cooksville,8,3
Cooksville,9,1
Cooksville,10,5
Cooksville,12,2
Cool,1,19
Cool,2,6
Cool,3,5
Cool,4,4
Cool,5,7
Cool,6,9
Cool,7,11
Cool,8,14
Cool,9,6
Cool,10,10
Cool,11,8
Cool,12,8
Cool Ridge,1,8
Cool Ridge,3,6
Cool Ridge,4,1
Cool Ridge,6,2
Cool Ridge,8,6
Cool Ridge,9,3
Cool Ridge,10,4
Cool Ridge,12,4
Coolidge,1,17
Coolidge,2,19
Coolidge,3,12
Coolidge,4,6
Coolidge,5,12
Coolidge,6,9
Coolidge,7,8
Coolidge,8,15
Coolidge,9,21
Coolidge,10,11
Coolidge,11,15
Coolidge,12,15
Coolspring,11,3
Coolville,1,1
Coolville,4,1
Coolville,8,1
Coolville,10,1
Coon Rapids,1,3
Coon Rapids,12,1
Cooper City,10,1
Cooper City,12,1
Coopersburg,1,6
Coopersburg,2,7
Coopersburg,3,4
Coopersburg,4,11
Coopersburg,5,11
Coopersburg,6,10
Coopersburg,7,6
Coopersburg,8,13
Coopersburg,9,21
Coopersburg,10,8
Coopersburg,11,12
Coopersburg,12,10
Cooperstown,1,1
Cooperstown,7,2
Cooperstown,9,1
Coopersville,1,4
Coopersville,2,8
Coopersville,3,7
Coopersville,4,3
Coopersville,5,3
Coopersville,6,5
Coopersville,7,7
Coopersville,8,4
Coopersville,9,7
Coopersville,10,10
Coopersville,11,9
Coopersville,12,14
Coos Bay,1,61
Coos Bay,2,23
Coos Bay,3,17
Coos Bay,4,9
Coos Bay,5,15
Coos Bay,6,19
Coos Bay,7,20
Coos Bay,8,16
Coos Bay,9,30
Coos Bay,10,22
Coos Bay,11,23
Coos Bay,12,39
Coosawhatchie,1,1
Coosawhatchie,2,3
Coosawhatchie,3,3
Coosawhatchie,5,7
Coosawhatchie,6,5
Coosawhatchie,7,10
Coosawhatchie,8,7
Coosawhatchie,11,3
Coosawhatchie,12,5
Copake,7,1
Copake,11,1
Copake,12,1
Cope,1,14
Cope,2,10
Cope,3,6
Cope,4,6
Cope,5,15
Cope,6,3
Cope,7,8
Cope,8,4
Cope,9,10
Cope,10,8
Cope,11,11
Cope,12,5
Copenhagen,4,2
Copiague,2,2
Copiague,3,1
Copiague,4,1
Copiague,5,5
Copiague,6,3
Copiague,8,1
Copiague,9,2
Copiague,11,2
Copley,6,1
Coppell,1,9
Coppell,2,15
Coppell,3,9
Coppell,4,9
Coppell,5,9
Coppell,6,6
Coppell,7,6
Coppell,8,8
Coppell,9,5
Coppell,10,3
Coppell,11,8
Coppell,12,4
Copper Hill,5,4
Copper Hill,7,6
Copper Hill,12,4
Copperas Cove,1,1
Copperas Cove,6,1
Copperas Cove,7,1
Copperas Cove,11,11
Copperas Cove,12,1
Copperhill,1,1
Copperhill,5,1
Copperhill,6,1
Copperhill,8,2
Copperhill,9,2
Copperhill,11,2
Copperopolis,1,22
Copperopolis,2,9
Copperopolis,3,7
Copperopolis,4,7
Copperopolis,5,9
Copperopolis,6,9
Copperopolis,7,21
Copperopolis,8,12
Copperopolis,9,8
Copperopolis,10,9
Copperopolis,11,31
Copperopolis,12,15
Coquille,1,34
Coquille,2,28
Coquille,3,3
Coquille,4,5
Coquille,5,3
Coquille,6,7
Coquille,7,11
Coquille,8,19
Coquille,9,10
Coquille,10,13
Coquille,11,7
Coquille,12,29
Coral,3,1
Coral Gables,1,33
Coral Gables,2,64
Coral Gables,3,38
Coral Gables,4,112
Coral Gables,5,37
Coral Gables,6,40
Coral Gables,7,43
Coral Gables,8,28
Coral Gables,9,43
Coral Gables,10,41
Coral Gables,11,82
Coral Gables,12,80
Coral Springs,1,15
Coral Springs,2,13
Coral Springs,3,7
Coral Springs,4,14
Coral Springs,5,3
Coral Springs,6,12
Coral Springs,7,10
Coral Springs,8,2
Coral Springs,9,10
Coral Springs,10,7
Coral Springs,11,2
Coral Springs,12,10
Coral Springs-Margate,1,1
Coral Springs-Margate,6,1
Coral Springs-Margate,12,1
Coralville,1,13
Coralville,2,28
Coralville,3,7
Coralville,4,2
Coralville,5,5
Coralville,6,1
Coralville,7,3
Coralville,8,9
Coralville,9,5
Coralville,10,5
Coralville,11,6
Coralville,12,17
Coram,1,5
Coram,2,3
Coram,3,2
Coram,4,4
Coram,5,5
Coram,6,19
Coram,7,3
Coram,8,2
Coram,9,13
Coram,10,9
Coram,12,3
Coraopolis,1,6
Coraopolis,2,18
Coraopolis,3,15
Coraopolis,4,32
Coraopolis,5,10
Coraopolis,6,14
Coraopolis,7,8
Coraopolis,8,5
Coraopolis,9,14
Coraopolis,10,6
Coraopolis,11,19
Coraopolis,12,5
Corapeake,1,9
Corapeake,6,8
Corbett,1,53
Corbett,2,46
Corbett,3,11
Corbett,4,6
Corbett,6,16
Corbett,7,8
Corbett,8,13
Corbett,9,7
Corbett,10,8
Corbett,11,17
Corbett,12,29
Corbin,1,2
Corbin,2,11
Corbin,3,1
Corbin,6,1
Corbin,7,2
Corbin,8,1
Corbin,10,1
Corcoran,1,28
Corcoran,2,15
Corcoran,3,11
Corcoran,4,14
Corcoran,5,17
Corcoran,6,15
Corcoran,7,6
Corcoran,8,16
Corcoran,9,17
Corcoran,10,10
Corcoran,11,6
Corcoran,12,18
Cord,2,2
Cord,12,1
Cordele,1,3
Cordele,2,3
Cordele,4,3
Cordele,5,3
Cordele,6,2
Cordele,7,3
Cordele,8,6
Cordele,9,4
Cordele,10,1
Cordele,11,2
Cordele,12,1
Cordell,11,1
Cordesville,1,3
Cordesville,2,1
Cordesville,3,4
Cordesville,4,2
Cordesville,5,4
Cordesville,6,2
Cordesville,7,2
Cordesville,8,5
Cordesville,9,2
Cordesville,10,1
Cordesville,11,2
Cordesville,12,1
Cordova,1,34
Cordova,2,54
Cordova,3,44
Cordova,4,22
Cordova,5,22
Cordova,6,38
Cordova,7,22
Cordova,8,22
Cordova,9,40
Cordova,10,21
Cordova,11,32
Cordova,12,41
Corfu,1,16
Corfu,2,25
Corfu,3,4
Corfu,4,11
Corfu,5,12
Corfu,6,5
Corfu,7,12
Corfu,8,11
Corfu,9,14
Corfu,10,8
Corfu,11,12
Corfu,12,8
Corinna,1,1
Corinne,4,2
Corinne,5,2
Corinne,6,5
Corinne,8,1
Corinne,12,3
Corinth,1,1
Corinth,2,5
Corinth,3,1
Corinth,5,5
Corinth,7,4
Corinth,8,4
Corinth,9,6
Corinth,10,3
Corinth,11,4
Cornelia,3,1
Cornelia,4,1
Cornelia,5,1
Cornelia,11,4
Cornelia,12,2
Cornelius,1,16
Cornelius,2,24
Cornelius,3,37
Cornelius,4,25
Cornelius,5,23
Cornelius,6,10
Cornelius,7,6
Cornelius,8,19
Cornelius,9,16
Cornelius,10,10
Cornelius,11,13
Cornelius,12,23
Cornersville,1,5
Cornersville,3,7
Cornersville,4,4
Cornersville,5,4
Cornersville,6,2
Cornersville,8,1
Cornersville,9,2
Cornersville,12,8
Corning,1,65
Corning,2,65
Corning,3,37
Corning,4,32
Corning,5,32
Corning,6,56
Corning,7,35
Corning,8,41
Corning,9,43
Corning,10,26
Corning,11,42
Corning,12,42
Cornville,1,2
Cornville,2,1
Cornville,4,1
Cornville,5,2
Cornville,6,2
Cornville,7,4
Cornville,9,2
Cornville,10,1
Cornville,11,1
Cornville,12,3
Cornwall,1,3
Cornwall,2,1
Cornwall,5,2
Cornwall,9,1
Cornwall,11,2
Cornwall,12,1
Cornwall Bridge,10,5
Corona,1,770
Corona,2,777
Corona,3,595
Corona,4,515
Corona,5,490
Corona,6,487
Corona,7,506
Corona,8,526
Corona,9,536
Corona,10,445
Corona,11,487
Corona,12,562
Corona Del Mar,1,5
Corona Del Mar,2,4
Corona Del Mar,3,2
Corona Del Mar,4,1
Corona Del Mar,6,2
Corona Del Mar,7,2
Corona Del Mar,8,3
Corona Del Mar,9,7
Corona Del Mar,10,3
Coronado,1,8
Coronado,2,16
Coronado,3,14
Coronado,4,8
Coronado,5,6
Coronado,6,8
Coronado,7,21
Coronado,8,14
Coronado,9,2
Coronado,10,12
Coronado,11,8
Coronado,12,17
Corpus Christi,1,2
Corpus Christi,2,7
Corpus Christi,3,1
Corpus Christi,5,1
Corpus Christi,10,3
Corpus Christi,11,12
Corpus Christi,12,2
Corral,6,3
Correctionville,1,2
Correctionville,6,1
Correctionville,9,1
Correctionville,12,1
Corrigan,3,1
Corrigan,7,1
Corrigan,8,1
Corrigan,9,1
Corry,1,12
Corry,4,3
Corry,9,2
Corry,12,9
Corryton,1,3
Corryton,6,2
Corryton,12,3
Corsica,1,13
Corsica,2,20
Corsica,3,6
Corsica,4,3
Corsica,5,2
Corsica,6,6
Corsica,7,8
Corsica,8,10
Corsica,9,3
Corsica,10,1
Corsica,11,6
Corsica,12,22
Corsicana,2,9
Corsicana,3,1
Corsicana,6,1
Corsicana,7,2
Corsicana,9,2
Corte Madera,1,29
Corte Madera,2,17
Corte Madera,3,27
Corte Madera,4,11
Corte Madera,5,9
Corte Madera,6,15
Corte Madera,7,10
Corte Madera,8,16
Corte Madera,9,13
Corte Madera,10,11
Corte Madera,11,13
Corte Madera,12,18
Cortez,1,8
Cortez,2,2
Cortez,3,2
Cortez,4,1
Cortez,5,8
Cortez,6,2
Cortez,7,7
Cortez,8,4
Cortez,9,2
Cortez,11,2
Cortez,12,4
Cortland,1,6
Cortland,2,2
Cortland,4,3
Cortland,5,2
Cortland,6,4
Cortland,7,17
Cortland,10,6
Cortland,11,3
Cortland,12,8
Cortlandt Manor,1,52
Cortlandt Manor,2,16
Cortlandt Manor,3,24
Cortlandt Manor,4,23
Cortlandt Manor,5,32
Cortlandt Manor,6,25
Cortlandt Manor,7,13
Cortlandt Manor,8,26
Cortlandt Manor,9,43
Cortlandt Manor,10,30
Cortlandt Manor,11,38
Cortlandt Manor,12,37
Corvallis,1,22
Corvallis,2,25
Corvallis,3,21
Corvallis,4,15
Corvallis,5,12
Corvallis,6,20
Corvallis,7,13
Corvallis,8,13
Corvallis,9,22
Corvallis,10,14
Corvallis,11,26
Corvallis,12,48
Corydon,1,3
Corydon,2,13
Corydon,3,4
Corydon,4,3
Corydon,5,16
Corydon,6,1
Corydon,7,9
Corydon,8,2
Corydon,10,1
Corydon,11,1
Cos Cob,1,2
Cos Cob,2,1
Cos Cob,3,1
Cos Cob,4,4
Cos Cob,5,3
Cos Cob,7,2
Cos Cob,8,8
Cos Cob,9,9
Cos Cob,10,7
Cos Cob,11,4
Cos Cob,12,1
Cosby,1,1
Cosby,2,8
Cosby,3,15
Cosby,4,1
Cosby,5,4
Cosby,6,9
Cosby,7,10
Cosby,8,4
Cosby,9,9
Cosby,10,1
Cosby,11,12
Cosby,12,2
Coshocton,4,1
Coshocton,5,1
Coshocton,6,1
Coshocton,12,3
Cosmopolis,2,1
Cosmopolis,3,2
Cosmopolis,5,1
Cosmopolis,8,1
Cosmopolis,9,1
Cosmopolis,12,1
Cosmos,1,3
Cosmos,2,2
Cosmos,3,1
Cosmos,5,6
Cosmos,6,6
Cosmos,7,1
Cosmos,8,1
Cosmos,10,1
Cosmos,11,2
Costa Mesa,1,199
Costa Mesa,2,190
Costa Mesa,3,147
Costa Mesa,4,151
Costa Mesa,5,135
Costa Mesa,6,161
Costa Mesa,7,157
Costa Mesa,8,150
Costa Mesa,9,180
Costa Mesa,10,80
Costa Mesa,11,144
Costa Mesa,12,155
Cotati,1,27
Cotati,2,36
Cotati,3,17
Cotati,4,12
Cotati,5,8
Cotati,6,9
Cotati,7,14
Cotati,8,21
Cotati,9,20
Cotati,10,12
Cotati,11,11
Cotati,12,14
Cotopaxi,1,2
Cotopaxi,3,7
Cotopaxi,4,4
Cotopaxi,5,3
Cotopaxi,6,4
Cotopaxi,7,6
Cotopaxi,10,5
Cotopaxi,11,9
Cotopaxi,12,1
Cottage Grove,1,58
Cottage Grove,2,82
Cottage Grove,3,35
Cottage Grove,4,25
Cottage Grove,5,22
Cottage Grove,6,24
Cottage Grove,7,22
Cottage Grove,8,25
Cottage Grove,9,32
Cottage Grove,10,18
Cottage Grove,11,17
Cottage Grove,12,93
Cottageville,1,8
Cottageville,2,5
Cottageville,3,9
Cottageville,4,8
Cottageville,5,7
Cottageville,6,7
Cottageville,7,10
Cottageville,8,10
Cottageville,9,13
Cottageville,10,2
Cottageville,11,8
Cottageville,12,8
Cotton,1,14
Cotton,2,6
Cotton,3,3
Cotton,4,1
Cotton,5,2
Cotton,6,1
Cotton,8,2
Cotton,9,4
Cotton,10,1
Cotton,11,2
Cotton,12,1
Cottondale,1,72
Cottondale,2,42
Cottondale,3,33
Cottondale,4,48
Cottondale,5,37
Cottondale,6,36
Cottondale,7,23
Cottondale,8,71
Cottondale,9,42
Cottondale,10,17
Cottondale,11,35
Cottondale,12,50
Cottontown,2,4
Cottontown,4,1
Cottontown,5,2
Cottontown,7,3
Cottonwood,1,96
Cottonwood,2,68
Cottonwood,3,47
Cottonwood,4,36
Cottonwood,5,44
Cottonwood,6,43
Cottonwood,7,35
Cottonwood,8,43
Cottonwood,9,28
Cottonwood,10,27
Cottonwood,11,30
Cottonwood,12,59
Cotuit,8,2
Cotuit,10,1
Cotuit,11,1
Cotulla,1,1
Cotulla,2,3
Cotulla,4,1
Cotulla,5,1
Cotulla,7,1
Cotulla,10,1
Cotulla,11,5
Cotulla,12,3
Coudersport,1,2
Coudersport,2,11
Coudersport,3,4
Coudersport,4,8
Coudersport,5,6
Coudersport,6,5
Coudersport,7,7
Coudersport,8,7
Coudersport,9,5
Coudersport,11,13
Coudersport,12,4
Coulee City,2,2
Coulterville,1,13
Coulterville,2,10
Coulterville,3,3
Coulterville,4,12
Coulterville,5,6
Coulterville,6,8
Coulterville,7,13
Coulterville,8,9
Coulterville,9,13
Coulterville,10,8
Coulterville,11,10
Coulterville,12,9
Counce,10,3
Council,6,2
Council,9,10
Council,11,1
Council Bluffs,1,35
Council Bluffs,2,78
Council Bluffs,3,23
Council Bluffs,4,51
Council Bluffs,5,16
Council Bluffs,6,12
Council Bluffs,7,15
Council Bluffs,8,26
Council Bluffs,9,17
Council Bluffs,10,17
Council Bluffs,11,17
Council Bluffs,12,30
Country Club Hills,1,4
Country Club Hills,2,3
Country Club Hills,3,1
Country Club Hills,4,5
Country Club Hills,5,8
Country Club Hills,6,12
Country Club Hills,7,11
Country Club Hills,8,16
Country Club Hills,9,4
Country Club Hills,10,3
Country Club Hills,11,6
Country Club Hills,12,4
Countryside,1,7
Countryside,2,4
Countryside,3,2
Countryside,4,9
Countryside,5,9
Countryside,6,8
Countryside,7,1
Countryside,8,1
Countryside,9,5
Countryside,10,7
Countryside,11,4
Countryside,12,2
Coupeville,3,8
Coupeville,6,2
Coupeville,7,1
Coupeville,9,1
Coupeville,10,5
Coupeville,12,7
Coupland,1,1
Coupland,2,6
Coupland,3,9
Coupland,4,6
Coupland,6,3
Coupland,7,2
Coupland,8,5
Coupland,9,2
Coupland,10,1
Coupland,12,11
Courtenay,7,1
Courtland,1,12
Courtland,2,16
Courtland,3,10
Courtland,4,8
Courtland,5,7
Courtland,6,5
Courtland,7,25
Courtland,8,13
Courtland,9,13
Courtland,10,7
Courtland,11,1
Courtland,12,14
Cove,1,4
Cove,2,4
Cove,3,2
Cove,6,4
Cove,7,6
Cove,8,3
Cove,9,5
Cove,10,2
Cove,11,3
Cove,12,3
Cove City,2,2
Cove City,4,6
Cove City,6,3
Cove City,7,6
Cove City,9,2
Covelo,1,8
Covelo,2,13
Covelo,3,7
Covelo,4,11
Covelo,5,7
Covelo,6,11
Covelo,7,12
Covelo,8,25
Covelo,9,15
Covelo,10,11
Covelo,11,11
Covelo,12,8
Coventry,1,3
Coventry,3,1
Coventry,5,2
Coventry,6,4
Coventry,8,1
Covert,2,10
Covert,3,3
Covert,6,5
Covert,9,3
Covert,10,3
Covert,12,5
Covesville,3,3
Covesville,4,1
Covesville,5,2
Covesville,8,8
Covesville,9,1
Covesville,11,2
Covina,1,155
Covina,2,91
Covina,3,84
Covina,4,68
Covina,5,75
Covina,6,63
Covina,7,56
Covina,8,49
Covina,9,54
Covina,10,79
Covina,11,76
Covina,12,107
Covington,1,129
Covington,2,123
Covington,3,117
Covington,4,93
Covington,5,108
Covington,6,93
Covington,7,106
Covington,8,101
Covington,9,70
Covington,10,62
Covington,11,125
Covington,12,113
Covington Township,7,2
Cowan,3,1
Cowansville,9,3
Coward,1,6
Coward,2,15
Coward,3,10
Coward,4,10
Coward,5,5
Coward,6,5
Coward,7,7
Coward,8,5
Coward,10,2
Coward,11,4
Coward,12,10
Cowarts,2,1
Cowarts,5,2
Cowarts,7,1
Cowarts,9,1
Cowarts,11,1
Cowarts,12,1
Coweta,7,1
Coweta,11,1
Coweta,12,1
Cowlesville,9,1
Cowpens,1,68
Cowpens,2,59
Cowpens,3,57
Cowpens,4,95
Cowpens,5,75
Cowpens,6,84
Cowpens,7,59
Cowpens,8,90
Cowpens,9,53
Cowpens,10,57
Cowpens,11,58
Cowpens,12,79
Coxs Creek,4,3
Coxs Creek,10,1
Coxsackie,1,3
Coxsackie,2,1
Coxsackie,5,4
Coxsackie,6,1
Coxsackie,7,11
Coxsackie,8,4
Coxsackie,10,5
Coxsackie,11,3
Coxsackie,12,4
Coyanosa,10,1
Coyanosa,11,3
Coyote,1,9
Coyote,2,2
Coyote,3,9
Coyote,4,4
Coyote,5,10
Coyote,6,11
Coyote,7,4
Coyote,8,3
Coyote,9,8
Coyote,10,3
Coyote,11,8
Coyote,12,2
Cozad,1,4
Cozad,5,1
Cozad,6,1
Cozad,7,2
Cozad,8,1
Crab Orchard,1,5
Crab Orchard,2,8
Crab Orchard,3,3
Crab Orchard,4,4
Crab Orchard,5,5
Crab Orchard,6,5
Crab Orchard,7,3
Crab Orchard,8,11
Crab Orchard,9,8
Crab Orchard,10,3
Crab Orchard,12,8
Crabtree,2,2
Crabtree,3,1
Crabtree,12,3
Craig,1,13
Craig,2,6
Craig,3,1
Craig,6,1
Craig,8,1
Craig,11,6
Craig,12,1
Craigmont,2,4
Craigmont,5,1
Craigsville,2,2
Craigsville,5,6
Craigsville,8,2
Craigsville,12,8
Cramerton,12,1
Cranberry,1,5
Cranberry,9,9
Cranberry,10,5
Cranberry,11,9
Cranberry Township,1,1
Cranberry Township,2,1
Cranberry Township,3,5
Cranberry Township,4,3
Cranberry Township,5,3
Cranberry Township,6,3
Cranberry Township,7,7
Cranberry Township,8,7
Cranberry Township,9,1
Cranberry Township,10,3
Cranberry Township,11,6
Cranberry Township,12,6
Cranberry Twp,1,2
Cranberry Twp,3,1
Cranberry Twp,4,3
Cranberry Twp,5,9
Cranberry Twp,6,4
Cranberry Twp,7,4
Cranberry Twp,9,2
Cranberry Twp,10,3
Cranberry Twp,11,5
Cranberry Twp,12,1
Cranbury,1,8
Cranbury,2,12
Cranbury,3,14
Cranbury,4,6
Cranbury,5,7
Cranbury,6,12
Cranbury,7,26
Cranbury,8,12
Cranbury,9,12
Cranbury,10,7
Cranbury,11,2
Cranbury,12,10
Crandall,3,2
Crandall,4,2
Crandall,5,3
Crandall,12,2
Crane,9,1
Crane Hill,5,1
Cranesville,5,2
Cranford,1,63
Cranford,2,44
Cranford,3,23
Cranford,4,24
Cranford,5,28
Cranford,6,21
Cranford,7,40
Cranford,8,45
Cranford,9,37
Cranford,10,37
Cranford,11,36
Cranford,12,42
Cranston,1,18
Cranston,2,38
Cranston,3,25
Cranston,4,25
Cranston,5,26
Cranston,6,28
Cranston,7,25
Cranston,8,28
Cranston,9,31
Cranston,10,15
Cranston,11,37
Cranston,12,22
Crary,4,2
Crary,12,1
Craryville,1,8
Craryville,2,2
Craryville,3,1
Craryville,4,8
Craryville,5,4
Craryville,6,1
Craryville,7,2
Craryville,8,2
Craryville,9,2
Craryville,11,5
Craryville,12,8
Crawford,2,4
Crawford,4,1
Crawford,7,2
Crawford,8,1
Crawford,9,6
Crawford,10,2
Crawfordsville,1,24
Crawfordsville,2,58
Crawfordsville,3,8
Crawfordsville,4,11
Crawfordsville,5,12
Crawfordsville,6,39
Crawfordsville,7,11
Crawfordsville,8,28
Crawfordsville,9,12
Crawfordsville,10,7
Crawfordsville,11,16
Crawfordsville,12,11
Crawfordville,1,58
Crawfordville,2,56
Crawfordville,3,23
Crawfordville,4,25
Crawfordville,5,33
Crawfordville,6,33
Crawfordville,7,38
Crawfordville,8,36
Crawfordville,9,26
Crawfordville,10,36
Crawfordville,11,32
Crawfordville,12,57
Crawley,2,3
Crawley,7,1
Crawley,10,2
Crawley,11,1
Crawley,12,1
Cream Ridge,2,1
Cream Ridge,3,1
Cream Ridge,4,1
Cream Ridge,5,2
Cream Ridge,7,1
Cream Ridge,8,2
Creede,1,7
Creede,2,3
Creede,3,2
Creede,4,1
Creede,5,2
Creede,6,1
Creede,8,1
Creede,9,1
Creede,10,11
Creede,11,7
Creede,12,8
Creedmoor,1,17
Creedmoor,2,13
Creedmoor,3,9
Creedmoor,4,9
Creedmoor,5,12
Creedmoor,6,7
Creedmoor,7,6
Creedmoor,8,9
Creedmoor,9,4
Creedmoor,10,6
Creedmoor,11,16
Creedmoor,12,29
Creekside,1,3
Creekside,2,1
Creighton,2,3
Creighton,3,4
Creighton,11,2
Creighton,12,1
Creola,2,2
Creola,4,5
Creola,5,7
Creola,7,17
Creola,8,3
Creola,10,1
Creola,11,2
Creola,12,2
Crescent,1,18
Crescent,2,27
Crescent,3,17
Crescent,4,5
Crescent,5,4
Crescent,6,4
Crescent,7,11
Crescent,8,7
Crescent,9,14
Crescent,10,3
Crescent,11,12
Crescent,12,29
Crescent City,1,81
Crescent City,2,60
Crescent City,3,44
Crescent City,4,50
Crescent City,5,49
Crescent City,6,56
Crescent City,7,57
Crescent City,8,46
Crescent City,9,47
Crescent City,10,40
Crescent City,11,62
Crescent City,12,79
Crescent Lake,1,6
Crescent Lake,2,2
Crescent Lake,3,2
Crescent Lake,4,3
Crescent Lake,5,1
Crescent Lake,7,1
Crescent Lake,8,1
Crescent Lake,9,1
Crescent Lake,10,1
Crescent Lake,11,9
Crescent Lake,12,11
Crescent Mills,2,1
Crescent Mills,4,2
Crescent Mills,6,1
Crescent Mills,8,1
Crescent Mills,11,2
Crescent Mills,12,1
Crescent Springs,2,1
Crescent Springs,3,5
Crescent Springs,5,2
Crescent Springs,7,1
Crescent Springs,12,1
Crescent Valley,1,15
Crescent Valley,2,28
Crescent Valley,3,11
Crescent Valley,4,24
Crescent Valley,5,13
Crescent Valley,6,18
Crescent Valley,7,9
Crescent Valley,8,3
Crescent Valley,9,2
Crescent Valley,10,5
Crescent Valley,11,6
Crescent Valley,12,3
Cresco,1,8
Cresco,2,1
Cresco,6,2
Cresson,1,12
Cresson,2,8
Cresson,3,3
Cresson,4,2
Cresson,5,3
Cresson,6,2
Cresson,7,11
Cresson,8,2
Cresson,9,6
Cresson,10,9
Cresson,11,9
Cresson,12,7
Cressona,4,3
Cressona,5,3
Crest Hill,6,3
Crest Hill,10,1
Crest Hill,12,1
Crested Butte,11,2
Crestline,1,48
Crestline,2,48
Crestline,3,28
Crestline,4,23
Crestline,5,25
Crestline,6,26
Crestline,7,38
Crestline,8,33
Crestline,9,20
Crestline,10,21
Crestline,11,35
Crestline,12,40
Creston,1,16
Creston,2,5
Creston,3,1
Creston,4,2
Creston,5,2
Creston,6,3
Creston,7,5
Creston,8,2
Creston,9,3
Creston,10,5
Creston,11,12
Creston,12,4
Crestview,1,50
Crestview,2,53
Crestview,3,52
Crestview,4,29
Crestview,5,44
Crestview,6,64
Crestview,7,48
Crestview,8,30
Crestview,9,46
Crestview,10,23
Crestview,11,45
Crestview,12,50
Crestview Hills,1,2
Crestview Hills,2,7
Crestview Hills,3,1
Crestview Hills,4,4
Crestview Hills,5,5
Crestview Hills,6,3
Crestview Hills,7,2
Crestview Hills,8,2
Crestview Hills,9,3
Crestview Hills,10,4
Crestview Hills,11,1
Crestview Hills,12,1
Crestwood,1,7
Crestwood,2,8
Crestwood,3,1
Crestwood,4,3
Crestwood,5,3
Crestwood,6,2
Crestwood,7,5
Crestwood,8,5
Crestwood,9,3
Crestwood,10,2
Crestwood,11,3
Crestwood,12,7
Creswell,1,16
Creswell,2,14
Creswell,3,6
Creswell,4,8
Creswell,5,8
Creswell,6,3
Creswell,7,14
Creswell,8,13
Creswell,9,3
Creswell,10,15
Creswell,11,8
Creswell,12,42
Crete,1,2
Crete,2,3
Crete,3,3
Crete,4,1
Crete,5,2
Crete,6,1
Crete,7,5
Crete,9,1
Crete,10,2
Crete,12,1
Creve Coeur,1,3
Creve Coeur,2,7
Creve Coeur,3,1
Creve Coeur,4,4
Creve Coeur,5,4
Creve Coeur,6,8
Creve Coeur,7,4
Creve Coeur,8,2
Creve Coeur,9,2
Creve Coeur,10,1
Creve Coeur,11,1
Creve Coeur,12,1
Crewe,1,8
Crewe,2,4
Crewe,3,9
Crewe,4,9
Crewe,5,3
Crewe,6,3
Crewe,7,5
Crewe,8,13
Crewe,9,3
Crewe,10,1
Crewe,11,6
Crewe,12,6
Criders,10,4
Crimora,1,7
Crimora,2,5
Crimora,3,7
Crimora,5,1
Crimora,8,2
Crimora,11,11
Cripple Creek,1,3
Cripple Creek,2,1
Cripple Creek,7,4
Cripple Creek,12,1
Crisfield,5,1
Crisfield,6,7
Crisfield,10,7
Crittenden,2,4
Crittenden,3,1
Crittenden,4,8
Crittenden,7,4
Crittenden,8,3
Crittenden,9,3
Crittenden,11,2
Crittenden,12,4
Crockett,1,32
Crockett,2,30
Crockett,3,15
Crockett,4,10
Crockett,5,6
Crockett,6,9
Crockett,7,19
Crockett,8,11
Crockett,9,20
Crockett,10,10
Crockett,11,16
Crockett,12,21
Crofton,1,4
Crofton,3,1
Crofton,5,2
Crofton,6,2
Crofton,7,2
Crofton,8,2
Crofton,9,3
Crofton,11,3
Crompond,1,2
Crompond,3,1
Crompond,8,2
Crompond,11,1
Cromwell,1,51
Cromwell,2,48
Cromwell,3,22
Cromwell,4,31
Cromwell,5,33
Cromwell,6,33
Cromwell,7,42
Cromwell,8,44
Cromwell,9,24
Cromwell,10,15
Cromwell,11,38
Cromwell,12,46
Crook,1,3
Crook,3,4
Crook,4,1
Crook,8,1
Crook,12,10
Crooksville,6,1
Cropseyville,1,1
Cropseyville,6,4
Cropseyville,7,2
Cropseyville,10,1
Cropseyville,11,1
Cropwell,6,1
Cropwell,12,1
Crosby,1,6
Crosby,2,3
Crosby,3,1
Crosby,4,2
Crosby,6,3
Crosby,7,2
Crosby,9,7
Crosby,10,6
Crosby,11,7
Crosby,12,13
Cross,1,17
Cross,2,17
Cross,3,8
Cross,4,4
Cross,5,10
Cross,6,7
Cross,7,9
Cross,8,8
Cross,9,8
Cross,10,17
Cross,11,16
Cross,12,9
Cross City,1,3
Cross City,2,2
Cross City,3,5
Cross City,4,2
Cross City,5,5
Cross City,6,1
Cross City,7,4
Cross City,8,1
Cross City,9,1
Cross City,10,4
Cross City,11,2
Cross City,12,1
Cross Fork,3,3
Cross Hill,1,7
Cross Hill,2,9
Cross Hill,3,7
Cross Hill,4,3
Cross Hill,5,2
Cross Hill,6,7
Cross Hill,7,10
Cross Hill,8,13
Cross Hill,9,5
Cross Hill,11,3
Cross Hill,12,5
Cross Junction,1,1
Cross Junction,3,5
Cross Junction,4,1
Cross Junction,5,2
Cross Junction,6,3
Cross Junction,8,8
Cross Junction,9,6
Cross Junction,10,2
Cross Junction,11,3
Cross Junction,12,4
Cross Plains,1,6
Cross Plains,2,1
Cross Plains,3,9
Cross Plains,4,6
Cross Plains,5,3
Cross Plains,6,1
Cross Plains,7,8
Cross Plains,8,9
Cross Plains,9,4
Cross Plains,10,3
Cross Plains,11,6
Cross Plains,12,13
Cross River,1,7
Cross River,2,9
Cross River,3,1
Cross River,4,1
Cross River,6,2
Cross River,7,1
Cross River,8,6
Cross River,9,4
Cross River,10,1
Cross River,11,3
Cross River,12,7
Crossett,1,2
Crossett,3,2
Crossett,9,3
Crossnore,6,1
Crossroads,3,1
Crossville,1,26
Crossville,2,11
Crossville,3,23
Crossville,4,8
Crossville,5,9
Crossville,6,11
Crossville,7,10
Crossville,8,7
Crossville,9,12
Crossville,10,4
Crossville,11,21
Crossville,12,35
Crothersville,1,1
Crothersville,2,11
Crothersville,3,2
Crothersville,4,3
Crothersville,5,7
Crothersville,6,6
Crothersville,7,6
Crothersville,8,3
Crothersville,9,4
Crothersville,10,5
Crothersville,11,1
Croton Falls,2,2
Croton Falls,3,1
Croton Falls,4,6
Croton on Hudson,1,8
Croton on Hudson,2,5
Croton on Hudson,3,4
Croton on Hudson,5,4
Croton on Hudson,6,4
Croton on Hudson,7,1
Croton on Hudson,8,2
Croton on Hudson,9,9
Croton on Hudson,10,5
Croton on Hudson,11,3
Croton on Hudson,12,2
Croton-on-Hudson,1,4
Croton-on-Hudson,2,3
Croton-on-Hudson,3,2
Croton-on-Hudson,4,4
Croton-on-Hudson,5,4
Croton-on-Hudson,6,5
Croton-on-Hudson,7,5
Croton-on-Hudson,8,3
Croton-on-Hudson,9,5
Croton-on-Hudson,10,4
Croton-on-Hudson,11,2
Croton-on-Hudson,12,2
Crouse,2,1
Crouse,5,4
Crouse,12,2
Crow Agency,1,3
Crow Agency,4,3
Crow Agency,5,3
Crow Agency,8,7
Crow Agency,9,2
Crow Agency,11,5
Crow Agency,12,6
Crowley,1,6
Crowley,2,4
Crowley,4,3
Crowley,5,3
Crowley,6,2
Crowley,7,4
Crowley,9,1
Crowley,10,5
Crowley,11,16
Crowley,12,3
Crown,11,3
Crown Point,1,21
Crown Point,2,19
Crown Point,3,17
Crown Point,4,4
Crown Point,5,5
Crown Point,6,9
Crown Point,7,17
Crown Point,8,8
Crown Point,9,17
Crown Point,10,4
Crown Point,11,7
Crown Point,12,12
Crownsville,1,26
Crownsville,2,12
Crownsville,3,9
Crownsville,4,11
Crownsville,5,12
Crownsville,6,10
Crownsville,7,8
Crownsville,8,10
Crownsville,9,6
Crownsville,10,15
Crownsville,11,12
Crownsville,12,25
Crows Landing,1,16
Crows Landing,2,16
Crows Landing,3,5
Crows Landing,4,8
Crows Landing,5,9
Crows Landing,6,5
Crows Landing,7,12
Crows Landing,8,14
Crows Landing,9,7
Crows Landing,10,9
Crows Landing,11,11
Crows Landing,12,11
Croydon,2,1
Croydon,4,1
Croydon,5,2
Croydon,6,1
Croydon,7,1
Croydon,8,2
Croydon,9,1
Croydon,10,1
Croydon,12,1
Crozet,1,11
Crozet,2,9
Crozet,3,13
Crozet,4,11
Crozet,5,13
Crozet,6,21
Crozet,7,10
Crozet,8,21
Crozet,9,3
Crozet,10,7
Crozet,11,20
Crozet,12,20
Crozier,4,1
Crozier,5,2
Crum Lynne,1,12
Crum Lynne,2,8
Crum Lynne,3,3
Crum Lynne,4,2
Crum Lynne,5,16
Crum Lynne,6,9
Crum Lynne,7,16
Crum Lynne,8,8
Crum Lynne,9,10
Crum Lynne,10,2
Crum Lynne,11,14
Crum Lynne,12,10
Crumpler,1,4
Crumpler,10,1
Crystal Bay,1,10
Crystal Bay,2,2
Crystal Bay,3,1
Crystal Bay,4,7
Crystal Bay,5,1
Crystal Bay,7,5
Crystal Beach,2,4
Crystal Beach,4,2
Crystal Beach,5,1
Crystal Beach,8,1
Crystal Beach,9,2
Crystal Beach,11,1
Crystal Beach,12,1
Crystal City,6,1
Crystal City,8,1
Crystal City,11,6
Crystal City,12,1
Crystal Lake,2,5
Crystal Lake,7,1
Crystal Lake,8,3
Crystal Lake,9,5
Crystal Lake,10,3
Crystal River,1,19
Crystal River,2,16
Crystal River,3,11
Crystal River,4,7
Crystal River,5,11
Crystal River,6,8
Crystal River,7,13
Crystal River,8,16
Crystal River,9,17
Crystal River,10,13
Crystal River,11,13
Crystal River,12,11
Crystal Spring,1,1
Crystal Spring,2,15
Crystal Spring,3,3
Crystal Spring,4,8
Crystal Spring,5,4
Crystal Spring,6,3
Crystal Spring,7,1
Crystal Spring,8,4
Crystal Spring,9,2
Crystal Spring,10,3
Crystal Spring,11,6
Crystal Spring,12,10
Crystal Springs,1,8
Crystal Springs,2,3
Crystal Springs,3,1
Crystal Springs,4,2
Crystal Springs,5,7
Crystal Springs,7,1
Crystal Springs,8,3
Cuba,1,2
Cuba,2,3
Cuba,3,6
Cuba,4,6
Cuba,5,1
Cuba,6,7
Cuba,7,2
Cuba,8,13
Cuba,9,3
Cuba,11,1
Cuba,12,12
Cubero,1,9
Cubero,4,1
Cubero,6,1
Cubero,7,3
Cubero,8,7
Cubero,10,5
Cubero,11,5
Cubero,12,1
Cudahy,1,2
Cudahy,2,1
Cudahy,4,1
Cudahy,5,3
Cudahy,8,1
Cudahy,9,1
Cudahy,10,2
Cudahy,12,3
Cuddebackville,1,1
Cuddebackville,7,4
Cuervo,1,1
Cuervo,3,4
Cuervo,5,4
Cuervo,7,6
Cuervo,10,2
Cuervo,11,5
Culbertson,1,1
Culbertson,3,1
Culbertson,10,1
Culbertson,11,3
Culbertson,12,2
Culdesac,2,2
Culdesac,7,1
Culdesac,9,3
Cullen,1,4
Cullen,12,1
Culleoka,3,3
Culleoka,7,2
Culleoka,8,2
Cullman,1,56
Cullman,2,51
Cullman,3,57
Cullman,4,70
Cullman,5,64
Cullman,6,57
Cullman,7,51
Cullman,8,53
Cullman,9,38
Cullman,10,39
Cullman,11,29
Cullman,12,23
Culloden,1,6
Culloden,2,6
Culloden,3,1
Culloden,4,1
Culloden,5,7
Culloden,6,1
Culloden,7,3
Culloden,9,7
Culloden,10,4
Culloden,11,6
Culloden,12,3
Cullom,7,1
Cullowhee,2,1
Cullowhee,4,3
Cullowhee,5,2
Cullowhee,6,9
Cullowhee,7,2
Cullowhee,9,1
Cullowhee,10,2
Cullowhee,11,5
Cullowhee,12,2
Culpeper,1,12
Culpeper,2,18
Culpeper,3,11
Culpeper,4,16
Culpeper,5,19
Culpeper,6,2
Culpeper,7,18
Culpeper,8,15
Culpeper,9,21
Culpeper,10,6
Culpeper,11,29
Culpeper,12,31
Culver,1,36
Culver,2,10
Culver,3,4
Culver,4,5
Culver,5,3
Culver,6,18
Culver,7,12
Culver,8,6
Culver,9,14
Culver,10,7
Culver,11,8
Culver,12,12
Culver City,1,105
Culver City,2,132
Culver City,3,107
Culver City,4,74
Culver City,5,83
Culver City,6,90
Culver City,7,86
Culver City,8,110
Culver City,9,94
Culver City,10,78
Culver City,11,93
Culver City,12,98
Cumberland,1,19
Cumberland,2,37
Cumberland,3,13
Cumberland,4,7
Cumberland,5,28
Cumberland,6,20
Cumberland,7,24
Cumberland,8,17
Cumberland,9,32
Cumberland,10,10
Cumberland,11,49
Cumberland,12,26
Cumberland Center,8,1
Cumberland City,9,2
Cumberland City,10,1
Cumberland City,11,3
Cumberland Furnace,1,5
Cumberland Furnace,6,2
Cumberland Furnace,12,2
Cumby,2,5
Cumming,1,19
Cumming,2,19
Cumming,3,9
Cumming,4,8
Cumming,5,10
Cumming,6,8
Cumming,7,5
Cumming,8,10
Cumming,9,14
Cumming,10,19
Cumming,11,9
Cumming,12,18
Cummings,1,6
Cummings,7,2
Cummings,11,1
Cummings,12,7
Cummington,8,1
Cunningham,1,4
Cunningham,11,1
Cupertino,1,75
Cupertino,2,69
Cupertino,3,68
Cupertino,4,31
Cupertino,5,34
Cupertino,6,43
Cupertino,7,45
Cupertino,8,48
Cupertino,9,38
Cupertino,10,44
Cupertino,11,37
Cupertino,12,39
Curlew,8,1
Currie,1,6
Currie,2,4
Currie,4,4
Currie,5,1
Currie,6,5
Currie,7,3
Currie,8,1
Currie,10,1
Currie,12,5
Currituck,7,5
Curtice,8,1
Curtis Bay,1,68
Curtis Bay,2,46
Curtis Bay,3,36
Curtis Bay,4,34
Curtis Bay,5,32
Curtis Bay,6,22
Curtis Bay,7,21
Curtis Bay,8,13
Curtis Bay,9,26
Curtis Bay,10,24
Curtis Bay,11,37
Curtis Bay,12,31
Curtiss,10,1
Curtiss,12,1
Curwensville,1,9
Curwensville,2,16
Curwensville,3,3
Curwensville,4,1
Curwensville,5,5
Curwensville,6,7
Curwensville,7,9
Curwensville,8,3
Curwensville,9,4
Curwensville,10,8
Curwensville,11,7
Curwensville,12,16
Cushing,1,12
Cushing,2,4
Cushing,3,2
Cushing,4,3
Cushing,5,3
Cushing,6,3
Cushing,7,2
Cushing,8,2
Cushing,9,6
Cushing,10,5
Cushing,11,3
Cushing,12,5
Cusick,1,1
Cusick,2,6
Cusick,5,1
Cusick,11,1
Cusseta,1,2
Cusseta,2,2
Cusseta,3,8
Cusseta,4,2
Cusseta,7,4
Cusseta,8,6
Cusseta,9,3
Cusseta,12,14
Custer,1,6
Custer,2,2
Custer,3,3
Custer,4,7
Custer,5,1
Custer,6,2
Custer,7,1
Custer,8,2
Custer,9,2
Custer,10,4
Custer,11,5
Custer,12,11
Custer City,2,3
Custer City,3,4
Cut Bank,2,2
Cut Bank,3,2
Cut Bank,7,2
Cut Bank,8,1
Cut Bank,9,5
Cut Bank,10,6
Cut Bank,11,2
Cut Bank,12,3
Cutchogue,6,1
Cutchogue,8,1
Cutchogue,10,1
Cutchogue,11,1
Cuthbert,1,3
Cuthbert,5,3
Cuthbert,9,4
Cuthbert,10,4
Cuthbert,12,3
Cutler,1,27
Cutler,2,15
Cutler,3,16
Cutler,4,17
Cutler,5,10
Cutler,6,9
Cutler,7,14
Cutler,8,15
Cutler,9,11
Cutler,10,9
Cutler,11,12
Cutler,12,12
Cutler Bay,1,133
Cutler Bay,2,117
Cutler Bay,3,71
Cutler Bay,4,120
Cutler Bay,5,67
Cutler Bay,6,69
Cutler Bay,7,88
Cutler Bay,8,35
Cutler Bay,9,81
Cutler Bay,10,104
Cutler Bay,11,159
Cutler Bay,12,212
Cuyahoga Falls,1,6
Cuyahoga Falls,2,4
Cuyahoga Falls,3,1
Cuyahoga Falls,4,5
Cuyahoga Falls,5,1
Cuyahoga Falls,6,3
Cuyahoga Falls,7,3
Cuyahoga Falls,8,3
Cuyahoga Falls,9,1
Cuyahoga Falls,10,4
Cuyahoga Falls,11,9
Cuyahoga Falls,12,12
Cuyama,2,1
Cuyama,3,1
Cuyama,5,1
Cuyama,6,2
Cuyama,10,1
Cyclone,1,3
Cyclone,3,1
Cyclone,4,3
Cyclone,6,2
Cyclone,7,8
Cyclone,9,1
Cyclone,10,3
Cyclone,11,6
Cygnet,1,2
Cygnet,3,1
Cygnet,5,1
Cygnet,7,1
Cygnet,11,1
Cypress,1,22
Cypress,2,32
Cypress,3,9
Cypress,4,21
Cypress,5,7
Cypress,6,14
Cypress,7,20
Cypress,8,25
Cypress,9,17
Cypress,10,11
Cypress,11,19
Cypress,12,27
Cyrus,4,1
Cyrus,12,4
Dacula,1,10
Dacula,2,11
Dacula,3,6
Dacula,4,1
Dacula,5,3
Dacula,6,5
Dacula,7,5
Dacula,8,5
Dacula,9,4
Dacula,10,5
Dacula,11,2
Dacula,12,10
Dade City,1,63
Dade City,2,48
Dade City,3,42
Dade City,4,35
Dade City,5,45
Dade City,6,30
Dade City,7,32
Dade City,8,62
Dade City,9,51
Dade City,10,36
Dade City,11,61
Dade City,12,37
Dadeville,2,1
Dadeville,4,1
Dadeville,12,5
Dafter,4,3
Dagsboro,3,1
Dagsboro,6,1
Dagsboro,10,4
Dahlgren,1,1
Dahlgren,4,1
Dahlgren,5,1
Dahlgren,6,1
Dahlgren,8,5
Dahlonega,1,9
Dairy,1,4
Dairy,2,3
Dairy,3,1
Dairy,4,4
Dairy,8,1
Dairy,9,1
Dairy,10,1
Dairy,12,3
Dakota,1,35
Dakota,2,39
Dakota,3,9
Dakota,4,4
Dakota,5,12
Dakota,6,5
Dakota,8,7
Dakota,9,1
Dakota,10,8
Dakota,11,10
Dakota,12,46
Dakota City,12,1
Dalbo,1,3
Dalbo,4,1
Dalbo,7,2
Dalbo,12,2
Dale,1,1
Dale,2,5
Dale,3,1
Dale,4,2
Dale,5,3
Dale,6,1
Dale,7,7
Dale,8,6
Dale,9,5
Dale,10,3
Dale,11,5
Daleville,1,19
Daleville,2,12
Daleville,3,15
Daleville,4,3
Daleville,5,4
Daleville,6,6
Daleville,7,31
Daleville,8,14
Daleville,9,2
Daleville,10,16
Daleville,11,7
Daleville,12,13
Dalhart,2,2
Dalhart,6,1
Dalhart,7,2
Dalhart,11,11
Dallas,1,5308
Dallas,2,4085
Dallas,3,2963
Dallas,4,3456
Dallas,5,3422
Dallas,6,3622
Dallas,7,3595
Dallas,8,3587
Dallas,9,3233
Dallas,10,2726
Dallas,11,3244
Dallas,12,3588
Dallas Center,5,1
Dallas Center,8,1
Dallastown,1,12
Dallastown,2,6
Dallastown,3,2
Dallastown,4,1
Dallastown,5,2
Dallastown,6,2
Dallastown,7,2
Dallastown,8,7
Dallastown,9,7
Dallastown,10,7
Dallastown,11,4
Dallastown,12,9
Dallesport,2,1
Dallesport,4,1
Dallesport,6,3
Dallesport,11,2
Dallesport,12,1
Dalmatia,1,3
Dalmatia,3,1
Dalmatia,5,3
Dalmatia,6,11
Dalmatia,7,3
Dalmatia,8,1
Dalmatia,10,4
Dalmatia,11,5
Dalmatia,12,2
Dalton,1,34
Dalton,2,43
Dalton,3,23
Dalton,4,23
Dalton,5,7
Dalton,6,15
Dalton,7,7
Dalton,8,11
Dalton,9,15
Dalton,10,14
Dalton,11,15
Dalton,12,57
Daly City,1,83
Daly City,2,67
Daly City,3,50
Daly City,4,50
Daly City,5,14
Daly City,6,37
Daly City,7,39
Daly City,8,42
Daly City,9,46
Daly City,10,63
Daly City,11,36
Daly City,12,87
Dalzell,1,22
Dalzell,2,15
Dalzell,3,12
Dalzell,4,14
Dalzell,5,12
Dalzell,6,10
Dalzell,7,11
Dalzell,8,14
Dalzell,9,18
Dalzell,10,7
Dalzell,11,22
Dalzell,12,12
Damascus,1,20
Damascus,2,33
Damascus,3,7
Damascus,4,10
Damascus,5,11
Damascus,6,29
Damascus,7,24
Damascus,8,22
Damascus,9,17
Damascus,10,11
Damascus,11,20
Damascus,12,40
Dameron,12,3
Dammeron Valley,8,2
Dammeron Valley,9,1
Dammeron Valley,11,2
Dammeron Valley,12,1
Damon,3,1
Damon,7,2
Dana,2,5
Dana,6,2
Dana Point,1,10
Dana Point,2,3
Dana Point,3,8
Dana Point,4,12
Dana Point,5,8
Dana Point,6,5
Dana Point,7,2
Dana Point,8,18
Dana Point,9,11
Dana Point,10,7
Dana Point,11,2
Dana Point,12,8
Danbury,1,20
Danbury,2,28
Danbury,3,39
Danbury,4,18
Danbury,5,39
Danbury,6,26
Danbury,7,23
Danbury,8,39
Danbury,9,31
Danbury,10,21
Danbury,11,87
Danbury,12,55
Dandridge,1,7
Dandridge,2,17
Dandridge,3,16
Dandridge,4,20
Dandridge,5,20
Dandridge,6,17
Dandridge,7,27
Dandridge,8,8
Dandridge,9,9
Dandridge,10,13
Dandridge,11,6
Dandridge,12,19
Dane,2,1
Dane,6,1
Dane,8,2
Dane,10,2
Dane,12,2
Danforth,3,1
Danforth,6,2
Dania,1,55
Dania,2,36
Dania,3,21
Dania,4,18
Dania,5,23
Dania,6,21
Dania,7,20
Dania,8,11
Dania,9,25
Dania,10,18
Dania,11,27
Dania,12,19
Dania Beach,1,13
Dania Beach,2,6
Dania Beach,3,8
Dania Beach,4,6
Dania Beach,5,8
Dania Beach,6,4
Dania Beach,7,5
Dania Beach,8,2
Dania Beach,9,4
Dania Beach,11,8
Dania Beach,12,9
Daniel Island,3,1
Daniel Island,8,1
Daniels,1,2
Daniels,3,2
Daniels,4,1
Daniels,5,1
Daniels,8,1
Danielson,3,1
Danielson,4,5
Danielson,5,10
Danielson,6,7
Danielson,7,1
Danielson,8,1
Danielson,9,4
Danielsville,1,3
Danielsville,2,4
Dansville,2,3
Dansville,3,1
Dansville,5,2
Dansville,6,11
Dansville,9,1
Dansville,10,5
Dansville,11,4
Dansville,12,9
Dante,10,6
Danube,1,3
Danube,2,2
Danube,9,1
Danube,11,2
Danube,12,5
Danvers,1,7
Danvers,2,24
Danvers,3,6
Danvers,4,14
Danvers,5,6
Danvers,6,11
Danvers,7,7
Danvers,8,8
Danvers,9,4
Danvers,10,11
Danvers,11,7
Danvers,12,3
Danville,1,133
Danville,2,99
Danville,3,103
Danville,4,88
Danville,5,92
Danville,6,91
Danville,7,107
Danville,8,83
Danville,9,100
Danville,10,94
Danville,11,90
Danville,12,141
Daphne,1,59
Daphne,2,43
Daphne,3,63
Daphne,4,54
Daphne,5,71
Daphne,6,78
Daphne,7,67
Daphne,8,45
Daphne,9,38
Daphne,10,29
Daphne,11,29
Daphne,12,34
Darby,1,13
Darby,2,12
Darby,3,5
Darby,4,7
Darby,5,8
Darby,6,3
Darby,7,8
Darby,8,6
Darby,9,16
Darby,10,5
Darby,11,9
Darby,12,11
Dardanelle,1,4
Dardanelle,3,6
Dardanelle,5,3
Dardanelle,6,2
Dardanelle,9,3
Dardanelle,10,2
Dardanelle,11,1
Dardanelle,12,2
Darfur,1,2
Darien,1,87
Darien,2,58
Darien,3,54
Darien,4,70
Darien,5,54
Darien,6,73
Darien,7,75
Darien,8,92
Darien,9,67
Darien,10,34
Darien,11,66
Darien,12,77
Darien Center,1,3
Darien Center,6,1
Darien Center,9,3
Darlington,1,73
Darlington,2,75
Darlington,3,53
Darlington,4,44
Darlington,5,48
Darlington,6,65
Darlington,7,43
Darlington,8,70
Darlington,9,58
Darlington,10,43
Darlington,11,40
Darlington,12,76
Darragh,1,2
Darrington,12,1
Darwin,1,3
Darwin,2,2
Darwin,4,1
Darwin,6,4
Darwin,11,2
Darwin,12,4
Dassel,1,11
Dassel,2,9
Dassel,3,5
Dassel,4,2
Dassel,5,4
Dassel,6,3
Dassel,7,8
Dassel,8,4
Dassel,9,6
Dassel,10,3
Dassel,11,14
Dassel,12,7
Dateland,1,4
Dateland,2,3
Dateland,5,2
Dateland,6,2
Dateland,7,3
Dateland,10,11
Dateland,11,4
Dateland,12,5
Daufuskie Island,5,1
Dauphin,1,14
Dauphin,2,7
Dauphin,3,6
Dauphin,4,8
Dauphin,5,6
Dauphin,6,16
Dauphin,7,4
Dauphin,8,10
Dauphin,9,16
Dauphin,10,9
Dauphin,11,6
Dauphin,12,3
Dauphin Island,3,2
Davenport,1,168
Davenport,2,143
Davenport,3,108
Davenport,4,111
Davenport,5,100
Davenport,6,102
Davenport,7,108
Davenport,8,107
Davenport,9,96
Davenport,10,99
Davenport,11,108
Davenport,12,135
Davidson,1,16
Davidson,2,6
Davidson,3,9
Davidson,4,9
Davidson,5,2
Davidson,6,8
Davidson,7,14
Davidson,8,12
Davidson,9,10
Davidson,10,8
Davidson,11,1
Davidson,12,4
Davidsonville,1,15
Davidsonville,2,22
Davidsonville,3,11
Davidsonville,4,3
Davidsonville,5,7
Davidsonville,6,15
Davidsonville,7,7
Davidsonville,8,2
Davidsonville,10,1
Davidsonville,11,7
Davidsonville,12,9
Davidsville,1,6
Davidsville,3,1
Davidsville,4,4
Davidsville,5,3
Davidsville,6,3
Davidsville,7,2
Davidsville,8,2
Davidsville,9,1
Davidsville,10,4
Davidsville,11,11
Davie,1,36
Davie,2,37
Davie,3,14
Davie,4,18
Davie,5,13
Davie,6,13
Davie,7,11
Davie,8,14
Davie,9,16
Davie,10,15
Davie,11,13
Davie,12,20
Davis,1,86
Davis,2,88
Davis,3,72
Davis,4,79
Davis,5,50
Davis,6,69
Davis,7,47
Davis,8,55
Davis,9,88
Davis,10,28
Davis,11,58
Davis,12,61
Davis City,1,1
Davis City,2,1
Davis City,5,1
Davis City,12,3
Davis Creek,1,2
Davis Creek,2,5
Davis Creek,4,3
Davis Creek,7,3
Davis Creek,9,4
Davis Creek,11,1
Davis Creek,12,6
Davisburg,1,18
Davisburg,2,22
Davisburg,3,3
Davisburg,4,10
Davisburg,5,5
Davisburg,6,1
Davisburg,7,2
Davisburg,8,3
Davisburg,9,6
Davisburg,10,9
Davisburg,11,6
Davisburg,12,7
Davison,1,58
Davison,2,55
Davison,3,30
Davison,4,20
Davison,5,29
Davison,6,21
Davison,7,21
Davison,8,21
Davison,9,24
Davison,10,19
Davison,11,36
Davison,12,41
Daviston,3,3
Daviston,4,2
Daviston,5,1
Dawn,12,1
Dawson,1,4
Dawson,2,12
Dawson,3,2
Dawson,4,4
Dawson,5,6
Dawson,6,5
Dawson,7,1
Dawson,8,7
Dawson,9,3
Dawson,10,3
Dawson,11,2
Dawson,12,3
Dawson Springs,10,1
Dawsonville,2,1
Dawsonville,7,3
Dawsonville,8,2
Dawsonville,9,2
Dawsonville,10,1
Dawsonville,11,1
Dawsonville,12,1
Dayton,1,494
Dayton,2,448
Dayton,3,427
Dayton,4,615
Dayton,5,629
Dayton,6,626
Dayton,7,633
Dayton,8,345
Dayton,9,325
Dayton,10,309
Dayton,11,559
Dayton,12,569
Daytona Beach,1,65
Daytona Beach,2,60
Daytona Beach,3,69
Daytona Beach,4,57
Daytona Beach,5,44
Daytona Beach,6,40
Daytona Beach,7,48
Daytona Beach,8,47
Daytona Beach,9,40
Daytona Beach,10,24
Daytona Beach,11,64
Daytona Beach,12,64
Dayville,1,4
Dayville,3,2
Dayville,5,2
Dayville,6,9
Dayville,7,5
Dayville,8,3
Dayville,9,8
Dayville,12,6
Dazey,3,1
De Beque,1,35
De Beque,2,22
De Beque,3,11
De Beque,4,2
De Beque,5,1
De Beque,6,6
De Beque,7,6
De Beque,8,1
De Beque,9,4
De Beque,10,7
De Beque,11,2
De Beque,12,30
De Berry,3,1
De Berry,7,1
De Berry,9,2
De Berry,10,5
De Berry,12,2
De Borgia,1,1
De Borgia,11,2
De Borgia,12,1
De Lancey,4,1
De Leon,1,1
De Leon,11,1
De Leon,12,1
De Leon Springs,1,5
De Leon Springs,2,3
De Leon Springs,3,10
De Leon Springs,4,5
De Leon Springs,5,5
De Leon Springs,6,4
De Leon Springs,7,9
De Leon Springs,8,4
De Leon Springs,9,6
De Leon Springs,10,4
De Leon Springs,11,5
De Leon Springs,12,4
De Mossville,7,1
De Mossville,10,3
De Pere,1,12
De Pere,2,16
De Pere,3,1
De Pere,4,1
De Pere,5,3
De Pere,6,7
De Pere,7,6
De Pere,8,5
De Pere,9,5
De Pere,10,3
De Pere,11,5
De Pere,12,9
De Soto,1,15
De Soto,2,23
De Soto,3,2
De Soto,4,9
De Soto,5,4
De Soto,6,4
De Soto,7,11
De Soto,8,20
De Soto,9,3
De Soto,10,6
De Soto,11,4
De Soto,12,11
De Witt,1,9
De Witt,2,4
De Witt,3,1
De Witt,4,2
De Witt,5,2
De Witt,6,2
De Witt,8,3
De Witt,9,1
De Witt,11,1
De Witt,12,2
Deadwood,1,2
Deadwood,2,7
Deadwood,3,4
Deadwood,4,1
Deadwood,5,1
Deadwood,8,5
Deadwood,11,2
Deadwood,12,1
Deal Island,8,8
Deansboro,2,1
Deansboro,4,1
Deansboro,5,1
Deansboro,6,4
Deansboro,7,3
Deansboro,11,1
Dearborn,1,52
Dearborn,2,61
Dearborn,3,31
Dearborn,4,23
Dearborn,5,32
Dearborn,6,22
Dearborn,7,36
Dearborn,8,25
Dearborn,9,20
Dearborn,10,26
Dearborn,11,40
Dearborn,12,34
Dearborn Heights,7,1
Dearborn Heights,11,1
Death Valley,1,3
Death Valley,2,10
Death Valley,3,2
Death Valley,4,3
Death Valley,5,2
Death Valley,7,2
Death Valley,8,2
Death Valley,9,1
Death Valley,10,8
Death Valley,11,1
Death Valley,12,5
Deatsville,1,13
Deatsville,2,5
Deatsville,3,5
Deatsville,4,20
Deatsville,5,7
Deatsville,6,14
Deatsville,7,14
Deatsville,8,7
Deatsville,9,2
Deatsville,10,12
Deatsville,11,3
Deatsville,12,8
Debary,1,18
Debary,2,15
Debary,3,14
Debary,4,8
Debary,5,7
Debary,6,16
Debary,7,11
Debary,8,10
Debary,9,4
Debary,10,8
Debary,11,14
Debary,12,20
Decatur,1,300
Decatur,2,224
Decatur,3,203
Decatur,4,163
Decatur,5,163
Decatur,6,151
Decatur,7,202
Decatur,8,199
Decatur,9,159
Decatur,10,123
Decatur,11,124
Decatur,12,266
Decherd,1,19
Decherd,2,14
Decherd,3,11
Decherd,4,6
Decherd,5,7
Decherd,6,9
Decherd,7,8
Decherd,8,7
Decherd,9,8
Decherd,10,14
Decherd,11,7
Decherd,12,8
Decker,1,4
Decker,3,1
Decker,8,1
Decker,9,1
Decker,10,1
Declo,2,5
Declo,4,19
Declo,6,1
Declo,12,4
Decorah,12,1
Dedham,1,18
Dedham,2,15
Dedham,3,4
Dedham,4,11
Dedham,5,17
Dedham,6,9
Dedham,7,14
Dedham,8,12
Dedham,9,12
Dedham,10,7
Dedham,11,12
Dedham,12,4
Deep Gap,2,3
Deep Gap,3,1
Deep River,1,4
Deep River,3,1
Deep River,4,3
Deep River,8,3
Deep River,11,3
Deep River,12,1
Deep Run,1,2
Deep Run,3,1
Deep Run,5,5
Deep Run,6,4
Deepwater,7,1
Deer,9,3
Deer Creek,1,10
Deer Creek,2,5
Deer Creek,3,4
Deer Creek,4,9
Deer Creek,5,5
Deer Creek,6,6
Deer Creek,7,1
Deer Creek,10,2
Deer Creek,11,3
Deer Creek,12,2
Deer Island,1,1
Deer Island,2,7
Deer Island,3,1
Deer Island,6,2
Deer Island,8,2
Deer Island,9,5
Deer Island,10,3
Deer Island,11,6
Deer Island,12,3
Deer Lodge,1,39
Deer Lodge,2,30
Deer Lodge,3,3
Deer Lodge,4,4
Deer Lodge,6,1
Deer Lodge,7,1
Deer Lodge,8,8
Deer Lodge,9,4
Deer Lodge,10,2
Deer Lodge,11,17
Deer Lodge,12,43
Deer Park,1,10
Deer Park,2,16
Deer Park,3,13
Deer Park,4,11
Deer Park,5,8
Deer Park,6,10
Deer Park,7,7
Deer Park,8,10
Deer Park,9,7
Deer Park,10,14
Deer Park,11,18
Deer Park,12,12
Deer River,1,24
Deer River,2,7
Deer River,3,3
Deer River,4,5
Deer River,5,4
Deer River,6,14
Deer River,7,5
Deer River,8,4
Deer River,9,1
Deer River,10,1
Deer River,11,11
Deer River,12,19
Deer Trail,4,1
Deer Trail,9,1
Deer Trail,11,2
Deer Trail,12,2
Deerbrook,4,1
Deerfield,1,33
Deerfield,2,29
Deerfield,3,17
Deerfield,4,22
Deerfield,5,20
Deerfield,6,23
Deerfield,7,34
Deerfield,8,32
Deerfield,9,32
Deerfield,10,45
Deerfield,11,25
Deerfield,12,23
Deerfield Beach,1,66
Deerfield Beach,2,60
Deerfield Beach,3,44
Deerfield Beach,4,45
Deerfield Beach,5,39
Deerfield Beach,6,58
Deerfield Beach,7,23
Deerfield Beach,8,37
Deerfield Beach,9,42
Deerfield Beach,10,30
Deerfield Beach,11,71
Deerfield Beach,12,74
Deerwood,1,6
Deerwood,2,1
Deerwood,3,5
Deerwood,5,7
Deerwood,6,4
Deerwood,7,7
Deerwood,8,3
Deerwood,9,2
Deerwood,10,5
Deerwood,11,12
Deerwood,12,8
Deeth,1,2
Deeth,3,3
Deeth,4,1
Deeth,5,4
Deeth,6,4
Deeth,7,7
Deeth,8,1
Deeth,9,2
Deeth,10,11
Deeth,12,9
Defiance,1,3
Defiance,4,2
Defiance,6,1
Defiance,8,1
Defiance,10,3
Defiance,11,1
Defiance,12,2
Deforest,1,4
Deforest,2,7
Deforest,3,7
Deforest,4,4
Deforest,5,6
Deforest,6,1
Deforest,7,6
Deforest,8,18
Deforest,9,2
Deforest,10,7
Deforest,11,12
Deforest,12,6
Defuniak Springs,1,84
Defuniak Springs,2,44
Defuniak Springs,3,31
Defuniak Springs,4,30
Defuniak Springs,5,39
Defuniak Springs,6,58
Defuniak Springs,7,38
Defuniak Springs,8,46
Defuniak Springs,9,32
Defuniak Springs,10,22
Defuniak Springs,11,36
Defuniak Springs,12,46
Dekalb,1,7
Dekalb,2,6
Dekalb,3,5
Dekalb,4,4
Dekalb,5,3
Dekalb,6,9
Dekalb,7,2
Dekalb,8,5
Dekalb,9,1
Dekalb,10,1
Dekalb,11,1
Del City,4,1
Del City,11,1
Del Mar,1,27
Del Mar,2,24
Del Mar,3,33
Del Mar,4,20
Del Mar,5,21
Del Mar,6,33
Del Mar,7,33
Del Mar,8,13
Del Mar,9,26
Del Mar,10,8
Del Mar,11,39
Del Mar,12,31
Del Norte,12,5
Del Rey,1,7
Del Rey,2,12
Del Rey,3,5
Del Rey,4,9
Del Rey,5,12
Del Rey,6,11
Del Rey,7,12
Del Rey,8,5
Del Rey,9,5
Del Rey,10,5
Del Rey,11,7
Del Rey,12,6
Del Rio,3,2
Del Rio,4,1
Del Rio,5,2
Del Rio,7,5
Del Rio,12,1
Del Valle,1,107
Del Valle,2,75
Del Valle,3,47
Del Valle,4,45
Del Valle,5,59
Del Valle,6,55
Del Valle,7,42
Del Valle,8,71
Del Valle,9,126
Del Valle,10,97
Del Valle,11,95
Del Valle,12,91
Delafield,1,6
Delafield,2,5
Delafield,3,4
Delafield,4,3
Delafield,5,5
Delafield,6,7
Delafield,7,9
Delafield,8,5
Delafield,9,6
Delafield,10,2
Delafield,11,8
Delafield,12,13
Delanco,4,1
DeLand,1,92
DeLand,2,78
DeLand,3,29
DeLand,4,45
DeLand,5,51
DeLand,6,41
DeLand,7,44
DeLand,8,75
DeLand,9,63
DeLand,10,71
DeLand,11,90
DeLand,12,68
Delano,1,87
Delano,2,92
Delano,3,64
Delano,4,35
Delano,5,60
Delano,6,33
Delano,7,44
Delano,8,45
Delano,9,55
Delano,10,44
Delano,11,65
Delano,12,67
Delanson,1,17
Delanson,2,7
Delanson,3,4
Delanson,4,5
Delanson,5,5
Delanson,6,13
Delanson,7,7
Delanson,8,2
Delanson,9,3
Delanson,10,9
Delanson,11,3
Delanson,12,7
Delaplane,1,29
Delaplane,2,8
Delaplane,3,10
Delaplane,4,11
Delaplane,5,8
Delaplane,6,34
Delaplane,7,21
Delaplane,8,3
Delaplane,9,13
Delaplane,10,11
Delaplane,11,13
Delaplane,12,18
Delavan,1,6
Delavan,3,2
Delavan,4,1
Delavan,5,2
Delavan,8,2
Delavan,10,3
Delavan,12,3
Delaware,1,41
Delaware,2,27
Delaware,3,27
Delaware,4,19
Delaware,5,15
Delaware,6,12
Delaware,7,7
Delaware,8,16
Delaware,9,6
Delaware,10,11
Delaware,11,34
Delaware,12,21
Delaware City,5,1
Delaware Water Gap,2,5
Delaware Water Gap,3,2
Delaware Water Gap,4,6
Delaware Water Gap,5,1
Delaware Water Gap,6,1
Delaware Water Gap,7,1
Delaware Water Gap,8,7
Delaware Water Gap,9,2
Delaware Water Gap,10,1
Delaware Water Gap,12,4
Delbarton,5,2
Delco,1,1
Delco,2,1
Delco,3,1
Delco,6,6
Delco,9,3
Delco,11,1
Delco,12,1
Delevan,8,1
Delevan,9,1
Delhi,1,47
Delhi,2,34
Delhi,3,28
Delhi,4,23
Delhi,5,30
Delhi,6,46
Delhi,7,25
Delhi,8,41
Delhi,9,37
Delhi,10,34
Delhi,11,30
Delhi,12,46
Delight,1,1
Delight,9,1
Dell,1,1
Dell,3,5
Dell,4,1
Dell,8,2
Dell,10,1
Dell,11,1
Dell,12,2
Dell City,8,2
Delmar,1,5
Delmar,2,6
Delmar,3,8
Delmar,4,1
Delmar,5,4
Delmar,6,1
Delmar,7,5
Delmar,8,12
Delmar,9,5
Delmar,11,1
Delmar,12,9
Delmont,2,2
Delmont,3,1
Delmont,5,7
Delmont,7,1
Delmont,8,14
Delmont,9,12
Delmont,10,3
Delmont,11,2
Delphi,5,4
Delphi,8,3
Delphos,5,2
Delphos,6,1
Delphos,11,1
Delran,1,1
Delran,2,2
Delran,3,1
Delran,4,3
Delran,5,2
Delran,6,1
Delran,7,4
Delran,8,3
Delran,9,1
Delran,12,3
Delray Beach,1,115
Delray Beach,2,82
Delray Beach,3,87
Delray Beach,4,90
Delray Beach,5,62
Delray Beach,6,51
Delray Beach,7,34
Delray Beach,8,33
Delray Beach,9,54
Delray Beach,10,61
Delray Beach,11,79
Delray Beach,12,102
Delta,1,19
Delta,2,12
Delta,3,8
Delta,4,11
Delta,5,7
Delta,6,11
Delta,7,17
Delta,8,22
Delta,9,5
Delta,10,13
Delta,11,20
Delta,12,26
Deltaville,1,5
Deltaville,2,4
Deltaville,4,1
Deltaville,6,4
Deltaville,9,1
Deltaville,11,2
Deltaville,12,1
Deltona,1,26
Deltona,2,35
Deltona,3,30
Deltona,4,21
Deltona,5,26
Deltona,6,20
Deltona,7,15
Deltona,8,31
Deltona,9,19
Deltona,10,22
Deltona,11,23
Deltona,12,26
Deming,1,6
Deming,2,7
Deming,3,7
Deming,4,7
Deming,5,13
Deming,6,7
Deming,7,6
Deming,8,4
Deming,9,5
Deming,10,5
Deming,11,1
Deming,12,7
Demopolis,2,1
Demopolis,3,1
Demopolis,5,2
Demopolis,6,1
Demopolis,7,1
Demorest,1,8
Demorest,5,2
Demorest,10,3
Demotte,1,10
Demotte,2,19
Demotte,3,8
Demotte,4,6
Demotte,5,2
Demotte,6,6
Demotte,7,3
Demotte,8,7
Demotte,9,5
Demotte,10,1
Demotte,11,5
Demotte,12,9
Denair,1,13
Denair,2,16
Denair,3,6
Denair,4,9
Denair,5,8
Denair,6,13
Denair,7,11
Denair,8,11
Denair,9,16
Denair,10,18
Denair,11,15
Denair,12,20
Dendron,4,2
Dendron,5,2
Dendron,7,2
Dendron,8,1
Dendron,9,4
Denham Springs,1,24
Denham Springs,2,30
Denham Springs,3,15
Denham Springs,4,11
Denham Springs,5,8
Denham Springs,6,14
Denham Springs,7,18
Denham Springs,8,30
Denham Springs,9,18
Denham Springs,10,7
Denham Springs,11,21
Denham Springs,12,3
Denhoff,3,2
Denio,4,3
Denio,8,1
Denio,9,3
Denio,12,1
Denison,3,7
Denison,5,1
Denison,7,1
Denison,8,1
Denison,11,1
Denmark,1,5
Denmark,2,3
Denmark,3,2
Denmark,4,5
Denmark,5,2
Denmark,6,8
Denmark,7,8
Denmark,8,10
Denmark,9,6
Denmark,10,5
Denmark,11,4
Denmark,12,5
Dennard,1,2
Dennard,3,1
Dennard,10,1
Dennehotso,7,3
Dennis,3,1
Dennison,1,8
Dennison,2,5
Dennison,3,4
Dennison,4,1
Dennison,5,1
Dennison,6,8
Dennison,8,3
Dennison,9,1
Dennison,10,1
Dent,2,1
Dent,4,2
Dent,6,3
Dent,11,3
Denton,1,122
Denton,2,122
Denton,3,66
Denton,4,89
Denton,5,87
Denton,6,141
Denton,7,96
Denton,8,100
Denton,9,83
Denton,10,100
Denton,11,94
Denton,12,55
Denver,1,659
Denver,2,798
Denver,3,590
Denver,4,546
Denver,5,485
Denver,6,480
Denver,7,476
Denver,8,500
Denver,9,463
Denver,10,545
Denver,11,554
Denver,12,686
Denville,1,15
Denville,2,10
Denville,3,14
Denville,4,2
Denville,5,5
Denville,6,4
Denville,7,20
Denville,8,10
Denville,9,8
Denville,10,3
Denville,11,6
Denville,12,10
Depew,1,2
Depew,2,1
Depew,5,2
Depew,9,2
Depew,11,1
Depoe Bay,1,21
Depoe Bay,2,6
Depoe Bay,3,7
Depoe Bay,4,4
Depoe Bay,5,1
Depoe Bay,7,13
Depoe Bay,8,1
Depoe Bay,9,2
Depoe Bay,10,10
Depoe Bay,11,4
Depoe Bay,12,9
Deposit,3,1
Deposit,6,4
Deposit,8,1
Deposit,9,3
Deposit,10,1
Deposit,11,1
Deposit,12,7
Deputy,7,4
Derby,1,5
Derby,2,2
Derby,3,2
Derby,4,5
Derby,5,4
Derby,6,1
Derby,7,4
Derby,8,8
Derby,9,2
Derby,10,6
Derby,11,3
Derby,12,4
Derby Line,12,1
Deridder,12,1
Dermott,1,1
Dermott,2,4
Dermott,6,3
Dermott,7,1
Dermott,9,3
Dermott,10,1
Dermott,11,2
Dermott,12,1
Derrick City,1,15
Derrick City,2,2
Derrick City,4,2
Derrick City,6,2
Derrick City,7,2
Derrick City,11,4
Derrick City,12,3
Derry,1,9
Derry,2,9
Derry,3,2
Derry,5,2
Derry,6,11
Derry,7,3
Derry,8,2
Derry,9,7
Derry,10,3
Derry,11,6
Derry,12,2
Derwood,1,20
Derwood,2,10
Derwood,3,4
Derwood,4,18
Derwood,5,11
Derwood,6,4
Derwood,7,19
Derwood,8,4
Derwood,9,6
Derwood,10,13
Derwood,11,11
Derwood,12,9
Des Allemands,9,17
Des Allemands,10,1
Des Moines,1,150
Des Moines,2,218
Des Moines,3,62
Des Moines,4,101
Des Moines,5,71
Des Moines,6,99
Des Moines,7,56
Des Moines,8,66
Des Moines,9,70
Des Moines,10,64
Des Moines,11,68
Des Moines,12,76
Des Plaines,1,91
Des Plaines,2,66
Des Plaines,3,29
Des Plaines,4,34
Des Plaines,5,37
Des Plaines,6,43
Des Plaines,7,51
Des Plaines,8,49
Des Plaines,9,53
Des Plaines,10,26
Des Plaines,11,40
Des Plaines,12,29
Desdemona,8,4
Desha,8,1
Deshler,1,1
Desoto,1,13
Desoto,2,8
Desoto,3,3
Desoto,4,13
Desoto,5,10
Desoto,6,11
Desoto,7,14
Desoto,8,13
Desoto,9,4
Desoto,10,5
Desoto,11,5
Desoto,12,3
Destin,1,9
Destin,2,6
Destin,3,15
Destin,4,31
Destin,5,20
Destin,6,18
Destin,7,25
Destin,8,16
Destin,9,4
Destin,10,12
Destin,11,9
Destin,12,7
Destrehan,1,7
Destrehan,2,1
Destrehan,3,3
Destrehan,4,2
Destrehan,5,3
Destrehan,6,2
Destrehan,7,3
Destrehan,8,1
Destrehan,9,5
Destrehan,10,3
Destrehan,11,3
Destrehan,12,1
Detroit,1,823
Detroit,2,883
Detroit,3,531
Detroit,4,500
Detroit,5,466
Detroit,6,524
Detroit,7,464
Detroit,8,439
Detroit,9,419
Detroit,10,386
Detroit,11,430
Detroit,12,473
Detroit Lakes,1,34
Detroit Lakes,2,26
Detroit Lakes,3,10
Detroit Lakes,4,9
Detroit Lakes,5,6
Detroit Lakes,6,12
Detroit Lakes,7,24
Detroit Lakes,8,5
Detroit Lakes,9,12
Detroit Lakes,10,3
Detroit Lakes,11,28
Detroit Lakes,12,26
Devens,1,3
Devens,2,1
Devens,5,1
Devens,9,2
Devils Lake,1,3
Devils Lake,2,2
Devils Lake,3,1
Devils Lake,5,1
Devils Lake,6,1
Devils Lake,7,2
Devils Lake,9,1
Devine,3,1
Devine,6,1
Devon,1,5
Devon,2,5
Devon,3,5
Devon,4,7
Devon,5,6
Devon,6,9
Devon,7,9
Devon,8,1
Devon,9,6
Devon,10,4
Devon,11,6
Devon,12,5
Dewey,1,3
Dewey,2,7
Dewey,3,3
Dewey,4,26
Dewey,5,6
Dewey,6,5
Dewey,7,3
Dewey,8,6
Dewey,9,27
Dewey,10,3
Dewey,11,10
Dewey,12,8
Deweyville,1,1
Deweyville,3,1
Deweyville,10,1
Deweyville,11,2
Deweyville,12,2
DeWitt,1,12
DeWitt,2,11
DeWitt,3,9
DeWitt,4,5
DeWitt,5,5
DeWitt,6,4
DeWitt,7,16
DeWitt,8,7
DeWitt,9,12
DeWitt,10,4
DeWitt,11,8
DeWitt,12,15
Dewy Rose,3,3
Dewy Rose,4,1
Dexter,1,46
Dexter,2,24
Dexter,3,13
Dexter,4,12
Dexter,5,7
Dexter,6,22
Dexter,7,13
Dexter,8,25
Dexter,9,11
Dexter,10,3
Dexter,11,11
Dexter,12,15
Dexter City,11,1
Diablo,1,2
Diablo,2,1
Diablo,7,1
Diablo,8,2
Diablo,9,2
Diamond,1,2
Diamond,2,1
Diamond,3,1
Diamond,6,1
Diamond,7,1
Diamond,8,2
Diamond,10,2
Diamond Bar,1,264
Diamond Bar,2,286
Diamond Bar,3,186
Diamond Bar,4,180
Diamond Bar,5,139
Diamond Bar,6,152
Diamond Bar,7,131
Diamond Bar,8,160
Diamond Bar,9,112
Diamond Bar,10,105
Diamond Bar,11,167
Diamond Bar,12,163
Diamond Point,1,8
Diamond Point,2,6
Diamond Point,3,1
Diamond Point,4,6
Diamond Point,5,2
Diamond Point,6,5
Diamond Point,10,3
Diamond Point,11,1
Diamond Point,12,19
Diamond Springs,1,18
Diamond Springs,2,10
Diamond Springs,3,3
Diamond Springs,4,7
Diamond Springs,5,7
Diamond Springs,6,7
Diamond Springs,7,14
Diamond Springs,8,8
Diamond Springs,9,9
Diamond Springs,10,17
Diamond Springs,11,5
Diamond Springs,12,16
Diamondhead,2,4
Diamondhead,4,1
Diamondhead,6,1
Diamondhead,7,4
Diamondhead,9,2
Diamondhead,11,1
Diberville,1,3
Diberville,2,2
Diberville,3,3
Diberville,4,1
Diberville,5,2
Diberville,6,3
Diberville,8,3
Diberville,9,3
Diberville,11,1
Diberville,12,1
D'Iberville,2,2
D'Iberville,4,3
D'Iberville,6,2
D'Iberville,8,2
D'Iberville,9,2
Diboll,7,2
Diboll,12,1
Dickerson,1,4
Dickerson,2,7
Dickerson,3,4
Dickerson,5,6
Dickerson,6,2
Dickerson,7,5
Dickerson,8,5
Dickerson,9,7
Dickerson,11,1
Dickerson,12,2
Dickinson,1,14
Dickinson,2,8
Dickinson,3,5
Dickinson,4,7
Dickinson,5,9
Dickinson,6,16
Dickinson,7,6
Dickinson,8,6
Dickinson,9,5
Dickinson,10,2
Dickinson,11,11
Dickinson,12,10
Dickson,2,1
Dickson,3,4
Dickson,4,10
Dickson,5,7
Dickson,6,13
Dickson,7,2
Dickson,8,2
Dickson,9,17
Dickson,10,7
Dickson,11,7
Dickson,12,4
Dierks,4,5
Dierks,11,3
Dike,1,3
Dike,3,1
Dike,10,3
Dike,12,4
Dillard,2,1
Dilley,2,1
Dilley,4,1
Dilley,7,5
Dilley,8,1
Dilley,11,1
Dillon,1,96
Dillon,2,64
Dillon,3,90
Dillon,4,73
Dillon,5,52
Dillon,6,45
Dillon,7,55
Dillon,8,51
Dillon,9,45
Dillon,10,81
Dillon,11,63
Dillon,12,91
Dillon Beach,1,1
Dillon Beach,3,3
Dillon Beach,7,1
Dillon Beach,9,3
Dillonvale,6,1
Dillsboro,2,2
Dillsboro,3,1
Dillsboro,4,1
Dillsboro,6,2
Dillsboro,9,1
Dillsboro,10,1
Dillsburg,1,19
Dillsburg,2,27
Dillsburg,3,14
Dillsburg,4,3
Dillsburg,5,19
Dillsburg,6,16
Dillsburg,7,17
Dillsburg,8,36
Dillsburg,9,14
Dillsburg,10,23
Dillsburg,11,19
Dillsburg,12,9
Dillwyn,1,2
Dillwyn,3,16
Dillwyn,4,6
Dillwyn,5,15
Dillwyn,6,5
Dillwyn,7,1
Dillwyn,11,2
Dillwyn,12,7
Dilworth,2,1
Dimmitt,6,1
Dimmitt,7,3
Dimmitt,8,1
Dimmitt,9,3
Dimondale,1,1
Dimondale,2,2
Dimondale,12,7
Dingmans Ferry,1,6
Dingmans Ferry,2,4
Dingmans Ferry,3,4
Dingmans Ferry,5,3
Dingmans Ferry,6,4
Dingmans Ferry,7,6
Dingmans Ferry,8,6
Dingmans Ferry,9,6
Dingmans Ferry,10,1
Dingmans Ferry,11,2
Dingmans Ferry,12,4
Dinosaur,1,2
Dinosaur,8,9
Dinosaur,12,1
Dinuba,1,46
Dinuba,2,43
Dinuba,3,28
Dinuba,4,23
Dinuba,5,24
Dinuba,6,27
Dinuba,7,45
Dinuba,8,16
Dinuba,9,32
Dinuba,10,13
Dinuba,11,23
Dinuba,12,35
Dinwiddie,1,20
Dinwiddie,2,12
Dinwiddie,3,15
Dinwiddie,4,31
Dinwiddie,5,10
Dinwiddie,6,15
Dinwiddie,7,7
Dinwiddie,8,10
Dinwiddie,9,20
Dinwiddie,10,13
Dinwiddie,11,9
Dinwiddie,12,33
Discovery Bay,1,18
Discovery Bay,2,22
Discovery Bay,3,16
Discovery Bay,4,20
Discovery Bay,5,14
Discovery Bay,6,13
Discovery Bay,7,15
Discovery Bay,8,10
Discovery Bay,9,20
Discovery Bay,10,14
Discovery Bay,11,11
Discovery Bay,12,20
Disputanta,1,6
Disputanta,4,7
Disputanta,5,3
Disputanta,6,5
Disputanta,7,3
Disputanta,8,1
Disputanta,9,13
Disputanta,10,3
Disputanta,11,5
Disputanta,12,4
District 1,5,1
District 1,8,3
District 12 Oxon Hill,1,1
District 12 Oxon Hill,2,2
District 13,9,1
District 17 Chillum,8,1
District 18 Seat Pleasant,3,1
District 18 Seat Pleasant,8,1
District 18 Seat Pleasant,11,1
District 2,6,1
District 24 Braddock,11,1
District 4 Kent Island,1,4
District 4 Kent Island,2,2
District 4 Kent Island,3,1
District 4 Kent Island,4,2
District 4 Kent Island,6,4
District 4 Kent Island,7,1
District 4 Kent Island,8,3
District 4 Kent Island,9,3
District 4 Kent Island,11,1
District 4 Kent Island,12,1
District 5,1,6
District 5,5,1
District 5,6,1
District 5,7,1
District 5,8,3
District 5,9,4
District 5,10,3
District 5,12,1
District 6 Northern,7,1
District 7 Ocean City,5,1
District 7 Ocean City,6,2
District 7 Ocean City,7,2
District 9,4,1
District F,2,1
District F,5,1
District Heights,1,31
District Heights,2,24
District Heights,3,10
District Heights,4,17
District Heights,5,16
District Heights,6,27
District Heights,7,26
District Heights,8,22
District Heights,9,22
District Heights,10,19
District Heights,11,24
District Heights,12,38
Dittmer,1,3
Dittmer,5,2
Dittmer,9,2
Dittmer,12,1
Divernon,1,1
Divernon,2,4
Divernon,3,2
Divernon,4,4
Divernon,5,1
Divernon,6,2
Divernon,8,3
Divernon,12,1
Divide,1,8
Divide,2,3
Divide,3,14
Divide,4,12
Divide,5,9
Divide,6,2
Divide,7,2
Divide,8,6
Divide,9,11
Divide,10,6
Divide,11,12
Divide,12,17
Dix,1,4
Dix,2,5
Dix,3,4
Dix,5,3
Dix,6,3
Dix,7,4
Dix,9,2
Dix,10,1
Dix,12,1
Dix Hills,1,1
Dix Hills,2,1
Dix Hills,3,2
Dix Hills,4,1
Dix Hills,5,2
Dix Hills,6,4
Dix Hills,7,1
Dix Hills,8,6
Dix Hills,9,2
Dix Hills,10,1
Dix Hills,11,1
Dix Hills,12,2
Dixon,1,115
Dixon,2,110
Dixon,3,74
Dixon,4,77
Dixon,5,55
Dixon,6,64
Dixon,7,55
Dixon,8,74
Dixon,9,78
Dixon,10,59
Dixon,11,47
Dixon,12,116
Dixon Springs,6,2
Dobbins,1,3
Dobbins,2,5
Dobbins,3,1
Dobbins,4,1
Dobbins,5,4
Dobbins,6,3
Dobbins,7,2
Dobbins,8,2
Dobbins,9,2
Dobbins,10,6
Dobbins,11,2
Dobbins,12,8
Dobbs Ferry,1,11
Dobbs Ferry,2,7
Dobbs Ferry,3,12
Dobbs Ferry,4,10
Dobbs Ferry,5,9
Dobbs Ferry,6,6
Dobbs Ferry,7,6
Dobbs Ferry,8,8
Dobbs Ferry,9,4
Dobbs Ferry,10,2
Dobbs Ferry,11,3
Dobbs Ferry,12,4
Dobson,1,13
Dobson,2,4
Dobson,3,2
Dobson,4,5
Dobson,5,5
Dobson,6,11
Dobson,8,7
Dobson,9,12
Dobson,10,3
Dobson,12,3
Doddridge,1,1
Doddridge,3,2
Doddridge,4,1
Doddridge,8,1
Doddridge,9,3
Doddridge,10,3
Dodge,9,1
Dodge,12,1
Dodge Center,1,13
Dodge Center,2,17
Dodge Center,3,2
Dodge Center,4,3
Dodge Center,5,4
Dodge Center,6,8
Dodge Center,7,1
Dodge Center,8,3
Dodge Center,9,4
Dodge Center,10,3
Dodge Center,11,6
Dodge Center,12,5
Dodge City,2,1
Dodgeville,1,1
Dodgeville,8,1
Dodson,3,1
Doerun,7,1
Doerun,9,1
Doerun,12,2
Dolan Springs,2,5
Dolan Springs,3,1
Dolan Springs,4,8
Dolan Springs,5,8
Dolan Springs,6,3
Dolan Springs,7,4
Dolan Springs,8,4
Dolan Springs,9,4
Dolan Springs,10,2
Dolan Springs,11,1
Dolan Springs,12,3
Dolores,1,1
Dolores,5,3
Dolores,7,1
Dolores,11,2
Dolphin,1,2
Dolphin,2,4
Dolphin,3,2
Dolphin,4,1
Dolphin,5,1
Dolphin,7,1
Dolphin,8,5
Dolphin,9,1
Dolphin,10,5
Dolphin,11,3
Dolphin,12,2
Dolton,1,2
Dolton,2,4
Dolton,3,4
Dolton,4,2
Dolton,5,2
Dolton,6,3
Dolton,7,1
Dolton,8,1
Dolton,9,3
Dolton,11,2
Dolton,12,3
Donalds,1,11
Donalds,2,4
Donalds,3,4
Donalds,4,5
Donalds,5,5
Donalds,6,1
Donalds,7,6
Donalds,8,6
Donalds,9,6
Donalds,10,11
Donalds,11,8
Donalds,12,9
Donaldson,1,2
Donaldson,2,3
Donaldson,4,1
Donaldson,5,4
Donaldson,6,9
Donaldson,7,6
Donaldson,8,3
Donaldson,9,5
Donaldson,10,2
Donaldson,12,5
Donaldsonville,4,1
Donaldsonville,6,1
Donalsonville,9,1
Donegal,1,2
Donegal,2,14
Donegal,3,6
Donegal,4,10
Donegal,5,6
Donegal,6,4
Donegal,7,8
Donegal,8,4
Donegal,10,1
Donegal,11,1
Donegal,12,9
Dongola,1,2
Dongola,2,4
Dongola,5,2
Doniphan,1,1
Doniphan,2,2
Doniphan,6,1
Doniphan,8,1
Donna,9,8
Donna,10,1
Donna,11,2
Donnellson,1,1
Donnellson,2,5
Donnellson,4,1
Donnellson,6,4
Donnellson,7,2
Donnellson,11,3
Donnelly,1,2
Donnelly,4,1
Doon,2,2
Doon,5,1
Dora,1,1
Dora,2,1
Dora,3,2
Dora,4,1
Dora,5,1
Dora,6,2
Dora,8,1
Dora,12,2
Doral,1,114
Doral,2,90
Doral,3,52
Doral,4,90
Doral,5,83
Doral,6,61
Doral,7,47
Doral,8,80
Doral,9,115
Doral,10,121
Doral,11,109
Doral,12,156
Dorchester,1,93
Dorchester,2,91
Dorchester,3,72
Dorchester,4,101
Dorchester,5,89
Dorchester,6,104
Dorchester,7,76
Dorchester,8,114
Dorchester,9,85
Dorchester,10,64
Dorchester,11,85
Dorchester,12,75
Dorchester Center,1,28
Dorchester Center,2,19
Dorchester Center,3,29
Dorchester Center,4,23
Dorchester Center,5,27
Dorchester Center,6,32
Dorchester Center,7,20
Dorchester Center,8,27
Dorchester Center,9,28
Dorchester Center,10,23
Dorchester Center,11,25
Dorchester Center,12,27
Dorena,2,1
Dornsife,2,5
Dornsife,3,1
Dornsife,5,2
Dornsife,8,4
Dornsife,11,3
Dorris,1,17
Dorris,2,6
Dorris,3,1
Dorris,4,3
Dorris,6,5
Dorris,7,3
Dorris,8,1
Dorris,9,5
Dorris,11,3
Dorris,12,4
Dos Palos,1,42
Dos Palos,2,23
Dos Palos,3,28
Dos Palos,4,18
Dos Palos,5,13
Dos Palos,6,17
Dos Palos,7,18
Dos Palos,8,22
Dos Palos,9,34
Dos Palos,10,19
Dos Palos,11,23
Dos Palos,12,35
Dos Rios,1,2
Dos Rios,2,7
Dos Rios,3,1
Dos Rios,4,2
Dos Rios,5,3
Dos Rios,6,4
Dos Rios,7,5
Dos Rios,8,2
Dos Rios,10,1
Dos Rios,11,11
Dos Rios,12,7
Doswell,1,37
Doswell,2,28
Doswell,3,17
Doswell,4,36
Doswell,5,13
Doswell,6,32
Doswell,7,70
Doswell,8,41
Doswell,9,25
Doswell,10,22
Doswell,11,28
Doswell,12,24
Dothan,1,65
Dothan,2,74
Dothan,3,174
Dothan,4,168
Dothan,5,134
Dothan,6,121
Dothan,7,118
Dothan,8,99
Dothan,9,45
Dothan,10,25
Dothan,11,35
Dothan,12,55
Double Springs,1,2
Double Springs,6,3
Double Springs,7,1
Double Springs,8,3
Double Springs,9,1
Double Springs,11,1
Douglas,1,6
Douglas,2,1
Douglas,3,1
Douglas,4,6
Douglas,6,8
Douglas,7,1
Douglas,9,9
Douglas,10,6
Douglas,11,7
Douglas,12,16
Douglas City,1,4
Douglas City,2,9
Douglas City,3,6
Douglas City,4,2
Douglas City,5,4
Douglas City,6,1
Douglas City,7,10
Douglas City,8,9
Douglas City,9,10
Douglas City,10,3
Douglas City,11,6
Douglas City,12,11
Douglassville,1,6
Douglassville,2,4
Douglassville,3,7
Douglassville,4,4
Douglassville,5,1
Douglassville,6,5
Douglassville,7,2
Douglassville,8,15
Douglassville,9,4
Douglassville,11,4
Douglassville,12,4
Douglasville,1,21
Douglasville,2,10
Douglasville,3,27
Douglasville,4,16
Douglasville,5,15
Douglasville,6,12
Douglasville,7,9
Douglasville,8,10
Douglasville,9,14
Douglasville,10,8
Douglasville,11,23
Douglasville,12,21
Dove Creek,1,5
Dove Creek,2,7
Dove Creek,5,5
Dove Creek,10,2
Dove Creek,11,1
Dove Creek,12,12
Dover,1,133
Dover,2,95
Dover,3,74
Dover,4,66
Dover,5,64
Dover,6,60
Dover,7,68
Dover,8,93
Dover,9,85
Dover,10,67
Dover,11,67
Dover,12,61
Dover AFB,2,1
Dover AFB,7,1
Dover AFB,11,1
Dover Plains,1,5
Dover Plains,2,2
Dover Plains,3,2
Dover Plains,4,3
Dover Plains,8,2
Dover Plains,9,5
Dover Plains,10,6
Dover Plains,11,8
Dover Plains,12,2
Dovray,12,3
Dowagiac,1,4
Dowagiac,4,4
Dowagiac,7,3
Dowagiac,8,3
Dowagiac,12,4
Dowelltown,4,2
Dowelltown,8,2
Dowelltown,11,2
Dowelltown,12,1
Downers Grove,1,96
Downers Grove,2,91
Downers Grove,3,56
Downers Grove,4,50
Downers Grove,5,52
Downers Grove,6,71
Downers Grove,7,47
Downers Grove,8,87
Downers Grove,9,56
Downers Grove,10,39
Downers Grove,11,33
Downers Grove,12,46
Downey,1,225
Downey,2,230
Downey,3,216
Downey,4,206
Downey,5,133
Downey,6,153
Downey,7,168
Downey,8,179
Downey,9,161
Downey,10,145
Downey,11,146
Downey,12,156
Downieville,1,2
Downieville,2,1
Downieville,6,5
Downieville,9,1
Downingtown,1,93
Downingtown,2,109
Downingtown,3,43
Downingtown,4,67
Downingtown,5,62
Downingtown,6,69
Downingtown,7,38
Downingtown,8,60
Downingtown,9,73
Downingtown,10,51
Downingtown,11,71
Downingtown,12,81
Downs,1,2
Downs,2,3
Downs,3,1
Downs,4,1
Downs,5,1
Downs,8,2
Downs,9,1
Downs,11,1
Downsville,12,1
Dows,1,4
Dows,3,4
Dows,4,1
Dows,8,2
Dows,12,6
Doyle,1,34
Doyle,2,37
Doyle,3,10
Doyle,4,7
Doyle,5,4
Doyle,6,21
Doyle,7,17
Doyle,8,6
Doyle,9,7
Doyle,10,7
Doyle,11,16
Doyle,12,20
Doylesburg,1,2
Doylesburg,6,7
Doylesburg,8,3
Doylestown,1,3
Doylestown,2,4
Doylestown,3,3
Doylestown,5,1
Doylestown,6,7
Doylestown,7,7
Doylestown,8,18
Doylestown,9,3
Doylestown,10,1
Doylestown,11,12
Doylestown,12,7
Dozier,1,1
Dozier,2,1
Dozier,3,1
Dozier,7,1
Dozier,11,1
Dracut,1,1
Dracut,7,1
Dragoon,1,5
Dragoon,4,1
Dragoon,6,4
Dragoon,7,4
Dragoon,8,3
Dragoon,9,2
Dragoon,11,1
Drain,1,9
Drain,2,12
Drain,3,10
Drain,4,11
Drain,5,5
Drain,6,3
Drain,7,3
Drain,8,3
Drain,9,6
Drain,10,2
Drain,11,8
Drain,12,6
Drake,3,3
Drake,6,3
Drake,7,1
Drake,8,2
Drake,9,1
Drake,10,3
Drake,11,7
Drakes Branch,1,3
Drakes Branch,2,6
Drakes Branch,6,3
Drakes Branch,8,1
Drakes Branch,9,1
Drakes Branch,11,9
Drakesboro,12,1
Draper,1,126
Draper,2,66
Draper,3,48
Draper,4,76
Draper,5,59
Draper,6,71
Draper,7,52
Draper,8,93
Draper,9,70
Draper,10,46
Draper,11,92
Draper,12,116
Drasco,2,2
Drasco,6,3
Drasco,9,1
Dravosburg,2,8
Dravosburg,4,1
Dravosburg,5,2
Dravosburg,6,1
Dravosburg,7,2
Dravosburg,9,1
Dravosburg,10,1
Dravosburg,11,5
Drayton,1,3
Drayton,2,1
Drayton,12,1
Dresden,6,3
Dresden,11,2
Dresher,1,24
Dresher,2,6
Dresher,3,5
Dresher,4,5
Dresher,5,7
Dresher,6,9
Dresher,7,10
Dresher,8,10
Dresher,9,4
Dresher,10,12
Dresher,11,14
Dresher,12,22
Drewryville,1,2
Drewryville,5,2
Drewryville,6,2
Drewryville,8,1
Drewryville,10,1
Drewryville,11,2
Drewryville,12,19
Drewsey,1,11
Drewsey,2,6
Drewsey,3,1
Drewsey,5,8
Drewsey,6,3
Drewsey,7,6
Drewsey,8,2
Drewsey,9,1
Drewsey,10,2
Drewsey,11,2
Drewsey,12,13
Drexel Hill,1,15
Drexel Hill,2,3
Drexel Hill,3,8
Drexel Hill,4,3
Drexel Hill,5,6
Drexel Hill,6,16
Drexel Hill,7,6
Drexel Hill,8,5
Drexel Hill,9,4
Drexel Hill,10,13
Drexel Hill,11,2
Drexel Hill,12,7
Drifting,4,1
Drifting,12,3
Driftwood,1,1
Driftwood,4,5
Driftwood,5,5
Driftwood,6,1
Driftwood,8,2
Driftwood,10,1
Driggs,8,2
Dripping Springs,1,6
Dripping Springs,2,1
Dripping Springs,4,2
Dripping Springs,5,1
Dripping Springs,6,1
Dripping Springs,8,2
Dripping Springs,9,4
Dripping Springs,10,3
Dripping Springs,11,4
Dripping Springs,12,1
Driscoll,1,4
Driscoll,4,1
Driscoll,7,2
Driscoll,10,1
Driscoll,11,2
Drummond,1,51
Drummond,2,31
Drummond,3,11
Drummond,4,4
Drummond,5,2
Drummond,6,3
Drummond,7,4
Drummond,8,10
Drummond,9,4
Drummond,10,3
Drummond,11,66
Drummond,12,64
Drummonds,7,1
Drumore,1,5
Drumore,4,1
Drums,1,13
Drums,2,28
Drums,3,11
Drums,4,13
Drums,5,16
Drums,6,8
Drums,7,10
Drums,8,10
Drums,9,18
Drums,11,11
Drums,12,10
Dry Branch,1,6
Dry Branch,2,2
Dry Branch,3,4
Dry Branch,4,2
Dry Branch,5,2
Dry Branch,6,4
Dry Branch,7,1
Dry Branch,8,9
Dry Branch,9,2
Dry Branch,11,6
Dry Branch,12,8
Dry Fork,2,3
Dry Fork,3,2
Dry Fork,10,5
Dry Fork,11,2
Dry Fork,12,1
Dry Ridge,2,1
Dry Ridge,6,1
Dry Run,1,3
Drybranch,2,5
Drybranch,4,2
Drybranch,5,1
Drybranch,6,1
Drybranch,7,2
Drybranch,8,2
Drybranch,9,1
Drybranch,12,4
Dryden,2,2
Dryden,3,5
Dryden,7,1
Dryden,8,2
Dryden,9,4
Dryden,11,1
Dryden,12,3
Drytown,1,4
Drytown,2,1
Drytown,4,1
Drytown,6,1
Drytown,7,2
Drytown,11,2
Du Bois,1,46
Du Bois,2,45
Du Bois,3,14
Du Bois,4,22
Du Bois,5,11
Du Bois,6,20
Du Bois,7,31
Du Bois,8,15
Du Bois,9,17
Du Bois,10,12
Du Bois,11,40
Du Bois,12,31
Duanesburg,1,19
Duanesburg,2,12
Duanesburg,3,6
Duanesburg,4,6
Duanesburg,5,11
Duanesburg,6,15
Duanesburg,7,4
Duanesburg,8,1
Duanesburg,9,4
Duanesburg,10,5
Duanesburg,11,7
Duanesburg,12,10
Duarte,1,46
Duarte,2,88
Duarte,3,40
Duarte,4,41
Duarte,5,52
Duarte,6,65
Duarte,7,53
Duarte,8,49
Duarte,9,45
Duarte,10,24
Duarte,11,34
Duarte,12,46
Dublin,1,145
Dublin,2,81
Dublin,3,71
Dublin,4,99
Dublin,5,92
Dublin,6,94
Dublin,7,96
Dublin,8,93
Dublin,9,77
Dublin,10,59
Dublin,11,87
Dublin,12,121
Dubois,1,17
Dubois,2,12
Dubois,3,8
Dubois,4,11
Dubois,5,5
Dubois,6,5
Dubois,7,7
Dubois,8,6
Dubois,9,4
Dubois,10,9
Dubois,11,17
Dubois,12,17
Dubuque,2,11
Dubuque,3,1
Dubuque,4,2
Dubuque,5,2
Dubuque,8,1
Dubuque,11,2
Dubuque,12,2
Duchesne,1,6
Duchesne,2,15
Duchesne,3,2
Duchesne,4,7
Duchesne,5,2
Duchesne,6,7
Duchesne,7,19
Duchesne,8,5
Duchesne,9,9
Duchesne,10,9
Duchesne,11,9
Duchesne,12,10
Duck,5,1
Duck,8,2
Duck Creek Village,7,1
Duck Creek Village,8,1
Duck River,1,1
Duck River,2,2
Duck River,8,1
Duck River,9,1
Ducor,1,8
Ducor,2,6
Ducor,4,2
Ducor,5,1
Ducor,7,2
Ducor,8,1
Ducor,9,1
Ducor,11,4
Ducor,12,3
Dudley,1,5
Dudley,3,12
Dudley,4,6
Dudley,5,2
Dudley,6,5
Dudley,7,4
Dudley,8,13
Dudley,9,1
Dudley,10,3
Dudley,11,1
Dudley,12,3
Due West,1,5
Due West,2,1
Due West,5,2
Due West,6,1
Due West,8,3
Due West,9,2
Due West,10,2
Due West,11,1
Due West,12,2
Duette,3,2
Duette,9,1
Duette,10,2
Duff,5,2
Duffield,1,1
Duffield,2,3
Duffield,4,1
Duffield,6,2
Duffield,7,5
Duffield,8,7
Duffield,9,1
Duffield,11,2
Duffield,12,6
Dufur,1,10
Dufur,2,4
Dufur,3,4
Dufur,5,1
Dufur,6,4
Dufur,7,4
Dufur,8,3
Dufur,9,1
Dufur,10,3
Dufur,11,7
Dufur,12,7
Dugger,7,6
Dugspur,7,2
Dugway,1,13
Dugway,2,7
Dugway,3,11
Dugway,4,5
Dugway,5,4
Dugway,6,8
Dugway,7,4
Dugway,8,14
Dugway,9,5
Dugway,10,1
Dugway,11,6
Dugway,12,10
Duke Center,1,2
Duke Center,2,6
Duke Center,3,6
Duke Center,4,6
Duke Center,7,6
Duke Center,10,4
Duke Center,11,3
Duke Center,12,2
Dulce,3,1
Dulce,8,1
Duluth,1,148
Duluth,2,172
Duluth,3,86
Duluth,4,89
Duluth,5,81
Duluth,6,88
Duluth,7,63
Duluth,8,79
Duluth,9,71
Duluth,10,73
Duluth,11,86
Duluth,12,202
Duluth city,1,2
Duluth city,2,7
Duluth city,3,2
Duluth city,4,1
Duluth city,5,1
Duluth city,11,2
Duluth city,12,4
Dumas,1,1
Dumas,3,4
Dumas,11,1
Dumas,12,1
Dumfries,1,99
Dumfries,2,52
Dumfries,3,66
Dumfries,4,97
Dumfries,5,70
Dumfries,6,78
Dumfries,7,81
Dumfries,8,72
Dumfries,9,63
Dumfries,10,66
Dumfries,11,51
Dumfries,12,140
Dumont,1,8
Dumont,2,14
Dumont,3,6
Dumont,4,3
Dumont,6,1
Dumont,7,1
Dumont,8,5
Dumont,10,4
Dumont,11,1
Dumont,12,17
Dunbar,1,15
Dunbar,2,7
Dunbar,3,16
Dunbar,4,5
Dunbar,5,3
Dunbar,6,6
Dunbar,7,17
Dunbar,8,16
Dunbar,9,6
Dunbar,10,6
Dunbar,11,1
Dunbar,12,9
Duncan,1,145
Duncan,2,133
Duncan,3,115
Duncan,4,142
Duncan,5,121
Duncan,6,111
Duncan,7,99
Duncan,8,125
Duncan,9,123
Duncan,10,58
Duncan,11,86
Duncan,12,99
Duncannon,1,25
Duncannon,2,16
Duncannon,3,18
Duncannon,4,17
Duncannon,5,10
Duncannon,6,33
Duncannon,7,7
Duncannon,8,41
Duncannon,9,23
Duncannon,10,8
Duncannon,11,10
Duncannon,12,24
Duncans Mills,1,3
Duncans Mills,3,1
Duncans Mills,5,1
Duncans Mills,6,3
Duncans Mills,7,2
Duncans Mills,10,2
Duncans Mills,12,1
Duncansville,1,36
Duncansville,2,58
Duncansville,3,33
Duncansville,4,28
Duncansville,5,22
Duncansville,6,19
Duncansville,7,20
Duncansville,8,28
Duncansville,9,18
Duncansville,10,17
Duncansville,11,36
Duncansville,12,31
Duncanville,1,60
Duncanville,2,50
Duncanville,3,42
Duncanville,4,34
Duncanville,5,39
Duncanville,6,65
Duncanville,7,38
Duncanville,8,41
Duncanville,9,22
Duncanville,10,24
Duncanville,11,38
Duncanville,12,43
Dundalk,1,24
Dundalk,2,30
Dundalk,3,5
Dundalk,4,19
Dundalk,5,20
Dundalk,6,20
Dundalk,7,6
Dundalk,8,9
Dundalk,9,9
Dundalk,10,14
Dundalk,11,18
Dundalk,12,22
Dundas,1,24
Dundas,2,15
Dundas,3,8
Dundas,4,4
Dundas,5,3
Dundas,6,7
Dundas,7,5
Dundas,8,3
Dundas,9,4
Dundas,10,2
Dundas,11,6
Dundas,12,9
Dundee,1,13
Dundee,2,30
Dundee,3,19
Dundee,4,8
Dundee,5,5
Dundee,6,16
Dundee,7,13
Dundee,8,10
Dundee,9,19
Dundee,10,12
Dundee,11,17
Dundee,12,16
Dunedin,1,14
Dunedin,2,37
Dunedin,3,29
Dunedin,4,15
Dunedin,5,31
Dunedin,6,31
Dunedin,7,14
Dunedin,8,18
Dunedin,9,29
Dunedin,10,14
Dunedin,11,28
Dunedin,12,19
Dunellen,1,4
Dunellen,2,2
Dunellen,4,2
Dunellen,7,6
Dunellen,10,1
Dunellen,11,2
Dunellen,12,4
Dunkirk,1,11
Dunkirk,2,18
Dunkirk,3,4
Dunkirk,4,7
Dunkirk,5,16
Dunkirk,6,5
Dunkirk,7,2
Dunkirk,8,7
Dunkirk,9,5
Dunkirk,10,10
Dunkirk,11,16
Dunkirk,12,39
Dunlap,1,7
Dunlap,2,4
Dunlap,3,7
Dunlap,4,2
Dunlap,5,5
Dunlap,6,10
Dunlap,7,2
Dunlap,8,7
Dunlap,9,3
Dunlap,10,4
Dunlap,11,8
Dunlap,12,6
Dunmore,5,1
Dunn,1,67
Dunn,2,47
Dunn,3,77
Dunn,4,59
Dunn,5,22
Dunn,6,27
Dunn,7,69
Dunn,8,55
Dunn,9,72
Dunn,10,18
Dunn,11,48
Dunn,12,84
Dunn Center,11,2
Dunn Loring,1,26
Dunn Loring,2,23
Dunn Loring,3,16
Dunn Loring,4,20
Dunn Loring,5,10
Dunn Loring,6,12
Dunn Loring,7,12
Dunn Loring,8,17
Dunn Loring,9,16
Dunn Loring,10,17
Dunn Loring,11,19
Dunn Loring,12,20
Dunnell,1,1
Dunnell,12,4
Dunnellon,1,51
Dunnellon,2,23
Dunnellon,3,15
Dunnellon,4,20
Dunnellon,5,22
Dunnellon,6,26
Dunnellon,7,21
Dunnellon,8,24
Dunnellon,9,24
Dunnellon,10,16
Dunnellon,11,21
Dunnellon,12,32
Dunnigan,1,11
Dunnigan,2,8
Dunnigan,3,7
Dunnigan,4,6
Dunnigan,5,3
Dunnigan,6,9
Dunnigan,7,1
Dunnigan,8,6
Dunnigan,9,22
Dunnigan,10,3
Dunnigan,11,8
Dunnigan,12,11
Dunnsville,1,13
Dunnsville,2,4
Dunnsville,3,1
Dunnsville,5,9
Dunnsville,7,1
Dunnsville,8,7
Dunnsville,10,3
Dunnsville,11,2
Dunnsville,12,6
Dunseith,9,1
Dunsmuir,1,41
Dunsmuir,2,17
Dunsmuir,3,5
Dunsmuir,4,7
Dunsmuir,5,2
Dunsmuir,6,12
Dunsmuir,7,9
Dunsmuir,8,2
Dunsmuir,9,8
Dunsmuir,10,3
Dunsmuir,11,16
Dunsmuir,12,28
Dunstable,5,1
Dupo,1,3
Dupo,2,6
Dupo,3,3
Dupo,4,1
Dupo,5,1
Dupo,6,4
Dupo,7,2
Dupo,9,1
Dupo,10,1
Dupont,1,11
Dupont,2,14
Dupont,3,10
Dupont,4,9
Dupont,5,11
Dupont,6,18
Dupont,7,8
Dupont,8,12
Dupont,9,16
Dupont,10,2
Dupont,11,11
Dupont,12,36
Duquesne,1,6
Duquesne,3,3
Duquesne,4,9
Duquesne,5,3
Duquesne,7,3
Duquesne,11,11
Duquesne,12,2
Durand,1,3
Durand,2,9
Durand,5,1
Durand,6,3
Durand,7,6
Durand,8,1
Durand,9,3
Durand,11,4
Durand,12,6
Durango,1,6
Durango,2,1
Durango,3,3
Durango,5,1
Durango,6,16
Durango,7,3
Durango,9,4
Durango,10,1
Durango,11,1
Durango,12,3
Durant,1,11
Durant,2,1
Durant,3,3
Durant,4,2
Durant,5,1
Durant,6,2
Durant,7,1
Durant,8,2
Durant,10,4
Durant,11,1
Durant,12,1
Durbin,2,1
Durham,1,190
Durham,2,145
Durham,3,160
Durham,4,135
Durham,5,136
Durham,6,165
Durham,7,160
Durham,8,178
Durham,9,120
Durham,10,78
Durham,11,153
Durham,12,157
Durhamville,1,2
Durhamville,2,3
Durhamville,3,1
Durhamville,4,3
Durhamville,5,1
Durhamville,6,7
Durhamville,7,3
Durhamville,8,1
Durhamville,9,2
Durhamville,12,8
Durkee,1,3
Durkee,2,2
Durkee,3,4
Durkee,4,1
Durkee,7,2
Durkee,10,1
Durkee,11,2
Durkee,12,8
Dushore,1,18
Dushore,2,12
Dushore,3,5
Dushore,4,6
Dushore,5,9
Dushore,6,4
Dushore,7,8
Dushore,8,11
Dushore,9,1
Dushore,11,5
Dushore,12,7
Duson,1,8
Duson,2,6
Duson,3,5
Duson,4,6
Duson,5,11
Duson,6,4
Duson,7,1
Duson,8,10
Duson,9,10
Duson,10,2
Duson,11,3
Duson,12,2
Dutch Flat,1,29
Dutch Flat,2,28
Dutch Flat,3,10
Dutch Flat,4,2
Dutch Flat,5,5
Dutch Flat,6,4
Dutch Flat,7,12
Dutch Flat,8,5
Dutch Flat,9,3
Dutch Flat,10,6
Dutch Flat,11,6
Dutch Flat,12,15
Dutch John,1,1
Dutch John,2,2
Dutch John,3,2
Dutch John,4,2
Dutch John,5,2
Dutch John,9,1
Dutch John,10,1
Dutch John,11,1
Dutton,1,6
Dutton,2,5
Dutton,3,1
Dutton,4,2
Dutton,5,1
Dutton,6,7
Dutton,7,3
Dutton,8,1
Dutton,10,3
Dutton,11,5
Dutton,12,4
Duvall,1,5
Duvall,4,3
Duvall,7,2
Duvall,8,1
Duxbury,1,16
Duxbury,2,18
Duxbury,3,9
Duxbury,4,16
Duxbury,5,19
Duxbury,6,16
Duxbury,7,13
Duxbury,8,5
Duxbury,9,2
Duxbury,10,2
Duxbury,11,9
Duxbury,12,11
Dwight,1,9
Dwight,2,8
Dwight,3,6
Dwight,4,4
Dwight,5,7
Dwight,6,3
Dwight,7,1
Dwight,8,2
Dwight,9,2
Dwight,10,4
Dwight,11,1
Dyersburg,9,1
Dyersville,2,1
Dyersville,3,2
Dyersville,4,2
Dyersville,6,2
Dyersville,8,1
Dyersville,10,2
Dyersville,11,1
Dyess,1,4
Dyess,2,8
Dyess,6,2
Dyess,11,6
Dyke,9,6
Dysart,1,15
Dysart,2,2
Dysart,4,4
Dysart,6,1
Dysart,7,6
Dysart,9,5
Dysart,11,3
Dysart,12,4
Eads,1,7
Eads,2,1
Eads,3,2
Eads,6,1
Eads,7,2
Eads,8,3
Eads,9,7
Eads,10,6
Eads,12,5
Eagar,1,1
Eagar,2,1
Eagar,6,2
Eagar,7,1
Eagar,8,1
Eagar,9,1
Eagar,11,2
Eagle,1,45
Eagle,2,21
Eagle,3,24
Eagle,4,20
Eagle,5,23
Eagle,6,27
Eagle,7,23
Eagle,8,18
Eagle,9,31
Eagle,10,9
Eagle,11,24
Eagle,12,31
Eagle Bend,1,5
Eagle Bend,4,2
Eagle Bend,12,1
Eagle Bridge,2,1
Eagle Bridge,3,1
Eagle Bridge,6,3
Eagle Bridge,7,2
Eagle Bridge,8,5
Eagle Bridge,10,3
Eagle Bridge,11,1
Eagle Creek,1,20
Eagle Creek,2,6
Eagle Creek,3,9
Eagle Creek,5,4
Eagle Creek,6,3
Eagle Creek,7,8
Eagle Creek,8,2
Eagle Creek,9,2
Eagle Creek,10,3
Eagle Creek,12,12
Eagle Lake,1,12
Eagle Lake,2,6
Eagle Lake,3,4
Eagle Lake,4,1
Eagle Lake,5,7
Eagle Lake,6,2
Eagle Lake,7,2
Eagle Lake,8,4
Eagle Lake,9,6
Eagle Lake,10,1
Eagle Lake,11,6
Eagle Lake,12,14
Eagle Mountain,1,2
Eagle Mountain,2,4
Eagle Mountain,3,1
Eagle Mountain,4,2
Eagle Mountain,8,4
Eagle Mountain,9,1
Eagle Mountain,11,1
Eagle Point,1,51
Eagle Point,2,28
Eagle Point,3,17
Eagle Point,4,13
Eagle Point,5,3
Eagle Point,6,22
Eagle Point,7,7
Eagle Point,8,11
Eagle Point,9,21
Eagle Point,10,18
Eagle Point,11,18
Eagle Point,12,30
Eagle Rock,1,4
Eagle Rock,2,2
Eagle Rock,3,13
Eagle Rock,4,1
Eagle Rock,6,2
Eagle Rock,7,4
Eagle Rock,8,2
Eagle Rock,9,10
Eagle Rock,10,6
Eagle Rock,11,8
Eagle Springs,1,2
Eagle Springs,2,6
Eagle Springs,9,15
Eagles Mere,10,2
Eagles Mere,11,2
Eagleville,1,1
Eagleville,3,2
Eagleville,8,1
Eagleville,11,1
Eagleville,12,1
Earl Park,2,1
Earl Park,6,1
Earle,2,1
Earle,3,3
Earle,4,2
Earle,8,2
Earle,9,1
Earle,10,1
Earleton,9,1
Earleton,11,1
Earleville,1,2
Earleville,2,1
Earleville,4,1
Earleville,5,3
Earlham,1,16
Earlham,2,3
Earlham,5,2
Earlham,6,4
Earlham,7,4
Earlham,8,6
Earlham,9,1
Earlham,12,2
Earlimart,1,48
Earlimart,2,41
Earlimart,3,34
Earlimart,4,28
Earlimart,5,23
Earlimart,6,24
Earlimart,7,34
Earlimart,8,39
Earlimart,9,41
Earlimart,10,39
Earlimart,11,26
Earlimart,12,28
Earling,4,1
Earling,8,2
Earlville,2,2
Early,1,9
Early,9,1
Early Branch,1,9
Early Branch,2,2
Early Branch,3,4
Early Branch,4,2
Early Branch,5,2
Early Branch,6,6
Early Branch,7,4
Early Branch,8,4
Early Branch,9,3
Early Branch,10,2
Early Branch,11,5
Early Branch,12,3
Earlysville,1,5
Earlysville,2,4
Earlysville,4,4
Earlysville,7,6
Earlysville,8,1
Earlysville,9,2
Earlysville,10,1
Earlysville,11,3
Earlysville,12,4
Earp,1,3
Earp,2,5
Earp,3,3
Earp,4,2
Earp,5,4
Earp,6,9
Earp,7,3
Earp,8,3
Earp,9,6
Earp,10,5
Earp,11,5
Earp,12,2
Earth City,1,1
Earth City,2,11
Earth City,3,4
Earth City,4,2
Earth City,5,4
Earth City,6,1
Earth City,7,1
Earth City,8,2
Earth City,9,2
Earth City,10,1
Earth City,12,5
Easley,1,168
Easley,2,130
Easley,3,110
Easley,4,128
Easley,5,131
Easley,6,114
Easley,7,93
Easley,8,129
Easley,9,95
Easley,10,81
Easley,11,106
Easley,12,129
East Alton,6,1
East Amherst,2,1
East Amherst,3,1
East Amherst,10,1
East Aurora,2,4
East Aurora,3,2
East Aurora,11,2
East Aurora,12,1
East Bank,2,2
East Bend,2,1
East Bend,3,3
East Bend,4,7
East Bend,5,1
East Berlin,1,11
East Berlin,2,13
East Berlin,3,9
East Berlin,4,6
East Berlin,5,6
East Berlin,6,4
East Berlin,7,4
East Berlin,8,17
East Berlin,9,7
East Berlin,10,11
East Berlin,11,14
East Berlin,12,8
East Bernard,1,2
East Bernard,11,1
East Bernard,12,2
East Berne,1,1
East Berne,3,2
East Berne,4,2
East Berne,5,5
East Berne,8,3
East Bernstadt,4,3
East Bernstadt,7,1
East Bernstadt,8,1
East Bernstadt,9,2
East Bernstadt,10,9
East Bethany,7,1
East Boston,1,6
East Boston,2,3
East Boston,3,12
East Boston,4,3
East Boston,5,4
East Boston,6,6
East Boston,7,5
East Boston,8,1
East Boston,9,4
East Boston,10,4
East Boston,11,6
East Boston,12,6
East Brady,2,1
East Brady,7,1
East Branch,2,1
East Branch,8,2
East Branch,10,1
East Branch,12,4
East Brookfield,2,1
East Brookfield,9,1
East Brunswick,1,45
East Brunswick,2,59
East Brunswick,3,40
East Brunswick,4,25
East Brunswick,5,44
East Brunswick,6,49
East Brunswick,7,46
East Brunswick,8,31
East Brunswick,9,21
East Brunswick,10,24
East Brunswick,11,36
East Brunswick,12,49
East Canaan,12,1
East Canton,6,1
East Canton,7,1
East Canton,12,3
East Carbon,1,4
East Carbon,4,3
East Carbon,6,3
East Carbon,7,2
East Carbon,8,1
East Carbon,10,1
East Carbon,11,3
East Carondelet,1,1
East Carondelet,9,1
East Chatham,1,2
East Chatham,2,3
East Chatham,3,3
East Chatham,4,2
East Chatham,5,7
East Chatham,6,4
East Chatham,7,1
East Chatham,9,8
East Chatham,10,4
East Chatham,11,6
East Chatham,12,7
East Chicago,2,1
East Chicago,6,4
East Chicago,8,1
East Dover,11,1
East Dublin,3,2
East Dublin,4,2
East Dublin,5,1
East Dublin,6,1
East Dublin,7,2
East Dublin,8,2
East Dublin,9,1
East Dublin,10,1
East Dublin,11,1
East Dubuque,7,8
East Durham,2,6
East Earl,1,16
East Earl,2,11
East Earl,3,8
East Earl,4,3
East Earl,5,4
East Earl,6,6
East Earl,7,4
East Earl,8,4
East Earl,9,10
East Earl,10,7
East Earl,11,7
East Earl,12,11
East Ellijay,9,2
East Ellijay,12,1
East Elmhurst,1,21
East Elmhurst,2,27
East Elmhurst,3,17
East Elmhurst,4,31
East Elmhurst,5,47
East Elmhurst,6,43
East Elmhurst,7,29
East Elmhurst,8,41
East Elmhurst,9,46
East Elmhurst,10,19
East Elmhurst,11,40
East Elmhurst,12,43
East Falmouth,2,2
East Falmouth,3,2
East Falmouth,6,3
East Falmouth,7,3
East Falmouth,8,3
East Falmouth,9,1
East Falmouth,11,1
East Flat Rock,2,2
East Flat Rock,4,6
East Flat Rock,10,1
East Freedom,1,19
East Freedom,2,18
East Freedom,3,8
East Freedom,4,6
East Freedom,5,9
East Freedom,6,5
East Freedom,7,3
East Freedom,8,10
East Freedom,9,7
East Freedom,10,6
East Freedom,11,8
East Freedom,12,28
East Fultonham,11,2
East Glacier Park,1,1
East Glacier Park,2,1
East Glacier Park,3,1
East Glacier Park,4,1
East Glacier Park,6,1
East Glacier Park,8,2
East Glacier Park,11,3
East Glacier Park,12,8
East Granby,3,3
East Granby,5,10
East Granby,6,3
East Granby,7,1
East Granby,8,3
East Granby,9,5
East Granby,10,5
East Granby,12,1
East Grand Forks,6,1
East Greenbush,1,10
East Greenbush,2,16
East Greenbush,3,2
East Greenbush,4,5
East Greenbush,5,5
East Greenbush,6,6
East Greenbush,7,6
East Greenbush,8,6
East Greenbush,9,5
East Greenbush,10,2
East Greenbush,11,1
East Greenbush,12,10
East Greenville,1,5
East Greenville,2,3
East Greenville,3,4
East Greenville,4,1
East Greenville,5,6
East Greenville,6,4
East Greenville,7,4
East Greenville,8,4
East Greenville,9,4
East Greenville,10,4
East Greenville,11,7
East Greenville,12,6
East Greenwich,1,8
East Greenwich,2,14
East Greenwich,3,7
East Greenwich,4,4
East Greenwich,5,8
East Greenwich,6,5
East Greenwich,7,20
East Greenwich,8,4
East Greenwich,9,7
East Greenwich,10,6
East Greenwich,11,10
East Greenwich,12,11
East Haddam,3,1
East Haddam,4,3
East Haddam,6,3
East Hampstead,4,1
East Hampstead,5,2
East Hampstead,12,1
East Hampton,1,4
East Hampton,3,4
East Hampton,5,3
East Hampton,7,4
East Hampton,8,10
East Hampton,10,2
East Hampton,11,4
East Hampton,12,1
East Hanover,5,3
East Hanover,7,4
East Hanover,8,1
East Hanover,11,2
East Hanover,12,3
East Hartford,1,113
East Hartford,2,89
East Hartford,3,57
East Hartford,4,81
East Hartford,5,75
East Hartford,6,84
East Hartford,7,90
East Hartford,8,91
East Hartford,9,133
East Hartford,10,111
East Hartford,11,137
East Hartford,12,76
East Haven,1,10
East Haven,2,30
East Haven,3,10
East Haven,4,9
East Haven,5,2
East Haven,6,10
East Haven,7,53
East Haven,8,12
East Haven,9,13
East Haven,10,16
East Haven,11,14
East Haven,12,24
East Hazel Crest,2,1
East Hazel Crest,6,1
East Helena,1,2
East Helena,2,5
East Helena,3,5
East Helena,4,3
East Helena,5,3
East Helena,6,3
East Helena,7,2
East Helena,8,7
East Helena,9,7
East Helena,10,6
East Helena,11,11
East Helena,12,26
East Islip,1,1
East Islip,2,3
East Islip,3,5
East Islip,4,2
East Islip,5,3
East Islip,6,5
East Islip,7,9
East Islip,8,5
East Islip,9,9
East Islip,10,2
East Islip,11,5
East Islip,12,3
East Kern,1,1
East Kern,3,1
East Killingly,1,1
East Kingston,8,1
East Lansing,1,4
East Lansing,2,5
East Lansing,3,4
East Lansing,5,6
East Lansing,6,13
East Lansing,7,4
East Lansing,8,4
East Lansing,9,3
East Lansing,10,5
East Lansing,11,4
East Lansing,12,1
East Leroy,5,1
East Liberty,2,1
East Liberty,4,1
East Liberty,10,1
East Linn,4,2
East Linn,12,1
East Liverpool,1,2
East Liverpool,2,2
East Liverpool,3,1
East Liverpool,6,2
East Liverpool,8,2
East Liverpool,12,1
East Longmeadow,1,1
East Longmeadow,3,1
East Longmeadow,4,1
East Longmeadow,8,1
East Longmeadow,12,1
East Lyme,1,15
East Lyme,2,9
East Lyme,3,2
East Lyme,4,11
East Lyme,5,8
East Lyme,6,12
East Lyme,7,24
East Lyme,8,25
East Lyme,9,11
East Lyme,10,11
East Lyme,11,5
East Lyme,12,17
East Marion,3,2
East Marion,12,1
East Mc Keesport,2,1
East Mc Keesport,3,1
East Mc Keesport,5,1
East Mc Keesport,7,1
East Mc Keesport,8,1
East Mc Keesport,9,1
East Mc Keesport,10,1
East Mc Keesport,12,3
East Meadow,1,7
East Meadow,2,11
East Meadow,3,4
East Meadow,4,4
East Meadow,5,7
East Meadow,6,9
East Meadow,7,12
East Meadow,8,9
East Meadow,9,9
East Meadow,10,8
East Meadow,11,10
East Meadow,12,1
East Meredith,7,1
East Meredith,11,2
East Millsboro,5,1
East Moline,2,3
East Moline,3,1
East Moline,4,2
East Moline,5,3
East Moline,6,1
East Moline,7,1
East Moline,8,1
East Moline,9,1
East Montpelier,1,1
East Montpelier,5,1
East Moriches,5,1
East Moriches,8,2
East Nassau,1,3
East Nassau,2,6
East Nassau,3,1
East Nassau,5,2
East Nassau,7,1
East Nassau,8,4
East Nassau,9,1
East Nassau,10,8
East Nassau,11,3
East Nassau,12,2
East New Market,1,9
East New Market,2,7
East New Market,3,8
East New Market,4,1
East New Market,5,5
East New Market,6,8
East New Market,7,1
East New Market,8,2
East New Market,9,3
East New Market,10,4
East Norriton,1,1
East Norriton,3,1
East Norriton,10,1
East Northport,3,1
East Northport,4,2
East Northport,5,1
East Northport,6,3
East Northport,9,2
East Northport,10,2
East Norwich,4,1
East Norwich,9,1
East Norwich,10,1
East Orange,1,59
East Orange,2,46
East Orange,3,37
East Orange,4,68
East Orange,5,57
East Orange,6,62
East Orange,7,73
East Orange,8,79
East Orange,9,50
East Orange,10,47
East Orange,11,31
East Orange,12,21
East Palatka,1,12
East Palatka,2,3
East Palatka,3,4
East Palatka,4,3
East Palatka,5,10
East Palatka,6,9
East Palatka,7,11
East Palatka,8,9
East Palatka,9,8
East Palatka,10,6
East Palatka,11,13
East Palatka,12,5
East Palestine,5,1
East Palestine,6,1
East Palestine,10,1
East Palestine,11,1
East Palo Alto,2,3
East Palo Alto,3,2
East Palo Alto,4,1
East Palo Alto,5,1
East Palo Alto,6,4
East Palo Alto,7,2
East Palo Alto,8,3
East Palo Alto,9,1
East Palo Alto,10,3
East Palo Alto,11,3
East Patchogue,3,1
East Patchogue,4,2
East Patchogue,5,2
East Patchogue,7,4
East Patchogue,12,1
East Peoria,1,16
East Peoria,2,37
East Peoria,3,15
East Peoria,4,22
East Peoria,5,32
East Peoria,6,36
East Peoria,7,29
East Peoria,8,17
East Peoria,9,8
East Peoria,10,19
East Peoria,11,1
East Peoria,12,1
East Petersburg,1,4
East Petersburg,2,4
East Petersburg,4,4
East Petersburg,5,4
East Petersburg,6,1
East Petersburg,7,1
East Petersburg,8,2
East Petersburg,9,5
East Petersburg,10,6
East Petersburg,11,1
East Petersburg,12,4
East Pittsburgh,1,2
East Pittsburgh,2,2
East Pittsburgh,4,1
East Pittsburgh,7,2
East Pittsburgh,9,3
East Pittsburgh,10,2
East Pittsburgh,12,5
East Providence,1,15
East Providence,2,16
East Providence,3,10
East Providence,4,18
East Providence,5,17
East Providence,6,18
East Providence,7,11
East Providence,8,20
East Providence,9,15
East Providence,10,6
East Providence,11,15
East Providence,12,9
East Quogue,3,1
East Quogue,5,1
East Quogue,6,6
East Quogue,7,1
East Quogue,8,1
East Quogue,9,1
East Quogue,10,1
East Quogue,11,2
East Quogue,12,1
East Rancho Dominguez,3,1
East Rancho Dominguez,5,2
East Rochester,1,10
East Rochester,2,13
East Rochester,3,5
East Rochester,4,9
East Rochester,5,6
East Rochester,6,4
East Rochester,7,5
East Rochester,8,4
East Rochester,9,10
East Rochester,10,5
East Rochester,11,5
East Rochester,12,12
East Rockaway,12,1
East Rutherford,1,35
East Rutherford,2,23
East Rutherford,3,28
East Rutherford,4,17
East Rutherford,5,31
East Rutherford,6,41
East Rutherford,7,32
East Rutherford,8,42
East Rutherford,9,37
East Rutherford,10,35
East Rutherford,11,20
East Rutherford,12,29
East Saint Louis,1,45
East Saint Louis,2,57
East Saint Louis,3,36
East Saint Louis,4,26
East Saint Louis,5,35
East Saint Louis,6,29
East Saint Louis,7,26
East Saint Louis,8,19
East Saint Louis,9,16
East Saint Louis,10,24
East Saint Louis,11,7
East Saint Louis,12,19
East San Gabriel Valley,1,1
East San Gabriel Valley,3,1
East San Gabriel Valley,4,1
East San Gabriel Valley,6,1
East San Gabriel Valley,7,1
East Sandwich,2,3
East Sandwich,4,2
East Sandwich,8,2
East Sandwich,9,2
East Sandwich,11,2
East Schodack,6,2
East Setauket,1,1
East Setauket,2,1
East Setauket,4,3
East Setauket,5,2
East Setauket,6,2
East Setauket,9,2
East Setauket,10,8
East Setauket,11,3
East Setauket,12,1
East Sierra,3,1
East Sierra,7,1
East Sierra,8,1
East Sierra,10,1
East Sierra,12,2
East Smithfield,9,2
East Springfield,8,3
East St Louis,1,24
East St Louis,2,17
East St Louis,3,16
East St Louis,4,11
East St Louis,5,16
East St Louis,6,14
East St Louis,7,11
East St Louis,8,10
East St Louis,9,10
East St Louis,10,8
East St Louis,11,11
East St Louis,12,6
East St. Louis,2,1
East Stroudsburg,1,15
East Stroudsburg,2,11
East Stroudsburg,3,7
East Stroudsburg,4,6
East Stroudsburg,5,8
East Stroudsburg,6,8
East Stroudsburg,7,4
East Stroudsburg,8,17
East Stroudsburg,9,9
East Stroudsburg,10,9
East Stroudsburg,11,2
East Stroudsburg,12,23
East Syracuse,1,28
East Syracuse,2,16
East Syracuse,3,10
East Syracuse,4,11
East Syracuse,5,12
East Syracuse,6,15
East Syracuse,7,12
East Syracuse,8,20
East Syracuse,9,30
East Syracuse,10,3
East Syracuse,11,14
East Syracuse,12,15
East Taunton,2,2
East Taunton,3,1
East Taunton,5,1
East Taunton,9,1
East Tawas,11,2
East Tehama,1,3
East Tehama,2,6
East Tehama,3,1
East Tehama,4,1
East Tehama,5,2
East Tehama,7,3
East Tehama,8,1
East Tehama,9,1
East Tehama,10,6
East Tehama,11,5
East Tehama,12,9
East Troy,4,3
East Troy,6,1
East Troy,7,2
East Wakefield,4,1
East Walpole,1,3
East Walpole,2,3
East Walpole,3,1
East Walpole,4,2
East Walpole,5,4
East Walpole,6,2
East Walpole,7,4
East Walpole,8,1
East Walpole,9,1
East Walpole,12,2
East Wareham,3,1
East Wareham,12,1
East Waterford,1,4
East Waterford,2,2
East Waterford,3,4
East Waterford,6,4
East Waterford,12,2
East Wenatchee,12,1
East Weymouth,1,1
East Weymouth,2,1
East Weymouth,5,1
East Weymouth,7,1
East Weymouth,8,1
East Whatcom,2,1
East Whatcom,5,1
East Windsor,1,4
East Windsor,2,9
East Windsor,4,17
East Windsor,5,4
East Windsor,6,5
East Windsor,7,11
East Windsor,8,4
East Windsor,9,38
East Windsor,10,9
East Windsor,11,5
East Windsor,12,3
Eastaboga,1,2
Eastaboga,2,2
Eastaboga,3,2
Eastaboga,4,5
Eastaboga,6,1
Eastaboga,7,4
Eastaboga,8,3
Eastaboga,9,1
Eastaboga,10,2
Eastaboga,11,4
Eastaboga,12,4
Eastanollee,1,2
Eastanollee,2,1
Eastanollee,7,1
Eastanollee,8,1
Eastanollee,10,1
Eastchester,1,2
Eastchester,3,1
Eastchester,4,2
Eastchester,6,2
Eastchester,7,1
Eastchester,8,1
Eastchester,10,3
Eastham,1,1
Eastham,5,1
Eastham,7,2
Eastham,10,1
Eastlake,1,5
Eastlake,2,3
Eastlake,3,4
Eastlake,4,2
Eastlake,6,2
Eastlake,8,4
Eastlake,9,1
Eastlake,10,1
Eastlake,11,5
Eastlake,12,5
Eastland,1,1
Eastland,2,1
Eastland,3,1
Eastland,4,1
Eastland,5,2
Eastland,6,2
Eastland,7,1
Eastland,8,3
Eastland,9,4
Eastland,10,2
Eastland,11,6
Eastland,12,1
Eastman,1,9
Eastman,6,2
Eastman,9,1
Eastman,11,1
Easton,1,100
Easton,2,76
Easton,3,53
Easton,4,50
Easton,5,73
Easton,6,71
Easton,7,62
Easton,8,92
Easton,9,52
Easton,10,29
Easton,11,59
Easton,12,77
Eastover,1,43
Eastover,2,26
Eastover,3,14
Eastover,4,19
Eastover,5,19
Eastover,6,27
Eastover,7,23
Eastover,8,19
Eastover,9,35
Eastover,10,20
Eastover,11,31
Eastover,12,32
Eastpoint,3,1
Eastpoint,4,1
Eastpoint,7,1
Eastpoint,8,4
Eastpoint,9,2
Eastpointe,9,1
Eastpointe,10,1
Eastport,2,4
Eastport,6,1
Eastport,7,5
Eastport,9,2
Eastport,11,2
Eastview,1,1
Eastview,9,1
Eaton,1,7
Eaton,2,6
Eaton,3,8
Eaton,4,2
Eaton,5,2
Eaton,6,3
Eaton,8,2
Eaton,9,5
Eaton,10,1
Eaton,11,2
Eaton,12,16
Eaton Park,1,1
Eaton Park,3,1
Eaton Rapids,6,2
Eaton Rapids,7,3
Eaton Rapids,8,2
Eaton Rapids,9,1
Eaton Rapids,10,1
Eaton Rapids,12,2
Eatonton,1,5
Eatonton,2,3
Eatonton,3,1
Eatonton,4,2
Eatonton,5,1
Eatonton,6,2
Eatonton,7,2
Eatonton,10,8
Eatonton,12,6
Eatontown,1,37
Eatontown,2,28
Eatontown,3,13
Eatontown,4,12
Eatontown,5,58
Eatontown,6,35
Eatontown,7,18
Eatontown,8,30
Eatontown,9,30
Eatontown,10,9
Eatontown,11,10
Eatontown,12,17
Eatonville,1,3
Eatonville,2,3
Eatonville,3,1
Eatonville,4,4
Eatonville,5,6
Eatonville,6,3
Eatonville,7,1
Eatonville,8,4
Eatonville,9,4
Eatonville,10,10
Eatonville,11,1
Eatonville,12,17
Eau Claire,1,5
Eau Claire,2,7
Eau Claire,3,1
Eau Claire,4,11
Eau Claire,5,9
Eau Claire,6,9
Eau Claire,7,1
Eau Claire,8,7
Eau Claire,9,8
Eau Claire,10,2
Eau Claire,11,2
Eau Claire,12,24
Ebensburg,1,23
Ebensburg,2,18
Ebensburg,3,20
Ebensburg,4,22
Ebensburg,5,8
Ebensburg,6,34
Ebensburg,7,16
Ebensburg,8,21
Ebensburg,9,10
Ebensburg,10,19
Ebensburg,11,27
Ebensburg,12,29
Ebony,9,4
Ebony,10,1
Ebro,1,9
Ebro,2,2
Ebro,3,1
Ebro,4,1
Ebro,5,5
Ebro,6,13
Ebro,8,1
Ebro,9,2
Ebro,10,4
Ebro,11,1
Ebro,12,3
Echo,1,7
Echo,2,59
Echo,3,10
Echo,4,4
Echo,5,7
Echo,6,4
Echo,7,11
Echo,8,11
Echo,9,8
Echo,10,3
Echo,11,6
Echo,12,41
Echo Lake,1,33
Echo Lake,2,11
Echo Lake,3,3
Echo Lake,4,1
Echo Lake,5,3
Echo Lake,6,2
Echo Lake,7,2
Echo Lake,8,2
Echo Lake,9,3
Echo Lake,10,1
Echo Lake,11,9
Echo Lake,12,17
Echola,3,2
Echola,6,1
Echola,8,1
Echola,10,1
Eckerman,5,1
Eckerty,1,2
Eclectic,1,3
Eclectic,2,6
Eclectic,3,2
Eclectic,4,4
Eclectic,5,5
Eclectic,6,2
Eclectic,7,4
Eclectic,8,2
Eclectic,9,6
Eclectic,10,2
Eclectic,12,2
Economy,2,7
Edcouch,1,7
Edcouch,8,1
Edcouch,9,1
Edcouch,10,1
Eddington,3,1
Eddy,4,3
Eddy,6,1
Eddy,11,1
Eddystone,11,1
Eddyville,1,10
Eddyville,2,4
Eddyville,3,1
Eddyville,4,7
Eddyville,5,2
Eddyville,6,4
Eddyville,7,5
Eddyville,8,15
Eddyville,9,8
Eddyville,10,4
Eddyville,11,3
Eddyville,12,14
Eden,1,21
Eden,2,20
Eden,3,12
Eden,4,20
Eden,5,18
Eden,6,13
Eden,7,6
Eden,8,6
Eden,9,13
Eden,10,7
Eden,11,14
Eden,12,17
Eden Prairie,1,94
Eden Prairie,2,130
Eden Prairie,3,28
Eden Prairie,4,18
Eden Prairie,5,24
Eden Prairie,6,51
Eden Prairie,7,30
Eden Prairie,8,29
Eden Prairie,9,43
Eden Prairie,10,20
Eden Prairie,11,47
Eden Prairie,12,127
Eden Valley,1,3
Eden Valley,2,1
Eden Valley,5,5
Eden Valley,6,1
Eden Valley,7,3
Eden Valley,8,1
Eden Valley,11,2
Eden Valley,12,1
Edenton,3,4
Edenton,4,3
Edenton,5,5
Edenton,10,3
Edenton,11,1
Edgar,2,1
Edgar,4,3
Edgar,7,1
Edgar,9,1
Edgar,11,1
Edgar,12,1
Edgefield,1,8
Edgefield,2,8
Edgefield,3,2
Edgefield,4,4
Edgefield,5,2
Edgefield,6,5
Edgefield,7,10
Edgefield,8,9
Edgefield,9,7
Edgefield,10,4
Edgefield,11,10
Edgefield,12,13
Edgeley,2,2
Edgeley,3,1
Edgeley,10,3
Edgeley,11,2
Edgeley,12,1
Edgemont,2,1
Edgemont,8,1
Edgemont,10,2
Edgemoor,1,9
Edgemoor,2,7
Edgemoor,3,2
Edgemoor,4,4
Edgemoor,5,7
Edgemoor,6,3
Edgemoor,7,8
Edgemoor,8,5
Edgemoor,9,7
Edgemoor,10,4
Edgemoor,11,11
Edgemoor,12,7
Edgerton,1,6
Edgerton,2,28
Edgerton,3,9
Edgerton,4,4
Edgerton,5,10
Edgerton,6,8
Edgerton,7,5
Edgerton,8,10
Edgerton,9,12
Edgerton,10,5
Edgerton,11,12
Edgerton,12,17
Edgewater,1,6
Edgewater,2,7
Edgewater,3,13
Edgewater,4,8
Edgewater,5,4
Edgewater,6,11
Edgewater,7,4
Edgewater,8,4
Edgewater,9,12
Edgewater,10,10
Edgewater,11,12
Edgewater,12,7
Edgewood,1,32
Edgewood,2,22
Edgewood,3,21
Edgewood,4,29
Edgewood,5,6
Edgewood,6,8
Edgewood,7,11
Edgewood,8,14
Edgewood,9,12
Edgewood,10,19
Edgewood,11,18
Edgewood,12,11
Edina,1,2
Edina,2,4
Edina,3,1
Edina,10,1
Edina,12,1
Edinboro,1,2
Edinboro,4,5
Edinboro,8,4
Edinboro,11,8
Edinboro,12,7
Edinburg,1,24
Edinburg,2,12
Edinburg,3,17
Edinburg,4,24
Edinburg,5,13
Edinburg,6,14
Edinburg,7,35
Edinburg,8,40
Edinburg,9,17
Edinburg,10,28
Edinburg,11,36
Edinburg,12,35
Edinburgh,1,7
Edinburgh,2,18
Edinburgh,3,10
Edinburgh,4,10
Edinburgh,5,5
Edinburgh,6,9
Edinburgh,7,2
Edinburgh,8,13
Edinburgh,9,9
Edinburgh,11,1
Edinburgh,12,9
Edison,1,166
Edison,2,144
Edison,3,69
Edison,4,75
Edison,5,64
Edison,6,94
Edison,7,84
Edison,8,109
Edison,9,69
Edison,10,45
Edison,11,86
Edison,12,102
Edisto Island,2,1
Edisto Island,3,1
Edisto Island,6,3
Edisto Island,10,1
Edmeston,11,5
Edmond,1,31
Edmond,2,44
Edmond,3,27
Edmond,4,28
Edmond,5,39
Edmond,6,27
Edmond,7,41
Edmond,8,23
Edmond,9,19
Edmond,10,21
Edmond,11,30
Edmond,12,27
Edmonds,1,2
Edmonds,2,2
Edmonds,3,1
Edmonds,4,2
Edmonds,5,2
Edmonds,7,4
Edmonds,8,4
Edmonds,9,1
Edmonds,10,2
Edmonds,11,3
Edmonton,6,1
Edmore,3,2
Edmore,11,1
Edna,2,1
Edna,7,2
Edna,8,2
Edna,11,3
Edon,1,2
Edon,2,5
Edon,4,2
Edon,5,12
Edon,6,9
Edon,7,6
Edon,8,11
Edon,9,2
Edon,10,4
Edon,11,3
Edon,12,6
Edward,9,2
Edwards,1,42
Edwards,2,25
Edwards,3,26
Edwards,4,13
Edwards,5,33
Edwards,6,26
Edwards,7,19
Edwards,8,15
Edwards,9,12
Edwards,10,9
Edwards,11,14
Edwards,12,31
Edwardsville,1,7
Edwardsville,2,12
Edwardsville,3,10
Edwardsville,4,10
Edwardsville,5,10
Edwardsville,6,6
Edwardsville,7,6
Edwardsville,8,4
Edwardsville,9,4
Edwardsville,10,3
Edwardsville,11,3
Edwardsville,12,4
Effie,3,2
Effie,4,1
Effie,5,2
Effie,6,2
Effie,8,3
Effie,11,1
Effingham,1,46
Effingham,2,35
Effingham,3,29
Effingham,4,17
Effingham,5,30
Effingham,6,28
Effingham,7,23
Effingham,8,11
Effingham,9,11
Effingham,10,24
Effingham,11,23
Effingham,12,34
Effort,1,1
Effort,2,1
Effort,3,1
Effort,8,1
Efland,1,15
Efland,2,6
Efland,3,4
Efland,4,17
Efland,5,12
Efland,6,3
Efland,7,16
Efland,8,6
Efland,9,6
Efland,10,2
Efland,11,17
Efland,12,1
Egan,1,3
Egan,2,1
Egan,3,4
Egan,4,3
Egan,6,7
Egan,10,5
Egan,11,1
Egan,12,2
Egg Harbor City,1,5
Egg Harbor City,2,5
Egg Harbor City,3,3
Egg Harbor City,4,2
Egg Harbor City,5,1
Egg Harbor City,6,1
Egg Harbor City,7,3
Egg Harbor City,8,8
Egg Harbor City,9,9
Egg Harbor City,10,1
Egg Harbor City,11,24
Egg Harbor City,12,7
Egg Harbor Township,1,18
Egg Harbor Township,2,7
Egg Harbor Township,3,2
Egg Harbor Township,4,9
Egg Harbor Township,5,14
Egg Harbor Township,6,15
Egg Harbor Township,7,12
Egg Harbor Township,8,22
Egg Harbor Township,9,13
Egg Harbor Township,10,1
Egg Harbor Township,11,2
Egg Harbor Township,12,7
Egg Harbor Twp,1,6
Egg Harbor Twp,2,10
Egg Harbor Twp,3,3
Egg Harbor Twp,4,4
Egg Harbor Twp,5,9
Egg Harbor Twp,6,2
Egg Harbor Twp,7,9
Egg Harbor Twp,8,10
Egg Harbor Twp,9,16
Egg Harbor Twp,10,13
Egg Harbor Twp,11,3
Egg Harbor Twp,12,6
Eglin AFB,1,18
Eglin AFB,2,17
Eglin AFB,3,16
Eglin AFB,4,8
Eglin AFB,5,21
Eglin AFB,6,18
Eglin AFB,7,12
Eglin AFB,8,19
Eglin AFB,9,30
Eglin AFB,10,9
Eglin AFB,11,10
Eglin AFB,12,5
Eglin Air Force Base,1,4
Eglin Air Force Base,2,1
Eglin Air Force Base,3,2
Eglin Air Force Base,4,3
Eglin Air Force Base,5,4
Eglin Air Force Base,6,5
Eglin Air Force Base,7,4
Eglin Air Force Base,8,9
Eglin Air Force Base,9,5
Eglin Air Force Base,10,1
Eglin Air Force Base,11,4
Eglin Air Force Base,12,2
Eglon,1,1
Eglon,5,2
Egnar,6,3
Egnar,9,6
Ehrenberg,1,1
Ehrenberg,2,6
Ehrenberg,3,2
Ehrenberg,4,2
Ehrenberg,5,1
Ehrenberg,6,1
Ehrenberg,8,1
Ehrenberg,9,2
Ehrenberg,10,4
Ehrenberg,12,1
Ehrhardt,1,8
Ehrhardt,2,2
Ehrhardt,3,2
Ehrhardt,4,3
Ehrhardt,5,3
Ehrhardt,6,2
Ehrhardt,7,1
Ehrhardt,8,11
Ehrhardt,10,7
Ehrhardt,11,2
Eight Mile,1,1
Eight Mile,2,4
Eight Mile,3,8
Eight Mile,4,4
Eight Mile,5,10
Eight Mile,6,1
Eight Mile,7,6
Eight Mile,8,1
Eight Mile,10,6
Eight Mile,11,1
Eight Mile,12,5
Eighty Four,1,7
Eighty Four,2,7
Eighty Four,3,4
Eighty Four,5,2
Eighty Four,6,2
Eighty Four,8,6
Eighty Four,9,6
Eighty Four,10,3
Eighty Four,11,7
Eighty Four,12,9
Eitzen,9,1
Ekalaka,7,1
Ekron,5,4
El Campo,5,1
El Campo,6,1
El Campo,11,1
El Cerrito,1,12
El Cerrito,2,9
El Cerrito,3,8
El Cerrito,4,7
El Cerrito,5,1
El Cerrito,6,15
El Cerrito,7,8
El Cerrito,8,8
El Cerrito,9,16
El Cerrito,10,6
El Cerrito,11,7
El Cerrito,12,12
El Dorado,1,35
El Dorado,2,16
El Dorado,3,15
El Dorado,4,12
El Dorado,5,12
El Dorado,6,11
El Dorado,7,15
El Dorado,8,20
El Dorado,9,12
El Dorado,10,15
El Dorado,11,6
El Dorado,12,18
El Dorado Hills,1,101
El Dorado Hills,2,46
El Dorado Hills,3,31
El Dorado Hills,4,43
El Dorado Hills,5,41
El Dorado Hills,6,35
El Dorado Hills,7,45
El Dorado Hills,8,43
El Dorado Hills,9,52
El Dorado Hills,10,25
El Dorado Hills,11,53
El Dorado Hills,12,68
El Granada,1,1
El Granada,4,4
El Granada,6,4
El Granada,9,2
El Macero,6,2
El Macero,7,2
El Mirage,1,50
El Mirage,2,15
El Mirage,3,7
El Mirage,4,17
El Mirage,5,13
El Mirage,6,10
El Mirage,7,13
El Mirage,8,12
El Mirage,9,7
El Mirage,10,11
El Mirage,11,10
El Mirage,12,16
El Monte,1,94
El Monte,2,166
El Monte,3,133
El Monte,4,125
El Monte,5,107
El Monte,6,92
El Monte,7,137
El Monte,8,110
El Monte,9,105
El Monte,10,66
El Monte,11,95
El Monte,12,99
El Nido,1,10
El Nido,2,3
El Nido,4,2
El Nido,5,3
El Nido,6,8
El Nido,7,4
El Nido,8,6
El Nido,9,9
El Nido,10,6
El Nido,11,1
El Nido,12,3
El Paso,1,258
El Paso,2,262
El Paso,3,180
El Paso,4,207
El Paso,5,199
El Paso,6,200
El Paso,7,189
El Paso,8,265
El Paso,9,178
El Paso,10,92
El Paso,11,246
El Paso,12,246
El Portal,1,4
El Portal,3,2
El Portal,4,1
El Portal,5,2
El Portal,6,2
El Portal,7,1
El Portal,8,2
El Portal,9,1
El Portal,11,3
El Portal,12,5
El Prado,10,1
El Reno,1,11
El Reno,2,1
El Reno,4,2
El Reno,6,4
El Reno,8,1
El Reno,12,1
El Segundo,1,25
El Segundo,2,22
El Segundo,3,21
El Segundo,4,20
El Segundo,5,11
El Segundo,6,14
El Segundo,7,14
El Segundo,8,22
El Segundo,9,15
El Segundo,10,6
El Segundo,11,24
El Segundo,12,15
El Sobrante,1,57
El Sobrante,2,48
El Sobrante,3,32
El Sobrante,4,32
El Sobrante,5,19
El Sobrante,6,21
El Sobrante,7,23
El Sobrante,8,25
El Sobrante,9,39
El Sobrante,10,25
El Sobrante,11,27
El Sobrante,12,46
Eland,7,2
Eland,9,1
Eland,11,1
Elba,1,2
Elba,2,2
Elba,3,5
Elba,4,6
Elba,5,2
Elba,6,4
Elba,7,4
Elba,8,1
Elba,9,2
Elba,10,4
Elba,11,1
Elbe,12,2
Elberfeld,3,2
Elberfeld,12,4
Elberon,2,3
Elberon,3,1
Elberon,4,3
Elberon,5,4
Elberta,1,1
Elberta,7,1
Elberta,8,1
Elberta,9,6
Elberta,10,5
Elberta,12,3
Elberton,1,4
Elberton,2,3
Elberton,3,5
Elberton,4,1
Elberton,5,1
Elberton,6,4
Elberton,7,1
Elberton,9,11
Elberton,11,8
Elbow Lake,2,6
Elbow Lake,3,2
Elbow Lake,5,2
Elbow Lake,7,2
Elbow Lake,8,2
Elbow Lake,9,3
Elbow Lake,11,5
Elbow Lake,12,5
Elbridge,6,7
Elburn,2,2
Elburn,3,1
Elburn,4,3
Elburn,6,1
Elburn,8,4
Elburn,9,4
Elburn,11,5
Eldon,5,1
Eldon,9,3
Eldon,11,2
Eldora,6,1
Eldora,8,1
Eldora,12,1
Eldorado,2,1
Eldorado,3,1
Eldorado,11,3
Eldorado,12,4
Eldorado Springs,2,1
Eldred,1,5
Eldred,2,6
Eldred,3,3
Eldred,4,4
Eldred,5,6
Eldred,6,3
Eldred,7,2
Eldred,10,7
Eldred,11,1
Eldred,12,6
Eldridge,1,2
Eldridge,2,2
Eldridge,3,1
Eldridge,4,5
Eldridge,6,2
Eldridge,7,2
Eldridge,8,3
Eldridge,9,2
Eldridge,12,5
Electra,1,2
Electra,5,1
Electra,7,1
Electra,8,1
Electra,9,3
Electra,10,1
Electra,12,4
Elgin,1,187
Elgin,2,201
Elgin,3,83
Elgin,4,91
Elgin,5,113
Elgin,6,91
Elgin,7,108
Elgin,8,117
Elgin,9,108
Elgin,10,87
Elgin,11,124
Elgin,12,130
Elizabeth,1,74
Elizabeth,2,84
Elizabeth,3,67
Elizabeth,4,54
Elizabeth,5,82
Elizabeth,6,108
Elizabeth,7,84
Elizabeth,8,87
Elizabeth,9,97
Elizabeth,10,65
Elizabeth,11,95
Elizabeth,12,82
Elizabeth City,1,10
Elizabeth City,2,6
Elizabeth City,3,4
Elizabeth City,4,6
Elizabeth City,6,5
Elizabeth City,7,2
Elizabeth City,9,3
Elizabeth City,12,10
Elizabethport,1,14
Elizabethport,2,29
Elizabethport,3,8
Elizabethport,4,14
Elizabethport,5,27
Elizabethport,6,37
Elizabethport,7,18
Elizabethport,8,17
Elizabethport,9,19
Elizabethport,10,18
Elizabethport,11,26
Elizabethport,12,22
Elizabethton,3,2
Elizabethton,4,2
Elizabethton,8,4
Elizabethton,9,2
Elizabethton,12,2
Elizabethtown,1,87
Elizabethtown,2,60
Elizabethtown,3,38
Elizabethtown,4,32
Elizabethtown,5,40
Elizabethtown,6,51
Elizabethtown,7,44
Elizabethtown,8,40
Elizabethtown,9,53
Elizabethtown,10,32
Elizabethtown,11,42
Elizabethtown,12,53
Elizabethville,7,2
Elizabethville,10,7
Elizaville,1,2
Elizaville,6,1
Elizaville,11,1
Elk,1,5
Elk,2,1
Elk,3,2
Elk,4,2
Elk,5,3
Elk,7,5
Elk,8,2
Elk,9,1
Elk,10,4
Elk,12,5
Elk City,11,1
Elk City,12,1
Elk Creek,1,1
Elk Creek,2,2
Elk Creek,4,1
Elk Creek,7,2
Elk Creek,8,1
Elk Creek,10,1
Elk Creek,12,1
Elk Falls,12,3
Elk Garden,11,2
Elk Grove,1,181
Elk Grove,2,154
Elk Grove,3,93
Elk Grove,4,111
Elk Grove,5,82
Elk Grove,6,111
Elk Grove,7,75
Elk Grove,8,112
Elk Grove,9,98
Elk Grove,10,84
Elk Grove,11,73
Elk Grove,12,150
Elk Grove Village,1,30
Elk Grove Village,2,40
Elk Grove Village,3,21
Elk Grove Village,4,9
Elk Grove Village,5,13
Elk Grove Village,6,22
Elk Grove Village,7,19
Elk Grove Village,8,9
Elk Grove Village,9,9
Elk Grove Village,10,12
Elk Grove Village,11,10
Elk Grove Village,12,9
Elk Mound,1,1
Elk Mound,2,3
Elk Mound,4,10
Elk Mound,5,3
Elk Mound,6,3
Elk Mound,7,4
Elk Mound,8,2
Elk Mound,9,5
Elk Mound,11,1
Elk Mound,12,7
Elk Mountain,1,2
Elk Mountain,2,5
Elk Mountain,3,4
Elk Mountain,6,1
Elk Mountain,8,1
Elk Mountain,9,2
Elk Mountain,10,2
Elk Mountain,11,2
Elk Mountain,12,1
Elk Park,5,4
Elk River,1,86
Elk River,2,108
Elk River,3,28
Elk River,4,63
Elk River,5,48
Elk River,6,70
Elk River,7,61
Elk River,8,53
Elk River,9,62
Elk River,10,46
Elk River,11,34
Elk River,12,113
Elkader,9,4
Elkhart,1,18
Elkhart,2,25
Elkhart,3,4
Elkhart,4,10
Elkhart,5,14
Elkhart,6,5
Elkhart,7,4
Elkhart,9,15
Elkhart,10,1
Elkhart,11,6
Elkhart,12,22
Elkhart Lake,1,6
Elkhart Lake,4,4
Elkhorn,1,2
Elkhorn,2,3
Elkhorn,3,6
Elkhorn,4,2
Elkhorn,6,3
Elkhorn,7,5
Elkhorn,8,1
Elkhorn,9,3
Elkhorn,10,2
Elkhorn,11,8
Elkhorn,12,3
Elkin,1,4
Elkin,2,3
Elkin,3,10
Elkin,5,4
Elkin,6,4
Elkin,7,4
Elkin,8,12
Elkin,9,2
Elkin,10,4
Elkin,11,1
Elkins,1,1
Elkins,3,3
Elkins,8,3
Elkins,11,3
Elkins Park,1,45
Elkins Park,2,55
Elkins Park,3,55
Elkins Park,4,66
Elkins Park,5,50
Elkins Park,6,52
Elkins Park,7,41
Elkins Park,8,45
Elkins Park,9,49
Elkins Park,10,33
Elkins Park,11,54
Elkins Park,12,45
Elkland,1,5
Elkland,4,8
Elkland,6,2
Elkland,10,1
Elkmont,1,3
Elkmont,2,5
Elkmont,3,7
Elkmont,4,7
Elkmont,5,6
Elkmont,6,8
Elkmont,7,4
Elkmont,8,3
Elkmont,9,2
Elkmont,10,1
Elkmont,11,1
Elkmont,12,6
Elko,1,8
Elko,2,16
Elko,3,15
Elko,4,23
Elko,5,15
Elko,6,31
Elko,7,15
Elko,8,8
Elko,9,15
Elko,10,8
Elko,11,15
Elko,12,18
Elko New Market,1,31
Elko New Market,2,27
Elko New Market,3,6
Elko New Market,4,10
Elko New Market,5,4
Elko New Market,6,4
Elko New Market,7,3
Elko New Market,8,2
Elko New Market,9,5
Elko New Market,10,1
Elko New Market,11,5
Elko New Market,12,25
Elkridge,1,59
Elkridge,2,42
Elkridge,3,42
Elkridge,4,33
Elkridge,5,26
Elkridge,6,43
Elkridge,7,29
Elkridge,8,26
Elkridge,9,55
Elkridge,10,41
Elkridge,11,28
Elkridge,12,39
Elkton,1,81
Elkton,2,59
Elkton,3,42
Elkton,4,49
Elkton,5,56
Elkton,6,42
Elkton,7,50
Elkton,8,59
Elkton,9,37
Elkton,10,47
Elkton,11,70
Elkton,12,90
Elkview,1,21
Elkview,2,14
Elkview,3,4
Elkview,4,9
Elkview,5,1
Elkview,6,11
Elkview,8,10
Elkview,9,8
Elkview,10,11
Elkview,11,23
Elkview,12,14
Elkwood,1,4
Elkwood,2,6
Elkwood,4,7
Elkwood,5,1
Elkwood,6,3
Elkwood,8,3
Elkwood,9,2
Elkwood,10,2
Elkwood,11,2
Ellabell,1,4
Ellabell,2,14
Ellabell,3,11
Ellabell,4,10
Ellabell,5,2
Ellabell,6,4
Ellabell,7,3
Ellabell,8,2
Ellabell,9,13
Ellabell,10,3
Ellabell,11,9
Ellabell,12,3
Ellaville,2,3
Ellaville,4,2
Ellaville,5,1
Ellaville,6,1
Ellaville,7,1
Ellaville,9,3
Ellaville,11,1
Ellenboro,1,1
Ellenboro,2,7
Ellenboro,5,4
Ellenboro,8,4
Ellenboro,9,13
Ellenboro,11,1
Ellenburg Depot,2,3
Ellendale,1,62
Ellendale,2,35
Ellendale,3,18
Ellendale,4,9
Ellendale,5,6
Ellendale,6,12
Ellendale,7,3
Ellendale,8,3
Ellendale,9,4
Ellendale,10,4
Ellendale,11,8
Ellendale,12,54
Ellensburg,1,1
Ellensburg,8,1
Ellensburg,9,2
Ellensburg,11,1
Ellensburg,12,9
Ellenton,1,77
Ellenton,2,52
Ellenton,3,46
Ellenton,4,36
Ellenton,5,24
Ellenton,6,27
Ellenton,7,23
Ellenton,8,27
Ellenton,9,40
Ellenton,10,32
Ellenton,11,28
Ellenton,12,51
Ellenville,7,1
Ellenville,8,2
Ellenville,11,1
Ellenwood,1,26
Ellenwood,2,12
Ellenwood,3,11
Ellenwood,4,16
Ellenwood,5,11
Ellenwood,6,10
Ellenwood,7,7
Ellenwood,8,19
Ellenwood,9,14
Ellenwood,10,11
Ellenwood,11,14
Ellenwood,12,21
Ellerbe,1,5
Ellerbe,3,1
Ellerbe,5,2
Ellerbe,6,1
Ellerbe,7,10
Ellerslie,1,1
Ellettsville,2,3
Ellettsville,8,1
Ellicott City,1,60
Ellicott City,2,62
Ellicott City,3,33
Ellicott City,4,34
Ellicott City,5,27
Ellicott City,6,33
Ellicott City,7,45
Ellicott City,8,33
Ellicott City,9,22
Ellicott City,10,19
Ellicott City,11,36
Ellicott City,12,34
Ellicottville,12,3
Ellijay,1,3
Ellijay,2,11
Ellijay,3,2
Ellijay,5,17
Ellijay,6,2
Ellijay,7,4
Ellijay,8,14
Ellijay,9,2
Ellijay,10,3
Ellijay,11,17
Ellijay,12,10
Ellington,1,2
Ellington,2,2
Ellington,3,1
Ellington,7,4
Ellington,9,11
Ellington,10,6
Elliott,2,2
Elliott,9,1
Elliott,12,1
Elliottsburg,1,2
Elliottsburg,2,6
Elliottsburg,3,3
Elliottsburg,5,3
Elliottsburg,8,5
Elliottsburg,9,8
Ellison Bay,1,3
Elliston,1,44
Elliston,2,35
Elliston,3,24
Elliston,4,18
Elliston,5,33
Elliston,6,24
Elliston,7,19
Elliston,8,34
Elliston,9,24
Elliston,10,34
Elliston,11,36
Elliston,12,16
Ellisville,1,3
Ellisville,2,1
Ellisville,3,1
Ellisville,5,5
Ellisville,6,1
Ellisville,8,1
Elloree,1,13
Elloree,2,5
Elloree,3,7
Elloree,4,7
Elloree,5,5
Elloree,6,3
Elloree,7,9
Elloree,8,8
Elloree,9,10
Elloree,10,4
Elloree,11,5
Elloree,12,11
Ellsworth,1,24
Ellsworth,2,15
Ellsworth,3,6
Ellsworth,4,3
Ellsworth,6,4
Ellsworth,7,1
Ellsworth,8,1
Ellsworth,9,2
Ellsworth,10,8
Ellsworth,11,4
Ellsworth,12,15
Ellwood City,1,7
Ellwood City,2,14
Ellwood City,3,4
Ellwood City,5,5
Ellwood City,6,1
Ellwood City,7,4
Ellwood City,8,8
Ellwood City,9,21
Ellwood City,12,11
Elm City,1,4
Elm City,3,1
Elm City,4,6
Elm City,5,1
Elm City,6,14
Elm City,8,12
Elm City,10,4
Elm City,11,8
Elm City,12,6
Elm Creek,2,1
Elm Creek,6,1
Elm Creek,7,1
Elm Creek,8,1
Elm Creek,9,1
Elm Grove,2,1
Elm Mott,7,1
Elm Mott,10,1
Elma,1,2
Elma,2,2
Elma,4,2
Elma,5,3
Elma,6,3
Elma,7,2
Elma,8,4
Elma,10,1
Elma,11,7
Elma,12,4
Elmendorf,1,3
Elmendorf,4,2
Elmendorf,5,2
Elmendorf,6,2
Elmendorf,7,4
Elmendorf,8,1
Elmendorf,12,1
Elmer,1,6
Elmer,2,2
Elmer,3,2
Elmer,4,3
Elmer,5,5
Elmer,6,1
Elmer,8,3
Elmer,9,10
Elmer,10,2
Elmer,12,3
Elmhurst,1,150
Elmhurst,2,147
Elmhurst,3,100
Elmhurst,4,116
Elmhurst,5,161
Elmhurst,6,136
Elmhurst,7,132
Elmhurst,8,188
Elmhurst,9,150
Elmhurst,10,71
Elmhurst,11,69
Elmhurst,12,91
Elmhurst Township,2,2
Elmhurst Township,11,1
Elmhurst Township,12,1
Elmira,1,2
Elmira,3,4
Elmira,7,2
Elmira,9,2
Elmira,11,7
Elmira,12,11
Elmo,1,6
Elmo,2,4
Elmo,3,3
Elmo,6,1
Elmo,7,3
Elmo,8,1
Elmo,9,2
Elmo,10,4
Elmo,11,2
Elmo,12,2
Elmont,1,1
Elmont,3,1
Elmont,4,7
Elmont,5,4
Elmont,6,6
Elmont,7,6
Elmont,8,5
Elmont,10,3
Elmont,11,4
Elmora,1,5
Elmora,7,2
Elmora,8,1
Elmora,11,1
Elmore,1,15
Elmore,2,10
Elmore,3,3
Elmore,4,11
Elmore,5,10
Elmore,6,6
Elmore,7,9
Elmore,8,9
Elmore,9,7
Elmore,10,2
Elmore,11,7
Elmore,12,7
Elmsford,1,82
Elmsford,2,50
Elmsford,3,42
Elmsford,4,45
Elmsford,5,52
Elmsford,6,51
Elmsford,7,42
Elmsford,8,40
Elmsford,9,77
Elmsford,10,35
Elmsford,11,29
Elmsford,12,43
Elmwood,7,1
Elmwood Park,1,30
Elmwood Park,2,10
Elmwood Park,3,24
Elmwood Park,4,16
Elmwood Park,5,24
Elmwood Park,6,11
Elmwood Park,7,19
Elmwood Park,8,24
Elmwood Park,9,22
Elmwood Park,10,23
Elmwood Park,11,21
Elmwood Park,12,20
Elnora,2,2
Elnora,6,5
Elnora,7,1
Elnora,8,2
Elnora,10,3
Elon,1,7
Elon,4,4
Elon,5,4
Elon,7,4
Eloy,1,22
Eloy,2,7
Eloy,3,16
Eloy,4,13
Eloy,5,13
Eloy,6,9
Eloy,7,11
Eloy,8,7
Eloy,9,2
Eloy,10,1
Eloy,11,12
Eloy,12,9
Elrama,4,2
Elrod,2,1
Elrod,3,2
Elrod,4,1
Elrod,5,2
Elrod,6,3
Elrod,7,1
Elrod,8,3
Elrod,9,2
Elrod,12,3
Elrosa,2,1
Elrosa,11,2
Elsinore,2,1
Elsmere,1,1
Elsmere,2,3
Elsmere,7,2
Elsmere,10,2
Elsmere,11,1
Elsmere,12,1
Elverson,1,7
Elverson,2,8
Elverson,3,6
Elverson,4,7
Elverson,5,12
Elverson,6,7
Elverson,7,1
Elverson,8,10
Elverson,9,8
Elverson,10,2
Elverson,11,5
Elverson,12,2
Elverta,1,31
Elverta,2,17
Elverta,3,12
Elverta,4,10
Elverta,5,9
Elverta,6,14
Elverta,7,13
Elverta,8,7
Elverta,9,18
Elverta,10,15
Elverta,11,14
Elverta,12,17
Elwood,1,1
Elwood,2,3
Elwood,3,5
Elwood,4,1
Elwood,5,1
Elwood,6,3
Elwood,8,1
Elwood,9,7
Elwood,11,9
Elwood,12,1
Ely,1,9
Ely,2,10
Ely,3,6
Ely,4,14
Ely,5,6
Ely,6,13
Ely,7,11
Ely,8,19
Ely,9,8
Ely,10,5
Ely,11,9
Ely,12,14
Elyria,1,22
Elyria,2,11
Elyria,3,5
Elyria,4,15
Elyria,5,18
Elyria,6,12
Elyria,7,13
Elyria,8,16
Elyria,9,6
Elyria,10,6
Elyria,11,19
Elyria,12,11
Elysburg,1,8
Elysburg,2,8
Elysburg,3,4
Elysburg,4,7
Elysburg,5,2
Elysburg,6,22
Elysburg,7,2
Elysburg,8,6
Elysburg,9,6
Elysburg,10,5
Elysburg,11,4
Elysburg,12,7
Elysian,1,4
Elysian,2,2
Elysian,4,3
Elysian,5,1
Elysian,6,5
Elysian,7,1
Elysian,12,2
Embarrass,1,7
Embarrass,2,1
Embarrass,4,1
Embarrass,6,3
Embarrass,8,2
Embarrass,9,5
Embarrass,11,1
Embudo,6,1
Emden,5,1
Emelle,2,1
Emelle,6,3
Emelle,9,1
Emerado,2,2
Emerado,3,1
Emerado,6,1
Emerado,7,3
Emerado,8,1
Emerado,9,1
Emerado,10,1
Emerado,12,1
Emerald Hills,2,1
Emerald Hills,5,5
Emerald Hills,6,1
Emerald Hills,8,1
Emerald Hills,11,3
Emerald Hills,12,4
Emerald Isle,7,1
Emerald Isle,8,1
Emerson,1,3
Emerson,3,1
Emerson,5,1
Emerson,6,2
Emerson,8,1
Emerson,10,1
Emerson,11,1
Emerson,12,3
Emery,3,1
Emeryville,1,175
Emeryville,2,135
Emeryville,3,104
Emeryville,4,107
Emeryville,5,88
Emeryville,6,98
Emeryville,7,81
Emeryville,8,92
Emeryville,9,87
Emeryville,10,81
Emeryville,11,114
Emeryville,12,112
Emigrant,1,2
Emigrant,2,2
Emigrant,5,2
Emigrant,8,6
Emigrant,9,4
Emigrant,10,1
Emigrant,11,2
Emigrant,12,1
Emigrant Gap,1,14
Emigrant Gap,2,14
Emigrant Gap,3,2
Emigrant Gap,4,5
Emigrant Gap,6,3
Emigrant Gap,7,1
Emigrant Gap,8,2
Emigrant Gap,10,2
Emigrant Gap,11,9
Emigrant Gap,12,25
Emily,2,3
Emily,8,2
Emily,9,4
Emily,11,2
Emlenton,1,25
Emlenton,2,20
Emlenton,3,10
Emlenton,4,7
Emlenton,5,9
Emlenton,6,4
Emlenton,7,8
Emlenton,8,4
Emlenton,9,9
Emlenton,11,25
Emlenton,12,12
Emmaus,2,2
Emmaus,4,4
Emmaus,5,9
Emmaus,6,5
Emmaus,8,6
Emmaus,9,4
Emmaus,10,5
Emmaus,11,2
Emmaus,12,5
Emmet,1,2
Emmet,6,4
Emmet,9,1
Emmet,10,3
Emmetsburg,2,1
Emmetsburg,4,2
Emmetsburg,10,4
Emmett,1,4
Emmett,3,1
Emmitsburg,1,5
Emmitsburg,2,12
Emmitsburg,3,2
Emmitsburg,4,1
Emmitsburg,5,3
Emmitsburg,6,6
Emmitsburg,7,5
Emmitsburg,8,6
Emmitsburg,9,5
Emmitsburg,11,4
Emmitsburg,12,15
Emmons,12,1
Empire,1,16
Empire,2,3
Empire,3,2
Empire,5,4
Empire,6,4
Empire,7,9
Empire,8,6
Empire,9,2
Empire,10,3
Empire,11,6
Empire,12,3
Emporia,1,33
Emporia,2,10
Emporia,3,23
Emporia,4,14
Emporia,5,26
Emporia,6,5
Emporia,7,31
Emporia,8,27
Emporia,9,13
Emporia,10,21
Emporia,11,10
Emporia,12,45
Emporium,1,7
Emporium,2,7
Emporium,3,2
Emporium,4,6
Emporium,5,1
Emporium,8,5
Emporium,9,6
Emporium,11,3
Emporium,12,2
Encinal,2,1
Encinal,11,5
Encinitas,1,77
Encinitas,2,104
Encinitas,3,73
Encinitas,4,46
Encinitas,5,40
Encinitas,6,57
Encinitas,7,39
Encinitas,8,66
Encinitas,9,50
Encinitas,10,28
Encinitas,11,72
Encinitas,12,63
Encino,1,154
Encino,2,143
Encino,3,112
Encino,4,120
Encino,5,75
Encino,6,116
Encino,7,86
Encino,8,77
Encino,9,102
Encino,10,123
Encino,11,79
Encino,12,71
Endeavor,2,1
Endeavor,6,2
Endeavor,7,4
Endeavor,9,1
Enderlin,4,1
Enderlin,6,2
Enderlin,8,1
Enderlin,9,2
Enderlin,12,1
Endicott,2,4
Endicott,3,3
Endicott,4,1
Endicott,5,1
Endicott,6,2
Endicott,7,10
Endicott,8,3
Endicott,9,2
Endicott,10,9
Endicott,11,4
Endicott,12,1
Enfield,1,22
Enfield,2,11
Enfield,3,16
Enfield,4,18
Enfield,5,16
Enfield,6,16
Enfield,7,30
Enfield,8,21
Enfield,9,8
Enfield,10,5
Enfield,11,17
Enfield,12,19
Engadine,12,1
England,1,2
England,2,1
England,10,5
Englewood,1,145
Englewood,2,167
Englewood,3,103
Englewood,4,98
Englewood,5,93
Englewood,6,100
Englewood,7,90
Englewood,8,135
Englewood,9,98
Englewood,10,71
Englewood,11,154
Englewood,12,161
Englewood Cliffs,1,3
Englewood Cliffs,2,2
Englewood Cliffs,3,1
Englewood Cliffs,5,2
Englewood Cliffs,6,7
Englewood Cliffs,7,2
Englewood Cliffs,8,1
Englewood Cliffs,9,7
Englewood Cliffs,10,3
Englewood Cliffs,11,3
English,1,9
English,2,2
English,3,8
English,4,2
English,6,4
English,10,4
Englishtown,1,12
Englishtown,2,20
Englishtown,3,6
Englishtown,4,5
Englishtown,5,10
Englishtown,6,19
Englishtown,7,6
Englishtown,8,15
Englishtown,9,2
Englishtown,10,8
Englishtown,11,13
Englishtown,12,4
Enid,1,1
Enigma,12,6
Ennice,2,4
Ennice,6,4
Ennis,1,12
Ennis,2,15
Ennis,3,11
Ennis,4,5
Ennis,5,17
Ennis,6,5
Ennis,7,1
Ennis,8,4
Ennis,9,5
Ennis,10,8
Ennis,11,6
Ennis,12,11
Enola,1,17
Enola,2,22
Enola,3,2
Enola,4,8
Enola,5,7
Enola,6,5
Enola,7,8
Enola,8,15
Enola,9,11
Enola,10,11
Enola,11,22
Enola,12,12
Enon,2,1
Enon,5,2
Enon,6,1
Enon,8,2
Enon,9,1
Enon,10,1
Enon,11,4
Enon,12,2
Enon Valley,1,4
Enon Valley,2,2
Enon Valley,3,1
Enon Valley,4,3
Enon Valley,7,2
Enon Valley,8,10
Enon Valley,10,1
Enon Valley,11,1
Enoree,1,47
Enoree,2,30
Enoree,3,13
Enoree,4,17
Enoree,5,19
Enoree,6,19
Enoree,7,26
Enoree,8,9
Enoree,9,30
Enoree,10,18
Enoree,11,10
Enoree,12,28
Enterprise,1,30
Enterprise,2,24
Enterprise,3,15
Enterprise,4,15
Enterprise,5,7
Enterprise,6,19
Enterprise,7,18
Enterprise,8,49
Enterprise,9,21
Enterprise,10,4
Enterprise,11,23
Enterprise,12,41
Entiat,9,1
Enumclaw,1,4
Enumclaw,2,5
Enumclaw,3,1
Enumclaw,4,6
Enumclaw,5,4
Enumclaw,6,4
Enumclaw,7,2
Enumclaw,8,3
Enumclaw,10,2
Enumclaw,11,3
Enumclaw,12,7
Enville,9,1
Epes,2,1
Epes,3,1
Epes,4,1
Epes,5,6
Epes,6,1
Epes,7,2
Epes,8,1
Epes,9,1
Epes,11,1
Epes,12,2
Ephraim,1,2
Ephraim,3,2
Ephraim,5,3
Ephraim,6,2
Ephraim,7,1
Ephraim,8,12
Ephraim,10,1
Ephraim,11,6
Ephraim,12,1
Ephrata,1,91
Ephrata,2,92
Ephrata,3,48
Ephrata,4,58
Ephrata,5,48
Ephrata,6,58
Ephrata,7,46
Ephrata,8,42
Ephrata,9,34
Ephrata,10,54
Ephrata,11,64
Ephrata,12,75
Epping,1,1
Epping,2,1
Epping,3,4
Epping,5,2
Epping,7,2
Epping,8,1
Epping,9,1
Epping,10,2
Epping,11,2
Epping,12,1
Epsom,1,2
Epsom,2,2
Epsom,6,1
Epsom,11,1
Epworth,1,3
Epworth,2,2
Equality,1,1
Erie,1,94
Erie,2,63
Erie,3,30
Erie,4,8
Erie,5,18
Erie,6,37
Erie,7,25
Erie,8,34
Erie,9,15
Erie,10,22
Erie,11,31
Erie,12,45
Erin,1,1
Erin,2,6
Erin,7,11
Erin,9,3
Erlanger,1,20
Erlanger,2,33
Erlanger,3,15
Erlanger,4,14
Erlanger,5,17
Erlanger,6,22
Erlanger,7,7
Erlanger,8,31
Erlanger,9,15
Erlanger,10,13
Erlanger,11,6
Erlanger,12,13
Ernul,12,1
Erskine,1,2
Erskine,3,1
Erskine,7,3
Erskine,8,2
Erskine,9,2
Erskine,11,5
Erskine,12,3
Erving,1,1
Erwin,1,4
Erwin,3,9
Erwin,4,2
Erwin,5,3
Erwin,6,2
Erwin,8,3
Erwin,9,1
Erwin,10,14
Erwin,12,4
Erwinna,3,1
Escalante,2,2
Escalante,7,1
Escalante,8,1
Escalante,9,2
Escalante,10,1
Escalon,1,52
Escalon,2,36
Escalon,3,9
Escalon,4,13
Escalon,5,30
Escalon,6,25
Escalon,7,17
Escalon,8,25
Escalon,9,14
Escalon,10,22
Escalon,11,32
Escalon,12,22
Escondido,1,305
Escondido,2,255
Escondido,3,190
Escondido,4,186
Escondido,5,126
Escondido,6,131
Escondido,7,130
Escondido,8,142
Escondido,9,179
Escondido,10,122
Escondido,11,186
Escondido,12,175
Eskdale,2,11
Eskdale,3,1
Eskdale,4,4
Eskdale,5,2
Eskdale,6,4
Eskdale,7,8
Eskdale,8,6
Eskdale,9,14
Eskdale,10,6
Eskdale,11,1
Eskdale,12,8
Esko,1,38
Esko,2,11
Esko,3,8
Esko,4,4
Esko,5,5
Esko,6,3
Esko,8,3
Esko,9,4
Esko,10,2
Esko,11,4
Esko,12,40
Esmont,2,2
Esmont,4,2
Esmont,9,2
Esmont,12,2
Esopus,2,2
Espanola,1,1
Espanola,2,2
Espanola,5,2
Espanola,6,1
Espanola,7,3
Espanola,10,1
Espanola,12,11
Esparto,1,20
Esparto,2,20
Esparto,3,7
Esparto,4,10
Esparto,5,5
Esparto,6,2
Esparto,7,11
Esparto,8,5
Esparto,9,3
Esparto,10,6
Esparto,11,4
Esparto,12,17
Esperance,1,1
Esperance,2,2
Esperance,4,1
Esperance,6,6
Esperance,7,3
Esperance,8,2
Esperance,11,2
Essex,1,29
Essex,2,32
Essex,3,20
Essex,4,15
Essex,5,8
Essex,6,18
Essex,7,7
Essex,8,26
Essex,9,17
Essex,10,10
Essex,11,22
Essex,12,20
Essex Junction,6,1
Essington,1,38
Essington,2,26
Essington,3,13
Essington,4,12
Essington,5,22
Essington,6,24
Essington,7,33
Essington,8,11
Essington,9,25
Essington,10,12
Essington,11,30
Essington,12,17
Estacada,1,15
Estacada,2,13
Estacada,3,9
Estacada,5,3
Estacada,6,1
Estacada,7,10
Estacada,8,12
Estacada,9,9
Estacada,10,3
Estacada,11,1
Estacada,12,10
Estero,1,124
Estero,2,114
Estero,3,115
Estero,4,96
Estero,5,43
Estero,6,47
Estero,7,40
Estero,8,60
Estero,9,73
Estero,10,40
Estero,11,109
Estero,12,121
Estero Island,4,1
Estero Island,12,1
Estes Park,2,1
Estes Park,3,4
Estes Park,5,2
Estes Park,6,2
Estes Park,11,7
Estes Park,12,1
Estill,1,6
Estill,2,4
Estill,3,5
Estill,4,4
Estill,5,6
Estill,6,7
Estill,7,9
Estill,8,6
Estill,9,8
Estill,10,3
Estill,11,3
Estill,12,5
Estill Springs,1,1
Estill Springs,5,2
Estill Springs,7,1
Estill Springs,10,3
Estillfork,4,1
Ethel,6,3
Ethel,11,3
Ethelsville,1,1
Ethelsville,2,3
Ethelsville,3,2
Ethelsville,12,1
Ethridge,6,1
Etna,1,7
Etna,2,8
Etna,3,2
Etna,4,2
Etna,5,1
Etna,6,8
Etna,7,6
Etna,8,9
Etna,9,6
Etna,10,2
Etna,11,4
Etna,12,9
Etoile,5,1
Etowah,1,4
Etowah,2,1
Etowah,3,1
Etowah,5,3
Etowah,7,4
Etowah,8,2
Etowah,9,1
Etowah,11,1
Etowah,12,4
Etters,1,27
Etters,2,7
Etters,3,6
Etters,4,2
Etters,5,4
Etters,6,9
Etters,7,10
Etters,8,5
Etters,9,10
Etters,10,6
Etters,11,13
Etters,12,20
Euclid,1,18
Euclid,2,4
Euclid,3,4
Euclid,4,5
Euclid,5,3
Euclid,6,11
Euclid,7,7
Euclid,8,6
Euclid,9,4
Euclid,10,3
Euclid,11,6
Euclid,12,9
Eudora,1,8
Eudora,2,6
Eudora,3,6
Eudora,4,1
Eudora,7,5
Eudora,9,2
Eudora,11,5
Eufaula,1,2
Eufaula,2,4
Eufaula,3,1
Eufaula,4,5
Eufaula,5,5
Eufaula,6,1
Eufaula,7,5
Eufaula,8,4
Eufaula,9,1
Eufaula,10,2
Eufaula,11,1
Eufaula,12,3
Eugene,1,87
Eugene,2,96
Eugene,3,79
Eugene,4,105
Eugene,5,55
Eugene,6,96
Eugene,7,84
Eugene,8,62
Eugene,9,74
Eugene,10,57
Eugene,11,68
Eugene,12,139
Euless,1,30
Euless,2,20
Euless,3,12
Euless,4,27
Euless,5,11
Euless,6,18
Euless,7,8
Euless,8,26
Euless,9,19
Euless,10,11
Euless,11,13
Euless,12,23
Eunice,5,1
Eunice,10,1
Eure,2,6
Eure,4,5
Eure,6,2
Eureka,1,86
Eureka,2,53
Eureka,3,50
Eureka,4,49
Eureka,5,28
Eureka,6,40
Eureka,7,42
Eureka,8,45
Eureka,9,56
Eureka,10,56
Eureka,11,66
Eureka,12,80
Eureka Springs,1,3
Eureka Springs,2,2
Eureka Springs,3,1
Eureka Springs,5,4
Eureka Springs,7,4
Eureka Springs,9,12
Eureka Springs,11,2
Eureka Springs,12,5
Eustis,1,21
Eustis,2,11
Eustis,3,8
Eustis,4,8
Eustis,5,11
Eustis,6,10
Eustis,7,10
Eustis,8,11
Eustis,9,20
Eustis,10,11
Eustis,11,11
Eustis,12,22
Eutaw,1,3
Eutaw,2,2
Eutaw,3,4
Eutaw,4,11
Eutaw,5,7
Eutaw,6,7
Eutaw,7,6
Eutaw,8,9
Eutaw,9,7
Eutaw,10,2
Eutaw,11,4
Eutaw,12,1
Eutawville,1,8
Eutawville,2,7
Eutawville,3,8
Eutawville,4,6
Eutawville,5,14
Eutawville,6,8
Eutawville,7,9
Eutawville,8,16
Eutawville,9,15
Eutawville,10,5
Eutawville,11,5
Eutawville,12,7
Evans,1,2
Evans,2,1
Evans,3,3
Evans,4,2
Evans,5,1
Evans,9,2
Evans,10,1
Evans,11,1
Evans,12,5
Evans City,2,1
Evans City,4,1
Evans City,12,4
Evans Mills,7,4
Evans Mills,8,1
Evans Mills,12,4
Evansdale,1,4
Evansdale,2,8
Evansdale,4,3
Evansdale,5,1
Evansdale,6,1
Evansdale,7,2
Evansdale,8,2
Evansdale,9,3
Evansdale,10,1
Evansdale,11,1
Evansdale,12,2
Evanston,1,35
Evanston,2,12
Evanston,3,5
Evanston,4,18
Evanston,6,1
Evanston,7,4
Evanston,8,4
Evanston,9,2
Evanston,10,3
Evanston,11,4
Evanston,12,32
Evansville,1,33
Evansville,2,20
Evansville,3,24
Evansville,4,29
Evansville,5,24
Evansville,6,11
Evansville,7,44
Evansville,8,6
Evansville,9,13
Evansville,10,18
Evansville,11,33
Evansville,12,42
Evart,9,1
Eveleth,1,28
Eveleth,2,25
Eveleth,3,8
Eveleth,4,9
Eveleth,5,9
Eveleth,6,4
Eveleth,7,4
Eveleth,8,1
Eveleth,9,3
Eveleth,10,4
Eveleth,11,16
Eveleth,12,21
Evening Shade,5,3
Evening Shade,6,7
Evening Shade,9,3
Evensville,5,1
Evensville,8,1
Evensville,9,1
Everett,1,92
Everett,2,99
Everett,3,51
Everett,4,62
Everett,5,71
Everett,6,71
Everett,7,52
Everett,8,76
Everett,9,58
Everett,10,49
Everett,11,80
Everett,12,97
Evergreen,1,44
Evergreen,2,30
Evergreen,3,27
Evergreen,4,26
Evergreen,5,15
Evergreen,6,16
Evergreen,7,30
Evergreen,8,19
Evergreen,9,16
Evergreen,10,12
Evergreen,11,16
Evergreen,12,39
Evergreen Park,3,1
Evergreen Park,6,1
Evergreen Park,11,1
Evergreen Park,12,1
Everson,1,5
Everson,2,4
Everson,3,7
Everson,4,6
Everson,5,2
Everson,6,7
Everson,7,8
Everson,8,2
Everson,11,3
Everson,12,3
Everton,6,7
Evington,1,1
Evington,2,4
Evington,3,3
Evington,6,1
Evington,7,4
Evington,8,7
Evington,9,7
Evington,10,2
Evington,12,2
Ewing,1,3
Ewing,2,11
Ewing,3,3
Ewing,9,3
Excelsior,1,16
Excelsior,2,8
Excelsior,3,2
Excelsior,4,4
Excelsior,5,8
Excelsior,6,22
Excelsior,7,8
Excelsior,8,12
Excelsior,9,5
Excelsior,10,5
Excelsior,11,6
Excelsior,12,30
Exchange,4,2
Exchange,5,1
Exchange,6,1
Exchange,8,1
Exchange,9,1
Exchange,10,4
Exchange,11,1
Exeter,1,53
Exeter,2,56
Exeter,3,19
Exeter,4,25
Exeter,5,30
Exeter,6,22
Exeter,7,32
Exeter,8,23
Exeter,9,17
Exeter,10,22
Exeter,11,30
Exeter,12,26
Exira,11,1
Exmore,1,7
Exmore,5,5
Exmore,6,4
Exmore,7,4
Exmore,8,8
Exmore,9,4
Exmore,10,1
Exmore,11,5
Exmore,12,4
Export,1,4
Export,2,7
Export,4,8
Export,5,11
Export,7,7
Export,8,12
Export,9,5
Export,11,3
Export,12,11
Exton,1,113
Exton,2,60
Exton,3,36
Exton,4,32
Exton,5,44
Exton,6,52
Exton,7,35
Exton,8,36
Exton,9,57
Exton,10,35
Exton,11,76
Exton,12,61
Eyota,1,24
Eyota,2,17
Eyota,3,6
Eyota,4,12
Eyota,5,13
Eyota,6,8
Eyota,7,3
Eyota,8,11
Eyota,9,1
Eyota,10,2
Eyota,11,11
Eyota,12,18
Fabens,1,1
Fabens,3,1
Fabens,8,1
Fabens,9,1
Fabens,10,1
Fabens,11,1
Fabens,12,1
Faber,1,2
Faber,2,4
Faber,3,2
Faber,4,2
Faber,5,4
Faber,7,2
Faber,8,5
Faber,9,6
Faber,10,1
Faber,11,8
Faber,12,3
Factoryville,1,1
Factoryville,2,6
Factoryville,3,2
Factoryville,6,2
Factoryville,7,1
Factoryville,10,1
Factoryville,12,1
Fair Bluff,7,1
Fair Bluff,11,1
Fair Grove,1,2
Fair Grove,2,1
Fair Grove,4,2
Fair Grove,5,3
Fair Grove,7,2
Fair Grove,9,2
Fair Grove,11,1
Fair Grove,12,1
Fair Haven,6,1
Fair Lawn,1,3
Fair Lawn,2,6
Fair Lawn,3,6
Fair Lawn,4,2
Fair Lawn,5,10
Fair Lawn,6,22
Fair Lawn,7,19
Fair Lawn,8,9
Fair Lawn,9,16
Fair Lawn,10,8
Fair Lawn,11,3
Fair Lawn,12,6
Fair Oaks,1,179
Fair Oaks,2,166
Fair Oaks,3,69
Fair Oaks,4,77
Fair Oaks,5,76
Fair Oaks,6,131
Fair Oaks,7,102
Fair Oaks,8,115
Fair Oaks,9,112
Fair Oaks,10,103
Fair Oaks,11,117
Fair Oaks,12,149
Fair Play,1,31
Fair Play,2,26
Fair Play,3,28
Fair Play,4,28
Fair Play,5,44
Fair Play,6,19
Fair Play,7,33
Fair Play,8,18
Fair Play,9,26
Fair Play,10,15
Fair Play,11,23
Fair Play,12,18
Fairborn,1,9
Fairborn,4,2
Fairborn,5,3
Fairborn,6,3
Fairborn,7,1
Fairborn,8,3
Fairborn,9,1
Fairborn,10,4
Fairborn,11,9
Fairborn,12,12
Fairburn,1,29
Fairburn,2,19
Fairburn,3,14
Fairburn,4,17
Fairburn,5,18
Fairburn,6,10
Fairburn,7,7
Fairburn,8,14
Fairburn,9,22
Fairburn,10,6
Fairburn,11,11
Fairburn,12,25
Fairchild Air Force Base,4,1
Fairdale,1,5
Fairdale,2,6
Fairdale,3,4
Fairdale,4,2
Fairdale,5,5
Fairdale,6,5
Fairdale,7,9
Fairdale,8,8
Fairdale,9,2
Fairdale,10,1
Fairdale,11,3
Fairdale,12,1
Fairfax,1,362
Fairfax,2,286
Fairfax,3,241
Fairfax,4,326
Fairfax,5,311
Fairfax,6,347
Fairfax,7,264
Fairfax,8,276
Fairfax,9,349
Fairfax,10,224
Fairfax,11,285
Fairfax,12,251
Fairfax Station,1,37
Fairfax Station,2,16
Fairfax Station,3,12
Fairfax Station,4,39
Fairfax Station,5,36
Fairfax Station,6,25
Fairfax Station,7,15
Fairfax Station,8,36
Fairfax Station,9,59
Fairfax Station,10,45
Fairfax Station,11,51
Fairfax Station,12,43
Fairfield,1,317
Fairfield,2,354
Fairfield,3,255
Fairfield,4,213
Fairfield,5,208
Fairfield,6,264
Fairfield,7,227
Fairfield,8,240
Fairfield,9,236
Fairfield,10,163
Fairfield,11,257
Fairfield,12,396
Fairhaven,1,2
Fairhaven,2,1
Fairhaven,11,1
Fairhope,1,3
Fairhope,2,1
Fairhope,3,1
Fairhope,5,1
Fairhope,6,6
Fairhope,7,5
Fairhope,8,1
Fairhope,9,1
Fairhope,10,2
Fairhope,11,9
Fairhope,12,3
Fairland,1,5
Fairland,2,5
Fairland,4,4
Fairland,6,2
Fairland,7,8
Fairland,8,3
Fairland,9,1
Fairland,12,1
Fairlee,2,1
Fairless Hills,1,1
Fairless Hills,4,2
Fairless Hills,6,1
Fairless Hills,7,2
Fairless Hills,8,1
Fairless Hills,9,2
Fairless Hills,10,1
Fairless Hills,12,1
Fairmont,1,77
Fairmont,2,34
Fairmont,3,30
Fairmont,4,23
Fairmont,5,26
Fairmont,6,7
Fairmont,7,16
Fairmont,8,19
Fairmont,9,17
Fairmont,10,18
Fairmont,11,47
Fairmont,12,31
Fairmount,2,2
Fairmount,3,2
Fairmount,4,1
Fairmount,6,7
Fairmount,7,3
Fairmount,11,2
Fairmount City,1,1
Fairmount City,2,5
Fairmount City,3,3
Fairmount City,4,2
Fairmount City,8,4
Fairmount City,9,1
Fairmount City,11,3
Fairmount City,12,12
Fairmount Heights,6,1
Fairmount Heights,12,1
Fairplay,1,20
Fairplay,2,30
Fairplay,3,12
Fairplay,4,14
Fairplay,5,8
Fairplay,6,9
Fairplay,7,5
Fairplay,8,21
Fairplay,9,11
Fairplay,10,2
Fairplay,11,19
Fairplay,12,27
Fairport,1,39
Fairport,2,28
Fairport,3,13
Fairport,4,8
Fairport,5,9
Fairport,6,29
Fairport,7,17
Fairport,8,10
Fairport,9,13
Fairport,10,12
Fairport,11,26
Fairport,12,27
Fairview,1,38
Fairview,2,55
Fairview,3,15
Fairview,4,22
Fairview,5,16
Fairview,6,25
Fairview,7,46
Fairview,8,31
Fairview,9,33
Fairview,10,23
Fairview,11,29
Fairview,12,46
Fairview Heights,1,16
Fairview Heights,2,5
Fairview Heights,3,5
Fairview Heights,4,5
Fairview Heights,5,12
Fairview Heights,6,6
Fairview Heights,7,7
Fairview Heights,8,4
Fairview Heights,9,2
Fairview Heights,10,6
Fairview Heights,11,2
Faison,1,3
Faison,2,6
Faison,3,13
Faison,5,2
Faison,6,10
Faison,7,7
Faison,8,3
Faison,9,2
Faison,11,7
Faison,12,3
Falconer,8,1
Falfurrias,12,7
Falkville,1,8
Falkville,2,10
Falkville,3,10
Falkville,4,5
Falkville,5,13
Falkville,6,4
Falkville,7,6
Falkville,8,5
Falkville,9,4
Falkville,10,1
Falkville,11,3
Falkville,12,2
Fall Branch,1,4
Fall Branch,2,3
Fall Branch,3,1
Fall Branch,4,2
Fall Branch,5,4
Fall Branch,7,2
Fall Branch,8,8
Fall Branch,9,1
Fall Branch,10,1
Fall Branch,11,1
Fall Branch,12,4
Fall City,3,3
Fall City,4,1
Fall City,6,6
Fall City,7,2
Fall City,9,1
Fall Creek,2,1
Fall Creek,12,2
Fall River,1,7
Fall River,2,3
Fall River,3,5
Fall River,4,3
Fall River,5,1
Fall River,6,4
Fall River,7,5
Fall River,9,1
Fall River,10,1
Fall River,11,5
Fall River,12,1
Fall River Mills,1,9
Fall River Mills,2,1
Fall River Mills,3,6
Fall River Mills,4,5
Fall River Mills,5,3
Fall River Mills,7,1
Fall River Mills,8,3
Fall River Mills,9,5
Fall River Mills,11,3
Fall River Mills,12,4
Fallbrook,1,257
Fallbrook,2,245
Fallbrook,3,107
Fallbrook,4,163
Fallbrook,5,74
Fallbrook,6,141
Fallbrook,7,144
Fallbrook,8,151
Fallbrook,9,142
Fallbrook,10,124
Fallbrook,11,129
Fallbrook,12,163
Fallentimber,2,6
Fallentimber,5,3
Fallentimber,6,5
Fallentimber,7,6
Fallentimber,8,4
Fallentimber,9,2
Fallentimber,10,1
Fallentimber,11,1
Fallentimber,12,8
Falling Waters,1,5
Falling Waters,2,15
Falling Waters,3,8
Falling Waters,4,3
Falling Waters,5,1
Falling Waters,6,3
Falling Waters,7,9
Falling Waters,8,19
Falling Waters,9,10
Falling Waters,10,10
Falling Waters,11,3
Falling Waters,12,8
Fallon,1,23
Fallon,2,29
Fallon,3,9
Fallon,4,16
Fallon,5,21
Fallon,6,13
Fallon,7,20
Fallon,8,13
Fallon,9,23
Fallon,10,14
Fallon,11,15
Fallon,12,24
Falls Church,1,199
Falls Church,2,115
Falls Church,3,101
Falls Church,4,118
Falls Church,5,84
Falls Church,6,111
Falls Church,7,95
Falls Church,8,118
Falls Church,9,89
Falls Church,10,115
Falls Church,11,143
Falls Church,12,196
Falls Creek,1,12
Falls Creek,2,11
Falls Creek,3,1
Falls Creek,4,6
Falls Creek,6,1
Falls Creek,8,1
Falls Creek,9,4
Falls Creek,11,11
Falls Creek,12,6
Falls Of Rough,4,2
Falls Village,5,2
Falls Village,7,4
Fallsburg,5,2
Fallston,1,6
Fallston,2,1
Fallston,3,8
Fallston,4,3
Fallston,6,2
Fallston,7,1
Fallston,10,3
Fallston,11,10
Fallston,12,1
Falmouth,1,1
Falmouth,2,1
Falmouth,3,1
Falmouth,4,2
Falmouth,5,2
Falmouth,6,2
Falmouth,7,3
Falmouth,8,3
Falmouth,9,1
Falmouth,12,2
Fancy Gap,1,28
Fancy Gap,2,17
Fancy Gap,3,8
Fancy Gap,4,12
Fancy Gap,5,6
Fancy Gap,6,23
Fancy Gap,7,16
Fancy Gap,8,3
Fancy Gap,9,6
Fancy Gap,10,16
Fancy Gap,11,9
Fancy Gap,12,11
Fannettsburg,9,1
Fannettsburg,12,1
Fanning Springs,1,1
Fanning Springs,3,2
Fanning Springs,4,3
Fanning Springs,6,2
Fanning Springs,7,1
Fanning Springs,12,2
Far Hills,2,1
Far Hills,3,3
Far Hills,4,4
Far Hills,7,6
Far Hills,9,6
Far Hills,10,4
Far Hills,11,3
Far Hills,12,6
Far Rockaway,1,2
Far Rockaway,2,1
Far Rockaway,6,3
Far Rockaway,7,1
Far Rockaway,8,3
Far Rockaway,9,4
Fargo,1,44
Fargo,2,27
Fargo,3,5
Fargo,5,13
Fargo,6,22
Fargo,7,11
Fargo,8,14
Fargo,9,6
Fargo,10,6
Fargo,11,15
Fargo,12,43
Faribault,1,105
Faribault,2,60
Faribault,3,35
Faribault,4,30
Faribault,5,19
Faribault,6,16
Faribault,7,24
Faribault,8,23
Faribault,9,10
Faribault,10,10
Faribault,11,38
Faribault,12,110
Farina,1,1
Farina,2,2
Farina,3,2
Farina,4,2
Farina,5,6
Farina,6,4
Farina,7,2
Farina,8,3
Farina,9,1
Farina,10,1
Farina,11,3
Farina,12,1
Farley,5,1
Farley,10,2
Farley,11,1
Farmer City,1,1
Farmer City,2,7
Farmer City,7,2
Farmer City,9,2
Farmer City,10,1
Farmer City,11,1
Farmersburg,4,2
Farmersburg,8,1
Farmersville,1,6
Farmersville,2,7
Farmersville,3,4
Farmersville,4,6
Farmersville,5,5
Farmersville,6,4
Farmersville,8,4
Farmersville,9,1
Farmersville,10,3
Farmersville,11,1
Farmersville,12,3
Farmingdale,1,31
Farmingdale,2,22
Farmingdale,3,10
Farmingdale,4,22
Farmingdale,5,23
Farmingdale,6,40
Farmingdale,7,26
Farmingdale,8,33
Farmingdale,9,34
Farmingdale,10,39
Farmingdale,11,19
Farmingdale,12,18
Farmington,1,170
Farmington,2,215
Farmington,3,90
Farmington,4,120
Farmington,5,116
Farmington,6,117
Farmington,7,75
Farmington,8,129
Farmington,9,84
Farmington,10,89
Farmington,11,93
Farmington,12,149
Farmington Hills,2,1
Farmington Hills,6,1
Farmingville,1,1
Farmingville,3,2
Farmingville,4,9
Farmingville,5,3
Farmingville,6,2
Farmingville,7,5
Farmingville,8,1
Farmingville,9,4
Farmingville,10,7
Farmingville,11,4
Farmland,8,2
Farmland,12,7
Farmville,1,31
Farmville,2,11
Farmville,3,4
Farmville,5,5
Farmville,7,5
Farmville,8,6
Farmville,9,11
Farmville,10,12
Farmville,11,7
Farmville,12,17
Farnham,1,3
Farnham,2,3
Farnham,3,1
Farnham,4,5
Farnham,5,1
Farnham,6,5
Farnham,8,3
Farnham,9,3
Farnham,10,1
Farnham,12,4
Farragut,1,1
Farragut,3,2
Farragut,4,2
Farragut,5,3
Farragut,6,3
Farragut,7,3
Farragut,8,7
Farragut,9,4
Farragut,10,5
Farragut,11,8
Farragut,12,7
Farson,7,1
Farwell,1,1
Farwell,2,3
Farwell,5,1
Farwell,6,3
Farwell,9,1
Farwell,12,6
Fate,4,1
Fate,5,2
Fate,6,2
Fate,7,1
Fate,8,1
Fate,10,1
Fate,11,2
Faucett,1,1
Faucett,2,1
Faucett,6,2
Faucett,7,2
Faucett,11,1
Faulkner,12,2
Faunsdale,4,1
Faunsdale,5,2
Fawn Grove,2,3
Fawn Grove,5,1
Fawn Grove,7,1
Fawn Grove,9,1
Fawn Grove,12,1
Fayette,1,2
Fayette,2,1
Fayette,4,5
Fayette,5,9
Fayette,6,3
Fayette,7,4
Fayette,8,4
Fayette,9,1
Fayette,12,2
Fayette City,3,7
Fayetteville,1,103
Fayetteville,2,84
Fayetteville,3,56
Fayetteville,4,65
Fayetteville,5,48
Fayetteville,6,47
Fayetteville,7,68
Fayetteville,8,69
Fayetteville,9,96
Fayetteville,10,49
Fayetteville,11,96
Fayetteville,12,130
Feasterville Trevose,1,11
Feasterville Trevose,2,16
Feasterville Trevose,3,6
Feasterville Trevose,4,3
Feasterville Trevose,5,18
Feasterville Trevose,6,14
Feasterville Trevose,7,13
Feasterville Trevose,8,13
Feasterville Trevose,9,9
Feasterville Trevose,10,13
Feasterville Trevose,11,7
Feasterville Trevose,12,13
Feasterville-Trevose,1,2
Feasterville-Trevose,2,3
Feasterville-Trevose,3,4
Feasterville-Trevose,4,5
Feasterville-Trevose,5,17
Feasterville-Trevose,6,5
Feasterville-Trevose,7,9
Feasterville-Trevose,8,6
Feasterville-Trevose,9,7
Feasterville-Trevose,10,5
Feasterville-Trevose,11,4
Feasterville-Trevose,12,3
Federal Way,1,37
Federal Way,2,58
Federal Way,3,48
Federal Way,4,36
Federal Way,5,33
Federal Way,6,50
Federal Way,7,59
Federal Way,8,41
Federal Way,9,40
Federal Way,10,24
Federal Way,11,31
Federal Way,12,92
Federalsburg,1,22
Federalsburg,2,9
Federalsburg,3,5
Federalsburg,4,10
Federalsburg,6,11
Federalsburg,7,2
Federalsburg,8,7
Federalsburg,9,12
Federalsburg,11,4
Federalsburg,12,8
Feeding Hills,1,1
Feeding Hills,7,1
Feeding Hills,8,1
Felda,1,1
Felda,3,2
Felda,5,2
Felda,11,1
Fellows,1,9
Fellows,2,7
Fellows,4,5
Fellows,5,1
Fellows,8,1
Fellows,9,3
Fellows,10,3
Fellows,11,2
Fellows,12,5
Fellsmere,1,16
Fellsmere,2,9
Fellsmere,3,8
Fellsmere,4,7
Fellsmere,5,15
Fellsmere,6,11
Fellsmere,7,6
Fellsmere,8,1
Fellsmere,9,4
Fellsmere,10,6
Fellsmere,11,7
Fellsmere,12,5
Felton,1,36
Felton,2,27
Felton,3,21
Felton,4,26
Felton,5,11
Felton,6,33
Felton,7,24
Felton,8,9
Felton,9,10
Felton,10,19
Felton,11,22
Felton,12,30
Felts Mills,9,3
Fenelton,7,3
Fennville,1,6
Fennville,2,11
Fennville,3,1
Fennville,4,5
Fennville,5,2
Fennville,6,7
Fennville,7,11
Fennville,8,5
Fennville,9,1
Fennville,11,5
Fennville,12,6
Fenton,1,63
Fenton,2,84
Fenton,3,25
Fenton,4,39
Fenton,5,42
Fenton,6,50
Fenton,7,39
Fenton,8,44
Fenton,9,45
Fenton,10,38
Fenton,11,42
Fenton,12,38
Fenwick,11,1
Ferdinand,3,5
Ferdinand,9,1
Ferdinand,10,3
Ferdinand,12,7
Fergus Falls,1,25
Fergus Falls,2,12
Fergus Falls,3,9
Fergus Falls,4,5
Fergus Falls,5,4
Fergus Falls,6,4
Fergus Falls,7,9
Fergus Falls,8,4
Fergus Falls,9,3
Fergus Falls,10,1
Fergus Falls,11,3
Fergus Falls,12,19
Ferguson,2,2
Fern Park,5,1
Fern Park,6,1
Fern Park,7,3
Fern Park,9,1
Fern Park,11,1
Fernandina Beach,1,11
Fernandina Beach,2,7
Fernandina Beach,3,10
Fernandina Beach,4,17
Fernandina Beach,5,26
Fernandina Beach,6,13
Fernandina Beach,7,13
Fernandina Beach,8,6
Fernandina Beach,9,9
Fernandina Beach,10,14
Fernandina Beach,11,7
Fernandina Beach,12,24
Ferndale,1,28
Ferndale,2,23
Ferndale,3,10
Ferndale,4,8
Ferndale,5,4
Ferndale,6,21
Ferndale,7,8
Ferndale,8,7
Ferndale,9,12
Ferndale,10,11
Ferndale,11,18
Ferndale,12,18
Fernley,1,14
Fernley,2,13
Fernley,3,7
Fernley,4,7
Fernley,5,9
Fernley,6,11
Fernley,7,5
Fernley,8,8
Fernley,9,21
Fernley,10,9
Fernley,11,8
Fernley,12,10
Ferris,1,7
Ferris,2,20
Ferris,3,1
Ferris,4,2
Ferris,5,13
Ferris,6,8
Ferris,7,3
Ferris,8,6
Ferris,9,11
Ferris,10,2
Ferris,11,15
Ferris,12,3
Ferron,1,3
Ferron,2,11
Ferron,3,4
Ferron,4,3
Ferron,5,5
Ferron,6,3
Ferron,7,10
Ferron,8,15
Ferron,9,1
Ferron,10,4
Ferron,11,12
Ferron,12,5
Ferrum,1,3
Ferrum,2,8
Ferrum,3,1
Ferrum,7,2
Ferrum,8,1
Ferrum,9,1
Ferrum,11,2
Ferrum,12,4
Fessenden,11,1
Fessenden,12,1
Festus,1,5
Festus,2,10
Festus,3,5
Festus,4,9
Festus,5,9
Festus,6,4
Festus,7,5
Festus,8,4
Festus,9,8
Festus,10,3
Festus,11,8
Festus,12,7
Feura Bush,2,10
Feura Bush,3,3
Feura Bush,5,3
Feura Bush,6,2
Feura Bush,8,1
Feura Bush,10,2
Feura Bush,11,2
Feura Bush,12,5
Fiddletown,1,5
Fiddletown,2,6
Fiddletown,3,4
Fiddletown,4,3
Fiddletown,5,2
Fiddletown,7,2
Fiddletown,8,1
Fiddletown,9,6
Fiddletown,10,3
Fiddletown,11,3
Fiddletown,12,3
Fieldale,1,1
Fieldale,2,5
Fieldale,4,1
Fieldale,6,1
Fieldale,7,2
Fieldale,8,3
Fieldale,9,4
Fieldale,10,1
Fieldale,11,17
Fieldale,12,6
Fields,11,1
Fields,12,1
Fields Landing,7,2
Fife,1,17
Fife,2,16
Fife,3,13
Fife,4,14
Fife,5,12
Fife,6,6
Fife,7,11
Fife,8,10
Fife,9,14
Fife,10,7
Fife,11,24
Fife,12,22
Filer,4,3
Fillmore,1,58
Fillmore,2,68
Fillmore,3,34
Fillmore,4,42
Fillmore,5,35
Fillmore,6,37
Fillmore,7,60
Fillmore,8,49
Fillmore,9,38
Fillmore,10,19
Fillmore,11,45
Fillmore,12,132
Fincastle,1,20
Fincastle,2,17
Fincastle,3,9
Fincastle,4,11
Fincastle,5,11
Fincastle,6,9
Fincastle,7,11
Fincastle,8,10
Fincastle,9,4
Fincastle,10,8
Fincastle,11,26
Fincastle,12,20
Findlay,1,8
Findlay,2,5
Findlay,3,1
Findlay,4,8
Findlay,5,7
Findlay,6,1
Findlay,7,6
Findlay,8,1
Findlay,9,2
Findlay,10,1
Findlay,11,4
Findlay,12,11
Fingal,9,1
Finksburg,1,5
Finksburg,2,3
Finksburg,4,7
Finksburg,6,1
Finksburg,7,3
Finksburg,8,9
Finksburg,10,10
Finland,1,1
Finland,3,1
Finlayson,1,11
Finlayson,2,9
Finlayson,3,1
Finlayson,5,6
Finlayson,6,4
Finlayson,7,4
Finlayson,8,9
Finlayson,9,1
Finlayson,10,4
Finlayson,11,16
Finlayson,12,12
Finleyville,2,4
Finleyville,3,5
Finleyville,5,7
Finleyville,7,2
Finleyville,8,2
Finleyville,10,3
Finleyville,11,4
Fircrest,2,1
Fircrest,11,1
Firebaugh,1,30
Firebaugh,2,27
Firebaugh,3,16
Firebaugh,4,15
Firebaugh,5,22
Firebaugh,6,29
Firebaugh,7,31
Firebaugh,8,36
Firebaugh,9,40
Firebaugh,10,17
Firebaugh,11,28
Firebaugh,12,46
Firth,2,9
Firth,3,3
Firth,4,10
Firth,5,8
Firth,6,10
Firth,7,2
Firth,9,1
Fish Camp,1,10
Fish Camp,2,4
Fish Camp,6,5
Fish Camp,10,1
Fish Camp,11,1
Fish Camp,12,7
Fish Creek,8,6
Fish Creek,12,4
Fisher,7,1
Fisher,9,1
Fisher,10,5
Fishers,1,13
Fishers,2,26
Fishers,3,4
Fishers,4,18
Fishers,5,14
Fishers,6,23
Fishers,7,10
Fishers,8,11
Fishers,9,5
Fishers,10,13
Fishers,11,1
Fishers,12,12
Fishersville,1,23
Fishersville,2,13
Fishersville,3,6
Fishersville,4,11
Fishersville,5,7
Fishersville,6,12
Fishersville,7,13
Fishersville,8,10
Fishersville,9,16
Fishersville,10,11
Fishersville,11,9
Fishersville,12,8
Fishertown,3,2
Fishertown,11,2
Fisherville,1,1
Fisherville,4,3
Fisherville,7,1
Fisherville,8,1
Fisherville,9,1
Fisherville,11,3
Fishing Creek,1,1
Fishkill,1,19
Fishkill,2,36
Fishkill,3,24
Fishkill,4,22
Fishkill,5,20
Fishkill,6,30
Fishkill,7,25
Fishkill,8,27
Fishkill,9,15
Fishkill,10,21
Fishkill,11,23
Fishkill,12,21
Fishtail,1,1
Fishtail,2,1
Fishtail,9,2
Fishtail,10,1
Fiskdale,2,1
Fiskdale,6,1
Fiskdale,12,4
Fitchburg,1,1
Fitchburg,2,6
Fitchburg,3,5
Fitchburg,4,4
Fitchburg,5,5
Fitchburg,6,3
Fitchburg,7,2
Fitchburg,8,3
Fitchburg,9,3
Fitchburg,10,1
Fitchburg,11,5
Fitchburg,12,5
Fithian,1,1
Fithian,2,1
Fithian,4,1
Fithian,5,1
Fithian,6,2
Fithian,7,2
Fitzgerald,2,1
Fitzgerald,6,2
Fitzgerald,7,1
Fitzpatrick,4,1
Fitzpatrick,5,1
Fitzpatrick,6,1
Fitzpatrick,7,2
Fitzpatrick,10,1
Fitzpatrick,12,2
Fitzwilliam,2,1
Fitzwilliam,6,1
Fitzwilliam,8,1
Five Points,1,4
Five Points,2,5
Five Points,3,5
Five Points,4,5
Five Points,6,1
Five Points,7,10
Five Points,8,8
Five Points,9,4
Five Points,10,1
Five Points,11,2
Five Points,12,7
Flag Pond,1,1
Flag Pond,2,1
Flag Pond,3,3
Flag Pond,4,1
Flag Pond,7,1
Flag Pond,8,3
Flag Pond,12,2
Flagler,1,1
Flagler,3,13
Flagler Beach,1,25
Flagler Beach,2,4
Flagler Beach,3,3
Flagler Beach,4,5
Flagler Beach,5,6
Flagler Beach,6,1
Flagler Beach,7,5
Flagler Beach,8,4
Flagler Beach,9,11
Flagler Beach,10,1
Flagler Beach,11,5
Flagler Beach,12,14
Flagstaff,1,135
Flagstaff,2,77
Flagstaff,3,88
Flagstaff,4,42
Flagstaff,5,42
Flagstaff,6,48
Flagstaff,7,33
Flagstaff,8,57
Flagstaff,9,65
Flagstaff,10,38
Flagstaff,11,43
Flagstaff,12,133
Flanders,1,5
Flanders,5,8
Flanders,6,7
Flanders,7,2
Flanders,8,1
Flanders,9,3
Flanders,10,1
Flanders,11,1
Flasher,5,1
Flasher,11,1
Flat Rock,1,26
Flat Rock,2,8
Flat Rock,3,16
Flat Rock,4,24
Flat Rock,5,23
Flat Rock,6,21
Flat Rock,7,16
Flat Rock,8,9
Flat Rock,9,20
Flat Rock,10,6
Flat Rock,11,15
Flat Rock,12,15
Flat Top,1,7
Flat Top,2,2
Flat Top,3,3
Flat Top,4,7
Flat Top,5,1
Flat Top,6,14
Flat Top,7,10
Flat Top,8,2
Flat Top,10,1
Flat Top,11,1
Flat Top,12,6
Flatonia,4,1
Flatonia,6,1
Flatonia,7,2
Flatonia,8,3
Flatonia,11,1
Flatwoods,3,1
Flatwoods,5,2
Flatwoods,6,5
Flatwoods,10,12
Flatwoods,11,2
Flatwoods,12,1
Fleetwood,1,10
Fleetwood,2,6
Fleetwood,3,1
Fleetwood,4,9
Fleetwood,6,1
Fleetwood,7,8
Fleetwood,8,9
Fleetwood,9,9
Fleetwood,11,10
Fleetwood,12,10
Fleming,1,1
Fleming,2,1
Fleming,3,2
Fleming,4,2
Fleming,7,7
Fleming,8,3
Fleming,11,2
Fleming,12,9
Fleming Island,1,14
Fleming Island,2,19
Fleming Island,3,8
Fleming Island,4,6
Fleming Island,5,14
Fleming Island,6,11
Fleming Island,7,5
Fleming Island,8,4
Fleming Island,9,9
Fleming Island,10,23
Fleming Island,11,9
Fleming Island,12,25
Flemington,1,1
Flemington,3,1
Flemington,4,1
Flemington,5,1
Flemington,6,5
Flemington,8,1
Flemington,9,1
Flemington,10,1
Flemington,11,1
Flemington,12,3
Fletcher,1,52
Fletcher,2,45
Fletcher,3,50
Fletcher,4,42
Fletcher,5,30
Fletcher,6,56
Fletcher,7,40
Fletcher,8,37
Fletcher,9,41
Fletcher,10,38
Fletcher,11,42
Fletcher,12,65
Flint,1,590
Flint,2,564
Flint,3,233
Flint,4,243
Flint,5,280
Flint,6,310
Flint,7,332
Flint,8,279
Flint,9,293
Flint,10,227
Flint,11,251
Flint,12,329
Flint Hill,11,2
Flinton,2,2
Flinton,3,1
Flinton,5,2
Flinton,11,2
Flinton,12,2
Flintstone,1,4
Flintstone,2,14
Flintstone,3,7
Flintstone,4,5
Flintstone,6,10
Flintstone,8,1
Flintstone,9,23
Flintstone,10,10
Flintstone,12,11
Flintville,4,1
Flintville,5,2
Flintville,9,2
Flomaton,5,2
Flomaton,11,1
Floodwood,1,11
Floodwood,2,33
Floodwood,3,3
Floodwood,4,4
Floodwood,5,1
Floodwood,6,1
Floodwood,7,2
Floodwood,9,7
Floodwood,10,3
Floodwood,11,7
Floodwood,12,12
Flora,3,3
Flora,9,3
Florahome,1,1
Florahome,3,1
Florahome,4,5
Florahome,6,3
Florahome,7,1
Florahome,8,2
Florahome,9,2
Florahome,10,1
Florahome,11,3
Florahome,12,3
Floral City,1,4
Floral City,2,3
Floral City,3,6
Floral City,4,3
Floral City,6,5
Floral City,7,4
Floral City,8,6
Floral City,9,3
Floral City,10,5
Floral City,11,6
Floral City,12,5
Floral Park,1,11
Floral Park,2,7
Floral Park,3,2
Floral Park,4,8
Floral Park,5,13
Floral Park,6,7
Floral Park,7,15
Floral Park,8,12
Floral Park,9,18
Floral Park,10,8
Floral Park,12,4
Florala,5,1
Florence,1,506
Florence,2,385
Florence,3,278
Florence,4,298
Florence,5,268
Florence,6,330
Florence,7,359
Florence,8,270
Florence,9,214
Florence,10,157
Florence,11,187
Florence,12,279
Florham Park,1,4
Florham Park,2,6
Florham Park,3,9
Florham Park,4,6
Florham Park,5,5
Florham Park,6,3
Florham Park,8,2
Florham Park,9,9
Florham Park,10,6
Florham Park,11,8
Florham Park,12,7
Florida,12,3
Florida City,1,11
Florida City,2,13
Florida City,3,2
Florida City,4,6
Florida City,5,5
Florida City,6,6
Florida City,7,6
Florida City,8,2
Florida City,9,4
Florida City,10,2
Florida City,11,4
Florida City,12,11
Florissant,1,14
Florissant,2,10
Florissant,3,11
Florissant,4,13
Florissant,5,15
Florissant,6,16
Florissant,7,8
Florissant,8,11
Florissant,9,10
Florissant,10,13
Florissant,11,13
Florissant,12,12
Floriston,1,33
Floriston,2,37
Floriston,3,12
Floriston,4,13
Floriston,5,5
Floriston,6,7
Floriston,7,6
Floriston,8,9
Floriston,9,21
Floriston,10,20
Floriston,11,33
Floriston,12,70
Flossmoor,7,2
Flournoy,2,1
Flourtown,1,14
Flourtown,2,18
Flourtown,3,7
Flourtown,4,7
Flourtown,5,5
Flourtown,6,5
Flourtown,7,6
Flourtown,8,9
Flourtown,9,4
Flourtown,10,9
Flourtown,11,10
Flourtown,12,14
Flovilla,2,4
Flovilla,3,4
Flovilla,6,1
Flovilla,8,2
Flovilla,11,3
Floweree,1,1
Floweree,2,3
Floweree,3,1
Floweree,9,1
Floweree,11,4
Floweree,12,1
Flowery Branch,1,6
Flowery Branch,2,9
Flowery Branch,3,2
Flowery Branch,4,5
Flowery Branch,5,5
Flowery Branch,6,1
Flowery Branch,7,3
Flowery Branch,8,5
Flowery Branch,9,1
Flowery Branch,10,3
Flowery Branch,11,7
Flowery Branch,12,8
Flowood,1,20
Flowood,2,3
Flowood,3,7
Flowood,4,10
Flowood,5,8
Flowood,6,5
Flowood,7,9
Flowood,8,13
Flowood,9,13
Flowood,10,3
Flowood,11,10
Flowood,12,11
Floyd,1,6
Floyd,2,5
Floyd,3,1
Floyd,4,11
Floyd,5,1
Floyd,6,2
Floyd,7,6
Floyd,8,1
Floyd,9,6
Floyd,10,1
Floyd,11,5
Floyd,12,9
Floydada,9,4
Floyds Knobs,2,3
Floyds Knobs,4,2
Floyds Knobs,5,6
Floyds Knobs,6,2
Floyds Knobs,7,6
Floyds Knobs,8,4
Floyds Knobs,9,1
Floyds Knobs,10,1
Floyds Knobs,11,2
Floyds Knobs,12,1
Flushing,1,223
Flushing,2,191
Flushing,3,126
Flushing,4,203
Flushing,5,235
Flushing,6,211
Flushing,7,252
Flushing,8,273
Flushing,9,222
Flushing,10,200
Flushing,11,123
Flushing,12,165
Fluvanna,9,1
Fogelsville,1,11
Fogelsville,2,3
Fogelsville,5,2
Fogelsville,6,4
Fogelsville,7,10
Fogelsville,8,3
Fogelsville,10,3
Fogelsville,11,10
Fogelsville,12,1
Folcroft,1,3
Folcroft,2,6
Folcroft,4,1
Folcroft,6,1
Folcroft,7,4
Folcroft,8,1
Folcroft,9,4
Folcroft,11,4
Folcroft,12,1
Foley,1,9
Foley,2,19
Foley,3,5
Foley,4,2
Foley,5,5
Foley,6,4
Foley,7,15
Foley,8,5
Foley,9,8
Foley,10,19
Foley,11,7
Foley,12,12
Folkston,1,4
Folkston,2,3
Folkston,3,2
Folkston,4,1
Folkston,10,1
Folkston,11,1
Follansbee,2,1
Folly Beach,4,1
Folly Beach,5,1
Folly Beach,8,1
Folsom,1,27
Folsom,2,18
Folsom,3,27
Folsom,4,14
Folsom,5,25
Folsom,6,9
Folsom,7,16
Folsom,8,25
Folsom,9,19
Folsom,10,34
Folsom,11,26
Folsom,12,37
Fombell,3,2
Fombell,6,1
Fombell,12,3
Fond du Lac,1,14
Fond du Lac,2,17
Fond du Lac,3,2
Fond du Lac,4,5
Fond du Lac,5,8
Fond du Lac,6,7
Fond du Lac,7,7
Fond du Lac,8,10
Fond du Lac,9,8
Fond du Lac,10,7
Fond du Lac,11,4
Fond du Lac,12,3
Fonda,2,5
Fonda,5,1
Fonda,6,5
Fonda,7,1
Fontana,1,442
Fontana,2,473
Fontana,3,268
Fontana,4,274
Fontana,5,213
Fontana,6,209
Fontana,7,196
Fontana,8,257
Fontana,9,252
Fontana,10,144
Fontana,11,251
Fontana,12,319
Foothill Ranch,1,3
Foothill Ranch,2,7
Foothill Ranch,3,1
Foothill Ranch,4,5
Foothill Ranch,5,3
Foothill Ranch,6,5
Foothill Ranch,7,2
Foothill Ranch,8,9
Foothill Ranch,9,6
Foothill Ranch,10,4
Foothill Ranch,11,8
Foothill Ranch,12,7
Forbes,10,1
Forbestown,1,4
Forbestown,2,4
Forbestown,3,2
Forbestown,5,1
Forbestown,6,1
Forbestown,7,3
Forbestown,8,1
Force,1,1
Force,3,1
Force,5,2
Ford,1,6
Ford,2,1
Ford,3,1
Ford,4,2
Ford,5,1
Ford,7,2
Ford,8,1
Ford,10,3
Ford,11,2
Ford,12,1
Ford City,10,3
Fordoche,2,4
Fordoche,11,2
Fords,1,33
Fords,2,41
Fords,3,24
Fords,4,20
Fords,5,18
Fords,6,35
Fords,7,28
Fords,8,19
Fords,9,15
Fords,10,4
Fords,11,9
Fords,12,18
Fordsville,7,1
Fordyce,1,1
Fordyce,2,1
Fordyce,3,2
Fordyce,5,2
Fordyce,6,6
Fordyce,8,2
Fordyce,9,1
Fordyce,11,9
Fordyce,12,1
Forest,1,12
Forest,2,19
Forest,3,8
Forest,4,19
Forest,5,11
Forest,6,5
Forest,7,12
Forest,8,16
Forest,9,4
Forest,10,14
Forest,11,14
Forest,12,13
Forest City,1,10
Forest City,2,10
Forest City,3,1
Forest City,4,2
Forest City,5,3
Forest City,6,7
Forest City,7,2
Forest City,8,1
Forest City,9,14
Forest City,10,6
Forest City,11,1
Forest City,12,4
Forest Grove,1,21
Forest Grove,2,9
Forest Grove,3,10
Forest Grove,4,11
Forest Grove,5,2
Forest Grove,6,5
Forest Grove,7,6
Forest Grove,8,8
Forest Grove,9,7
Forest Grove,10,2
Forest Grove,11,7
Forest Grove,12,27
Forest Hill,1,16
Forest Hill,2,8
Forest Hill,3,10
Forest Hill,4,5
Forest Hill,5,10
Forest Hill,7,2
Forest Hill,8,1
Forest Hill,9,1
Forest Hill,10,1
Forest Hill,11,1
Forest Hill,12,3
Forest Hills,1,53
Forest Hills,2,35
Forest Hills,3,16
Forest Hills,4,32
Forest Hills,5,56
Forest Hills,6,62
Forest Hills,7,66
Forest Hills,8,56
Forest Hills,9,45
Forest Hills,10,47
Forest Hills,11,23
Forest Hills,12,45
Forest Home,6,1
Forest Knolls,1,1
Forest Knolls,3,1
Forest Knolls,4,2
Forest Knolls,6,2
Forest Knolls,10,1
Forest Lake,1,92
Forest Lake,2,76
Forest Lake,3,39
Forest Lake,4,29
Forest Lake,5,39
Forest Lake,6,22
Forest Lake,7,17
Forest Lake,8,31
Forest Lake,9,22
Forest Lake,10,22
Forest Lake,11,39
Forest Lake,12,102
Forest Lakes,1,2
Forest Lakes,2,4
Forest Lakes,3,2
Forest Lakes,4,1
Forest Lakes,5,3
Forest Lakes,7,2
Forest Lakes,8,8
Forest Lakes,9,1
Forest Lakes,10,6
Forest Lakes,11,2
Forest Park,1,83
Forest Park,2,71
Forest Park,3,53
Forest Park,4,48
Forest Park,5,57
Forest Park,6,42
Forest Park,7,59
Forest Park,8,57
Forest Park,9,72
Forest Park,10,32
Forest Park,11,43
Forest Park,12,43
Forest Ranch,1,20
Forest Ranch,2,9
Forest Ranch,3,2
Forest Ranch,4,3
Forest Ranch,5,6
Forest Ranch,6,9
Forest Ranch,7,2
Forest Ranch,8,7
Forest Ranch,9,5
Forest Ranch,10,3
Forest Ranch,11,2
Forest Ranch,12,20
Foresthill,1,23
Foresthill,2,16
Foresthill,3,8
Foresthill,4,6
Foresthill,5,13
Foresthill,6,20
Foresthill,7,15
Foresthill,8,12
Foresthill,9,12
Foresthill,10,11
Foresthill,11,11
Foresthill,12,19
Foreston,1,2
Foreston,2,1
Foreston,9,2
Foreston,11,1
Foreston,12,3
Forestport,1,1
Forestport,3,1
Forestport,4,1
Forestport,5,5
Forestport,6,1
Forestport,7,3
Forestport,12,1
Forestville,1,12
Forestville,2,22
Forestville,3,12
Forestville,4,9
Forestville,5,5
Forestville,6,12
Forestville,7,20
Forestville,8,20
Forestville,9,16
Forestville,10,9
Forestville,11,15
Forestville,12,28
Foristell,1,3
Foristell,2,16
Foristell,3,6
Foristell,4,2
Foristell,5,6
Foristell,6,13
Foristell,7,3
Foristell,8,2
Foristell,9,4
Foristell,10,3
Foristell,11,4
Foristell,12,3
Fork,1,3
Fork,2,2
Fork,3,3
Fork,4,1
Fork,6,1
Fork,7,2
Fork,8,2
Fork,9,4
Fork,11,3
Fork,12,3
Fork Union,2,2
Fork Union,3,1
Fork Union,5,6
Fork Union,7,4
Forked River,1,14
Forked River,2,10
Forked River,3,5
Forked River,4,6
Forked River,5,2
Forked River,6,11
Forked River,7,1
Forked River,8,7
Forked River,9,12
Forked River,10,10
Forked River,11,5
Forked River,12,3
Forkland,5,1
Forkland,10,1
Forkland,12,1
Forks,1,4
Forks,2,2
Forks,3,1
Forks,6,4
Forks,7,6
Forks,8,2
Forks,9,4
Forks,11,1
Forks,12,1
Forks of Salmon,1,2
Forks of Salmon,4,4
Forks of Salmon,6,2
Forks of Salmon,8,3
Forks of Salmon,12,3
Forksville,2,1
Forksville,3,5
Forksville,4,2
Forksville,8,2
Forksville,9,7
Forksville,11,2
Forman,2,1
Forman,12,1
Formoso,3,2
Forney,1,46
Forney,2,34
Forney,3,32
Forney,4,29
Forney,5,20
Forney,6,48
Forney,7,38
Forney,8,32
Forney,9,32
Forney,10,26
Forney,11,25
Forney,12,22
Forrest,5,1
Forrest City,1,4
Forrest City,2,9
Forrest City,3,6
Forrest City,4,6
Forrest City,5,11
Forrest City,6,18
Forrest City,7,7
Forrest City,8,2
Forrest City,9,11
Forrest City,10,18
Forrest City,11,2
Forrest City,12,21
Forreston,2,1
Forreston,4,2
Forreston,7,3
Forreston,9,1
Forreston,12,6
Forsyth,1,39
Forsyth,2,39
Forsyth,3,33
Forsyth,4,94
Forsyth,5,20
Forsyth,6,21
Forsyth,7,30
Forsyth,8,56
Forsyth,9,34
Forsyth,10,30
Forsyth,11,54
Forsyth,12,65
Fort A P Hill,3,1
Fort Ann,1,6
Fort Ann,2,8
Fort Ann,3,6
Fort Ann,4,3
Fort Ann,5,2
Fort Ann,6,2
Fort Ann,7,7
Fort Ann,8,17
Fort Ann,9,7
Fort Ann,10,10
Fort Ann,11,14
Fort Ann,12,9
Fort Atkinson,2,1
Fort Atkinson,11,4
Fort Atkinson,12,1
Fort Belvoir,1,7
Fort Belvoir,2,1
Fort Belvoir,3,5
Fort Belvoir,4,1
Fort Belvoir,6,4
Fort Belvoir,7,3
Fort Belvoir,8,4
Fort Belvoir,9,5
Fort Belvoir,10,11
Fort Belvoir,11,5
Fort Belvoir,12,8
Fort Benning,3,1
Fort Benning,4,2
Fort Benning,5,1
Fort Benning,8,1
Fort Benning,9,2
Fort Benton,2,5
Fort Benton,4,3
Fort Benton,7,1
Fort Benton,8,4
Fort Benton,9,1
Fort Benton,10,1
Fort Benton,11,2
Fort Benton,12,4
Fort Bidwell,8,1
Fort Bidwell,10,1
Fort Blackmore,1,1
Fort Blackmore,2,3
Fort Bliss,1,3
Fort Bliss,2,4
Fort Bliss,3,3
Fort Bliss,4,4
Fort Bliss,5,4
Fort Bliss,6,5
Fort Bliss,7,2
Fort Bliss,8,6
Fort Bliss,9,1
Fort Bragg,1,42
Fort Bragg,2,16
Fort Bragg,3,10
Fort Bragg,4,13
Fort Bragg,5,16
Fort Bragg,6,21
Fort Bragg,7,29
Fort Bragg,8,24
Fort Bragg,9,34
Fort Bragg,10,17
Fort Bragg,11,26
Fort Bragg,12,28
Fort Branch,2,1
Fort Branch,4,1
Fort Branch,7,6
Fort Branch,8,3
Fort Bridger,1,17
Fort Bridger,2,10
Fort Bridger,3,5
Fort Bridger,4,14
Fort Bridger,8,5
Fort Bridger,9,3
Fort Bridger,10,1
Fort Bridger,11,9
Fort Bridger,12,35
Fort Calhoun,4,2
Fort Calhoun,6,4
Fort Campbell,2,1
Fort Campbell,6,2
Fort Campbell,10,1
Fort Collins,1,36
Fort Collins,2,29
Fort Collins,3,51
Fort Collins,4,36
Fort Collins,5,24
Fort Collins,6,29
Fort Collins,7,49
Fort Collins,8,21
Fort Collins,9,41
Fort Collins,10,38
Fort Collins,11,30
Fort Collins,12,37
Fort Davis,1,13
Fort Davis,6,1
Fort Davis,8,1
Fort Defiance,1,1
Fort Defiance,2,5
Fort Defiance,3,10
Fort Defiance,4,4
Fort Defiance,5,2
Fort Defiance,6,1
Fort Defiance,7,2
Fort Defiance,8,1
Fort Defiance,9,1
Fort Defiance,10,2
Fort Defiance,11,10
Fort Defiance,12,1
Fort Denaud,1,8
Fort Denaud,6,1
Fort Denaud,8,1
Fort Denaud,9,3
Fort Denaud,12,1
Fort Deposit,1,6
Fort Deposit,2,5
Fort Deposit,3,9
Fort Deposit,4,3
Fort Deposit,5,11
Fort Deposit,6,5
Fort Deposit,7,5
Fort Deposit,8,6
Fort Deposit,9,1
Fort Deposit,11,3
Fort Deposit,12,10
Fort Dix,2,1
Fort Dix,8,1
Fort Dodge,1,1
Fort Dodge,2,3
Fort Dodge,6,1
Fort Dodge,7,2
Fort Dodge,9,1
Fort Dodge,12,1
Fort Drum,12,3
Fort Duchesne,1,3
Fort Duchesne,3,3
Fort Duchesne,7,1
Fort Duchesne,9,3
Fort Duchesne,10,3
Fort Duchesne,11,1
Fort Duchesne,12,2
Fort Edward,1,5
Fort Edward,2,6
Fort Edward,3,2
Fort Edward,5,1
Fort Edward,6,11
Fort Edward,7,2
Fort Edward,8,7
Fort Edward,9,9
Fort Edward,10,11
Fort Edward,11,8
Fort Edward,12,10
Fort Eustis,7,1
Fort Eustis,11,1
Fort Garland,1,11
Fort Garland,2,5
Fort Garland,4,6
Fort Garland,5,2
Fort Garland,6,4
Fort Garland,7,7
Fort Garland,8,3
Fort Garland,11,3
Fort Garland,12,9
Fort Gay,3,1
Fort George G Meade,1,2
Fort George G Meade,2,5
Fort George G Meade,3,1
Fort George G Meade,4,9
Fort George G Meade,5,4
Fort George G Meade,6,1
Fort George G Meade,7,7
Fort George G Meade,8,2
Fort George G Meade,9,4
Fort George G Meade,10,2
Fort George G Meade,11,1
Fort George G Meade,12,5
Fort Gibson,1,1
Fort Gordon,2,1
Fort Gratiot,1,2
Fort Gratiot,2,1
Fort Gratiot,3,1
Fort Gratiot,4,4
Fort Gratiot,6,2
Fort Gratiot,7,5
Fort Gratiot,8,2
Fort Gratiot,9,3
Fort Gratiot,12,4
Fort Hancock,2,1
Fort Hancock,4,1
Fort Hancock,6,5
Fort Hancock,8,3
Fort Hancock,10,2
Fort Hancock,11,7
Fort Hancock,12,3
Fort Harrison,2,1
Fort Harrison,9,3
Fort Hill,1,2
Fort Hill,10,1
Fort Hill,11,2
Fort Hood,11,11
Fort Jones,1,1
Fort Jones,2,4
Fort Jones,3,2
Fort Jones,4,3
Fort Jones,5,5
Fort Jones,6,4
Fort Jones,7,5
Fort Jones,8,9
Fort Jones,9,2
Fort Jones,10,4
Fort Jones,11,11
Fort Jones,12,6
Fort Klamath,1,2
Fort Klamath,2,2
Fort Klamath,8,5
Fort Klamath,10,4
Fort Knox,7,1
Fort Knox,9,1
Fort Lauderdale,1,1115
Fort Lauderdale,2,947
Fort Lauderdale,3,692
Fort Lauderdale,4,732
Fort Lauderdale,5,749
Fort Lauderdale,6,706
Fort Lauderdale,7,616
Fort Lauderdale,8,623
Fort Lauderdale,9,642
Fort Lauderdale,10,536
Fort Lauderdale,11,698
Fort Lauderdale,12,836
Fort Lawn,1,6
Fort Lawn,2,5
Fort Lawn,3,2
Fort Lawn,4,8
Fort Lawn,5,5
Fort Lawn,6,10
Fort Lawn,7,2
Fort Lawn,8,15
Fort Lawn,9,7
Fort Lawn,10,11
Fort Lawn,11,2
Fort Lawn,12,9
Fort Lee,1,185
Fort Lee,2,142
Fort Lee,3,140
Fort Lee,4,153
Fort Lee,5,256
Fort Lee,6,206
Fort Lee,7,177
Fort Lee,8,176
Fort Lee,9,164
Fort Lee,10,146
Fort Lee,11,104
Fort Lee,12,121
Fort Littleton,2,11
Fort Littleton,3,2
Fort Littleton,4,9
Fort Littleton,5,4
Fort Littleton,6,1
Fort Littleton,7,1
Fort Littleton,8,7
Fort Littleton,10,1
Fort Littleton,11,1
Fort Littleton,12,5
Fort Loudon,2,3
Fort Loudon,7,5
Fort Loudon,10,4
Fort Loudon,12,1
Fort Lupton,1,2
Fort Lupton,2,6
Fort Lupton,3,4
Fort Lupton,4,1
Fort Lupton,5,2
Fort Lupton,6,4
Fort Lupton,9,10
Fort Lupton,12,3
Fort Madison,3,4
Fort Madison,9,1
Fort Mc Coy,1,10
Fort Mc Coy,2,11
Fort Mc Coy,3,2
Fort Mc Coy,4,6
Fort Mc Coy,5,3
Fort Mc Coy,6,4
Fort Mc Coy,7,6
Fort Mc Coy,8,7
Fort Mc Coy,9,6
Fort Mc Coy,10,4
Fort Mc Coy,11,6
Fort Mc Coy,12,7
Fort McCoy,1,7
Fort McCoy,2,1
Fort McCoy,3,1
Fort McCoy,4,1
Fort McCoy,5,2
Fort McCoy,6,3
Fort McCoy,7,2
Fort McCoy,8,3
Fort McCoy,9,2
Fort McCoy,10,2
Fort McCoy,11,3
Fort McCoy,12,7
Fort McDowell,1,11
Fort McDowell,2,8
Fort McDowell,3,5
Fort McDowell,4,9
Fort McDowell,5,2
Fort McDowell,6,2
Fort McDowell,7,9
Fort McDowell,8,7
Fort McDowell,9,9
Fort McDowell,10,9
Fort McDowell,11,5
Fort McDowell,12,8
Fort Meade,2,4
Fort Meade,3,6
Fort Meade,4,3
Fort Meade,5,1
Fort Meade,6,4
Fort Meade,7,1
Fort Meade,8,2
Fort Meade,9,1
Fort Meade,11,3
Fort Meade,12,1
Fort Mill,1,231
Fort Mill,2,169
Fort Mill,3,110
Fort Mill,4,163
Fort Mill,5,169
Fort Mill,6,174
Fort Mill,7,166
Fort Mill,8,203
Fort Mill,9,179
Fort Mill,10,122
Fort Mill,11,136
Fort Mill,12,223
Fort Mitchell,1,17
Fort Mitchell,2,11
Fort Mitchell,3,8
Fort Mitchell,4,7
Fort Mitchell,5,5
Fort Mitchell,6,10
Fort Mitchell,7,8
Fort Mitchell,8,6
Fort Mitchell,9,4
Fort Mitchell,11,3
Fort Mohave,1,6
Fort Mohave,2,5
Fort Mohave,3,8
Fort Mohave,5,6
Fort Mohave,6,5
Fort Mohave,7,2
Fort Mohave,8,3
Fort Mohave,9,4
Fort Mohave,10,2
Fort Mohave,11,4
Fort Mohave,12,2
Fort Monmouth,1,1
Fort Monroe,1,11
Fort Monroe,2,6
Fort Monroe,3,3
Fort Monroe,4,7
Fort Monroe,5,6
Fort Monroe,6,6
Fort Monroe,7,4
Fort Monroe,8,8
Fort Monroe,9,9
Fort Monroe,10,7
Fort Monroe,11,16
Fort Monroe,12,16
Fort Montgomery,1,5
Fort Montgomery,2,24
Fort Montgomery,3,5
Fort Montgomery,4,10
Fort Montgomery,5,2
Fort Montgomery,6,13
Fort Montgomery,7,10
Fort Montgomery,8,22
Fort Montgomery,9,13
Fort Montgomery,10,10
Fort Montgomery,11,7
Fort Montgomery,12,4
Fort Morgan,1,5
Fort Morgan,2,3
Fort Morgan,3,3
Fort Morgan,4,5
Fort Morgan,5,1
Fort Morgan,6,7
Fort Morgan,7,9
Fort Morgan,8,10
Fort Morgan,9,5
Fort Morgan,10,4
Fort Morgan,11,5
Fort Morgan,12,10
Fort Myer,1,7
Fort Myer,2,8
Fort Myer,3,5
Fort Myer,4,6
Fort Myer,5,5
Fort Myer,6,9
Fort Myer,7,1
Fort Myer,8,1
Fort Myer,9,2
Fort Myer,10,2
Fort Myer,11,8
Fort Myer,12,10
Fort Myers,1,1298
Fort Myers,2,1122
Fort Myers,3,739
Fort Myers,4,708
Fort Myers,5,431
Fort Myers,6,558
Fort Myers,7,386
Fort Myers,8,537
Fort Myers,9,591
Fort Myers,10,598
Fort Myers,11,858
Fort Myers,12,857
Fort Myers Beach,1,22
Fort Myers Beach,2,23
Fort Myers Beach,3,16
Fort Myers Beach,4,9
Fort Myers Beach,5,8
Fort Myers Beach,6,11
Fort Myers Beach,7,13
Fort Myers Beach,8,11
Fort Myers Beach,9,10
Fort Myers Beach,10,9
Fort Myers Beach,11,13
Fort Myers Beach,12,14
Fort Oglethorpe,2,1
Fort Oglethorpe,10,1
Fort Payne,1,2
Fort Payne,2,2
Fort Payne,3,2
Fort Payne,4,5
Fort Payne,5,2
Fort Payne,6,3
Fort Payne,7,2
Fort Payne,8,11
Fort Payne,10,2
Fort Payne,12,5
Fort Peck,12,1
Fort Pierce,1,54
Fort Pierce,2,70
Fort Pierce,3,35
Fort Pierce,4,71
Fort Pierce,5,30
Fort Pierce,6,67
Fort Pierce,7,83
Fort Pierce,8,52
Fort Pierce,9,59
Fort Pierce,10,27
Fort Pierce,11,55
Fort Pierce,12,29
Fort Plain,1,9
Fort Plain,2,10
Fort Plain,3,14
Fort Plain,4,1
Fort Plain,5,1
Fort Plain,6,1
Fort Plain,7,9
Fort Plain,8,7
Fort Plain,9,5
Fort Plain,10,2
Fort Plain,11,13
Fort Recovery,8,1
Fort Rice,3,1
Fort Rice,5,1
Fort Ripley,1,5
Fort Ripley,2,4
Fort Ripley,3,1
Fort Ripley,4,3
Fort Ripley,5,7
Fort Ripley,6,2
Fort Ripley,7,2
Fort Ripley,9,1
Fort Ripley,10,3
Fort Ripley,11,5
Fort Ripley,12,2
Fort Ripley city,8,2
Fort Rock,1,3
Fort Rock,4,1
Fort Rock,5,1
Fort Rock,7,2
Fort Rock,8,2
Fort Rock,10,2
Fort Rock,11,1
Fort Rock,12,2
Fort Rucker,1,5
Fort Rucker,7,1
Fort Rucker,8,1
Fort Rucker,10,2
Fort Rucker,11,1
Fort Scott,1,1
Fort Scott,8,1
Fort Shaw,1,2
Fort Shaw,2,3
Fort Shaw,4,1
Fort Shaw,7,1
Fort Shaw,9,2
Fort Shaw,12,1
Fort Sill,12,1
Fort Smith,1,94
Fort Smith,2,30
Fort Smith,3,27
Fort Smith,4,54
Fort Smith,5,24
Fort Smith,6,9
Fort Smith,7,21
Fort Smith,8,15
Fort Smith,9,44
Fort Smith,10,5
Fort Smith,11,38
Fort Smith,12,39
Fort Stockton,2,1
Fort Stockton,3,2
Fort Stockton,5,1
Fort Stockton,7,4
Fort Stockton,8,7
Fort Stockton,9,2
Fort Stockton,10,7
Fort Stockton,12,7
Fort Thomas,1,1
Fort Thomas,2,1
Fort Thomas,3,4
Fort Thomas,4,1
Fort Thomas,6,4
Fort Thomas,7,2
Fort Thomas,8,2
Fort Thomas,9,1
Fort Thomas,10,2
Fort Thomas,11,1
Fort Thomas,12,4
Fort Valley,1,9
Fort Valley,2,1
Fort Valley,3,8
Fort Valley,4,17
Fort Valley,5,5
Fort Valley,6,4
Fort Valley,7,9
Fort Valley,8,12
Fort Valley,9,12
Fort Valley,10,13
Fort Valley,11,5
Fort Valley,12,10
Fort Walton Beach,1,128
Fort Walton Beach,2,51
Fort Walton Beach,3,46
Fort Walton Beach,4,78
Fort Walton Beach,5,122
Fort Walton Beach,6,70
Fort Walton Beach,7,79
Fort Walton Beach,8,58
Fort Walton Beach,9,44
Fort Walton Beach,10,65
Fort Walton Beach,11,57
Fort Walton Beach,12,79
Fort Washington,1,112
Fort Washington,2,105
Fort Washington,3,84
Fort Washington,4,80
Fort Washington,5,104
Fort Washington,6,96
Fort Washington,7,62
Fort Washington,8,101
Fort Washington,9,113
Fort Washington,10,108
Fort Washington,11,123
Fort Washington,12,131
Fort Wayne,1,47
Fort Wayne,2,45
Fort Wayne,3,42
Fort Wayne,4,27
Fort Wayne,5,14
Fort Wayne,6,23
Fort Wayne,7,24
Fort Wayne,8,9
Fort Wayne,9,30
Fort Wayne,10,28
Fort Wayne,11,10
Fort Wayne,12,21
Fort White,1,4
Fort White,2,4
Fort White,3,6
Fort White,4,4
Fort White,5,10
Fort White,6,4
Fort White,7,7
Fort White,8,12
Fort White,9,7
Fort White,10,6
Fort White,11,5
Fort White,12,13
Fort Worth,1,845
Fort Worth,2,532
Fort Worth,3,441
Fort Worth,4,507
Fort Worth,5,483
Fort Worth,6,562
Fort Worth,7,509
Fort Worth,8,700
Fort Worth,9,603
Fort Worth,10,391
Fort Worth,11,439
Fort Worth,12,559
Fort Yates,5,2
Fort Yates,7,1
Fort Yates,8,1
Fort Yates,10,1
Fort Yates,12,1
Fortine,2,1
Fortine,9,1
Fortson,1,6
Fortson,2,3
Fortson,4,1
Fortson,5,3
Fortson,6,5
Fortson,7,1
Fortson,8,2
Fortson,10,6
Fortson,11,6
Fortson,12,6
Fortuna,1,15
Fortuna,2,20
Fortuna,3,19
Fortuna,4,7
Fortuna,5,9
Fortuna,6,8
Fortuna,7,12
Fortuna,8,10
Fortuna,9,14
Fortuna,10,8
Fortuna,11,14
Fortuna,12,36
Fortville,2,1
Fortville,3,1
Fortville,4,1
Fortville,7,1
Fossil,1,5
Fossil,3,6
Fossil,5,1
Fossil,6,3
Fossil,7,2
Fossil,8,4
Fossil,9,6
Fossil,11,7
Fossil,12,4
Fosston,1,3
Fosston,2,1
Fosston,3,3
Fosston,6,1
Fosston,7,2
Fosston,9,4
Fosston,10,1
Fosston,11,1
Fosston,12,6
Foster,1,14
Foster,2,8
Foster,3,4
Foster,4,2
Foster,5,3
Foster,6,7
Foster,7,4
Foster,8,3
Foster,9,8
Foster,10,4
Foster,11,4
Foster,12,3
Foster City,5,9
Foster City,6,1
Foster City,7,1
Foster City,8,1
Foster City,10,1
Fosters,1,12
Fosters,2,18
Fosters,3,12
Fosters,4,11
Fosters,5,3
Fosters,6,5
Fosters,7,11
Fosters,8,8
Fosters,9,3
Fosters,10,1
Fosters,11,5
Fosters,12,9
Fostoria,1,1
Fouke,5,2
Fouke,7,1
Fouke,8,1
Fouke,9,1
Fouke,11,1
Fountain,1,56
Fountain,2,42
Fountain,3,29
Fountain,4,20
Fountain,5,23
Fountain,6,28
Fountain,7,36
Fountain,8,42
Fountain,9,43
Fountain,10,23
Fountain,11,31
Fountain,12,53
Fountain City,8,10
Fountain Green,1,2
Fountain Green,6,3
Fountain Green,11,3
Fountain Green,12,2
Fountain Hill,5,2
Fountain Hill,9,6
Fountain Hill,11,2
Fountain Hills,1,1
Fountain Inn,1,70
Fountain Inn,2,33
Fountain Inn,3,50
Fountain Inn,4,50
Fountain Inn,5,35
Fountain Inn,6,50
Fountain Inn,7,43
Fountain Inn,8,51
Fountain Inn,9,35
Fountain Inn,10,38
Fountain Inn,11,46
Fountain Inn,12,62
Fountain Valley,1,82
Fountain Valley,2,104
Fountain Valley,3,64
Fountain Valley,4,55
Fountain Valley,5,64
Fountain Valley,6,63
Fountain Valley,7,46
Fountain Valley,8,81
Fountain Valley,9,83
Fountain Valley,10,36
Fountain Valley,11,45
Fountain Valley,12,50
Four Oaks,1,3
Four Oaks,2,8
Four Oaks,3,11
Four Oaks,4,14
Four Oaks,5,11
Four Oaks,6,4
Four Oaks,7,14
Four Oaks,8,12
Four Oaks,9,3
Four Oaks,10,7
Four Oaks,11,10
Four Oaks,12,11
Fowler,1,60
Fowler,2,29
Fowler,3,36
Fowler,4,25
Fowler,5,20
Fowler,6,37
Fowler,7,31
Fowler,8,39
Fowler,9,40
Fowler,10,32
Fowler,11,35
Fowler,12,39
Fowlerville,1,5
Fowlerville,2,14
Fowlerville,4,10
Fowlerville,5,13
Fowlerville,7,7
Fowlerville,8,5
Fowlerville,10,4
Fowlerville,11,8
Fowlerville,12,1
Fox,1,2
Fox Island,11,1
Fox Lake,1,7
Fox Lake,2,5
Fox Lake,3,4
Fox Lake,6,3
Fox Lake,7,1
Fox Lake,8,7
Fox Lake,9,7
Fox Lake,10,2
Fox Lake,11,6
Fox Lake,12,1
Fox River Grove,5,1
Fox River Grove,7,1
Fox River Grove,9,2
Fox River Grove,12,1
Foxboro,1,11
Foxboro,2,27
Foxboro,3,23
Foxboro,4,17
Foxboro,5,21
Foxboro,6,21
Foxboro,7,16
Foxboro,8,18
Foxboro,9,21
Foxboro,10,10
Foxboro,11,14
Foxboro,12,15
Foxburg,3,1
Foxburg,6,1
Foxworth,12,2
Frackville,1,6
Frackville,3,3
Frackville,4,1
Frackville,6,1
Frackville,8,14
Frackville,9,2
Frackville,11,5
Frametown,1,1
Frametown,5,1
Frametown,6,5
Frametown,8,2
Frametown,10,7
Frametown,12,1
Framingham,1,16
Framingham,2,34
Framingham,3,10
Framingham,4,14
Framingham,5,16
Framingham,6,14
Framingham,7,18
Framingham,8,17
Framingham,9,15
Framingham,10,10
Framingham,11,16
Framingham,12,10
Francesville,1,5
Franconia,1,1
Franconia,2,2
Franconia,7,1
Franconia,8,3
Frankenmuth,6,2
Frankenmuth,8,2
Frankford,1,3
Frankford,4,2
Frankford,5,1
Frankford,6,9
Frankford,7,2
Frankford,8,4
Frankford,9,3
Frankford,11,1
Frankford,12,1
Frankfort,1,20
Frankfort,2,33
Frankfort,3,17
Frankfort,4,13
Frankfort,5,6
Frankfort,6,10
Frankfort,7,25
Frankfort,8,16
Frankfort,9,6
Frankfort,10,12
Frankfort,11,14
Frankfort,12,18
Franklin,1,99
Franklin,2,86
Franklin,3,69
Franklin,4,82
Franklin,5,56
Franklin,6,58
Franklin,7,56
Franklin,8,63
Franklin,9,77
Franklin,10,50
Franklin,11,78
Franklin,12,93
Franklin Furnace,7,2
Franklin Grove,5,1
Franklin Lakes,1,3
Franklin Lakes,2,10
Franklin Lakes,3,1
Franklin Lakes,4,1
Franklin Lakes,5,1
Franklin Lakes,6,6
Franklin Lakes,7,4
Franklin Lakes,8,7
Franklin Lakes,9,2
Franklin Lakes,10,4
Franklin Lakes,11,4
Franklin Park,1,11
Franklin Park,2,7
Franklin Park,3,7
Franklin Park,4,11
Franklin Park,5,12
Franklin Park,6,18
Franklin Park,7,27
Franklin Park,8,16
Franklin Park,9,10
Franklin Park,10,9
Franklin Park,11,13
Franklin Park,12,9
Franklin Square,1,2
Franklin Square,2,1
Franklin Square,3,7
Franklin Square,4,4
Franklin Square,5,8
Franklin Square,6,2
Franklin Square,7,2
Franklin Square,9,1
Franklin Square,10,1
Franklin Square,11,6
Franklinton,2,1
Franklinton,3,7
Franklinton,4,2
Franklinton,5,5
Franklinton,6,2
Franklinton,7,4
Franklinton,9,2
Franklinton,10,3
Franklinton,12,3
Franklintown,8,1
Franklinville,1,17
Franklinville,2,7
Franklinville,3,4
Franklinville,4,5
Franklinville,5,1
Franklinville,7,3
Franklinville,8,4
Franklinville,10,7
Franklinville,11,3
Franklinville,12,5
Frankston,5,1
Franksville,1,1
Franksville,2,3
Franksville,4,6
Franksville,6,1
Franksville,7,3
Franksville,8,1
Franksville,9,2
Franksville,11,1
Franksville,12,2
Frankton,6,1
Franktown,1,3
Franktown,5,2
Franktown,6,1
Franktown,9,3
Franktown,11,13
Franktown,12,4
Frazee,1,13
Frazee,2,16
Frazee,3,4
Frazee,4,3
Frazee,5,1
Frazee,6,7
Frazee,7,3
Frazee,9,1
Frazee,10,3
Frazee,11,6
Frazee,12,6
Frazer,1,1
Frazer,7,3
Frazer,9,3
Frazer,10,5
Frazer,12,1
Frazeysburg,3,2
Frazeysburg,6,1
Frazeysburg,7,1
Frazeysburg,8,1
Frazeysburg,11,1
Frazeysburg,12,1
Frazier Park,1,41
Frazier Park,2,16
Frazier Park,3,16
Frazier Park,4,2
Frazier Park,5,9
Frazier Park,6,5
Frazier Park,7,9
Frazier Park,8,8
Frazier Park,9,7
Frazier Park,10,12
Frazier Park,11,7
Frazier Park,12,22
Fraziers Bottom,1,2
Fraziers Bottom,2,4
Fraziers Bottom,3,1
Fraziers Bottom,5,4
Fraziers Bottom,6,4
Fraziers Bottom,7,2
Fraziers Bottom,8,3
Fraziers Bottom,10,5
Fraziers Bottom,11,2
Fraziers Bottom,12,2
Frederic,2,1
Frederica,2,1
Frederica,3,5
Frederica,4,1
Frederica,6,9
Frederica,7,3
Frederica,8,5
Frederica,9,1
Frederica,10,1
Frederica,11,1
Frederick,1,407
Frederick,2,294
Frederick,3,229
Frederick,4,215
Frederick,5,230
Frederick,6,224
Frederick,7,231
Frederick,8,245
Frederick,9,207
Frederick,10,197
Frederick,11,294
Frederick,12,273
Fredericksburg,1,390
Fredericksburg,2,330
Fredericksburg,3,253
Fredericksburg,4,303
Fredericksburg,5,229
Fredericksburg,6,288
Fredericksburg,7,340
Fredericksburg,8,339
Fredericksburg,9,379
Fredericksburg,10,243
Fredericksburg,11,258
Fredericksburg,12,409
Fredericktown,1,4
Fredericktown,2,2
Fredericktown,4,4
Fredericktown,8,9
Fredericktown,9,3
Fredericktown,11,1
Fredericktown,12,3
Fredonia,1,7
Fredonia,2,3
Fredonia,3,1
Fredonia,4,10
Fredonia,5,2
Fredonia,6,1
Fredonia,7,9
Fredonia,8,3
Fredonia,9,11
Fredonia,10,5
Fredonia,11,8
Fredonia,12,8
Free Soil,1,1
Free Soil,8,6
Free Union,2,2
Freeburg,1,3
Freeburg,2,6
Freeburg,3,1
Freeburg,6,1
Freeburg,8,1
Freeburg,12,2
Freedom,1,3
Freedom,2,5
Freedom,3,2
Freedom,4,4
Freedom,5,3
Freedom,6,6
Freedom,7,7
Freedom,8,1
Freedom,9,7
Freedom,10,3
Freedom,11,17
Freedom,12,8
Freehold,1,11
Freehold,2,12
Freehold,3,12
Freehold,4,13
Freehold,5,3
Freehold,6,24
Freehold,7,14
Freehold,8,9
Freehold,9,34
Freehold,10,3
Freehold,11,3
Freehold,12,6
Freeland,2,5
Freeland,5,2
Freeland,6,1
Freeland,7,4
Freeland,8,2
Freeland,11,3
Freeland,12,2
Freeman,2,1
Freeman,4,3
Freeman,5,5
Freeman,7,1
Freeman,8,3
Freeman,9,7
Freeman,10,3
Freeman,11,4
Freeman,12,3
Freeport,1,40
Freeport,2,26
Freeport,3,25
Freeport,4,33
Freeport,5,39
Freeport,6,23
Freeport,7,41
Freeport,8,31
Freeport,9,32
Freeport,10,35
Freeport,11,20
Freeport,12,52
Freer,7,1
Freeville,4,1
Freeville,5,5
Freeville,11,2
Fremont,1,349
Fremont,2,293
Fremont,3,194
Fremont,4,176
Fremont,5,203
Fremont,6,268
Fremont,7,203
Fremont,8,264
Fremont,9,211
Fremont,10,198
Fremont,11,254
Fremont,12,361
French Camp,1,46
French Camp,2,45
French Camp,3,32
French Camp,4,30
French Camp,5,31
French Camp,6,25
French Camp,7,33
French Camp,8,36
French Camp,9,26
French Camp,10,36
French Camp,11,42
French Camp,12,37
French Gulch,1,16
French Gulch,2,5
French Gulch,3,2
French Gulch,4,1
French Gulch,5,13
French Gulch,6,10
French Gulch,7,3
French Gulch,8,24
French Gulch,9,6
French Gulch,10,11
French Gulch,11,7
French Gulch,12,10
Frenchglen,1,5
Frenchglen,8,1
Frenchglen,12,1
Frenchtown,1,21
Frenchtown,2,2
Frenchtown,3,4
Frenchtown,5,6
Frenchtown,6,1
Frenchtown,8,4
Frenchtown,9,1
Frenchtown,11,1
Frenchtown,12,15
Frenchville,1,5
Frenchville,2,2
Frenchville,7,2
Frenchville,9,2
Frenchville,11,4
Frenchville,12,6
Fresh Meadows,1,67
Fresh Meadows,2,49
Fresh Meadows,3,28
Fresh Meadows,4,32
Fresh Meadows,5,56
Fresh Meadows,6,43
Fresh Meadows,7,71
Fresh Meadows,8,56
Fresh Meadows,9,38
Fresh Meadows,10,31
Fresh Meadows,11,22
Fresh Meadows,12,30
Fresno,1,891
Fresno,2,751
Fresno,3,467
Fresno,4,538
Fresno,5,511
Fresno,6,405
Fresno,7,420
Fresno,8,488
Fresno,9,480
Fresno,10,421
Fresno,11,528
Fresno,12,728
Friant,1,41
Friant,2,6
Friant,3,24
Friant,4,9
Friant,5,13
Friant,6,11
Friant,7,16
Friant,8,18
Friant,9,8
Friant,10,6
Friant,11,9
Friant,12,25
Friedens,2,5
Friedens,3,3
Friedens,5,5
Friedens,6,6
Friedens,7,5
Friedens,9,5
Friedens,10,6
Friedens,11,8
Friedens,12,6
Friendship,1,1
Friendship,5,2
Friendship,8,6
Friendship,9,1
Friendsville,1,4
Friendsville,4,8
Friendsville,5,4
Friendsville,6,4
Friendsville,9,1
Friendsville,10,4
Friendsville,11,11
Friendsville,12,3
Friendswood,1,12
Friendswood,2,11
Friendswood,3,10
Friendswood,4,6
Friendswood,5,6
Friendswood,6,8
Friendswood,7,8
Friendswood,8,8
Friendswood,9,15
Friendswood,10,4
Friendswood,11,4
Friendswood,12,15
Frierson,1,1
Frierson,3,1
Frierson,6,1
Frisco,1,38
Frisco,2,55
Frisco,3,51
Frisco,4,31
Frisco,5,8
Frisco,6,9
Frisco,7,19
Frisco,8,17
Frisco,9,16
Frisco,10,23
Frisco,11,33
Frisco,12,132
Frisco City,10,1
Frisco City,11,1
Fritch,12,2
Fromberg,1,1
Fromberg,2,1
Fromberg,9,4
Fromberg,11,2
Fromberg,12,2
Front Royal,1,15
Front Royal,2,17
Front Royal,3,18
Front Royal,4,37
Front Royal,5,15
Front Royal,6,19
Front Royal,7,19
Front Royal,8,23
Front Royal,9,17
Front Royal,10,19
Front Royal,11,26
Front Royal,12,34
Frontenac,6,4
Frontenac,7,1
Frontenac,9,3
Frostburg,2,2
Frostburg,3,3
Frostburg,4,18
Frostburg,5,2
Frostburg,6,8
Frostburg,8,2
Frostburg,10,1
Frostburg,11,1
Frostburg,12,4
Frostproof,1,3
Frostproof,2,1
Frostproof,3,3
Frostproof,4,5
Frostproof,5,2
Frostproof,6,1
Frostproof,7,1
Frostproof,9,3
Frostproof,10,3
Frostproof,11,2
Frostproof,12,2
Fruit Heights,6,1
Fruit Heights,8,1
Fruit Heights,9,1
Fruita,1,1
Fruita,5,1
Fruita,10,2
Fruita,11,5
Fruita,12,4
Fruitland,1,9
Fruitland,2,3
Fruitland,3,1
Fruitland,4,4
Fruitland,8,4
Fruitland,9,1
Fruitland,11,3
Fruitland,12,2
Fruitland Park,1,7
Fruitland Park,2,7
Fruitland Park,3,4
Fruitland Park,4,3
Fruitland Park,5,1
Fruitland Park,6,2
Fruitland Park,7,1
Fruitland Park,8,2
Fruitland Park,9,5
Fruitland Park,10,1
Fruitland Park,11,3
Fruitland Park,12,2
Fruitport,1,4
Fruitport,2,2
Fruitport,3,1
Fruitport,4,1
Fruitport,7,1
Fruitport,10,1
Fruitport,11,3
Fruitport,12,2
Fryburg,2,1
Fryburg,12,4
Ft Mitchell,1,25
Ft Mitchell,2,21
Ft Mitchell,3,21
Ft Mitchell,4,18
Ft Mitchell,5,12
Ft Mitchell,6,15
Ft Mitchell,7,14
Ft Mitchell,8,27
Ft Mitchell,9,13
Ft Mitchell,10,9
Ft Mitchell,11,18
Ft Mitchell,12,15
Ft Wright,2,1
Ft Wright,3,2
Ft Wright,4,1
Ft Wright,5,1
Ft Wright,9,2
Ft Wright,11,2
Ft Wright,12,1
Fulda,1,4
Fulda,3,3
Fulda,4,1
Fulda,6,3
Fulda,9,2
Fulda,10,1
Fulda,12,8
Fulks Run,1,1
Fulks Run,2,2
Fulks Run,3,2
Fulks Run,6,9
Fulks Run,7,6
Fulks Run,8,8
Fulks Run,9,6
Fulks Run,12,1
Fullerton,1,94
Fullerton,2,146
Fullerton,3,83
Fullerton,4,106
Fullerton,5,92
Fullerton,6,88
Fullerton,7,111
Fullerton,8,101
Fullerton,9,89
Fullerton,10,87
Fullerton,11,96
Fullerton,12,197
Fulton,1,24
Fulton,2,19
Fulton,3,26
Fulton,4,8
Fulton,5,22
Fulton,6,7
Fulton,7,19
Fulton,8,19
Fulton,9,19
Fulton,10,5
Fulton,11,36
Fulton,12,5
Fultondale,1,14
Fultondale,2,8
Fultondale,3,6
Fultondale,4,6
Fultondale,5,4
Fultondale,6,8
Fultondale,7,5
Fultondale,8,9
Fultondale,9,4
Fultondale,10,5
Fultondale,11,4
Fultondale,12,5
Fultonville,1,21
Fultonville,2,17
Fultonville,3,4
Fultonville,4,6
Fultonville,5,12
Fultonville,6,4
Fultonville,7,12
Fultonville,8,8
Fultonville,9,4
Fultonville,10,1
Fultonville,11,5
Fultonville,12,15
Fuquay Varina,1,9
Fuquay Varina,2,13
Fuquay Varina,3,14
Fuquay Varina,4,11
Fuquay Varina,5,11
Fuquay Varina,6,21
Fuquay Varina,7,16
Fuquay Varina,8,15
Fuquay Varina,9,14
Fuquay Varina,10,16
Fuquay Varina,11,16
Fuquay Varina,12,16
Fuquay-Varina,1,2
Fuquay-Varina,2,5
Fuquay-Varina,3,4
Fuquay-Varina,4,6
Fuquay-Varina,5,5
Fuquay-Varina,6,3
Fuquay-Varina,7,3
Fuquay-Varina,8,15
Fuquay-Varina,9,11
Fuquay-Varina,10,3
Fuquay-Varina,11,3
Fuquay-Varina,12,2
Furlong,8,1
Furlong,9,2
Fyffe,5,1
Fyffe,7,3
Fyffe,11,1
Gable,1,10
Gable,2,8
Gable,3,4
Gable,4,8
Gable,5,5
Gable,6,14
Gable,7,8
Gable,8,12
Gable,9,11
Gable,10,10
Gable,11,6
Gable,12,10
Gackle,2,1
Gackle,8,1
Gackle,10,1
Gadsden,1,2
Gadsden,2,15
Gadsden,3,1
Gadsden,4,6
Gadsden,5,4
Gadsden,6,5
Gadsden,7,6
Gadsden,8,3
Gadsden,9,8
Gadsden,10,4
Gadsden,11,5
Gadsden,12,9
Gaffney,1,149
Gaffney,2,91
Gaffney,3,82
Gaffney,4,110
Gaffney,5,101
Gaffney,6,133
Gaffney,7,197
Gaffney,8,160
Gaffney,9,119
Gaffney,10,136
Gaffney,11,116
Gaffney,12,185
Gahanna,11,1
Gail,2,1
Gaines,1,8
Gaines,2,13
Gaines,4,2
Gaines,5,2
Gaines,6,7
Gaines,7,7
Gaines,8,5
Gaines,9,6
Gaines,10,1
Gaines,11,11
Gaines,12,4
Gainesboro,1,3
Gainesboro,3,1
Gainesboro,4,7
Gainesboro,5,1
Gainesboro,9,4
Gainesboro,10,1
Gainesboro,12,1
Gainesville,1,211
Gainesville,2,191
Gainesville,3,146
Gainesville,4,171
Gainesville,5,111
Gainesville,6,119
Gainesville,7,143
Gainesville,8,146
Gainesville,9,180
Gainesville,10,122
Gainesville,11,244
Gainesville,12,179
Gaithersburg,1,62
Gaithersburg,2,71
Gaithersburg,3,32
Gaithersburg,4,35
Gaithersburg,5,39
Gaithersburg,6,42
Gaithersburg,7,32
Gaithersburg,8,24
Gaithersburg,9,37
Gaithersburg,10,22
Gaithersburg,11,50
Gaithersburg,12,32
Galata,11,1
Galax,1,3
Galax,3,4
Galax,7,2
Galax,10,1
Galax,11,1
Galax,12,6
Galena,1,18
Galena,2,10
Galena,3,7
Galena,4,7
Galena,5,16
Galena,6,3
Galena,7,9
Galena,8,3
Galena,9,9
Galena,10,5
Galena,11,26
Galena,12,12
Galena Park,3,1
Galena Park,5,1
Galena Park,6,1
Galena Park,12,1
Gales Creek,1,19
Gales Creek,2,8
Gales Creek,3,4
Gales Creek,4,1
Gales Creek,5,2
Gales Creek,6,10
Gales Creek,7,3
Gales Creek,8,7
Gales Creek,9,1
Gales Creek,10,7
Gales Creek,11,4
Gales Creek,12,13
Gales Ferry,1,1
Gales Ferry,8,2
Gales Ferry,9,2
Gales Ferry,10,10
Gales Ferry,12,4
Galesburg,1,12
Galesburg,2,25
Galesburg,3,3
Galesburg,4,9
Galesburg,5,5
Galesburg,6,5
Galesburg,7,17
Galesburg,8,15
Galesburg,9,7
Galesburg,10,6
Galesburg,11,4
Galesburg,12,8
Galeton,1,5
Galeton,4,3
Galeton,5,3
Galeton,7,3
Galeton,8,4
Galeton,11,5
Galeton,12,9
Galien,6,1
Galion,1,2
Galion,3,1
Galion,11,2
Galion,12,1
Galivants Ferry,1,15
Galivants Ferry,2,8
Galivants Ferry,3,10
Galivants Ferry,4,11
Galivants Ferry,5,8
Galivants Ferry,6,16
Galivants Ferry,7,15
Galivants Ferry,8,16
Galivants Ferry,9,10
Galivants Ferry,10,10
Galivants Ferry,11,15
Galivants Ferry,12,17
Gallagher,1,3
Gallagher,2,13
Gallagher,3,3
Gallagher,4,2
Gallagher,5,5
Gallagher,6,4
Gallagher,7,11
Gallagher,8,1
Gallagher,9,16
Gallagher,10,7
Gallagher,11,5
Gallagher,12,10
Gallatin,1,7
Gallatin,2,2
Gallatin,4,2
Gallatin,5,2
Gallatin,6,1
Gallatin,7,2
Gallatin,8,3
Gallatin,9,1
Gallatin,11,2
Gallatin,12,7
Gallatin Gateway,1,15
Gallatin Gateway,2,27
Gallatin Gateway,3,10
Gallatin Gateway,4,5
Gallatin Gateway,5,4
Gallatin Gateway,7,1
Gallatin Gateway,8,11
Gallatin Gateway,9,10
Gallatin Gateway,10,7
Gallatin Gateway,11,14
Gallatin Gateway,12,37
Gallion,2,1
Gallion,4,1
Gallion,10,1
Gallion,11,1
Gallipolis,1,3
Gallipolis,2,1
Gallipolis,5,1
Gallipolis,10,4
Gallipolis,12,1
Gallitzin,1,3
Gallitzin,2,4
Gallitzin,4,6
Gallitzin,6,5
Gallitzin,9,6
Gallitzin,10,9
Gallitzin,11,10
Gallitzin,12,7
Galloway,1,7
Galloway,2,6
Galloway,3,3
Galloway,4,3
Galloway,5,1
Galloway,6,1
Galloway,7,4
Galloway,8,5
Galloway,9,2
Galloway,10,6
Galloway,11,1
Galloway,12,5
Gallup,1,21
Gallup,2,16
Gallup,3,6
Gallup,5,5
Gallup,6,12
Gallup,7,3
Gallup,8,2
Gallup,9,4
Gallup,10,5
Gallup,11,4
Gallup,12,21
Galt,1,87
Galt,2,69
Galt,3,48
Galt,4,30
Galt,5,44
Galt,6,55
Galt,7,37
Galt,8,28
Galt,9,67
Galt,10,49
Galt,11,55
Galt,12,92
Galva,12,1
Galveston,1,4
Galveston,2,6
Galveston,3,3
Galveston,4,4
Galveston,5,3
Galveston,6,8
Galveston,7,16
Galveston,8,3
Galveston,9,3
Galveston,10,4
Galveston,11,3
Galveston,12,4
Galway,1,2
Galway,2,3
Galway,3,1
Galway,5,4
Galway,6,4
Galway,7,6
Galway,9,3
Galway,11,9
Galway,12,8
Gamaliel,9,1
Gamaliel,11,4
Gamaliel,12,1
Gambrills,1,12
Gambrills,2,3
Gambrills,3,4
Gambrills,4,7
Gambrills,5,4
Gambrills,6,5
Gambrills,7,3
Gambrills,8,1
Gambrills,9,3
Gambrills,10,3
Gambrills,11,3
Gambrills,12,3
Ganado,1,40
Ganado,2,22
Ganado,3,24
Ganado,4,22
Ganado,5,16
Ganado,6,26
Ganado,7,12
Ganado,8,28
Ganado,9,17
Ganado,10,15
Ganado,11,26
Ganado,12,31
Gandeeville,4,1
Gandeeville,7,1
Gandeeville,12,1
Gansevoort,1,50
Gansevoort,2,46
Gansevoort,3,24
Gansevoort,4,10
Gansevoort,5,16
Gansevoort,6,36
Gansevoort,7,27
Gansevoort,8,25
Gansevoort,9,15
Gansevoort,10,16
Gansevoort,11,16
Gansevoort,12,31
Gap,1,14
Gap,2,19
Gap,3,12
Gap,4,8
Gap,5,6
Gap,6,17
Gap,7,9
Gap,8,14
Gap,9,14
Gap,10,13
Gap,11,18
Gap,12,18
Garberville,1,19
Garberville,2,16
Garberville,3,11
Garberville,4,4
Garberville,5,7
Garberville,6,22
Garberville,7,27
Garberville,8,20
Garberville,9,11
Garberville,10,13
Garberville,11,16
Garberville,12,14
Garden City,1,30
Garden City,2,13
Garden City,3,12
Garden City,4,35
Garden City,5,24
Garden City,6,37
Garden City,7,22
Garden City,8,32
Garden City,9,23
Garden City,10,16
Garden City,11,27
Garden City,12,33
Garden Grove,1,198
Garden Grove,2,242
Garden Grove,3,173
Garden Grove,4,142
Garden Grove,5,118
Garden Grove,6,121
Garden Grove,7,124
Garden Grove,8,178
Garden Grove,9,163
Garden Grove,10,120
Garden Grove,11,137
Garden Grove,12,249
Garden Prairie,1,1
Garden Prairie,2,1
Garden Prairie,3,6
Garden Prairie,7,4
Garden Prairie,9,1
Garden Prairie,10,3
Garden Prairie,11,1
Garden Prairie,12,2
Garden Valley,1,10
Garden Valley,2,3
Garden Valley,4,4
Garden Valley,5,7
Garden Valley,6,2
Garden Valley,7,7
Garden Valley,8,3
Garden Valley,9,6
Garden Valley,10,2
Garden Valley,11,5
Garden Valley,12,14
Gardena,1,334
Gardena,2,305
Gardena,3,226
Gardena,4,185
Gardena,5,162
Gardena,6,177
Gardena,7,205
Gardena,8,168
Gardena,9,181
Gardena,10,193
Gardena,11,239
Gardena,12,234
Gardendale,1,10
Gardendale,2,9
Gardendale,3,9
Gardendale,4,6
Gardendale,5,12
Gardendale,6,20
Gardendale,7,8
Gardendale,8,9
Gardendale,9,3
Gardendale,11,10
Gardendale,12,2
Gardiner,1,20
Gardiner,2,7
Gardiner,3,5
Gardiner,4,7
Gardiner,5,1
Gardiner,6,8
Gardiner,7,1
Gardiner,8,2
Gardiner,9,12
Gardiner,10,13
Gardiner,11,12
Gardiner,12,9
Gardner,1,20
Gardner,2,31
Gardner,3,16
Gardner,4,12
Gardner,5,11
Gardner,6,5
Gardner,7,10
Gardner,8,7
Gardner,9,28
Gardner,10,8
Gardner,11,20
Gardner,12,13
Gardners,1,5
Gardners,2,2
Gardners,3,1
Gardners,4,8
Gardners,6,5
Gardners,7,26
Gardners,8,2
Gardners,9,5
Gardners,11,4
Gardners,12,2
Gardnerville,1,14
Gardnerville,2,13
Gardnerville,3,7
Gardnerville,4,12
Gardnerville,5,16
Gardnerville,6,13
Gardnerville,7,11
Gardnerville,8,3
Gardnerville,9,6
Gardnerville,10,15
Gardnerville,11,4
Gardnerville,12,7
Garfield,1,13
Garfield,2,9
Garfield,3,6
Garfield,4,4
Garfield,6,4
Garfield,7,4
Garfield,9,4
Garfield,10,7
Garfield,11,1
Garfield,12,28
Garibaldi,1,1
Garibaldi,3,1
Garibaldi,7,1
Garibaldi,8,5
Garibaldi,10,1
Garibaldi,11,1
Garland,1,88
Garland,2,134
Garland,3,80
Garland,4,89
Garland,5,95
Garland,6,120
Garland,7,103
Garland,8,92
Garland,9,83
Garland,10,81
Garland,11,109
Garland,12,66
Garland City,3,1
Garner,1,337
Garner,2,296
Garner,3,246
Garner,4,242
Garner,5,215
Garner,6,216
Garner,7,207
Garner,8,187
Garner,9,194
Garner,10,140
Garner,11,215
Garner,12,292
Garnerville,4,2
Garnerville,7,1
Garnet Valley,1,1
Garnet Valley,2,3
Garnet Valley,3,1
Garnet Valley,6,3
Garnet Valley,7,1
Garnet Valley,9,1
Garnet Valley,10,1
Garnet Valley,11,2
Garnet Valley,12,1
Garnett,1,8
Garnett,3,2
Garnett,4,2
Garnett,5,4
Garnett,6,5
Garnett,7,2
Garnett,8,1
Garnett,9,2
Garnett,10,5
Garnett,11,2
Garnett,12,6
Garrett,1,8
Garrett,2,1
Garrett,5,1
Garrett,7,8
Garrett,12,9
Garrettsville,1,1
Garrettsville,2,1
Garrettsville,6,1
Garrison,1,16
Garrison,2,19
Garrison,3,5
Garrison,4,7
Garrison,5,9
Garrison,6,7
Garrison,7,24
Garrison,8,14
Garrison,9,14
Garrison,10,2
Garrison,11,36
Garrison,12,39
Garryowen,2,4
Garryowen,3,3
Garryowen,4,20
Garryowen,8,1
Garryowen,11,12
Garryowen,12,6
Garvin,1,2
Garvin,2,2
Garvin,3,3
Garvin,5,4
Garvin,7,2
Garvin,9,1
Garvin,11,7
Garvin,12,7
Garwood,5,1
Gary,1,89
Gary,2,123
Gary,3,60
Gary,4,69
Gary,5,82
Gary,6,80
Gary,7,94
Gary,8,76
Gary,9,70
Gary,10,45
Gary,11,32
Gary,12,50
Garysburg,1,13
Garysburg,2,4
Garysburg,3,3
Garysburg,4,2
Garysburg,5,2
Garysburg,6,10
Garysburg,7,9
Garysburg,8,4
Garysburg,10,4
Garysburg,12,1
Garyville,3,3
Garyville,6,2
Garyville,7,1
Garyville,9,2
Garyville,10,1
Garyville,12,3
Gas City,1,6
Gas City,4,6
Gas City,11,2
Gas City,12,3
Gasburg,1,1
Gasburg,2,1
Gasburg,4,1
Gasburg,9,5
Gasburg,11,1
Gasburg,12,4
Gasport,2,2
Gasport,4,3
Gasport,9,2
Gasport,12,3
Gasquet,1,5
Gasquet,2,12
Gasquet,3,2
Gasquet,4,10
Gasquet,5,9
Gasquet,6,5
Gasquet,7,24
Gasquet,8,13
Gasquet,9,11
Gasquet,10,8
Gasquet,11,11
Gasquet,12,11
Gassaway,1,3
Gassaway,5,2
Gassaway,6,1
Gassaway,8,5
Gassaway,9,2
Gassaway,11,3
Gassville,12,2
Gaston,1,79
Gaston,2,48
Gaston,3,31
Gaston,4,59
Gaston,5,56
Gaston,6,81
Gaston,7,72
Gaston,8,52
Gaston,9,49
Gaston,10,49
Gaston,11,33
Gaston,12,110
Gastonia,1,38
Gastonia,2,40
Gastonia,3,39
Gastonia,4,32
Gastonia,5,27
Gastonia,6,20
Gastonia,7,24
Gastonia,8,24
Gastonia,9,40
Gastonia,10,4
Gastonia,11,23
Gastonia,12,24
Gate City,1,5
Gate City,3,6
Gate City,6,8
Gate City,8,8
Gate City,10,1
Gate City,12,4
Gates,1,4
Gates,2,3
Gates,3,6
Gates,5,8
Gates,6,8
Gates,7,5
Gates,8,15
Gates,9,7
Gates,10,7
Gates,11,1
Gates,12,9
Gates Mills,1,1
Gates Mills,8,2
Gates Mills,10,1
Gates Mills,11,1
Gates Mills,12,1
Gatesville,2,2
Gatesville,12,1
Gateway,6,1
Gateway,7,1
Gateway,8,3
Gatlinburg,5,4
Gatlinburg,9,6
Gatzke,1,1
Gauley Bridge,2,1
Gautier,1,13
Gautier,2,3
Gautier,3,9
Gautier,4,8
Gautier,5,2
Gautier,6,6
Gautier,7,6
Gautier,8,2
Gautier,9,14
Gautier,10,4
Gautier,11,2
Gautier,12,4
Gay,2,4
Gay,8,4
Gay,9,2
Gay,12,1
Gaylesville,2,1
Gaylesville,3,2
Gaylesville,5,1
Gaylesville,6,2
Gaylesville,7,2
Gaylesville,8,1
Gaylesville,9,1
Gaylesville,10,1
Gaylord,1,12
Gaylord,2,9
Gaylord,3,1
Gaylord,5,5
Gaylord,6,4
Gaylord,7,1
Gaylord,8,3
Gaylord,9,4
Gaylord,10,5
Gaylord,11,7
Gaylord,12,13
Gazelle,1,2
Gazelle,2,1
Gazelle,3,2
Gazelle,4,2
Gazelle,8,1
Gazelle,9,2
Geismar,3,1
Geismar,4,2
Geismar,5,1
Geismar,6,1
Geismar,7,2
Geismar,9,3
Geismar,12,1
Genesee,1,3
Genesee,2,4
Genesee,7,4
Genesee,9,3
Genesee,10,2
Genesee,11,2
Genesee,12,3
Geneseo,1,4
Geneseo,2,3
Geneseo,3,3
Geneseo,4,1
Geneseo,5,2
Geneseo,6,8
Geneseo,7,6
Geneseo,8,2
Geneseo,9,1
Geneseo,10,1
Geneseo,11,1
Geneseo,12,2
Geneva,1,20
Geneva,2,23
Geneva,4,3
Geneva,5,12
Geneva,6,3
Geneva,7,7
Geneva,8,12
Geneva,9,5
Geneva,10,3
Geneva,11,5
Geneva,12,28
Genoa,1,3
Genoa,3,5
Genoa,4,2
Genoa,6,1
Genoa,7,8
Genoa,10,2
Genoa,11,9
Genola,2,2
Gentry,4,2
Gentry,6,3
Gentry,9,1
Gentry,11,3
Gentry,12,2
George West,5,1
Georgetown,1,104
Georgetown,2,88
Georgetown,3,66
Georgetown,4,56
Georgetown,5,75
Georgetown,6,95
Georgetown,7,97
Georgetown,8,90
Georgetown,9,86
Georgetown,10,70
Georgetown,11,71
Georgetown,12,153
Georgiana,1,3
Georgiana,2,9
Georgiana,3,3
Georgiana,4,3
Georgiana,5,5
Georgiana,6,4
Georgiana,7,7
Georgiana,8,9
Georgiana,9,7
Georgiana,10,1
Georgiana,11,8
Georgiana,12,3
Geraldine,2,2
Geraldine,5,2
Geraldine,6,1
Geraldine,9,1
Geraldine,10,2
Gerber,1,23
Gerber,2,15
Gerber,3,12
Gerber,4,1
Gerber,5,10
Gerber,6,4
Gerber,7,14
Gerber,8,18
Gerber,9,12
Gerber,10,6
Gerber,11,13
Gerber,12,28
Gerlach,10,1
German Twp,6,1
Germanton,4,4
Germanton,5,1
Germanton,7,3
Germanton,10,2
Germantown,1,49
Germantown,2,53
Germantown,3,28
Germantown,4,30
Germantown,5,22
Germantown,6,33
Germantown,7,29
Germantown,8,26
Germantown,9,23
Germantown,10,32
Germantown,11,25
Germantown,12,34
Gerton,6,2
Gerton,12,1
Gervais,1,16
Gervais,2,23
Gervais,3,4
Gervais,4,1
Gervais,5,8
Gervais,6,2
Gervais,7,8
Gervais,8,7
Gervais,9,9
Gervais,10,9
Gervais,11,13
Gervais,12,6
Gettysburg,1,52
Gettysburg,2,36
Gettysburg,3,22
Gettysburg,4,24
Gettysburg,5,21
Gettysburg,6,43
Gettysburg,7,36
Gettysburg,8,37
Gettysburg,9,23
Gettysburg,10,35
Gettysburg,11,31
Gettysburg,12,41
Getzville,9,2
Getzville,10,1
Geyser,2,3
Geyser,6,1
Geyser,8,1
Geyser,10,1
Geyser,11,2
Geyser,12,5
Geyserville,1,27
Geyserville,2,15
Geyserville,3,26
Geyserville,4,9
Geyserville,5,14
Geyserville,6,10
Geyserville,7,8
Geyserville,8,9
Geyserville,9,12
Geyserville,10,7
Geyserville,11,7
Geyserville,12,17
Ghent,1,13
Ghent,2,14
Ghent,3,5
Ghent,4,4
Ghent,5,4
Ghent,6,9
Ghent,7,3
Ghent,8,2
Ghent,9,6
Ghent,10,3
Ghent,11,16
Ghent,12,9
Gibbon,1,4
Gibbon,2,1
Gibbon,3,2
Gibbon,6,2
Gibbon,8,1
Gibbon,11,2
Gibbonsville,10,1
Gibbstown,1,9
Gibbstown,2,8
Gibbstown,3,4
Gibbstown,4,4
Gibbstown,5,3
Gibbstown,6,1
Gibbstown,7,3
Gibbstown,8,4
Gibbstown,9,5
Gibbstown,11,1
Gibbstown,12,1
Gibsland,2,1
Gibsland,3,2
Gibsland,6,1
Gibsland,7,1
Gibsland,8,2
Gibsland,9,2
Gibsland,10,1
Gibsland,11,2
Gibsland,12,1
Gibson,4,6
Gibson,9,3
Gibson,10,1
Gibson,12,2
Gibsonburg,10,1
Gibsonburg,12,1
Gibsonia,1,5
Gibsonia,2,9
Gibsonia,3,8
Gibsonia,4,3
Gibsonia,5,2
Gibsonia,6,2
Gibsonia,7,2
Gibsonia,8,3
Gibsonia,9,2
Gibsonia,10,5
Gibsonia,11,3
Gibsonia,12,2
Gibsonton,1,72
Gibsonton,2,53
Gibsonton,3,44
Gibsonton,4,73
Gibsonton,5,44
Gibsonton,6,36
Gibsonton,7,28
Gibsonton,8,27
Gibsonton,9,51
Gibsonton,10,48
Gibsonton,11,40
Gibsonton,12,79
Gibsonville,1,3
Gibsonville,5,1
Gibsonville,9,5
Giddings,7,1
Giddings,8,1
Giddings,12,1
Gifford,4,7
Gifford,10,4
Gig Harbor,1,14
Gig Harbor,2,18
Gig Harbor,3,14
Gig Harbor,4,14
Gig Harbor,5,11
Gig Harbor,6,8
Gig Harbor,7,19
Gig Harbor,8,32
Gig Harbor,9,11
Gig Harbor,10,21
Gig Harbor,11,29
Gig Harbor,12,45
Gig Harbor Peninsula,12,1
Gila Bend,1,10
Gila Bend,2,7
Gila Bend,3,20
Gila Bend,4,12
Gila Bend,5,11
Gila Bend,6,3
Gila Bend,7,13
Gila Bend,8,28
Gila Bend,9,7
Gila Bend,10,8
Gila Bend,11,13
Gila Bend,12,8
Gilbert,1,65
Gilbert,2,75
Gilbert,3,55
Gilbert,4,54
Gilbert,5,56
Gilbert,6,33
Gilbert,7,28
Gilbert,8,50
Gilbert,9,30
Gilbert,10,44
Gilbert,11,47
Gilbert,12,51
Gilberton,1,2
Gilbertown,9,2
Gilberts,1,8
Gilberts,2,3
Gilberts,4,1
Gilberts,5,3
Gilberts,6,4
Gilberts,7,6
Gilberts,8,6
Gilberts,9,1
Gilberts,10,1
Gilberts,11,3
Gilberts,12,3
Gilbertsville,1,33
Gilbertsville,2,18
Gilbertsville,3,11
Gilbertsville,4,10
Gilbertsville,5,19
Gilbertsville,6,10
Gilbertsville,7,10
Gilbertsville,8,12
Gilbertsville,9,18
Gilbertsville,10,11
Gilbertsville,11,18
Gilbertsville,12,16
Gilchrist,1,33
Gilchrist,2,25
Gilchrist,3,14
Gilchrist,4,11
Gilchrist,5,6
Gilchrist,6,6
Gilchrist,7,6
Gilchrist,8,3
Gilchrist,9,2
Gilchrist,10,2
Gilchrist,11,19
Gilchrist,12,43
Gildford,8,3
Gildford,9,1
Gildford,11,1
Gildford,12,3
Gilford,2,3
Gilford,6,1
Gilford,7,1
Gilford,8,1
Gilford,9,1
Gilford,12,3
Gill,1,3
Gill,11,8
Gillett,1,2
Gillett,4,2
Gillett,7,1
Gillett,8,1
Gillett,12,3
Gillette,1,2
Gillette,4,3
Gillette,5,2
Gillette,9,1
Gillette,10,14
Gillette,12,4
Gillham,12,3
Gilliam,5,1
Gilman,1,1
Gilman,5,1
Gilman,7,1
Gilman,8,1
Gilmanton,4,1
Gilmanton,11,1
Gilmanton Iron Works,3,1
Gilmanton Iron Works,7,1
Gilmanton Iron Works,12,1
Gilmer,2,1
Gilmer,11,2
Gilmore,1,8
Gilmore,2,2
Gilmore,3,1
Gilmore,4,3
Gilmore,7,5
Gilmore,9,1
Gilmore,12,2
Gilroy,1,126
Gilroy,2,94
Gilroy,3,105
Gilroy,4,78
Gilroy,5,73
Gilroy,6,98
Gilroy,7,99
Gilroy,8,111
Gilroy,9,102
Gilroy,10,110
Gilroy,11,123
Gilroy,12,121
Gilson,1,1
Gilson,6,2
Gilson,10,1
Gilsum,2,1
Giltner,1,1
Giltner,2,2
Giltner,4,1
Giltner,8,1
Giltner,9,1
Girard,1,24
Girard,2,7
Girard,3,13
Girard,4,8
Girard,5,4
Girard,6,4
Girard,7,3
Girard,8,10
Girard,9,10
Girard,10,4
Girard,11,25
Girard,12,11
Glade Hill,2,1
Glade Hill,3,3
Glade Hill,5,2
Glade Hill,6,2
Glade Hill,7,2
Glade Hill,8,1
Glade Hill,9,7
Glade Hill,11,7
Glade Spring,1,17
Glade Spring,2,4
Glade Spring,3,7
Glade Spring,4,18
Glade Spring,5,5
Glade Spring,6,14
Glade Spring,7,10
Glade Spring,8,11
Glade Spring,9,18
Glade Spring,10,10
Glade Spring,11,4
Glade Spring,12,2
Glade Valley,6,1
Glade Valley,7,2
Glades,2,1
Gladewater,1,1
Gladewater,8,1
Gladewater,10,1
Gladstone,1,23
Gladstone,2,9
Gladstone,3,15
Gladstone,4,6
Gladstone,5,1
Gladstone,6,7
Gladstone,7,9
Gladstone,8,1
Gladstone,9,13
Gladstone,10,8
Gladstone,11,22
Gladstone,12,10
Gladwyne,1,27
Gladwyne,2,30
Gladwyne,3,15
Gladwyne,4,21
Gladwyne,5,10
Gladwyne,6,13
Gladwyne,7,26
Gladwyne,8,22
Gladwyne,9,22
Gladwyne,10,11
Gladwyne,11,24
Gladwyne,12,31
Gladys,1,4
Gladys,2,2
Gladys,4,6
Gladys,5,3
Gladys,6,1
Gladys,7,2
Gladys,8,11
Gladys,10,7
Gladys,12,2
Glasgow,1,16
Glasgow,2,2
Glasgow,3,11
Glasgow,4,13
Glasgow,5,8
Glasgow,6,15
Glasgow,7,16
Glasgow,8,13
Glasgow,9,6
Glasgow,10,22
Glasgow,11,13
Glasgow,12,25
Glassboro,1,4
Glassboro,2,4
Glassboro,3,6
Glassboro,4,3
Glassboro,6,5
Glassboro,7,3
Glassboro,8,2
Glassboro,11,3
Glassboro,12,1
Glassport,2,1
Glassport,3,1
Glassport,10,1
Glastonbury,1,21
Glastonbury,2,9
Glastonbury,3,11
Glastonbury,4,16
Glastonbury,5,4
Glastonbury,6,3
Glastonbury,7,15
Glastonbury,8,11
Glastonbury,9,14
Glastonbury,10,9
Glastonbury,11,10
Glastonbury,12,15
Gleason,5,2
Gleason,9,1
Glen,2,1
Glen Allen,1,190
Glen Allen,2,102
Glen Allen,3,96
Glen Allen,4,86
Glen Allen,5,112
Glen Allen,6,54
Glen Allen,7,77
Glen Allen,8,46
Glen Allen,9,93
Glen Allen,10,81
Glen Allen,11,177
Glen Allen,12,227
Glen Arm,5,1
Glen Arm,6,1
Glen Aubrey,2,2
Glen Aubrey,6,1
Glen Aubrey,12,3
Glen Burnie,1,118
Glen Burnie,2,74
Glen Burnie,3,59
Glen Burnie,4,53
Glen Burnie,5,62
Glen Burnie,6,69
Glen Burnie,7,40
Glen Burnie,8,60
Glen Burnie,9,59
Glen Burnie,10,42
Glen Burnie,11,72
Glen Burnie,12,45
Glen Campbell,1,1
Glen Campbell,5,2
Glen Campbell,7,4
Glen Campbell,11,1
Glen Campbell,12,2
Glen Carbon,1,3
Glen Carbon,2,9
Glen Carbon,3,8
Glen Carbon,4,3
Glen Carbon,6,6
Glen Carbon,7,3
Glen Carbon,8,8
Glen Carbon,9,1
Glen Carbon,10,2
Glen Carbon,11,2
Glen Carbon,12,2
Glen Daniel,2,2
Glen Echo,1,4
Glen Echo,6,1
Glen Echo,11,1
Glen Ellen,1,14
Glen Ellen,2,6
Glen Ellen,3,9
Glen Ellen,4,8
Glen Ellen,5,10
Glen Ellen,6,10
Glen Ellen,7,18
Glen Ellen,8,8
Glen Ellen,9,13
Glen Ellen,10,9
Glen Ellen,11,13
Glen Ellen,12,11
Glen Ellyn,1,34
Glen Ellyn,2,49
Glen Ellyn,3,16
Glen Ellyn,4,22
Glen Ellyn,5,26
Glen Ellyn,6,40
Glen Ellyn,7,24
Glen Ellyn,8,33
Glen Ellyn,9,30
Glen Ellyn,10,15
Glen Ellyn,11,16
Glen Ellyn,12,16
Glen Gardner,3,2
Glen Gardner,9,1
Glen Head,4,1
Glen Head,5,5
Glen Head,6,17
Glen Head,8,3
Glen Head,9,6
Glen Head,10,3
Glen Hope,1,1
Glen Hope,8,2
Glen Hope,9,3
Glen Jean,2,1
Glen Lyn,10,1
Glen Mills,1,9
Glen Mills,2,14
Glen Mills,3,15
Glen Mills,4,5
Glen Mills,5,18
Glen Mills,6,9
Glen Mills,7,2
Glen Mills,8,4
Glen Mills,9,12
Glen Mills,10,8
Glen Mills,11,19
Glen Mills,12,20
Glen Morgan,3,1
Glen Morgan,5,1
Glen Morgan,9,1
Glen Oaks,5,5
Glen Oaks,6,3
Glen Oaks,7,5
Glen Oaks,8,3
Glen Oaks,9,5
Glen Oaks,10,3
Glen Oaks,12,2
Glen Richey,1,2
Glen Richey,9,1
Glen Ridge,1,1
Glen Ridge,6,1
Glen Ridge,9,3
Glen Rock,1,13
Glen Rock,2,16
Glen Rock,3,9
Glen Rock,4,12
Glen Rock,5,8
Glen Rock,6,13
Glen Rock,7,5
Glen Rock,8,24
Glen Rock,9,15
Glen Rock,10,8
Glen Rock,11,12
Glen Rock,12,19
Glen Saint Mary,1,19
Glen Saint Mary,2,9
Glen Saint Mary,3,10
Glen Saint Mary,4,5
Glen Saint Mary,5,7
Glen Saint Mary,6,11
Glen Saint Mary,7,3
Glen Saint Mary,8,11
Glen Saint Mary,9,7
Glen Saint Mary,10,13
Glen Saint Mary,11,15
Glen Saint Mary,12,11
Glen St Mary,1,10
Glen St Mary,2,6
Glen St Mary,3,2
Glen St Mary,4,2
Glen St Mary,5,5
Glen St Mary,6,3
Glen St Mary,7,4
Glen St Mary,8,3
Glen St Mary,9,1
Glen St Mary,10,2
Glen St Mary,11,6
Glen St Mary,12,6
Glen Ullin,2,1
Glen Ullin,4,1
Glen Ullin,6,1
Glen Ullin,7,3
Glen Ullin,9,4
Glen Ullin,10,3
Glen Ullin,11,1
Glen Ullin,12,2
Glenarden,7,1
Glenarden,8,2
Glenarden,12,1
Glenarm,1,6
Glenarm,2,5
Glenarm,4,2
Glenarm,5,2
Glenarm,6,1
Glenbeulah,6,1
Glenbrook,1,7
Glenbrook,2,13
Glenbrook,3,8
Glenbrook,4,8
Glenbrook,5,6
Glenbrook,6,10
Glenbrook,7,5
Glenbrook,8,9
Glenbrook,9,8
Glenbrook,10,5
Glenbrook,11,3
Glenbrook,12,9
Glenburn,8,1
Glenburn,9,1
Glencoe,1,32
Glencoe,2,17
Glencoe,3,19
Glencoe,4,5
Glencoe,5,9
Glencoe,6,23
Glencoe,7,18
Glencoe,8,4
Glencoe,9,10
Glencoe,10,7
Glencoe,11,8
Glencoe,12,16
Glendale,1,306
Glendale,2,288
Glendale,3,293
Glendale,4,295
Glendale,5,229
Glendale,6,200
Glendale,7,162
Glendale,8,191
Glendale,9,187
Glendale,10,186
Glendale,11,326
Glendale,12,324
Glendale Heights,1,33
Glendale Heights,2,46
Glendale Heights,3,22
Glendale Heights,4,20
Glendale Heights,5,32
Glendale Heights,6,26
Glendale Heights,7,18
Glendale Heights,8,31
Glendale Heights,9,26
Glendale Heights,10,8
Glendale Heights,11,5
Glendale Heights,12,18
Glendive,1,13
Glendive,2,6
Glendive,3,2
Glendive,4,29
Glendive,5,6
Glendive,6,2
Glendive,7,1
Glendive,8,9
Glendive,9,19
Glendive,10,26
Glendive,11,25
Glendive,12,22
Glendo,1,2
Glendo,2,2
Glendo,3,2
Glendo,4,1
Glendo,5,3
Glendo,10,1
Glendo,11,1
Glendo,12,18
Glendora,1,111
Glendora,2,200
Glendora,3,113
Glendora,4,149
Glendora,5,113
Glendora,6,151
Glendora,7,147
Glendora,8,130
Glendora,9,105
Glendora,10,83
Glendora,11,106
Glendora,12,110
Gleneden Beach,2,5
Gleneden Beach,6,3
Gleneden Beach,7,1
Gleneden Beach,8,2
Gleneden Beach,9,2
Gleneden Beach,10,2
Gleneden Beach,12,1
Glenelg,5,1
Glenelg,9,4
Glenfield,3,7
Glenfield,5,1
Glenfield,7,6
Glenfield,12,5
Glenford,12,1
Glenhaven,1,6
Glenhaven,3,3
Glenhaven,6,2
Glenhaven,7,3
Glenhaven,8,1
Glenhaven,9,5
Glenhaven,10,6
Glenhaven,12,5
Glenmont,1,15
Glenmont,2,16
Glenmont,3,6
Glenmont,4,4
Glenmont,5,10
Glenmont,6,6
Glenmont,7,11
Glenmont,8,8
Glenmont,9,7
Glenmont,10,2
Glenmont,11,5
Glenmont,12,13
Glenmoore,1,13
Glenmoore,2,15
Glenmoore,3,7
Glenmoore,4,6
Glenmoore,5,5
Glenmoore,6,16
Glenmoore,7,11
Glenmoore,8,8
Glenmoore,9,14
Glenmoore,10,15
Glenmoore,11,14
Glenmoore,12,10
Glenn,1,13
Glenn,2,5
Glenn,3,2
Glenn,4,8
Glenn,5,3
Glenn,6,6
Glenn,7,9
Glenn,8,4
Glenn,9,5
Glenn,10,1
Glenn,11,2
Glenn,12,2
Glenn Dale,10,1
Glenns Ferry,1,1
Glenns Ferry,2,12
Glenns Ferry,3,2
Glenns Ferry,4,10
Glenns Ferry,5,7
Glenns Ferry,6,3
Glennville,1,4
Glennville,2,3
Glennville,3,3
Glennville,4,5
Glennville,5,6
Glennville,6,1
Glennville,9,1
Glennville,10,6
Glennville,11,6
Glennville,12,5
Glenolden,1,6
Glenolden,2,2
Glenolden,3,1
Glenolden,4,13
Glenolden,5,7
Glenolden,6,2
Glenolden,7,5
Glenolden,8,2
Glenolden,9,1
Glenolden,10,4
Glenolden,11,8
Glenolden,12,2
Glenoma,5,3
Glenoma,12,1
Glenpool,5,1
Glenpool,8,1
Glenrock,1,5
Glenrock,9,3
Glenrock,11,2
Glenrock,12,3
Glens Falls,1,2
Glens Falls,4,1
Glens Falls,7,3
Glens Falls,10,1
Glenshaw,4,2
Glenshaw,6,1
Glenside,1,65
Glenside,2,41
Glenside,3,25
Glenside,4,25
Glenside,5,35
Glenside,6,24
Glenside,7,26
Glenside,8,23
Glenside,9,36
Glenside,10,26
Glenside,11,44
Glenside,12,50
Glenview,1,8
Glenview,2,7
Glenview,3,2
Glenview,4,1
Glenview,5,4
Glenview,6,1
Glenview,7,6
Glenview,8,5
Glenview,9,3
Glenview,10,1
Glenview,11,5
Glenview,12,7
Glenville,1,22
Glenville,2,12
Glenville,3,7
Glenville,4,4
Glenville,5,1
Glenville,6,4
Glenville,7,2
Glenville,8,1
Glenville,9,7
Glenville,10,7
Glenville,11,3
Glenville,12,21
Glenwood,1,6
Glenwood,2,16
Glenwood,3,6
Glenwood,4,10
Glenwood,5,9
Glenwood,6,6
Glenwood,7,4
Glenwood,8,2
Glenwood,9,7
Glenwood,10,9
Glenwood,11,13
Glenwood,12,16
Glenwood Landing,5,1
Glenwood Springs,1,85
Glenwood Springs,2,72
Glenwood Springs,3,51
Glenwood Springs,4,37
Glenwood Springs,5,48
Glenwood Springs,6,18
Glenwood Springs,7,17
Glenwood Springs,8,20
Glenwood Springs,9,11
Glenwood Springs,10,12
Glenwood Springs,11,24
Glenwood Springs,12,161
Glidden,1,2
Glide,1,6
Glide,2,5
Glide,3,7
Glide,4,4
Glide,5,2
Glide,6,5
Glide,7,13
Glide,8,1
Glide,9,9
Glide,10,5
Glide,11,8
Glide,12,14
Globe,1,8
Globe,2,6
Globe,3,2
Globe,4,2
Globe,5,6
Globe,6,4
Globe,7,11
Globe,8,9
Globe,9,4
Globe,10,4
Globe,11,19
Globe,12,4
Glorieta,4,2
Glorieta,6,1
Gloster,2,2
Gloster,3,4
Gloucester,1,42
Gloucester,2,30
Gloucester,3,13
Gloucester,4,49
Gloucester,5,26
Gloucester,6,11
Gloucester,7,23
Gloucester,8,24
Gloucester,9,12
Gloucester,10,26
Gloucester,11,35
Gloucester,12,32
Gloucester City,1,33
Gloucester City,2,30
Gloucester City,3,23
Gloucester City,4,22
Gloucester City,5,31
Gloucester City,6,25
Gloucester City,7,31
Gloucester City,8,28
Gloucester City,9,14
Gloucester City,10,33
Gloucester City,11,18
Gloucester City,12,28
Gloucester Point,1,6
Gloucester Point,6,1
Gloucester Point,8,3
Gloucester Point,9,4
Gloucester Point,10,5
Gloucester Point,11,5
Gloucester Point,12,1
Glouster,3,1
Glouster,8,1
Glouster,12,4
Gloversville,6,3
Gloversville,7,2
Gloversville,9,7
Gloversville,11,1
Gloversville,12,2
Gloverville,1,1
Gloverville,2,1
Gloverville,4,1
Gloverville,5,1
Gloverville,6,1
Gloverville,9,2
Gloverville,10,2
Gloverville,11,2
Gloverville,12,1
Glyndon,1,9
Glyndon,2,8
Glyndon,3,2
Glyndon,4,6
Glyndon,9,1
Glyndon,11,8
Glyndon,12,9
Gnadenhutten,6,1
Gnadenhutten,9,2
Gobles,5,2
Gobles,10,1
Godfrey,3,1
Godfrey,6,2
Godley,3,1
Godwin,1,38
Godwin,2,36
Godwin,3,35
Godwin,4,32
Godwin,5,36
Godwin,6,37
Godwin,7,35
Godwin,8,38
Godwin,9,18
Godwin,10,9
Godwin,11,14
Godwin,12,30
Goffstown,2,1
Goffstown,7,2
Goffstown,12,2
Golconda,1,2
Golconda,2,6
Golconda,3,7
Golconda,4,5
Golconda,5,7
Golconda,6,3
Golconda,7,1
Golconda,8,8
Golconda,9,2
Golconda,10,1
Golconda,11,5
Golconda,12,16
Gold Bar,1,4
Gold Bar,2,2
Gold Bar,3,1
Gold Bar,5,1
Gold Bar,10,3
Gold Bar,12,5
Gold Beach,1,19
Gold Beach,2,10
Gold Beach,3,18
Gold Beach,4,4
Gold Beach,5,2
Gold Beach,6,9
Gold Beach,7,6
Gold Beach,8,7
Gold Beach,9,22
Gold Beach,10,5
Gold Beach,11,7
Gold Beach,12,18
Gold Canyon,1,8
Gold Canyon,2,5
Gold Canyon,3,7
Gold Canyon,4,8
Gold Canyon,5,7
Gold Canyon,6,7
Gold Canyon,7,2
Gold Canyon,9,4
Gold Canyon,10,2
Gold Canyon,11,2
Gold Canyon,12,6
Gold Creek,1,3
Gold Creek,2,6
Gold Creek,3,1
Gold Creek,4,7
Gold Creek,5,1
Gold Creek,9,3
Gold Creek,10,3
Gold Creek,11,21
Gold Creek,12,21
Gold Hill,1,39
Gold Hill,2,30
Gold Hill,3,16
Gold Hill,4,19
Gold Hill,5,14
Gold Hill,6,14
Gold Hill,7,15
Gold Hill,8,14
Gold Hill,9,28
Gold Hill,10,14
Gold Hill,11,9
Gold Hill,12,15
Gold River,1,5
Gold River,2,1
Gold River,3,4
Gold River,4,4
Gold River,5,5
Gold River,6,3
Gold River,7,2
Gold River,8,4
Gold River,9,6
Gold River,10,1
Gold River,11,2
Gold River,12,9
Gold Run,1,9
Gold Run,2,20
Gold Run,3,3
Gold Run,4,1
Gold Run,6,2
Gold Run,7,3
Gold Run,8,2
Gold Run,10,5
Gold Run,11,11
Gold Run,12,2
Golden,1,63
Golden,2,96
Golden,3,63
Golden,4,64
Golden,5,40
Golden,6,63
Golden,7,75
Golden,8,38
Golden,9,52
Golden,10,58
Golden,11,63
Golden,12,147
Golden Beach,1,5
Golden Beach,2,5
Golden Beach,4,2
Golden Beach,5,2
Golden Beach,6,2
Golden Beach,8,1
Golden Beach,9,2
Golden Beach,11,2
Golden Beach,12,2
Golden City,2,1
Golden Valley,1,22
Golden Valley,2,21
Golden Valley,3,10
Golden Valley,4,8
Golden Valley,5,4
Golden Valley,6,19
Golden Valley,7,10
Golden Valley,8,12
Golden Valley,9,11
Golden Valley,10,5
Golden Valley,11,16
Golden Valley,12,7
Goldendale,1,7
Goldendale,2,3
Goldendale,3,4
Goldendale,4,2
Goldendale,5,19
Goldendale,6,4
Goldendale,7,6
Goldendale,8,1
Goldendale,9,8
Goldendale,10,2
Goldendale,11,10
Goldendale,12,9
Goldens Bridge,1,8
Goldens Bridge,2,1
Goldens Bridge,3,2
Goldens Bridge,4,1
Goldens Bridge,5,2
Goldens Bridge,6,7
Goldens Bridge,7,2
Goldens Bridge,8,2
Goldens Bridge,9,2
Goldens Bridge,10,4
Goldens Bridge,11,2
Goldens Bridge,12,2
Goldfield,1,1
Goldfield,2,2
Goldfield,5,4
Goldfield,7,2
Goldfield,9,2
Goldfield,11,6
Goldfield,12,1
Goldsboro,1,12
Goldsboro,2,11
Goldsboro,3,9
Goldsboro,4,16
Goldsboro,5,22
Goldsboro,6,6
Goldsboro,7,12
Goldsboro,8,14
Goldsboro,9,9
Goldsboro,10,3
Goldsboro,11,6
Goldsboro,12,9
Goldsmith,6,2
Goldsmith,7,1
Goldston,1,1
Goldston,3,2
Goldston,4,1
Goldston,5,1
Goldston,11,2
Goldston,12,7
Goldthwaite,1,1
Goldthwaite,8,2
Goldthwaite,10,2
Goldthwaite,12,2
Goldvein,1,1
Goldvein,2,2
Goldvein,4,1
Goldvein,5,1
Goldvein,8,3
Goldvein,9,1
Goldvein,12,3
Goleta,1,110
Goleta,2,84
Goleta,3,46
Goleta,4,43
Goleta,5,34
Goleta,6,41
Goleta,7,34
Goleta,8,42
Goleta,9,43
Goleta,10,42
Goleta,11,51
Goleta,12,70
Golf,7,1
Goliad,1,2
Goliad,3,2
Goliad,7,1
Goliad,9,1
Goliad,11,1
Gonvick,6,1
Gonvick,9,2
Gonvick,12,1
Gonzales,1,23
Gonzales,2,19
Gonzales,3,25
Gonzales,4,19
Gonzales,5,10
Gonzales,6,28
Gonzales,7,26
Gonzales,8,34
Gonzales,9,29
Gonzales,10,25
Gonzales,11,21
Gonzales,12,16
Goochland,1,7
Goochland,2,2
Goochland,3,4
Goochland,4,8
Goochland,5,2
Goochland,6,2
Goochland,7,4
Goochland,8,3
Goochland,9,3
Goochland,10,6
Goochland,11,4
Goochland,12,8
Good Hope,1,1
Good Hope,9,1
Good Thunder,1,4
Good Thunder,5,1
Good Thunder,7,1
Good Thunder,8,2
Good Thunder,9,1
Good Thunder,10,3
Good Thunder,12,4
Goode,1,7
Goode,2,4
Goode,3,3
Goode,4,3
Goode,5,1
Goode,6,2
Goode,7,14
Goode,8,2
Goode,9,4
Goode,10,3
Goode,11,1
Goode,12,4
Goodells,2,2
Goodells,7,5
Goodells,9,1
Goodells,10,3
Goodfield,2,1
Goodfield,3,2
Goodfield,5,3
Goodfield,6,3
Goodfield,7,1
Goodfield,8,3
Goodfield,10,1
Goodfield,11,2
Goodhue,2,4
Goodhue,3,2
Goodhue,4,3
Goodhue,7,4
Goodhue,8,2
Goodhue,9,1
Goodhue,11,1
Goodhue,12,2
Goodland,1,1
Goodland,6,1
Goodlettsville,1,43
Goodlettsville,2,57
Goodlettsville,3,57
Goodlettsville,4,52
Goodlettsville,5,52
Goodlettsville,6,41
Goodlettsville,7,57
Goodlettsville,8,37
Goodlettsville,9,30
Goodlettsville,10,28
Goodlettsville,11,71
Goodlettsville,12,42
Goodman,1,1
Goodman,9,2
Goodrich,1,22
Goodrich,2,6
Goodrich,3,3
Goodrich,4,3
Goodrich,5,4
Goodrich,6,5
Goodrich,7,5
Goodrich,8,4
Goodrich,9,5
Goodrich,10,7
Goodrich,11,6
Goodrich,12,14
Goodridge,3,1
Goodridge,9,1
Goodridge,12,1
Goodview,1,1
Goodview,3,4
Goodview,4,2
Goodview,5,4
Goodview,7,1
Goodview,11,6
Goodview,12,1
Goodwater,6,1
Goodwin,1,1
Goodwin,2,1
Goodwin,3,1
Goodwin,12,2
Goodyear,1,65
Goodyear,2,64
Goodyear,3,62
Goodyear,4,58
Goodyear,5,52
Goodyear,6,44
Goodyear,7,43
Goodyear,8,57
Goodyear,9,41
Goodyear,10,27
Goodyear,11,52
Goodyear,12,96
Goodyears Bar,2,1
Goodyears Bar,4,1
Goodyears Bar,5,1
Goodyears Bar,7,2
Goodyears Bar,12,3
Goose Creek,1,68
Goose Creek,2,51
Goose Creek,3,36
Goose Creek,4,25
Goose Creek,5,28
Goose Creek,6,36
Goose Creek,7,39
Goose Creek,8,43
Goose Creek,9,34
Goose Creek,10,29
Goose Creek,11,30
Goose Creek,12,38
Goose Lake,8,2
Gordo,1,1
Gordo,2,2
Gordo,5,2
Gordo,6,1
Gordo,7,1
Gordo,10,2
Gordo,11,1
Gordon,1,2
Gordon,2,1
Gordon,3,2
Gordon,4,1
Gordon,7,1
Gordon,8,1
Gordon,11,3
Gordon,12,4
Gordonsville,1,18
Gordonsville,2,13
Gordonsville,3,19
Gordonsville,4,22
Gordonsville,5,23
Gordonsville,6,11
Gordonsville,7,18
Gordonsville,8,18
Gordonsville,9,22
Gordonsville,10,14
Gordonsville,11,25
Gordonsville,12,21
Gordonville,1,12
Gordonville,2,11
Gordonville,3,6
Gordonville,4,4
Gordonville,5,11
Gordonville,6,3
Gordonville,7,2
Gordonville,8,4
Gordonville,9,6
Gordonville,10,9
Gordonville,11,3
Gordonville,12,7
Gore,1,7
Gore,2,6
Gore,4,1
Gore,6,3
Gore,7,4
Gore,8,2
Gore,9,1
Gore,10,3
Gore,11,3
Gore,12,7
Goreville,1,2
Goreville,2,7
Goreville,4,2
Goreville,5,6
Goreville,6,2
Goreville,7,2
Goreville,8,1
Goreville,11,1
Gorham,1,2
Gormania,6,3
Goshen,1,21
Goshen,2,13
Goshen,3,10
Goshen,4,15
Goshen,5,36
Goshen,6,28
Goshen,7,33
Goshen,8,29
Goshen,9,14
Goshen,10,20
Goshen,11,25
Goshen,12,18
Gosport,2,3
Gosport,4,4
Gosport,12,4
Gotha,1,25
Gotha,2,14
Gotha,3,11
Gotha,4,17
Gotha,5,4
Gotha,6,13
Gotha,7,14
Gotha,8,19
Gotha,9,11
Gotha,10,12
Gotha,11,31
Gotha,12,18
Gothenburg,1,4
Gothenburg,2,1
Gothenburg,3,1
Gothenburg,5,1
Gothenburg,6,1
Gothenburg,12,2
Gould,2,1
Gould,4,1
Gould,8,1
Gould,9,2
Gould,11,3
Gould City,12,3
Gouldsboro,1,4
Gouldsboro,2,3
Gouldsboro,3,3
Gouldsboro,4,3
Gouldsboro,5,1
Gouldsboro,6,2
Gouldsboro,7,5
Gouldsboro,8,3
Gouldsboro,9,2
Gouldsboro,11,3
Gouldsboro,12,6
Gouverneur,2,5
Government Camp,1,65
Government Camp,2,66
Government Camp,3,27
Government Camp,4,10
Government Camp,5,8
Government Camp,6,12
Government Camp,7,7
Government Camp,8,4
Government Camp,9,12
Government Camp,10,1
Government Camp,11,7
Government Camp,12,63
Gowanda,11,2
Gowen,1,1
Gowen,5,3
Gowen,6,2
Gowen,7,1
Gowen,11,1
Gower,2,1
Gowrie,1,2
Gowrie,12,1
Grabill,1,5
Grabill,2,6
Grabill,7,4
Grabill,9,2
Grabill,10,4
Graceville,1,5
Graceville,2,5
Graceville,3,3
Graceville,4,1
Graceville,5,4
Graceville,6,6
Graceville,7,1
Graceville,8,1
Graceville,9,6
Graceville,10,2
Graceville,12,2
Gracewood,8,1
Grady,1,2
Grady,2,2
Grady,4,1
Grady,5,2
Grady,6,3
Grady,7,4
Grady,8,2
Grady,9,6
Grady,12,1
Graford,5,1
Graford,8,1
Graford,10,1
Graford,12,1
Grafton,1,6
Grafton,2,9
Grafton,3,6
Grafton,4,1
Grafton,5,3
Grafton,6,3
Grafton,7,2
Grafton,8,18
Grafton,9,6
Grafton,10,5
Grafton,11,6
Grafton,12,4
Graham,1,16
Graham,2,14
Graham,3,29
Graham,4,23
Graham,5,25
Graham,6,14
Graham,7,26
Graham,8,25
Graham,9,21
Graham,10,8
Graham,11,36
Graham,12,11
Grain Valley,1,12
Grain Valley,2,21
Grain Valley,3,4
Grain Valley,4,5
Grain Valley,5,7
Grain Valley,6,6
Grain Valley,7,4
Grain Valley,8,22
Grain Valley,9,10
Grain Valley,10,6
Grain Valley,11,7
Grain Valley,12,5
Grambling,4,1
Gramercy,2,2
Gramercy,3,4
Gramercy,4,1
Gramercy,5,3
Gramercy,6,2
Gramercy,8,3
Gramercy,9,2
Gramercy,11,5
Gramercy,12,3
Grampian,1,8
Grampian,2,4
Grampian,3,12
Grampian,4,4
Grampian,5,2
Grampian,6,3
Grampian,7,2
Grampian,8,4
Grampian,10,3
Grampian,11,7
Grampian,12,9
Granada,1,15
Granada,2,1
Granada,3,5
Granada,4,4
Granada,5,1
Granada,6,1
Granada,7,1
Granada,8,1
Granada,9,2
Granada,10,5
Granada,11,1
Granada,12,1
Granada Hills,1,75
Granada Hills,2,69
Granada Hills,3,63
Granada Hills,4,51
Granada Hills,5,68
Granada Hills,6,51
Granada Hills,7,47
Granada Hills,8,45
Granada Hills,9,50
Granada Hills,10,37
Granada Hills,11,61
Granada Hills,12,73
Granbury,3,1
Granbury,4,1
Granby,1,2
Granby,2,4
Granby,3,5
Granby,4,8
Granby,5,2
Granby,6,6
Granby,9,1
Granby,12,6
Grand Bay,1,24
Grand Bay,2,10
Grand Bay,3,6
Grand Bay,4,4
Grand Bay,5,9
Grand Bay,6,10
Grand Bay,7,22
Grand Bay,8,4
Grand Bay,9,8
Grand Bay,10,7
Grand Bay,11,10
Grand Bay,12,7
Grand Blanc,1,109
Grand Blanc,2,114
Grand Blanc,3,49
Grand Blanc,4,37
Grand Blanc,5,38
Grand Blanc,6,40
Grand Blanc,7,35
Grand Blanc,8,53
Grand Blanc,9,57
Grand Blanc,10,60
Grand Blanc,11,65
Grand Blanc,12,73
Grand Cane,11,1
Grand Canyon,1,3
Grand Canyon,4,3
Grand Canyon,5,5
Grand Canyon,6,3
Grand Canyon,7,2
Grand Canyon,9,2
Grand Canyon,11,1
Grand Canyon,12,2
Grand Forks,1,9
Grand Forks,2,2
Grand Forks,5,4
Grand Forks,6,7
Grand Forks,7,21
Grand Forks,8,3
Grand Forks,10,1
Grand Forks,11,4
Grand Forks,12,5
Grand Haven,1,9
Grand Haven,2,4
Grand Haven,3,4
Grand Haven,4,16
Grand Haven,5,12
Grand Haven,6,11
Grand Haven,7,12
Grand Haven,8,17
Grand Haven,9,12
Grand Haven,10,20
Grand Haven,11,11
Grand Haven,12,12
Grand Island,1,38
Grand Island,2,28
Grand Island,3,7
Grand Island,4,8
Grand Island,5,9
Grand Island,6,19
Grand Island,7,24
Grand Island,8,31
Grand Island,9,16
Grand Island,10,18
Grand Island,11,20
Grand Island,12,15
Grand Isle,3,1
Grand Junction,1,3
Grand Junction,2,8
Grand Junction,3,1
Grand Junction,5,3
Grand Junction,6,2
Grand Junction,7,1
Grand Junction,8,2
Grand Junction,9,4
Grand Junction,10,3
Grand Junction,11,8
Grand Junction,12,17
Grand Ledge,4,7
Grand Ledge,5,7
Grand Ledge,6,2
Grand Ledge,8,8
Grand Ledge,10,3
Grand Ledge,11,5
Grand Ledge,12,3
Grand Marais,5,2
Grand Meadow,1,3
Grand Meadow,2,5
Grand Meadow,5,2
Grand Meadow,6,4
Grand Meadow,7,1
Grand Meadow,9,7
Grand Meadow,10,3
Grand Meadow,12,9
Grand Prairie,1,142
Grand Prairie,2,171
Grand Prairie,3,78
Grand Prairie,4,109
Grand Prairie,5,101
Grand Prairie,6,109
Grand Prairie,7,98
Grand Prairie,8,99
Grand Prairie,9,103
Grand Prairie,10,63
Grand Prairie,11,95
Grand Prairie,12,99
Grand Rapids,1,831
Grand Rapids,2,901
Grand Rapids,3,582
Grand Rapids,4,575
Grand Rapids,5,646
Grand Rapids,6,578
Grand Rapids,7,540
Grand Rapids,8,622
Grand Rapids,9,702
Grand Rapids,10,414
Grand Rapids,11,571
Grand Rapids,12,563
Grand Ridge,1,15
Grand Ridge,2,6
Grand Ridge,3,6
Grand Ridge,4,10
Grand Ridge,5,9
Grand Ridge,6,11
Grand Ridge,7,15
Grand Ridge,8,5
Grand Ridge,9,7
Grand Ridge,10,6
Grand Ridge,11,7
Grand Ridge,12,18
Grand Rivers,2,6
Grand Rivers,4,2
Grand Rivers,11,1
Grand Ronde,1,34
Grand Ronde,2,29
Grand Ronde,3,3
Grand Ronde,4,1
Grand Ronde,5,4
Grand Ronde,6,9
Grand Ronde,7,14
Grand Ronde,8,21
Grand Ronde,9,10
Grand Ronde,10,6
Grand Ronde,11,7
Grand Ronde,12,13
Grand Terrace,1,47
Grand Terrace,2,44
Grand Terrace,3,44
Grand Terrace,4,40
Grand Terrace,5,29
Grand Terrace,6,37
Grand Terrace,7,46
Grand Terrace,8,30
Grand Terrace,9,46
Grand Terrace,10,32
Grand Terrace,11,40
Grand Terrace,12,21
Grand View,8,2
Grandin,1,4
Grandin,2,3
Grandin,4,1
Grandin,8,1
Grandin,9,3
Grandin,10,3
Grandin,11,2
Grandin,12,10
Grandview,1,21
Grandview,2,25
Grandview,3,25
Grandview,4,22
Grandview,5,19
Grandview,6,24
Grandview,7,37
Grandview,8,13
Grandview,9,19
Grandview,10,9
Grandview,11,22
Grandview,12,24
Grandville,1,27
Grandville,2,28
Grandville,3,18
Grandville,4,19
Grandville,5,18
Grandville,6,15
Grandville,7,18
Grandville,8,12
Grandville,9,22
Grandville,10,19
Grandville,11,34
Grandville,12,9
Grandy,10,5
Granger,1,11
Granger,2,4
Granger,3,4
Granger,4,1
Granger,5,2
Granger,6,2
Granger,7,4
Granger,8,1
Granger,9,1
Granger,12,2
Grangeville,1,2
Grangeville,11,2
Granite,6,4
Granite Bay,1,43
Granite Bay,2,32
Granite Bay,3,23
Granite Bay,4,9
Granite Bay,5,11
Granite Bay,6,17
Granite Bay,7,27
Granite Bay,8,28
Granite Bay,9,27
Granite Bay,10,17
Granite Bay,11,18
Granite Bay,12,40
Granite Canon,1,11
Granite Canon,2,3
Granite Canon,3,14
Granite Canon,6,2
Granite Canon,11,1
Granite City,1,21
Granite City,2,16
Granite City,3,22
Granite City,4,17
Granite City,5,17
Granite City,6,13
Granite City,7,34
Granite City,8,8
Granite City,9,24
Granite City,10,11
Granite City,11,5
Granite City,12,6
Granite Falls,1,13
Granite Falls,2,15
Granite Falls,3,6
Granite Falls,4,12
Granite Falls,5,11
Granite Falls,6,7
Granite Falls,7,2
Granite Falls,8,12
Granite Falls,9,8
Granite Falls,10,11
Granite Falls,11,3
Granite Falls,12,20
Granite Springs,1,1
Graniteville,1,27
Graniteville,2,30
Graniteville,3,14
Graniteville,4,11
Graniteville,5,22
Graniteville,6,13
Graniteville,7,20
Graniteville,8,17
Graniteville,9,20
Graniteville,10,17
Graniteville,11,24
Graniteville,12,38
Grannis,6,2
Grannis,12,1
Grant,1,8
Grant,2,4
Grant,3,12
Grant,4,12
Grant,5,8
Grant,6,9
Grant,7,11
Grant,8,11
Grant,9,9
Grant,10,4
Grant,11,8
Grant,12,10
Grant Park,5,1
Grant Park,6,1
Grant Park,8,2
Grant Park,9,2
Grantham,1,1
Grantham,2,1
Grantham,6,1
Grantham,12,3
Granton,5,1
Granton,9,2
Grants,1,2
Grants,2,2
Grants,5,2
Grants,6,10
Grants,8,2
Grants,10,1
Grants Pass,1,115
Grants Pass,2,85
Grants Pass,3,46
Grants Pass,4,48
Grants Pass,5,33
Grants Pass,6,55
Grants Pass,7,39
Grants Pass,8,49
Grants Pass,9,43
Grants Pass,10,58
Grants Pass,11,70
Grants Pass,12,74
Grantsboro,7,4
Grantsboro,11,1
Grantsburg,3,1
Grantsburg,5,1
Grantsburg,8,1
Grantsville,1,42
Grantsville,2,14
Grantsville,3,25
Grantsville,4,8
Grantsville,5,13
Grantsville,6,17
Grantsville,7,6
Grantsville,8,22
Grantsville,9,5
Grantsville,10,39
Grantsville,11,24
Grantsville,12,20
Grantville,1,26
Grantville,2,34
Grantville,3,17
Grantville,4,25
Grantville,5,28
Grantville,6,19
Grantville,7,37
Grantville,8,65
Grantville,9,35
Grantville,10,8
Grantville,11,37
Grantville,12,38
Granville,1,17
Granville,2,13
Granville,3,9
Granville,4,3
Granville,5,4
Granville,6,6
