State,City,Total Accidents,Total Estimated Accident Cost
AL,Abbeville,25,5164000
AL,Adamsville,7,760000
AL,Addison,3,304000
AL,Alabaster,269,51086000
AL,Albertville,16,2620000
AL,Alexander City,15,1560000
AL,Alexandria,9,987000
AL,Aliceville,4,432000
AL,Alpine,2,135000
AL,Altoona,88,10746000
AL,Andalusia,27,5710000
AL,Anderson,1,88000
AL,Anniston,93,17890000
AL,Arab,23,2352000
AL,Ardmore,41,5970000
AL,Ariton,16,1832000
AL,Arlington,1,96000
AL,Ashford,6,664000
AL,Ashland,1,1800000
AL,Ashville,25,6359000
AL,Athens,516,65868000
AL,Atmore,92,26169000
AL,Attalla,41,15179000
AL,Auburn,143,34181000
AL,Autaugaville,24,5612000
AL,Axis,3,535000
AL,Baileyton,8,2244000
AL,Banks,20,2136000
AL,Bankston,2,168000
AL,Bay Minette,134,32324000
AL,Bayou La Batre,1,144000
AL,Bear Creek,1,144000
AL,Beatrice,3,264000
AL,Berry,28,5048000
AL,Bessemer,389,79145000
AL,Billingsley,15,6004000
AL,Birmingham,5920,1041824000
AL,Blountsville,130,13086000
AL,Boaz,19,1960000
AL,Boligee,45,6841000
AL,Brantley,28,2938000
AL,Bremen,12,3008000
AL,Brent,9,5704000
AL,Brewton,32,12454000
AL,Brierfield,4,360000
AL,Brilliant,6,1002000
AL,Brookwood,33,3355000
AL,Brownsboro,72,8208000
AL,Brundidge,110,14015000
AL,Buhl,16,4908000
AL,Calera,291,59896000
AL,Camden,8,1091000
AL,Camp Hill,5,1508000
AL,Carbon Hill,47,10207000
AL,Castleberry,31,4222000
AL,Catherine,5,2192000
AL,Cecil,7,1592000
AL,Cedar Bluff,20,3808000
AL,Center Point,1,120000
AL,Centre,45,6040000
AL,Centreville,11,2016000
AL,Chancellor,4,384000
AL,Chatom,2,232000
AL,Chelsea,47,5692000
AL,Cherokee,20,2068000
AL,Chickasaw,3,1871000
AL,Childersburg,2,168000
AL,Chunchula,24,10220000
AL,Citronelle,10,1972000
AL,Clanton,556,75587000
AL,Clayton,4,432000
AL,Cleveland,84,11608000
AL,Clio,2,184000
AL,Coaling,11,1160000
AL,Coden,7,888000
AL,Coffeeville,1,96000
AL,Coker,47,4854000
AL,Collinsville,27,5630000
AL,Columbia,6,584000
AL,Columbiana,10,978000
AL,Cordova,47,7152000
AL,Cottondale,331,55896000
AL,Cottonwood,5,520000
AL,Courtland,7,768000
AL,Cowarts,7,1744000
AL,Crane Hill,1,18000
AL,Creola,39,6443000
AL,Cropwell,2,168000
AL,Crossville,7,760000
AL,Cuba,25,4937000
AL,Cullman,588,80578000
AL,Cusseta,25,6392000
AL,Dadeville,7,1864000
AL,Daleville,26,2640000
AL,Danville,6,568000
AL,Daphne,610,103442000
AL,Dauphin Island,2,232000
AL,Daviston,6,2004000
AL,Dawson,3,3088000
AL,Deatsville,110,19341000
AL,Decatur,332,44621000
AL,Deer Park,3,272000
AL,Delta,4,1328000
AL,Demopolis,6,680000
AL,Dora,11,1660000
AL,Dothan,1113,124225000
AL,Double Springs,11,1136000
AL,Dozier,5,520000
AL,Duncanville,65,9299000
AL,Dutton,11,4284000
AL,Eastaboga,30,4934000
AL,Echola,5,520000
AL,Eclectic,38,3760000
AL,Eight Mile,47,15856000
AL,Elba,32,4308000
AL,Elberta,11,5584000
AL,Eldridge,14,1856000
AL,Elkmont,53,10298000
AL,Elmore,49,6588000
AL,Elrod,18,2000000
AL,Emelle,5,552000
AL,Empire,1,11000
AL,Enterprise,153,19986000
AL,Epes,17,4800000
AL,Equality,1,80000
AL,Estillfork,1,96000
AL,Ethelsville,7,2808000
AL,Eufaula,32,4564000
AL,Eutaw,63,12952000
AL,Evergreen,43,10400000
AL,Fairfield,225,44013000
AL,Fairhope,28,5724000
AL,Falkville,71,15774000
AL,Faunsdale,3,2271000
AL,Fayette,22,3268000
AL,Fitzpatrick,8,1804000
AL,Five Points,1,1100000
AL,Flomaton,3,2280000
AL,Florala,1,80000
AL,Florence,118,11100000
AL,Foley,3,408000
AL,Forest Home,1,120000
AL,Forkland,3,312000
AL,Fort Davis,1,12000
AL,Fort Deposit,64,14230000
AL,Fort Mitchell,19,12000000
AL,Fort Payne,36,7841000
AL,Fort Rucker,10,4140000
AL,Fosters,98,15446000
AL,Franklin,1,88000
AL,Frisco City,2,240000
AL,Fulton,1,12000
AL,Fultondale,78,13211000
AL,Fyffe,5,600000
AL,Gadsden,18,4651000
AL,Gainesville,1,144000
AL,Gallion,4,424000
AL,Gardendale,98,25717000
AL,Gaylesville,11,849000
AL,Geneva,12,1208000
AL,Georgiana,62,14677000
AL,Geraldine,4,376000
AL,Gilbertown,2,1080000
AL,Goodwater,1,1500000
AL,Gordo,10,2036000
AL,Gordon,4,384000
AL,Goshen,13,1336000
AL,Grady,20,3092000
AL,Grand Bay,121,19821000
AL,Grant,3,591000
AL,Graysville,20,2868000
AL,Greensboro,3,288000
AL,Greenville,147,37009000
AL,Grove Hill,3,1968000
AL,Guin,11,2477000
AL,Gulf Shores,2,168000
AL,Guntersville,24,2412000
AL,Gurley,37,3912000
AL,Hackleburg,4,472000
AL,Haleyville,11,3684000
AL,Hamilton,37,4393000
AL,Hanceville,159,33583000
AL,Harpersville,22,6276000
AL,Hartford,16,2700000
AL,Hartselle,77,11911000
AL,Harvest,86,10580000
AL,Hatchechubbee,1,144000
AL,Hayden,123,22318000
AL,Hayneville,25,2709000
AL,Hazel Green,105,11099000
AL,Headland,23,2352000
AL,Heflin,203,44505000
AL,Helena,4,340000
AL,Henagar,3,384000
AL,Highland Home,41,4138000
AL,Hillsboro,5,504000
AL,Holly Pond,13,1344000
AL,Hoover,24,2504000
AL,Hope Hull,119,19469000
AL,Horton,21,3642000
AL,Houston,1,96000
AL,Huntsville,2996,424615000
AL,Hurtsboro,2,1120000
AL,Ider,1,88000
AL,Irondale,5,759000
AL,Irvington,95,16444000
AL,Jachin,1,80000
AL,Jack,11,4316000
AL,Jackson,11,1240000
AL,Jacksons Gap,3,256000
AL,Jacksonville,2,216000
AL,Jasper,293,37532000
AL,Jemison,319,56025000
AL,Jones,2,232000
AL,Joppa,9,848000
AL,Kellyton,4,424000
AL,Kennedy,1,144000
AL,Killen,36,3819000
AL,Kinston,15,4956000
AL,Knoxville,59,13264000
AL,Laceys Spring,40,6756000
AL,Lafayette,5,418000
AL,Lanett,27,5938000
AL,Lapine,10,2044000
AL,Lawley,24,3916000
AL,Leeds,320,55453000
AL,Leesburg,7,688000
AL,Leighton,18,1746000
AL,Leroy,1,144000
AL,Lester,4,368000
AL,Letohatchee,150,33372000
AL,Lexington,8,768000
AL,Lincoln,109,24068000
AL,Linden,3,1692000
AL,Livingston,31,5464000
AL,Locust Fork,33,6184000
AL,Lowndesboro,40,5224000
AL,Loxley,149,30728000
AL,Luverne,105,11935000
AL,Lynn,8,1696000
AL,Madison,1000,183301000
AL,Magnolia Springs,1,144000
AL,Maplesville,77,10404000
AL,Marbury,41,6745000
AL,Marion,5,552000
AL,Marion Junction,11,1120000
AL,Mathews,56,13590000
AL,Mc Calla,151,27368000
AL,Mc Kenzie,19,5278000
AL,McCalla,72,11642000
AL,McKenzie,11,2600000
AL,Mentone,12,4260000
AL,Meridianville,71,7274000
AL,Midland City,50,5300000
AL,Midway,9,960000
AL,Millbrook,127,16473000
AL,Minter,13,3011000
AL,Mobile,1771,323847000
AL,Monroeville,7,664000
AL,Montevallo,21,1926000
AL,Montgomery,3934,567493000
AL,Moody,42,7945000
AL,Morris,1,80000
AL,Moulton,14,1439000
AL,Moundville,30,4784000
AL,Mount Olive,3,344000
AL,Mount Vernon,3,328000
AL,Mountain Brk,16,1680000
AL,Mt Vernon,1,80000
AL,Mulga,1,120000
AL,Munford,13,4932000
AL,Muscadine,4,647000
AL,Muscle Shoals,14,1520000
AL,Nauvoo,41,6455000
AL,New Brockton,14,1504000
AL,New Hope,28,2874000
AL,New Market,1,80000
AL,Newbern,1,88000
AL,Newton,35,3627000
AL,Newville,6,672000
AL,Northport,767,91707000
AL,Notasulga,32,7547000
AL,Oakman,40,5215000
AL,Odenville,10,1048000
AL,Ohatchee,4,520000
AL,Oneonta,258,29309000
AL,Opelika,394,81111000
AL,Opp,8,864000
AL,Orange Beach,3,296000
AL,Orrville,1,80000
AL,Owens Cross Roads,98,10188000
AL,Oxford,71,15077000
AL,Ozark,86,15199000
AL,Paint Rock,5,552000
AL,Parrish,34,5458000
AL,Pelham,202,28661000
AL,Pell City,109,21370000
AL,Perdido,36,8337000
AL,Peterman,2,184000
AL,Phenix City,222,28211000
AL,Phil Campbell,3,296000
AL,Piedmont,16,4300000
AL,Pike Road,192,30672000
AL,Pine Apple,1,88000
AL,Pine Hill,2,216000
AL,Pinson,52,12012000
AL,Pisgah,1,88000
AL,Pittsview,7,760000
AL,Plantersville,8,842000
AL,Prattville,656,106454000
AL,Prichard,2,184000
AL,Quinton,17,5886000
AL,Ragland,7,700000
AL,Rainbow City,3,1176000
AL,Rainsville,6,1548000
AL,Ralph,7,2156000
AL,Ramer,13,1392000
AL,Randolph,3,296000
AL,Red Bay,1,88000
AL,Red Level,5,528000
AL,Reform,13,3088000
AL,Remlap,35,4397000
AL,Repton,5,3384000
AL,Riverside,35,5053000
AL,Roanoke,2,200000
AL,Robertsdale,146,32031000
AL,Rockford,3,1340000
AL,Rogersville,25,2496000
AL,Russellville,1,80000
AL,Rutledge,10,1056000
AL,Safford,2,200000
AL,Salem,47,4616000
AL,Samson,10,1080000
AL,Saraland,68,14233000
AL,Sardis,5,544000
AL,Satsuma,28,6291000
AL,Scottsboro,31,7352000
AL,Seale,4,1288000
AL,Section,1,120000
AL,Selma,106,15753000
AL,Semmes,25,4905000
AL,Sheffield,1,96000
AL,Shelby,2,240000
AL,Shorter,186,47442000
AL,Shorterville,2,176000
AL,Silas,5,3908000
AL,Silverhill,2,184000
AL,Skipperville,4,392000
AL,Slocomb,17,1896000
AL,Smiths Station,32,3443000
AL,Somerville,40,9056000
AL,Spanish Fort,1,88000
AL,Springville,67,16157000
AL,Spruce Pine,2,176000
AL,Stanton,13,1308000
AL,Stapleton,2,168000
AL,Steele,16,2829000
AL,Sterrett,31,4147000
AL,Stevenson,5,2304000
AL,Sulligent,6,3692000
AL,Sumiton,2,288000
AL,Summerdale,3,304000
AL,Sweet Water,1,1200000
AL,Sylacauga,20,3049000
AL,Talladega,14,3516000
AL,Tallassee,18,3326000
AL,Tanner,226,39701000
AL,Taylor,5,528000
AL,Theodore,166,30373000
AL,Thomaston,2,1080000
AL,Thomasville,6,1684000
AL,Thorsby,8,824000
AL,Titus,20,3311000
AL,Toney,52,6787000
AL,Town Creek,7,760000
AL,Townley,18,3504000
AL,Toxey,1,10000
AL,Trafford,29,2850000
AL,Trinity,15,1395000
AL,Troy,495,59808000
AL,Trussville,151,24392000
AL,Tuscaloosa,2271,279349000
AL,Tuscumbia,89,11266000
AL,Tuskegee,103,26684000
AL,Tyler,8,994000
AL,Union Grove,3,296000
AL,Union Springs,18,6044000
AL,Uniontown,3,1764000
AL,Valley,46,10989000
AL,Valley Grande,1,80000
AL,Valley Head,17,3020000
AL,Vance,177,28032000
AL,Vandiver,1,80000
AL,Verbena,158,25537000
AL,Vernon,7,744000
AL,Vestavia,5,608000
AL,Vina,1,88000
AL,Vincent,3,2040000
AL,Vinemont,31,5017000
AL,Wadley,3,248000
AL,Wagarville,3,328000
AL,Ward,2,232000
AL,Warrior,216,31414000
AL,Waverly,5,544000
AL,Webb,9,1064000
AL,Wedowee,4,2684000
AL,Wellington,7,602000
AL,West Blocton,2,184000
AL,Wetumpka,251,31944000
AL,Whatley,4,2808000
AL,Wilmer,27,5779000
AL,Wilsonville,6,599000
AL,Winfield,27,3214000
AL,Woodland,1,12000
AL,Woodstock,33,4029000
AL,Woodville,6,600000
AL,York,24,6695000
AR,Alexander,26,8732000
AR,Alma,45,12442000
AR,Almyra,1,1000000
AR,Alpena,4,376000
AR,Altheimer,4,3776000
AR,Altus,5,3236000
AR,Amagon,3,368000
AR,Amity,7,3568000
AR,Arkadelphia,145,31127000
AR,Arkansas City,1,144000
AR,Ash Flat,3,1464000
AR,Ashdown,9,3976000
AR,Atkins,88,15853000
AR,Augusta,1,96000
AR,Austin,36,10688000
AR,Bald Knob,25,5368000
AR,Barling,4,3000000
AR,Bassett,1,96000
AR,Batesville,53,17660000
AR,Bauxite,3,336000
AR,Bay,16,1624000
AR,Bearden,14,6060000
AR,Bee Branch,1,80000
AR,Beebe,34,10940000
AR,Beech Grove,2,200000
AR,Bella Vista,11,2272000
AR,Belleville,5,1384000
AR,Benton,369,88429000
AR,Bentonville,155,39596000
AR,Berryville,6,3108000
AR,Bethel Heights,1,88000
AR,Bigelow,3,384000
AR,Biggers,6,704000
AR,Biscoe,97,22524000
AR,Bismarck,15,3296000
AR,Black Oak,2,216000
AR,Black Rock,8,856000
AR,Blevins,1,80000
AR,Blue Mountain,1,1000000
AR,Blytheville,87,23942000
AR,Boles,9,4840000
AR,Bonnerdale,2,288000
AR,Bono,31,7808000
AR,Booneville,19,8316000
AR,Bradford,10,1896000
AR,Bradley,4,2276000
AR,Brinkley,97,18872000
AR,Brockwell,3,1700000
AR,Brookland,41,15148000
AR,Bryant,129,18852000
AR,Cabot,123,24324000
AR,Caddo Gap,3,1276000
AR,Calico Rock,10,7120000
AR,Camden,40,17186000
AR,Carlisle,88,13493000
AR,Carthage,4,2184000
AR,Cash,6,632000
AR,Cave City,7,736000
AR,Cave Springs,1,144000
AR,Center Ridge,3,2196000
AR,Centerton,2,1320000
AR,Charleston,1,144000
AR,Chester,36,6427000
AR,Chidester,32,24324000
AR,Clarendon,1,120000
AR,Clarksville,45,10744000
AR,Cleveland,5,2688000
AR,Clinton,21,12288000
AR,Compton,3,1684000
AR,Conway,239,57046000
AR,Cord,3,360000
AR,Corning,27,12496000
AR,Cove,15,4036000
AR,Crawfordsville,88,19295000
AR,Crossett,7,2672000
AR,Damascus,15,4488000
AR,Danville,17,4512000
AR,Dardanelle,23,7340000
AR,De Witt,3,376000
AR,Decatur,12,5092000
AR,Deer,3,1168000
AR,Delight,2,1580000
AR,Dell,1,96000
AR,Dennard,4,2400000
AR,Dermott,16,9464000
AR,Desha,1,80000
AR,Dierks,8,4980000
AR,Doddridge,11,5316000
AR,Donaldson,40,8412000
AR,Dover,12,4712000
AR,Drasco,6,4548000
AR,Dumas,5,3076000
AR,Dyess,20,7952000
AR,Earle,10,1002000
AR,Edgemont,3,1332000
AR,El Dorado,44,16604000
AR,El Paso,2,232000
AR,Elkins,8,7588000
AR,Emerson,2,1244000
AR,Emmet,10,7327000
AR,England,8,5004000
AR,Eudora,15,10396000
AR,Eureka Springs,33,17036000
AR,Evening Shade,13,4984000
AR,Everton,7,4588000
AR,Farmington,7,688000
AR,Fayetteville,311,58451000
AR,Fisher,7,4924000
AR,Fordyce,25,11920000
AR,Forrest City,115,30336000
AR,Fort Smith,400,69592000
AR,Fouke,6,584000
AR,Fountain Hill,10,4296000
AR,Fox,2,1320000
AR,Fulton,31,7040000
AR,Gamaliel,6,5484000
AR,Garfield,18,10776000
AR,Garland City,1,88000
AR,Gassville,2,184000
AR,Gentry,11,5632000
AR,Gillett,3,2000000
AR,Gillham,3,272000
AR,Gilmore,22,3968000
AR,Glencoe,2,1620000
AR,Glenwood,8,3464000
AR,Goodwin,5,520000
AR,Gould,8,2816000
AR,Grady,3,1324000
AR,Grannis,3,2040000
AR,Gravette,14,10144000
AR,Green Forest,16,2808000
AR,Greenbrier,36,8832000
AR,Greenwood,13,5436000
AR,Griffithville,1,88000
AR,Gurdon,62,12503000
AR,Hackett,3,3044000
AR,Hamburg,26,13440000
AR,Hampton,15,7404000
AR,Hardy,6,704000
AR,Harrisburg,11,3820000
AR,Harrison,18,9480000
AR,Hartman,37,5908000
AR,Hatfield,1,96000
AR,Hattieville,1,80000
AR,Havana,3,1376000
AR,Hazen,74,14368000
AR,Heber Springs,24,11028000
AR,Hector,2,1120000
AR,Helena,1,80000
AR,Hensley,30,9164000
AR,Hermitage,6,5164000
AR,Heth,108,22605000
AR,Higden,14,10276000
AR,Hindsville,8,1076000
AR,Hiwasse,4,1476000
AR,Hope,74,15094000
AR,Horatio,9,5424000
AR,Hot Springs National Park,171,49564000
AR,Hot Springs Village,4,416000
AR,Houston,2,1188000
AR,Hoxie,5,480000
AR,Hughes,10,6056000
AR,Humnoke,6,3216000
AR,Humphrey,7,2868000
AR,Huntington,6,3304000
AR,Huntsville,25,12204000
AR,Imboden,11,3404000
AR,Jacksonville,141,20029000
AR,Jasper,1,88000
AR,Jefferson,14,2584000
AR,Jessieville,5,2512000
AR,Joiner,22,8460000
AR,Jonesboro,138,47412000
AR,Judsonia,16,5824000
AR,Kingsland,11,7588000
AR,Kirby,5,3880000
AR,Knobel,8,4596000
AR,Knoxville,26,4456000
AR,Lake City,8,5024000
AR,Lake Village,35,18156000
AR,Lamar,22,6212000
AR,Lavaca,8,4292000
AR,Leola,8,2992000
AR,Lepanto,3,1968000
AR,Leslie,26,13464000
AR,Lewisville,4,3008000
AR,Lexa,1,96000
AR,Lincoln,1,144000
AR,Little Rock,2293,314034000
AR,Little Rock Air Force Base,2,1644000
AR,Lockesburg,19,7084000
AR,Locust Grove,6,2248000
AR,London,30,6008000
AR,Lonoke,154,34849000
AR,Lonsdale,15,4336000
AR,Louann,2,1288000
AR,Lowell,50,7568000
AR,Luxora,34,10435000
AR,Mabelvale,14,1680000
AR,Madison,1,80000
AR,Magazine,5,2076000
AR,Magnolia,16,7528000
AR,Malvern,177,43806000
AR,Mammoth Spring,12,6512000
AR,Manila,4,2160000
AR,Mansfield,2,1944000
AR,Marble Falls,1,144000
AR,Marianna,1,80000
AR,Marion,212,42651000
AR,Marked Tree,18,6148000
AR,Marmaduke,4,2364000
AR,Marshall,3,296000
AR,Marvell,1,96000
AR,Maumelle,98,11257000
AR,Mayflower,66,8716000
AR,Mc Crory,3,1340000
AR,Mc Gehee,5,1608000
AR,Mc Rae,9,2016000
AR,McCrory,2,2600000
AR,McGehee,4,416000
AR,McNeil,3,304000
AR,McRae,10,3012000
AR,Melbourne,1,88000
AR,Mena,18,8746000
AR,Menifee,14,2524000
AR,Monette,1,88000
AR,Monticello,24,13636000
AR,Montrose,7,2108000
AR,Morrilton,93,26401000
AR,Mount Ida,6,4780000
AR,Mount Judea,4,3476000
AR,Mountain Home,21,12896000
AR,Mountain Pine,1,88000
AR,Mountain View,17,9500000
AR,Mountainburg,26,7264000
AR,Mt Ida,8,3956000
AR,Mulberry,37,8656000
AR,Murfreesboro,6,2664000
AR,Nashville,18,8508000
AR,Natural Dam,2,1296000
AR,New Edinburg,8,4316000
AR,Newark,3,3044000
AR,Newport,38,10728000
AR,Norfork,1,88000
AR,Norman,3,1284000
AR,North Little Rock,833,127074000
AR,Oark,3,1332000
AR,Oden,5,1468000
AR,Ogden,1,120000
AR,Oil Trough,2,1920000
AR,Okolona,1,96000
AR,Ola,6,2460000
AR,Omaha,9,4012000
AR,Osceola,48,11308000
AR,Ozark,75,27334000
AR,Palestine,74,13948000
AR,Pangburn,5,1860000
AR,Paragould,47,20160000
AR,Paris,2,1580000
AR,Parkdale,4,2976000
AR,Parkin,3,272000
AR,Paron,1,80000
AR,Pea Ridge,9,4996000
AR,Pearcy,15,4900000
AR,Perry,5,1892000
AR,Perryville,8,3640000
AR,Pettigrew,1,1500000
AR,Pindall,1,88000
AR,Pine Bluff,115,43588000
AR,Plainview,13,5188000
AR,Pleasant Grove,1,96000
AR,Pleasant Plains,4,1356000
AR,Plumerville,70,17144000
AR,Pocahontas,31,9144000
AR,Portia,6,1568000
AR,Portland,1,1200000
AR,Pottsville,39,11932000
AR,Prairie Grove,3,2696000
AR,Prattsville,5,4640000
AR,Prescott,40,7239000
AR,Proctor,31,7572000
AR,Quitman,12,6860000
AR,Ravenden,2,1580000
AR,Redfield,37,7312000
AR,Richland,2,1180000
AR,Rison,39,24756000
AR,Rogers,209,41427000
AR,Roland,8,3780000
AR,Romance,2,1320000
AR,Rose Bud,13,3568000
AR,Rosie,1,80000
AR,Royal,4,1552000
AR,Russellville,67,20124000
AR,Saffell,2,1296000
AR,Salem,11,5200000
AR,Saratoga,6,3416000
AR,Scotland,2,1220000
AR,Scott,70,20904000
AR,Scranton,1,1800000
AR,Searcy,51,15040000
AR,Sheridan,36,13944000
AR,Sherrill,4,2112000
AR,Sherwood,23,3416000
AR,Shirley,6,5376000
AR,Siloam Springs,32,10740000
AR,Sparkman,6,3884000
AR,Springdale,206,38206000
AR,Springfield,9,4708000
AR,St Joe,8,3268000
AR,St Paul,1,1000000
AR,Star City,23,15164000
AR,State University,1,88000
AR,Stephens,2,1144000
AR,Strawberry,3,2032000
AR,Strong,9,5040000
AR,Stuttgart,14,9708000
AR,Summers,2,1220000
AR,Swifton,4,3200000
AR,Texarkana,140,34202000
AR,Thornton,8,6024000
AR,Tichnor,2,1944000
AR,Tillar,10,1968000
AR,Trumann,34,7346000
AR,Turrell,45,8060000
AR,Tyronza,25,4975000
AR,Umpire,2,1120000
AR,Van Buren,131,29519000
AR,Vilonia,22,7612000
AR,Viola,4,1828000
AR,Wabbaseka,4,1408000
AR,Waldo,15,7608000
AR,Waldron,20,7904000
AR,Walnut Ridge,34,15652000
AR,Ward,16,1688000
AR,Warren,33,22024000
AR,Washington,1,120000
AR,Watson,2,1320000
AR,Weiner,1,88000
AR,Wesley,3,3396000
AR,West Fork,31,6540000
AR,West Memphis,276,66601000
AR,Western Grove,6,2940000
AR,Wheatley,67,14184000
AR,White Hall,59,21310000
AR,Wickes,7,3112000
AR,Widener,120,30553000
AR,Wilmar,2,1296000
AR,Wilmot,2,1920000
AR,Wilson,2,176000
AR,Winslow,134,29678000
AR,Witter,3,4700000
AR,Wooster,3,296000
AR,Wynne,6,1964000
AR,Yellville,7,2092000
AZ,Aguila,5,1444000
AZ,Ajo,104,17559000
AZ,Anthem,6,704000
AZ,Apache Junction,78,9233000
AZ,Arlington,1,144000
AZ,Ash Fork,146,24018000
AZ,Avondale,691,99519000
AZ,Bapchule,72,9073000
AZ,Bellemont,40,4740000
AZ,Black Canyon City,390,59926000
AZ,Bouse,20,5963000
AZ,Bowie,14,1958000
AZ,Buckeye,836,121685000
AZ,Bullhead City,108,25772000
AZ,Bylas,8,920000
AZ,Cameron,15,2996000
AZ,Camp Verde,100,18629000
AZ,Carefree,1,144000
AZ,Casa Grande,202,46063000
AZ,Cashion,7,824000
AZ,Cave Creek,35,3576000
AZ,Chambers,162,34357000
AZ,Chandler,1657,199582000
AZ,Chinle,27,10928000
AZ,Chino Valley,87,22272000
AZ,Cibola,100,21019000
AZ,Clarkdale,7,672000
AZ,Claypool,1,88000
AZ,Clifton,37,8416000
AZ,Cochise,13,3032000
AZ,Colorado City,11,5152000
AZ,Concho,42,4568000
AZ,Congress,191,49562000
AZ,Coolidge,158,35939000
AZ,Cornville,19,2203000
AZ,Cottonwood,80,13848000
AZ,Dateland,34,7752000
AZ,Dennehotso,3,264000
AZ,Dewey,106,22807000
AZ,Dolan Springs,43,5732000
AZ,Dragoon,20,6688000
AZ,Duncan,12,1256000
AZ,Eagar,9,867000
AZ,Ehrenberg,21,3585000
AZ,El Mirage,181,24055000
AZ,Eloy,122,24347000
AZ,Flagstaff,801,147545000
AZ,Florence,71,18924000
AZ,Forest Lakes,31,7508000
AZ,Fort McDowell,84,17559000
AZ,Fort Mohave,47,10672000
AZ,Fort Thomas,3,1708000
AZ,Fountain Hills,1,80000
AZ,Fredonia,29,4712000
AZ,Ganado,277,56638000
AZ,Gila Bend,140,35531000
AZ,Gilbert,326,38128000
AZ,Glendale,1685,212249000
AZ,Globe,79,16693000
AZ,Gold Canyon,58,6260000
AZ,Golden Valley,145,22003000
AZ,Goodyear,661,88718000
AZ,Grand Canyon,21,2304000
AZ,Gray Mountain,19,5224000
AZ,Greer,1,144000
AZ,Guadalupe,8,792000
AZ,Hackberry,11,5580000
AZ,Happy Jack,26,4744000
AZ,Hayden,1,88000
AZ,Heber,68,14779000
AZ,Holbrook,138,27220000
AZ,Humboldt,7,712000
AZ,Jerome,23,4112000
AZ,Joseph City,30,7935000
AZ,Kaibeto,25,7096000
AZ,Kayenta,24,2448000
AZ,Keams Canyon,10,4036000
AZ,Kearny,22,4315000
AZ,Kingman,453,79350000
AZ,Kirkland,40,6516000
AZ,Kykotsmovi Village,4,1496000
AZ,Lake Havasu City,309,64590000
AZ,Lakeside,10,2760000
AZ,Laveen,210,23687000
AZ,Leupp,2,240000
AZ,Litchfield Park,94,14805000
AZ,Littlefield,142,21558000
AZ,Luke Air Force Base,2,184000
AZ,Mammoth,2,224000
AZ,Many Farms,11,1056000
AZ,Marana,362,50351000
AZ,Marble Canyon,12,2480000
AZ,Maricopa,457,78445000
AZ,Mayer,369,60357000
AZ,Mesa,1753,204993000
AZ,Miami,45,7328000
AZ,Mohave Valley,7,720000
AZ,Morenci,8,818000
AZ,Morristown,78,8177000
AZ,Mount Lemmon,23,2440000
AZ,Mt Lemmon,10,1000000
AZ,Munds Park,40,4973000
AZ,New River,234,36768000
AZ,Nutrioso,2,264000
AZ,Oracle,21,3812000
AZ,Oro Valley,23,2588000
AZ,Overgaard,16,4110000
AZ,Page,31,6928000
AZ,Paradise Valley,78,7963000
AZ,Parker,67,12604000
AZ,Parks,15,4880000
AZ,Paulden,57,11399000
AZ,Payson,377,78584000
AZ,Peach Springs,1,80000
AZ,Peoria,768,95265000
AZ,Peridot,36,10748000
AZ,Petrified Forest Natl Pk,10,3279000
AZ,Phoenix,16259,2189096000
AZ,Picacho,39,6036000
AZ,Pima,7,3994000
AZ,Pine,33,9439000
AZ,Pinetop,4,472000
AZ,Pinetop-Lakeside,1,15000
AZ,Polacca,4,424000
AZ,Prescott,195,39913000
AZ,Prescott Valley,118,16465000
AZ,Quartzsite,109,20774000
AZ,Queen Creek,38,4120000
AZ,Red Rock,3,800000
AZ,Rimrock,91,16964000
AZ,Roll,83,11883000
AZ,Roosevelt,18,4020000
AZ,Sacaton,16,1834000
AZ,Safford,42,6956000
AZ,Sahuarita,3,256000
AZ,Saint Johns,13,1440000
AZ,Saint Michaels,6,616000
AZ,Salome,208,38196000
AZ,San Carlos,15,6348000
AZ,San Manuel,17,3592000
AZ,San Simon,61,10956000
AZ,San Tan Valley,12,4340000
AZ,Sanders,8,968000
AZ,Scottsdale,1940,229859000
AZ,Second Mesa,1,80000
AZ,Sedona,450,79659000
AZ,Seligman,129,18049000
AZ,Sells,7,1527000
AZ,Shonto,3,1168000
AZ,Show Low,165,35660000
AZ,Snowflake,19,2104000
AZ,Springerville,39,4144000
AZ,St Johns,3,195000
AZ,St Michaels,11,1152000
AZ,Stanfield,8,2051000
AZ,Sun City,239,27876000
AZ,Sun City West,98,9570000
AZ,Sun Lakes,11,976000
AZ,Sun Valley,11,1072000
AZ,Superior,74,13576000
AZ,Surprise,647,72300000
AZ,Tacna,1,96000
AZ,Taylor,8,1968000
AZ,Teec Nos Pos,50,8716000
AZ,Tempe,2956,354545000
AZ,Thatcher,6,2352000
AZ,Tolleson,405,47604000
AZ,Tonalea,15,5084000
AZ,Tonopah,303,51529000
AZ,Tonto Basin,16,3272000
AZ,Topock,12,1654000
AZ,Tortilla Flat,29,4532000
AZ,Tuba City,51,10112000
AZ,Tucson,14489,1627661000
AZ,Vail,14,1496000
AZ,Valentine,8,3572000
AZ,Waddell,30,4108000
AZ,Wellton,59,8912000
AZ,White Hills,3,336000
AZ,Whiteriver,8,3488000
AZ,Wickenburg,175,25275000
AZ,Willcox,80,14187000
AZ,Williams,314,52152000
AZ,Willow Beach,74,9762000
AZ,Window Rock,1,80000
AZ,Winkelman,34,6548000
AZ,Winslow,128,24528000
AZ,Wittmann,46,7988000
AZ,Yarnell,40,9768000
AZ,Young,1,80000
AZ,Youngtown,26,2615000
AZ,Yucca,36,6304000
AZ,Yuma,144,23334000
CA,Acampo,424,48129000
CA,Acton,905,101453000
CA,Adelanto,192,22836000
CA,Adin,13,1440000
CA,Agoura Hills,428,45262000
CA,Ahwahnee,59,6928000
CA,Alameda,27,2848000
CA,Alamo,668,95519000
CA,Albany,19,2088000
CA,Albion,59,6208000
CA,Alderpoint,24,2511000
CA,Alhambra,1107,167780000
CA,Aliso Viejo,145,16608000
CA,Alleghany,2,100000
CA,Alpaugh,9,816000
CA,Alpine Meadows,8,792000
CA,Alta,493,65828000
CA,Altadena,452,49378000
CA,Alturas,99,11316000
CA,Alviso,33,3915000
CA,Amador City,4,424000
CA,American Canyon,372,47644000
CA,Anaheim,6751,762585000
CA,Anaheim-Santa Ana-Garden Grove,2,168000
CA,Anderson,418,46786000
CA,Angels Camp,151,16016000
CA,Angwin,57,7550000
CA,Annapolis,20,2112000
CA,Antelope,560,58772000
CA,Antioch,669,72496000
CA,Apple Valley,417,51859000
CA,Applegate,87,13835000
CA,Aptos,721,76147000
CA,Arbuckle,185,23322000
CA,Arcadia,748,104485000
CA,Arcata,276,29985000
CA,Arleta,67,8457000
CA,Armona,86,8746000
CA,Arnold,192,20490000
CA,Aromas,236,28330000
CA,Arroyo Grande,517,56352000
CA,Artesia,238,25085000
CA,Artois,7,728000
CA,Arvin,389,49673000
CA,Atascadero,242,25627000
CA,Atherton,41,4546000
CA,Atwater,783,83453000
CA,Auberry,156,16647000
CA,Auburn,1262,146258000
CA,Avenal,133,16150000
CA,Avery,6,592000
CA,Avila Beach,60,6218000
CA,Azusa,1466,209609000
CA,Badger,18,2112000
CA,Bakersfield,9034,1011868000
CA,Baldwin Park,2922,435399000
CA,Ballico,53,5618000
CA,Bangor,31,3311000
CA,Barstow,360,45219000
CA,Bass Lake,48,5035000
CA,Bay Point,217,21849000
CA,Bayside,32,3336000
CA,Beale AFB,5,488000
CA,Beaumont,3,288000
CA,Beckwourth,24,5436000
CA,Belden,24,2328000
CA,Bell,16,1760000
CA,Bell Canyon,8,824000
CA,Bell Gardens,1323,165597000
CA,Bella Vista,162,18424000
CA,Bellflower,891,99634000
CA,Belmont,268,33278000
CA,Belvedere Tiburon,44,4451000
CA,Belvedere-Tiburon,7,586000
CA,Ben Lomond,174,19280000
CA,Benicia,419,61444000
CA,Benton,22,2304000
CA,Berkeley,1781,262381000
CA,Berry Creek,68,7412000
CA,Bethel Island,33,3496000
CA,Beverly Hills,14,1556000
CA,Bieber,2,288000
CA,Big Bar,26,2712000
CA,Big Bear City,41,5616000
CA,Big Oak Flat,4,2080000
CA,Big Pine,74,7720000
CA,Big Sur,218,22915000
CA,Biggs,86,9982000
CA,Biola,10,1032000
CA,Birds Landing,13,1416000
CA,Birds Lndg,1,120000
CA,Bishop,409,42807000
CA,Blairsden Graeagle,74,8168000
CA,Blairsden-Graeagle,7,752000
CA,Blocksburg,6,648000
CA,Bloomington,1682,205006000
CA,Blue Jay,24,2608000
CA,Blue Lake,167,17614000
CA,Blythe,262,30788000
CA,Bodega,16,1592000
CA,Bodega Bay,129,13084000
CA,Bodfish,61,6640000
CA,Bolinas,43,4322000
CA,Bonita,50,8281000
CA,Bonsall,314,34187000
CA,Boonville,31,3424000
CA,Boron,124,14412000
CA,Boulder Creek,316,34942000
CA,Bradley,131,14283000
CA,Branscomb,7,768000
CA,Brea,1073,114469000
CA,Brentwood,571,69221000
CA,Bridgeport,76,9096000
CA,Bridgeville,97,10147000
CA,Briones,4,368000
CA,Brisbane,150,15681000
CA,Brookdale,12,1272000
CA,Brooks,13,1512000
CA,Browns Valley,138,15962000
CA,Brownsville,53,5416000
CA,Buellton,84,9208000
CA,Buena Park,1314,166378000
CA,Burbank,1498,202957000
CA,Burlingame,435,53147000
CA,Burney,151,22892000
CA,Burnt Ranch,55,5616000
CA,Burson,9,856000
CA,Butte City,25,2603000
CA,Buttonwillow,302,36914000
CA,Byron,328,36549000
CA,Calabasas,584,63656000
CA,Caliente,172,19376000
CA,California City,36,3912000
CA,California Hot Springs,57,10380000
CA,Calimesa,56,7218000
CA,Calistoga,393,50224000
CA,Callahan,10,1080000
CA,Calpine,37,3936000
CA,Camarillo,935,101384000
CA,Cambria,163,18290000
CA,Cameron Park,127,13042000
CA,Camino,173,18296000
CA,Camp Meeker,12,1216000
CA,Camp Pendleton,372,48787000
CA,Camp Pendleton Marine Corps Base,177,23064000
CA,Campbell,228,24105000
CA,Campo Seco,2,168000
CA,Camptonville,51,5488000
CA,Canby,58,8816000
CA,Canoga Park,49,8708000
CA,Cantil,75,8828000
CA,Cantua Creek,30,3320000
CA,Canyon,6,696000
CA,Canyon Country,578,64572000
CA,Canyon Dam,10,1120000
CA,Canyondam,3,336000
CA,Capay,42,4291000
CA,Capistrano Beach,129,18080000
CA,Capitola,176,18331000
CA,Cardiff by the Sea,314,39895000
CA,Carlotta,75,7776000
CA,Carlsbad,1216,153826000
CA,Carmel,463,48069000
CA,Carmel Valley,167,16996000
CA,Carmel-by-the-Sea,112,13692000
CA,Carmichael,958,100517000
CA,Carnelian Bay,38,3986000
CA,Carpinteria,506,58543000
CA,Carson,1622,228324000
CA,Caruthers,220,23126000
CA,Casmalia,29,3160000
CA,Caspar,19,5142000
CA,Cassel,18,1968000
CA,Castaic,1086,147500000
CA,Castella,96,11392000
CA,Castro Valley,1814,217181000
CA,Castroville,465,47990000
CA,Catheys Valley,78,8138000
CA,Cayucos,101,10375000
CA,Cazadero,70,7626000
CA,Cedar Glen,38,3976000
CA,Cedarpines Park,71,9120000
CA,Cedarville,40,4144000
CA,Central Coast,1,144000
CA,Central Contra Costa,13,2369000
CA,Ceres,554,61540000
CA,Cerritos,1640,205751000
CA,Challenge,17,3440000
CA,Chatsworth,417,48518000
CA,Chester,66,7048000
CA,Chico,761,81056000
CA,Chilcoot,26,2864000
CA,Chino,1772,191465000
CA,Chino Hills,298,32901000
CA,Chowchilla,412,47948000
CA,Chualar,31,2905000
CA,Chula Vista,637,81929000
CA,Citrus Heights,549,62747000
CA,City Of Industry,597,64131000
CA,Claremont,886,120525000
CA,Clarksburg,97,9963000
CA,Clayton,76,8513000
CA,Clearlake,69,7496000
CA,Clearlake Oaks,248,27112000
CA,Clements,59,6200000
CA,Clio,12,1160000
CA,Clipper Mills,5,496000
CA,Cloverdale,213,25289000
CA,Clovis,599,66615000
CA,Coalinga,394,50189000
CA,Coarsegold,357,37903000
CA,Cobb,28,3202000
CA,Coleville,136,17184000
CA,Colfax,383,47875000
CA,Colma,8,816000
CA,Coloma,2,240000
CA,Colton,2510,339168000
CA,Columbia,51,5244000
CA,Colusa,168,19407000
CA,Commerce,478,55132000
CA,Comptche,33,3488000
CA,Compton,2140,239413000
CA,Concord,1410,159014000
CA,Cool,107,11040000
CA,Copperopolis,159,20047000
CA,Corcoran,173,22207000
CA,Corning,476,52314000
CA,Corona,5929,710705000
CA,Corona Del Mar,29,3296000
CA,Coronado,134,14341000
CA,Corte Madera,189,19679000
CA,Costa Mesa,1849,234068000
CA,Cotati,201,22505000
CA,Cottonwood,432,48647000
CA,Coulterville,114,12033000
CA,Courtland,35,3728000
CA,Covelo,139,14304000
CA,Covina,957,121784000
CA,Coyote,73,7764000
CA,Crescent City,585,69520000
CA,Crescent Mills,8,1680000
CA,Crestline,385,52830000
CA,Creston,48,4895000
CA,Crockett,189,32767000
CA,Crows Landing,123,14478000
CA,Cudahy,4,408000
CA,Culver City,1150,182463000
CA,Cupertino,571,69612000
CA,Cutler,166,34070000
CA,Cuyama,6,592000
CA,Cypress,23,2504000
CA,Daly City,614,91319000
CA,Dana Point,94,9616000
CA,Danville,663,93540000
CA,Davenport,28,2960000
CA,Davis,776,100425000
CA,Davis Creek,24,2560000
CA,Death Valley,39,4128000
CA,Deer Park,5,568000
CA,Del Mar,308,40333000
CA,Del Rey,96,9998000
CA,Delano,630,70390000
CA,Delhi,419,44739000
CA,Denair,156,17504000
CA,Diablo,8,848000
CA,Diamond Bar,2045,223360000
CA,Diamond Springs,121,12331000
CA,Dillon Beach,8,848000
CA,Dinuba,355,37228000
CA,Discovery Bay,193,24308000
CA,Dixon,880,113556000
CA,Dobbins,39,4128000
CA,Dorris,48,5240000
CA,Dos Palos,292,31844000
CA,Dos Rios,45,4712000
CA,Douglas City,75,7720000
CA,Downey,2110,310704000
CA,Downieville,9,1924000
CA,Doyle,184,25144000
CA,Drytown,11,1248000
CA,Duarte,583,80759000
CA,Dublin,636,92272000
CA,Ducor,28,4412000
CA,Duncans Mills,13,1480000
CA,Dunlap,33,3968000
CA,Dunnigan,95,10108000
CA,Dunsmuir,150,17176000
CA,Durham,104,10568000
CA,Dutch Flat,125,19755000
CA,Earlimart,405,43228000
CA,Earp,50,5424000
CA,East Kern,2,184000
CA,East Palo Alto,23,2250000
CA,East Rancho Dominguez,3,360000
CA,East San Gabriel Valley,5,788000
CA,East Sierra,6,640000
CA,East Tehama,38,4088000
CA,Echo Lake,87,11904000
CA,Edwards,140,14969000
CA,El Cerrito,109,14633000
CA,El Dorado,139,14803000
CA,El Dorado Hills,583,62294000
CA,El Granada,11,1168000
CA,El Macero,4,456000
CA,El Monte,1329,197026000
CA,El Nido,55,6831000
CA,El Portal,10,1032000
CA,El Segundo,209,26688000
CA,El Sobrante,394,42987000
CA,Elk,29,3112000
CA,Elk Creek,9,920000
CA,Elk Grove,1324,152595000
CA,Elmira,1,120000
CA,Elverta,177,18648000
CA,Emerald Hills,15,1496000
CA,Emeryville,1274,202884000
CA,Emigrant Gap,77,8600000
CA,Empire,12,1080000
CA,Encinitas,715,96889000
CA,Encino,1253,141564000
CA,Escalon,297,34098000
CA,Escondido,2127,263112000
CA,Esparto,110,13786000
CA,Etna,42,4906000
CA,Eureka,509,54002000
CA,Exeter,328,34055000
CA,Fair Oaks,1321,138297000
CA,Fairfax,43,4538000
CA,Fairfield,1945,270780000
CA,Fall River Mills,40,4232000
CA,Fallbrook,1840,212277000
CA,Farmersville,19,1904000
CA,Farmington,99,10462000
CA,Fellows,36,4664000
CA,Felton,211,25271000
CA,Ferndale,71,7576000
CA,Fiddletown,38,3880000
CA,Fields Landing,2,232000
CA,Fillmore,247,29936000
CA,Firebaugh,337,44063000
CA,Fish Camp,28,2848000
CA,Five Points,51,5504000
CA,Floriston,266,37749000
CA,Flournoy,1,88000
CA,Folsom,240,25646000
CA,Fontana,3298,407980000
CA,Foothill Ranch,60,6136000
CA,Forbestown,16,1560000
CA,Forest Knolls,7,736000
CA,Forest Ranch,88,16640000
CA,Foresthill,166,17123000
CA,Forestville,178,19178000
CA,Forks of Salmon,14,1496000
CA,Fort Bidwell,2,264000
CA,Fort Bragg,276,31591000
CA,Fort Jones,56,5912000
CA,Fortuna,168,18719000
CA,Foster City,13,1376000
CA,Fountain Valley,773,110851000
CA,Fowler,381,43676000
CA,Frazier Park,154,16029000
CA,Freedom,56,5702000
CA,Fremont,2760,377191000
CA,French Camp,419,52480000
CA,French Gulch,108,17527000
CA,Fresno,6627,716708000
CA,Friant,186,19034000
CA,Fullerton,1290,141678000
CA,Fulton,81,8257000
CA,Galt,661,78718000
CA,Garberville,180,20355000
CA,Garden Grove,1965,208599000
CA,Garden Valley,63,6536000
CA,Gardena,2609,372264000
CA,Gasquet,121,17780000
CA,Gazelle,10,1088000
CA,Georgetown,107,13024000
CA,Gerber,156,17445000
CA,Geyserville,161,16341000
CA,Gilroy,1240,144298000
CA,Glen Ellen,129,14691000
CA,Glencoe,10,896000
CA,Glendale,1176,144882000
CA,Glendora,1516,208680000
CA,Glenhaven,31,3208000
CA,Glenn,60,8098000
CA,Glennville,17,1800000
CA,Gold River,46,4904000
CA,Gold Run,58,7629000
CA,Goleta,640,74460000
CA,Gonzales,214,22771000
CA,Goodyears Bar,8,768000
CA,Granada Hills,690,91275000
CA,Grand Terrace,456,57862000
CA,Granite Bay,292,30363000
CA,Grass Valley,1056,119791000
CA,Graton,10,1024000
CA,Green Valley Lake,18,2056000
CA,Greenbrae,202,20611000
CA,Greenfield,190,22982000
CA,Greenville,81,12604000
CA,Greenwood,22,2280000
CA,Grenada,60,6763000
CA,Gridley,183,18663000
CA,Grimes,2,168000
CA,Grizzly Flats,21,2064000
CA,Groveland,201,22422000
CA,Grover Beach,4,408000
CA,Guadalupe,22,4624000
CA,Gualala,85,8748000
CA,Guerneville,173,17566000
CA,Guinda,6,560000
CA,Gustine,488,59917000
CA,Hacienda Heights,2152,229838000
CA,Half Moon Bay,326,43461000
CA,Hamilton City,38,3960000
CA,Hanford,877,95319000
CA,Happy Camp,55,5728000
CA,Harbor City,394,42472000
CA,Harmony,12,1312000
CA,Hat Creek,25,3772000
CA,Hawaiian Gardens,46,7022000
CA,Hawthorne,1247,191780000
CA,Hayfork,159,16242000
CA,Hayward,3741,513357000
CA,Healdsburg,308,39935000
CA,Helendale,215,24066000
CA,Helm,5,544000
CA,Hemet,171,17652000
CA,Herald,92,9759000
CA,Hercules,267,34668000
CA,Herlong,28,2920000
CA,Hermosa Beach,7,706000
CA,Hesperia,1588,231587000
CA,Hickman,48,5008000
CA,Hidden Valley Lake,44,4832000
CA,Highland,455,53547000
CA,Hillsborough,4,408000
CA,Hilmar,228,29856000
CA,Hinkley,84,9288000
CA,Hollister,1039,114525000
CA,Homeland,250,25739000
CA,Homewood,24,2552000
CA,Hood,3,328000
CA,Hoopa,123,12760000
CA,Hopland,243,26076000
CA,Hornbrook,170,19132000
CA,Hornitos,2,208000
CA,Hughson,185,18924000
CA,Hume,2,240000
CA,Huntington Beach,379,56834000
CA,Huntington Park,879,90909000
CA,Huron,276,33923000
CA,Hyampom,4,392000
CA,Hydesville,41,4488000
CA,Igo,39,4096000
CA,Imperial Beach,14,1432000
CA,Independence,72,7496000
CA,Inglewood,2266,305837000
CA,Inverness,30,3040000
CA,Inyokern,129,14507000
CA,Ione,220,22522000
CA,Iowa Hill,1,80000
CA,Irvine,3229,437209000
CA,Irwindale,8,1052000
CA,Isleton,595,68551000
CA,Ivanhoe,67,7050000
CA,Jackson,204,21736000
CA,Jamestown,408,43525000
CA,Janesville,85,8642000
CA,Jenner,104,12863000
CA,Johannesburg,24,2440000
CA,Jolon,2,184000
CA,Junction City,53,7240000
CA,June Lake,108,11134000
CA,Jurupa Valley,1124,119308000
CA,Keene,145,21196000
CA,Kelseyville,300,32105000
CA,Kensington,3,280000
CA,Kentfield,51,5394000
CA,Kenwood,37,3920000
CA,Kerman,365,39759000
CA,Kernville,43,4776000
CA,Kettleman City,324,40944000
CA,Keyes,54,5808000
CA,King City,424,50625000
CA,Kings Beach,146,17276000
CA,Kings Canyon National Pk,9,1016000
CA,Kingsburg,544,60316000
CA,Kirkwood,4,376000
CA,Klamath,174,19928000
CA,Klamath River,68,6944000
CA,Kneeland,24,2576000
CA,Knights Landing,106,13924000
CA,Knightsen,3,328000
CA,Korbel,14,1472000
CA,Kyburz,126,14668000
CA,La Canada Flintridge,431,58940000
CA,La Crescenta,312,39585000
CA,La Grange,164,17515000
CA,La Habra,40,4344000
CA,La Habra Heights,4,448000
CA,La Honda,94,11882000
CA,La Jolla,520,62672000
CA,La Mirada,260,33861000
CA,La Palma,225,23352000
CA,La Puente,2311,277934000
CA,La Verne,298,34193000
CA,Ladera Ranch,286,32789000
CA,Lafayette,528,56747000
CA,Laguna Beach,92,9616000
CA,Laguna Hills,612,94643000
CA,Laguna Niguel,449,62042000
CA,Laguna Woods,12,1216000
CA,Lagunitas,14,1504000
CA,Lake Arrowhead,227,26603000
CA,Lake City,8,872000
CA,Lake Elsinore,1149,137985000
CA,Lake Forest,510,67644000
CA,Lake Hughes,71,7296000
CA,Lake Isabella,174,21552000
CA,Lake Sherwood,4,440000
CA,Lakehead,371,42583000
CA,Lakeport,296,30587000
CA,Lakeshore,6,648000
CA,Lakewood,166,23019000
CA,Lamont,261,28256000
CA,Lancaster,1330,169421000
CA,Larkspur,98,10597000
CA,Lathrop,670,82926000
CA,Laton,143,17008000
CA,Lawndale,391,56340000
CA,Laytonville,153,16040000
CA,Le Grand,107,11141000
CA,Lebec,1236,169767000
CA,Lee Vining,89,16035000
CA,Leggett,112,12128000
CA,Lemon Cove,37,3828000
CA,Lemoore,501,57016000
CA,Leona Valley,40,4440000
CA,Lewiston,131,15931000
CA,Likely,12,1144000
CA,Lincoln,369,41837000
CA,Linden,225,24035000
CA,Lindsay,320,34711000
CA,Litchfield,19,1936000
CA,Little River,42,4387000
CA,Littlerock,390,45585000
CA,Live Oak,184,20044000
CA,Livermore,2341,313940000
CA,Livingston,343,38426000
CA,Llano,216,25364000
CA,Lockeford,94,11120000
CA,Lockwood,26,2747000
CA,Lodi,1143,125364000
CA,Loleta,102,11867000
CA,Loma Linda,182,21973000
CA,Loma Mar,11,984000
CA,Lomita,3,304000
CA,Lompoc,463,54385000
CA,Lone Pine,150,15552000
CA,Long Barn,66,6792000
CA,Long Beach,5964,877062000
CA,Lookout,42,4192000
CA,Loomis,205,25650000
CA,Los Alamitos,517,70753000
CA,Los Alamos,61,6157000
CA,Los Altos,304,41219000
CA,Los Altos Hills,22,2288000
CA,Los Angeles,48713,6462446000
CA,Los Banos,670,73840000
CA,Los Gatos,1638,190259000
CA,Los Molinos,106,11000000
CA,Los Olivos,57,6047000
CA,Los Osos,164,16789000
CA,Lost Hills,591,77179000
CA,Lotus,44,4448000
CA,Lower Lake,221,23691000
CA,Loyalton,18,3468000
CA,Lucerne,129,13360000
CA,Lucerne Valley,2,240000
CA,Lynwood,1272,197318000
CA,Lytle Creek,27,2976000
CA,Macdoel,84,10368000
CA,Mad River,33,3584000
CA,Madeline,18,1912000
CA,Madeline Plains,14,1264000
CA,Madera,2203,243398000
CA,Madison,25,2952000
CA,Magalia,220,23362000
CA,Malibu,663,82997000
CA,Mammoth Lakes,165,17661000
CA,Manchester,26,2768000
CA,Manhattan Beach,59,6248000
CA,Manteca,1019,109848000
CA,Manton,14,1392000
CA,March Air Reserve Base,383,51214000
CA,Maricopa,130,13355000
CA,Marina,146,15828000
CA,Marina del Rey,268,28411000
CA,Mariposa,349,35983000
CA,Markleeville,152,16376000
CA,Marshall,28,2840000
CA,Martinez,1156,142305000
CA,Marysville,1021,119196000
CA,Mather,50,5568000
CA,Maxwell,84,10149000
CA,Maywood,28,2872000
CA,Mc Farland,255,28420000
CA,Mc Kittrick,44,5787000
CA,McArthur,209,23420000
CA,McClellan,84,9208000
CA,McCloud,110,15008000
CA,McFarland,104,10994000
CA,McKinleyville,323,33939000
CA,McKittrick,21,2232000
CA,Meadow Valley,2,176000
CA,Meadow Vista,65,6794000
CA,Mendocino,63,6562000
CA,Mendota,282,39314000
CA,Menifee,646,79721000
CA,Menlo Park,554,57561000
CA,Mentone,187,19698000
CA,Merced,1374,149271000
CA,Meridian,82,16804000
CA,Mi Wuk Village,74,7744000
CA,Middletown,231,26661000
CA,Midpines,38,4048000
CA,Midway City,126,12842000
CA,Milford,47,4816000
CA,Mill Creek,78,15199000
CA,Mill Valley,603,68852000
CA,Millbrae,252,30192000
CA,Millville,56,7140000
CA,Milpitas,809,111245000
CA,Mineral,29,3320000
CA,Mira Loma,1706,211515000
CA,Miramonte,30,3168000
CA,Miranda,1,88000
CA,Mission Hills,834,115603000
CA,Mission Viejo,1394,179272000
CA,Mi-Wuk Village,1,120000
CA,Modesto,3298,360506000
CA,Mojave,568,69013000
CA,Mokelumne Hill,162,17072000
CA,Monrovia,750,110869000
CA,Montague,280,31528000
CA,Montara,34,3536000
CA,Montclair,888,130316000
CA,Monte Rio,63,6768000
CA,Monte Sereno,1,120000
CA,Montebello,438,46691000
CA,Monterey,370,39558000
CA,Monterey Park,662,85310000
CA,Montgomery Creek,75,7872000
CA,Montrose,130,20938000
CA,Moorpark,408,54085000
CA,Moraga,3,384000
CA,Moreno Valley,2058,231666000
CA,Morgan Hill,1073,120901000
CA,Morro Bay,103,10895000
CA,Moss Beach,106,11589000
CA,Moss Landing,246,26848000
CA,Mount Hamilton,57,5914000
CA,Mount Hermon,3,296000
CA,Mount Shasta,315,37672000
CA,Mountain Ranch,43,4512000
CA,Mountain View,1265,134119000
CA,Mt Aukum,1,88000
CA,Mt Baldy,106,13630000
CA,Mt Hamilton,6,544000
CA,Mt Hermon,6,592000
CA,Mt Shasta,58,6936000
CA,Mt Wilson,115,12170000
CA,Muir Beach,20,3444000
CA,Murphys,138,14088000
CA,Murrieta,1376,163078000
CA,Myers Flat,172,23448000
CA,Napa,1792,198719000
CA,National City,1276,164228000
CA,Needles,244,32097000
CA,Nevada City,586,68332000
CA,New Cuyama,58,5992000
CA,Newark,986,133884000
CA,Newbury Park,410,45070000
CA,Newcastle,358,41082000
CA,Newhall,1422,177304000
CA,Newman,187,23341000
CA,Newport Beach,266,31015000
CA,Newport Coast,22,2368000
CA,Nicasio,89,10870000
CA,Nice,109,11292000
CA,Nicolaus,141,17668000
CA,Nipomo,610,65520000
CA,Norco,459,59698000
CA,Norden,278,35486000
CA,North Antelope Valley,13,1212000
CA,North Coastal,1,120000
CA,North El Dorado,12,1232000
CA,North Fork,86,9128000
CA,North Highlands,1097,122117000
CA,North Hills,613,85148000
CA,North Hollywood,1649,186040000
CA,North San Juan,49,7152000
CA,Northridge,25,2776000
CA,Norwalk,1812,256321000
CA,Novato,739,77110000
CA,Nuevo,302,32504000
CA,O Neals,37,3904000
CA,Oak Hills,111,11800000
CA,Oak Park,63,6776000
CA,Oak Run,36,3504000
CA,Oak View,92,9650000
CA,Oakdale,561,70763000
CA,Oakhurst,305,32234000
CA,Oakland,6103,916769000
CA,Oakley,112,11357000
CA,Occidental,59,6180000
CA,Oceano,125,13240000
CA,Oceanside,1150,144531000
CA,Ojai,398,42508000
CA,Olancha,19,2423000
CA,Old Station,75,9828000
CA,Olivehurst,526,57670000
CA,Olympic Valley,40,4443000
CA,Oneals,4,472000
CA,Ono,2,208000
CA,Ontario,6552,896403000
CA,Onyx,56,5704000
CA,Orange,2398,270058000
CA,Orange Cove,128,12878000
CA,Orangevale,501,52039000
CA,Orcutt,5,552000
CA,Oregon House,40,4120000
CA,Orick,122,12506000
CA,Orinda,547,57816000
CA,Orland,309,36220000
CA,Orleans,18,2980000
CA,Oro Grande,72,8784000
CA,Orosi,225,25875000
CA,Oroville,1445,159454000
CA,Oxnard,1047,113240000
CA,Pacheco,25,2531000
CA,Pacific Grove,9,920000
CA,Pacific Palisades,34,5812000
CA,Pacifica,152,21241000
CA,Pacoima,1443,221190000
CA,Paicines,70,7488000
CA,Pala,192,23514000
CA,Palermo,54,5624000
CA,Palmdale,1607,181771000
CA,Palo Alto,998,108381000
CA,Palo Cedro,97,10256000
CA,Palos Verdes Peninsula,27,5476000
CA,Panorama City,23,2480000
CA,Paradise,100,11307000
CA,Paramount,1122,156286000
CA,Parker Dam,11,1080000
CA,Parlier,119,12500000
CA,Pasadena,2887,379889000
CA,Paskenta,2,232000
CA,Paso Robles,656,70729000
CA,Patterson,437,48986000
CA,Paynes Creek,49,6704000
CA,Pearblossom,38,5907000
CA,Pebble Beach,159,16414000
CA,Penn Valley,168,17938000
CA,Penngrove,183,21911000
CA,Penryn,126,14398000
CA,Perris,2069,244595000
CA,Pescadero,84,9464000
CA,Petaluma,1502,166804000
CA,Petrolia,6,696000
CA,Phelan,1091,135063000
CA,Philo,62,6535000
CA,Pico Rivera,225,27555000
CA,Piedmont,6,664000
CA,Piercy,72,9048000
CA,Pilot Hill,36,3832000
CA,Pine Grove,113,12345000
CA,Pine Mountain Club,23,2384000
CA,Pinecrest,19,2104000
CA,Pinole,381,60763000
CA,Pinon Hills,173,18462000
CA,Pioneer,291,30442000
CA,Piru,71,7618000
CA,Pismo Beach,244,25916000
CA,Pittsburg,1215,130672000
CA,Pixley,251,30423000
CA,Placentia,206,22280000
CA,Placerville,1105,121415000
CA,Planada,54,5576000
CA,Platina,38,3826000
CA,Playa del Rey,10,1016000
CA,Playa Vista,7,736000
CA,Pleasant Grove,185,23496000
CA,Pleasant Hill,505,69293000
CA,Pleasanton,1288,191429000
CA,Plumas Lake,25,2776000
CA,Plymouth,150,17068000
CA,Point Arena,45,5176000
CA,Point Mugu Nawc,19,2343000
CA,Point Reyes Station,55,5713000
CA,Pollock Pines,329,37836000
CA,Pomona,2848,341905000
CA,Pope Valley,71,7374000
CA,Port Costa,7,808000
CA,Port Hueneme,5,456000
CA,Porter Ranch,250,28076000
CA,Porterville,839,94604000
CA,Portola,71,10340000
CA,Portola Valley,76,9848000
CA,Posey,13,1360000
CA,Potter Valley,41,4176000
CA,Poway,2,240000
CA,Prather,98,17607000
CA,Princeton,33,3584000
CA,Proberta,1,88000
CA,Quincy,251,29132000
CA,Rackerby,7,600000
CA,Ragged Point,4,368000
CA,Rail Road Flat,8,736000
CA,Raisin City,12,1328000
CA,Rancho Cordova,743,80199000
CA,Rancho Cucamonga,1980,233375000
CA,Rancho Dominguez,10,1040000
CA,Rancho Murieta,13,1424000
CA,Rancho Palos Verdes,4,352000
CA,Rancho Santa Fe,291,30274000
CA,Rancho Santa Margarita,180,19037000
CA,Randsburg,10,1048000
CA,Ravendale,4,376000
CA,Raymond,53,5888000
CA,Red Bluff,527,59309000
CA,Red Mountain,1,96000
CA,Redcrest,50,5455000
CA,Redding,854,106910000
CA,Redlands,2263,289145000
CA,Redondo Beach,258,38203000
CA,Redway,51,5412000
CA,Redwood City,1586,185720000
CA,Redwood Valley,146,18735000
CA,Reedley,407,42404000
CA,Rescue,88,10324000
CA,Reseda,58,5872000
CA,Rialto,649,75737000
CA,Richgrove,3,384000
CA,Richmond,1662,242395000
CA,Ridgecrest,273,30892000
CA,Rimforest,27,2968000
CA,Rio Dell,29,4160000
CA,Rio Linda,388,42002000
CA,Rio Nido,5,504000
CA,Rio Oso,50,5280000
CA,Rio Vista,342,47648000
CA,Ripon,551,57577000
CA,Riverbank,78,8016000
CA,Riverdale,231,24515000
CA,Riverside,8257,986309000
CA,Rocklin,349,39527000
CA,Rodeo,327,38758000
CA,Rohnert Park,242,25880000
CA,Rolling Hills Estates,2,216000
CA,Rosamond,580,62606000
CA,Rosemead,689,89868000
CA,Roseville,1248,150840000
CA,Ross,8,808000
CA,Ross Valley,63,10504000
CA,Rough and Ready,47,4932000
CA,Rowland Heights,2648,284896000
CA,Royal Oaks,412,45423000
CA,Rumsey,7,736000
CA,Running Springs,451,56026000
CA,Rutherford,2,168000
CA,Sacramento,21287,2422489000
CA,Saint Helena,239,31251000
CA,Salida,409,47966000
CA,Salinas,2699,294014000
CA,Salyer,70,6938000
CA,Samoa,20,2080000
CA,San Andreas,197,20976000
CA,San Anselmo,31,3496000
CA,San Ardo,108,11325000
CA,San Bernardino,7426,982854000
CA,San Bruno,456,63298000
CA,San Carlos,311,33548000
CA,San Clemente,807,111570000
CA,San Diego,19173,2314885000
CA,San Dimas,1063,137372000
CA,San Fernando,325,53490000
CA,San Fernando Valley,1,450000
CA,San Francisco,5086,707480000
CA,San Gabriel,434,60693000
CA,San Geronimo,12,1176000
CA,San Gregorio,30,3047000
CA,San Joaquin,49,5168000
CA,San Jose,9094,1136041000
CA,San Juan Bautista,589,64546000
CA,San Juan Capistrano,947,120429000
CA,San Leandro,2132,285399000
CA,San Lorenzo,911,106186000
CA,San Lucas,4,408000
CA,San Luis Obispo,669,72454000
CA,San Marcos,1035,109073000
CA,San Marino,39,5184000
CA,San Martin,416,45608000
CA,San Mateo,1686,183398000
CA,San Miguel,145,15113000
CA,San Pablo,1085,153364000
CA,San Pedro,401,54713000
CA,San Quentin,95,18828000
CA,San Rafael,1097,121747000
CA,San Ramon,294,42527000
CA,San Simeon,55,5458000
CA,San Ysidro,72,8150000
CA,Sanger,639,66502000
CA,Santa Ana,3082,380682000
CA,Santa Barbara,1675,213968000
CA,Santa Clara,567,61122000
CA,Santa Clarita,744,85659000
CA,Santa Cruz,1528,173217000
CA,Santa Fe Springs,1320,188896000
CA,Santa Margarita,226,23748000
CA,Santa Maria,1367,146804000
CA,Santa Monica,1362,187283000
CA,Santa Paula,439,48195000
CA,Santa Rosa,2763,318028000
CA,Santa Rosa Valley,30,3048000
CA,Santa Ynez,216,28038000
CA,Saratoga,273,29166000
CA,Sausalito,472,53620000
CA,Scotia,67,9192000
CA,Scott Bar,1,96000
CA,Scotts Valley,295,32180000
CA,Seal Beach,902,125292000
CA,Seaside,206,23403000
CA,Sebastopol,540,62377000
CA,Seiad Valley,17,1752000
CA,Selma,593,69373000
CA,Sequoia National Park,3,312000
CA,Shafter,169,20667000
CA,Shandon,137,18700000
CA,Shasta,18,1872000
CA,Shasta Lake,39,4128000
CA,Shaver Lake,182,18701000
CA,Sheep Ranch,4,344000
CA,Sheridan,50,5251000
CA,Sherman Oaks,2647,330879000
CA,Shingle Springs,531,58150000
CA,Shingletown,147,18296000
CA,Sierra City,14,1538000
CA,Sierra Madre,2,224000
CA,Sierraville,63,8168000
CA,Signal Hill,114,18109000
CA,Silverado,124,16308000
CA,Simi Valley,521,57983000
CA,Skyforest,28,3916000
CA,Sloughhouse,177,20992000
CA,Smartsville,82,10347000
CA,Smith River,104,10496000
CA,Snelling,89,9224000
CA,Soda Springs,354,55268000
CA,Solana Beach,171,20946000
CA,Soledad,339,35856000
CA,Solvang,101,10197000
CA,Somerset,120,12792000
CA,Somes Bar,10,1208000
CA,Somis,327,46066000
CA,Sonoma,867,92985000
CA,Sonora,738,86826000
CA,Soquel,327,33872000
CA,Soulsbyville,51,6072000
CA,South El Dorado,3,296000
CA,South El Monte,772,92827000
CA,South Gate,841,116960000
CA,South Lake Tahoe,397,46340000
CA,South Pasadena,209,21978000
CA,South San Francisco,568,69183000
CA,Southeast Marin,10,944000
CA,Spreckels,8,864000
CA,Springville,110,12416000
CA,Springville-Johnsondale,3,304000
CA,Squaw Valley,121,13245000
CA,St Helena,26,2514000
CA,Standish,4,400000
CA,Stanford,54,5800000
CA,Stanton,129,13560000
CA,Stevenson Ranch,187,18912000
CA,Stevinson,140,15054000
CA,Stewarts Point,2,216000
CA,Stinson Beach,45,4611000
CA,Stockton,4093,465646000
CA,Stonyford,32,3048000
CA,Stratford,95,9932000
CA,Strathmore,190,20371000
CA,Strawberry Valley,13,1384000
CA,Studio City,314,36436000
CA,Suisun City,102,14301000
CA,Sultana,8,776000
CA,Summerland,176,18320000
CA,Sun City,64,7885000
CA,Sun Valley,1120,172136000
CA,Sunland,157,20965000
CA,Sunnyvale,863,93088000
CA,Sunol,1149,165305000
CA,Sunset Beach,2,232000
CA,Surfside,1,120000
CA,Susanville,384,47328000
CA,Sutter,95,10972000
CA,Sutter Creek,83,8565000
CA,Sylmar,2205,348729000
CA,Taft,273,30299000
CA,Tahoe City,239,25226000
CA,Tahoe Vista,36,5224000
CA,Tahoma,25,2856000
CA,Tarzana,464,49522000
CA,Taylorsville,6,704000
CA,Tehachapi,716,87778000
CA,Tehama,2,168000
CA,Tejon Ranch,1,80000
CA,Temecula,1290,167547000
CA,Temple City,26,2640000
CA,Templeton,341,35031000
CA,Termo,52,6524000
CA,Terra Bella,167,18749000
CA,The Sea Ranch,20,2160000
CA,Thornton,36,3970000
CA,Thousand Oaks,332,40113000
CA,Three Rivers,60,6344000
CA,Tipton,204,22856000
CA,Tollhouse,58,6256000
CA,Toluca Lake,15,1640000
CA,Tomales,26,2679000
CA,Topanga,181,19644000
CA,Topaz,25,2792000
CA,Torrance,1795,228171000
CA,Trabuco Canyon,149,18329000
CA,Tracy,3031,374786000
CA,Tranquillity,51,5699000
CA,Traver,18,1872000
CA,Travis AFB,2,264000
CA,Travis Air Force Base,3,296000
CA,Tres Pinos,21,2344000
CA,Trinidad,188,19883000
CA,Trinity Center,37,3808000
CA,Trona,51,6400000
CA,Trowbridge,4,424000
CA,Truckee,873,110150000
CA,Tujunga,101,11015000
CA,Tulare,1035,117824000
CA,Tulelake,74,8908000
CA,Tuolumne,101,10514000
CA,Tupman,43,4742000
CA,Turlock,849,92774000
CA,Tustin,1628,213549000
CA,Twain,35,3752000
CA,Twain Harte,156,18775000
CA,Twain Harte-Tuolumne City,2,168000
CA,Twin Bridges,38,5028000
CA,Twin Peaks,93,9453000
CA,Ukiah,545,61917000
CA,Union City,844,124955000
CA,Universal City,58,6016000
CA,Unknown,1,144000
CA,Upland,1046,129420000
CA,Upper Lake,213,27346000
CA,Vacaville,1171,160829000
CA,Valencia,807,108786000
CA,Vallecito,29,2880000
CA,Vallejo,1508,218995000
CA,Valley Center,126,13618000
CA,Valley Ford,6,640000
CA,Valley Springs,362,39655000
CA,Valley Village,508,57229000
CA,Valyermo,309,35918000
CA,Van Nuys,1271,179967000
CA,Venice,24,2396000
CA,Ventura,1619,174014000
CA,Verdi,8,840000
CA,Vernalis,91,9511000
CA,Vernon,207,21040000
CA,Victor,2,240000
CA,Victorville,946,118949000
CA,Victorville-Hesperia,8,1332000
CA,Vidal,56,9004000
CA,View Park,69,7547000
CA,Villa Grande,1,120000
CA,Villa Park,20,2160000
CA,Vina,8,808000
CA,Vinton,4,448000
CA,Visalia,2192,1141702000
CA,Vista,1322,153769000
CA,Volcano,34,3552000
CA,Wallace,3,304000
CA,Walnut,923,100255000
CA,Walnut Creek,1233,170331000
CA,Walnut Grove,183,19779000
CA,Wasco,309,44404000
CA,Waterford,118,16618000
CA,Watsonville,1398,159158000
CA,Weaverville,113,12136000
CA,Weed,263,38540000
CA,Weimar,1,96000
CA,Weldon,54,6620000
CA,Wendel,5,512000
CA,Weott,7,728000
CA,West Colusa,2,208000
CA,West Contra Costa,30,4522000
CA,West Covina,1628,231961000
CA,West Hills,16,1680000
CA,West Hollywood,31,3131000
CA,West Point,43,4784000
CA,West Sacramento,917,114165000
CA,West Sierra,1,80000
CA,Westlake Village,288,30722000
CA,Westley,43,4160000
CA,Westminster,1296,173278000
CA,Westport,37,3808000
CA,Westwood,78,8146000
CA,Wheatland,180,23304000
CA,Whitethorn,44,4395000
CA,Whitmore,17,1856000
CA,Whittier,5422,694758000
CA,Wildomar,268,34868000
CA,Williams,230,31125000
CA,Willits,666,76701000
CA,Willow Creek,114,11784000
CA,Willow Creek-Hoopa Valley,2,224000
CA,Willows,184,20303000
CA,Wilmington,269,42286000
CA,Wilseyville,12,1344000
CA,Wilsonia,3,384000
CA,Wilton,263,32481000
CA,Winchester,569,59160000
CA,Windsor,186,20524000
CA,Windsor Hills,1,144000
CA,Winnetka,22,3294000
CA,Winterhaven,93,9608000
CA,Winters,219,26995000
CA,Winton,359,37575000
CA,Wishon,10,1072000
CA,Witter Springs,1,80000
CA,Wofford Heights,190,29020000
CA,Woodacre,33,3440000
CA,Woodbridge,43,4668000
CA,Woodlake,120,12642000
CA,Woodland,729,89395000
CA,Woodland Hills,881,93283000
CA,Woodside,28,2936000
CA,Woody,14,1392000
CA,Wrightwood,178,22064000
CA,Yokuts Valley,19,2072000
CA,Yorba Linda,458,47448000
CA,Yorkville,30,3008000
CA,Yosemite National Park,2,200000
CA,Yountville,35,3784000
CA,Yreka,327,39939000
CA,Yuba City,665,79153000
CA,Yucaipa,68,10473000
CA,Zamora,54,7730000
CA,Zenia,13,1272000
CO,Agate,23,5135000
CO,Aguilar,22,4908000
CO,Akron,17,5296000
CO,Alamosa,38,18168000
CO,Alma,3,1364000
CO,Almont,2,1580000
CO,Amherst,2,160000
CO,Anton,2,1180000
CO,Antonito,11,4836000
CO,Arapahoe,3,432000
CO,Arriba,8,4897000
CO,Arvada,260,56051000
CO,Aspen,48,27168000
CO,Atwood,17,7458000
CO,Ault,25,8844000
CO,Aurora,1057,219622000
CO,Avon,78,19731000
CO,Avondale,8,4184000
CO,Bailey,68,19905000
CO,Basalt,1,88000
CO,Bayfield,14,8772000
CO,Bellvue,18,8232000
CO,Bennett,76,23938000
CO,Berthoud,75,15940000
CO,Bethune,6,1620000
CO,Beulah,3,256000
CO,Black Hawk,18,10904000
CO,Blanca,10,5184000
CO,Bond,30,9984000
CO,Boone,41,14921000
CO,Boulder,198,42960000
CO,Branson,3,320000
CO,Breckenridge,52,20192000
CO,Briggsdale,3,1400000
CO,Brighton,216,45718000
CO,Broomfield,456,83047000
CO,Brush,50,20027000
CO,Buena Vista,36,18080000
CO,Burlington,43,15712000
CO,Byers,52,18319000
CO,Cahone,13,4244000
CO,Calhan,44,19792000
CO,Campo,8,1884000
CO,Canon City,103,39767000
CO,Carbondale,35,9500000
CO,Carr,58,17374000
CO,Cascade,54,11632000
CO,Castle Pines,2,240000
CO,Castle Rock,462,85868000
CO,Centennial,19,2147000
CO,Center,8,3392000
CO,Central City,1,144000
CO,Cheyenne Wells,2,176000
CO,Cimarron,7,880000
CO,Clifton,20,5336000
CO,Coaldale,1,144000
CO,Coalmont,12,5036000
CO,Collbran,1,144000
CO,Colorado City,21,6438000
CO,Colorado Springs,1531,310042000
CO,Commerce City,263,56674000
CO,Conifer,27,4656000
CO,Cortez,21,5484000
CO,Cotopaxi,41,17906000
CO,Craig,20,11392000
CO,Crawford,7,2728000
CO,Creede,44,15866000
CO,Crested Butte,2,240000
CO,Cripple Creek,4,2120000
CO,Crook,19,8391000
CO,De Beque,127,30812000
CO,Deer Trail,6,859000
CO,Del Norte,5,1996000
CO,Delta,33,12974000
CO,Denver,6467,1258004000
CO,Dillon,246,73030000
CO,Dinosaur,12,5624000
CO,Divide,55,26152000
CO,Dolores,7,3796000
CO,Dove Creek,32,14036000
CO,Drake,17,7268000
CO,Dumont,60,11799000
CO,Durango,39,15214000
CO,Eads,31,15242000
CO,Eagle,84,19321000
CO,Eaton,7,3504000
CO,Edgewater,3,328000
CO,Edwards,97,27466000
CO,Egnar,9,3840000
CO,Eldorado Springs,1,1800000
CO,Elizabeth,2,1244000
CO,Empire,42,16272000
CO,Englewood,798,138070000
CO,Erie,97,17944000
CO,Estes Park,17,5899000
CO,Evans,1,96000
CO,Evergreen,236,64257000
CO,Fairplay,161,62439000
CO,Flagler,14,5467000
CO,Fleming,19,5004000
CO,Florence,31,12832000
CO,Florissant,20,7515000
CO,Fort Collins,421,91190000
CO,Fort Garland,50,17199000
CO,Fort Lupton,32,17028000
CO,Fort Morgan,67,24918000
CO,Fountain,275,60635000
CO,Fowler,32,12959000
CO,Franktown,22,4504000
CO,Frisco,375,86611000
CO,Fruita,13,5838000
CO,Gardner,3,288000
CO,Gateway,5,2264000
CO,Genoa,25,6500000
CO,Georgetown,72,16350000
CO,Gill,11,7888000
CO,Glenwood Springs,556,130611000
CO,Golden,820,280041000
CO,Granada,5,4516000
CO,Granby,14,2452000
CO,Grand Junction,46,10931000
CO,Granite,4,440000
CO,Grant,33,14616000
CO,Greeley,63,32723000
CO,Green Mountain Falls,4,440000
CO,Greenwood Village,2,216000
CO,Guffey,23,9804000
CO,Gunnison,60,23932000
CO,Gypsum,129,31100000
CO,Hamilton,12,4287000
CO,Hartsel,27,11068000
CO,Haswell,9,4768000
CO,Haxtun,11,4804000
CO,Hayden,11,4832000
CO,Henderson,202,55323000
CO,Hesperus,6,3128000
CO,Highlands Ranch,6,551000
CO,Hillrose,11,3915000
CO,Holly,12,4248000
CO,Holyoke,10,4708000
CO,Hooper,1,80000
CO,Hot Sulphur Springs,12,7888000
CO,Hotchkiss,7,792000
CO,Howard,43,18908000
CO,Hudson,35,12236000
CO,Hugo,32,19672000
CO,Idaho Springs,162,37549000
CO,Idalia,2,216000
CO,Idledale,5,3188000
CO,Iliff,24,10201000
CO,Indian Hills,1,96000
CO,Jefferson,32,12396000
CO,Joes,1,120000
CO,Johnstown,372,95691000
CO,Julesburg,19,9068000
CO,Karval,3,1160000
CO,Keenesburg,13,7918000
CO,Kersey,10,3687000
CO,Kim,24,13496000
CO,Kiowa,4,1436000
CO,Kit Carson,49,24618000
CO,Kremmling,69,31159000
CO,La Jara,31,13520000
CO,La Junta,31,11860000
CO,La Salle,12,8716000
CO,La Veta,10,1160000
CO,Lafayette,15,3272000
CO,Lake George,26,8584000
CO,Lakewood,67,10746000
CO,Lamar,63,27816000
CO,Laporte,16,7015000
CO,Larkspur,213,56541000
CO,Las Animas,30,11438000
CO,Leadville,48,20532000
CO,Lewis,1,120000
CO,Limon,51,24075000
CO,Littleton,674,97126000
CO,Livermore,19,6536000
CO,Log Lane Village,6,4614000
CO,Loma,16,7162000
CO,Lone Tree,142,25335000
CO,Longmont,232,66319000
CO,Louisville,78,11885000
CO,Louviers,1,80000
CO,Loveland,222,59001000
CO,Lucerne,1,144000
CO,Lyons,11,4024000
CO,Mack,22,6692000
CO,Mancos,23,4491000
CO,Manitou Springs,4,448000
CO,Manzanola,25,9156000
CO,Matheson,1,88000
CO,Maybell,6,2648000
CO,Mc Clave,2,208000
CO,Mc Coy,2,1288000
CO,McClave,4,2476000
CO,Mead,11,3923000
CO,Meeker,32,16864000
CO,Merino,21,6780000
CO,Mesa,37,13878000
CO,Milliken,15,6852000
CO,Minturn,11,2680000
CO,Model,15,5380000
CO,Moffat,11,6672000
CO,Monte Vista,20,9108000
CO,Montrose,23,10716000
CO,Monument,102,23560000
CO,Morrison,196,40711000
CO,Mosca,5,1948000
CO,Nathrop,7,664000
CO,New Castle,75,11858000
CO,New Raymer,1,144000
CO,Northeast Jefferson,1,88000
CO,Northglenn,1,144000
CO,Norwood,7,2416000
CO,Nunn,10,6796000
CO,Oak Creek,16,7064000
CO,Olathe,1,144000
CO,Olney Springs,5,3604000
CO,Orchard,18,4924000
CO,Ordway,8,3232000
CO,Otis,8,3956000
CO,Ouray,10,5248000
CO,Ovid,8,3819000
CO,Pagosa Springs,21,7852000
CO,Palisade,43,12357000
CO,Palmer Lake,2,1896000
CO,Parachute,37,8236000
CO,Parker,266,50453000
CO,Parshall,2,216000
CO,Peetz,3,2888000
CO,Penrose,56,17068000
CO,Peyton,54,24962000
CO,Pine,14,6724000
CO,Placerville,8,2922000
CO,Platteville,116,41429000
CO,Poncha Springs,2,176000
CO,Powderhorn,14,4560000
CO,Pritchett,8,2956000
CO,Pueblo,800,204211000
CO,Ramah,7,1736000
CO,Rangely,6,2020000
CO,Red Cliff,9,4928000
CO,Redvale,2,200000
CO,Ridgway,3,408000
CO,Rifle,129,42841000
CO,Rocky Ford,48,15972000
CO,Roggen,25,8932000
CO,Rollinsville,3,312000
CO,Rush,1,120000
CO,Rye,80,14997000
CO,Saguache,26,11723000
CO,Salida,73,35777000
CO,Sanford,6,2752000
CO,Sedalia,24,8891000
CO,Sedgwick,11,3140000
CO,Seibert,10,3732000
CO,Shawnee,34,15652000
CO,Sheridan Lake,16,7124000
CO,Silt,42,6547000
CO,Silver Plume,249,57211000
CO,Silverthorne,37,13366000
CO,Silverton,12,3756000
CO,Simla,3,2032000
CO,Snowmass,12,3566000
CO,Somerset,5,1580000
CO,South Fork,36,10940000
CO,Springfield,34,17416000
CO,Steamboat Springs,45,12240000
CO,Sterling,32,13035000
CO,Stoneham,27,13400000
CO,Strasburg,39,9330000
CO,Stratton,13,2758000
CO,Superior,12,1396000
CO,Telluride,3,1324000
CO,Thornton,104,17426000
CO,Toponas,5,2544000
CO,Towaoc,16,6488000
CO,Trinidad,127,31152000
CO,Twin Lakes,6,568000
CO,Two Buttes,1,144000
CO,United States Air Force Academy,45,11772000
CO,Unknown,5,528000
CO,Usaf Academy,118,27795000
CO,Vail,384,79503000
CO,Vernon,1,1800000
CO,Victor,1,1000000
CO,Villa Grove,9,3328000
CO,Vona,8,5328000
CO,Walden,2,192000
CO,Walsenburg,79,23675000
CO,Watkins,100,33984000
CO,Weldona,7,4440000
CO,Wellington,28,5798000
CO,West Adams,1,250000
CO,Westcliffe,43,19100000
CO,Westminster,218,32885000
CO,Weston,11,6482000
CO,Wetmore,31,10084000
CO,Wheat Ridge,272,53681000
CO,Whitewater,11,4759000
CO,Wiggins,46,19565000
CO,Wild Horse,3,2480000
CO,Wiley,12,4940000
CO,Windsor,34,13363000
CO,Winter Park,3,1308000
CO,Wolcott,45,15062000
CO,Woodland Park,22,6022000
CO,Woodrow,16,7776000
CO,Wray,14,7332000
CO,Yellow Jacket,1,120000
CO,Yoder,1,144000
CO,Yuma,11,3136000
CT,Amston,13,6760000
CT,Andover,11,3968000
CT,Ansonia,35,8236000
CT,Ashford,11,4484000
CT,Avon,37,17844000
CT,Barkhamsted,3,1232000
CT,Beacon Falls,58,13671000
CT,Berlin,105,23895000
CT,Bethany,12,10280000
CT,Bethel,32,5647000
CT,Bethlehem,4,1352000
CT,Bloomfield,6,2004000
CT,Bolton,19,8220000
CT,Bozrah,6,2664000
CT,Branford,269,47141000
CT,Bridgeport,942,148862000
CT,Bridgewater,3,328000
CT,Bristol,39,12658000
CT,Broad Brook,4,3540000
CT,Brookfield,26,5804000
CT,Brooklyn,25,14156000
CT,Burlington,12,5740000
CT,Canaan,8,2700000
CT,Canterbury,9,3236000
CT,Canton,2,176000
CT,Chaplin,7,2260000
CT,Cheshire,276,48346000
CT,Chester,19,7267000
CT,Clinton,56,9676000
CT,Cobalt,4,2932000
CT,Colchester,48,12888000
CT,Colebrook,5,1528000
CT,Columbia,8,4452000
CT,Cornwall Bridge,5,1360000
CT,Cos Cob,42,4635000
CT,Coventry,9,4696000
CT,Cromwell,387,62889000
CT,Danbury,422,76529000
CT,Danielson,29,12504000
CT,Darien,530,82868000
CT,Dayville,31,12933000
CT,Deep River,14,3020000
CT,Derby,33,7616000
CT,Durham,9,4204000
CT,East Berlin,3,328000
CT,East Canaan,1,144000
CT,East Granby,31,14898000
CT,East Haddam,7,2440000
CT,East Hampton,8,2962000
CT,East Hartford,1137,190046000
CT,East Haven,203,38494000
CT,East Killingly,1,144000
CT,East Lyme,150,27181000
CT,East Windsor,97,21730000
CT,Ellington,26,13160000
CT,Enfield,79,17788000
CT,Essex,43,15024000
CT,Fairfield,573,95453000
CT,Falls Village,6,2748000
CT,Farmington,365,65178000
CT,Gales Ferry,19,10568000
CT,Glastonbury,138,31389000
CT,Goshen,12,5724000
CT,Granby,18,12132000
CT,Greenwich,1031,145774000
CT,Groton,111,17934000
CT,Guilford,196,43178000
CT,Haddam,17,5444000
CT,Hamden,176,21353000
CT,Hampton,12,11092000
CT,Hartford,2251,386659000
CT,Harwinton,34,16636000
CT,Hebron,11,3936000
CT,Higganum,36,7380000
CT,Ivoryton,4,496000
CT,Jewett City,97,43783000
CT,Killingworth,4,1796000
CT,Lakeville,17,10184000
CT,Lebanon,8,6620000
CT,Ledyard,10,4352000
CT,Lisbon,1,88000
CT,Litchfield,12,4068000
CT,Madison,84,18278000
CT,Manchester,242,44219000
CT,Mansfield Center,22,9316000
CT,Marlborough,49,9758000
CT,Mashantucket,1,15000
CT,Meriden,1187,176206000
CT,Middlebury,183,29583000
CT,Middlefield,6,624000
CT,Middletown,605,85332000
CT,Milford,748,118493000
CT,Milldale,4,2064000
CT,Monroe,7,2720000
CT,Moodus,3,3144000
CT,Moosup,4,826000
CT,Morris,6,4344000
CT,Mystic,83,14532000
CT,Naugatuck,89,11857000
CT,New Britain,301,47096000
CT,New Canaan,109,13116000
CT,New Fairfield,16,10428000
CT,New Hartford,8,1800000
CT,New Haven,995,170210000
CT,New London,60,9682000
CT,New Milford,8,2008000
CT,New Preston Marble Dale,6,4372000
CT,Newington,24,5520000
CT,Newtown,233,45384000
CT,Niantic,59,15574000
CT,Norfolk,8,3064000
CT,North Branford,1,144000
CT,North Franklin,37,19160000
CT,North Granby,4,2800000
CT,North Grosvenordale,24,8328000
CT,North Haven,333,61640000
CT,North Stonington,41,12401000
CT,North Windham,19,7728000
CT,Northfield,18,4432000
CT,Northford,5,4176000
CT,Norwalk,1117,174283000
CT,Norwich,149,32428000
CT,Oakdale,5,520000
CT,Oakville,22,3379000
CT,Old Greenwich,56,7322000
CT,Old Lyme,138,24612000
CT,Old Saybrook,129,26671000
CT,Orange,267,57561000
CT,Oxford,8,4796000
CT,Pawcatuck,30,9418000
CT,Plainfield,14,6699000
CT,Plainville,382,67186000
CT,Plantsville,175,37911000
CT,Pomfret Center,30,14668000
CT,Portland,6,2684000
CT,Preston,13,8156000
CT,Preston City,12,3360000
CT,Prospect,8,1868000
CT,Putnam,21,8216000
CT,Quaker Hill,4,352000
CT,Redding,4,448000
CT,Ridgefield,5,3572000
CT,Riverside,151,23846000
CT,Rockfall,2,1120000
CT,Rocky Hill,316,47359000
CT,Roxbury,11,4932000
CT,Salem,12,2092000
CT,Sandy Hook,166,33559000
CT,Scotland,1,120000
CT,Seymour,103,29630000
CT,Sharon,9,4380000
CT,Shelton,168,27142000
CT,Sherman,2,240000
CT,Simsbury,15,8571000
CT,Somers,22,11044000
CT,South Glastonbury,47,7200000
CT,South Windham,7,3676000
CT,South Windsor,84,18720000
CT,Southbury,216,43905000
CT,Southington,351,58712000
CT,Southport,207,32210000
CT,Stafford Springs,72,18987000
CT,Stamford,764,125103000
CT,Sterling,1,120000
CT,Stonington,77,13606000
CT,Storrs Center,19,6360000
CT,Storrs Mansfield,23,6272000
CT,Stratford,594,90734000
CT,Suffield,4,1844000
CT,Terryville,7,3860000
CT,Thomaston,24,3908000
CT,Thompson,12,4864000
CT,Tolland,107,19453000
CT,Torrington,52,18096000
CT,Trumbull,344,49928000
CT,Uncasville,138,38280000
CT,Union,1,1200000
CT,Unionville,6,1696000
CT,Vernon Rockville,118,31586000
CT,Voluntown,17,6544000
CT,Wallingford,308,66044000
CT,Warren,2,216000
CT,Washington,2,264000
CT,Washington Depot,8,4412000
CT,Waterbury,1290,240288000
CT,Waterford,102,19678000
CT,Watertown,28,6448000
CT,Wauregan,3,296000
CT,West Cornwall,7,2456000
CT,West Hartford,658,113601000
CT,West Haven,291,53593000
CT,West Simsbury,1,120000
CT,West Suffield,3,376000
CT,Westbrook,78,18164000
CT,Weston,4,1256000
CT,Westport,952,146700000
CT,Wethersfield,511,89219000
CT,Willimantic,10,6344000
CT,Willington,60,24104000
CT,Windham,7,6000000
CT,Windsor,629,108269000
CT,Windsor Locks,51,9641000
CT,Winsted,28,11820000
CT,Wolcott,3,226000
CT,Woodbridge,80,14556000
CT,Woodbury,14,4592000
CT,Woodstock,29,10176000
CT,Woodstock Valley,6,1588000
DC,Capitol Heights,14,2480000
DC,Chevy Chase,1,120000
DC,Hyattsville,2,288000
DC,Naval Anacost Annex,1,80000
DC,Oxon Hill,1,88000
DC,Suitland,12,1208000
DC,Takoma Park,2,200000
DC,Temple Hills,4,424000
DC,Unknown,65,6792000
DC,Washington,8591,1006633000
DE,Bear,228,53930000
DE,Bethany Beach,2,160000
DE,Bethel,2,1896000
DE,Bridgeville,31,11736000
DE,Camden Wyoming,10,5692000
DE,Camden-Wyoming,8,928000
DE,Claymont,227,46933000
DE,Clayton,8,3680000
DE,Dagsboro,6,2484000
DE,Delaware City,1,120000
DE,Delmar,4,1464000
DE,Dover,221,55682000
DE,Dover AFB,3,376000
DE,Ellendale,11,1256000
DE,Felton,38,11100000
DE,Frankford,26,17032000
DE,Frederica,27,2864000
DE,Georgetown,53,24580000
DE,Greenwood,19,11140000
DE,Harrington,48,23076000
DE,Hartly,13,7736000
DE,Hockessin,55,9120000
DE,Houston,1,1100000
DE,Kenton,1,96000
DE,Laurel,36,20724000
DE,Lewes,32,9912000
DE,Lincoln,13,4656000
DE,Magnolia,9,2308000
DE,Middletown,277,49921000
DE,Milford,71,23056000
DE,Millsboro,38,15796000
DE,Milton,47,11048000
DE,Montchanin,6,546000
DE,New Castle,1238,182744000
DE,Newark,692,137095000
DE,Ocean View,1,88000
DE,Odessa,6,2748000
DE,Rehoboth Beach,44,12728000
DE,Rockland,1,120000
DE,Saint Georges,1,96000
DE,Seaford,34,16976000
DE,Selbyville,21,14396000
DE,Smyrna,142,42331000
DE,St Georges,3,296000
DE,Townsend,101,26323000
DE,Viola,2,216000
DE,Wilmington,1765,273336000
DE,Woodside,2,200000
DE,Wyoming,2,176000
DE,Yorklyn,1,120000
FL,Alachua,347,50926000
FL,Alford,45,8364000
FL,Altamonte Springs,617,79777000
FL,Altha,38,4886000
FL,Altoona,41,6948000
FL,Alva,170,21638000
FL,Anna Maria,4,424000
FL,Anthony,40,4448000
FL,Apollo Beach,271,50148000
FL,Apopka,1088,124764000
FL,Arcadia,340,49622000
FL,Arcadia West,2,23000
FL,Archer,75,7960000
FL,Aripeka,2,232000
FL,Astatula,10,5396000
FL,Astor,60,9388000
FL,Atlantic Beach,5,472000
FL,Auburndale,94,16052000
FL,Avalon-Mulat,24,3192000
FL,Ave Maria,2,160000
FL,Aventura,524,55936000
FL,Avon Park,187,21127000
FL,Babson Park,2,216000
FL,Bagdad,3,360000
FL,Baker,98,11134000
FL,Bal Harbour,55,5807000
FL,Bartow,88,15290000
FL,Bascom,15,1560000
FL,Bay Harbor Islands,24,2712000
FL,Bay Pines,1,80000
FL,Bell,52,5399000
FL,Belle Glade,23,2051000
FL,Belle Isle,3,344000
FL,Belleair,6,640000
FL,Belleair Beach,17,2071000
FL,Belleair Bluffs,6,482000
FL,Belleview,225,33199000
FL,Beverly Hills,65,8661000
FL,Big Pine Key,44,10616000
FL,Biscayne Park,22,2272000
FL,Blountstown,65,6736000
FL,Boca Ciega,3,272000
FL,Boca Grande,21,2360000
FL,Boca Raton,2071,295653000
FL,Bokeelia,26,4334000
FL,Bonifay,186,21340000
FL,Bonita Springs,2068,241508000
FL,Bowling Green,78,10071000
FL,Boynton Beach,1159,160331000
FL,Bradenton,7182,810076000
FL,Bradenton Beach,21,2224000
FL,Brandon,1324,144848000
FL,Branford,64,7783000
FL,Bristol,60,6108000
FL,Bronson,48,4874000
FL,Brooker,12,1280000
FL,Brooksville,954,102833000
FL,Bryceville,19,2064000
FL,Bunnell,48,6566000
FL,Bushnell,227,41445000
FL,Callahan,217,23064000
FL,Campbellton,56,8215000
FL,Canal Point,8,760000
FL,Cantonment,482,56228000
FL,Cape Canaveral,20,2180000
FL,Cape Coral,292,31686000
FL,Captiva,3,280000
FL,Carrabelle,15,1624000
FL,Caryville,82,12676000
FL,Casselberry,199,22355000
FL,Cedar Key,10,1072000
FL,Center Hill,20,2000000
FL,Century,77,8042000
FL,Champions Gate,46,4744000
FL,Chattahoochee,141,23535000
FL,Chiefland,96,10240000
FL,Chipley,228,24961000
FL,Chokoloskee,1,80000
FL,Christmas,171,29646000
FL,Chuluota,14,1528000
FL,Citra,239,32731000
FL,Citrus Springs,32,3104000
FL,Clarksville,20,2040000
FL,Clearwater,3226,348930000
FL,Clearwater Beach,68,6977000
FL,Clermont,955,123734000
FL,Clewiston,74,18423000
FL,Cocoa,1064,156836000
FL,Cocoa Beach,33,4988000
FL,Cocoa-Rockledge,4,424000
FL,Coconut Creek,16,1704000
FL,Coleman,47,6418000
FL,Conservation,111,17458000
FL,Cooper City,2,168000
FL,Coral Gables,641,68000000
FL,Coral Springs,105,12636000
FL,Coral Springs-Margate,3,256000
FL,Cortez,21,2304000
FL,Cottondale,175,24746000
FL,Crawfordville,410,44426000
FL,Crescent City,86,11173000
FL,Crestview,534,78003000
FL,Cross City,31,2758000
FL,Crystal Beach,12,1282000
FL,Crystal River,155,18632000
FL,Cutler Bay,1256,133884000
FL,Dade City,542,75721000
FL,Dania,294,39976000
FL,Dania Beach,73,12696000
FL,Davenport,1079,148255000
FL,Davie,220,31649000
FL,Daytona Beach,622,98802000
FL,De Leon Springs,64,9277000
FL,Debary,145,25246000
FL,Deer Island,1,88000
FL,Deerfield Beach,589,91073000
FL,Defuniak Springs,506,90446000
FL,DeLand,747,103444000
FL,Delray Beach,850,123753000
FL,Deltona,294,42951000
FL,Destin,172,27978000
FL,Doral,1118,121428000
FL,Dover,386,48561000
FL,Duette,5,1948000
FL,Dundee,14,1631000
FL,Dunedin,279,28791000
FL,Dunnellon,295,42222000
FL,Eagle Lake,5,512000
FL,Earleton,2,232000
FL,East Marion,3,352000
FL,East Palatka,93,13928000
FL,Eastpoint,9,968000
FL,Eaton Park,2,232000
FL,Ebro,42,4706000
FL,Edgewater,56,11990000
FL,Eglin AFB,183,19038000
FL,Eglin Air Force Base,44,4568000
FL,El Portal,13,1344000
FL,Elkton,111,14333000
FL,Ellenton,463,68795000
FL,Englewood,339,37731000
FL,Estero,982,118665000
FL,Estero Island,2,208000
FL,Eustis,154,19708000
FL,Fanning Springs,11,899000
FL,Felda,6,576000
FL,Fellsmere,95,19056000
FL,Fern Park,7,672000
FL,Fernandina Beach,157,18405000
FL,Flagler Beach,84,11986000
FL,Fleming Island,147,15615000
FL,Florahome,22,2440000
FL,Floral City,50,5146000
FL,Florida City,72,7408000
FL,Forest City,4,360000
FL,Fort Denaud,14,2922000
FL,Fort Lauderdale,8892,1287031000
FL,Fort Mc Coy,72,7500000
FL,Fort McCoy,34,4432000
FL,Fort Meade,23,2360000
FL,Fort Myers,8683,980321000
FL,Fort Myers Beach,159,17428000
FL,Fort Pierce,632,103196000
FL,Fort Walton Beach,877,98563000
FL,Fort White,82,8380000
FL,Fountain,117,14585000
FL,Freeport,220,28246000
FL,Frostproof,26,6371000
FL,Fruitland Park,38,4032000
FL,Gainesville,1403,177444000
FL,Geneva,34,4768000
FL,Georgetown,3,344000
FL,Gibsonton,595,77414000
FL,Glades,1,88000
FL,Glen Saint Mary,121,18761000
FL,Glen St Mary,50,6942000
FL,Golden Beach,23,2448000
FL,Gotha,189,22370000
FL,Graceville,36,3712000
FL,Grand Island,14,3144000
FL,Grand Ridge,114,17015000
FL,Grant,69,11182000
FL,Green Cove Springs,119,15264000
FL,Greenacres,10,954000
FL,Greensboro,6,568000
FL,Greenville,149,19862000
FL,Greenwood,39,5112000
FL,Gretna,18,1872000
FL,Groveland,252,35214000
FL,Gulf Breeze,522,56456000
FL,Gulfport,40,4464000
FL,Haines City,112,18165000
FL,Hallandale,1231,203268000
FL,Hallandale Beach,66,8984000
FL,Hampton,21,2312000
FL,Harmony,2,232000
FL,Hastings,107,12791000
FL,Havana,166,18855000
FL,Haverhill,1,120000
FL,Hawthorne,112,12112000
FL,Hernando,126,14636000
FL,Hernando Beach,1,80000
FL,Hialeah,9566,1069808000
FL,High Springs,115,16928000
FL,Highland City,3,320000
FL,Hilliard,42,5410000
FL,Hillsboro Beach,1,96000
FL,Hobe Sound,476,67615000
FL,Holder,2,216000
FL,Holiday,495,54252000
FL,Hollywood,3510,493431000
FL,Holmes Beach,1,96000
FL,Holt,208,35703000
FL,Homeland,1,144000
FL,Homestead,3688,408073000
FL,Homosassa,170,17680000
FL,Horseshoe Beach,8,776000
FL,Hosford,26,2728000
FL,Howey in the Hills,60,6528000
FL,Howey-in-the-Hills,10,1952000
FL,Hudson,673,69235000
FL,Immokalee,258,46455000
FL,Indialantic,44,4504000
FL,Indialantic-Melbourne Beach,1,144000
FL,Indian Harbour Beach,7,728000
FL,Indian Rocks Beach,49,6736000
FL,Indian Shores,4,338000
FL,Indiantown,10,1208000
FL,Inglis,48,4953000
FL,Inlet Beach,58,5827000
FL,Intercession City,5,560000
FL,Interlachen,95,9768000
FL,Inverness,150,22175000
FL,Islamorada,66,10767000
FL,Jacksonville,14404,2295917000
FL,Jacksonville Beach,52,7459000
FL,Jacksonville East,1,144000
FL,Jacksonville West,2,530000
FL,Jasper,178,26974000
FL,Jay,88,9122000
FL,Jennings,103,15868000
FL,Jensen Beach,4,368000
FL,Jupiter,325,58597000
FL,Kathleen,7,1652000
FL,Kenansville,310,54514000
FL,Kenneth City,20,1998000
FL,Key Biscayne,347,36562000
FL,Key Largo,196,26535000
FL,Key West,65,9107000
FL,Keystone Heights,22,2344000
FL,Kinard,5,504000
FL,Kindred,6,640000
FL,Kissimmee,7446,876440000
FL,Labelle,159,23448000
FL,Lady Lake,76,8810000
FL,Lake Alfred,16,1371000
FL,Lake Butler,123,13307000
FL,Lake City,1212,180354000
FL,Lake Helen,66,12900000
FL,Lake Mary,510,76327000
FL,Lake Panasoffkee,63,14800000
FL,Lake Placid,207,28312000
FL,Lake Suzy,5,488000
FL,Lake Wales,107,14981000
FL,Lake Worth,1120,169490000
FL,Lake Worth Beach,491,65671000
FL,Lakeland,1274,168035000
FL,Lakewood Ranch,32,5994000
FL,Lamont,115,15677000
FL,Land O Lakes,1004,108190000
FL,Lantana,7,690000
FL,Largo,1468,150913000
FL,Lauderdale By The Sea,1,144000
FL,Lauderdale Lakes,110,12221000
FL,Lauderhill,47,4928000
FL,Laurel Hill,41,4264000
FL,Lawtey,29,4588000
FL,Lecanto,102,12030000
FL,Lee,113,16212000
FL,Leesburg,364,42859000
FL,Lehigh Acres,1785,191770000
FL,Lithia,48,4010000
FL,Live Oak,376,48587000
FL,Long Key,3,344000
FL,Longboat Key,7,744000
FL,Longwood,651,94722000
FL,Lorida,37,6084000
FL,Lower Keys,9,1836000
FL,Loxahatchee,49,4931000
FL,Lulu,2,168000
FL,Lutz,1339,147384000
FL,Lynn Haven,38,3960000
FL,Macclenny,262,31217000
FL,Madeira Beach,23,2600000
FL,Madison,209,26977000
FL,Maitland,290,44751000
FL,Malabar,100,11382000
FL,Malone,20,1888000
FL,Marathon,118,16510000
FL,Marco Island,7,621000
FL,Margate,3,344000
FL,Marianna,400,47104000
FL,Mary Esther,146,17191000
FL,Mascotte,3,250000
FL,Matlacha,4,384000
FL,Mayo,23,2304000
FL,Mc Alpin,10,1056000
FL,Mc David,57,5649000
FL,McAlpin,11,1090000
FL,McDavid,17,1776000
FL,Medley,111,11312000
FL,Melbourne,1771,256460000
FL,Melbourne Beach,51,6088000
FL,Melrose,53,6716000
FL,Merritt Island,683,75705000
FL,Mexico Beach,2,208000
FL,Miami,91606,10508628000
FL,Miami Beach,1103,138485000
FL,Miami Gardens,1519,162128000
FL,Miami Lakes,641,67282000
FL,Miami Shores,152,16136000
FL,Miami Springs,77,8200000
FL,Micanopy,326,45400000
FL,Middle Keys,7,656000
FL,Middleburg,225,27345000
FL,Midway,193,31129000
FL,Milton,1613,205259000
FL,Mims,267,44420000
FL,Minneola,17,1784000
FL,Miramar,67,7536000
FL,Miramar Beach,183,21529000
FL,Molino,97,9896000
FL,Monticello,405,51671000
FL,Montverde,88,9559000
FL,Moore Haven,55,16204000
FL,Morriston,59,7116000
FL,Mount Dora,147,15898000
FL,Mt Dora,58,9164000
FL,Mulberry,53,5904000
FL,Myakka City,156,21013000
FL,Naples,1626,218990000
FL,Navarre,479,50232000
FL,Neptune Beach,3,408000
FL,New Port Richey,1605,167883000
FL,New Smyrna Beach,230,39799000
FL,Newberry,118,12552000
FL,Niceville,142,17747000
FL,Nobleton,1,96000
FL,Nokomis,323,40307000
FL,North Bay Village,26,2952000
FL,North Fort Myers,1601,187048000
FL,North Lauderdale,4,464000
FL,North Miami,4731,540857000
FL,North Miami Beach,2758,293250000
FL,North Palm Beach,4,456000
FL,North Port,529,63229000
FL,North Redington Beach,2,216000
FL,North Westside,1,120000
FL,O Brien,25,2538000
FL,Oak Hill,77,11112000
FL,Oakland,5,416000
FL,Oakland Park,70,7183000
FL,Obrien,17,1762000
FL,Ocala,4507,556432000
FL,Ochopee,118,37280000
FL,Ocklawaha,116,14821000
FL,Ocoee,581,63563000
FL,Odessa,239,24747000
FL,Okahumpka,85,11284000
FL,Okeechobee,316,65312000
FL,Old Town,111,12871000
FL,Oldsmar,220,21991000
FL,Ona,30,3216000
FL,Opa Locka,2729,293058000
FL,Opa-Locka,371,40164000
FL,Orange City,140,18955000
FL,Orange Park,1174,135250000
FL,Orange Springs,4,440000
FL,Orlando,51752,5874128000
FL,Ormond Beach,630,96837000
FL,Osprey,140,15210000
FL,Osteen,103,15099000
FL,Oviedo,489,67858000
FL,Oxford,232,28775000
FL,Pace,1,144000
FL,Pahokee,3,328000
FL,Paisley,29,4168000
FL,Palatka,207,23329000
FL,Palm Bay,321,46017000
FL,Palm Beach,4,400000
FL,Palm Beach Gardens,758,111925000
FL,Palm City,453,70511000
FL,Palm Coast,277,50587000
FL,Palm Harbor,1898,202027000
FL,Palm Springs,3,240000
FL,Palmdale,2,208000
FL,Palmetto,1070,129576000
FL,Palmetto Bay,406,43424000
FL,Panacea,24,2512000
FL,Panama City,1067,129157000
FL,Panama City Beach,327,38377000
FL,Parrish,297,35572000
FL,Patrick AFB,3,280000
FL,Patrick Air Force Base,2,288000
FL,Pembroke Pines,235,33927000
FL,Pensacola,5789,682657000
FL,Perry,179,20099000
FL,Pierson,77,14199000
FL,Pinellas Park,902,95487000
FL,Pinetta,23,2259000
FL,Placida,2,184000
FL,Plant City,1288,176042000
FL,Plantation,146,17708000
FL,Polk City,433,81324000
FL,Pomona Park,28,3122000
FL,Pompano Beach,2591,351728000
FL,Ponce de Leon,139,19313000
FL,Ponte Vedra,16,1768000
FL,Ponte Vedra Beach,48,6144000
FL,Port Charlotte,220,28696000
FL,Port Orange,119,16974000
FL,Port Richey,427,44281000
FL,Port Saint Joe,13,1224000
FL,Port Saint Lucie,438,69945000
FL,Port St Joe,7,736000
FL,Port St Lucie,188,21427000
FL,Punta Gorda,521,104454000
FL,Quincy,473,65408000
FL,Raiford,20,1976000
FL,Reddick,367,47384000
FL,Reddick-McIntosh,1,144000
FL,Redington Beach,6,648000
FL,Redington Shores,3,352000
FL,Reunion,3,384000
FL,River Ranch,2,264000
FL,Riverview,2573,280592000
FL,Riviera Beach,2,264000
FL,Rockledge,457,71835000
FL,Rocky Point,26,4536000
FL,Rotonda West,16,1626000
FL,Royal Palm Beach,8,679000
FL,Royal Palm Beach-West Jupiter,5,1004000
FL,Ruskin,474,63223000
FL,Safety Harbor,98,10106000
FL,Saint Augustine,1244,171834000
FL,Saint Cloud,448,63371000
FL,Saint James City,29,3088000
FL,Saint Johns,188,31281000
FL,Saint Marks,3,256000
FL,Saint Petersburg,4847,608750000
FL,Salem,3,272000
FL,San Antonio,233,36666000
FL,San Mateo,33,6108000
FL,Sanderson,91,15258000
FL,Sanford,1259,219221000
FL,Sanibel,17,1808000
FL,Santa Rosa Beach,294,33272000
FL,Sarasota,7575,876797000
FL,Satellite Beach,42,4456000
FL,Satsuma,56,7926000
FL,Sebastian,108,18967000
FL,Sebring,443,59625000
FL,Seffner,715,86452000
FL,Seminole,625,65627000
FL,Seville,12,1312000
FL,Shalimar,53,5376000
FL,Sidell,7,760000
FL,Silver Springs,195,21308000
FL,Sneads,45,4907000
FL,Sopchoppy,33,3539000
FL,Sorrento,128,15822000
FL,South Bay,9,641000
FL,South Daytona,1,88000
FL,South Miami,462,48328000
FL,South Pasadena,22,2408000
FL,Southwest Orange,22,2411000
FL,Southwest Ranches,6,568000
FL,Spring Hill,841,88016000
FL,St Augustine,443,52491000
FL,St Cloud,145,18599000
FL,St James City,7,696000
FL,St Johns,67,8998000
FL,St Marks,2,288000
FL,St Pete Beach,36,3856000
FL,St Petersburg,1168,143656000
FL,St. Pete Beach,1,80000
FL,St. Petersburg,59,8212000
FL,Starke,87,9008000
FL,Steinhatchee,33,3448000
FL,Stuart,162,24573000
FL,Summerfield,545,69142000
FL,Summerland Key,41,5404000
FL,Sumterville,23,3186000
FL,Sun City Center,151,19665000
FL,Sunny Isles Beach,738,77448000
FL,Sunrise,27,2984000
FL,Surfside,212,23508000
FL,Suwannee,1,88000
FL,Sweetwater,29,3144000
FL,Tallahassee,2828,334035000
FL,Tamarac,7,768000
FL,Tampa,10851,1435287000
FL,Tarpon Springs,590,60861000
FL,Tavares,50,5152000
FL,Tavernier,37,4968000
FL,Temple Terrace,4,496000
FL,Terra Ceia,65,10391000
FL,The Villages,132,14103000
FL,Thonotosassa,134,13535000
FL,Tierra Verde,2,192000
FL,Titusville,304,49902000
FL,Treasure Island,28,2768000
FL,Trenton,139,16550000
FL,Trinity,119,12824000
FL,Umatilla,121,13480000
FL,University Park,15,1528000
FL,Unknown,4,416000
FL,Upper Keys,1,1100000
FL,Valparaiso,2,224000
FL,Valrico,191,18521000
FL,Venice,1310,149421000
FL,Venus,51,5608000
FL,Vernon,62,6570000
FL,Vero Beach,257,44656000
FL,Virginia Gardens,40,4128000
FL,Waldo,67,7098000
FL,Wauchula,117,14022000
FL,Wausau,1,88000
FL,Webster,63,7927000
FL,Weeki Wachee,30,3016000
FL,Weirsdale,66,7584000
FL,Welaka,9,944000
FL,Wellborn,65,8116000
FL,Wellington,57,6125000
FL,Wesley Chapel,1272,150643000
FL,West Miami,120,12384000
FL,West Palm Beach,2846,427825000
FL,West Park,47,4832000
FL,Weston,2,264000
FL,Westville,72,8172000
FL,Wewahitchka,32,3424000
FL,White Springs,107,19060000
FL,Wildwood,652,99272000
FL,Williston,132,15968000
FL,Wilton Manors,43,4448000
FL,Wimauma,209,22471000
FL,Windermere,318,37412000
FL,Winter Garden,1220,152916000
FL,Winter Garden-Ocoee,2,176000
FL,Winter Haven,140,14046000
FL,Winter Park,2059,257556000
FL,Winter Springs,134,18291000
FL,Yalaha,8,744000
FL,Yankeetown,5,528000
FL,Yeehaw Junction,6,568000
FL,Youngstown,130,16583000
FL,Yulee,404,61715000
FL,Zellwood,26,2596000
FL,Zephyrhills,405,40697000
FL,Zolfo Springs,144,19914000
GA,Acworth,228,47998000
GA,Adairsville,95,21201000
GA,Adel,17,2732000
GA,Ailey,4,2128000
GA,Alamo,9,5372000
GA,Alapaha,6,1700000
GA,Albany,118,39634000
GA,Allenhurst,1,1000000
GA,Allentown,1,120000
GA,Alma,3,336000
GA,Alpharetta,176,22251000
GA,Alto,13,2280000
GA,Ambrose,4,2064000
GA,Americus,7,1864000
GA,Andersonville,4,396000
GA,Appling,14,1886000
GA,Arabi,16,3288000
GA,Armuchee,13,2339000
GA,Arnoldsville,3,1400000
GA,Ashburn,48,10149000
GA,Athens,56,14111000
GA,Atlanta,16190,3602901000
GA,Atlanta-Decatur,5,1053000
GA,Auburn,12,2280000
GA,Augusta,2831,308504000
GA,Austell,363,75128000
GA,Avondale Estates,37,7017000
GA,Axson,2,1080000
GA,Baconton,12,3244000
GA,Bainbridge,10,3540000
GA,Baldwin,2,184000
GA,Ball Ground,19,6571000
GA,Barnesville,25,3073000
GA,Barney,23,12444000
GA,Baxley,8,4968000
GA,Bethlehem,36,8148000
GA,Bishop,7,1776000
GA,Blackshear,10,4124000
GA,Blairsville,5,1786000
GA,Blakely,7,5160000
GA,Bloomingdale,63,21063000
GA,Blue Ridge,4,1380000
GA,Bluffton,4,4088000
GA,Blythe,25,3137000
GA,Bogart,14,3116000
GA,Bonaire,34,11972000
GA,Boston,5,3888000
GA,Bowdon,3,296000
GA,Bowersville,1,120000
GA,Bowman,3,2032000
GA,Box Springs,11,5000000
GA,Braselton,103,24600000
GA,Bremen,55,13470000
GA,Brookhaven,12,2110000
GA,Brooklet,15,4744000
GA,Brooks,5,3260000
GA,Brunswick,184,52845000
GA,Buchanan,7,2644000
GA,Buckhead,34,7480000
GA,Buena Vista,1,80000
GA,Buford,392,102341000
GA,Butler,17,4736000
GA,Byromville,3,376000
GA,Byron,153,36863000
GA,Cairo,6,3219000
GA,Calhoun,129,38815000
GA,Camak,3,613000
GA,Camilla,17,4404000
GA,Canon,1,120000
GA,Canton,228,68319000
GA,Carnesville,69,15599000
GA,Carrollton,6,504000
GA,Cartersville,305,74312000
GA,Cave Spring,9,1816000
GA,Cedartown,34,13538000
GA,Centerville,3,320000
GA,Chatsworth,1,96000
GA,Cherry Log,6,4016000
GA,Chester,1,144000
GA,Chickamauga,3,360000
GA,Chula,15,2546000
GA,Clarkesville,22,6157000
GA,Clarkston,331,75929000
GA,Claxton,12,5052000
GA,Clayton,1,88000
GA,Cleveland,3,336000
GA,Climax,6,4688000
GA,Cobb,3,2008000
GA,Cobbtown,15,6536000
GA,Cochran,13,2240000
GA,Colbert,1,120000
GA,Coleman,4,1584000
GA,Collins,4,2251000
GA,Colquitt,6,3256000
GA,Columbus,308,89751000
GA,Comer,4,1420000
GA,Commerce,193,38741000
GA,Concord,4,2120000
GA,Conley,129,28909000
GA,Conyers,243,72537000
GA,Coolidge,1,96000
GA,Cordele,31,12181000
GA,Cornelia,9,2028000
GA,Covington,180,49573000
GA,Crawford,6,1512000
GA,Crawfordville,43,9563000
GA,Culloden,2,240000
GA,Cumming,84,11899000
GA,Cusseta,16,6024000
GA,Cuthbert,17,10248000
GA,Dacula,67,15043000
GA,Dahlonega,9,3912000
GA,Dallas,37,14183000
GA,Dalton,103,24758000
GA,Damascus,1,88000
GA,Danielsville,3,2008000
GA,Danville,27,7501000
GA,Darien,53,11276000
GA,Dawson,20,6404000
GA,Dawsonville,11,4868000
GA,Decatur,1860,442245000
GA,Demorest,13,1408000
GA,Denton,1,88000
GA,Dewy Rose,4,1412000
GA,Dillard,1,96000
GA,Doerun,4,3520000
GA,Donalsonville,1,88000
GA,Douglas,21,11899000
GA,Douglasville,186,48142000
GA,Dry Branch,46,10591000
GA,Dublin,62,15560000
GA,Dudley,23,4923000
GA,Duluth,524,101594000
GA,East Dublin,13,2619000
GA,East Ellijay,3,1740000
GA,Eastanollee,6,2523000
GA,Eastman,13,4808000
GA,Eatonton,30,9032000
GA,Elberton,38,16140000
GA,Elko,45,13559000
GA,Ellabell,78,21944000
GA,Ellaville,12,2968000
GA,Ellenwood,172,37320000
GA,Ellerslie,1,96000
GA,Ellijay,85,33144000
GA,Emerson,7,688000
GA,Enigma,6,835000
GA,Evans,17,2528000
GA,Fairburn,192,47706000
GA,Fairmount,7,2116000
GA,Fayetteville,106,39444000
GA,Fitzgerald,4,552000
GA,Fleming,5,3080000
GA,Flovilla,14,5432000
GA,Flowery Branch,55,14009000
GA,Folkston,12,4532000
GA,Forest Park,417,107178000
GA,Forsyth,322,82691000
GA,Fort Benning,7,900000
GA,Fort Gordon,1,144000
GA,Fort Oglethorpe,2,184000
GA,Fort Valley,83,18706000
GA,Fortson,39,11084000
GA,Franklin,78,31170000
GA,Gainesville,157,57350000
GA,Gay,11,3128000
GA,Georgetown,5,1972000
GA,Girard,1,96000
GA,Glennville,23,10390000
GA,Glenwood,6,656000
GA,Good Hope,2,240000
GA,Gordon,5,488000
GA,Gracewood,1,10000
GA,Grantville,93,19973000
GA,Gray,11,5336000
GA,Grayson,9,976000
GA,Greensboro,116,38301000
GA,Greenville,37,8151000
GA,Griffin,376,129553000
GA,Grovetown,132,29797000
GA,Guyton,2,318000
GA,Haddock,2,184000
GA,Hahira,20,8496000
GA,Hamilton,26,5887000
GA,Hampton,11,3120000
GA,Harlem,39,7905000
GA,Harrison,2,1244000
GA,Hartsfield,6,1668000
GA,Hartwell,8,3068000
GA,Hawkinsville,16,3408000
GA,Hazlehurst,27,10904000
GA,Hephzibah,259,26318000
GA,Hiawassee,4,1328000
GA,Hinesville,28,12743000
GA,Hiram,14,4644000
GA,Hoboken,5,2168000
GA,Hogansville,146,38142000
GA,Homer,9,2366000
GA,Homerville,14,9052000
GA,Hoschton,74,13611000
GA,Hull,4,368000
GA,Iron City,1,144000
GA,Irwinton,4,826000
GA,Jackson,275,87644000
GA,Jacksonville,1,120000
GA,Jakin,2,184000
GA,Jasper,39,14025000
GA,Jefferson,176,39181000
GA,Jeffersonville,18,5262000
GA,Jenkinsburg,14,5788000
GA,Jesup,13,3523000
GA,Jewell,1,88000
GA,Jonesboro,109,27207000
GA,Juliette,55,16790000
GA,Junction City,6,3678000
GA,Kathleen,26,11979000
GA,Kennesaw,393,79830000
GA,Keysville,4,1512000
GA,Kingsland,42,13141000
GA,Kingston,6,2363000
GA,La Fayette,5,1940000
GA,LaGrange,229,72651000
GA,Lake Park,37,11428000
GA,Lavonia,64,13568000
GA,Lawrenceville,270,47974000
GA,Leary,1,88000
GA,Leesburg,44,16695000
GA,Lenox,30,5449000
GA,Leslie,1,88000
GA,Lexington,4,344000
GA,Lilburn,30,3230000
GA,Lincolnton,4,1480000
GA,Lithia Springs,292,79547000
GA,Lithonia,582,145657000
GA,Locust Grove,198,46030000
GA,Loganville,93,27351000
GA,Louisville,9,4644000
GA,Ludowici,9,4772000
GA,Lula,23,5340000
GA,Lumber City,12,6951000
GA,Lumpkin,16,12260000
GA,Luthersville,6,3463000
GA,Lyons,20,9472000
GA,Mableton,68,10820000
GA,Macon,789,201345000
GA,Madison,87,27928000
GA,Manchester,7,3084000
GA,Mansfield,5,1500000
GA,Marblehill,4,1484000
GA,Marietta,1249,262711000
GA,Martin,3,368000
GA,Matthews,5,520000
GA,Mauk,2,1320000
GA,Maysville,51,5996000
GA,Mc Intyre,2,1920000
GA,Mc Rae Helena,1,80000
GA,McDonough,474,101093000
GA,McIntyre,5,3476000
GA,McRae-Helena,8,3920000
GA,Meansville,4,3680000
GA,Meigs,5,1940000
GA,Menlo,14,6064000
GA,Mershon,1,88000
GA,Metter,25,5604000
GA,Midland,13,1432000
GA,Midway,64,14480000
GA,Milledgeville,43,14509000
GA,Millen,10,2324000
GA,Milner,31,7334000
GA,Mineral Bluff,3,1276000
GA,Mitchell,1,144000
GA,Molena,18,7744000
GA,Monroe,100,41554000
GA,Montezuma,10,4496000
GA,Monticello,5,4664000
GA,Montrose,20,5387000
GA,Moreland,61,14058000
GA,Morrow,206,56122000
GA,Moultrie,15,2818000
GA,Mount Airy,6,568000
GA,Mount Vernon,1,96000
GA,Mt Airy,10,1000000
GA,Mt Vernon,3,2696000
GA,Musella,5,472000
GA,Nahunta,1,88000
GA,Nashville,5,2904000
GA,Naylor,4,2128000
GA,Newington,5,3312000
GA,Newnan,445,139777000
GA,Newton,2,176000
GA,Nicholls,7,3460000
GA,Nicholson,7,1530000
GA,Norcross,887,191184000
GA,Norman Park,4,1828000
GA,Norwood,46,14139000
GA,Oakfield,8,1940000
GA,Oakwood,6,688000
GA,Ochlocknee,4,1512000
GA,Ocilla,1,120000
GA,Oglethorpe,5,1884000
GA,Oxford,9,3736000
GA,Palmetto,58,16882000
GA,Parrott,6,1520000
GA,Patterson,6,2144000
GA,Peachtree City,33,11520000
GA,Peachtree Corners,21,3719000
GA,Pearson,6,2776000
GA,Pelham,15,6244000
GA,Pembroke,32,6903000
GA,Pendergrass,101,18275000
GA,Perry,197,63828000
GA,Pine Mountain,41,9909000
GA,Pine Mountain Valley,8,3000000
GA,Pinehurst,23,4109000
GA,Pitts,2,1320000
GA,Pooler,174,38404000
GA,Port Wentworth,153,30812000
GA,Portal,3,1700000
GA,Poulan,8,1740000
GA,Powder Springs,14,3619000
GA,Preston,8,3456000
GA,Quitman,13,3260000
GA,Rabun Gap,1,88000
GA,Ray City,2,240000
GA,Register,27,6030000
GA,Reidsville,5,1930000
GA,Resaca,47,11229000
GA,Rex,65,15183000
GA,Reynolds,11,4244000
GA,Rhine,1,120000
GA,Riceboro,54,14206000
GA,Richland,16,3434000
GA,Richmond Hill,133,23188000
GA,Rincon,14,3999000
GA,Ringgold,216,47154000
GA,Rising Fawn,5,2205000
GA,Riverdale,3,328000
GA,Roberta,2,184000
GA,Rochelle,2,160000
GA,Rock Spring,5,1416000
GA,Rockledge,4,432000
GA,Rockmart,34,13524000
GA,Rocky Ford,1,80000
GA,Rome,51,18503000
GA,Rossville,19,1936000
GA,Roswell,122,18497000
GA,Royston,7,3808000
GA,Rutledge,26,9568000
GA,Rydal,7,688000
GA,Saint Marys,2,192000
GA,Sale City,1,88000
GA,Sandersville,4,4480000
GA,Sardis,3,1216000
GA,Savannah,686,127116000
GA,Scottdale,6,996000
GA,Screven,2,1296000
GA,Senoia,50,17244000
GA,Sharpsburg,50,18256000
GA,Shellman,1,144000
GA,Shiloh,10,4487000
GA,Silver Creek,16,6818000
GA,Smyrna,419,94757000
GA,Snellville,20,4962000
GA,Social Circle,73,22389000
GA,Soperton,63,19591000
GA,Sparks,42,10635000
GA,Sparta,11,2256000
GA,Springfield,6,1588000
GA,Stapleton,5,3272000
GA,Statenville,2,1188000
GA,Statesboro,31,15060000
GA,Statham,10,2164000
GA,Stephens,5,3896000
GA,Stockbridge,515,118457000
GA,Stone Mountain,266,39607000
GA,Suches,1,88000
GA,Summerville,16,7100000
GA,Sumner,6,3356000
GA,Surrency,2,1144000
GA,Suwanee,251,54350000
GA,Swainsboro,16,2512000
GA,Sycamore,35,9626000
GA,Sylvania,22,8717000
GA,Sylvester,11,3372000
GA,Talbotton,1,80000
GA,Talking Rock,4,1820000
GA,Tallapoosa,39,5980000
GA,Talmo,2,264000
GA,Tarrytown,2,1080000
GA,Tate,4,2080000
GA,Temple,75,27349000
GA,The Rock,3,2032000
GA,Thomaston,32,10936000
GA,Thomasville,24,11220000
GA,Thomson,74,22383000
GA,Tifton,82,27801000
GA,Tignall,1,120000
GA,Toccoa,31,14439000
GA,Toomsboro,4,1420000
GA,Townsend,56,12742000
GA,Trenton,93,20981000
GA,Trion,5,1448000
GA,Tucker,405,93049000
GA,Tunnel Hill,38,6860000
GA,Twin City,25,8193000
GA,Ty Ty,4,3132000
GA,Tybee Island,1,15000
GA,Tyrone,8,1058000
GA,Unadilla,18,5661000
GA,Union City,162,41281000
GA,Union Point,6,2408000
GA,Upatoi,3,1968000
GA,Uvalda,2,216000
GA,Valdosta,150,46437000
GA,Vidalia,18,9808000
GA,Vienna,33,9557000
GA,Villa Rica,142,40292000
GA,Waco,60,16271000
GA,Wadley,3,3396000
GA,Warm Springs,17,10544000
GA,Warner Robins,77,33764000
GA,Warrenton,14,3772000
GA,Warwick,1,96000
GA,Washington,23,7160000
GA,Watkinsville,8,784000
GA,Waverly,51,8697000
GA,Waycross,35,8946000
GA,Waynesboro,27,8496000
GA,West Green,4,1452000
GA,West Point,91,26441000
GA,Weston,1,80000
GA,White,24,9484000
GA,White Oak,6,1596000
GA,Wildwood,85,16248000
GA,Willacoochee,2,1920000
GA,Williamson,23,5004000
GA,Winder,48,15086000
GA,Winston,25,5598000
GA,Winterville,2,176000
GA,Woodbine,33,8137000
GA,Woodbury,20,9151000
GA,Woodland,3,1168000
GA,Woodstock,167,42894000
GA,Wrens,2,154000
GA,Young Harris,6,3064000
GA,Zebulon,15,1400000
IA,Ackley,1,144000
IA,Adair,48,9319000
IA,Adel,48,10785000
IA,Afton,5,2496000
IA,Ainsworth,14,3320000
IA,Albert City,6,3396000
IA,Albia,6,4400000
IA,Albion,2,1644000
IA,Alden,4,1520000
IA,Algona,1,144000
IA,Allison,1,120000
IA,Alta,3,368000
IA,Alton,6,2408000
IA,Altoona,115,21968000
IA,Amana,4,1380000
IA,Ames,177,35748000
IA,Anamosa,21,4547000
IA,Anita,68,13707000
IA,Ankeny,180,37165000
IA,Argyle,2,184000
IA,Armstrong,5,3240000
IA,Ashton,1,144000
IA,Atalissa,17,2692000
IA,Atkins,4,432000
IA,Atlantic,80,21215000
IA,Auburn,2,1296000
IA,Audubon,1,144000
IA,Avoca,60,11768000
IA,Batavia,11,2202000
IA,Bedford,1,96000
IA,Belle Plaine,7,3576000
IA,Bellevue,2,176000
IA,Belmond,5,504000
IA,Bernard,3,384000
IA,Bettendorf,121,33354000
IA,Birmingham,6,3520000
IA,Blairsburg,10,2084000
IA,Blakesburg,1,120000
IA,Blencoe,12,4287000
IA,Bloomfield,16,4220000
IA,Blue Grass,5,1400000
IA,Bondurant,23,2266000
IA,Boone,51,15330000
IA,Bouton,1,120000
IA,Boxholm,1,80000
IA,Bradgate,2,1180000
IA,Brandon,26,7354000
IA,Brayton,11,5444000
IA,Brighton,1,88000
IA,Brooklyn,39,9080000
IA,Bryant,1,120000
IA,Buckingham,3,2000000
IA,Burlington,5,850000
IA,Bussey,5,1544000
IA,Calamus,4,1796000
IA,Camanche,1,144000
IA,Cambridge,116,19517000
IA,Carlisle,24,3508000
IA,Carroll,7,6376000
IA,Carson,2,232000
IA,Cascade,6,608000
IA,Casey,22,4610000
IA,Cedar Falls,19,5196000
IA,Cedar Rapids,435,84482000
IA,Center Point,29,4089000
IA,Centerville,12,4756000
IA,Central City,4,328000
IA,Chariton,12,1304000
IA,Charles City,3,2796000
IA,Cherokee,3,368000
IA,Clarence,1,144000
IA,Clarinda,1,80000
IA,Clear Lake,30,4832000
IA,Clinton,14,5532000
IA,Clive,127,18368000
IA,Colfax,76,15513000
IA,Collins,4,2468000
IA,Colo,3,304000
IA,Columbia,2,1180000
IA,Columbus Junction,7,2092000
IA,Conrad,7,3512000
IA,Coon Rapids,4,3288000
IA,Coralville,101,18421000
IA,Corning,3,280000
IA,Correctionville,5,496000
IA,Corydon,9,4108000
IA,Council Bluffs,337,70055000
IA,Crawfordsville,4,352000
IA,Crescent,45,8654000
IA,Cresco,2,1180000
IA,Creston,8,872000
IA,Cumming,64,11463000
IA,Dallas Center,2,240000
IA,Danville,5,528000
IA,Davenport,273,50646000
IA,Davis City,6,1752000
IA,Dawson,3,320000
IA,Dayton,3,1240000
IA,De Soto,64,18389000
IA,De Witt,22,5187000
IA,Decatur,6,1002000
IA,Decorah,1,120000
IA,Dedham,1,1800000
IA,Deep River,1,80000
IA,Delmar,19,7135000
IA,Denison,9,5504000
IA,Des Moines,1093,185682000
IA,Dexter,51,8978000
IA,Dike,11,4335000
IA,Donnellson,16,4243000
IA,Doon,3,312000
IA,Dows,17,1979000
IA,Dubuque,21,7748000
IA,Durant,27,6420000
IA,Dyersville,11,2920000
IA,Dysart,3,296000
IA,Earlham,38,7718000
IA,Earling,3,1384000
IA,Earlville,2,176000
IA,Early,9,6032000
IA,Eddyville,12,3551000
IA,Elberon,2,240000
IA,Eldon,5,3108000
IA,Eldora,3,272000
IA,Eldridge,10,4320000
IA,Elgin,1,88000
IA,Elkader,4,2368000
IA,Elkhart,68,12668000
IA,Ellsworth,76,14160000
IA,Elma,1,96000
IA,Ely,4,480000
IA,Emerson,3,639000
IA,Emmetsburg,7,4180000
IA,Epworth,5,1532000
IA,Evansdale,28,3843000
IA,Exira,1,88000
IA,Fairfax,9,1178000
IA,Fairfield,12,6280000
IA,Farley,4,432000
IA,Farmersburg,2,160000
IA,Floyd,9,2012000
IA,Forest City,1,96000
IA,Fort Atkinson,2,168000
IA,Fort Dodge,9,912000
IA,Fort Madison,5,608000
IA,Fredericksburg,1,120000
IA,Fremont,3,1400000
IA,Galva,1,120000
IA,Garner,3,1232000
IA,Gilbert,1,144000
IA,Glenwood,1,1000000
IA,Glidden,2,2100000
IA,Goldfield,2,1920000
IA,Goose Lake,2,224000
IA,Gowrie,3,1364000
IA,Grand Junction,6,3756000
IA,Granger,11,3854000
IA,Granville,2,232000
IA,Grimes,46,8390000
IA,Grinnell,159,28503000
IA,Griswold,2,208000
IA,Grundy Center,1,88000
IA,Guthrie Center,1,88000
IA,Hamburg,12,1728000
IA,Hampton,5,2480000
IA,Hanlontown,3,1976000
IA,Harcourt,1,1200000
IA,Harlan,2,240000
IA,Harper,2,1888000
IA,Harpers Ferry,5,5619000
IA,Hartford,3,1976000
IA,Harvey,1,144000
IA,Hastings,2,264000
IA,Havelock,6,2735000
IA,Hawarden,1,80000
IA,Hazleton,2,1180000
IA,Hiawatha,13,2503000
IA,Hinton,6,584000
IA,Holland,5,552000
IA,Holstein,1,120000
IA,Homestead,31,8057000
IA,Hopkinton,4,344000
IA,Hospers,1,96000
IA,Hudson,1,120000
IA,Hull,6,3258000
IA,Humeston,4,2564000
IA,Huxley,14,4832000
IA,Imogene,1,96000
IA,Independence,11,2084000
IA,Indianola,8,1756000
IA,Ionia,1,96000
IA,Iowa City,433,72369000
IA,Iowa Falls,28,6028000
IA,Janesville,1,80000
IA,Jefferson,6,3992000
IA,Jesup,11,3341000
IA,Jewell,1,300000
IA,Johnston,37,4812000
IA,Jolley,3,1340000
IA,Kalona,4,408000
IA,Kellogg,64,13882000
IA,Kensett,6,962000
IA,Keokuk,1,96000
IA,Keota,2,1588000
IA,Keystone,4,352000
IA,Knoxville,9,3208000
IA,La Motte,1,96000
IA,La Porte City,6,818000
IA,Ladora,6,656000
IA,Lake View,1,80000
IA,Lakota,2,1320000
IA,Lamoni,6,648000
IA,Lamont,1,80000
IA,Lansing,2,1096000
IA,Latimer,16,3312000
IA,Lawton,1,88000
IA,Le Claire,53,9467000
IA,Le Mars,15,4166000
IA,Lee,7,2622000
IA,Leighton,4,456000
IA,Lenox,1,80000
IA,Leon,2,288000
IA,Letts,2,184000
IA,Linden,3,1200000
IA,Lineville,4,2516000
IA,Lisbon,1,88000
IA,Little Rock,1,120000
IA,Little Sioux,7,816000
IA,Lockridge,1,88000
IA,Long Grove,14,3628000
IA,Lost Nation,1,80000
IA,Lucas,8,4284000
IA,Luxemburg,1,120000
IA,Luzerne,1,80000
IA,Lytton,6,3124000
IA,Madrid,7,3428000
IA,Malcom,56,9404000
IA,Malvern,3,384000
IA,Manchester,7,730000
IA,Manly,9,1314000
IA,Manning,3,1400000
IA,Manson,2,371000
IA,Mapleton,7,3164000
IA,Maquoketa,7,1926000
IA,Marcus,1,120000
IA,Marengo,47,7435000
IA,Marion,45,9219000
IA,Marne,46,11613000
IA,Marquette,2,1896000
IA,Marshalltown,28,10104000
IA,Martelle,2,1596000
IA,Mason City,32,13332000
IA,Masonville,2,1088000
IA,Massena,3,352000
IA,Maurice,2,1296000
IA,Maxwell,5,2208000
IA,Mechanicsville,3,320000
IA,Mediapolis,1,96000
IA,Melbourne,10,960000
IA,Menlo,13,2885000
IA,Meriden,3,288000
IA,Merrill,3,296000
IA,Miles,3,1276000
IA,Minden,49,16559000
IA,Mingo,1,80000
IA,Missouri Valley,51,13438000
IA,Mitchellville,42,9128000
IA,Modale,11,2100000
IA,Mondamin,10,1541000
IA,Monroe,2,240000
IA,Monticello,11,4422000
IA,Montour,3,408000
IA,Montrose,1,1500000
IA,Moorland,1,275000
IA,Moravia,1,144000
IA,Moulton,6,2044000
IA,Mount Pleasant,20,5376000
IA,Mount Vernon,3,1700000
IA,Moville,1,144000
IA,Mt Ayr,1,1100000
IA,Mt Pleasant,6,592000
IA,Mt Vernon,1,144000
IA,Muscatine,10,980000
IA,Nashua,1,144000
IA,Nemaha,3,1416000
IA,Neola,37,9901000
IA,Nevada,15,2536000
IA,New Hampton,8,3076000
IA,New London,2,240000
IA,New Market,2,1320000
IA,New Virginia,38,5623000
IA,Newhall,6,1568000
IA,Newton,153,30959000
IA,Nichols,3,1192000
IA,Nora Springs,4,400000
IA,North Liberty,134,28293000
IA,Northwood,14,2790000
IA,Norwalk,15,4322000
IA,Norway,7,2107000
IA,Oakland,1,88000
IA,Ocheyedan,1,96000
IA,Odebolt,1,144000
IA,Oelwein,8,2960000
IA,Ogden,9,5416000
IA,Olin,2,1244000
IA,Onawa,10,1996000
IA,Onslow,2,1244000
IA,Orchard,4,2676000
IA,Osceola,29,8106000
IA,Oskaloosa,19,4543000
IA,Otley,9,3704000
IA,Ottumwa,44,17599000
IA,Oxford,57,8380000
IA,Pacific Junction,44,11032000
IA,Palo,4,368000
IA,Parkersburg,1,120000
IA,Paullina,2,1596000
IA,Pella,6,1516000
IA,Peosta,19,9514000
IA,Percival,30,10326000
IA,Perry,4,450000
IA,Pilot Mound,1,80000
IA,Plainfield,2,370000
IA,Pleasant Hill,88,14890000
IA,Pleasantville,2,192000
IA,Pocahontas,2,1888000
IA,Polk City,3,239000
IA,Pomeroy,5,1587000
IA,Portsmouth,1,80000
IA,Postville,1,96000
IA,Prairie City,4,671000
IA,Princeton,3,1788000
IA,Prole,22,5268000
IA,Radcliffe,1,88000
IA,Randalia,3,1376000
IA,Readlyn,6,3448000
IA,Rembrandt,3,272000
IA,Remsen,6,2500000
IA,Renwick,2,1280000
IA,Rhodes,3,588000
IA,Richland,2,1580000
IA,Riverside,26,9928000
IA,Rock Rapids,1,1200000
IA,Rock Valley,3,344000
IA,Rockwell,4,1460000
IA,Rockwell City,2,1080000
IA,Rowan,1,96000
IA,Rowley,6,672000
IA,Rudd,7,1074000
IA,Runnells,4,472000
IA,Ruthven,2,1280000
IA,Sabula,4,3060000
IA,Saint Ansgar,3,3388000
IA,Saint Charles,24,3659000
IA,Saint Olaf,1,96000
IA,Salem,2,264000
IA,Salix,21,9217000
IA,Sanborn,2,1280000
IA,Schaller,1,96000
IA,Scranton,4,2376000
IA,Searsboro,2,1620000
IA,Sergeant Bluff,14,4140000
IA,Seymour,2,1880000
IA,Sheffield,4,1336000
IA,Shelby,62,15318000
IA,Sheldon,7,5968000
IA,Shenandoah,4,1264000
IA,Sibley,12,2188000
IA,Sigourney,2,288000
IA,Sioux Center,5,1416000
IA,Sioux City,78,19599000
IA,Sloan,31,3247000
IA,Solon,2,224000
IA,Somers,6,656000
IA,South Amana,14,1488000
IA,Spencer,1,120000
IA,Sperry,5,1752000
IA,Spirit Lake,8,3940000
IA,Springville,4,528000
IA,St Charles,24,2624000
IA,Stanwood,2,264000
IA,State Center,2,168000
IA,Steamboat Rock,13,1440000
IA,Stockton,5,520000
IA,Storm Lake,14,4972000
IA,Story City,58,11321000
IA,Strawberry Point,2,1588000
IA,Stuart,67,15809000
IA,Swaledale,1,450000
IA,Swan,5,820000
IA,Swisher,127,24503000
IA,Tama,18,8863000
IA,Thayer,1,96000
IA,Thornton,5,1468000
IA,Thurman,7,2083000
IA,Tiffin,53,9619000
IA,Tipton,23,3956000
IA,Toddville,8,1768000
IA,Toledo,1,88000
IA,Traer,2,2900000
IA,Treynor,4,504000
IA,Truro,6,1127000
IA,Underwood,43,11062000
IA,Urbana,11,2092000
IA,Urbandale,281,57381000
IA,Ute,3,460000
IA,Van Horne,11,2296000
IA,Van Wert,4,3325000
IA,Victor,36,8335000
IA,Villisca,2,216000
IA,Vinton,10,3068000
IA,Walcott,74,15276000
IA,Walford,2,1220000
IA,Wall Lake,2,288000
IA,Walnut,44,9699000
IA,Washington,4,2440000
IA,Waterloo,76,18551000
IA,Watkins,4,440000
IA,Waukee,75,18698000
IA,Waukon,2,176000
IA,Waverly,21,5952000
IA,Webster City,29,6984000
IA,Wellman,2,1320000
IA,Wellsburg,1,80000
IA,Welton,3,312000
IA,West Branch,111,17124000
IA,West Burlington,1,144000
IA,West Des Moines,311,63613000
IA,West Liberty,22,6325000
IA,West Point,4,360000
IA,West Union,4,2088000
IA,Wever,2,176000
IA,Wheatland,4,2096000
IA,Whiting,8,1992000
IA,Williams,57,9744000
IA,Williamsburg,14,3200000
IA,Wilton,26,3748000
IA,Windsor Heights,36,5954000
IA,Winterset,1,300000
IA,Winthrop,2,192000
IA,Woodburn,2,570000
IA,Woodward,5,402000
IA,Worthington,3,1716000
IA,Zwingle,8,856000
ID,Aberdeen,1,96000
ID,American Falls,15,3672000
ID,Arco,7,3004000
ID,Arimo,2,240000
ID,Ashton,1,96000
ID,Athol,4,352000
ID,Bancroft,1,88000
ID,Banks,5,1844000
ID,Bellevue,2,168000
ID,Blackfoot,39,5932000
ID,Blanchard,3,272000
ID,Bliss,26,2680000
ID,Boise,1561,177773000
ID,Bonners Ferry,1,96000
ID,Bruneau,2,1920000
ID,Buhl,4,464000
ID,Burley,4,3564000
ID,Caldwell,265,51888000
ID,Cambridge,4,488000
ID,Carey,2,1096000
ID,Cascade,12,1216000
ID,Cataldo,9,1437000
ID,Coeur D Alene,45,7973000
ID,Corral,3,2888000
ID,Council,3,296000
ID,Craigmont,5,2964000
ID,Culdesac,6,1564000
ID,Declo,29,2952000
ID,Downey,8,912000
ID,Driggs,2,1920000
ID,Dubois,25,3720000
ID,Eagle,191,23532000
ID,Eden,29,6884000
ID,Elk City,2,168000
ID,Emmett,3,320000
ID,Filer,3,304000
ID,Firth,43,9800000
ID,Fruitland,16,4024000
ID,Garden City,107,12072000
ID,Genesee,1,88000
ID,Gibbonsville,1,144000
ID,Glenns Ferry,35,6928000
ID,Grand View,1,96000
ID,Grangeville,4,392000
ID,Greenleaf,1,120000
ID,Hagerman,1,120000
ID,Hamer,4,520000
ID,Hammett,34,4948000
ID,Harrison,4,1428000
ID,Hayden,2,264000
ID,Hazelton,52,14388000
ID,Heyburn,13,1424000
ID,Holbrook,1,144000
ID,Homedale,1,88000
ID,Hope,1,120000
ID,Horseshoe Bend,5,600000
ID,Howe,5,3344000
ID,Idaho Falls,57,11780000
ID,Inkom,12,3140000
ID,Irwin,6,568000
ID,Island Park,15,1696000
ID,Jerome,89,14680000
ID,Juliaetta,2,184000
ID,Kamiah,2,1920000
ID,Kellogg,2,1896000
ID,Kendrick,2,2600000
ID,King Hill,50,7008000
ID,Kingston,1,144000
ID,Kooskia,1,80000
ID,Kuna,30,4172000
ID,Lava Hot Springs,4,432000
ID,Lenore,2,2700000
ID,Lewiston,5,1588000
ID,Mackay,2,1888000
ID,Malad City,26,2736000
ID,Malta,48,10424000
ID,Marsing,2,1180000
ID,Mccall,7,1668000
ID,Mccammon,7,832000
ID,Medimont,1,1500000
ID,Melba,2,1288000
ID,Meridian,1560,167718000
ID,Middleton,1,1000000
ID,Midvale,7,720000
ID,Montpelier,1,80000
ID,Moore,2,264000
ID,Moscow,3,280000
ID,Mountain Home,82,17432000
ID,Mullan,41,4352000
ID,Murphy,12,4244000
ID,Murtaugh,1,120000
ID,Nampa,394,52915000
ID,New Meadows,10,5960000
ID,New Plymouth,17,2624000
ID,Newdale,4,456000
ID,Nezperce,1,88000
ID,Oldtown,1,80000
ID,Orofino,2,1144000
ID,Osburn,4,1496000
ID,Parma,7,4340000
ID,Payette,1,1500000
ID,Pinehurst,2,594000
ID,Pocatello,64,10844000
ID,Post Falls,36,5332000
ID,Potlatch,1,96000
ID,Rathdrum,6,2304000
ID,Rexburg,11,2952000
ID,Richfield,6,6680000
ID,Rigby,7,1764000
ID,Ririe,15,4432000
ID,Roberts,2,394000
ID,Rogerson,2,208000
ID,Rupert,3,328000
ID,Sagle,2,1088000
ID,Saint Anthony,16,2840000
ID,Salmon,1,80000
ID,Sandpoint,6,2692000
ID,Shelley,18,3220000
ID,Shoshone,5,1908000
ID,Spalding,3,1232000
ID,Spencer,18,3600000
ID,Star,26,2464000
ID,Sugar City,6,1980000
ID,Swan Valley,3,1724000
ID,Tensed,5,1596000
ID,Teton,2,1596000
ID,Tetonia,2,176000
ID,Twin Falls,34,10760000
ID,Viola,1,120000
ID,Wallace,14,2996000
ID,Weiser,19,6844000
ID,Wendell,8,904000
ID,White Bird,3,320000
ID,Wilder,2,184000
ID,Winchester,1,88000
ID,Worley,1,144000
IL,Addison,574,74927000
IL,Albers,15,5315000
IL,Alexander,3,950000
IL,Algonquin,14,1394000
IL,Alma,13,4921000
IL,Alpha,1,250000
IL,Alsip,168,30256000
IL,Altamont,15,3608000
IL,Alton,11,1516000
IL,Anna,5,1750000
IL,Antioch,250,30084000
IL,Arcola,19,7791000
IL,Argenta,3,1050000
IL,Arlington Heights,180,32949000
IL,Armington,1,88000
IL,Ashkum,22,6938000
IL,Ashton,8,1410000
IL,Atkinson,1,375000
IL,Atlanta,7,2325000
IL,Auburn,1,96000
IL,Aurora,125,28860000
IL,Avon,1,80000
IL,Baldwin,1,88000
IL,Bannockburn,3,288000
IL,Barnhill,10,3230000
IL,Barrington,509,63942000
IL,Barry,6,2300000
IL,Bartlett,284,30205000
IL,Batavia,4,1432000
IL,Beach Park,77,13531000
IL,Beecher,9,6352000
IL,Belleville,18,4328000
IL,Bellwood,112,33156000
IL,Belvidere,62,10955000
IL,Bensenville,324,30553000
IL,Benton,36,11947000
IL,Berkeley,236,41264000
IL,Berwyn,268,74954000
IL,Bloomingdale,201,20220000
IL,Bloomington,50,16064000
IL,Blue Island,25,4625000
IL,Bluffs,5,1575000
IL,Bolingbrook,448,112225000
IL,Bonfield,3,242000
IL,Bonnie,4,1400000
IL,Bourbonnais,56,17839000
IL,Braceville,16,3718000
IL,Bradley,3,1825000
IL,Braidwood,38,11214000
IL,Breese,3,3080000
IL,Bridgeview,226,46719000
IL,Brimfield,21,6559000
IL,Bristol,1,144000
IL,Broadview,7,2107000
IL,Brookfield,8,2504000
IL,Brownstown,16,5575000
IL,Buckley,17,4938000
IL,Buffalo,10,3169000
IL,Buffalo Grove,226,25481000
IL,Buncombe,2,825000
IL,Burbank,10,2492000
IL,Burnt Prairie,4,1350000
IL,Burr Ridge,15,1288000
IL,Cabery,1,144000
IL,Caledonia,21,4079000
IL,Calumet City,179,53457000
IL,Carbondale,4,432000
IL,Carlock,7,2550000
IL,Carol Stream,355,37255000
IL,Carpentersville,2,176000
IL,Carrier Mills,1,96000
IL,Cary,4,448000
IL,Casey,17,5671000
IL,Caseyville,72,21331000
IL,Cave-in-Rock,3,1635000
IL,Centralia,3,1050000
IL,Champaign,148,47296000
IL,Channahon,78,26259000
IL,Chatham,1,144000
IL,Chebanse,16,5541000
IL,Chenoa,21,6484000
IL,Cherry Valley,39,7749000
IL,Chester,2,1188000
IL,Chicago,9258,2425804000
IL,Chicago Heights,110,13841000
IL,Chicago Ridge,56,7702000
IL,Chillicothe,1,80000
IL,Cicero,20,7390000
IL,Cisco,5,1700000
IL,Clarendon Hills,48,4450000
IL,Clifton,8,2394000
IL,Coal City,5,3025000
IL,Coal Valley,2,471000
IL,Collinsville,137,46639000
IL,Colona,27,8992000
IL,Columbia,20,4415000
IL,Compton,1,300000
IL,Country Club Hills,77,20901000
IL,Countryside,59,15463000
IL,Crest Hill,5,3080000
IL,Crestwood,13,1184000
IL,Crete,16,1707000
IL,Creve Coeur,38,8117000
IL,Crystal Lake,17,3112000
IL,Cullom,1,88000
IL,Danforth,3,900000
IL,Danville,32,9941000
IL,Darien,213,41010000
IL,Dawson,2,600000
IL,Decatur,19,5297000
IL,Deer Creek,9,1557000
IL,Deer Park,20,2096000
IL,Deerfield,307,54225000
IL,Dekalb,44,12024000
IL,Delavan,5,1407000
IL,Dennison,13,4968000
IL,Des Plaines,548,105781000
IL,Dewey,1,88000
IL,Divernon,18,6046000
IL,Dix,23,7054000
IL,Dixon,35,9646000
IL,Dolton,27,5005000
IL,Dongola,8,2425000
IL,Downers Grove,724,95618000
IL,Downs,12,4050000
IL,Dundee,22,4184000
IL,Dupo,22,5995000
IL,Dwight,46,14616000
IL,East Alton,1,1800000
IL,East Carondelet,2,550000
IL,East Dubuque,8,904000
IL,East Hazel Crest,2,288000
IL,East Moline,13,3746000
IL,East Peoria,233,40352000
IL,East Saint Louis,339,101072000
IL,East St Louis,154,37762000
IL,East St. Louis,1,275000
IL,Edgewood,12,3725000
IL,Edwards,15,4900000
IL,Edwardsville,79,18979000
IL,Effingham,59,19623000
IL,El Paso,1,96000
IL,Elburn,20,4674000
IL,Elgin,563,107081000
IL,Elizabeth,1,10000
IL,Elk Grove Village,203,47320000
IL,Elkhart,31,9468000
IL,Elmhurst,944,189452000
IL,Elmwood Park,3,219000
IL,Elwood,11,2336000
IL,Emden,1,250000
IL,Erie,5,1800000
IL,Eureka,1,80000
IL,Evanston,10,3419000
IL,Evergreen Park,4,376000
IL,Fairfield,1,375000
IL,Fairview Heights,70,20533000
IL,Farina,28,8463000
IL,Farmer City,14,4371000
IL,Farmersville,12,3594000
IL,Fenton,2,346000
IL,Fithian,8,2525000
IL,Flossmoor,2,200000
IL,Forest Park,243,70596000
IL,Forrest,1,80000
IL,Forreston,1,144000
IL,Fox Lake,43,8152000
IL,Fox River Grove,5,552000
IL,Frankfort,10,1902000
IL,Franklin Grove,1,250000
IL,Franklin Park,150,24212000
IL,Freeburg,1,144000
IL,Freeport,3,1300000
IL,Fulton,1,88000
IL,Galena,1,96000
IL,Galesburg,13,3763000
IL,Garden Prairie,19,3691000
IL,Gardner,26,8620000
IL,Geneseo,24,7417000
IL,Geneva,3,408000
IL,Gilberts,39,5280000
IL,Gilman,4,1350000
IL,Gilson,4,1325000
IL,Glen Carbon,47,13084000
IL,Glen Ellyn,321,37132000
IL,Glenarm,16,5069000
IL,Glencoe,49,14895000
IL,Glendale Heights,285,26678000
IL,Glenview,50,8084000
IL,Glenwood,9,968000
IL,Godfrey,3,1392000
IL,Golf,1,88000
IL,Goodfield,16,4580000
IL,Goreville,23,7157000
IL,Grand Ridge,1,80000
IL,Granite City,194,52676000
IL,Grant Park,6,567000
IL,Grantsburg,2,825000
IL,Grayslake,506,57546000
IL,Grayville,11,4085000
IL,Great Lakes,21,2127000
IL,Green Valley,7,648000
IL,Greenup,13,5163000
IL,Greenville,25,8218000
IL,Griggsville,10,3750000
IL,Groveland,7,752000
IL,Gurnee,779,91569000
IL,Hainesville,18,2054000
IL,Hamel,10,6187000
IL,Hampshire,61,12199000
IL,Hanna City,2,176000
IL,Hanover Park,336,33812000
IL,Harmon,2,240000
IL,Harrisburg,1,80000
IL,Hartford,1,144000
IL,Hartsburg,5,1575000
IL,Harvard,4,2424000
IL,Harvey,34,4089000
IL,Harwood Heights,3,384000
IL,Hawthorn Woods,30,3999000
IL,Hazel Crest,237,51371000
IL,Hebron,1,144000
IL,Henry,1,120000
IL,Herscher,1,10000
IL,Hickory Hills,31,4916000
IL,Highland,23,8210000
IL,Highland Park,156,18323000
IL,Highwood,11,2532000
IL,Hillsboro,2,1896000
IL,Hillsdale,12,4000000
IL,Hillside,451,115729000
IL,Hinsdale,287,37080000
IL,Hoffman Estates,222,49092000
IL,Homer Glen,30,6233000
IL,Homewood,10,1652000
IL,Hopedale,8,1103000
IL,Hoyleton,1,80000
IL,Hudson,2,900000
IL,Hull,6,1850000
IL,Humboldt,3,1100000
IL,Huntley,66,16974000
IL,Illiopolis,8,2325000
IL,Ina,17,6125000
IL,Indian Creek,3,320000
IL,Indian Head Park,3,705000
IL,Ingleside,187,20792000
IL,Island Lake,12,1256000
IL,Itasca,272,56357000
IL,Jacksonville,20,6202000
IL,Johnston City,1,375000
IL,Joliet,476,134125000
IL,Justice,191,29943000
IL,Kane,1,120000
IL,Kankakee,63,16202000
IL,Keenes,1,275000
IL,Kell,11,3229000
IL,Kildeer,43,4684000
IL,Kincaid,1,120000
IL,Kinmundy,4,893000
IL,Knoxville,11,3575000
IL,La Grange,756,177477000
IL,La Grange Highlands,2,288000
IL,La Grange Park,2,168000
IL,La Salle,54,17315000
IL,Ladd,1,96000
IL,Lake Barrington,14,1767000
IL,Lake Bluff,162,22725000
IL,Lake Forest,555,72122000
IL,Lake In The Hills,13,5704000
IL,Lake Villa,226,28407000
IL,Lake Zurich,817,91789000
IL,Lakemoor,12,1162000
IL,Lansing,351,84963000
IL,Lawndale,1,250000
IL,Le Roy,11,3800000
IL,Lebanon,18,8739000
IL,Lee,1,250000
IL,Lemont,92,15615000
IL,Lena,1,144000
IL,Lenzburg,1,144000
IL,Lexington,22,7425000
IL,Libertyville,630,81383000
IL,Lincoln,61,18843000
IL,Lincolnshire,112,15244000
IL,Lincolnwood,24,4719000
IL,Lindenhurst,14,2548000
IL,Lindenwood,20,6795000
IL,Lisle,384,56878000
IL,Litchfield,50,15887000
IL,Livingston,4,883000
IL,Lockport,63,8672000
IL,Lombard,570,64576000
IL,Long Grove,142,16536000
IL,Lostant,15,4744000
IL,Loves Park,6,802000
IL,Ludlow,3,975000
IL,Lyndon,9,3750000
IL,Lynn Center,15,4925000
IL,Lyons,9,920000
IL,Machesney Park,13,4615000
IL,Mackinaw,15,1415000
IL,Macomb,1,120000
IL,Madison,1,120000
IL,Mahomet,33,10995000
IL,Malta,6,787000
IL,Manhattan,12,3936000
IL,Mansfield,14,4430000
IL,Manteno,29,8867000
IL,Maple Park,25,4922000
IL,Marengo,67,14689000
IL,Marine,22,7305000
IL,Marion,48,14055000
IL,Markham,140,36520000
IL,Marquette Heights,2,216000
IL,Marseilles,29,6496000
IL,Marshall,17,5001000
IL,Martinsville,8,3600000
IL,Mascoutah,43,13394000
IL,Mason,8,2121000
IL,Matteson,142,41072000
IL,Mattoon,29,9975000
IL,Maywood,233,67339000
IL,Mazon,1,88000
IL,Mc Lean,16,5495000
IL,Mc Leansboro,4,2708000
IL,McClure,1,15000
IL,McHenry,87,9245000
IL,McLean,4,1475000
IL,Medinah,13,1322000
IL,Melrose Park,219,32913000
IL,Mendota,32,9926000
IL,Meredosia,2,575000
IL,Metropolis,33,11569000
IL,Midlothian,27,3453000
IL,Milan,18,6646000
IL,Millstadt,5,2396000
IL,Minier,5,536000
IL,Minonk,9,3045000
IL,Minooka,74,23346000
IL,Mokena,121,32104000
IL,Moline,13,3969000
IL,Momence,2,98000
IL,Monee,68,20944000
IL,Monroe Center,10,3075000
IL,Montgomery,1,88000
IL,Monticello,10,3146000
IL,Montrose,12,3563000
IL,Moro,4,1484000
IL,Morris,104,36721000
IL,Morton,96,18190000
IL,Morton Grove,50,7422000
IL,Mounds,3,900000
IL,Mount Olive,19,5875000
IL,Mount Prospect,7,2520000
IL,Mount Vernon,40,12913000
IL,Mt Carmel,2,224000
IL,Mt Olive,1,144000
IL,Mt Prospect,6,1786000
IL,Mt Vernon,8,1997000
IL,Mulberry Grove,14,6672000
IL,Mundelein,618,70759000
IL,Naperville,325,58503000
IL,Nashville,21,4925000
IL,Neoga,13,5425000
IL,New Athens,2,168000
IL,New Baden,16,4255000
IL,New Berlin,15,5070000
IL,New Douglas,8,2450000
IL,New Haven,2,1620000
IL,New Lenox,169,49310000
IL,New Salem,10,3200000
IL,Niantic,4,1219000
IL,Niles,209,21202000
IL,Normal,56,17119000
IL,Norridge,1,10000
IL,Norris City,1,80000
IL,North Aurora,53,9757000
IL,North Barrington,10,960000
IL,North Chicago,361,46055000
IL,North Pekin,1,80000
IL,North Utica,3,661000
IL,Northbrook,203,33068000
IL,O Fallon,36,10498000
IL,Oak Brook,500,78834000
IL,Oak Forest,80,24320000
IL,Oak Lawn,27,4856000
IL,Oak Park,118,24709000
IL,Oakbrook Terrace,12,1312000
IL,Oakwood,33,10309000
IL,Odell,15,4217000
IL,O'Fallon,14,1914000
IL,Ogden,10,3725000
IL,Oglesby,22,7233000
IL,Okawville,27,9990000
IL,Old Mill Creek,2,224000
IL,Onarga,36,12200000
IL,Opdyke,3,1625000
IL,Oreana,4,1150000
IL,Oregon,1,144000
IL,Orland Park,27,3827000
IL,Oswego,1,88000
IL,Ottawa,48,13995000
IL,Palatine,325,40367000
IL,Palos Heights,8,651000
IL,Palos Hills,11,1112000
IL,Palos Park,5,456000
IL,Park City,7,688000
IL,Park Ridge,83,19217000
IL,Paw Paw,4,1200000
IL,Paxton,15,6330000
IL,Payson,1,450000
IL,Pecatonica,1,96000
IL,Pekin,189,18722000
IL,Peoria,136,38304000
IL,Peotone,63,23203000
IL,Peru,40,10975000
IL,Pesotum,23,7493000
IL,Petersburg,1,120000
IL,Philo,1,144000
IL,Plainfield,240,76885000
IL,Pleasant Plains,1,96000
IL,Pleasant Prairie,3,352000
IL,Pocahontas,17,5710000
IL,Polo,2,1920000
IL,Pontiac,35,11084000
IL,Poplar Grove,2,176000
IL,Port Byron,8,2199000
IL,Posen,237,69081000
IL,Potomac,1,80000
IL,Princeton,20,7338000
IL,Prospect Heights,4,450000
IL,Quincy,7,1942000
IL,Rankin,1,144000
IL,Rantoul,23,7538000
IL,Rapids City,1,120000
IL,Raymond,20,6302000
IL,Red Bud,2,1288000
IL,Rich,1,120000
IL,Richmond,1,96000
IL,Richton Park,20,5177000
IL,Richview,15,5750000
IL,Ridott,1,96000
IL,Rio,7,2850000
IL,River Forest,11,3112000
IL,Riverdale,118,32800000
IL,Riverside,7,1780000
IL,Riverton,19,6225000
IL,Riverwoods,12,1264000
IL,Robbins,28,5367000
IL,Rochelle,56,14424000
IL,Rochester,1,80000
IL,Rock Falls,23,6648000
IL,Rockbridge,1,1100000
IL,Rockdale,1,300000
IL,Rockford,137,27607000
IL,Rolling Meadows,200,39866000
IL,Romeoville,187,53984000
IL,Roscoe,21,3269000
IL,Roselle,212,21452000
IL,Rosemont,3,490000
IL,Rosiclare,1,80000
IL,Rossville,1,88000
IL,Round Lake,330,41374000
IL,Round Lake Beach,82,10122000
IL,Round Lake Heights,7,696000
IL,Round Lake Park,5,1484000
IL,Roxana,3,352000
IL,Rutland,1,250000
IL,Sadorus,1,450000
IL,Saint Charles,1,120000
IL,Saint Elmo,5,1675000
IL,Saint Jacob,1,120000
IL,Saint Joseph,24,8250000
IL,Salem,31,9758000
IL,Sandwich,1,15000
IL,Savanna,1,96000
IL,Schaumburg,256,59212000
IL,Schiller Park,166,36288000
IL,Seneca,7,1103000
IL,Seymour,6,1825000
IL,Shabbona,4,2160000
IL,Sheffield,10,3175000
IL,Sherman,34,11075000
IL,Shirley,11,3350000
IL,Shorewood,175,51869000
IL,Sigel,1,375000
IL,Silvis,3,288000
IL,Skokie,217,58886000
IL,Smithboro,2,900000
IL,South Beloit,18,4072000
IL,South Elgin,31,10826000
IL,South Holland,224,63337000
IL,Sparta,2,224000
IL,Spring Grove,17,1369000
IL,Spring Valley,14,3914000
IL,Springfield,182,59398000
IL,St Anne,2,288000
IL,St Charles,7,3284000
IL,St Jacob,1,144000
IL,Staunton,8,2375000
IL,Steger,13,1424000
IL,Sterling,8,3525000
IL,Steward,7,2125000
IL,Stone Park,1,10000
IL,Streamwood,12,1100000
IL,Streator,4,384000
IL,Sugar Grove,32,8869000
IL,Summit Argo,41,10068000
IL,Swansea,2,264000
IL,Sycamore,4,1336000
IL,Tamms,1,96000
IL,Teutopolis,11,3900000
IL,Thawville,2,650000
IL,Thomasboro,3,775000
IL,Thornton,87,16959000
IL,Tilton,3,1075000
IL,Tinley Park,424,127336000
IL,Toledo,5,1450000
IL,Tolono,3,838000
IL,Tonica,7,2245000
IL,Topeka,1,88000
IL,Towanda,22,7295000
IL,Tremont,20,3938000
IL,Trenton,4,1860000
IL,Trivoli,1,144000
IL,Troy,40,10515000
IL,Tuscola,35,11644000
IL,Ullin,1,375000
IL,Union,1,120000
IL,University Park,19,5216000
IL,Unknown,1,80000
IL,Urbana,52,16394000
IL,Utica,34,10405000
IL,Vandalia,12,3525000
IL,Venice,2,216000
IL,Vernon Hills,237,25853000
IL,Vienna,29,10050000
IL,Villa Park,280,27629000
IL,Villa Ridge,1,275000
IL,Virden,4,1450000
IL,Volo,49,6867000
IL,Wadsworth,245,36751000
IL,Waggoner,2,650000
IL,Waltonville,2,1244000
IL,Walworth,2,216000
IL,Warrensburg,1,250000
IL,Warrenville,153,17127000
IL,Washington,64,6671000
IL,Wataga,1,300000
IL,Watson,6,1805000
IL,Wauconda,182,19170000
IL,Waukegan,593,79835000
IL,Waverly,1,96000
IL,Wayne,12,1440000
IL,Wayne City,6,2075000
IL,Wenona,13,5770000
IL,West Chicago,488,51958000
IL,West Frankfort,38,12030000
IL,Westchester,74,17492000
IL,Western Springs,108,24809000
IL,Westmont,167,15955000
IL,Wheaton,328,31501000
IL,Wheeling,27,2855000
IL,White Heath,13,3895000
IL,Whittington,24,7183000
IL,Williamsfield,4,1500000
IL,Williamsville,14,4775000
IL,Willow Springs,141,36801000
IL,Willowbrook,508,94104000
IL,Wilmette,31,7810000
IL,Wilmington,81,23718000
IL,Winchester,11,3669000
IL,Windsor,1,144000
IL,Winfield,92,8409000
IL,Winnebago,1,120000
IL,Winnetka,67,20539000
IL,Winthrop Harbor,16,1680000
IL,Wood Dale,134,13677000
IL,Wood River,3,360000
IL,Woodhull,10,3055000
IL,Woodlawn,11,3900000
IL,Woodridge,401,60737000
IL,Woodstock,24,10775000
IL,Worden,42,14258000
IL,Worth,32,6090000
IL,Wyanet,1,375000
IL,Yorkville,4,3696000
IL,Zion,202,26905000
IN,Akron,2,1920000
IN,Albany,16,7840000
IN,Albion,11,3264000
IN,Alexandria,17,5668000
IN,Anderson,135,29846000
IN,Angola,9,1114000
IN,Arcadia,8,2000000
IN,Argos,7,1804000
IN,Arlington,1,120000
IN,Ashley,7,744000
IN,Atlanta,2,288000
IN,Attica,10,8584000
IN,Auburn,5,740000
IN,Aurora,15,4478000
IN,Austin,69,20606000
IN,Avilla,1,144000
IN,Avoca,4,3468000
IN,Avon,5,410000
IN,Bainbridge,6,3096000
IN,Bargersville,2,176000
IN,Batesville,5,600000
IN,Bedford,3,264000
IN,Beech Grove,88,18119000
IN,Berne,3,2620000
IN,Birdseye,10,4944000
IN,Bloomfield,37,17171000
IN,Bloomingdale,7,5928000
IN,Bloomington,108,29836000
IN,Bluffton,3,3088000
IN,Boonville,9,4372000
IN,Borden,2,200000
IN,Boswell,1,1800000
IN,Bourbon,1,144000
IN,Brazil,126,32063000
IN,Bremen,17,11204000
IN,Bristol,13,6120000
IN,Bristow,5,3107000
IN,Brook,1,275000
IN,Brookston,55,12853000
IN,Brookville,17,4664000
IN,Brownsburg,58,14968000
IN,Brownstown,9,5776000
IN,Bryant,9,4592000
IN,Cambridge City,46,8212000
IN,Camby,16,3376000
IN,Carbon,6,2556000
IN,Carlisle,7,1098000
IN,Carmel,27,3531000
IN,Cedar Grove,2,216000
IN,Cedar Lake,2,2500000
IN,Centerville,34,9941000
IN,Chalmers,18,3488000
IN,Chandler,6,584000
IN,Charlestown,1,10000
IN,Charlottesville,38,4610000
IN,Chesterton,241,69895000
IN,Chrisney,3,2016000
IN,Churubusco,21,14828000
IN,Cicero,17,6016000
IN,Clarks Hill,9,4156000
IN,Clarksville,272,59311000
IN,Claypool,9,6420000
IN,Clayton,35,9560000
IN,Clinton,13,4604000
IN,Cloverdale,136,41723000
IN,Coatesville,4,1420000
IN,Colfax,2,240000
IN,Columbia City,18,5572000
IN,Columbus,201,58940000
IN,Connersville,6,2052000
IN,Corydon,44,9309000
IN,Covington,13,6131000
IN,Crawfordsville,141,77225000
IN,Crothersville,49,14914000
IN,Crown Point,140,29451000
IN,Cutler,1,120000
IN,Dale,19,7430000
IN,Daleville,53,16781000
IN,Dana,7,4180000
IN,Danville,1,80000
IN,Dayton,9,5164000
IN,Decatur,10,7376000
IN,Decker,5,1556000
IN,Delphi,7,3772000
IN,Demotte,81,27158000
IN,Denver,1,120000
IN,Deputy,4,1820000
IN,Dillsboro,6,1772000
IN,Dugger,6,4436000
IN,Earl Park,2,1880000
IN,East Chicago,6,811000
IN,Eaton,11,7464000
IN,Eckerty,2,1088000
IN,Economy,7,2636000
IN,Edinburgh,93,23336000
IN,Elberfeld,6,3236000
IN,Elizabethtown,11,5288000
IN,Elkhart,24,5032000
IN,Ellettsville,4,1399000
IN,Elnora,13,5679000
IN,Elwood,21,6696000
IN,English,29,10213000
IN,Evanston,12,7016000
IN,Evansville,173,98409000
IN,Fair Oaks,75,14116000
IN,Fairland,29,9164000
IN,Fairmount,9,1242000
IN,Farmersburg,1,1000000
IN,Farmland,9,4296000
IN,Ferdinand,16,8048000
IN,Fillmore,7,4492000
IN,Fishers,150,28190000
IN,Flora,3,320000
IN,Floyds Knobs,28,6913000
IN,Fort Branch,11,8152000
IN,Fort Wayne,320,90396000
IN,Fortville,4,399000
IN,Fountain City,8,2684000
IN,Fowler,8,3696000
IN,Francesville,5,2596000
IN,Frankfort,81,28914000
IN,Franklin,162,34035000
IN,Frankton,1,144000
IN,Fremont,30,7034000
IN,Garrett,3,320000
IN,Gary,869,181947000
IN,Gas City,17,6032000
IN,Gaston,56,19671000
IN,Georgetown,43,10089000
IN,Glenwood,4,1372000
IN,Goshen,56,26076000
IN,Gosport,11,5776000
IN,Grabill,21,10040000
IN,Grandview,10,6116000
IN,Granger,20,5506000
IN,Greencastle,31,11880000
IN,Greendale,4,555000
IN,Greenfield,382,97109000
IN,Greens Fork,19,2395000
IN,Greensburg,30,8836000
IN,Greentown,1,88000
IN,Greenwood,100,20187000
IN,Griffin,4,596000
IN,Griffith,4,1876000
IN,Grovertown,9,2531000
IN,Guilford,10,4328000
IN,Hagerstown,6,3004000
IN,Hamlet,13,7708000
IN,Hammond,787,156250000
IN,Hanna,15,5808000
IN,Hanover,6,1768000
IN,Harlan,38,16544000
IN,Hartford City,1,120000
IN,Haubstadt,29,13988000
IN,Hazleton,13,5139000
IN,Hebron,108,37806000
IN,Heltonville,1,1100000
IN,Henryville,92,20758000
IN,Hoagland,4,2464000
IN,Hobart,117,17376000
IN,Holton,5,3176000
IN,Hope,1,144000
IN,Howe,43,7576000
IN,Huntertown,15,7239000
IN,Huntingburg,9,2991000
IN,Huntington,30,7732000
IN,Indianapolis,8526,1487591000
IN,Jamestown,23,4170000
IN,Jasper,24,8712000
IN,Jeffersonville,144,30402000
IN,Jonesboro,1,120000
IN,Kendallville,13,9504000
IN,Kentland,16,10048000
IN,Keystone,2,1096000
IN,Kimmell,15,13260000
IN,Kingman,4,1552000
IN,Kingsbury,1,1500000
IN,Knightstown,116,26766000
IN,Knox,18,8683000
IN,Kokomo,43,8451000
IN,Kouts,8,4012000
IN,La Crosse,1,88000
IN,La Porte,76,28151000
IN,Ladoga,4,3176000
IN,Lafayette,99,23990000
IN,Lake Station,370,70360000
IN,Lake Village,18,10864000
IN,Lakeville,7,2776000
IN,Lanesville,7,800000
IN,Lapel,8,5500000
IN,Larwill,2,444000
IN,Lawrenceburg,30,7241000
IN,Leavenworth,5,1532000
IN,Lebanon,338,97600000
IN,Leo,9,2246000
IN,Lexington,14,7800000
IN,Liberty,3,288000
IN,Ligonier,8,3272000
IN,Linden,5,536000
IN,Linton,9,3516000
IN,Lizton,7,1688000
IN,Logansport,14,3450000
IN,Loogootee,22,11119000
IN,Losantville,17,10432000
IN,Lowell,29,13573000
IN,Lynn,9,3104000
IN,Lynnville,8,1100000
IN,Madison,15,7400000
IN,Manilla,3,1276000
IN,Marion,29,6931000
IN,Markle,3,690000
IN,Markleville,13,7896000
IN,Marshall,2,1196000
IN,Martinsville,35,19548000
IN,Mays,4,1544000
IN,McCordsville,15,5642000
IN,Memphis,90,21926000
IN,Merrillville,275,46723000
IN,Michigan City,160,48558000
IN,Middlebury,17,4280000
IN,Milan,4,314000
IN,Milford,6,3316000
IN,Milroy,12,7488000
IN,Mishawaka,18,5024000
IN,Mitchell,24,10728000
IN,Monroe City,7,5572000
IN,Monroeville,20,12276000
IN,Monrovia,26,5761000
IN,Montezuma,2,1296000
IN,Montgomery,2,200000
IN,Monticello,1,120000
IN,Moores Hill,2,264000
IN,Mooresville,143,31970000
IN,Morocco,11,5292000
IN,Morristown,7,3044000
IN,Mount Vernon,2,176000
IN,Mulberry,8,5392000
IN,Muncie,82,33628000
IN,Munster,31,5121000
IN,Nappanee,6,3708000
IN,New Albany,323,64196000
IN,New Carlisle,15,5628000
IN,New Castle,27,12024000
IN,New Haven,76,28034000
IN,New Palestine,24,8890000
IN,New Salisbury,4,3192000
IN,New Washington,1,10000
IN,Newburgh,5,2520000
IN,Noblesville,111,36758000
IN,North Manchester,10,4744000
IN,North Vernon,19,8608000
IN,Oakland City,26,12439000
IN,Odon,1,1200000
IN,Oolitic,1,1500000
IN,Orland,6,688000
IN,Osceola,1,88000
IN,Osgood,10,4148000
IN,Ossian,1,120000
IN,Otisco,1,96000
IN,Owensville,4,1828000
IN,Palmyra,4,2476000
IN,Paragon,6,4404000
IN,Patoka,4,1380000
IN,Pendleton,183,42412000
IN,Pennville,4,1356000
IN,Perrysville,11,3130000
IN,Peru,18,7871000
IN,Petersburg,16,1584000
IN,Pittsboro,13,3072000
IN,Plainfield,101,28226000
IN,Plymouth,34,12028000
IN,Poland,4,1484000
IN,Portage,120,31455000
IN,Portland,7,2504000
IN,Poseyville,7,1768000
IN,Princeton,25,12928000
IN,Redkey,2,1188000
IN,Reelsville,37,5850000
IN,Remington,86,17375000
IN,Rensselaer,210,54492000
IN,Reynolds,2,1644000
IN,Richland,26,14256000
IN,Richmond,96,28561000
IN,Ridgeville,6,3596000
IN,Rising Sun,4,1328000
IN,Roachdale,3,384000
IN,Roann,2,1296000
IN,Roanoke,30,7488000
IN,Rochester,12,4836000
IN,Rockport,73,32300000
IN,Rockville,10,6292000
IN,Rolling Prairie,14,5668000
IN,Rosedale,8,1848000
IN,Rossville,5,3588000
IN,Rushville,12,6424000
IN,Saint Meinrad,8,7024000
IN,Saint Paul,3,296000
IN,Santa Claus,9,864000
IN,Scottsburg,76,29566000
IN,Sellersburg,156,33661000
IN,Selma,9,5072000
IN,Seymour,75,22016000
IN,Shelburn,9,3420000
IN,Shelbyville,73,22579000
IN,Sheridan,13,4679000
IN,Shipshewana,17,5484000
IN,Shirley,4,3100000
IN,Shoals,9,4048000
IN,Silver Lake,15,6824000
IN,Solsberry,3,368000
IN,South Bend,77,22560000
IN,Spencer,9,4548000
IN,Spencerville,19,10968000
IN,Spiceland,49,14846000
IN,Springville,12,2772000
IN,St Croix,5,1632000
IN,St Meinrad,5,1592000
IN,St Paul,1,80000
IN,Stilesville,54,12986000
IN,Straughn,29,9779000
IN,Sullivan,5,1576000
IN,Sulphur,1,120000
IN,Sunman,32,11356000
IN,Swayzee,6,2804000
IN,Tell City,2,176000
IN,Tennyson,8,864000
IN,Terre Haute,109,26923000
IN,Thayer,2,1296000
IN,Thorntown,105,35377000
IN,Tipton,8,2827000
IN,Topeka,4,1396000
IN,Troy,5,3640000
IN,Underwood,7,939000
IN,Union City,9,4732000
IN,Unionville,2,208000
IN,Upland,3,240000
IN,Vallonia,3,2420000
IN,Valparaiso,49,25831000
IN,Van Buren,4,1412000
IN,Veedersburg,15,3398000
IN,Versailles,10,5200000
IN,Vincennes,23,9012000
IN,Wabash,12,6740000
IN,Wadesville,3,256000
IN,Wakarusa,11,6000000
IN,Waldron,14,2436000
IN,Walkerton,1,96000
IN,Wanatah,13,6512000
IN,Warren,28,6808000
IN,Warsaw,12,7056000
IN,Washington,24,10246000
IN,Waterloo,2,725000
IN,Waveland,15,5280000
IN,Wawaka,6,2740000
IN,Waynetown,13,4844000
IN,West Baden Springs,7,2536000
IN,West Harrison,47,11071000
IN,West Lafayette,110,24047000
IN,West Terre Haute,37,11977000
IN,Westfield,29,16740000
IN,Westville,17,4744000
IN,Wheeler,1,1500000
IN,Whiteland,46,7509000
IN,Whitestown,122,33667000
IN,Williamsburg,5,2312000
IN,Winamac,8,8168000
IN,Winchester,10,8224000
IN,Winslow,7,3860000
IN,Wolcott,36,7585000
IN,Woodburn,18,2816000
IN,Worthington,1,10000
IN,Yoder,24,5604000
IN,Yorktown,17,4584000
IN,Zionsville,214,50519000
KS,Abilene,3,2032000
KS,Allen,3,1740000
KS,Alma,8,4776000
KS,Alta Vista,4,1772000
KS,Arcadia,4,2128000
KS,Arlington,1,1000000
KS,Auburn,1,450000
KS,Baldwin City,1,1200000
KS,Basehor,14,3115000
KS,Belleville,1,1800000
KS,Benedict,5,4784000
KS,Bern,2,1644000
KS,Bloom,1,1000000
KS,Bonner Springs,136,18737000
KS,Brookville,1,88000
KS,Bucklin,5,5400000
KS,Bucyrus,32,3544000
KS,Buffalo,3,2196000
KS,Caldwell,1,120000
KS,Cassoday,1,450000
KS,Chanute,1,144000
KS,Cherryvale,7,744000
KS,Chetopa,2,184000
KS,Colby,4,905000
KS,Columbus,2,168000
KS,Colwich,6,3812000
KS,Coolidge,1,1200000
KS,De Soto,34,3640000
KS,Dennis,1,120000
KS,Derby,5,1584000
KS,Dodge City,1,88000
KS,Dwight,1,144000
KS,Edgerton,69,16284000
KS,El Dorado,4,1219000
KS,Elk Falls,3,2544000
KS,Ellsworth,2,725000
KS,Emporia,1,80000
KS,Englewood,4,2908000
KS,Erie,6,2424000
KS,Eudora,18,4644000
KS,Fall River,1,1000000
KS,Ford,1,1500000
KS,Formoso,2,224000
KS,Fort Scott,2,224000
KS,Fowler,2,232000
KS,Fredonia,8,5832000
KS,Galena,7,4096000
KS,Garden City,5,1516000
KS,Gardner,138,24035000
KS,Garnett,2,240000
KS,Girard,7,2792000
KS,Goodland,2,176000
KS,Greensburg,5,2200000
KS,Hanston,3,1676000
KS,Haviland,1,96000
KS,Hays,2,550000
KS,Howard,1,1000000
KS,Ingalls,2,176000
KS,Jetmore,10,5476000
KS,Johnson,3,1464000
KS,Junction City,10,1152000
KS,Kanorado,6,1989000
KS,Kansas City,2442,383644000
KS,Kingman,1,96000
KS,La Crosse,1,80000
KS,Lansing,1,88000
KS,Larned,6,3372000
KS,Lawrence,14,3595000
KS,Le Roy,1,120000
KS,Leawood,279,38267000
KS,Lebo,4,2064000
KS,Lecompton,3,352000
KS,Lenexa,845,112145000
KS,Liberty,1,88000
KS,Linwood,1,120000
KS,Louisburg,19,12540000
KS,Lyndon,1,88000
KS,Maize,4,2608000
KS,Manhattan,31,13813000
KS,Maple Hill,2,1620000
KS,McPherson,3,2288000
KS,Meade,7,4916000
KS,Medicine Lodge,4,4488000
KS,Minneola,3,2280000
KS,Mission,204,33794000
KS,Montezuma,3,2024000
KS,Morland,1,120000
KS,Mullinville,1,144000
KS,Neodesha,1,1200000
KS,Netawaka,2,1144000
KS,Newton,5,464000
KS,Nickerson,2,232000
KS,Norwich,1,96000
KS,Oakley,1,96000
KS,Offerle,1,144000
KS,Olathe,755,104625000
KS,Olathe city,12,3144000
KS,Olsburg,2,1244000
KS,Ottawa,5,528000
KS,Overland Park,940,127442000
KS,Paola,4,416000
KS,Parsons,8,936000
KS,Peck,2,700000
KS,Pittsburg,8,2796000
KS,Pratt,8,792000
KS,Princeton,1,144000
KS,Rago,1,88000
KS,Randolph,4,2300000
KS,Raymond,1,144000
KS,Reading,1,144000
KS,Riley,3,2396000
KS,Riverton,4,3176000
KS,Rossville,7,6308000
KS,Rush Center,3,1424000
KS,Saint Francis,1,144000
KS,Salina,5,560000
KS,Sawyer,5,4888000
KS,Scranton,1,80000
KS,Sedan,3,1360000
KS,Severy,2,2800000
KS,Shawnee,688,106258000
KS,Silver Lake,3,4600000
KS,Spearville,13,1480000
KS,Spivey,1,120000
KS,Spring Hill,5,504000
KS,St George,1,88000
KS,St Marys,4,2096000
KS,Stilwell,51,5048000
KS,Tecumseh,7,3676000
KS,Thayer,8,3824000
KS,Tonganoxie,17,1848000
KS,Topeka,91,36943000
KS,Unknown,1,80000
KS,Valley Center,6,648000
KS,Wakarusa,1,96000
KS,Wamego,2,224000
KS,Washington,1,144000
KS,Wellington,1,250000
KS,Wellsville,9,4238000
KS,Wichita,791,110508000
KS,Williamsburg,1,88000
KS,Wilson,2,675000
KS,Windom,3,1176000
KS,Winfield,3,1708000
KY,Alexandria,15,3061000
KY,Allensville,2,264000
KY,Alvaton,1,80000
KY,Ashland,8,2260000
KY,Augusta,1,1000000
KY,Bardstown,5,1520000
KY,Bardwell,3,3120000
KY,Beattyville,2,1144000
KY,Bellevue,7,898000
KY,Benton,12,3148000
KY,Berea,5,939000
KY,Bloomfield,5,2488000
KY,Bonnieville,13,4982000
KY,Bowling Green,17,3802000
KY,Bronston,1,120000
KY,Brooks,11,4563000
KY,Buckner,6,1591000
KY,Burlington,3,368000
KY,Burna,6,2692000
KY,Busy,1,120000
KY,Butler,3,336000
KY,Cadiz,8,920000
KY,California,2,192000
KY,Calvert City,3,630000
KY,Campbellsburg,14,2882000
KY,Campbellsville,5,1472000
KY,Carrollton,9,1241000
KY,Catlettsburg,1,144000
KY,Cave City,3,248000
KY,Cecilia,6,640000
KY,Central City,2,1888000
KY,Clarkson,3,432000
KY,Clay City,1,96000
KY,Clinton,2,160000
KY,Cold Spring,1,88000
KY,Columbia,1,96000
KY,Corbin,19,4986000
KY,Corinth,3,475000
KY,Covington,566,106835000
KY,Coxs Creek,4,2716000
KY,Crescent Springs,10,754000
KY,Crestview Hills,35,8154000
KY,Crestwood,36,12024000
KY,Crittenden,29,4113000
KY,Cromwell,2,538000
KY,Danville,3,1176000
KY,Dawson Springs,1,450000
KY,Dayton,1,88000
KY,De Mossville,4,392000
KY,Dixon,1,88000
KY,Dover,1,1500000
KY,Drakesboro,1,144000
KY,Dry Ridge,2,208000
KY,East Bernstadt,16,8499000
KY,Eastview,2,208000
KY,Eddyville,7,1592000
KY,Edgewood,37,4114000
KY,Edmonton,1,88000
KY,Ekron,4,2056000
KY,Elizabethtown,47,7525000
KY,Elsmere,10,1024000
KY,Erlanger,206,37059000
KY,Fairdale,51,6765000
KY,Falls Of Rough,2,208000
KY,Farmington,1,1000000
KY,Fisherville,10,1913000
KY,Florence,56,14178000
KY,Fordsville,1,144000
KY,Fort Campbell,2,184000
KY,Fort Knox,2,200000
KY,Fort Mitchell,60,8419000
KY,Fort Thomas,20,3525000
KY,Foster,2,1280000
KY,Frankfort,26,3721000
KY,Franklin,2,232000
KY,Ft Mitchell,208,32149000
KY,Ft Wright,10,1088000
KY,Fulton,1,96000
KY,Georgetown,14,1873000
KY,Germantown,4,2732000
KY,Ghent,4,376000
KY,Gilbertsville,5,632000
KY,Glencoe,2,224000
KY,Glendale,8,1992000
KY,Graham,1,15000
KY,Grand Rivers,9,1098000
KY,Gray,1,144000
KY,Grayson,13,7300000
KY,Guston,1,96000
KY,Guthrie,7,2480000
KY,Hardinsburg,3,2896000
KY,Harrodsburg,1,80000
KY,Hartford,2,90000
KY,Hawesville,10,5452000
KY,Hazel,1,96000
KY,Hebron,20,4514000
KY,Henderson,12,3016000
KY,Highland Heights,3,312000
KY,Hopkinsville,17,1616000
KY,Horse Cave,3,1240000
KY,Independence,74,7490000
KY,Jackson,3,256000
KY,Kuttawa,8,2856000
KY,La Grange,13,3102000
KY,Lakeside Park,2,192000
KY,Lancaster,4,2424000
KY,Latonia,73,13936000
KY,Lawrenceburg,1,88000
KY,Lebanon,1,80000
KY,Lebanon Junction,61,16220000
KY,Leitchfield,3,360000
KY,Lewisburg,7,648000
KY,Lexington,1131,132855000
KY,Livingston,4,376000
KY,London,43,14938000
KY,Lost Creek,2,1344000
KY,Louisville,2779,690378000
KY,Louisville Central,2,471000
KY,Ludlow,6,482000
KY,Maceo,2,264000
KY,Magnolia,1,120000
KY,Marion,5,2720000
KY,Mayfield,2,1088000
KY,Maysville,3,384000
KY,Mc Kee,1,144000
KY,Midway,7,1592000
KY,Monticello,3,1276000
KY,Morehead,2,546000
KY,Morganfield,2,1896000
KY,Morgantown,3,484000
KY,Morning View,17,1808000
KY,Mount Sterling,5,3056000
KY,Mount Vernon,10,3476000
KY,Mount Washington,1,80000
KY,Mt Sterling,2,1644000
KY,Mt Vernon,12,1859000
KY,Munfordville,7,3040000
KY,Murray,8,3111000
KY,New Concord,1,88000
KY,New Haven,2,200000
KY,Newport,188,46723000
KY,Nicholasville,13,2204000
KY,Nortonville,1,80000
KY,Oak Grove,7,2546000
KY,Olaton,1,144000
KY,Olive Hill,12,3733000
KY,Orlando,4,392000
KY,Owensboro,9,4364000
KY,Owenton,2,1596000
KY,Owingsville,3,638000
KY,Paducah,18,6950000
KY,Parkers Lake,1,144000
KY,Pembroke,3,336000
KY,Pendleton,1,80000
KY,Petersburg,10,1851000
KY,Pikeville,1,96000
KY,Pine Knot,1,1000000
KY,Pineville,2,192000
KY,Prestonsburg,1,80000
KY,Princeton,11,4896000
KY,Prospect,32,4274000
KY,Radcliff,3,320000
KY,Reynolds Station,1,96000
KY,Richmond,26,5262000
KY,Rineyville,3,360000
KY,Robards,1,80000
KY,Rochester,1,88000
KY,Rockport,1,120000
KY,Rush,1,120000
KY,Russellville,7,1700000
KY,Ryland Hght,4,352000
KY,Sadieville,6,723000
KY,Salvisa,5,560000
KY,Salyersville,8,1967000
KY,Sanders,20,1984000
KY,Science Hill,1,80000
KY,Scottsville,1,144000
KY,Sebree,4,2776000
KY,Shelbyville,15,3856000
KY,Shepherdsville,143,23816000
KY,Silver Grove,1,18000
KY,Simpsonville,3,507000
KY,Smithfield,1,300000
KY,Smithland,1,80000
KY,Somerset,7,5836000
KY,Sonora,9,4052000
KY,South Jefferson,2,224000
KY,Sparta,7,1756000
KY,Stearns,2,1880000
KY,Strunk,3,1308000
KY,Sulphur,4,448000
KY,Summer Shade,2,1580000
KY,Taylor Mill,10,987000
KY,Tompkinsville,4,1380000
KY,Union,1,120000
KY,Upton,6,796000
KY,Verona,19,2636000
KY,Versailles,6,508000
KY,Villa Hills,7,624000
KY,Vine Grove,2,216000
KY,Waddy,5,536000
KY,Walton,56,12174000
KY,Warsaw,9,1868000
KY,Water Valley,1,88000
KY,West Paducah,6,624000
KY,West Point,3,320000
KY,Whitley City,1,96000
KY,Wickliffe,1,120000
KY,Wilder,3,183000
KY,Williamsburg,21,6861000
KY,Winchester,14,2902000
KY,Worthington,1,144000
KY,Worthville,4,2976000
LA,Addis,9,2900000
LA,Alexandria,202,33221000
LA,Amite,1,96000
LA,Anacoco,1,144000
LA,Arabi,1,120000
LA,Arcadia,10,2948000
LA,Baker,325,32912000
LA,Barksdale AFB,14,5058000
LA,Baton Rouge,22832,2685384000
LA,Belcher,7,744000
LA,Berwick,2,1288000
LA,Bethany,5,466000
LA,Bossier City,352,81896000
LA,Bourg,5,1776000
LA,Boyce,6,989000
LA,Branch,2,1080000
LA,Breaux Bridge,252,61576000
LA,Broussard,124,13217000
LA,Bunkie,6,763000
LA,Calhoun,3,434000
LA,Carencro,93,9919000
LA,Chauvin,2,444000
LA,Cheneyville,5,560000
LA,Choudrant,5,1148000
LA,Church Point,3,1960000
LA,Clinton,5,402000
LA,Convent,11,2244000
LA,Covington,247,57539000
LA,Crowley,36,7529000
LA,Delhi,1,250000
LA,Denham Springs,199,30300000
LA,Deridder,1,120000
LA,Des Allemands,18,2868000
LA,Destrehan,34,7925000
LA,District F,2,159000
LA,Donaldsonville,2,200000
LA,Duson,68,7540000
LA,Egan,26,7243000
LA,Eunice,2,176000
LA,Fordoche,6,1628000
LA,Forest Hill,1,300000
LA,Franklin,1,15000
LA,Frierson,3,296000
LA,Garyville,12,1956000
LA,Geismar,11,1642000
LA,Gibsland,13,3199000
LA,Gibson,6,704000
LA,Gilliam,1,80000
LA,Gonzales,61,10315000
LA,Grambling,1,120000
LA,Gramercy,25,6705000
LA,Grand Cane,1,250000
LA,Gray,16,2644000
LA,Greenwell Springs,307,41004000
LA,Greenwood,84,11113000
LA,Gretna,103,15624000
LA,Grosse Tete,227,52492000
LA,Gueydan,1,144000
LA,Hammond,259,53234000
LA,Harvey,31,3536000
LA,Haughton,15,1700000
LA,Holden,22,4972000
LA,Homer,1,80000
LA,Hosston,9,1427000
LA,Houma,259,44662000
LA,Ida,29,4312000
LA,Iota,1,96000
LA,Iowa,42,7997000
LA,Jackson,3,264000
LA,Jennings,52,9213000
LA,Keithville,108,10376000
LA,Kenner,242,58695000
LA,Kentwood,3,304000
LA,Krotz Springs,4,1796000
LA,LA Place,170,55539000
LA,Lacombe,32,7147000
LA,Lafayette,1781,170104000
LA,Lake Charles,415,105575000
LA,Lake Providence,1,96000
LA,Laplace,109,21651000
LA,Larose,2,1088000
LA,Lecompte,9,3228000
LA,Lena,15,3798000
LA,Lillie,2,264000
LA,Livingston,77,21027000
LA,Livonia,1,88000
LA,Lockport,3,3680000
LA,Lottie,7,2884000
LA,Luling,4,722000
LA,Madisonville,39,9398000
LA,Mamou,1,18000
LA,Mandeville,85,20760000
LA,Mansfield,8,2544000
LA,Maringouin,32,9846000
LA,Marrero,50,8052000
LA,Meraux,1,88000
LA,Metairie,526,106507000
LA,Minden,21,4401000
LA,Monroe,59,15677000
LA,Mooringsport,11,1256000
LA,Morgan City,4,1536000
LA,Natchitoches,1,450000
LA,New Iberia,12,3784000
LA,New Orleans,13346,1681536000
LA,New Roads,1,96000
LA,Norco,51,9726000
LA,Oil City,13,1396000
LA,Olla,1,12000
LA,Opelousas,11,2963000
LA,Paulina,1,96000
LA,Pearl River,55,10335000
LA,Pineville,59,10703000
LA,Plain Dealing,1,88000
LA,Plaquemine,11,3896000
LA,Ponchatoula,120,28215000
LA,Port Allen,905,135908000
LA,Prairieville,59,13149000
LA,Pride,33,3760000
LA,Princeton,2,240000
LA,Raceland,14,1424000
LA,Rayne,82,14222000
LA,Rayville,14,3416000
LA,Reserve,8,1776000
LA,Roanoke,17,5423000
LA,Robeline,1,250000
LA,Rodessa,16,1421000
LA,Ruston,9,1409000
LA,Saint Amant,20,4735000
LA,Saint James,5,496000
LA,Saint Landry,3,312000
LA,Saint Martinville,48,8400000
LA,Saint Rose,123,28044000
LA,Schriever,27,5020000
LA,Scott,221,32571000
LA,Shreveport,6249,752660000
LA,Simsboro,2,380000
LA,Singer,2,1896000
LA,Slaughter,13,1267000
LA,Slidell,250,55831000
LA,Sorrento,35,8118000
LA,Springfield,1,80000
LA,Springhill,1,144000
LA,St Amant,26,5190000
LA,St Martinville,1,88000
LA,St Rose,75,14078000
LA,Starks,1,144000
LA,Stonewall,2,288000
LA,Sulphur,114,28269000
LA,Sunset,3,771000
LA,Tallulah,31,7467000
LA,Thibodaux,28,5636000
LA,Tickfaw,1,88000
LA,Vacherie,4,1504000
LA,Ville Platte,3,1992000
LA,Vinton,153,36539000
LA,Vivian,20,2144000
LA,Walker,46,9625000
LA,Welsh,39,6871000
LA,West Monroe,85,21212000
LA,Westlake,150,33784000
LA,Westwego,10,2736000
LA,Youngsville,157,12818000
LA,Zachary,590,61657000
MA,Abington,237,18716000
MA,Acton,48,4516000
MA,Acushnet,1,120000
MA,Agawam,1,18000
MA,Allston,136,20138000
MA,Amesbury,23,3460000
MA,Amherst,1,144000
MA,Andover,403,75477000
MA,Arlington,18,1770000
MA,Ashburnham,1,120000
MA,Ashby,9,906000
MA,Ashland,5,1126000
MA,Assonet,17,1912000
MA,Athol,3,336000
MA,Attleboro,161,25255000
MA,Attleboro Falls,59,10667000
MA,Auburn,66,13067000
MA,Auburndale,40,5902000
MA,Avon,82,9018000
MA,Ayer,13,4459000
MA,Baldwinville,1,80000
MA,Becket,7,1007000
MA,Bedford,27,2819000
MA,Belchertown,2,107000
MA,Bellingham,12,3648000
MA,Belmont,29,2816000
MA,Berkley,8,1976000
MA,Berlin,34,4520000
MA,Bernardston,2,471000
MA,Beverly,21,2053000
MA,Billerica,189,18273000
MA,Blackstone,1,11000
MA,Blandford,15,2476000
MA,Bolton,68,7268000
MA,Boston,1566,229325000
MA,Boxborough,30,4417000
MA,Boxford,37,6709000
MA,Boylston,1,12000
MA,Braintree,292,47627000
MA,Bridgewater,39,5211000
MA,Brighton,119,14270000
MA,Brimfield,3,360000
MA,Brockton,81,7980000
MA,Brookline,30,2916000
MA,Burlington,135,16760000
MA,Buzzards Bay,26,2565000
MA,Byfield,8,1140000
MA,Cambridge,184,17769000
MA,Canton,228,34799000
MA,Carver,8,599000
MA,Cataumet,1,144000
MA,Centerville,3,215000
MA,Charlestown,179,26971000
MA,Charlton,26,5004000
MA,Chatham,2,200000
MA,Chelmsford,175,28788000
MA,Chelsea,160,14415000
MA,Cherry Valley,1,144000
MA,Cheshire,1,96000
MA,Chestnut Hill,69,6503000
MA,Chicopee,22,6562000
MA,Clinton,3,296000
MA,Concord,80,8259000
MA,Cotuit,4,370000
MA,Cummington,1,96000
MA,Dalton,1,120000
MA,Danvers,103,12736000
MA,Dedham,134,17465000
MA,Devens,7,658000
MA,Dorchester,873,134363000
MA,Dorchester Center,308,36492000
MA,Douglas,3,360000
MA,Dover,2,132000
MA,Dracut,2,200000
MA,Dudley,9,884000
MA,Dunstable,1,80000
MA,Duxbury,136,11994000
MA,East Boston,60,7842000
MA,East Brookfield,2,240000
MA,East Falmouth,15,1206000
MA,East Longmeadow,5,616000
MA,East Sandwich,11,1055000
MA,East Taunton,5,444000
MA,East Walpole,23,4397000
MA,East Wareham,2,288000
MA,East Weymouth,5,420000
MA,Eastham,5,404000
MA,Erving,1,96000
MA,Essex,1,120000
MA,Everett,62,6161000
MA,Fairhaven,4,1976000
MA,Fall River,35,5938000
MA,Falmouth,8,566000
MA,Feeding Hills,3,320000
MA,Fiskdale,6,2852000
MA,Fitchburg,42,3724000
MA,Foxboro,214,38685000
MA,Framingham,190,35030000
MA,Franklin,36,6056000
MA,Gardner,5,616000
MA,Georgetown,22,3878000
MA,Gloucester,10,1026000
MA,Grafton,1,250000
MA,Granby,2,208000
MA,Great Barrington,2,1288000
MA,Greenfield,2,546000
MA,Groton,9,992000
MA,Groveland,2,240000
MA,Hadley,5,632000
MA,Halifax,47,4397000
MA,Hampden,7,744000
MA,Hanover,136,10616000
MA,Hanscom Afb,1,80000
MA,Hanson,44,3161000
MA,Harvard,22,2231000
MA,Harwich,14,2514000
MA,Harwich Port,1,80000
MA,Haverhill,178,28099000
MA,Hingham,32,3225000
MA,Holbrook,178,15485000
MA,Holden,2,200000
MA,Holland,3,304000
MA,Holliston,4,354000
MA,Holyoke,14,3073000
MA,Hopedale,4,249000
MA,Hopkinton,118,24632000
MA,Hubbardston,2,240000
MA,Hudson,3,352000
MA,Huntington,1,12000
MA,Hyannis,23,1962000
MA,Hyde Park,108,10137000
MA,Indian Orchard,1,18000
MA,Ipswich,3,320000
MA,Jamaica Plain,183,16871000
MA,Kingston,15,1519000
MA,Lakeville,7,1752000
MA,Lancaster,34,2912000
MA,Lawrence,86,11539000
MA,Lee,22,7717000
MA,Lenox,1,18000
MA,Leominster,42,4591000
MA,Lexington,218,28158000
MA,Lincoln,20,2050000
MA,Littleton,112,18524000
MA,Longmeadow,3,336000
MA,Lowell,212,32384000
MA,Ludlow,4,738000
MA,Lunenburg,6,576000
MA,Lynn,44,4344000
MA,Lynnfield,84,10402000
MA,Malden,16,1446000
MA,Manchester,7,610000
MA,Mansfield,46,6971000
MA,Marblehead,1,10000
MA,Marion,2,1950000
MA,Marlborough,54,10097000
MA,Mashpee,11,908000
MA,Mattapan,168,16674000
MA,Mattapoisett,5,2033000
MA,Maynard,3,288000
MA,Medfield,3,178000
MA,Medford,281,37307000
MA,Medway,1,15000
MA,Melrose,16,1396000
MA,Mendon,2,200000
MA,Merrimac,28,4138000
MA,Methuen,191,28920000
MA,Middleboro,23,3541000
MA,Middleton,13,2119000
MA,Milford,29,5458000
MA,Millbury,44,7555000
MA,Millis,2,240000
MA,Millville,7,792000
MA,Milton,301,58902000
MA,Monson,1,96000
MA,Natick,28,5916000
MA,Needham,36,4318000
MA,Needham Heights,61,9241000
MA,New Bedford,32,4517000
MA,Newbury,2,156000
MA,Newburyport,12,3008000
MA,Newton,107,18426000
MA,Newton Center,58,5258000
MA,Newton Highlands,35,3020000
MA,Newton Lower Falls,75,9686000
MA,Newton Upper Falls,12,1178000
MA,Newtonville,25,2949000
MA,North Andover,20,2305000
MA,North Attleboro,38,7233000
MA,North Billerica,132,11296000
MA,North Brookfield,1,144000
MA,North Chelmsford,13,1143000
MA,North Dartmouth,19,3812000
MA,North Dighton,1,88000
MA,North Easton,3,312000
MA,North Falmouth,4,376000
MA,North Grafton,13,3362000
MA,North Oxford,8,965000
MA,North Reading,4,400000
MA,North Truro,1,80000
MA,North Weymouth,1,96000
MA,Northampton,10,3386000
MA,Northborough,21,5933000
MA,Northfield,1,96000
MA,Norton,15,4192000
MA,Norwell,12,1132000
MA,Norwood,55,10125000
MA,Oakham,1,80000
MA,Orleans,3,336000
MA,Osterville,2,111000
MA,Oxford,20,3719000
MA,Palmer,13,2890000
MA,Paxton,2,232000
MA,Peabody,207,24860000
MA,Pembroke,20,1752000
MA,Pepperell,10,1048000
MA,Pittsfield,2,208000
MA,Plainville,32,6455000
MA,Plymouth,53,4924000
MA,Plympton,22,1834000
MA,Pocasset,4,291000
MA,Princeton,1,80000
MA,Provincetown,5,143000
MA,Quincy,361,77738000
MA,Randolph,257,39389000
MA,Raynham,58,8053000
MA,Reading,232,37409000
MA,Revere,135,14450000
MA,Rochester,29,2582000
MA,Rockland,218,19451000
MA,Rockport,1,120000
MA,Roslindale,111,10719000
MA,Rowley,3,336000
MA,Roxbury,166,16230000
MA,Roxbury Crossing,57,5784000
MA,Russell,9,3123000
MA,Rutland,1,88000
MA,Sagamore,3,234000
MA,Sagamore Beach,1,96000
MA,Salem,6,648000
MA,Salisbury,25,5071000
MA,Sandisfield,1,96000
MA,Sandwich,6,604000
MA,Saugus,132,12905000
MA,Scituate,2,103000
MA,Seekonk,17,3018000
MA,Sharon,190,26895000
MA,Sheffield,2,1196000
MA,Shelburne Falls,2,264000
MA,Sherborn,2,111000
MA,Shirley,1,144000
MA,Shrewsbury,21,4219000
MA,Somerset,6,1058000
MA,Somerville,123,15843000
MA,South Boston,68,8647000
MA,South Deerfield,2,395000
MA,South Dennis,12,2238000
MA,South Easton,2,224000
MA,South Hadley,3,408000
MA,South Weymouth,13,1062000
MA,South Yarmouth,24,2135000
MA,Southborough,14,2606000
MA,Southbridge,2,92000
MA,Southwick,1,12000
MA,Spencer,3,244000
MA,Springfield,49,7723000
MA,Sterling,2,1180000
MA,Stockbridge,7,5428000
MA,Stoneham,44,5313000
MA,Stoughton,107,10141000
MA,Stow,5,512000
MA,Sturbridge,44,7073000
MA,Sudbury,4,324000
MA,Sutton,9,780000
MA,Swampscott,3,180000
MA,Swansea,8,1869000
MA,Taunton,39,3859000
MA,Teaticket,3,227000
MA,Tewksbury,291,34595000
MA,Topsfield,5,407000
MA,Townsend,15,1376000
MA,Truro,1,88000
MA,Tyngsboro,27,2783000
MA,Upton,4,760000
MA,Uxbridge,2,216000
MA,Vineyard Haven,1,15000
MA,Waban,12,690000
MA,Wakefield,109,17565000
MA,Walpole,10,3456000
MA,Waltham,269,30673000
MA,Wareham,10,2291000
MA,Warren,2,395000
MA,Washington,1,144000
MA,Watertown,28,2472000
MA,Wayland,14,2751000
MA,Webster,62,6092000
MA,Wellesley,22,1736000
MA,Wellesley Hills,94,12613000
MA,Wellfleet,7,680000
MA,Wenham,5,411000
MA,West Barnstable,8,927000
MA,West Boylston,3,248000
MA,West Bridgewater,30,3042000
MA,West Brookfield,1,15000
MA,West Harwich,1,120000
MA,West Newbury,7,1844000
MA,West Newton,64,12061000
MA,West Roxbury,115,11155000
MA,West Springfield,10,2448000
MA,West Stockbridge,7,1684000
MA,West Townsend,2,232000
MA,West Wareham,11,3078000
MA,West Warren,7,1608000
MA,West Yarmouth,22,2049000
MA,Westborough,42,7542000
MA,Westfield,9,2975000
MA,Westford,91,15773000
MA,Westminster,15,1915000
MA,Weston,265,42521000
MA,Westport,13,3066000
MA,Westwood,58,9467000
MA,Weymouth,38,4056000
MA,Whitman,64,5685000
MA,Wilbraham,22,2291000
MA,Wilmington,170,31757000
MA,Winchendon,2,216000
MA,Winchester,4,488000
MA,Winthrop,9,3680000
MA,Woburn,202,33479000
MA,Worcester,163,33168000
MA,Wrentham,41,6943000
MA,Yarmouth Port,7,612000
MD,Aberdeen,493,86502000
MD,Abingdon,253,42761000
MD,Accident,37,14689000
MD,Accokeek,122,15810000
MD,Adamstown,32,11916000
MD,Adelphi,22,3814000
MD,Andrews Air Force Base,84,8770000
MD,Annapolis,761,118725000
MD,Annapolis Junction,86,10686000
MD,Aquasco,1,80000
MD,Arnold,30,7939000
MD,Baltimore,2455,461326000
MD,Barclay,10,4212000
MD,Bel Air,278,49033000
MD,Bel Alton,4,1632000
MD,Belcamp,14,3312000
MD,Beltsville,523,99619000
MD,Berlin,204,59036000
MD,Berwyn Heights,2,160000
MD,Bethesda,1902,267341000
MD,Big Pool,63,14615000
MD,Bishopville,72,15148000
MD,Bivalve,2,176000
MD,Bladensburg,59,6176000
MD,Boonsboro,171,35968000
MD,Bowie,403,74813000
MD,Boyds,33,5532000
MD,Brandywine,563,61844000
MD,Brentwood,7,824000
MD,Brinklow,4,1296000
MD,Brookeville,11,3532000
MD,Brooklyn,293,61599000
MD,Brunswick,9,944000
MD,Bryans Road,15,1544000
MD,Bryantown,13,1336000
MD,Buckeystown,2,192000
MD,Burtonsville,28,6822000
MD,BWI Airport,5,2240000
MD,Cabin John,170,19239000
MD,California,34,8124000
MD,Callaway,12,5720000
MD,Cambridge,111,24715000
MD,Capitol Heights,394,63237000
MD,Catonsville,546,98621000
MD,Cecilton,3,1660000
MD,Centreville,129,35858000
MD,Chaptico,1,1500000
MD,Charlotte Hall,65,12788000
MD,Cheltenham,7,922000
MD,Chesapeake Beach,11,2164000
MD,Chesapeake City,15,4292000
MD,Chester,95,19612000
MD,Chestertown,93,43135000
MD,Cheverly,4,384000
MD,Chevy Chase,484,62794000
MD,Church Creek,10,4612000
MD,Church Hill,73,22813000
MD,Churchton,2,240000
MD,Churchville,30,11456000
MD,Clarksburg,238,43229000
MD,Clarksville,24,4572000
MD,Clear Spring,111,23474000
MD,Clinton,340,41901000
MD,Cockeysville,151,33087000
MD,College Park,476,63292000
MD,Colora,2,1344000
MD,Columbia,255,46255000
MD,Conowingo,19,4408000
MD,Cooksville,40,9860000
MD,Cordova,53,11720000
MD,Crisfield,15,9652000
MD,Crofton,19,2891000
MD,Crownsville,156,28614000
MD,Cumberland,205,68994000
MD,Curtis Bay,390,90827000
MD,Damascus,21,10440000
MD,Dameron,3,1716000
MD,Darlington,51,19116000
MD,Davidsonville,99,15525000
MD,Dayton,7,800000
MD,Deal Island,8,3232000
MD,Delmar,16,5668000
MD,Denton,224,48411000
MD,Derwood,129,27973000
MD,Dickerson,43,18515000
MD,District 12 Oxon Hill,3,280000
MD,District 13,1,144000
MD,District 17 Chillum,1,80000
MD,District 18 Seat Pleasant,3,248000
MD,District 2,1,250000
MD,District 24 Braddock,1,80000
MD,District 4 Kent Island,22,3588000
MD,District 5,20,3936000
MD,District 6 Northern,1,96000
MD,District 7 Ocean City,5,584000
MD,District 9,1,275000
MD,District Heights,276,49207000
MD,Dundalk,196,41485000
MD,Dunkirk,5,1424000
MD,Earleville,7,2108000
MD,East New Market,48,11751000
MD,Easton,383,108638000
MD,Eden,21,3880000
MD,Edgewater,21,2154000
MD,Edgewood,143,29770000
MD,Elkridge,463,88591000
MD,Elkton,344,82744000
MD,Ellicott City,438,79680000
MD,Emmitsburg,64,13376000
MD,Essex,163,39461000
MD,Fairmount Heights,2,176000
MD,Fairplay,17,4480000
MD,Fallston,35,12436000
MD,Faulkner,2,1920000
MD,Fawn Grove,1,120000
MD,Federalsburg,90,36512000
MD,Finksburg,38,10263000
MD,Fishing Creek,1,96000
MD,Flintstone,85,21858000
MD,Forest Hill,25,4132000
MD,Fort George G Meade,43,4584000
MD,Fort Meade,3,296000
MD,Fort Washington,719,82667000
MD,Frederick,3035,494222000
MD,Freeland,7,2408000
MD,Friendship,2,240000
MD,Friendsville,33,11391000
MD,Frostburg,41,12157000
MD,Fruitland,5,1540000
MD,Fulton,15,4420000
MD,Gaithersburg,478,93778000
MD,Galena,60,16422000
MD,Gambrills,51,6191000
MD,Georgetown,2,3300000
MD,Germantown,195,38720000
MD,Glen Arm,2,224000
MD,Glen Burnie,753,159952000
MD,Glen Echo,6,632000
MD,Glenarden,4,408000
MD,Glenelg,5,1948000
MD,Glenn Dale,1,120000
MD,Glenwood,7,728000
MD,Goldsboro,11,4030000
MD,Grantsville,24,3168000
MD,Grasonville,88,19264000
MD,Great Mills,8,2128000
MD,Greenbelt,435,80601000
MD,Greensboro,33,11888000
MD,Gwynn Oak,421,73780000
MD,Hagerstown,1095,254609000
MD,Halethorpe,1207,232767000
MD,Hampstead,45,15572000
MD,Hancock,134,30133000
MD,Hanover,299,54223000
MD,Harmans,8,1784000
MD,Harwood,22,5398000
MD,Havre de Grace,275,53032000
MD,Hebron,7,2672000
MD,Henderson,9,2888000
MD,Highland,15,5944000
MD,Hollywood,15,1504000
MD,Hughesville,56,8652000
MD,Hunt Valley,17,2864000
MD,Huntingtown,8,3812000
MD,Hurlock,47,17674000
MD,Hyattsville,2446,349407000
MD,Ijamsville,292,43899000
MD,Indian Head,31,15900000
MD,Jarrettsville,25,10788000
MD,Jefferson,124,24518000
MD,Jessup,377,71144000
MD,Joppa,491,92891000
MD,Keedysville,7,744000
MD,Kennedyville,11,9268000
MD,Kensington,115,12268000
MD,Keymar,31,6714000
MD,Kingsville,184,35816000
MD,Kitzmiller,2,1644000
MD,Knoxville,160,31174000
MD,La Plata,171,40999000
MD,Lanham,550,103267000
MD,Laurel,889,153184000
MD,Leonardtown,59,23988000
MD,Lexington Park,56,22176000
MD,Libertytown,2,1120000
MD,Lineboro,3,1316000
MD,Linkwood,5,716000
MD,Linthicum Heights,518,96234000
MD,Little Orleans,17,6549000
MD,Lonaconing,15,7636000
MD,Lothian,28,7129000
MD,Loveville,2,160000
MD,Luke,8,3612000
MD,Lusby,9,3964000
MD,Lutherville Timonium,660,135622000
MD,Manchester,23,10516000
MD,Mardela Springs,6,426000
MD,Marion Station,18,12860000
MD,Marriottsville,145,33401000
MD,Marydel,14,5288000
MD,Massey,4,424000
MD,Maugansville,6,1644000
MD,McHenry,3,256000
MD,Mechanicsville,92,11528000
MD,Middle River,80,17648000
MD,Middletown,201,35058000
MD,Millersville,349,62824000
MD,Millington,53,17872000
MD,Monkton,30,9129000
MD,Monrovia,172,39259000
MD,Montgomery Village,2,184000
MD,Morningside,8,776000
MD,Mount Airy,272,55733000
MD,Mount Rainier,21,2535000
MD,Mt Airy,96,23668000
MD,Myersville,336,63657000
MD,Nanjemoy,7,3704000
MD,New Carrollton,1,1000000
MD,New Market,96,19442000
MD,New Windsor,21,8808000
MD,Newark,10,4052000
MD,Newburg,54,13607000
MD,North East,171,44622000
MD,Nottingham,429,89165000
MD,Oakland,15,3676000
MD,Ocean City,277,40944000
MD,Odenton,33,6672000
MD,Oldtown,1,80000
MD,Olney,3,248000
MD,Owings,7,3368000
MD,Owings Mills,215,43140000
MD,Oxon Hill,728,107821000
MD,Park Hall,2,160000
MD,Parkton,243,46159000
MD,Parkville,387,74132000
MD,Parsonsburg,23,6622000
MD,Pasadena,111,20115000
MD,Patuxent River,2,216000
MD,Perry Hall,142,23742000
MD,Perryville,320,73006000
MD,Phoenix,1,88000
MD,Pikesville,838,146777000
MD,Pittsville,17,5716000
MD,Pocomoke City,63,19843000
MD,Point of Rocks,21,5172000
MD,Pomfret,1,96000
MD,Poolesville,10,5616000
MD,Port Deposit,57,14866000
MD,Port Republic,2,288000
MD,Port Tobacco,5,1924000
MD,Potomac,77,12562000
MD,Preston,86,28554000
MD,Prince Frederick,19,2056000
MD,Princess Anne,25,5310000
MD,Pylesville,2,232000
MD,Quantico,6,1568000
MD,Queen Anne,158,27952000
MD,Queenstown,247,49306000
MD,Randallstown,27,5764000
MD,Rawlings,5,3328000
MD,Reisterstown,180,43056000
MD,Rhodesdale,17,7472000
MD,Ridge,3,296000
MD,Ridgely,22,7848000
MD,Rising Sun,42,14400000
MD,Riverdale,273,38043000
MD,Rock Hall,3,360000
MD,Rockville,728,127821000
MD,Rocky Ridge,4,324000
MD,Rosedale,756,144147000
MD,Sabillasville,23,8004000
MD,Saint Leonard,3,1332000
MD,Saint Michaels,17,6472000
MD,Salisbury,149,46746000
MD,Sandy Spring,4,2168000
MD,Secretary,6,2560000
MD,Severn,127,26180000
MD,Severna Park,21,3850000
MD,Sherwood,6,3308000
MD,Silver Spring,3093,455693000
MD,Smithsburg,91,29424000
MD,Snow Hill,20,6968000
MD,Solomons,5,544000
MD,Sparks Glencoe,83,18078000
MD,Sparrows Point,67,17985000
MD,Spencerville,15,2440000
MD,St Leonard,1,12000
MD,St Michaels,3,1464000
MD,Stevenson,1,88000
MD,Stevensville,228,49353000
MD,Still Pond,2,176000
MD,Street,30,10584000
MD,Sudlersville,59,19183000
MD,Suitland,659,90048000
MD,Swanton,8,1015000
MD,Sykesville,123,32800000
MD,Takoma Park,98,12476000
MD,Tall Timbers,6,2984000
MD,Taneytown,7,720000
MD,Temple Hills,597,75339000
MD,Thurmont,163,28503000
MD,Tilghman,1,88000
MD,Towson,484,88998000
MD,Trappe,103,23746000
MD,Tuscarora,7,768000
MD,Tyaskin,1,96000
MD,Union Bridge,58,12056000
MD,Unknown,3,336000
MD,Upper Falls,9,976000
MD,Upper Marlboro,659,108061000
MD,Upperco,20,6844000
MD,Valley Lee,2,240000
MD,Vienna,27,5512000
MD,Waldorf,677,85106000
MD,Walkersville,65,21742000
MD,Warwick,10,6088000
MD,Washington,6,632000
MD,Welcome,1,88000
MD,West Friendship,40,9381000
MD,West River,3,272000
MD,Westernport,1,80000
MD,Westminster,113,32343000
MD,Westover,18,5416000
MD,Whaleyville,23,10196000
MD,White Hall,4,610000
MD,White Marsh,96,16404000
MD,White Plains,45,4744000
MD,Whiteford,19,6104000
MD,Willards,13,1304000
MD,Williamsport,278,55983000
MD,Windsor Mill,327,66522000
MD,Wittman,3,368000
MD,Woodbine,94,24780000
MD,Woodsboro,12,4332000
MD,Woodstock,5,538000
MD,Worton,9,4296000
MD,Wye Mills,14,1440000
ME,Arundel,1,144000
ME,Auburn,4,1038000
ME,Augusta,11,2865000
ME,Bangor,14,4864000
ME,Bar Harbor,1,96000
ME,Belfast,1,120000
ME,Biddeford,12,3939000
ME,Blue Hill,1,120000
ME,Bowdoinham,4,1450000
ME,Bradley,1,96000
ME,Bridgton,2,176000
ME,Brunswick,2,370000
ME,Bryant Pond,1,88000
ME,Buckfield,1,96000
ME,Cape Neddick,1,450000
ME,Carmel,1,96000
ME,Clifton,2,1896000
ME,Clinton,5,2293000
ME,Codyville Plt,1,375000
ME,Corinna,1,96000
ME,Crawford,1,96000
ME,Cumberland Center,1,275000
ME,Denmark,1,96000
ME,Dresden,2,1080000
ME,Durham,1,96000
ME,Eddington,1,96000
ME,Etna,9,3200000
ME,Fairfield,7,1974000
ME,Falmouth,10,4090000
ME,Farmington,1,96000
ME,Freeport,5,1201000
ME,Gardiner,2,519000
ME,Glenburn,1,144000
ME,Gorham,1,80000
ME,Gray,8,2263000
ME,Greene,1,88000
ME,Hallowell,3,980000
ME,Hampden,5,1173000
ME,Harmony,1,80000
ME,Hiram,1,96000
ME,Holden,1,375000
ME,Howland,2,538000
ME,Industry,1,120000
ME,Island Falls,6,2100000
ME,Jay,1,120000
ME,Kennebunk,6,1249000
ME,Kittery,3,1550000
ME,Lebanon,2,288000
ME,Lewiston,7,1554000
ME,Lincoln,1,275000
ME,Lisbon,2,176000
ME,Lisbon Falls,2,200000
ME,Litchfield,1,375000
ME,Livermore,1,80000
ME,Livermore Falls,1,120000
ME,Mattamiscontis Twp,1,120000
ME,Medway,1,1200000
ME,Naples,3,408000
ME,New Gloucester,4,564000
ME,New Portland,1,120000
ME,New Sharon,1,120000
ME,Newport,1,300000
ME,Oakfield,2,419000
ME,Old Town,1,88000
ME,Orono,2,650000
ME,Oxford,1,88000
ME,Palmyra,3,336000
ME,Pittsfield,6,1359000
ME,Plymouth,5,2245000
ME,Portland,37,8197000
ME,Sabattus,5,962000
ME,Saco,14,4193000
ME,Scarborough,17,3708000
ME,Sidney,4,790000
ME,Skowhegan,1,80000
ME,South Paris,1,88000
ME,South Portland,14,5280000
ME,Standish,2,176000
ME,Topsham,3,468000
ME,Wales,1,120000
ME,Warren,1,80000
ME,Waterville,11,2975000
ME,Wayne,1,120000
ME,Wells,7,3288000
ME,Wilton,2,1220000
ME,Windham,2,168000
ME,Wiscasset,1,11000
ME,Woolwich,1,80000
ME,Yarmouth,17,5161000
ME,York,8,2151000
MI,Ada,89,12302000
MI,Addison,14,10768000
MI,Adrian,19,7360000
MI,Alanson,19,11114000
MI,Albion,51,18225000
MI,Alger,4,360000
MI,Algonac,2,192000
MI,Allegan,5,4600000
MI,Allen Park,254,42022000
MI,Allendale,59,5548000
MI,Alma,13,3912000
MI,Almont,2,192000
MI,Alpena,12,6768000
MI,Alto,27,3957000
MI,Ann Arbor,733,145690000
MI,Ashley,15,4144000
MI,Atlanta,1,120000
MI,Atlantic Mine,1,1800000
MI,Atlas,3,320000
MI,Auburn,10,2120000
MI,Auburn Hills,164,29824000
MI,Bancroft,14,3461000
MI,Bangor,10,3516000
MI,Bath,11,4224000
MI,Battle Creek,263,61543000
MI,Bay City,85,21112000
MI,Belding,9,877000
MI,Belleville,224,37639000
MI,Bellevue,6,1955000
MI,Belmont,112,13151000
MI,Benton Harbor,263,69707000
MI,Berkley,1,88000
MI,Berrien Springs,30,14220000
MI,Beulah,5,3156000
MI,Big Rapids,2,216000
MI,Birch Run,37,5929000
MI,Bitely,1,88000
MI,Blissfield,2,1588000
MI,Bloomfield Hills,33,5417000
MI,Boyne City,1,120000
MI,Boyne Falls,9,4572000
MI,Bridgeport,27,6837000
MI,Bridgman,52,8266000
MI,Brighton,360,71146000
MI,Brockway,1,120000
MI,Brooklyn,8,3392000
MI,Brown City,3,2180000
MI,Buchanan,4,1480000
MI,Burr Oak,1,88000
MI,Burtchville,7,768000
MI,Burton,485,53199000
MI,Byron,25,2624000
MI,Byron Center,173,18716000
MI,Cadillac,3,248000
MI,Caledonia,157,18102000
MI,Canton,360,63550000
MI,Capac,10,1343000
MI,Carleton,34,10418000
MI,Caro,1,1000000
MI,Carp Lake,2,1920000
MI,Casco,39,5757000
MI,Casnovia,1,120000
MI,Cassopolis,8,2390000
MI,Cedar Springs,110,13184000
MI,Cement City,21,9784000
MI,Center Line,32,7151000
MI,Ceresco,1,1200000
MI,Champion,2,264000
MI,Channing,1,144000
MI,Charlevoix,1,1000000
MI,Charlotte,96,35596000
MI,Cheboygan,6,1796000
MI,Chelsea,43,10906000
MI,Clare,29,6210000
MI,Clarklake,25,11004000
MI,Clarkston,223,40610000
MI,Clarksville,13,3955000
MI,Clayton,2,184000
MI,Climax,49,9327000
MI,Clinton,7,1490000
MI,Clinton Township,141,26917000
MI,Clio,401,55245000
MI,Coldwater,6,2272000
MI,Coleman,2,176000
MI,Coloma,58,12176000
MI,Columbiaville,5,403000
MI,Columbus,7,1066000
MI,Comstock Park,148,14990000
MI,Concord,1,96000
MI,Conklin,14,1395000
MI,Constantine,4,3620000
MI,Coopersville,81,11064000
MI,Covert,29,10620000
MI,Dafter,3,610000
MI,Davisburg,92,15640000
MI,Davison,375,42055000
MI,Dearborn,368,64025000
MI,Dearborn Heights,2,138000
MI,Decatur,8,4768000
MI,Detroit,6217,1102079000
MI,DeWitt,12,3364000
MI,Dexter,50,11572000
MI,Dimondale,10,1670000
MI,Douglas,4,514000
MI,Dowagiac,18,12692000
MI,Dundee,32,7059000
MI,Durand,32,6568000
MI,Eagle,21,4467000
MI,East Lansing,53,8376000
MI,East Leroy,1,1000000
MI,East Tawas,2,264000
MI,Eastpointe,2,264000
MI,Eaton Rapids,11,4968000
MI,Eau Claire,3,2988000
MI,Eckerman,1,96000
MI,Edmore,3,1976000
MI,Emmett,2,288000
MI,Engadine,1,120000
MI,Erie,91,29784000
MI,Evart,1,144000
MI,Farmington,487,73340000
MI,Farmington Hills,2,594000
MI,Farwell,3,1700000
MI,Fennville,60,18558000
MI,Fenton,392,52119000
MI,Fenwick,1,144000
MI,Flat Rock,9,1597000
MI,Flint,3926,481664000
MI,Flushing,215,21240000
MI,Fort Gratiot,24,4865000
MI,Fowlerville,67,13404000
MI,Frankenmuth,4,424000
MI,Frederic,1,275000
MI,Free Soil,7,5564000
MI,Freeport,2,240000
MI,Fruitport,15,3974000
MI,Gaines,46,4907000
MI,Galesburg,103,22874000
MI,Galien,1,120000
MI,Garden City,3,150000
MI,Gaylord,15,2975000
MI,Genesee,4,392000
MI,Gladstone,3,2032000
MI,Gobles,3,336000
MI,Goodells,11,3446000
MI,Goodrich,82,10592000
MI,Gould City,3,2064000
MI,Gowen,8,795000
MI,Grand Blanc,730,82708000
MI,Grand Haven,140,17353000
MI,Grand Ledge,35,10682000
MI,Grand Rapids,7348,880996000
MI,Grandville,239,28461000
MI,Grant,1,120000
MI,Grass Lake,79,18092000
MI,Grawn,3,2038000
MI,Grayling,18,8541000
MI,Greenville,21,5102000
MI,Grosse Pointe,2,184000
MI,Gulliver,5,1400000
MI,Hamilton,7,1616000
MI,Hamtramck,153,28682000
MI,Hancock,4,4700000
MI,Harbor Springs,1,88000
MI,Harper Woods,202,40172000
MI,Harrison,14,1496000
MI,Harrison Township,139,27379000
MI,Harrisville,3,304000
MI,Hartford,44,11723000
MI,Hartland,24,2400000
MI,Haslett,10,1378000
MI,Hastings,9,1927000
MI,Hazel Park,253,57535000
MI,Herron,3,1416000
MI,Hersey,3,336000
MI,Highland Park,482,75072000
MI,Holland,361,46671000
MI,Holly,197,29274000
MI,Holt,35,7758000
MI,Homer,15,8640000
MI,Hope,3,3680000
MI,Hopkins,8,1050000
MI,Houghton Lake,6,552000
MI,Howard City,4,1520000
MI,Howell,149,33583000
MI,Hudson,7,4204000
MI,Hudsonville,130,17888000
MI,Huntington Woods,63,13689000
MI,Imlay City,8,6459000
MI,Indian River,15,7862000
MI,Inkster,2,176000
MI,Interlochen,15,8480000
MI,Ionia,6,716000
MI,Ira,1,80000
MI,Ironwood,4,1472000
MI,Ishpeming,3,1464000
MI,Ithaca,6,946000
MI,Jackson,402,107826000
MI,Jenison,62,5899000
MI,Jones,1,1500000
MI,Kalamazoo,392,84818000
MI,Kalkaska,2,131000
MI,Kawkawlin,15,3624000
MI,Kent City,27,4149000
MI,Kimball,2,538000
MI,Kinross,3,1355000
MI,La Salle,45,8812000
MI,Lachine,1,120000
MI,Laingsburg,4,858000
MI,Lake,3,1224000
MI,Lake Leelanau,2,1188000
MI,Lake Odessa,3,567000
MI,Lake Orion,2,106000
MI,Lakeview,3,1184000
MI,Lansing,476,119396000
MI,Lapeer,20,7200000
MI,Lawrence,39,14110000
MI,Lennon,53,7115000
MI,Leroy,2,208000
MI,Leslie,12,4380000
MI,Levering,1,80000
MI,Lincoln Park,181,40217000
MI,Linden,146,15195000
MI,Linwood,10,1244000
MI,Livonia,317,52981000
MI,Lowell,146,24503000
MI,Ludington,1,80000
MI,Luna Pier,15,2483000
MI,Mackinaw,2,240000
MI,Mackinaw City,4,1552000
MI,Macomb,11,2340000
MI,Madison Heights,422,75934000
MI,Mancelona,5,608000
MI,Manchester,2,240000
MI,Manistee,5,4676000
MI,Manistique,3,352000
MI,Manitou Beach,7,2972000
MI,Marcellus,1,1000000
MI,Marlette,4,2588000
MI,Marne,45,11264000
MI,Marshall,85,25588000
MI,Martin,47,8942000
MI,Marysville,9,1239000
MI,Mason,34,12832000
MI,Mattawan,54,16335000
MI,Mayville,2,200000
MI,Melvindale,33,5786000
MI,Memphis,14,2488000
MI,Menominee,3,2420000
MI,Mesick,2,1288000
MI,Metamora,2,224000
MI,Middleville,7,2776000
MI,Midland,41,9620000
MI,Milan,66,16100000
MI,Milford,113,20030000
MI,Millington,9,992000
MI,Mio,2,1280000
MI,Monroe,266,78541000
MI,Montague,1,88000
MI,Montrose,76,8652000
MI,Moran,1,120000
MI,Morley,2,232000
MI,Morrice,10,5057000
MI,Mount Clemens,4,504000
MI,Mount Morris,302,34618000
MI,Mount Pleasant,5,1540000
MI,Muskegon,159,24674000
MI,Nashville,4,2724000
MI,Naubinway,19,4672000
MI,Negaunee,3,3444000
MI,New Baltimore,92,16376000
MI,New Boston,62,9957000
MI,New Buffalo,51,21423000
MI,New Haven,8,856000
MI,New Hudson,57,11293000
MI,New Lothrop,9,1728000
MI,Newaygo,2,216000
MI,Newport,65,14325000
MI,Niles,46,22540000
MI,North Branch,1,88000
MI,North Street,3,328000
MI,Northville,83,14650000
MI,Norton Shores,1,96000
MI,Novi,401,63563000
MI,Nunica,43,4859000
MI,Oak Park,98,20324000
MI,Oakley,1,80000
MI,Okemos,21,6064000
MI,Olivet,28,6069000
MI,Omer,3,1724000
MI,Onsted,1,80000
MI,Ortonville,4,480000
MI,Oscoda,7,3296000
MI,Otisville,81,8035000
MI,Otsego,4,1512000
MI,Ottawa Lake,46,10344000
MI,Otter Lake,1,144000
MI,Parma,132,37470000
MI,Paw Paw,137,37745000
MI,Pentwater,3,500000
MI,Perrinton,1,144000
MI,Perry,14,4467000
MI,Petersburg,46,13630000
MI,Petoskey,15,10772000
MI,Pierson,7,3314000
MI,Pinckney,4,3060000
MI,Pinconning,18,2290000
MI,Plainwell,43,11576000
MI,Plymouth,466,78098000
MI,Pontiac,6,820000
MI,Port Huron,152,20779000
MI,Portage,221,47736000
MI,Portland,37,6662000
MI,Potterville,5,3296000
MI,Ravenna,6,560000
MI,Ray,1,144000
MI,Redford,122,24385000
MI,Reed City,12,5514000
MI,Remus,1,80000
MI,Richmond,2,184000
MI,Riga,8,3480000
MI,Riley,1,144000
MI,Riverview,19,3789000
MI,Rives Junction,10,2183000
MI,Rochester,21,2495000
MI,Rochester Hills,1,120000
MI,Rockford,144,24698000
MI,Rockwood,29,4635000
MI,Rogers City,6,5420000
MI,Romeo,1,120000
MI,Romulus,379,75177000
MI,Roscommon,12,2222000
MI,Rosebush,8,1672000
MI,Roseville,363,64266000
MI,Royal Oak,246,38862000
MI,Rudyard,5,1656000
MI,Saginaw,197,50845000
MI,Saint Charles,2,216000
MI,Saint Clair,37,4135000
MI,Saint Clair Shores,548,114937000
MI,Saint Helen,3,1764000
MI,Saint Ignace,13,5224000
MI,Saint Johns,28,8135000
MI,Saint Joseph,39,9505000
MI,Saint Louis,3,1288000
MI,Saline,18,5781000
MI,Sand Lake,22,3708000
MI,Sanford,5,2208000
MI,Saranac,20,6136000
MI,Saugatuck,29,7691000
MI,Sault Sainte Marie,2,288000
MI,Sawyer,18,3855000
MI,Schoolcraft,24,3667000
MI,Scottville,2,3300000
MI,Sears,1,88000
MI,Sebewaing,1,120000
MI,Shelby Township,2,200000
MI,Shelbyville,8,968000
MI,Shepherd,7,4035000
MI,Smiths Creek,43,9971000
MI,Sodus,13,1572000
MI,South Boardman,6,3244000
MI,South Haven,55,13272000
MI,South Lyon,8,1003000
MI,South Rockwood,39,8049000
MI,Southfield,789,121400000
MI,Southgate,75,12428000
MI,Sparta,41,4018000
MI,Spring Arbor,9,6092000
MI,Spring Lake,58,10592000
MI,St Joseph,40,12252000
MI,Standish,18,2186000
MI,Stanton,7,2984000
MI,Sterling,3,532000
MI,Sterling Heights,30,3963000
MI,Stevensville,54,10799000
MI,Sunfield,8,7164000
MI,Swartz Creek,269,28056000
MI,Taylor,295,53961000
MI,Tecumseh,4,3288000
MI,Tekonsha,24,6989000
MI,Temperance,8,2896000
MI,Three Oaks,20,2340000
MI,Three Rivers,2,288000
MI,Tipton,18,8996000
MI,Traverse City,19,3072000
MI,Trenton,58,8266000
MI,Troy,91,16087000
MI,Tustin,4,456000
MI,Twining,3,2888000
MI,Union,21,11888000
MI,Union Pier,17,4222000
MI,Unknown,1,88000
MI,Utica,6,796000
MI,Vandalia,2,168000
MI,Vanderbilt,2,264000
MI,Waldron,3,2988000
MI,Wales,2,176000
MI,Walled Lake,1,96000
MI,Warren,441,75870000
MI,Washington,1,15000
MI,Waterford,3,1288000
MI,Watervliet,27,7328000
MI,Wayland,92,12911000
MI,Wayne,5,139000
MI,Webberville,17,3004000
MI,West Branch,10,4396000
MI,West Olive,46,5784000
MI,Westland,6,554000
MI,White Pigeon,15,3576000
MI,Whitehall,9,5204000
MI,Whitmore Lake,181,26357000
MI,Williamsburg,5,1484000
MI,Williamston,89,22380000
MI,Wixom,112,17333000
MI,Wolverine,1,120000
MI,Wyoming,328,37946000
MI,Yale,2,216000
MI,Ypsilanti,325,78225000
MI,Zeeland,156,22207000
MN,Acoma,7,704000
MN,Adams,11,1160000
MN,Adrian,140,15728000
MN,Afton,97,10356000
MN,Aitkin,165,17230000
MN,Akeley,88,9216000
MN,Albany,74,8339000
MN,Albert Lea,406,44874000
MN,Albertville,188,23242000
MN,Alden,54,5752000
MN,Aldrich,11,1224000
MN,Alexandria,329,36022000
MN,Alpha,20,2594000
MN,Altura,20,3436000
MN,Amboy,28,2867000
MN,Andover,24,2748000
MN,Angora,16,1576000
MN,Annandale,34,3568000
MN,Anoka,536,66005000
MN,Appleton,5,608000
MN,Arlington,27,6338000
MN,Ashby,221,24256000
MN,Askov,30,3328000
MN,Atwater,19,2136000
MN,Audubon,26,2672000
MN,Aurora,9,1000000
MN,Austin,191,22130000
MN,Avoca,7,712000
MN,Avon,106,13678000
MN,Backus,69,7320000
MN,Badger,4,424000
MN,Bagley,50,5136000
MN,Balaton,26,2736000
MN,Barnesville,14,1512000
MN,Barnum,65,7440000
MN,Barrett,7,696000
MN,Battle Lake,40,4176000
MN,Baudette,25,2752000
MN,Baxter,48,5167000
MN,Bayport,34,3371000
MN,Beaver Creek,7,736000
MN,Becker,65,6631000
MN,Bejou,1,96000
MN,Belgrade,52,6364000
MN,Belle Plaine,87,10543000
MN,Belview,13,1392000
MN,Bemidji,241,24684000
MN,Bena,16,1552000
MN,Benson,31,3040000
MN,Bertha,2,176000
MN,Bethel,2,200000
MN,Big Falls,18,1984000
MN,Big Lake,107,11851000
MN,Bigelow,22,2416000
MN,Bigfork,22,2336000
MN,Bingham Lake,36,3489000
MN,Bird Island,12,1304000
MN,Biwabik,19,1848000
MN,Blackduck,24,2636000
MN,Blomkest,32,3168000
MN,Blooming Prairie,81,11844000
MN,Blue Earth,142,15923000
MN,Bluffton,8,944000
MN,Bock,3,328000
MN,Bovey,47,4947000
MN,Bowlus,11,1032000
MN,Boyd,2,232000
MN,Braham,34,4980000
MN,Brainerd,287,29904000
MN,Brandon,91,9584000
MN,Breckenridge,3,336000
MN,Brewster,79,9652000
MN,Bricelyn,25,2884000
MN,Britt,18,1936000
MN,Brook Park,89,10170000
MN,Brooks,9,896000
MN,Brookston,23,2424000
MN,Brooten,7,728000
MN,Browerville,9,880000
MN,Brownsdale,5,528000
MN,Brownsville,12,1208000
MN,Brownton,85,9764000
MN,Bruno,6,648000
MN,Buffalo,210,22348000
MN,Buffalo Lake,14,1416000
MN,Buhl,7,704000
MN,Burnsville,716,83341000
MN,Burtrum,6,624000
MN,Butterfield,45,6108000
MN,Byron,56,7103000
MN,Caledonia,54,5792000
MN,Callaway,15,1576000
MN,Calumet,5,592000
MN,Cambridge,117,11732000
MN,Cannon Falls,245,28009000
MN,Canton,6,600000
MN,Canyon,40,4156000
MN,Carlos,18,1784000
MN,Carlton,209,22552000
MN,Carver,19,2032000
MN,Cass Lake,61,6192000
MN,Cedar,2,216000
MN,Center City,13,3000000
MN,Ceylon,2,224000
MN,Champlin,167,16709000
MN,Chandler,17,1872000
MN,Chanhassen,155,16175000
MN,Chaska,240,25804000
MN,Chatfield,104,12591000
MN,Chisago City,52,6497000
MN,Chisholm,66,7024000
MN,Circle Pines,177,21079000
MN,Clara City,59,5644000
MN,Claremont,20,1992000
MN,Clarissa,8,816000
MN,Clarkfield,22,2344000
MN,Clarks Grove,78,8152000
MN,Clear Lake,61,6030000
MN,Clearbrook,1,96000
MN,Clearwater,325,38890000
MN,Clements,2,240000
MN,Cleveland,3,384000
MN,Clitherall,10,1016000
MN,Cloquet,96,10080000
MN,Cohasset,56,5864000
MN,Cokato,29,2976000
MN,Cold Spring,58,6120000
MN,Coleraine,12,1384000
MN,Cologne,32,3160000
MN,Comfrey,3,320000
MN,Cook,32,3432000
MN,Cosmos,23,2496000
MN,Cottage Grove,152,17048000
MN,Cotton,37,3752000
MN,Cottonwood,39,4168000
MN,Courtland,27,2904000
MN,Cromwell,38,3992000
MN,Crosby,26,2672000
MN,Culver,1,80000
MN,Currie,13,1440000
MN,Cushing,50,6346000
MN,Cyrus,5,528000
MN,Dakota,176,20310000
MN,Dalbo,8,864000
MN,Dalton,129,13522000
MN,Danube,13,1208000
MN,Danvers,5,464000
MN,Darfur,2,208000
MN,Darwin,16,1768000
MN,Dassel,76,8712000
MN,Dawson,3,312000
MN,Deer Creek,38,4039000
MN,Deer River,98,10312000
MN,Deerwood,60,6376000
MN,Delano,43,4600000
MN,Delavan,4,456000
MN,Dennison,19,1814000
MN,Dent,9,880000
MN,Detroit Lakes,195,20479000
MN,Dexter,45,5114000
MN,Dilworth,1,120000
MN,Dodge Center,69,6786000
MN,Donnelly,3,272000
MN,Dover,58,6112000
MN,Dovray,3,320000
MN,Duluth,714,81089000
MN,Duluth city,19,2152000
MN,Dundas,81,8520000
MN,Dundee,7,752000
MN,Dunnell,5,480000
MN,Eagle Bend,8,904000
MN,Eagle Lake,57,6035000
MN,East Grand Forks,1,96000
MN,Easton,2,168000
MN,Echo,6,592000
MN,Eden Prairie,641,70134000
MN,Eden Valley,17,1871000
MN,Edina,9,992000
MN,Effie,11,1192000
MN,Eitzen,1,88000
MN,Elbow Lake,27,2888000
MN,Elgin,30,3048000
MN,Elk River,772,82676000
MN,Elko New Market,123,13832000
MN,Ellendale,200,21264000
MN,Elmore,5,488000
MN,Elrosa,3,264000
MN,Ely,24,4228000
MN,Elysian,18,2040000
MN,Embarrass,20,2152000
MN,Emily,11,1104000
MN,Emmons,1,88000
MN,Erskine,18,1896000
MN,Esko,122,12975000
MN,Euclid,2,160000
MN,Evansville,97,11674000
MN,Eveleth,132,14010000
MN,Excelsior,126,16590000
MN,Eyota,126,13472000
MN,Fairfax,36,3688000
MN,Fairmont,118,12794000
MN,Faribault,480,51940000
MN,Farmington,42,4346000
MN,Farwell,11,1248000
MN,Fergus Falls,98,12088000
MN,Finland,2,208000
MN,Finlayson,77,8469000
MN,Floodwood,84,11348000
MN,Foley,107,11917000
MN,Forest Lake,530,65303000
MN,Foreston,9,872000
MN,Fort Ripley,35,3880000
MN,Fort Ripley city,2,224000
MN,Fosston,22,2384000
MN,Fountain,28,3008000
MN,Franklin,26,2760000
MN,Frazee,63,6358000
MN,Freeport,63,7696000
MN,Frontenac,8,920000
MN,Fulda,22,2242000
MN,Garden City,14,1312000
MN,Garfield,54,5680000
MN,Garrison,57,5840000
MN,Garvin,28,2832000
MN,Gatzke,1,96000
MN,Gaylord,49,5160000
MN,Geneva,44,4552000
MN,Ghent,19,2056000
MN,Gibbon,9,928000
MN,Gilbert,39,4008000
MN,Glencoe,105,10867000
MN,Glenville,53,5416000
MN,Glenwood,64,6554000
MN,Glyndon,43,6558000
MN,Gonvick,4,456000
MN,Good Thunder,16,1648000
MN,Goodhue,19,1922000
MN,Goodridge,3,336000
MN,Granada,33,3560000
MN,Grand Marais,2,176000
MN,Grand Meadow,34,3512000
MN,Grand Rapids,170,17667000
MN,Granite Falls,76,8088000
MN,Grasston,18,1760000
MN,Green Isle,21,2152000
MN,Grey Eagle,12,1156000
MN,Grove City,52,6360000
MN,Grygla,4,432000
MN,Gully,2,192000
MN,Hackensack,22,2392000
MN,Hadley,2,176000
MN,Hamburg,17,1776000
MN,Hamel,13,1384000
MN,Hampton,104,14388000
MN,Hancock,7,736000
MN,Hanley Falls,15,1528000
MN,Hanska,10,1016000
MN,Harmony,10,988000
MN,Harris,41,4578000
MN,Hartland,3,304000
MN,Hastings,385,41816000
MN,Hawick,27,2960000
MN,Hayfield,34,3516000
MN,Hayward,36,3728000
MN,Hector,44,4655000
MN,Henderson,58,6136000
MN,Hendricks,2,2600000
MN,Henning,40,4196000
MN,Herman,1,88000
MN,Hermantown,30,3096000
MN,Heron Lake,57,5884000
MN,Hewitt,33,3471000
MN,Hibbing,173,18150000
MN,Hill City,30,3456000
MN,Hillman,18,1744000
MN,Hinckley,244,25350000
MN,Hines,11,1272000
MN,Hoffman,27,4576000
MN,Hokah,14,1416000
MN,Holdingford,2,176000
MN,Holland,3,240000
MN,Hollandale,5,560000
MN,Holloway,15,1664000
MN,Holyoke,18,3932000
MN,Hopkins,732,82180000
MN,Houston,47,5167000
MN,Howard Lake,23,2204000
MN,Hugo,236,28355000
MN,Hutchinson,113,13582000
MN,Independence,3,360000
MN,International Falls,54,5762000
MN,Inver Grove Heights,465,52025000
MN,Iron,28,2796000
MN,Ironton,9,960000
MN,Isabella,25,2648000
MN,Isanti,29,3019000
MN,Isle,24,2464000
MN,Jackson,117,12552000
MN,Jacobson,38,4008000
MN,Janesville,36,3819000
MN,Jasper,2,208000
MN,Jeffers,15,1608000
MN,Jenkins,5,536000
MN,Jordan,146,19659000
MN,Kabetogama,2,224000
MN,Kandiyohi,3,304000
MN,Kasota,22,2234000
MN,Kasson,54,5546000
MN,Kathio,1,120000
MN,Keewatin,5,416000
MN,Kelliher,19,1976000
MN,Kellogg,33,5144000
MN,Kensington,28,5628000
MN,Kenyon,65,6856000
MN,Kerkhoven,15,1600000
MN,Kerrick,2,176000
MN,Kettle River,12,1320000
MN,Kiester,3,296000
MN,Kilkenny,5,568000
MN,Kimball,88,9051000
MN,Kinney,2,200000
MN,La Crescent,70,7290000
MN,Lafayette,25,2888000
MN,Lake City,53,5402000
MN,Lake Crystal,103,14168000
MN,Lake Elmo,122,14267000
MN,Lake George,12,1152000
MN,Lake Lillian,22,2424000
MN,Lake Wilson,22,2304000
MN,Lakefield,126,13544000
MN,Lakeland,66,7866000
MN,Lakeville,471,59679000
MN,Lamberton,18,1824000
MN,Lanesboro,24,2560000
MN,Laporte,59,6346000
MN,Le Center,10,1024000
MN,Le Roy,11,1144000
MN,Le Sueur,99,10699000
MN,Lengby,3,296000
MN,Leonard,2,184000
MN,Lester Prairie,22,2188000
MN,Lewiston,49,5224000
MN,Lewisville,3,264000
MN,Lindstrom,32,3280000
MN,Lismore,7,712000
MN,Litchfield,91,9512000
MN,Little Falls,243,26729000
MN,Littlefork,6,664000
MN,Loman,5,616000
MN,Long Lake,19,1976000
MN,Long Prairie,102,10527000
MN,Longville,22,2360000
MN,Lonsdale,22,2264000
MN,Loretto,5,440000
MN,Lowry,18,1888000
MN,Lucan,4,480000
MN,Lutsen,2,224000
MN,Luverne,13,2488000
MN,Lyle,5,528000
MN,Lynd,27,2502000
MN,Mabel,23,2472000
MN,Madelia,57,5936000
MN,Madison Lake,24,2480000
MN,Magnolia,7,680000
MN,Mahnomen,23,2328000
MN,Mankato,646,73888000
MN,Mantorville,8,827000
MN,Maple Grove,588,76499000
MN,Maple Lake,28,2952000
MN,Maple Plain,10,1275000
MN,Mapleton,27,2584000
MN,Marble,1,144000
MN,Marcell,10,1104000
MN,Marine On Saint Croix,12,1128000
MN,Marshall,128,13087000
MN,Mayer,24,2365000
MN,Maynard,42,4266000
MN,Mazeppa,9,880000
MN,Mc Grath,16,1840000
MN,McGregor,15,1392000
MN,McIntosh,14,1576000
MN,Medford,68,7767000
MN,Melrose,138,14838000
MN,Menahga,43,4608000
MN,Mendota,1,120000
MN,Milaca,112,11960000
MN,Milan,6,696000
MN,Millville,3,296000
MN,Milroy,12,1280000
MN,Miltona,3,352000
MN,Minneapolis,15020,1741453000
MN,Minneota,2,176000
MN,Minnesota City,32,3176000
MN,Minnesota Lake,11,1136000
MN,Minnetonka,93,10886000
MN,Mizpah,1,144000
MN,Montevideo,82,8239000
MN,Montgomery,48,5048000
MN,Monticello,759,87539000
MN,Montrose,30,3256000
MN,Moorhead,56,6008000
MN,Moose Lake,76,7876000
MN,Mora,66,8327000
MN,Morgan,11,1056000
MN,Morris,40,4021000
MN,Morristown,27,2888000
MN,Morton,15,1688000
MN,Motley,102,10768000
MN,Mountain Iron,43,4136000
MN,Mountain Lake,42,5168000
MN,Murdock,15,1648000
MN,Nashua,2,1220000
MN,Nashwauk,10,947000
MN,Naytahwaush,1,96000
MN,Nerstrand,9,968000
MN,Nevis,36,3824000
MN,New Germany,12,1128000
MN,New London,60,7202000
MN,New Prague,51,5192000
MN,New Richland,18,1816000
MN,New Ulm,112,11752000
MN,New York Mills,58,6071000
MN,Newport,233,26343000
MN,Nicollet,55,5632000
MN,Nisswa,72,7559000
MN,North Branch,181,21686000
MN,North Mankato,24,2434000
MN,Northfield,368,41685000
MN,Northome,19,2152000
MN,Norwood Young America,37,3921000
MN,Oak Park,14,1648000
MN,Ogema,4,416000
MN,Ogilvie,53,5736000
MN,Okabena,8,824000
MN,Oklee,1,144000
MN,Olivia,37,3735000
MN,Onamia,142,15126000
MN,Ormsby,4,392000
MN,Oronoco,90,8964000
MN,Orr,50,5200000
MN,Ortonville,2,1120000
MN,Osage,45,4736000
MN,Osakis,161,17152000
MN,Osseo,656,80308000
MN,Ottertail,24,2416000
MN,Outing,8,888000
MN,Owatonna,313,34467000
MN,Palisade,21,2048000
MN,Park Rapids,98,10128000
MN,Parkers Prairie,25,2648000
MN,Paynesville,63,6746000
MN,Pelican Rapids,15,1632000
MN,Pemberton,5,440000
MN,Pengilly,21,2264000
MN,Pennock,4,440000
MN,Pequot Lakes,14,1480000
MN,Perham,66,7064000
MN,Peterson,6,608000
MN,Pierz,52,5392000
MN,Pillager,52,5538000
MN,Pine City,212,24068000
MN,Pine Island,112,15331000
MN,Pine River,33,3344000
MN,Plainview,18,2072000
MN,Plato,13,2768000
MN,Ponsford,6,664000
MN,Preston,23,2423000
MN,Princeton,170,17622000
MN,Prinsburg,6,576000
MN,Prior Lake,53,5355000
MN,Puposky,11,1216000
MN,Racine,21,2008000
MN,Randall,20,2248000
MN,Randolph,73,7340000
MN,Raymond,52,4496000
MN,Reads Landing,8,896000
MN,Red Wing,103,11520000
MN,Redby,1,80000
MN,Redlake,2,176000
MN,Redwood Falls,99,15668000
MN,Remer,61,6950000
MN,Renville,25,4480000
MN,Revere,5,2280000
MN,Rice,91,9618000
MN,Richmond,49,5122000
MN,Rochester,650,72947000
MN,Rockford,17,1794000
MN,Rogers,439,59306000
MN,Rollingstone,4,472000
MN,Roosevelt,2,224000
MN,Roscoe,7,736000
MN,Rose Creek,8,864000
MN,Roseau,38,3944000
MN,Rosemount,147,18655000
MN,Rothsay,10,2244000
MN,Royalton,58,5794000
MN,Rush City,143,15953000
MN,Rushford,70,7452000
MN,Rushmore,73,8242000
MN,Russell,23,2344000
MN,Ruthton,11,2344000
MN,Sabin,10,1152000
MN,Sacred Heart,17,1712000
MN,Saginaw,117,12338000
MN,Saint Augusta,12,1066000
MN,Saint Bonifacius,4,3264000
MN,Saint Charles,101,10769000
MN,Saint Cloud,714,79602000
MN,Saint Francis,21,2352000
MN,Saint James,70,6880000
MN,Saint Joseph,99,10867000
MN,Saint Michael,243,29526000
MN,Saint Paul,10180,1171229000
MN,Saint Paul Park,5,512000
MN,Saint Peter,235,26556000
MN,Salol,9,888000
MN,Sanborn,28,2968000
MN,Sandstone,126,13269000
MN,Sauk Centre,344,37292000
MN,Sauk Rapids,173,23480000
MN,Savage,192,22652000
MN,Sawyer,12,1264000
MN,Scandia,45,5543000
MN,Sebeka,10,880000
MN,Shafer,55,6431000
MN,Shakopee,483,53014000
MN,Sherburn,74,8648000
MN,Shevlin,23,2624000
MN,Shorewood,1,80000
MN,Silver Bay,1,96000
MN,Silver Lake,27,4916000
MN,Slayton,54,5752000
MN,Sleepy Eye,76,8471000
MN,Solway,18,1752000
MN,South Haven,15,1496000
MN,South Saint Paul,216,24551000
MN,Spicer,41,4555000
MN,Spring Grove,12,1176000
MN,Spring Valley,28,2992000
MN,Springfield,14,1560000
MN,Squaw Lake,9,944000
MN,Stacy,97,11710000
MN,Stanchfield,2,208000
MN,Staples,70,7320000
MN,Starbuck,23,2328000
MN,Stewart,19,2048000
MN,Stewartville,146,15508000
MN,Stillwater,196,20430000
MN,Storden,1,96000
MN,Sturgeon Lake,52,5552000
MN,Sunburg,15,1616000
MN,Swan River,21,2256000
MN,Swanville,19,1952000
MN,Swatara,6,592000
MN,Talmoon,2,176000
MN,Tamarack,13,1432000
MN,Taylors Falls,23,2568000
MN,Tower,14,1408000
MN,Tracy,23,2536000
MN,Trail,4,488000
MN,Trimont,12,2112000
MN,Truman,39,3992000
MN,Twin Lakes,4,480000
MN,Two Harbors,2,184000
MN,Underwood,19,2056000
MN,Unknown,1,88000
MN,Upsala,2,184000
MN,Utica,57,6104000
MN,Vergas,1,80000
MN,Verndale,28,2984000
MN,Vernon Center,9,840000
MN,Vesta,15,1720000
MN,Victoria,20,2008000
MN,Villard,6,656000
MN,Vining,10,920000
MN,Virginia,107,11962000
MN,Wabasha,38,4840000
MN,Wabasso,4,504000
MN,Waconia,46,6560000
MN,Wadena,99,9787000
MN,Wahkon,6,536000
MN,Waite Park,11,1112000
MN,Waldorf,2,264000
MN,Walker,76,8152000
MN,Walnut Grove,8,808000
MN,Walters,2,192000
MN,Waltham,3,264000
MN,Wanamingo,46,4936000
MN,Wannaska,5,608000
MN,Warba,22,2424000
MN,Warroad,36,3800000
MN,Warsaw,8,848000
MN,Waseca,72,7892000
MN,Waskish,18,1808000
MN,Watertown,16,1688000
MN,Waterville,53,5658000
MN,Watkins,13,1090000
MN,Waubun,34,3704000
MN,Waverly,16,2752000
MN,Wayzata,128,13592000
MN,Webster,94,10266000
MN,Welch,55,6484000
MN,Welcome,51,6796000
MN,Wells,76,8372000
MN,West Concord,20,2258000
MN,Westbrook,5,464000
MN,Wheaton,2,216000
MN,Williams,3,312000
MN,Willmar,149,15603000
MN,Willow River,71,7362000
MN,Windom,132,13874000
MN,Winger,12,1248000
MN,Winnebago,21,2450000
MN,Winona,343,36182000
MN,Winthrop,42,4688000
MN,Wood Lake,8,776000
MN,Worthington,165,16698000
MN,Wrenshall,21,2296000
MN,Wright,28,2960000
MN,Wykoff,2,232000
MN,Wyoming,135,15839000
MN,Young America,15,1906000
MN,Zimmerman,69,8328000
MN,Zumbro Falls,34,10740000
MN,Zumbrota,239,29654000
MO,Agency,6,1672000
MO,Aldrich,1,144000
MO,Altamont,3,336000
MO,Amazonia,4,448000
MO,Anderson,4,4844000
MO,Arbyrd,2,1320000
MO,Arnold,93,18643000
MO,Asbury,1,144000
MO,Ash Grove,18,2649000
MO,Ashland,3,234000
MO,Atlanta,2,1644000
MO,Auxvasse,9,928000
MO,Ava,1,144000
MO,Ballwin,42,7883000
MO,Barnett,3,199000
MO,Barnhart,29,7624000
MO,Bates City,56,10111000
MO,Battlefield,4,464000
MO,Belle,2,1880000
MO,Belton,139,26575000
MO,Benton,1,80000
MO,Benton City,1,144000
MO,Bertrand,5,576000
MO,Bethany,2,750000
MO,Billings,24,2328000
MO,Bismarck,1,96000
MO,Blackwater,31,5461000
MO,Bloomsdale,1,96000
MO,Blue Eye,1,12000
MO,Blue Springs,328,51058000
MO,Bois D Arc,10,904000
MO,Bois D'Arc,18,1952000
MO,Bolivar,10,1056000
MO,Bonne Terre,1,275000
MO,Boonville,42,8431000
MO,Bourbon,8,2411000
MO,Bowling Green,6,4420000
MO,Branson,1,96000
MO,Bridgeton,256,58830000
MO,Brighton,6,516000
MO,Brookline,74,8688000
MO,Bucklin,1,96000
MO,Buffalo,22,16628000
MO,Burlington Junction,2,2500000
MO,Cabool,2,200000
MO,Cadet,6,6864000
MO,Callao,2,1096000
MO,Camdenton,1,1100000
MO,Cameron,9,1091000
MO,Canton,1,88000
MO,Cape Fair,4,416000
MO,Cape Girardeau,14,10539000
MO,Cardwell,2,1144000
MO,Carrollton,1,144000
MO,Carthage,13,2398000
MO,Caruthersville,5,3320000
MO,Cedar Hill,5,1720000
MO,Center,7,4743000
MO,Charleston,2,232000
MO,Chesterfield,235,53644000
MO,Chestnutridge,1,88000
MO,Collins,2,1288000
MO,Columbia,227,44391000
MO,Concordia,33,5756000
MO,Conway,16,5006000
MO,Craig,9,1378000
MO,Crystal City,3,304000
MO,Cuba,21,4284000
MO,De Soto,14,1418000
MO,Dearborn,34,4212000
MO,Deepwater,1,144000
MO,Defiance,1,96000
MO,Dexter,1,120000
MO,Dittmer,8,5700000
MO,Dixon,1,96000
MO,Dudley,4,2740000
MO,Eagleville,4,918000
MO,Earth City,34,8560000
MO,Eldon,1,96000
MO,Essex,1,1500000
MO,Eugene,1,1500000
MO,Eureka,53,13450000
MO,Ewing,3,1700000
MO,Fair Grove,14,1437000
MO,Faucett,7,648000
MO,Fenton,155,27737000
MO,Festus,77,14630000
MO,Fillmore,2,160000
MO,Florissant,126,29775000
MO,Foristell,65,12276000
MO,Forsyth,3,1364000
MO,Fremont,2,1196000
MO,Fulton,11,1280000
MO,Golden City,1,88000
MO,Goodman,3,1276000
MO,Gower,1,80000
MO,Grain Valley,109,16665000
MO,Grandview,215,35984000
MO,Gray Summit,4,762000
MO,Greenwood,4,1536000
MO,Half Way,2,1288000
MO,Halfway,1,1000000
MO,Hallsville,1,144000
MO,Hamilton,2,338000
MO,Hannibal,10,960000
MO,Harrisburg,2,1588000
MO,Harrisonville,66,10337000
MO,Hartsburg,1,120000
MO,Hawk Point,1,144000
MO,Hayti,8,1936000
MO,Hazelwood,363,86376000
MO,Henley,1,1100000
MO,Herculaneum,33,11497000
MO,Higginsville,16,2190000
MO,High Hill,31,4969000
MO,High Ridge,68,18933000
MO,Highlandville,3,368000
MO,Hillsboro,6,484000
MO,Hollister,3,304000
MO,Holt,47,8366000
MO,Holts Summit,8,2058000
MO,House Springs,12,4719000
MO,Houstonia,3,328000
MO,Hunnewell,2,184000
MO,Iberia,7,4468000
MO,Imperial,29,7194000
MO,Independence,756,112650000
MO,Jackson,8,8596000
MO,Jefferson City,7,867000
MO,Jerome,2,240000
MO,Jonesburg,37,4669000
MO,Joplin,107,22390000
MO,Kaiser,1,88000
MO,Kansas City,9440,1427832000
MO,Kaw,3,296000
MO,Kearney,85,14318000
MO,Kennett,7,5904000
MO,Kingdom City,30,3655000
MO,Kingston,4,3040000
MO,Knob Noster,5,1524000
MO,Labadie,1,144000
MO,Laddonia,18,19456000
MO,Lake Saint Louis,45,11013000
MO,Lake St Louis,17,3654000
MO,Lamar,2,380000
MO,Lathrop,8,964000
MO,Leasburg,2,264000
MO,Lebanon,38,8327000
MO,Lees Summit,493,74444000
MO,Lee's Summit,235,30698000
MO,Lesterville,1,88000
MO,Lewistown,2,240000
MO,Lexington,1,120000
MO,Liberal,1,80000
MO,Liberty,408,68149000
MO,Licking,4,360000
MO,Lockwood,1,120000
MO,Lone Jack,2,168000
MO,Louisiana,1,96000
MO,Lowry City,1,1500000
MO,Macon,1,144000
MO,Marshall,45,6348000
MO,Marshfield,44,5473000
MO,Marston,2,1375000
MO,Marthasville,6,2784000
MO,Martinsburg,2,176000
MO,Maryland Heights,158,40634000
MO,Maryville,2,1244000
MO,Matthews,3,1544000
MO,Mayview,4,504000
MO,Memphis,2,1280000
MO,Meta,1,96000
MO,Middletown,1,1100000
MO,Miller,1,1200000
MO,Missouri River,4,826000
MO,Moberly,1,1800000
MO,Monroe City,6,632000
MO,Montgomery City,16,5866000
MO,Morrisville,1,96000
MO,Moscow Mills,2,200000
MO,Mound City,3,296000
MO,Mount Vernon,10,3196000
MO,Mt Vernon,5,544000
MO,Nelson,29,3271000
MO,Neosho,7,696000
MO,Nevada,3,1168000
MO,New Bloomfield,3,368000
MO,New Cambria,2,1896000
MO,New Florence,53,6084000
MO,New Franklin,1,120000
MO,New Haven,6,1652000
MO,New London,2,184000
MO,New Madrid,5,3575000
MO,Newburg,11,1982000
MO,Nixa,1,88000
MO,Norwood,1,144000
MO,O Fallon,141,43434000
MO,Oak Grove,84,13961000
MO,Oak Ridge,1,300000
MO,Odessa,44,5900000
MO,O'Fallon,44,7831000
MO,Old Appleton,1,1800000
MO,Old Monroe,3,296000
MO,Oregon,6,704000
MO,Ozark,12,3346000
MO,Pacific,111,31709000
MO,Park Hills,1,96000
MO,Pattonsburg,1,300000
MO,Peculiar,67,10878000
MO,Perry,5,4424000
MO,Perryville,21,9307000
MO,Pevely,29,7839000
MO,Phillipsburg,5,528000
MO,Pineville,3,1716000
MO,Platte City,127,17881000
MO,Pleasant Hill,2,371000
MO,Pleasant Hope,2,232000
MO,Pomona,2,3000000
MO,Portageville,3,5100000
MO,Randolph,1,80000
MO,Raymore,19,2114000
MO,Raytown,9,800000
MO,Reeds,2,240000
MO,Reeds Spring,1,88000
MO,Republic,181,19871000
MO,Richland,34,8843000
MO,Riverside,150,24749000
MO,Robertsville,1,120000
MO,Rocheport,53,8473000
MO,Rock Port,7,3388000
MO,Rocky Comfort,2,1888000
MO,Rogersville,41,4645000
MO,Rolla,40,9422000
MO,Rush Hill,1,1200000
MO,Saint Ann,22,5104000
MO,Saint Charles,601,95492000
MO,Saint Clair,6,1938000
MO,Saint James,5,1675000
MO,Saint Joseph,64,14001000
MO,Saint Louis,4104,1001074000
MO,Saint Mary,3,2163000
MO,Saint Peters,138,31520000
MO,Saint Robert,2,1250000
MO,Sainte Genevieve,4,2550000
MO,Sarcoxie,3,288000
MO,Savannah,4,352000
MO,Scott City,1,450000
MO,Seneca,8,4212000
MO,Seymour,1,88000
MO,Sikeston,15,4520000
MO,Smithville,1,88000
MO,Spokane,1,120000
MO,Springfield,3786,434604000
MO,St Ann,12,7382000
MO,St Charles,96,14874000
MO,St Clair,11,2200000
MO,St James,6,728000
MO,St Joseph,33,6315000
MO,St Louis,1185,271608000
MO,St Mary,2,1080000
MO,St Peters,29,3588000
MO,St Robert,11,1258000
MO,St. Louis,32,9849000
MO,Stark City,1,144000
MO,Ste Genevieve,4,3780000
MO,Steele,11,7134000
MO,Stewartsville,1,1100000
MO,Stotts City,4,920000
MO,Strafford,65,8151000
MO,Sturgeon,8,3056000
MO,Sullivan,20,8572000
MO,Sweet Springs,41,6808000
MO,Syracuse,4,432000
MO,Taylor,1,120000
MO,Thayer,1,144000
MO,Tipton,3,344000
MO,Trimble,1,96000
MO,Troy,4,408000
MO,Truesdale,5,504000
MO,Tuscumbia,5,4332000
MO,Union,27,5028000
MO,Union Star,2,1080000
MO,Uniontown,1,1800000
MO,Urich,1,80000
MO,Valles Mines,2,288000
MO,Valley Park,86,16908000
MO,Versailles,3,1316000
MO,Vichy,3,4100000
MO,Vienna,4,4880000
MO,Villa Ridge,29,5149000
MO,Walnut Grove,12,1610000
MO,Walnut Shade,1,96000
MO,Warrensburg,1,96000
MO,Warrenton,61,20846000
MO,Washington,10,8332000
MO,Watson,3,264000
MO,Waynesville,6,958000
MO,Weaubleau,1,96000
MO,Webb City,4,3776000
MO,Weldon Spring,1,120000
MO,Wentzville,203,52972000
MO,West Alton,6,672000
MO,West Plains,19,23132000
MO,Westphalia,1,120000
MO,Wildwood,2,216000
MO,Willard,47,4887000
MO,Williamsburg,14,1871000
MO,Williamstown,2,1280000
MO,Winfield,5,3888000
MO,Winston,3,466000
MO,Wooldridge,2,471000
MO,Wright City,60,12119000
MS,Batesville,9,4098000
MS,Bay Saint Louis,29,6894000
MS,Bay Springs,2,184000
MS,Bay St Louis,32,7378000
MS,Beaumont,3,312000
MS,Belden,7,656000
MS,Belzoni,3,320000
MS,Benton,3,1440000
MS,Bentonia,1,120000
MS,Biloxi,62,11697000
MS,Blue Springs,13,3147000
MS,Bogue Chitto,14,5498000
MS,Bolton,41,11758000
MS,Brandon,110,32952000
MS,Braxton,5,592000
MS,Brookhaven,20,3444000
MS,Brooklyn,5,476000
MS,Byhalia,51,12414000
MS,Byram,71,16588000
MS,Calhoun City,2,240000
MS,Canton,61,21042000
MS,Carriere,3,344000
MS,Carthage,16,8580000
MS,Cary,2,1220000
MS,Cedarbluff,1,96000
MS,Chunky,3,2255000
MS,Cleveland,1,144000
MS,Clinton,38,6898000
MS,Coahoma,2,519000
MS,Coffeeville,2,168000
MS,Coldwater,33,5961000
MS,Collins,11,1091000
MS,Columbus,6,2576000
MS,Corinth,3,1724000
MS,Courtland,16,8030000
MS,Crystal Springs,25,11000000
MS,Diamondhead,13,3304000
MS,Diberville,22,5678000
MS,D'Iberville,11,2168000
MS,District 1,4,2088000
MS,Dundee,3,1700000
MS,Durant,2,1288000
MS,Edwards,13,4348000
MS,Ellisville,12,1865000
MS,Enterprise,5,3140000
MS,Flora,3,1708000
MS,Florence,32,6688000
MS,Flowood,112,16576000
MS,Forest,26,9450000
MS,Foxworth,2,1088000
MS,Fulton,5,480000
MS,Gautier,73,11622000
MS,Georgetown,7,5260000
MS,Gloster,6,2636000
MS,Golden,2,200000
MS,Greenville,13,4052000
MS,Grenada,12,1152000
MS,Gulfport,115,21344000
MS,Hattiesburg,693,105340000
MS,Hazlehurst,12,1586000
MS,Heidelberg,3,2040000
MS,Hernando,86,20878000
MS,Hickory,9,1234000
MS,Hickory Flat,5,2376000
MS,Holly Springs,20,5460000
MS,Horn Lake,59,9480000
MS,Inverness,1,88000
MS,Isola,1,80000
MS,Itta Bena,1,80000
MS,Jackson,1342,239976000
MS,Kiln,7,792000
MS,Kosciusko,3,4300000
MS,Lake,5,2799000
MS,Laurel,22,8588000
MS,Lawrence,4,1388000
MS,Leland,5,3072000
MS,Lena,2,1296000
MS,Long Beach,9,2041000
MS,Lucedale,11,4368000
MS,Lumberton,20,5343000
MS,Madison,150,29065000
MS,Magee,1,96000
MS,Magnolia,2,168000
MS,Mantachie,6,4740000
MS,Marks,2,264000
MS,Mc Lain,6,3448000
MS,McComb,28,7715000
MS,Meadville,3,1464000
MS,Mendenhall,9,3568000
MS,Meridian,75,21028000
MS,Michigan City,3,490000
MS,Monticello,4,392000
MS,Mooreville,5,1012000
MS,Morton,27,11697000
MS,Moselle,19,3118000
MS,Moss Point,147,29521000
MS,Mt Olive,2,176000
MS,Myrtle,1,80000
MS,Natchez,8,4880000
MS,Nesbit,54,10344000
MS,New Albany,8,4356000
MS,Newton,4,1528000
MS,Oakland,9,1330000
MS,Ocean Springs,44,5481000
MS,Olive Branch,48,10318000
MS,Osyka,4,1528000
MS,Ovett,1,96000
MS,Oxford,46,7923000
MS,Pascagoula,1,96000
MS,Pass Christian,36,8258000
MS,Pearl,117,18776000
MS,Pelahatchie,22,6549000
MS,Perkinston,1,120000
MS,Petal,14,1237000
MS,Philadelphia,1,1200000
MS,Picayune,25,7637000
MS,Pickens,6,2280000
MS,Pinola,1,1100000
MS,Pope,4,472000
MS,Poplarville,17,4918000
MS,Potts Camp,7,1916000
MS,Prentiss,3,1976000
MS,Purvis,6,608000
MS,Raleigh,6,2376000
MS,Raymond,4,400000
MS,Red Banks,5,674000
MS,Redwood,3,1364000
MS,Richland,120,15683000
MS,Richton,8,720000
MS,Ridgeland,89,16219000
MS,Rienzi,4,2160000
MS,Ripley,1,88000
MS,Rose Hill,2,288000
MS,Roxie,1,88000
MS,Saltillo,3,280000
MS,Sardis,12,5935000
MS,Saucier,5,472000
MS,Scobey,3,2008000
MS,Seminary,5,1916000
MS,Senatobia,15,3974000
MS,Shannon,3,360000
MS,Sherman,3,384000
MS,Smithdale,1,96000
MS,Soso,2,176000
MS,Southaven,209,45136000
MS,Starkville,7,768000
MS,Summit,14,2744000
MS,Sumrall,6,4048000
MS,Terry,41,10196000
MS,Tillatoba,8,2947000
MS,Toomsuba,11,2064000
MS,Tremont,11,3806000
MS,Tupelo,43,12818000
MS,Union,3,1708000
MS,Utica,4,2184000
MS,Vaiden,6,804000
MS,Vancleave,45,4608000
MS,Vaughan,11,4456000
MS,Vicksburg,162,39790000
MS,Vossburg,1,88000
MS,Walls,1,18000
MS,Walnut,1,88000
MS,Waveland,2,216000
MS,Waynesboro,1,88000
MS,Wesson,14,4711000
MS,Wiggins,11,6160000
MS,Winona,13,3088000
MS,Yazoo City,12,1288000
MT,Absarokee,13,1368000
MT,Acton,6,624000
MT,Alberton,150,19592000
MT,Alder,1,144000
MT,Alzada,18,5876000
MT,Anaconda,186,24624000
MT,Antelope,1,120000
MT,Arlee,60,10732000
MT,Ashland,2,168000
MT,Augusta,12,1328000
MT,Avon,21,2264000
MT,Babb,26,2768000
MT,Bainville,4,416000
MT,Ballantine,37,3808000
MT,Basin,18,2000000
MT,Bearcreek,3,344000
MT,Belfry,6,648000
MT,Belgrade,318,33824000
MT,Belt,34,3728000
MT,Big Arm,15,1608000
MT,Big Sandy,16,1688000
MT,Big Sky,144,15352000
MT,Big Timber,153,17900000
MT,Bigfork,207,29824000
MT,Bighorn,12,1184000
MT,Billings,758,87960000
MT,Birney,2,232000
MT,Black Eagle,19,1888000
MT,Bonner,66,8104000
MT,Boulder,113,14936000
MT,Box Elder,11,1064000
MT,Boyes,6,696000
MT,Bozeman,1514,170096000
MT,Brady,5,584000
MT,Bridger,26,2696000
MT,Broadus,35,7252000
MT,Broadview,9,936000
MT,Brockton,4,440000
MT,Brockway,3,240000
MT,Browning,52,8732000
MT,Brusett,1,88000
MT,Buffalo,8,808000
MT,Busby,17,1688000
MT,Butte,342,39736000
MT,Bynum,2,240000
MT,Cameron,65,13072000
MT,Canyon Creek,46,4832000
MT,Cardwell,253,28532000
MT,Carter,2,168000
MT,Cascade,101,12280000
MT,Charlo,35,3808000
MT,Chester,5,504000
MT,Chinook,19,1976000
MT,Choteau,15,1672000
MT,Circle,8,3340000
MT,Clancy,132,13592000
MT,Clinton,493,56372000
MT,Coffee Creek,4,480000
MT,Cohagen,10,1040000
MT,Colstrip,4,448000
MT,Columbia Falls,169,19568000
MT,Columbus,353,38616000
MT,Condon,33,3480000
MT,Conner,21,2376000
MT,Conrad,34,3712000
MT,Cooke City,2,240000
MT,Coram,5,544000
MT,Corvallis,58,6400000
MT,Crane,1,88000
MT,Crow Agency,29,3216000
MT,Culbertson,8,824000
MT,Custer,40,4400000
MT,Cut Bank,23,5024000
MT,Darby,36,3880000
MT,Dayton,7,768000
MT,De Borgia,4,408000
MT,Decker,3,256000
MT,Deer Lodge,152,15872000
MT,Dell,12,1312000
MT,Denton,1,120000
MT,Dillon,87,8784000
MT,Divide,47,5040000
MT,Dixon,7,672000
MT,Dodson,1,80000
MT,Drummond,253,26856000
MT,Dutton,11,1160000
MT,East Glacier Park,18,2908000
MT,East Helena,80,8144000
MT,Edgar,3,328000
MT,Ekalaka,1,88000
MT,Elliston,9,920000
MT,Elmo,13,1304000
MT,Emigrant,20,3116000
MT,Ennis,37,3720000
MT,Essex,16,2988000
MT,Eureka,44,4744000
MT,Fairfield,6,568000
MT,Fairview,7,848000
MT,Fallon,10,1112000
MT,Fishtail,5,456000
MT,Florence,66,6968000
MT,Floweree,11,2184000
MT,Forest Grove,2,176000
MT,Forsyth,190,21036000
MT,Fort Benton,21,2160000
MT,Fort Harrison,4,456000
MT,Fort Peck,1,80000
MT,Fort Shaw,10,976000
MT,Fortine,2,200000
MT,Frazer,13,1264000
MT,Frenchtown,55,5856000
MT,Fromberg,10,1072000
MT,Galata,1,88000
MT,Gallatin Gateway,141,22516000
MT,Gardiner,24,2400000
MT,Garrison,80,8504000
MT,Garryowen,46,5424000
MT,Geraldine,4,424000
MT,Geyser,13,1384000
MT,Gildford,8,888000
MT,Glasgow,8,832000
MT,Glen,1,80000
MT,Glendive,160,18412000
MT,Gold Creek,66,7184000
MT,Grass Range,29,3016000
MT,Great Falls,139,15860000
MT,Greenough,6,592000
MT,Greycliff,84,11460000
MT,Hall,6,712000
MT,Hamilton,135,16160000
MT,Hammond,16,2960000
MT,Hardin,77,9380000
MT,Harlem,22,3308000
MT,Harlowton,4,416000
MT,Harrison,7,688000
MT,Hathaway,17,1936000
MT,Haugan,15,2640000
MT,Havre,67,6880000
MT,Hays,7,728000
MT,Heart Butte,1,88000
MT,Helena,444,49528000
MT,Helmville,26,3780000
MT,Heron,2,240000
MT,Hilger,5,648000
MT,Hinsdale,5,696000
MT,Hobson,17,1936000
MT,Hot Springs,23,2400000
MT,Hungry Horse,5,432000
MT,Huntley,161,19784000
MT,Huson,78,10640000
MT,Hysham,7,640000
MT,Ingomar,3,384000
MT,Inverness,2,160000
MT,Ismay,31,5960000
MT,Jackson,6,672000
MT,Jefferson City,58,6160000
MT,Joliet,45,4960000
MT,Jordan,5,544000
MT,Judith Gap,7,1656000
MT,Kalispell,675,79316000
MT,Kevin,2,192000
MT,Kila,58,10536000
MT,Kinsey,8,3492000
MT,Kremlin,5,536000
MT,Lakeside,72,7792000
MT,Lambert,1,120000
MT,Lame Deer,38,7380000
MT,Laurel,246,27268000
MT,Lavina,26,3024000
MT,Lewistown,61,7720000
MT,Libby,65,7048000
MT,Lima,36,3832000
MT,Lincoln,37,4964000
MT,Lindsay,5,600000
MT,Livingston,833,98668000
MT,Lodge Grass,145,17248000
MT,Lolo,116,12264000
MT,Loma,15,1480000
MT,Lonepine,6,568000
MT,Malta,8,896000
MT,Manhattan,173,18344000
MT,Marion,40,6552000
MT,Martin City,6,632000
MT,Martinsdale,7,736000
MT,Marysville,9,888000
MT,Mc Allister,8,920000
MT,Mc Leod,1,80000
MT,Medicine Lake,1,144000
MT,Melville,1,96000
MT,Miles City,65,11220000
MT,Missoula,716,98952000
MT,Moccasin,1,88000
MT,Molt,7,800000
MT,Monarch,5,528000
MT,Moore,46,4944000
MT,Musselshell,2,240000
MT,Nashua,13,1376000
MT,Neihart,6,640000
MT,Norris,34,4854000
MT,Noxon,21,2056000
MT,Nye,4,496000
MT,Oilmont,1,80000
MT,Olive,4,352000
MT,Olney,3,296000
MT,Opheim,2,232000
MT,Otter,8,952000
MT,Ovando,23,2528000
MT,Paradise,2,176000
MT,Park City,98,10240000
MT,Philipsburg,25,3608000
MT,Plains,76,8176000
MT,Plentywood,4,440000
MT,Plevna,2,200000
MT,Polebridge,5,536000
MT,Polson,133,17948000
MT,Pompeys Pillar,86,11632000
MT,Poplar,13,1224000
MT,Power,20,2240000
MT,Pray,7,752000
MT,Proctor,4,376000
MT,Pryor,1,96000
MT,Radersburg,4,464000
MT,Ramsay,1,96000
MT,Rapelje,2,176000
MT,Ravalli,6,1980000
MT,Raymond,1,120000
MT,Raynesford,19,1944000
MT,Red Lodge,47,4840000
MT,Reed Point,55,5808000
MT,Rexford,13,1240000
MT,Richey,1,88000
MT,Ringling,2,176000
MT,Roberts,35,3880000
MT,Rollins,18,1880000
MT,Ronan,96,10136000
MT,Roscoe,8,784000
MT,Rosebud,36,5256000
MT,Roundup,46,6704000
MT,Roy,8,1008000
MT,Ryegate,10,960000
MT,Saco,1,80000
MT,Saint Ignatius,58,10336000
MT,Saint Regis,396,46364000
MT,Saint Xavier,5,448000
MT,Saltese,94,12544000
MT,Sand Coulee,4,472000
MT,Sanders,9,920000
MT,Savage,16,1632000
MT,Scobey,1,96000
MT,Seeley Lake,57,6336000
MT,Shawmut,10,1064000
MT,Shelby,19,2032000
MT,Shepherd,52,5400000
MT,Sheridan,8,808000
MT,Sidney,27,4560000
MT,Silver Gate,1,96000
MT,Silver Star,5,512000
MT,Simms,4,400000
MT,Somers,54,11996000
MT,Stanford,21,2240000
MT,Stevensville,141,14880000
MT,Sula,12,2920000
MT,Sun River,16,2704000
MT,Sunburst,5,1908000
MT,Superior,256,31244000
MT,Sweet Grass,13,1392000
MT,Terry,18,1784000
MT,Thompson Falls,32,4512000
MT,Three Forks,135,15556000
MT,Toston,12,1256000
MT,Townsend,58,6416000
MT,Trego,8,928000
MT,Trout Creek,27,3000000
MT,Troy,66,13284000
MT,Twin Bridges,24,2440000
MT,Two Dot,7,720000
MT,Ulm,2,224000
MT,Valier,25,2656000
MT,Vaughn,31,3208000
MT,Victor,56,5920000
MT,Volborg,42,7295000
MT,Warm Springs,14,1368000
MT,West Glacier,9,984000
MT,West Yellowstone,122,25724000
MT,White Sulphur Springs,20,2056000
MT,Whitefish,193,20584000
MT,Whitehall,296,33052000
MT,Wibaux,21,2080000
MT,Wilsall,13,1536000
MT,Winifred,1,96000
MT,Winnett,14,1328000
MT,Winston,18,1928000
MT,Wisdom,5,528000
MT,Wise River,8,864000
MT,Wolf Creek,213,24924000
MT,Wolf Point,33,4628000
MT,Worden,22,2496000
MT,Wyola,53,5720000
MT,Zortman,8,3240000
NC,Aberdeen,25,6436000
NC,Advance,108,29321000
NC,Ahoskie,30,10692000
NC,Albemarle,18,6936000
NC,Albertson,11,5320000
NC,Alexander,7,2964000
NC,Alexis,1,1500000
NC,Andrews,20,4682000
NC,Angier,76,29712000
NC,Apex,810,107066000
NC,Archdale,3,1340000
NC,Arden,573,134285000
NC,Ash,15,6100000
NC,Asheboro,117,46469000
NC,Asheville,2237,460404000
NC,Atkinson,6,1688000
NC,Aurora,6,2644000
NC,Autryville,19,9848000
NC,Avon,10,3448000
NC,Ayden,22,11844000
NC,Bahama,2,208000
NC,Bailey,47,10524000
NC,Bakersville,12,2532000
NC,Balsam Grove,4,1396000
NC,Banner Elk,13,1496000
NC,Barco,4,440000
NC,Barnardsville,2,1120000
NC,Bath,10,3692000
NC,Battleboro,46,12042000
NC,Bayboro,2,216000
NC,Bear Creek,5,1868000
NC,Belews Creek,15,6276000
NC,Belhaven,10,5816000
NC,Belmont,178,34173000
NC,Belvidere,3,320000
NC,Bennett,2,1288000
NC,Benson,240,63956000
NC,Bessemer City,50,10744000
NC,Bethel,18,7184000
NC,Beulaville,20,9720000
NC,Biscoe,17,3733000
NC,Black Mountain,68,19650000
NC,Bladenboro,13,5060000
NC,Blounts Creek,1,88000
NC,Blowing Rock,10,2320000
NC,Bolivia,30,13536000
NC,Bolton,18,8312000
NC,Boomer,10,5860000
NC,Boone,11,1168000
NC,Boonville,22,13688000
NC,Bostic,10,3356000
NC,Brasstown,10,3768000
NC,Brevard,33,12116000
NC,Broadway,18,5908000
NC,Browns Summit,25,10040000
NC,Bryson City,46,14074000
NC,Bullock,3,682000
NC,Bunn,5,3660000
NC,Bunnlevel,13,5912000
NC,Burgaw,102,31322000
NC,Burlington,246,60220000
NC,Burnsville,33,10584000
NC,Butner,60,12356000
NC,Calabash,16,6420000
NC,Camden,2,192000
NC,Cameron,57,15384000
NC,Camp Lejeune,4,416000
NC,Candler,287,49760000
NC,Candor,26,4852000
NC,Canton,234,59517000
NC,Cape Carteret,4,504000
NC,Carolina Beach,1,120000
NC,Carthage,38,14579000
NC,Cary,1418,179366000
NC,Casar,4,1460000
NC,Cashiers,28,6400000
NC,Castalia,9,7084000
NC,Castle Hayne,51,14419000
NC,Catawba,39,15198000
NC,Cedar Grove,7,776000
NC,Cerro Gordo,1,120000
NC,Chadbourn,24,9092000
NC,Chapel Hill,290,70496000
NC,Charlotte,40409,4679540000
NC,Cherokee,11,3920000
NC,Cherryville,22,6984000
NC,China Grove,144,33683000
NC,Chinquapin,5,2208000
NC,Chocowinity,15,4300000
NC,Claremont,34,13252000
NC,Clarendon,8,888000
NC,Clarkton,16,7148000
NC,Clayton,192,52997000
NC,Clemmons,64,15410000
NC,Cleveland,5,456000
NC,Climax,16,6136000
NC,Clinton,71,23244000
NC,Clyde,326,59596000
NC,Coats,11,2156000
NC,Cofield,3,1764000
NC,Coinjock,1,80000
NC,Colerain,3,508000
NC,Colfax,73,13736000
NC,Columbia,28,10412000
NC,Columbus,77,19205000
NC,Como,1,88000
NC,Concord,315,83140000
NC,Connelly Springs,61,14860000
NC,Conover,68,18421000
NC,Conway,2,216000
NC,Corapeake,17,9360000
NC,Cornelius,192,35872000
NC,Council,10,6184000
NC,Cove City,19,9624000
NC,Cramerton,1,96000
NC,Creedmoor,111,24807000
NC,Creswell,5,2596000
NC,Crossnore,1,144000
NC,Crouse,7,1544000
NC,Crumpler,5,520000
NC,Cullowhee,27,5616000
NC,Currie,17,8948000
NC,Currituck,5,3084000
NC,Dallas,40,9412000
NC,Davidson,99,21018000
NC,Deep Gap,4,2876000
NC,Deep Run,12,3892000
NC,Delco,14,4372000
NC,Denton,48,19452000
NC,Denver,51,18560000
NC,Dillsboro,2,224000
NC,Dobson,65,26262000
NC,Dover,12,5672000
NC,Dudley,11,3400000
NC,Dunn,645,167276000
NC,Durham,1661,314857000
NC,Eagle Springs,23,7548000
NC,East Bend,12,5948000
NC,East Flat Rock,9,840000
NC,Eastover,5,2328000
NC,Eden,30,19776000
NC,Edenton,16,4384000
NC,Edward,2,232000
NC,Efland,105,19999000
NC,Elizabeth City,46,9996000
NC,Elizabethtown,36,9266000
NC,Elk Park,4,1256000
NC,Elkin,48,15129000
NC,Ellenboro,29,8360000
NC,Ellerbe,19,9980000
NC,Elm City,56,12444000
NC,Elon,19,3516000
NC,Emerald Isle,2,264000
NC,Enfield,108,28761000
NC,Ennice,8,3020000
NC,Ernul,1,80000
NC,Erwin,19,6772000
NC,Etowah,5,528000
NC,Eure,13,4256000
NC,Evergreen,11,2596000
NC,Fair Bluff,2,168000
NC,Fairmont,57,18542000
NC,Fairview,29,9560000
NC,Faison,56,15557000
NC,Farmville,33,9296000
NC,Fayetteville,355,84836000
NC,Ferguson,2,232000
NC,Flat Rock,190,47285000
NC,Fleetwood,4,448000
NC,Fletcher,538,127566000
NC,Forest City,49,17052000
NC,Fountain,6,927000
NC,Four Oaks,108,27361000
NC,Franklin,74,15303000
NC,Franklinton,29,9824000
NC,Franklinville,24,14024000
NC,Fremont,21,8962000
NC,Fuquay Varina,172,24673000
NC,Fuquay-Varina,62,13124000
NC,Garland,6,1644000
NC,Garner,2784,421913000
NC,Garysburg,52,14432000
NC,Gaston,12,2160000
NC,Gastonia,335,65365000
NC,Gates,9,3628000
NC,Germanton,10,1912000
NC,Gerton,3,408000
NC,Gibson,6,2456000
NC,Gibsonville,9,2560000
NC,Glade Valley,3,328000
NC,Glenville,16,6684000
NC,Godwin,358,93659000
NC,Gold Hill,6,2580000
NC,Goldsboro,118,37996000
NC,Goldston,14,5640000
NC,Graham,166,49520000
NC,Grandy,5,2580000
NC,Granite Falls,39,17816000
NC,Grantsboro,5,1360000
NC,Grassy Creek,8,4716000
NC,Green Mountain,2,98000
NC,Greensboro,1108,238202000
NC,Greenville,171,49198000
NC,Grifton,28,4488000
NC,Grimesland,19,2088000
NC,Grover,33,10440000
NC,Halifax,30,13988000
NC,Hallsboro,4,552000
NC,Hamlet,23,4792000
NC,Hampstead,128,25421000
NC,Hamptonville,65,20605000
NC,Harbinger,4,432000
NC,Harmony,13,5700000
NC,Harrells,5,2200000
NC,Harrellsville,7,3672000
NC,Harrisburg,70,11109000
NC,Haw River,70,11700000
NC,Hayesville,74,27616000
NC,Henderson,190,66778000
NC,Hendersonville,750,146766000
NC,Henrico,6,5976000
NC,Hertford,13,6452000
NC,Hickory,211,63441000
NC,Hiddenite,7,3828000
NC,High Point,170,50125000
NC,Highlands,52,14260000
NC,Hildebran,5,520000
NC,Hillsborough,283,75146000
NC,Hobucken,4,504000
NC,Hollister,14,7820000
NC,Holly Ridge,33,11926000
NC,Holly Springs,999,110578000
NC,Hookerton,3,384000
NC,Hope Mills,94,30450000
NC,Horse Shoe,5,2456000
NC,Hot Springs,19,5880000
NC,House Creek,2,192000
NC,Hubert,8,2236000
NC,Hudson,37,18260000
NC,Huntersville,528,104930000
NC,Hurdle Mills,6,2748000
NC,Icard,1,88000
NC,Indian Trail,61,7255000
NC,Iron Station,28,11676000
NC,Jackson,13,6224000
NC,Jackson Springs,6,1612000
NC,Jacksonville,96,38836000
NC,Jamestown,11,4776000
NC,Jamesville,12,3064000
NC,Jefferson,7,704000
NC,Jonesville,77,21525000
NC,Julian,19,7824000
NC,Kannapolis,104,21986000
NC,Kelford,2,176000
NC,Kenansville,5,3084000
NC,Kenly,73,25207000
NC,Kernersville,279,66710000
NC,King,18,4212000
NC,Kings Mountain,128,37711000
NC,Kinston,57,14544000
NC,Kittrell,6,3276000
NC,Knightdale,1160,152824000
NC,Kure Beach,4,352000
NC,La Grange,21,9966000
NC,Lake Junaluska,4,1496000
NC,Lake Lure,7,3028000
NC,Lake Toxaway,16,4692000
NC,Lake Waccamaw,4,528000
NC,Landis,4,432000
NC,Lansing,2,232000
NC,Laurel Hill,15,1986000
NC,Laurel Springs,13,7312000
NC,Laurinburg,63,21000000
NC,Lawndale,20,4764000
NC,Lawsonville,7,2196000
NC,Leasburg,5,2752000
NC,Leicester,39,19180000
NC,Leland,208,44715000
NC,Lenoir,62,29760000
NC,Lewiston Woodville,16,4592000
NC,Lewisville,30,5798000
NC,Lexington,314,92654000
NC,Liberty,36,18856000
NC,Lilesville,11,2264000
NC,Lillington,85,46366000
NC,Lincolnton,118,32553000
NC,Linden,15,6100000
NC,Linville,23,4852000
NC,Linwood,58,16121000
NC,Littleton,39,16380000
NC,Longwood,2,1896000
NC,Louisburg,74,23812000
NC,Lowell,166,30954000
NC,Lowgap,20,4824000
NC,Lucama,19,8412000
NC,Lumber Bridge,2,176000
NC,Lumberton,307,80114000
NC,Macclesfield,6,3308000
NC,Macon,3,2896000
NC,Madison,31,5808000
NC,Maggie Valley,19,4920000
NC,Magnolia,38,11264000
NC,Maiden,42,17100000
NC,Manns Harbor,1,1500000
NC,Manson,20,3326000
NC,Maple Hill,16,4788000
NC,Marble,11,6096000
NC,Margarettsville,3,280000
NC,Marion,240,72236000
NC,Mars Hill,48,11941000
NC,Marshall,52,13100000
NC,Marshville,24,7446000
NC,Marston,3,304000
NC,Matthews,405,57133000
NC,Maxton,91,38614000
NC,Mayodan,4,1404000
NC,Maysville,14,2400000
NC,Mc Grady,5,2224000
NC,Mc Leansville,56,8496000
NC,McGrady,1,96000
NC,McLeansville,31,4643000
NC,Mebane,215,38392000
NC,Merritt,2,1288000
NC,Merry Hill,6,560000
NC,Middlesex,40,11124000
NC,Midland,12,1352000
NC,Midway Park,4,408000
NC,Mill Spring,7,2700000
NC,Millers Creek,18,8812000
NC,Mills River,59,15723000
NC,Milton,7,2908000
NC,Mint Hill,83,7928000
NC,Mocksville,166,47393000
NC,Moncure,54,16958000
NC,Monroe,161,55214000
NC,Mooresboro,22,7564000
NC,Mooresville,442,106150000
NC,Moravian Falls,17,5156000
NC,Morganton,235,77535000
NC,Morrisville,971,167026000
NC,Morven,8,816000
NC,Mount Airy,44,13948000
NC,Mount Gilead,35,11818000
NC,Mount Holly,7,664000
NC,Mount Olive,16,8245000
NC,Mount Pleasant,3,328000
NC,Mount Ulla,6,4788000
NC,Moyock,17,1768000
NC,Mt Airy,36,7012000
NC,Mt Gilead,10,3546000
NC,Mt Holly,6,2324000
NC,Mt Olive,26,11264000
NC,Mt Pleasant,5,1844000
NC,Mt Ulla,3,360000
NC,Murfreesboro,1,88000
NC,Murphy,76,17934000
NC,Nags Head,4,2120000
NC,Nakina,11,7808000
NC,Nashville,92,20273000
NC,Nebo,37,8555000
NC,New Bern,81,26912000
NC,New Hill,91,13918000
NC,New London,6,2227000
NC,Newland,20,6916000
NC,Newport,6,1480000
NC,Newton,82,27380000
NC,Newton Grove,61,20020000
NC,Norlina,50,16914000
NC,North Wilkesboro,54,19396000
NC,Norwood,23,8856000
NC,Oak City,11,6516000
NC,Oak Ridge,5,2560000
NC,Oakboro,9,2144000
NC,Ocean Isle Beach,10,3292000
NC,Old Fort,154,34892000
NC,Olin,7,736000
NC,Orrum,19,5396000
NC,Otto,3,320000
NC,Oxford,112,25328000
NC,Pantego,6,2516000
NC,Parkton,65,13035000
NC,Peachland,21,12908000
NC,Pelham,13,2492000
NC,Pembroke,12,2080000
NC,Penrose,3,2016000
NC,Pfafftown,8,3206000
NC,Pikeville,6,3936000
NC,Pilot Mountain,51,10748000
NC,Pine Hall,3,312000
NC,Pinebluff,5,3283000
NC,Pinetops,13,7056000
NC,Pinetown,5,831000
NC,Pineville,230,39057000
NC,Pink Hill,23,10080000
NC,Pinnacle,54,17188000
NC,Pisgah Forest,48,22720000
NC,Pittsboro,47,8148000
NC,Pleasant Garden,23,9072000
NC,Pleasant Hill,23,4792000
NC,Plymouth,12,4272000
NC,Point Harbor,10,2056000
NC,Polkton,19,7724000
NC,Pollocksville,13,5128000
NC,Poplar Branch,8,6476000
NC,Powells Point,13,1408000
NC,Princeton,52,18539000
NC,Prospect Hill,1,1200000
NC,Providence,6,704000
NC,Purlear,2,288000
NC,Raeford,81,25764000
NC,Raleigh,26139,3091508000
NC,Ramseur,32,11488000
NC,Randleman,39,12945000
NC,Red Springs,25,4496000
NC,Reidsville,99,31452000
NC,Rich Square,15,5176000
NC,Richfield,14,6624000
NC,Richlands,23,8724000
NC,Riegelwood,26,9576000
NC,Roanoke Rapids,137,40157000
NC,Roaring River,14,6604000
NC,Robbins,18,5856000
NC,Robbinsville,32,17072000
NC,Robersonville,27,11231000
NC,Rockingham,60,19706000
NC,Rockwell,23,8634000
NC,Rocky Mount,152,41682000
NC,Rocky Point,72,26159000
NC,Rolesville,122,13663000
NC,Ronda,16,3736000
NC,Rose Hill,45,15999000
NC,Roseboro,11,4568000
NC,Rosman,25,10664000
NC,Rougemont,23,8208000
NC,Rowland,67,18041000
NC,Roxboro,45,20824000
NC,Ruffin,15,5396000
NC,Rural Hall,93,26562000
NC,Rutherfordton,70,25528000
NC,Saint Pauls,155,45126000
NC,Salisbury,325,98488000
NC,Saluda,132,30741000
NC,Salvo,5,1704000
NC,Sandy Ridge,3,1268000
NC,Sanford,205,60054000
NC,Sapphire,22,6602000
NC,Scaly Mountain,6,1488000
NC,Scotland Neck,12,3908000
NC,Seaboard,12,6224000
NC,Seagrove,13,4271000
NC,Selma,163,52759000
NC,Semora,2,2100000
NC,Seven Springs,31,10692000
NC,Shallotte,35,8700000
NC,Shannon,26,9884000
NC,Shawboro,5,592000
NC,Shelby,67,21982000
NC,Sherrills Ford,13,10456000
NC,Siler City,46,17516000
NC,Siloam,2,176000
NC,Sims,13,3204000
NC,Smithfield,160,53772000
NC,Sneads Ferry,11,2556000
NC,Snow Camp,17,5120000
NC,Snow Hill,57,24508000
NC,Sophia,9,4748000
NC,South Mills,1,144000
NC,Southern Pines,2,208000
NC,Southport,20,7788000
NC,Sparta,7,2416000
NC,Spindale,2,168000
NC,Spring Hope,50,16120000
NC,Spring Lake,49,15408000
NC,Spruce Pine,19,3316000
NC,St Pauls,103,25235000
NC,St. Marys,1,96000
NC,Staley,7,1696000
NC,Stanfield,2,224000
NC,Stanley,15,3608000
NC,Stantonsburg,7,1624000
NC,Star,1,96000
NC,State Road,7,752000
NC,Statesville,605,167583000
NC,Stedman,16,6148000
NC,Stella,1,120000
NC,Stem,12,6608000
NC,Stokes,21,7896000
NC,Stokesdale,34,13990000
NC,Stoneville,25,7440000
NC,Stony Point,4,1472000
NC,Sugar Grove,13,4016000
NC,Summerfield,35,10796000
NC,Sunbury,7,5828000
NC,Sunset Beach,6,1660000
NC,Supply,21,2264000
NC,Swannanoa,77,13939000
NC,Sylva,99,25159000
NC,Tabor City,23,6963000
NC,Tar Heel,32,13104000
NC,Tarboro,56,19076000
NC,Taylorsville,67,31840000
NC,Teachey,4,1583000
NC,Terrell,7,3240000
NC,Thomasville,111,35534000
NC,Thurmond,12,4236000
NC,Timberlake,5,544000
NC,Tobaccoville,43,12632000
NC,Township 1 Charlotte,2,176000
NC,Trenton,2,232000
NC,Trinity,75,19044000
NC,Troutman,99,20244000
NC,Troy,13,2716000
NC,Tryon,49,8716000
NC,Tuckasegee,6,552000
NC,Turkey,8,3860000
NC,Union Grove,18,5360000
NC,Union Mills,19,5248000
NC,Valdese,39,9048000
NC,Vale,15,6288000
NC,Vanceboro,57,20027000
NC,Vass,15,6672000
NC,Vilas,10,1146000
NC,Wade,227,68717000
NC,Wadesboro,24,11014000
NC,Wagram,10,2088000
NC,Wake Forest,1099,130541000
NC,Walkertown,46,23392000
NC,Wallace,36,12072000
NC,Walnut Cove,49,20235000
NC,Walstonburg,10,2332000
NC,Warrensville,9,2648000
NC,Warrenton,22,9472000
NC,Warsaw,37,10933000
NC,Washington,69,20192000
NC,Waves,6,3644000
NC,Waxhaw,28,8984000
NC,Waynesville,423,94873000
NC,Weaverville,80,19391000
NC,Weldon,15,4062000
NC,Wendell,461,64326000
NC,West End,23,8156000
NC,West Jefferson,7,5628000
NC,Westfield,3,296000
NC,Whitakers,78,24922000
NC,White Oak,7,3444000
NC,Whiteville,38,17780000
NC,Whitsett,142,24734000
NC,Whittier,57,15170000
NC,Wilkesboro,23,11140000
NC,Willard,28,9180000
NC,Williamston,30,12644000
NC,Willow Spring,146,29338000
NC,Wilmington,403,97041000
NC,Wilson,150,46861000
NC,Windsor,25,7799000
NC,Wingate,19,1992000
NC,Winnabow,18,3792000
NC,Winston Salem,680,127855000
NC,Winston-Salem,476,113936000
NC,Winterville,28,9563000
NC,Winton,7,1728000
NC,Woodleaf,1,96000
NC,Wrightsville Beach,2,130000
NC,Yadkinville,35,12068000
NC,Yanceyville,28,12660000
NC,Youngsville,66,16882000
NC,Zebulon,760,110218000
NC,Zirconia,31,9544000
ND,Adams,1,120000
ND,Alamo,4,384000
ND,Alexander,9,944000
ND,Alfred,2,176000
ND,Amenia,2,288000
ND,Amidon,6,696000
ND,Anamoose,2,200000
ND,Aneta,2,200000
ND,Argusville,43,4392000
ND,Arnegard,1,120000
ND,Arthur,2,168000
ND,Arvilla,6,632000
ND,Ashley,3,360000
ND,Baldwin,5,488000
ND,Belcourt,1,88000
ND,Belfield,18,1832000
ND,Berthold,8,760000
ND,Binford,2,192000
ND,Bismarck,74,7848000
ND,Blanchard,3,368000
ND,Bowbells,1,80000
ND,Bowdon,10,1120000
ND,Bowman,6,552000
ND,Braddock,4,432000
ND,Buffalo,10,1008000
ND,Burlington,3,312000
ND,Buxton,18,2104000
ND,Cannon Ball,3,408000
ND,Carpio,7,672000
ND,Carrington,11,1152000
ND,Carson,2,288000
ND,Cartwright,7,696000
ND,Casselton,5,512000
ND,Cathay,1,96000
ND,Chaseley,1,96000
ND,Christine,5,608000
ND,Churchs Ferry,4,400000
ND,Cleveland,11,1104000
ND,Cogswell,3,240000
ND,Coleharbor,1,144000
ND,Colfax,5,560000
ND,Columbus,1,96000
ND,Cooperstown,2,208000
ND,Courtenay,1,80000
ND,Crary,3,248000
ND,Crosby,12,1360000
ND,Cummings,16,1568000
ND,Dawson,14,1440000
ND,Dazey,1,120000
ND,Denhoff,2,160000
ND,Devils Lake,11,1256000
ND,Dickinson,21,2288000
ND,Dodge,2,176000
ND,Drake,3,320000
ND,Drayton,5,512000
ND,Driscoll,10,1160000
ND,Dunn Center,2,240000
ND,Dunseith,1,120000
ND,Edgeley,9,1040000
ND,Elgin,4,384000
ND,Ellendale,7,736000
ND,Emerado,11,1216000
ND,Enderlin,7,792000
ND,Epping,8,792000
ND,Fairfield,4,368000
ND,Fairmount,1,144000
ND,Fargo,206,22803000
ND,Fessenden,2,208000
ND,Fingal,1,120000
ND,Flasher,2,176000
ND,Forbes,1,96000
ND,Forman,2,184000
ND,Fort Rice,2,208000
ND,Fort Yates,6,648000
ND,Fortuna,4,464000
ND,Gackle,3,288000
ND,Gardner,9,920000
ND,Garrison,1,120000
ND,Geneseo,1,80000
ND,Gladstone,6,648000
ND,Glen Ullin,16,1552000
ND,Glenburn,1,144000
ND,Glenfield,1,88000
ND,Goodrich,1,80000
ND,Grafton,5,472000
ND,Grand Forks,56,8244000
ND,Grandin,27,2832000
ND,Granville,7,712000
ND,Grassy Butte,13,1272000
ND,Grenora,1,144000
ND,Gwinner,7,608000
ND,Halliday,5,544000
ND,Hankinson,16,1568000
ND,Hannaford,1,96000
ND,Harvey,6,656000
ND,Harwood,8,872000
ND,Hazelton,4,440000
ND,Hazen,1,144000
ND,Hebron,19,2048000
ND,Hettinger,6,672000
ND,Hillsboro,36,3696000
ND,Hope,1,96000
ND,Horace,25,2672000
ND,Huff,12,1264000
ND,Hunter,1,120000
ND,Hurdsfield,3,320000
ND,Jamestown,47,4840000
ND,Jud,1,96000
ND,Karlsruhe,1,96000
ND,Kathryn,5,648000
ND,Keene,4,392000
ND,Kenmare,3,264000
ND,Killdeer,16,1624000
ND,Kindred,3,248000
ND,Kintyre,1,80000
ND,Kramer,1,96000
ND,Kulm,4,376000
ND,Lakota,4,480000
ND,Lamoure,2,200000
ND,Lansford,1,120000
ND,Larimore,6,632000
ND,Leeds,2,200000
ND,Leonard,3,248000
ND,Lidgerwood,3,256000
ND,Linton,8,864000
ND,Lisbon,13,1376000
ND,Mandan,103,11008000
ND,Mandaree,15,1544000
ND,Manning,6,712000
ND,Manvel,8,952000
ND,Mapleton,58,6000000
ND,Marmarth,2,216000
ND,Martin,3,312000
ND,Max,12,1248000
ND,Maxbass,1,88000
ND,Mcclusky,5,536000
ND,McLeod,2,224000
ND,McVille,1,96000
ND,Medina,26,2696000
ND,Medora,11,1152000
ND,Menoken,11,1152000
ND,Mercer,1,88000
ND,Michigan,2,288000
ND,Milnor,4,400000
ND,Minnewaukan,1,80000
ND,Minot,39,3888000
ND,Minot AFB,1,144000
ND,Minto,2,200000
ND,Moffit,3,384000
ND,Monango,1,120000
ND,Montpelier,4,456000
ND,Mooreton,10,1024000
ND,Mott,1,144000
ND,Napoleon,1,96000
ND,New England,11,1080000
ND,New Leipzig,2,168000
ND,New Rockford,2,184000
ND,New Salem,35,3640000
ND,New Town,15,1648000
ND,Niagara,4,520000
ND,Nome,2,192000
ND,Northwood,3,304000
ND,Norwich,3,296000
ND,Oakes,15,1856000
ND,Oberon,2,264000
ND,Oriska,34,3592000
ND,Page,3,360000
ND,Palermo,1,144000
ND,Park River,2,184000
ND,Parshall,4,448000
ND,Pekin,2,168000
ND,Pembina,9,944000
ND,Penn,1,96000
ND,Petersburg,4,448000
ND,Pingree,8,928000
ND,Portal,3,384000
ND,Powers Lake,4,472000
ND,Ray,4,496000
ND,Reeder,5,560000
ND,Regent,1,144000
ND,Reynolds,7,632000
ND,Rhame,2,240000
ND,Richardton,31,3376000
ND,Rogers,2,288000
ND,Rolla,2,288000
ND,Rugby,3,280000
ND,Ruso,2,192000
ND,Rutland,3,320000
ND,Ryder,1,144000
ND,Saint Anthony,1,80000
ND,Sanborn,14,1464000
ND,Sawyer,2,168000
ND,Scranton,1,80000
ND,Sentinel Butte,6,624000
ND,Sheldon,1,120000
ND,Solen,9,960000
ND,South Heart,1,96000
ND,Spiritwood,29,3088000
ND,Stanley,12,1280000
ND,Steele,17,1664000
ND,Sterling,22,2376000
ND,Stirum,3,368000
ND,Strasburg,4,456000
ND,Streeter,1,80000
ND,Surrey,3,288000
ND,Sutton,1,120000
ND,Tappen,40,4240000
ND,Taylor,4,456000
ND,Thompson,19,2032000
ND,Tioga,8,840000
ND,Tower City,9,944000
ND,Towner,14,1512000
ND,Tuttle,1,120000
ND,Underwood,1,120000
ND,Valley City,59,6232000
ND,Velva,7,704000
ND,Verona,4,440000
ND,Voltaire,2,208000
ND,Wahpeton,7,744000
ND,Walcott,1,144000
ND,Washburn,1,120000
ND,Watford City,31,3256000
ND,West Fargo,49,5392000
ND,Wheatland,11,1112000
ND,White Earth,3,288000
ND,Williston,39,4115000
ND,Wilton,5,536000
ND,Wimbledon,1,120000
ND,Wing,4,360000
ND,Wishek,4,424000
ND,Wolford,2,264000
ND,Wyndmere,3,256000
ND,Zeeland,1,88000
NE,Adams,3,1716000
NE,Alda,3,763000
NE,Alma,9,3940000
NE,Ames,7,2368000
NE,Angora,3,1268000
NE,Ansley,2,1920000
NE,Arcadia,2,1096000
NE,Arlington,3,264000
NE,Ashland,17,5093000
NE,Ashton,1,80000
NE,Auburn,6,648000
NE,Aurora,11,4310000
NE,Bartlett,1,80000
NE,Bayard,4,1320000
NE,Beatrice,2,168000
NE,Beaver Crossing,18,4958000
NE,Bellevue,194,22868000
NE,Bennet,5,2372000
NE,Bennington,4,424000
NE,Big Springs,20,7221000
NE,Bladen,1,144000
NE,Blair,21,10271000
NE,Blue Hill,2,1080000
NE,Boys Town,7,704000
NE,Brady,24,4642000
NE,Brainard,4,2776000
NE,Bridgeport,3,320000
NE,Brule,18,7392000
NE,Bruning,1,80000
NE,Bushnell,7,1864000
NE,Carroll,1,96000
NE,Ceresco,3,320000
NE,Chapman,1,96000
NE,Chappell,4,432000
NE,Clarkson,3,304000
NE,Coleridge,2,240000
NE,Columbus,4,464000
NE,Cortland,3,3120000
NE,Cozad,9,1084000
NE,Creighton,1,96000
NE,Crete,5,568000
NE,Dakota City,1,144000
NE,Dawson,2,1344000
NE,De Witt,2,1144000
NE,Dix,4,400000
NE,Doniphan,5,2240000
NE,Du Bois,2,1580000
NE,Elkhorn,28,3996000
NE,Elm Creek,5,651000
NE,Emerson,1,1100000
NE,Ewing,1,1500000
NE,Fort Calhoun,6,6024000
NE,Fremont,19,4466000
NE,Genoa,1,1800000
NE,Gibbon,3,1740000
NE,Giltner,6,664000
NE,Gothenburg,10,2224000
NE,Greenwood,15,5252000
NE,Gretna,116,18310000
NE,Halsey,1,80000
NE,Harrisburg,5,2444000
NE,Hebron,15,3568000
NE,Henderson,9,3092000
NE,Hershey,3,516000
NE,Holdrege,5,1556000
NE,Hooper,8,1732000
NE,Hoskins,1,80000
NE,Howells,2,224000
NE,Hubbard,1,120000
NE,Humboldt,6,616000
NE,Humphrey,1,1800000
NE,Inman,1,1200000
NE,Jackson,1,144000
NE,Kearney,20,4566000
NE,Kenesaw,1,96000
NE,Kennard,3,1968000
NE,Kimball,4,1412000
NE,La Vista,63,10860000
NE,Laurel,3,1732000
NE,Lexington,14,4668000
NE,Lincoln,88,17057000
NE,Lodgepole,1,88000
NE,Louisville,3,320000
NE,Loup City,3,1708000
NE,Lyons,2,176000
NE,Madison,5,1532000
NE,Malcolm,1,80000
NE,Mason City,1,96000
NE,Maxwell,12,2448000
NE,McCook,1,88000
NE,Mead,2,200000
NE,Merna,2,176000
NE,Milford,5,1540000
NE,Mullen,1,80000
NE,Murdock,1,120000
NE,Nebraska City,8,1952000
NE,Neligh,4,1804000
NE,Norfolk,2,184000
NE,North Bend,12,8492000
NE,North Platte,18,8856000
NE,Oakdale,1,144000
NE,Oakland,10,6344000
NE,Oconto,2,232000
NE,Ogallala,38,6986000
NE,Omaha,1727,288800000
NE,Orchard,3,4500000
NE,Overton,10,2259000
NE,Oxford,2,1588000
NE,Page,1,1100000
NE,Palmyra,4,392000
NE,Papillion,75,9535000
NE,Pawnee City,1,144000
NE,Paxton,10,2346000
NE,Peru,4,2160000
NE,Phillips,1,120000
NE,Pickrell,3,1676000
NE,Pierce,2,264000
NE,Plattsmouth,3,328000
NE,Pleasant Dale,26,6068000
NE,Plymouth,5,2888000
NE,Potter,3,344000
NE,Prague,2,1196000
NE,Red Cloud,1,96000
NE,Rising City,4,1360000
NE,Roca,2,130000
NE,Rogers,1,120000
NE,Schuyler,4,384000
NE,Scottsbluff,1,120000
NE,Scribner,12,3352000
NE,Seward,44,11378000
NE,Shelton,3,248000
NE,Sidney,8,1942000
NE,South Sioux City,3,320000
NE,Spencer,6,3696000
NE,Springfield,13,2464000
NE,Stapleton,3,312000
NE,Stella,1,120000
NE,Sutherland,1,144000
NE,Table Rock,3,1224000
NE,Tekamah,15,1816000
NE,Unadilla,2,176000
NE,Union,2,1620000
NE,Valley,18,6179000
NE,Valparaiso,1,144000
NE,Waco,7,624000
NE,Wahoo,3,288000
NE,Wakefield,1,120000
NE,Walthill,6,3340000
NE,Waterloo,11,2448000
NE,Waverly,9,884000
NE,Wayne,1,1000000
NE,Weeping Water,5,1400000
NE,West Point,3,2696000
NE,Weston,2,232000
NE,Wilber,3,1340000
NE,Willow Island,1,120000
NE,Winside,1,88000
NE,Wisner,5,2436000
NE,Wood River,3,540000
NE,York,16,3495000
NE,Yutan,2,224000
NH,Acworth,1,80000
NH,Albany,2,265000
NH,Alexandria,4,384000
NH,Allenstown,1,18000
NH,Alstead,1,80000
NH,Alton,11,1136000
NH,Alton Bay,2,224000
NH,Amherst,1,120000
NH,Andover,3,243000
NH,Antrim,2,192000
NH,Ashland,5,1281000
NH,Ashuelot,2,200000
NH,Atkinson,10,914000
NH,Auburn,11,1455000
NH,Barnstead,1,120000
NH,Barrington,7,1082000
NH,Bath,2,288000
NH,Bedford,30,3971000
NH,Belmont,14,1201000
NH,Bennington,2,192000
NH,Bethlehem,2,371000
NH,Boscawen,2,224000
NH,Bow,47,15784000
NH,Bradford,1,120000
NH,Brentwood,4,198000
NH,Bristol,3,264000
NH,Campton,8,1599000
NH,Candia,5,576000
NH,Canterbury,19,7920000
NH,Carroll,1,88000
NH,Center Barnstead,3,360000
NH,Center Conway,1,11000
NH,Center Sandwich,2,132000
NH,Center Tuftonboro,2,176000
NH,Charlestown,1,80000
NH,Chatham,3,2688000
NH,Chester,3,303000
NH,Chesterfield,6,544000
NH,Chichester,6,600000
NH,Claremont,1,88000
NH,Colebrook,3,272000
NH,Concord,79,25286000
NH,Contoocook,13,5049000
NH,Conway,9,928000
NH,Danbury,1,120000
NH,Danville,1,144000
NH,Deerfield,4,3816000
NH,Derry,35,3479000
NH,Dover,28,5960000
NH,Dublin,3,320000
NH,Durham,2,176000
NH,East Hampstead,4,360000
NH,East Kingston,1,10000
NH,East Wakefield,1,300000
NH,Effingham,1,144000
NH,Enfield,12,4575000
NH,Epping,9,1032000
NH,Epsom,6,568000
NH,Etna,1,120000
NH,Exeter,20,2503000
NH,Fitzwilliam,3,144000
NH,Franconia,7,2450000
NH,Franklin,8,711000
NH,Gilford,10,1055000
NH,Gilmanton,2,216000
NH,Gilmanton Iron Works,3,274000
NH,Gilsum,1,96000
NH,Goffstown,5,354000
NH,Gorham,1,144000
NH,Grafton,1,144000
NH,Grantham,6,1663000
NH,Greenfield,2,288000
NH,Greenland,6,967000
NH,Hampstead,5,552000
NH,Hampton,30,8415000
NH,Hampton Falls,1,120000
NH,Hancock,5,1640000
NH,Henniker,2,184000
NH,Hillsborough,1,80000
NH,Hinsdale,1,120000
NH,Holderness,2,232000
NH,Hollis,1,120000
NH,Hooksett,52,13005000
NH,Hopkinton,1,120000
NH,Hudson,7,3520000
NH,Jaffrey,7,736000
NH,Jefferson,5,448000
NH,Keene,32,3931000
NH,Kensington,1,80000
NH,Kingston,8,880000
NH,Laconia,24,2288000
NH,Lancaster,3,515000
NH,Langdon,2,240000
NH,Lebanon,8,2630000
NH,Lee,3,296000
NH,Lincoln,6,1343000
NH,Lisbon,1,120000
NH,Litchfield,1,10000
NH,Littleton,12,3321000
NH,Londonderry,50,11389000
NH,Loudon,3,320000
NH,Madbury,2,232000
NH,Manchester,139,41898000
NH,Marlborough,5,568000
NH,Marlow,1,80000
NH,Meredith,17,1818000
NH,Merrimack,40,4860000
NH,Milan,1,120000
NH,Milford,1,120000
NH,Milton,1,144000
NH,Mirror Lake,1,96000
NH,Mont Vernon,1,96000
NH,Moultonborough,8,605000
NH,Nashua,83,7907000
NH,New Durham,1,96000
NH,New Hampton,18,4099000
NH,New Ipswich,5,600000
NH,New London,6,3969000
NH,Newbury,1,120000
NH,Newington,1,120000
NH,Newmarket,1,96000
NH,Newport,3,117000
NH,Newton,4,306000
NH,North Conway,1,88000
NH,North Hampton,4,920000
NH,North Stratford,2,495000
NH,North Woodstock,10,2964000
NH,Northfield,3,288000
NH,Northwood,8,824000
NH,Nottingham,1,144000
NH,Orford,1,300000
NH,Ossipee,1,80000
NH,Pelham,22,1779000
NH,Pembroke,2,208000
NH,Peterborough,12,1116000
NH,Pittsfield,1,88000
NH,Plainfield,1,120000
NH,Plaistow,12,1440000
NH,Plymouth,19,4614000
NH,Portsmouth,40,12268000
NH,Raymond,11,1578000
NH,Richmond,1,144000
NH,Rindge,9,1008000
NH,Rochester,14,1496000
NH,Rollinsford,2,264000
NH,Roxbury,1,144000
NH,Rumney,2,216000
NH,Rye,2,176000
NH,Salem,38,9768000
NH,Salisbury,1,88000
NH,Sanbornton,17,3740000
NH,Sanbornville,3,212000
NH,Sandown,4,346000
NH,Seabrook,5,1195000
NH,Somersworth,5,2612000
NH,South Acworth,1,80000
NH,Spofford,5,428000
NH,Springfield,1,375000
NH,Stoddard,2,184000
NH,Strafford,3,344000
NH,Stratham,7,536000
NH,Sugar Hill,1,96000
NH,Sullivan,1,88000
NH,Sunapee,6,2905000
NH,Suncook,1,88000
NH,Surry,1,80000
NH,Swanzey,8,682000
NH,Temple,2,160000
NH,Thornton,4,408000
NH,Tilton,45,10771000
NH,Troy,1,88000
NH,Twin Mountain,1,15000
NH,Union,1,88000
NH,Walpole,6,584000
NH,Warner,35,9548000
NH,Warren,1,15000
NH,Wentworth,1,80000
NH,West Chesterfield,3,272000
NH,West Lebanon,3,921000
NH,Westmoreland,3,219000
NH,Whitefield,1,144000
NH,Wilton,4,3032000
NH,Winchester,6,624000
NH,Windham,33,7018000
NH,Wolfeboro,1,96000
NH,Woodsville,2,224000
NJ,Absecon,88,17010000
NJ,Allendale,4,456000
NJ,Allenhurst,2,1288000
NJ,Allentown,46,8708000
NJ,Allenwood,35,5764000
NJ,Alpine,87,21059000
NJ,Andover,37,9296000
NJ,Annandale,66,11267000
NJ,Asbury,70,14022000
NJ,Asbury Park,72,13740000
NJ,Atco,26,8715000
NJ,Atlantic City,86,16748000
NJ,Atlantic Highlands,5,1568000
NJ,Audubon,6,728000
NJ,Augusta,4,1280000
NJ,Avenel,64,12006000
NJ,Avon By the Sea,2,1896000
NJ,Barnegat,61,11296000
NJ,Barrington,136,22337000
NJ,Basking Ridge,119,22226000
NJ,Bayonne,180,27041000
NJ,Bayville,60,7580000
NJ,Beach Haven,1,80000
NJ,Beachwood,28,2984000
NJ,Bedminster,269,49184000
NJ,Belford,1,96000
NJ,Belleville,100,18736000
NJ,Bellmawr,857,129604000
NJ,Belmar,178,24135000
NJ,Belvidere,1,96000
NJ,Bergenfield,4,432000
NJ,Berkeley Heights,58,10387000
NJ,Berlin,51,12748000
NJ,Bernardsville,1,120000
NJ,Beverly,19,1968000
NJ,Blackwood,440,54475000
NJ,Blairstown,85,14051000
NJ,Bloomfield,536,59164000
NJ,Bloomingdale,7,1732000
NJ,Bloomsbury,27,3255000
NJ,Bogota,21,2208000
NJ,Boonton,41,5808000
NJ,Bordentown,555,89095000
NJ,Bound Brook,94,15136000
NJ,Bradley Beach,4,432000
NJ,Branchville,6,728000
NJ,Brick,197,32889000
NJ,Bridgeport,41,8184000
NJ,Bridgeton,51,22800000
NJ,Bridgewater,192,36102000
NJ,Brielle,10,1056000
NJ,Brooklawn,4,360000
NJ,Browns Mills,19,5367000
NJ,Budd Lake,56,9874000
NJ,Buena,5,1680000
NJ,Burlington,190,33351000
NJ,Butler,44,4656000
NJ,Byram Township,5,1500000
NJ,Caldwell,2,208000
NJ,Camden,343,59603000
NJ,Cape May,10,1176000
NJ,Cape May Court House,152,27949000
NJ,Carlstadt,168,23567000
NJ,Carteret,213,35736000
NJ,Cedar Grove,11,1168000
NJ,Cedar Knolls,77,18193000
NJ,Chatham,22,4612000
NJ,Chatsworth,2,216000
NJ,Cherry Hill,716,102344000
NJ,Chester,24,6889000
NJ,Chesterfield,37,4178000
NJ,Cinnaminson,29,4728000
NJ,Clark,322,34567000
NJ,Clarksboro,24,2472000
NJ,Clayton,1,120000
NJ,Clementon,48,11292000
NJ,Cliffwood,8,992000
NJ,Clifton,968,121798000
NJ,Clinton,55,12715000
NJ,Closter,1,96000
NJ,Collingswood,23,2440000
NJ,Colonia,111,15678000
NJ,Colts Neck,48,7532000
NJ,Columbia,106,23848000
NJ,Columbus,138,35324000
NJ,Cranbury,128,19505000
NJ,Cranford,440,56503000
NJ,Cream Ridge,8,752000
NJ,Dayton,60,9905000
NJ,Delanco,1,88000
NJ,Delmont,4,3264000
NJ,Delran,21,3738000
NJ,Denville,107,20010000
NJ,Dorchester,3,615000
NJ,Dover,59,13388000
NJ,Dunellen,21,2088000
NJ,East Brunswick,469,71471000
NJ,East Hanover,13,1368000
NJ,East Orange,630,79430000
NJ,East Rutherford,370,56205000
NJ,East Windsor,12,1511000
NJ,Eatontown,297,36338000
NJ,Edgewater,18,2112000
NJ,Edison,1107,159672000
NJ,Egg Harbor City,69,15696000
NJ,Egg Harbor Township,122,14102000
NJ,Egg Harbor Twp,91,12068000
NJ,Elizabeth,954,176444000
NJ,Elizabethport,249,32424000
NJ,Elmer,37,17752000
NJ,Elmwood Park,241,36017000
NJ,Englewood,152,19134000
NJ,Englewood Cliffs,31,5778000
NJ,Englishtown,120,20351000
NJ,Ewing,15,4396000
NJ,Fair Lawn,110,12216000
NJ,Fairfield,128,18113000
NJ,Fairview,19,5192000
NJ,Far Hills,33,7500000
NJ,Farmingdale,39,7260000
NJ,Flanders,28,8846000
NJ,Flemington,15,2464000
NJ,Florence,9,1041000
NJ,Florham Park,65,8072000
NJ,Fords,264,38518000
NJ,Forked River,86,10784000
NJ,Fort Dix,2,160000
NJ,Fort Lee,1969,301771000
NJ,Fort Monmouth,1,96000
NJ,Franklin,17,6708000
NJ,Franklin Lakes,43,6203000
NJ,Franklinville,28,2824000
NJ,Freehold,137,39328000
NJ,Galloway,8,2196000
NJ,Garfield,7,2100000
NJ,Gibbstown,43,7993000
NJ,Gladstone,3,1416000
NJ,Glassboro,31,3312000
NJ,Glen Gardner,3,1224000
NJ,Glen Ridge,5,1712000
NJ,Glen Rock,18,2960000
NJ,Glendora,2,216000
NJ,Gloucester City,316,59339000
NJ,Great Meadows,13,1312000
NJ,Green Brook,14,1408000
NJ,Hackensack,224,36997000
NJ,Hackettstown,66,15465000
NJ,Haddon Heights,75,8306000
NJ,Haddon Township,8,904000
NJ,Haddonfield,21,2726000
NJ,Hainesport,22,2298000
NJ,Hamburg,12,3960000
NJ,Hammonton,217,57368000
NJ,Hampton,48,8747000
NJ,Harrington Park,2,264000
NJ,Harrison,183,24091000
NJ,Hasbrouck Heights,118,15196000
NJ,Haskell,30,5814000
NJ,Hawthorne,62,8280000
NJ,Hazlet,103,10768000
NJ,Hazlet Township,1,120000
NJ,Hewitt,1,144000
NJ,Highland Park,8,816000
NJ,Highlands,21,3092000
NJ,Hightstown,310,46345000
NJ,Hillsborough,23,11876000
NJ,Hillsdale,21,2275000
NJ,Hillside,446,55202000
NJ,Ho Ho Kus,6,560000
NJ,Hoboken,12,4120000
NJ,Ho-Ho-Kus,6,656000
NJ,Holmdel,193,22452000
NJ,Hopatcong,1,96000
NJ,Howell,114,24454000
NJ,Irvington,603,69105000
NJ,Iselin,368,44814000
NJ,Jackson,36,6927000
NJ,Jamesburg,114,14583000
NJ,Jersey City,1662,221875000
NJ,Jobstown,19,4504000
NJ,Keansburg,2,288000
NJ,Kearny,915,143295000
NJ,Keasbey,171,18955000
NJ,Kendall Park,3,288000
NJ,Kenilworth,241,26335000
NJ,Keyport,44,7136000
NJ,Kinnelon,2,216000
NJ,Lafayette,13,4422000
NJ,Lake Hopatcong,34,5467000
NJ,Lakehurst,14,2972000
NJ,Lakewood,194,32538000
NJ,Lambertville,4,1484000
NJ,Landing,22,4272000
NJ,Laurel Springs,2,1596000
NJ,Lavallette,3,1676000
NJ,Lawnside,140,20602000
NJ,Lawrence Township,144,28598000
NJ,Lawrence Twp,106,16672000
NJ,Lebanon,86,18129000
NJ,Ledgewood,67,15530000
NJ,Leesburg,2,1220000
NJ,Leonardo,5,2256000
NJ,Leonia,161,29158000
NJ,Lincoln Park,4,472000
NJ,Lincroft,63,6744000
NJ,Linden,552,75757000
NJ,Lindenwold,2,1944000
NJ,Linwood,4,352000
NJ,Little Falls,189,30572000
NJ,Little Ferry,13,3288000
NJ,Livingston,55,8502000
NJ,Lodi,152,19120000
NJ,Long Branch,2,264000
NJ,Long Valley,2,160000
NJ,Lumberton,8,3468000
NJ,Lyndhurst,50,5096000
NJ,Madison,3,352000
NJ,Magnolia,26,5664000
NJ,Mahwah,156,28543000
NJ,Malaga,19,5852000
NJ,Manahawkin,95,13807000
NJ,Manalapan,23,2256000
NJ,Manasquan,18,3640000
NJ,Manchester,12,1296000
NJ,Manchester Township,26,7428000
NJ,Manchester Twp,8,1010000
NJ,Mantoloking,3,2000000
NJ,Mantua,41,6104000
NJ,Maple Shade,155,19368000
NJ,Maplewood,6,656000
NJ,Marlboro,54,13586000
NJ,Marlton,223,28018000
NJ,Marmora,57,7248000
NJ,Matawan,161,30396000
NJ,Mays Landing,152,39473000
NJ,Maywood,19,4412000
NJ,Medford,35,17284000
NJ,Mendham,1,144000
NJ,Merchantville,181,24208000
NJ,Metuchen,156,18965000
NJ,Mickleton,31,3363000
NJ,Middlesex,7,2688000
NJ,Middletown,141,16000000
NJ,Millburn,9,856000
NJ,Millstone Township,14,1376000
NJ,Millstone Twp,17,4251000
NJ,Milltown,74,8952000
NJ,Millville,96,24923000
NJ,Mine Hill,3,272000
NJ,Monmouth Junction,174,25045000
NJ,Monroe Township,163,29047000
NJ,Monroeville,24,3396000
NJ,Montague,18,8672000
NJ,Montclair,3,264000
NJ,Montvale,71,8165000
NJ,Montville,27,5133000
NJ,Moorestown,53,7567000
NJ,Morganville,79,17888000
NJ,Morris Plains,32,7843000
NJ,Morristown,244,42267000
NJ,Mount Ephraim,59,6266000
NJ,Mount Holly,119,18370000
NJ,Mount Laurel,515,72059000
NJ,Mount Royal,9,968000
NJ,Mount Tabor,4,424000
NJ,Mountain Lakes,2,200000
NJ,Mountainside,24,4004000
NJ,Mt Ephraim,17,2575000
NJ,Mt Holly,110,15610000
NJ,Mt Laurel,181,23757000
NJ,Mt Tabor,1,88000
NJ,Mullica Hill,59,8204000
NJ,Neptune,131,23988000
NJ,Neptune City,103,12044000
NJ,Neshanic Station,3,356000
NJ,Netcong,54,14059000
NJ,New Brunswick,355,43699000
NJ,New Milford,1,88000
NJ,New Providence,1,96000
NJ,Newark,3450,504937000
NJ,Newfield,30,7484000
NJ,Newfoundland,30,3312000
NJ,Newton,25,10928000
NJ,North Arlington,1,80000
NJ,North Bergen,544,83225000
NJ,North Brunswick,162,30892000
NJ,North Plainfield,17,1672000
NJ,Northfield,6,2708000
NJ,Nutley,91,13908000
NJ,Oak Ridge,4,384000
NJ,Oakhurst,4,472000
NJ,Oakland,71,13408000
NJ,Oaklyn,62,9200000
NJ,Ocean,3,352000
NJ,Ocean City,9,880000
NJ,Ocean View,32,3608000
NJ,Oceanport,5,3272000
NJ,Old Bridge,151,26207000
NJ,Oradell,2,208000
NJ,Orange,63,9708000
NJ,Oxford,2,160000
NJ,Palisades Park,55,11670000
NJ,Palmyra,15,1813000
NJ,Paramus,590,65310000
NJ,Parlin,50,8063000
NJ,Parsippany,583,98939000
NJ,Passaic,97,12376000
NJ,Paterson,517,83298000
NJ,Paulsboro,30,7451000
NJ,Pedricktown,73,16016000
NJ,Pemberton,4,181000
NJ,Pennington,43,11872000
NJ,Penns Grove,125,20375000
NJ,Pennsauken,203,31243000
NJ,Pennsville,22,3376000
NJ,Pequannock,3,328000
NJ,Perth Amboy,173,29547000
NJ,Phillipsburg,60,14193000
NJ,Picatinny Arsenal,2,192000
NJ,Pilesgrove,11,2292000
NJ,Pine Brook,36,6515000
NJ,Piscataway,189,32616000
NJ,Plainfield,22,3232000
NJ,Plainsboro,2,240000
NJ,Pleasantville,58,13110000
NJ,Point Pleasant Beach,11,1128000
NJ,Point Pleasant Boro,2,208000
NJ,Pompton Lakes,12,2399000
NJ,Pompton Plains,19,4106000
NJ,Port Monmouth,2,240000
NJ,Port Murray,4,408000
NJ,Port Norris,1,120000
NJ,Port Reading,68,7266000
NJ,Port Republic,46,5768000
NJ,Princeton,295,44280000
NJ,Princeton Junction,2,216000
NJ,Rahway,55,10312000
NJ,Ramsey,32,3328000
NJ,Randolph,16,3500000
NJ,Raritan,34,8948000
NJ,Red Bank,122,16600000
NJ,Richwood,1,88000
NJ,Ridgefield,262,33975000
NJ,Ridgefield Park,250,46565000
NJ,Ridgewood,44,4528000
NJ,Ringoes,13,3672000
NJ,Ringwood,2,240000
NJ,Rio Grande,31,7660000
NJ,River Edge,24,2480000
NJ,Riverdale,67,11979000
NJ,Riverside,41,4664000
NJ,Riverton,39,4744000
NJ,Robbinsville,183,27529000
NJ,Rochelle Park,107,11531000
NJ,Rockaway,71,10903000
NJ,Roebling,44,5361000
NJ,Roseland,102,20310000
NJ,Roselle,6,2848000
NJ,Roselle Park,1,250000
NJ,Runnemede,92,10746000
NJ,Rutherford,218,27091000
NJ,Saddle Brook,249,34931000
NJ,Saddle River,54,9902000
NJ,Salem,18,7968000
NJ,Sayreville,53,5592000
NJ,Scotch Plains,14,3208000
NJ,Sea Bright,2,1644000
NJ,Sea Girt,2,232000
NJ,Seaside Heights,8,1167000
NJ,Secaucus,498,66671000
NJ,Sewaren,38,4098000
NJ,Sewell,103,18412000
NJ,Short Hills,54,8007000
NJ,Shrewsbury,3,280000
NJ,Sicklerville,55,6771000
NJ,Somerdale,10,1104000
NJ,Somers Point,104,10944000
NJ,Somerset,108,22479000
NJ,Somerville,18,1944000
NJ,South Amboy,557,81706000
NJ,South Brunswick,3,596000
NJ,South Hackensack,17,2320000
NJ,South Plainfield,39,6094000
NJ,Southampton,42,13634000
NJ,Sparta,19,5848000
NJ,Spring Lake,2,176000
NJ,Springfield,178,23960000
NJ,Stafford,1,250000
NJ,Stanhope,13,2632000
NJ,Stewartsville,30,5951000
NJ,Stockholm,15,3708000
NJ,Stockton,6,3370000
NJ,Succasunna,8,760000
NJ,Summit,89,14392000
NJ,Sussex,20,6384000
NJ,Swedesboro,195,32706000
NJ,Tabernacle,6,672000
NJ,Teaneck,569,85620000
NJ,Tenafly,13,1472000
NJ,Teterboro,39,6923000
NJ,Thorofare,56,9036000
NJ,Tinton Falls,20,2058000
NJ,Titusville,9,3297000
NJ,Toms River,425,61740000
NJ,Totowa,139,18191000
NJ,Towaco,25,4367000
NJ,Township of Washington,42,4418000
NJ,Trenton,1023,160599000
NJ,Tuckerton,130,16410000
NJ,Union,919,136216000
NJ,Union City,172,19976000
NJ,Upper,1,96000
NJ,Vauxhall,25,5844000
NJ,Vernon,12,3296000
NJ,Verona,2,200000
NJ,Villas,4,432000
NJ,Vincentown,93,23565000
NJ,Vineland,99,31676000
NJ,Voorhees,55,7554000
NJ,Waldwick,31,3248000
NJ,Wall Township,49,6471000
NJ,Wallington,1,144000
NJ,Wanaque,4,888000
NJ,Waretown,31,3480000
NJ,Warren,90,17551000
NJ,Washington,14,2328000
NJ,Washington Twp,27,2747000
NJ,Watchung,71,12581000
NJ,Waterford Works,9,4036000
NJ,Wayne,175,22687000
NJ,Weehawken,482,62053000
NJ,West Berlin,26,3556000
NJ,West Collingswood,1,144000
NJ,West Creek,37,3904000
NJ,West Deptford,4,1428000
NJ,West Long Branch,19,3188000
NJ,West Milford,20,2162000
NJ,West New York,5,560000
NJ,West Orange,250,43656000
NJ,Westampton,4,496000
NJ,Westville,166,36844000
NJ,Westwood,2,240000
NJ,Wharton,148,25352000
NJ,Whippany,97,15988000
NJ,Whitehouse Station,29,7632000
NJ,Whiting,3,2032000
NJ,Wildwood,8,1002000
NJ,Williamstown,76,30827000
NJ,Willingboro,22,2078000
NJ,Windsor,1,120000
NJ,Wood Ridge,31,3232000
NJ,Woodbine,39,6452000
NJ,Woodbridge,321,53307000
NJ,Woodbury,492,69002000
NJ,Woodbury Heights,12,2904000
NJ,Woodcliff Lake,49,5484000
NJ,Wood-Ridge,2,168000
NJ,Woodstown,23,8796000
NJ,Wrightstown,4,355000
NJ,Wyckoff,50,5096000
NM,Alamogordo,3,336000
NM,Albuquerque,2040,332688000
NM,Algodones,13,4071000
NM,Alto,1,1000000
NM,Angel Fire,1,96000
NM,Anton Chico,4,1812000
NM,Arrey,3,1976000
NM,Artesia,6,2516000
NM,Aztec,1,120000
NM,Bard,4,778000
NM,Belen,3,714000
NM,Bernalillo,7,1310000
NM,Bloomfield,4,3500000
NM,Bluewater,2,240000
NM,Bosque,9,1737000
NM,Bosque Farms,10,5136000
NM,Caballo,18,3401000
NM,Carlsbad,4,1456000
NM,Casa Blanca,94,23917000
NM,Cedar Crest,1,88000
NM,Cerrillos,4,2128000
NM,Chaparral,4,368000
NM,Chimayo,4,456000
NM,Cimarron,4,440000
NM,Cleveland,1,88000
NM,Continental Divide,36,6459000
NM,Cuba,6,2596000
NM,Cubero,32,5052000
NM,Cuervo,22,4434000
NM,Deming,41,12125000
NM,Derry,3,272000
NM,Des Moines,1,120000
NM,Dexter,1,88000
NM,Dulce,2,264000
NM,Edgewood,2,240000
NM,El Prado,1,80000
NM,Embudo,1,144000
NM,Encino,5,1344000
NM,Espanola,21,6808000
NM,Farmington,3,368000
NM,Gallup,99,15410000
NM,Garfield,1,375000
NM,Glorieta,3,304000
NM,Grants,19,3958000
NM,Grenville,2,184000
NM,Hagerman,1,144000
NM,Hatch,4,400000
NM,Hernandez,1,96000
NM,Hobbs,13,2710000
NM,Holman,1,96000
NM,Hurley,26,5127000
NM,Isleta,2,184000
NM,Jal,41,17800000
NM,Jamestown,4,1528000
NM,Jemez Pueblo,4,3040000
NM,Jemez Springs,2,1944000
NM,Kirtland,1,1200000
NM,La Joya,2,200000
NM,Laguna,44,8882000
NM,Lake Arthur,1,88000
NM,Lamy,1,1800000
NM,Las Cruces,90,23674000
NM,Las Vegas,12,1411000
NM,Lemitar,6,4016000
NM,Logan,6,696000
NM,Lordsburg,41,7356000
NM,Los Lunas,1,144000
NM,Loving,10,6852000
NM,Lovington,5,667000
NM,Magdalena,14,3552000
NM,Maxwell,1,120000
NM,Melrose,1,1100000
NM,Mescalero,2,200000
NM,Mesquite,8,1186000
NM,Moriarty,47,9375000
NM,Nara Visa,1,96000
NM,Newkirk,2,168000
NM,Ocate,1,1800000
NM,Pecos,1,275000
NM,Ponderosa,2,1244000
NM,Portales,1,88000
NM,Prewitt,38,6249000
NM,Ranchos de Taos,3,1284000
NM,Raton,12,2216000
NM,Ribera,12,1828000
NM,Rincon,3,844000
NM,Rio Rancho,10,4556000
NM,Roswell,6,640000
NM,San Acacia,2,288000
NM,San Jon,9,1379000
NM,San Jose,2,224000
NM,San Ysidro,5,528000
NM,Santa Fe,42,9263000
NM,Santa Rosa,69,9180000
NM,Shiprock,13,1392000
NM,Silver City,2,1888000
NM,Socorro,16,3777000
NM,Springer,2,192000
NM,Taiban,1,96000
NM,Taos,4,1304000
NM,Tatum,2,200000
NM,Thoreau,10,1383000
NM,Tierra Amarilla,1,88000
NM,Tijeras,18,3536000
NM,Tohatchi,2,168000
NM,Truth or Consequences,9,4211000
NM,Tucumcari,31,3755000
NM,Tularosa,4,802000
NM,Vado,6,1313000
NM,Vaughn,25,4857000
NM,Wagon Mound,7,784000
NM,Willard,1,88000
NM,Williamsburg,1,96000
NV,Alamo,9,2462000
NV,Amargosa Valley,10,4588000
NV,Austin,36,3402000
NV,Baker,13,1368000
NV,Battle Mountain,52,9174000
NV,Beatty,1,1000000
NV,Bunkerville,2,176000
NV,Caliente,5,496000
NV,Carlin,29,3272000
NV,Carson City,463,62146000
NV,Crescent Valley,137,20675000
NV,Crystal Bay,26,3660000
NV,Dayton,50,6822000
NV,Deeth,44,4834000
NV,Denio,8,776000
NV,Elko,142,19477000
NV,Ely,96,11527000
NV,Empire,3,563000
NV,Eureka,22,2062000
NV,Fallon,210,30565000
NV,Fernley,122,20133000
NV,Gardnerville,121,21964000
NV,Gerlach,1,144000
NV,Glenbrook,91,10946000
NV,Golconda,63,8082000
NV,Goldfield,16,4060000
NV,Hawthorne,31,6994000
NV,Hiko,15,5684000
NV,Imlay,53,6135000
NV,Incline Village,70,16904000
NV,Jackpot,24,2512000
NV,Lamoille,2,168000
NV,Laughlin,63,8090000
NV,Logandale,23,2659000
NV,Lovelock,43,7679000
NV,Lund,10,936000
NV,Luning,8,759000
NV,McGill,2,200000
NV,Mesquite,84,17626000
NV,Minden,91,9467000
NV,Moapa,15,5493000
NV,Montello,33,5208000
NV,Mound House,9,799000
NV,Mountain City,14,1520000
NV,Nixon,5,560000
NV,Orovada,17,1712000
NV,Overton,86,18165000
NV,Panaca,1,144000
NV,Paradise Valley,3,328000
NV,Pioche,4,730000
NV,Reno,2687,368123000
NV,Round Mountain,4,1942000
NV,Schurz,10,1080000
NV,Silver Springs,65,13864000
NV,Silverpeak,4,3164000
NV,Smith,9,984000
NV,Sparks,1158,155858000
NV,Spring Creek,44,4500000
NV,Stateline,36,3671000
NV,Sun Valley,48,6083000
NV,Tonopah,22,3700000
NV,Valmy,2,216000
NV,Verdi,133,17881000
NV,Virginia City,16,1711000
NV,Wadsworth,10,2412000
NV,Walker Lake,1,96000
NV,Washoe Valley,231,32592000
NV,Wellington,8,2435000
NV,Wells,201,31835000
NV,West Wendover,39,6998000
NV,Winnemucca,84,11852000
NV,Yerington,51,8420000
NV,Zephyr Cove,43,9407000
NY,Accord,3,2032000
NY,Acra,4,3216000
NY,Adams,1,144000
NY,Adams Center,5,440000
NY,Afton,2,546000
NY,Airmont,5,536000
NY,Akron,86,13303000
NY,Albany,1941,277547000
NY,Albertson,20,3264000
NY,Albion,13,1376000
NY,Alcove,2,208000
NY,Alden,16,3704000
NY,Alder Creek,5,408000
NY,Alexander,4,440000
NY,Alexandria Bay,6,1775000
NY,Alfred Station,2,216000
NY,Allegany,8,4671000
NY,Almond,8,3480000
NY,Alplaus,4,5188000
NY,Altamont,17,2864000
NY,Altmar,4,1320000
NY,Altona,1,96000
NY,Amagansett,15,4452000
NY,Amawalk,16,1736000
NY,Amenia,47,5200000
NY,Amityville,137,19963000
NY,Amsterdam,162,20998000
NY,Ancram,38,3888000
NY,Ancramdale,4,464000
NY,Andes,8,3791000
NY,Andover,9,3004000
NY,Angola,80,11184000
NY,Apalachin,16,1784000
NY,Arcade,8,824000
NY,Ardsley,119,17997000
NY,Argyle,35,5784000
NY,Armonk,147,20999000
NY,Arverne,4,368000
NY,Ashville,7,3647000
NY,Astoria,362,54651000
NY,Athens,9,4600000
NY,Atlantic Beach,1,88000
NY,Attica,16,1688000
NY,Auburn,38,13132000
NY,Aurora,3,3088000
NY,Austerlitz,16,3346000
NY,Ava,5,520000
NY,Averill Park,72,13684000
NY,Avon,16,3756000
NY,Babylon,47,7529000
NY,Bainbridge,11,1717000
NY,Bakers Mills,5,520000
NY,Baldwin,76,8782000
NY,Baldwin Place,16,1800000
NY,Baldwinsville,35,9312000
NY,Ballston Lake,112,15530000
NY,Ballston Spa,494,68843000
NY,Barker,5,2728000
NY,Barneveld,21,2196000
NY,Barton,4,2232000
NY,Basom,1,1800000
NY,Batavia,227,28050000
NY,Bath,19,5364000
NY,Bay Shore,400,47823000
NY,Bayport,39,4330000
NY,Bayside,464,61822000
NY,Bayside Hills,1,375000
NY,Beacon,216,31731000
NY,Bear Mountain,17,1728000
NY,Bedford,10,2824000
NY,Bedford Hills,52,5469000
NY,Bellerose,331,37160000
NY,Bellmore,320,33588000
NY,Bellport,54,5361000
NY,Belmont,3,248000
NY,Bemus Point,1,1800000
NY,Bergen,65,6544000
NY,Berne,4,2112000
NY,Bernhards Bay,2,1220000
NY,Bethel,2,240000
NY,Bethpage,58,7050000
NY,Binghamton,179,34498000
NY,Blauvelt,14,5132000
NY,Bliss,2,1320000
NY,Bloomfield,1,88000
NY,Bloomingburg,18,1744000
NY,Bloomville,2,184000
NY,Blossvale,35,5176000
NY,Blue Mountain Lake,1,120000
NY,Blue Point,1,144000
NY,Bohemia,127,15480000
NY,Boiceville,3,2040000
NY,Bolivar,3,272000
NY,Bolton Landing,12,3924000
NY,Boonville,40,7240000
NY,Boston,4,1464000
NY,Bowmansville,5,2588000
NY,Brant Lake,7,640000
NY,Breezy Point,1,96000
NY,Brentwood,391,58278000
NY,Brewerton,21,9024000
NY,Brewster,869,122819000
NY,Briarcliff Manor,148,21143000
NY,Bridgehampton,18,2104000
NY,Bridgewater,2,216000
NY,Brightwaters,2,176000
NY,Broad Channel,4,376000
NY,Broadalbin,9,4540000
NY,Brockport,150,15125000
NY,Brocton,22,2136000
NY,Bronx,9527,1518078000
NY,Bronxville,343,36085000
NY,Brookhaven,43,5176000
NY,Brooklyn,7468,1108541000
NY,Buchanan,6,688000
NY,Buffalo,3202,478262000
NY,Burnt Hills,7,624000
NY,Burt,2,371000
NY,Buskirk,16,2916000
NY,Byron,13,1464000
NY,Cairo,2,216000
NY,Caledonia,11,3160000
NY,Callicoon,5,456000
NY,Calverton,29,4754000
NY,Cambria Heights,174,18416000
NY,Cambridge,23,4256000
NY,Camden,46,8272000
NY,Camillus,19,8896000
NY,Campbell,25,5934000
NY,Campbell Hall,4,352000
NY,Canaan,132,19168000
NY,Canajoharie,51,7451000
NY,Canaseraga,2,1220000
NY,Canastota,144,21776000
NY,Candor,15,5416000
NY,Canisteo,2,192000
NY,Canton,7,3472000
NY,Carle Place,85,8962000
NY,Carmel,154,20640000
NY,Carthage,22,12920000
NY,Cassville,18,1832000
NY,Castile,5,576000
NY,Castle Creek,7,1007000
NY,Castleton On Hudson,145,18296000
NY,Cato,28,11756000
NY,Catskill,305,60197000
NY,Cayuga,3,352000
NY,Cayuta,3,3420000
NY,Cedarhurst,3,296000
NY,Center Moriches,5,395000
NY,Centereach,79,8419000
NY,Centerport,1,88000
NY,Central Islip,50,4858000
NY,Central Square,11,11132000
NY,Central Valley,131,20354000
NY,Chadwicks,2,224000
NY,Chaffee,2,1920000
NY,Champlain,11,7728000
NY,Chappaqua,74,7756000
NY,Chateaugay,6,3224000
NY,Chatham,60,13144000
NY,Chazy,1,1800000
NY,Cheektowaga,4,554000
NY,Chemung,1,1100000
NY,Chenango Forks,4,1908000
NY,Chester,74,10534000
NY,Chestertown,57,6238000
NY,Childwold,4,2840000
NY,Chittenango,17,2918000
NY,Churchville,132,14515000
NY,Cicero,70,21657000
NY,Cincinnatus,14,10736000
NY,Clarence,3,320000
NY,Clark Mills,2,200000
NY,Clarksville,2,184000
NY,Claryville,1,88000
NY,Claverack,16,4392000
NY,Clay,47,14032000
NY,Clayville,6,672000
NY,Clemons,1,120000
NY,Cleveland,6,1692000
NY,Clifton Park,734,89959000
NY,Clifton Springs,97,12368000
NY,Clinton,104,19504000
NY,Clinton Corners,94,9964000
NY,Clintondale,3,248000
NY,Clyde,1,450000
NY,Clymer,3,1764000
NY,Cobleskill,8,6512000
NY,Cochecton,3,2780000
NY,Coeymans Hollow,6,640000
NY,Cohocton,3,360000
NY,Cohoes,128,27317000
NY,Cold Spring,41,9548000
NY,Cold Spring Harbor,4,384000
NY,College Point,59,9734000
NY,Colonie,7,1028000
NY,Commack,246,35749000
NY,Comstock,2,288000
NY,Congers,3,1984000
NY,Conklin,2,1888000
NY,Constable,8,3032000
NY,Constableville,4,2464000
NY,Constantia,3,2988000
NY,Copake,3,304000
NY,Copenhagen,2,1596000
NY,Copiague,17,1512000
NY,Coram,63,13620000
NY,Corfu,138,17960000
NY,Corinth,27,2696000
NY,Corning,10,2975000
NY,Cornwall,10,2484000
NY,Corona,767,110447000
NY,Cortland,36,18621000
NY,Cortlandt Manor,359,82093000
NY,Cowlesville,1,96000
NY,Coxsackie,36,6026000
NY,Craryville,43,5979000
NY,Crompond,6,632000
NY,Cropseyville,9,2560000
NY,Cross River,42,6652000
NY,Croton Falls,9,3888000
NY,Croton on Hudson,47,5328000
NY,Croton-on-Hudson,43,4600000
NY,Cuba,4,360000
NY,Cuddebackville,5,2296000
NY,Cutchogue,4,416000
NY,Dalton,5,584000
NY,Dansville,36,11023000
NY,Darien Center,7,688000
NY,Davenport,1,96000
NY,Deansboro,11,1168000
NY,Deer Park,36,8699000
NY,Delanson,82,14188000
NY,Delevan,2,240000
NY,Delhi,1,96000
NY,Delmar,18,4716000
NY,Depew,7,712000
NY,Deposit,18,1648000
NY,Derby,8,872000
NY,Dexter,6,2176000
NY,Diamond Point,51,11760000
NY,Dix Hills,24,2563000
NY,Dobbs Ferry,82,8794000
NY,Dover Plains,35,3840000
NY,Downsville,1,88000
NY,Dryden,4,2992000
NY,Duanesburg,100,10480000
NY,Dunkirk,133,20074000
NY,Durhamville,31,3336000
NY,Eagle Bridge,16,2752000
NY,East Amherst,3,312000
NY,East Aurora,9,5064000
NY,East Berne,13,4080000
NY,East Bethany,1,144000
NY,East Branch,8,995000
NY,East Chatham,47,5944000
NY,East Durham,6,4088000
NY,East Elmhurst,404,43722000
NY,East Greenbush,74,12990000
NY,East Hampton,24,7444000
NY,East Islip,52,5540000
NY,East Meadow,91,13174000
NY,East Meredith,3,2580000
NY,East Moriches,3,272000
NY,East Nassau,31,6696000
NY,East Northport,11,1041000
NY,East Norwich,3,384000
NY,East Patchogue,10,930000
NY,East Quogue,15,1480000
NY,East Rochester,87,10843000
NY,East Rockaway,1,120000
NY,East Schodack,2,1196000
NY,East Setauket,23,2264000
NY,East Syracuse,186,43783000
NY,Eastchester,12,2244000
NY,Eastport,14,1429000
NY,Eden,67,7835000
NY,Edgewood,1,80000
NY,Edmeston,5,3104000
NY,Elba,1,80000
NY,Elbridge,7,4716000
NY,Elizabethtown,3,575000
NY,Elizaville,4,1480000
NY,Ellenburg Depot,3,2016000
NY,Ellenville,4,368000
NY,Ellicottville,3,1984000
NY,Elma,9,1032000
NY,Elmhurst,567,104529000
NY,Elmira,25,10300000
NY,Elmont,37,8073000
NY,Elmsford,588,75344000
NY,Endicott,40,7516000
NY,Esopus,2,240000
NY,Esperance,17,5512000
NY,Evans Mills,9,1824000
NY,Fairport,231,24484000
NY,Falconer,1,88000
NY,Fallsburg,2,216000
NY,Far Rockaway,14,3836000
NY,Farmingdale,278,38997000
NY,Farmington,81,11227000
NY,Farmingville,38,4291000
NY,Fayetteville,70,28591000
NY,Felts Mills,3,1208000
NY,Ferndale,5,488000
NY,Feura Bush,28,6796000
NY,Fillmore,3,591000
NY,Fishkill,283,40696000
NY,Floral Park,105,12029000
NY,Florida,3,1240000
NY,Flushing,2209,364363000
NY,Fonda,12,6092000
NY,Forest Hills,536,67654000
NY,Forestport,13,1435000
NY,Forestville,2,264000
NY,Fort Ann,91,23808000
NY,Fort Drum,3,1440000
NY,Fort Edward,72,10200000
NY,Fort Montgomery,125,15192000
NY,Fort Plain,72,9083000
NY,Frankfort,68,7256000
NY,Franklin,1,120000
NY,Franklin Square,34,8545000
NY,Franklinville,4,1428000
NY,Fredonia,21,4520000
NY,Freehold,7,4296000
NY,Freeport,88,10768000
NY,Freeville,8,2568000
NY,Fresh Meadows,523,77819000
NY,Friendship,5,890000
NY,Fulton,61,31204000
NY,Fultonville,109,15654000
NY,Gainesville,1,144000
NY,Galway,40,3980000
NY,Gansevoort,312,44495000
NY,Garden City,173,17443000
NY,Gardiner,3,2444000
NY,Garnerville,3,288000
NY,Garrison,44,9700000
NY,Gasport,10,3286000
NY,Geneseo,9,1940000
NY,Geneva,10,4296000
NY,Germantown,44,4816000
NY,Getzville,3,336000
NY,Ghent,44,9056000
NY,Glen Aubrey,6,1472000
NY,Glen Head,35,4736000
NY,Glen Oaks,26,2655000
NY,Glendale,10,976000
NY,Glenfield,18,7432000
NY,Glenmont,103,16832000
NY,Glens Falls,7,2108000
NY,Glenwood Landing,1,144000
NY,Gloversville,15,5812000
NY,Goldens Bridge,35,3688000
NY,Goshen,113,13896000
NY,Gouverneur,5,3732000
NY,Gowanda,2,1088000
NY,Grand Island,219,27936000
NY,Granite Springs,1,144000
NY,Granville,66,7264000
NY,Great Neck,412,58694000
NY,Great River,28,2848000
NY,Great Valley,7,5540000
NY,Greene,5,1616000
NY,Greenfield Center,39,5652000
NY,Greenfield Park,1,120000
NY,Greenlawn,10,2171000
NY,Greenport,8,912000
NY,Greenvale,12,1186000
NY,Greenville,30,11284000
NY,Greenwich,67,10036000
NY,Groton,6,2956000
NY,Guilderland,14,1675000
NY,Hadley,7,808000
NY,Hagaman,1,96000
NY,Hague,4,2088000
NY,Haines Falls,4,4788000
NY,Halfmoon,207,28100000
NY,Hamburg,122,16691000
NY,Hamden,1,96000
NY,Hamlin,27,3632000
NY,Hammond,14,9216000
NY,Hampton,6,584000
NY,Hampton Bays,45,4737000
NY,Hancock,16,1760000
NY,Hannacroix,49,5000000
NY,Hannibal,12,6060000
NY,Harpursville,3,820000
NY,Harriman,60,7961000
NY,Harrison,137,14368000
NY,Hartford,3,320000
NY,Hartsdale,60,6334000
NY,Hastings,2,264000
NY,Hastings on Hudson,68,10192000
NY,Hastings-on-Hudson,27,3146000
NY,Hauppauge,337,59986000
NY,Haverstraw,7,736000
NY,Hawthorne,267,30829000
NY,Hempstead,200,23329000
NY,Henderson,4,344000
NY,Henrietta,156,20555000
NY,Herkimer,23,3390000
NY,Hewlett,6,688000
NY,Hicksville,63,10237000
NY,Highland,59,9828000
NY,Highland Falls,164,24278000
NY,Highland Mills,117,19768000
NY,Hillburn,151,23201000
NY,Hillsdale,40,6660000
NY,Hilton,79,8272000
NY,Hoffmeister,2,168000
NY,Holbrook,158,26037000
NY,Holland,1,80000
NY,Holland Patent,23,2488000
NY,Holley,10,978000
NY,Hollis,66,8460000
NY,Holmes,95,14350000
NY,Holtsville,137,23135000
NY,Homer,27,5911000
NY,Honeoye Falls,91,9541000
NY,Hoosick Falls,78,23336000
NY,Hopewell Junction,445,56634000
NY,Hornell,4,352000
NY,Horseheads,7,2060000
NY,Howard Beach,236,25262000
NY,Howes Cave,9,1210000
NY,Hudson,238,49088000
NY,Hudson Falls,30,7880000
NY,Hunter,8,7312000
NY,Huntington,78,18167000
NY,Huntington Station,464,71815000
NY,Hurley,1,80000
NY,Hyde Park,30,3268000
NY,Ilion,10,4884000
NY,Indian Lake,11,2428000
NY,Inlet,1,96000
NY,Interlaken,5,2760000
NY,Inwood,14,2352000
NY,Irondequoit,7,704000
NY,Irving,114,19105000
NY,Irvington,141,18357000
NY,Island Park,2,232000
NY,Islandia,227,46744000
NY,Islip,58,5955000
NY,Islip Terrace,59,6080000
NY,Ithaca,60,29284000
NY,Jackson Heights,24,3380000
NY,Jamaica,1733,242404000
NY,Jamestown,23,8416000
NY,Jamesville,42,9843000
NY,Jefferson Valley,14,1496000
NY,Jericho,410,70252000
NY,Johnsburg,8,2764000
NY,Johnson City,52,11361000
NY,Johnsonville,27,2720000
NY,Johnstown,14,13616000
NY,Jordan,45,4496000
NY,Katonah,349,52924000
NY,Keeseville,18,2928000
NY,Kennedy,2,208000
NY,Kenoza Lake,3,1268000
NY,Kerhonkson,14,2568000
NY,Kew Gardens,170,18912000
NY,Kill Buck,4,1428000
NY,Kinderhook,18,5860000
NY,King Ferry,3,1200000
NY,Kings Park,10,2124000
NY,Kingston,290,45691000
NY,Kirkville,77,12924000
NY,Kirkwood,49,10686000
NY,La Fargeville,3,690000
NY,La Fayette,36,6882000
NY,Lacona,4,408000
NY,Lagrangeville,126,15751000
NY,Lake George,231,45207000
NY,Lake Grove,10,955000
NY,Lake Huntington,1,96000
NY,Lake Katrine,49,7184000
NY,Lake Luzerne,8,816000
NY,Lake View,43,7780000
NY,Lakewood,1,80000
NY,Lancaster,111,13292000
NY,Lanesville,2,1244000
NY,Lansing,3,1376000
NY,Larchmont,158,24155000
NY,Latham,657,93408000
NY,Laurel,2,240000
NY,Laurelton,7,808000
NY,Laurens,2,1580000
NY,Lawrence,21,2288000
NY,Le Roy,117,13076000
NY,Lee Center,9,976000
NY,Leeds,3,328000
NY,Leicester,1,144000
NY,Levittown,52,12978000
NY,Lewis,2,232000
NY,Lewiston,6,924000
NY,Liberty,32,10592000
NY,Limestone,1,80000
NY,Lindenhurst,32,7394000
NY,Lindley,1,144000
NY,Lisle,13,2714000
NY,Little Falls,87,10696000
NY,Little Neck,515,76892000
NY,Little Valley,3,328000
NY,Liverpool,208,40230000
NY,Livingston Manor,20,3224000
NY,Loch Sheldrake,3,3044000
NY,Locke,22,12076000
NY,Lockport,64,23302000
NY,Locust Valley,1,144000
NY,Long Beach,5,363000
NY,Long Island City,400,55184000
NY,Long Lake,6,560000
NY,Lowman,1,1200000
NY,Lowville,15,7768000
NY,Lynbrook,59,7980000
NY,Lyons Falls,8,2464000
NY,Macedon,3,312000
NY,Machias,2,192000
NY,Madrid,7,3624000
NY,Mahopac,80,8120000
NY,Maine,7,1880000
NY,Malden Bridge,42,4584000
NY,Malone,8,3720000
NY,Malverne,132,14397000
NY,Mamaroneck,252,33721000
NY,Manchester,1,96000
NY,Manhasset,357,44157000
NY,Manhattan,39,4959000
NY,Manlius,27,16716000
NY,Mannsville,3,280000
NY,Manorville,65,12320000
NY,Marathon,34,4598000
NY,Marcellus,20,10716000
NY,Marcy,121,15979000
NY,Margaretville,2,224000
NY,Marietta,4,3224000
NY,Marlboro,22,5944000
NY,Martville,17,7208000
NY,Maspeth,754,107011000
NY,Massapequa,295,33804000
NY,Massapequa Park,31,3408000
NY,Mastic,11,898000
NY,Mastic Beach,7,667000
NY,Mattituck,12,1370000
NY,Mc Graw,19,4494000
NY,Mechanicville,135,21499000
NY,Medford,143,25498000
NY,Medina,18,3156000
NY,Mellenville,1,88000
NY,Melrose,15,7164000
NY,Melville,428,68512000
NY,Memphis,27,2616000
NY,Menands,3,280000
NY,Mendon,5,504000
NY,Meridale,4,1484000
NY,Merrick,548,61849000
NY,Mexico,43,22716000
NY,Middle Granville,8,1000000
NY,Middle Grove,24,8256000
NY,Middle Island,25,3250000
NY,Middle Village,16,4828000
NY,Middleburgh,5,3172000
NY,Middleport,7,2180000
NY,Middletown,156,23651000
NY,Millbrook,53,5842000
NY,Miller Place,12,1231000
NY,Millerton,18,1880000
NY,Millwood,10,2028000
NY,Milton,12,4784000
NY,Mineola,29,4802000
NY,Minetto,2,1188000
NY,Modena,1,120000
NY,Mohawk,74,10527000
NY,Mohegan Lake,106,12204000
NY,Mongaup Valley,5,1572000
NY,Monroe,133,19176000
NY,Monsey,86,10082000
NY,Montauk,4,376000
NY,Montezuma,12,1256000
NY,Montgomery,79,15749000
NY,Monticello,24,3552000
NY,Montour Falls,3,280000
NY,Montrose,34,3536000
NY,Mooers,1,88000
NY,Moravia,15,8380000
NY,Moriah Center,1,120000
NY,Moriches,6,1934000
NY,Morrisonville,4,2440000
NY,Morristown,1,96000
NY,Morrisville,3,3096000
NY,Mount Kisco,149,20632000
NY,Mount Morris,11,3241000
NY,Mount Sinai,5,448000
NY,Mount Vernon,322,34923000
NY,Mt Kisco,48,5860000
NY,Mt Sinai,2,232000
NY,Mt Vernon,87,9594000
NY,Mumford,3,296000
NY,Nanuet,570,79239000
NY,Narrowsburg,2,232000
NY,Nassau,150,16178000
NY,Nedrow,15,2911000
NY,Nesconset,32,3427000
NY,Neversink,3,408000
NY,New Berlin,1,88000
NY,New City,125,16927000
NY,New Hampton,17,4868000
NY,New Hartford,155,19872000
NY,New Hyde Park,73,14846000
NY,New Lebanon,23,3908000
NY,New Paltz,236,29436000
NY,New Rochelle,671,95408000
NY,New Russia,5,2604000
NY,New Windsor,229,27836000
NY,New York,7912,1057939000
NY,New York Mills,27,2920000
NY,Newark Valley,2,1188000
NY,Newburgh,511,71953000
NY,Newfane,5,1600000
NY,Newfield,3,1660000
NY,Niagara Falls,72,10031000
NY,Nichols,20,5132000
NY,North Babylon,166,21006000
NY,North Baldwin,5,476000
NY,North Bangor,7,4676000
NY,North Bay,1,80000
NY,North Bellmore,15,1519000
NY,North Chili,43,4301000
NY,North Creek,22,3560000
NY,North Greece,1,144000
NY,North Hudson,10,1259000
NY,North Java,4,1512000
NY,North Salem,195,31447000
NY,North Tonawanda,24,3642000
NY,Northport,14,1512000
NY,Northville,2,264000
NY,Nunda,3,312000
NY,Nyack,532,65399000
NY,Oakdale,35,5416000
NY,Oakland Gardens,805,138860000
NY,Ocean Beach,2,184000
NY,Oceanside,10,812000
NY,Ogdensburg,5,3920000
NY,Old Chatham,104,12578000
NY,Old Westbury,445,54018000
NY,Olean,12,5787000
NY,Oneida,57,8216000
NY,Oneonta,9,1964000
NY,Ontario,4,448000
NY,Orangeburg,54,5656000
NY,Orchard Park,20,2104000
NY,Oriskany,28,2848000
NY,Oriskany Falls,10,2004000
NY,Ossining,197,24082000
NY,Oswego,56,34140000
NY,Otego,1,144000
NY,Ovid,30,18848000
NY,Owego,17,4108000
NY,Oyster Bay,2,162000
NY,Ozone Park,48,5048000
NY,Painted Post,16,3132000
NY,Palenville,2,2300000
NY,Palisades,12,1368000
NY,Parish,20,10114000
NY,Parksville,6,616000
NY,Patchogue,142,16889000
NY,Patterson,50,7123000
NY,Pattersonville,50,6976000
NY,Paul Smiths,1,144000
NY,Pawling,31,3232000
NY,Pearl River,3,320000
NY,Peconic,1,120000
NY,Peekskill,115,14224000
NY,Pelham,237,25470000
NY,Penfield,144,14746000
NY,Penn Yan,1,96000
NY,Perry,1,96000
NY,Peru,4,3092000
NY,Petersburg,25,5036000
NY,Phelps,168,20819000
NY,Philmont,1,80000
NY,Phoenix,9,5776000
NY,Piermont,2,240000
NY,Piffard,3,336000
NY,Pine Bush,2,168000
NY,Pine City,6,1996000
NY,Pine Plains,31,4807000
NY,Pine Valley,2,232000
NY,Pittsford,303,35684000
NY,Plainview,219,27357000
NY,Plattsburgh,22,20896000
NY,Pleasant Valley,96,10999000
NY,Pleasantville,132,15286000
NY,Poestenkill,19,2860000
NY,Poland,4,480000
NY,Pomona,127,15495000
NY,Port Byron,92,14935000
NY,Port Chester,352,44481000
NY,Port Crane,14,4696000
NY,Port Ewen,2,1080000
NY,Port Henry,4,2432000
NY,Port Jefferson,3,179000
NY,Port Jefferson Station,46,6496000
NY,Port Jervis,59,9021000
NY,Port Washington,14,1440000
NY,Porter Corners,4,368000
NY,Portland,31,3072000
NY,Portville,7,2400000
NY,Potsdam,5,3200000
NY,Pottersville,24,2640000
NY,Poughkeepsie,196,31840000
NY,Poughquag,15,1736000
NY,Pound Ridge,26,2584000
NY,Prattsville,1,1500000
NY,Preble,3,384000
NY,Pulaski,26,14390000
NY,Purchase,71,7491000
NY,Purdys,80,10681000
NY,Putnam Station,10,2468000
NY,Putnam Valley,203,25285000
NY,Queens,4,432000
NY,Queens Village,311,36004000
NY,Queensbury,242,32624000
NY,Quogue,1,80000
NY,Randolph,10,2720000
NY,Ransomville,10,4437000
NY,Ravena,58,6608000
NY,Ray Brook,1,275000
NY,Red Hook,131,14248000
NY,Redwood,4,4900000
NY,Rego Park,127,15042000
NY,Remsen,38,5592000
NY,Remsenburg,1,88000
NY,Rensselaer,199,39607000
NY,Rexford,71,7320000
NY,Rhinebeck,200,26322000
NY,Richford,3,288000
NY,Richmond Hill,184,22985000
NY,Richmondville,16,3432000
NY,Ridge,13,3898000
NY,Ridgewood,251,28995000
NY,Ripley,112,12458000
NY,Riverhead,81,15927000
NY,Rochester,6210,723500000
NY,Rock City Falls,7,688000
NY,Rock Hill,18,2244000
NY,Rock Stream,1,88000
NY,Rock Tavern,14,1931000
NY,Rockaway Park,9,920000
NY,Rockville Centre,116,13944000
NY,Rocky Point,12,2464000
NY,Rodman,4,1328000
NY,Rome,421,51019000
NY,Romulus,15,8356000
NY,Ronkonkoma,237,35675000
NY,Roosevelt,348,38454000
NY,Roscoe,14,1488000
NY,Rosedale,236,25528000
NY,Rosendale,61,6328000
NY,Roslyn,191,23360000
NY,Roslyn Heights,557,89365000
NY,Rotterdam Junction,18,1848000
NY,Round Lake,13,1264000
NY,Rouses Point,1,88000
NY,Roxbury,1,144000
NY,Rush,68,10946000
NY,Rye,714,103262000
NY,Rye Brook,3,312000
NY,Sag Harbor,10,2048000
NY,Sagaponack,4,424000
NY,Saint Albans,2,176000
NY,Saint James,3,296000
NY,Saint Johnsville,1,1100000
NY,Salamanca,12,5688000
NY,Salem,28,3960000
NY,Salisbury Mills,3,360000
NY,Salt Point,79,9518000
NY,Sanborn,12,2748000
NY,Sand Lake,3,1976000
NY,Sandy Creek,5,2504000
NY,Saranac Lake,5,3252000
NY,Saratoga Springs,339,52476000
NY,Saugerties,223,38980000
NY,Sauquoit,15,1632000
NY,Savannah,1,1500000
NY,Savona,4,384000
NY,Sayville,40,4168000
NY,Scarsdale,276,31696000
NY,Schaghticoke,42,6892000
NY,Schenectady,836,115231000
NY,Schenevus,1,96000
NY,Schodack Landing,89,15484000
NY,Schoharie,16,1752000
NY,Schroon Lake,17,7199000
NY,Schuylerville,30,3048000
NY,Scipio Center,5,1656000
NY,Scottsburg,1,144000
NY,Scottsville,126,12835000
NY,Sea Cliff,1,96000
NY,Seaford,147,20227000
NY,Selden,39,10308000
NY,Selkirk,195,29089000
NY,Seneca Falls,100,12656000
NY,Setauket,1,144000
NY,Sharon Springs,1,144000
NY,Sherburne,2,1920000
NY,Sherman,4,1396000
NY,Sherrill,10,1128000
NY,Shirley,55,7119000
NY,Shokan,10,2948000
NY,Shoreham,2,162000
NY,Shortsville,120,14091000
NY,Shrub Oak,31,4300000
NY,Sidney,12,4218000
NY,Silver Bay,5,552000
NY,Silver Creek,107,11674000
NY,Silver Springs,2,1280000
NY,Skaneateles,3,280000
NY,Slate Hill,3,1364000
NY,Sleepy Hollow,6,704000
NY,Slingerlands,26,11964000
NY,Sloansville,2,184000
NY,Sloatsburg,285,36804000
NY,Smithtown,108,19724000
NY,Sodus,1,80000
NY,Somers,103,12744000
NY,South Colton,3,1308000
NY,South Dayton,3,328000
NY,South Fallsburg,2,371000
NY,South Glens Falls,40,5376000
NY,South Hempstead,5,568000
NY,South Otselic,2,1296000
NY,South Ozone Park,379,55772000
NY,South Richmond Hill,80,13000000
NY,South Salem,52,5592000
NY,South Setauket,7,720000
NY,South Wales,5,488000
NY,Southampton,36,4824000
NY,Southfields,223,27405000
NY,Southold,1,120000
NY,Sparkill,7,2504000
NY,Sparrow Bush,6,2492000
NY,Spencer,11,3608000
NY,Spencerport,163,18174000
NY,Speonk,3,296000
NY,Sprakers,30,3306000
NY,Spring Valley,244,26163000
NY,Springfield Gardens,246,25972000
NY,Springville,6,552000
NY,Springwater,2,224000
NY,St James,3,280000
NY,Staatsburg,24,4816000
NY,Stafford,4,400000
NY,Stamford,5,1571000
NY,Stanfordville,12,1376000
NY,Stanley,1,80000
NY,Staten Island,1802,277435000
NY,Stephentown,27,5324000
NY,Stillwater,26,3936000
NY,Stittville,2,264000
NY,Stone Ridge,10,8128000
NY,Stony Brook,44,6387000
NY,Stony Point,86,10608000
NY,Stormville,30,6700000
NY,Stuyvesant,12,4292000
NY,Suffern,301,43037000
NY,Sunnyside,4,360000
NY,Sylvan Beach,7,856000
NY,Syosset,228,33401000
NY,Syracuse,1382,298836000
NY,Taberg,41,4344000
NY,Tannersville,8,11296000
NY,Tappan,26,3920000
NY,Tarrytown,381,50413000
NY,Theresa,5,2528000
NY,Thornwood,4,448000
NY,Ticonderoga,7,2806000
NY,Tillson,46,4688000
NY,Tivoli,17,1688000
NY,Tomkins Cove,15,3312000
NY,Tonawanda,351,55142000
NY,Troy,325,61144000
NY,Trumansburg,13,5552000
NY,Tuckahoe,47,4992000
NY,Tully,44,10800000
NY,Tupper Lake,5,2758000
NY,Turin,3,1740000
NY,Tuxedo Park,181,19808000
NY,Ulster Park,22,5924000
NY,Union Springs,2,1620000
NY,Uniondale,159,17829000
NY,Upton,5,536000
NY,Utica,698,83060000
NY,Valatie,60,11260000
NY,Valhalla,69,9488000
NY,Valley Cottage,8,4536000
NY,Valley Falls,5,1592000
NY,Valley Stream,465,53568000
NY,Varysburg,10,5008000
NY,Verbank,11,1168000
NY,Vernon,32,3216000
NY,Vernon Center,14,1560000
NY,Verona,135,17418000
NY,Verona Beach,3,320000
NY,Vestal,70,10360000
NY,Victor,122,15794000
NY,Voorheesville,20,7080000
NY,Waccabuc,6,544000
NY,Wading River,2,208000
NY,Wainscott,5,520000
NY,Walden,15,7484000
NY,Wallkill,188,20400000
NY,Walton,14,1640000
NY,Wantagh,406,49330000
NY,Wappingers Falls,371,41873000
NY,Warners,44,4672000
NY,Warrensburg,139,19996000
NY,Warsaw,7,832000
NY,Warwick,6,3164000
NY,Washingtonville,1,120000
NY,Wassaic,9,920000
NY,Water Mill,13,1392000
NY,Waterford,19,4320000
NY,Waterloo,131,29158000
NY,Watertown,46,21045000
NY,Waterville,35,6503000
NY,Watervliet,360,49484000
NY,Watkins Glen,5,456000
NY,Waverly,7,1624000
NY,Wayland,2,594000
NY,Webster,250,33246000
NY,Weedsport,90,13749000
NY,Wellesley Island,1,80000
NY,Wellsburg,4,440000
NY,Wellsville,5,2336000
NY,West Babylon,223,30066000
NY,West Coxsackie,139,17824000
NY,West Edmeston,1,96000
NY,West Harrison,474,59512000
NY,West Hempstead,405,43663000
NY,West Henrietta,84,9160000
NY,West Hurley,1,144000
NY,West Islip,55,6310000
NY,West Kill,6,2876000
NY,West Monroe,13,8232000
NY,West Nyack,415,60668000
NY,West Park,1,88000
NY,West Point,11,6948000
NY,West Sand Lake,63,11796000
NY,West Sayville,1,120000
NY,West Winfield,8,4656000
NY,Westbury,406,48426000
NY,Westdale,1,120000
NY,Westerlo,4,408000
NY,Westernville,7,800000
NY,Westfield,133,15924000
NY,Westhampton,4,424000
NY,Westhampton Beach,16,1628000
NY,Westmoreland,45,5611000
NY,Westport,6,3032000
NY,Westtown,3,264000
NY,Wevertown,8,808000
NY,Wheatley Heights,1,120000
NY,White Lake,2,240000
NY,White Plains,706,85323000
NY,Whitehall,56,17688000
NY,Whitesboro,159,23108000
NY,Whitestone,488,80527000
NY,Whitney Point,39,7456000
NY,Williamstown,7,4464000
NY,Williston Park,1,450000
NY,Wilmington,4,392000
NY,Wilson,5,2448000
NY,Windham,7,3536000
NY,Windsor,18,2936000
NY,Wingdale,25,2624000
NY,Winthrop,2,160000
NY,Wolcott,1,15000
NY,Woodbury,187,31738000
NY,Woodgate,7,744000
NY,Woodhaven,47,4632000
NY,Woodmere,11,1168000
NY,Woodside,1170,182750000
NY,Woodstock,3,264000
NY,Worcester,12,3340000
NY,Wurtsboro,24,3608000
NY,Wyandanch,10,928000
NY,Wynantskill,21,5488000
NY,Yaphank,40,6568000
NY,Yonkers,1426,171548000
NY,Yorkshire,1,120000
NY,Yorktown Heights,355,41346000
NY,Yorkville,36,3880000
NY,Youngstown,2,240000
OH,Aberdeen,3,248000
OH,Ada,1,80000
OH,Addyston,1,96000
OH,Akron,1448,313442000
OH,Albany,6,1628000
OH,Alexandria,6,648000
OH,Alliance,19,2735000
OH,Alpha,4,472000
OH,Alvada,1,96000
OH,Amanda,2,192000
OH,Amelia,22,2602000
OH,Amherst,107,23048000
OH,Andover,7,3600000
OH,Anna,25,3844000
OH,Ansonia,1,80000
OH,Antwerp,2,224000
OH,Apple Creek,3,320000
OH,Arcadia,1,80000
OH,Arcanum,12,1128000
OH,Archbold,41,9666000
OH,Ashland,48,8329000
OH,Ashley,2,168000
OH,Ashtabula,26,4832000
OH,Ashville,25,4598000
OH,Athens,15,1512000
OH,Atwater,9,944000
OH,Aurora,8,808000
OH,Austinburg,8,1224000
OH,Avon,81,14683000
OH,Bainbridge,1,144000
OH,Baltimore,12,1156000
OH,Barberton,58,9751000
OH,Barnesville,12,2895000
OH,Batavia,121,13287000
OH,Beach City,10,3595000
OH,Beachwood,117,19130000
OH,Beallsville,1,80000
OH,Beavercreek,6,735000
OH,Beavercreek Township,1,120000
OH,Beaverdam,1,144000
OH,Bedford,177,36569000
OH,Bellaire,23,4701000
OH,Bellbrook,6,455000
OH,Belle Center,10,1016000
OH,Belle Valley,1,250000
OH,Bellefontaine,14,1528000
OH,Bellevue,18,2011000
OH,Bellville,8,888000
OH,Belmont,12,5239000
OH,Beloit,2,176000
OH,Belpre,6,712000
OH,Berea,7,616000
OH,Bergholz,5,2356000
OH,Berlin Center,1,96000
OH,Berlin Heights,13,2479000
OH,Bessemer,1,144000
OH,Bethel,12,1304000
OH,Bethesda,13,3899000
OH,Bidwell,3,320000
OH,Blacklick,24,2448000
OH,Blanchester,2,1588000
OH,Bloomingburg,19,5994000
OH,Bloomingdale,3,304000
OH,Blue Ash,2,232000
OH,Bluffton,29,9222000
OH,Bolivar,29,8363000
OH,Botkins,28,5156000
OH,Bowerston,4,3564000
OH,Bowling Green,40,12959000
OH,Bradford,1,11000
OH,Bradner,4,448000
OH,Brecksville,25,4161000
OH,Bridgeport,22,2731000
OH,Brilliant,2,91000
OH,Bristolville,1,80000
OH,Broadview Heights,22,4202000
OH,Brook Park,33,7140000
OH,Brookfield,4,1748000
OH,Brookpark,35,10444000
OH,Brookville,135,17466000
OH,Brunswick,35,8388000
OH,Bryan,5,2548000
OH,Buckeye Lake,1,120000
OH,Bucyrus,1,80000
OH,Burbank,21,4476000
OH,Burgoon,1,144000
OH,Burton,25,4202000
OH,Byesville,6,1370000
OH,Cable,1,88000
OH,Cadiz,9,2366000
OH,Caldwell,14,4263000
OH,Caledonia,1,144000
OH,Cambridge,48,8821000
OH,Camden,6,648000
OH,Camp Dennison,1,88000
OH,Canal Fulton,8,2856000
OH,Canal Winchester,115,12061000
OH,Canfield,20,3998000
OH,Canton,253,59900000
OH,Cardington,2,232000
OH,Carey,6,699000
OH,Carroll,36,3714000
OH,Carrollton,2,168000
OH,Castalia,71,18248000
OH,Cecil,9,1287000
OH,Cedarville,3,186000
OH,Celina,13,1384000
OH,Centerburg,11,979000
OH,Centerville,7,679000
OH,Chagrin Falls,40,3949000
OH,Chardon,27,2695000
OH,Chesapeake,5,2074000
OH,Cheshire,1,88000
OH,Chesterland,9,757000
OH,Chillicothe,53,8796000
OH,Cincinnati,4191,917100000
OH,Circleville,53,8216000
OH,Clarington,4,472000
OH,Clayton,97,13180000
OH,Cleveland,3338,628753000
OH,Cleveland Heights,2,224000
OH,Cleves,95,24280000
OH,Clifton,1,11000
OH,Clyde,18,2672000
OH,Collins,1,88000
OH,Columbia Station,6,688000
OH,Columbiana,4,432000
OH,Columbus,5164,1007618000
OH,Columbus Grove,2,264000
OH,Concord Twp,1,144000
OH,Conesville,1,80000
OH,Conneaut,10,1909000
OH,Conover,1,120000
OH,Convoy,5,496000
OH,Coolville,4,384000
OH,Copley,1,96000
OH,Cortland,12,1428000
OH,Coshocton,6,1648000
OH,Covington,2,264000
OH,Creston,3,320000
OH,Crooksville,1,15000
OH,Cumberland,2,176000
OH,Curtice,1,80000
OH,Cuyahoga Falls,52,5548000
OH,Cygnet,6,1148000
OH,Dalton,10,1040000
OH,Dayton,5591,696580000
OH,Deerfield,4,352000
OH,Defiance,12,2564000
OH,Delaware,236,26878000
OH,Delphos,4,456000
OH,Delta,44,11165000
OH,Deshler,1,88000
OH,Dexter City,1,120000
OH,Diamond,10,2105000
OH,Dillonvale,1,96000
OH,Dover,18,3376000
OH,Doylestown,12,1170000
OH,Dresden,1,80000
OH,Dublin,256,43214000
OH,Dundee,3,2024000
OH,Dunkirk,2,176000
OH,East Canton,5,1432000
OH,East Fultonham,2,1620000
OH,East Liberty,3,320000
OH,East Liverpool,10,944000
OH,East Palestine,4,360000
OH,East Rochester,1,144000
OH,Eastlake,32,4580000
OH,Eaton,36,4658000
OH,Edgerton,2,192000
OH,Edon,62,19763000
OH,Eldorado,8,2955000
OH,Elmore,42,12106000
OH,Elyria,154,37320000
OH,Englewood,113,14029000
OH,Enon,14,5892000
OH,Etna,12,1164000
OH,Euclid,78,13650000
OH,Fairborn,47,8394000
OH,Fairfield,37,3902000
OH,Farmersville,13,1344000
OH,Fayetteville,3,288000
OH,Findlay,55,13124000
OH,Forest,2,208000
OH,Fort Recovery,1,80000
OH,Fostoria,1,120000
OH,Frankfort,5,480000
OH,Franklin,74,14681000
OH,Franklin Furnace,2,154000
OH,Frazeysburg,7,666000
OH,Fredericktown,19,2322000
OH,Freeport,1,88000
OH,Fremont,126,29348000
OH,Fulton,2,240000
OH,Gahanna,1,96000
OH,Galena,57,9203000
OH,Galion,6,696000
OH,Gallipolis,10,960000
OH,Galloway,36,4728000
OH,Garrettsville,3,368000
OH,Gates Mills,6,792000
OH,Geneva,18,4258000
OH,Genoa,4,579000
OH,Georgetown,3,360000
OH,Germantown,103,10113000
OH,Gettysburg,2,232000
OH,Gibsonburg,2,224000
OH,Girard,26,3582000
OH,Glenford,1,96000
OH,Glouster,6,1980000
OH,Gnadenhutten,3,264000
OH,Goshen,12,1256000
OH,Grafton,20,2896000
OH,Grand Rapids,7,704000
OH,Granville,31,4756000
OH,Gratis,1,88000
OH,Graytown,6,656000
OH,Green Springs,1,80000
OH,Greenfield,1,120000
OH,Greenville,16,1696000
OH,Greenwich,10,2840000
OH,Grove City,224,51422000
OH,Groveport,98,12669000
OH,Guysville,4,570000
OH,Hamilton,127,13147000
OH,Hanoverton,1,96000
OH,Harpster,4,1396000
OH,Harrison,37,9528000
OH,Harrod,1,300000
OH,Hartville,1,96000
OH,Haviland,1,10000
OH,Heath,22,2012000
OH,Hebron,65,10801000
OH,Helena,4,1496000
OH,Hilliard,112,22345000
OH,Hillsboro,9,1742000
OH,Hinckley,3,344000
OH,Hiram,10,1007000
OH,Holland,27,5708000
OH,Holmesville,1,88000
OH,Homerville,1,144000
OH,Hooven,1,144000
OH,Hopedale,1,300000
OH,Hopewell,4,408000
OH,Howard,2,232000
OH,Hubbard,25,6379000
OH,Hudson,131,24654000
OH,Huntsburg,6,552000
OH,Huntsville,20,4058000
OH,Huron,17,3102000
OH,Independence,261,59539000
OH,Ironton,11,1019000
OH,Jackson,17,2759000
OH,Jamestown,16,1967000
OH,Jefferson,4,1388000
OH,Jeffersonville,36,6658000
OH,Jenera,1,300000
OH,Jeromesville,8,597000
OH,Jewett,7,2856000
OH,Johnstown,23,2267000
OH,Kensington,3,2396000
OH,Kent,72,11788000
OH,Kenton,3,288000
OH,Kettering,9,768000
OH,Killbuck,1,144000
OH,Kimbolton,2,380000
OH,Kings Mills,1,80000
OH,Kingston,2,184000
OH,Kingsville,8,2147000
OH,LaGrange,7,736000
OH,Lake Milton,10,1752000
OH,Lakeside-Marblehead,1,120000
OH,Lakeview,1,88000
OH,Lakeville,2,176000
OH,Lakewood,37,7595000
OH,Lancaster,51,8848000
OH,Laurelville,1,96000
OH,Leavittsburg,6,608000
OH,Lebanon,149,29212000
OH,Leesburg,1,144000
OH,Leetonia,6,731000
OH,Lewis Center,151,18381000
OH,Lewisburg,29,7895000
OH,Lewistown,4,408000
OH,Liberty Center,10,1414000
OH,Liberty Township,4,596000
OH,Liberty Twp,5,576000
OH,Lima,95,19847000
OH,Lindsey,8,1189000
OH,Lisbon,7,4304000
OH,Litchfield,3,236000
OH,Lithopolis,2,232000
OH,Little Hocking,6,1988000
OH,Lockbourne,72,8669000
OH,Lodi,3,272000
OH,Logan,22,2706000
OH,London,68,18157000
OH,Londonderry,2,200000
OH,Lorain,15,1651000
OH,Lore City,9,2125000
OH,Loudonville,4,376000
OH,Louisville,18,3936000
OH,Loveland,116,20693000
OH,Lowell,3,312000
OH,Lowellville,2,108000
OH,Lucasville,9,1542000
OH,Macedonia,58,12436000
OH,Macksburg,3,296000
OH,Madison,8,1290000
OH,Maineville,47,4985000
OH,Malinta,1,12000
OH,Malta,3,166000
OH,Malvern,1,80000
OH,Manchester,4,360000
OH,Mansfield,113,18208000
OH,Mantua,70,19660000
OH,Maple Heights,56,7025000
OH,Marengo,36,8240000
OH,Marietta,15,2474000
OH,Marion,39,7424000
OH,Marshallville,4,408000
OH,Martin,2,1080000
OH,Martins Ferry,4,504000
OH,Marysville,116,17891000
OH,Mason,103,13565000
OH,Massillon,22,2295000
OH,Masury,3,626000
OH,Maumee,108,20594000
OH,Mc Arthur,4,754000
OH,McClure,1,80000
OH,McDermott,1,88000
OH,Mechanicsburg,6,632000
OH,Medina,103,13634000
OH,Medway,41,8967000
OH,Mendon,3,328000
OH,Mentor,68,9160000
OH,Miamisburg,456,54850000
OH,Middle Point,1,120000
OH,Middlefield,11,1058000
OH,Middleport,1,120000
OH,Middletown,90,14853000
OH,Midland,2,1944000
OH,Milan,100,26896000
OH,Milford,99,14791000
OH,Milford Center,2,184000
OH,Millbury,16,4398000
OH,Millersburg,9,874000
OH,Millersport,9,1326000
OH,Mineral City,3,328000
OH,Mineral Ridge,4,1280000
OH,Minerva,8,2324000
OH,Mogadore,7,712000
OH,Monclova,1,96000
OH,Monroe,51,11062000
OH,Monroeville,13,1916000
OH,Montgomery,4,448000
OH,Montpelier,52,11335000
OH,Montville,5,640000
OH,Moraine,66,6531000
OH,Morral,1,80000
OH,Morrow,12,1224000
OH,Mount Gilead,11,4425000
OH,Mount Orab,3,771000
OH,Mount Sterling,64,15563000
OH,Mount Vernon,5,2200000
OH,Mount Victory,4,448000
OH,Mt Gilead,12,1248000
OH,Mt Orab,3,360000
OH,Mt Sterling,16,4780000
OH,Mt Vernon,7,2108000
OH,Munroe Falls,1,80000
OH,Napoleon,19,3332000
OH,Nashport,5,624000
OH,Navarre,5,1568000
OH,Nelsonville,11,1232000
OH,Nevada,3,288000
OH,New Albany,68,7510000
OH,New Carlisle,23,4687000
OH,New Concord,6,942000
OH,New Haven,1,18000
OH,New Holland,4,2080000
OH,New Lebanon,24,2276000
OH,New Lexington,2,208000
OH,New London,10,3864000
OH,New Madison,4,432000
OH,New Matamoras,1,120000
OH,New Paris,29,3644000
OH,New Philadelphia,6,592000
OH,New Richmond,5,560000
OH,New Springfield,25,5091000
OH,New Vienna,3,304000
OH,New Waterford,2,232000
OH,New Weston,5,632000
OH,Newark,51,5361000
OH,Newbury,5,544000
OH,Newcomerstown,5,528000
OH,Newport,3,344000
OH,Newton Falls,49,9875000
OH,Ney,4,2120000
OH,Niles,6,760000
OH,North Baltimore,18,5142000
OH,North Bend,1,88000
OH,North Benton,9,4672000
OH,North Bloomfield,4,440000
OH,North Canton,82,17143000
OH,North Jackson,43,10195000
OH,North Lawrence,1,80000
OH,North Lima,66,20401000
OH,North Olmsted,71,10991000
OH,North Ridgeville,114,25131000
OH,North Royalton,25,4455000
OH,Northfield,27,3162000
OH,Northwood,43,11018000
OH,Norwalk,9,2712000
OH,Norwich,20,4013000
OH,Novelty,3,256000
OH,Oak Harbor,9,1162000
OH,Oak Hill,1,96000
OH,Oakwood,2,176000
OH,Oberlin,10,971000
OH,Obetz,6,600000
OH,Ohio City,2,176000
OH,Olmsted Falls,16,3047000
OH,Olmsted Twp,2,419000
OH,Ontario,1,120000
OH,Oregon,13,3471000
OH,Oregonia,29,9556000
OH,Orient,44,8419000
OH,Orrville,11,1128000
OH,Orwell,4,344000
OH,Ostrander,14,1592000
OH,Oxford,6,656000
OH,Painesville,65,14261000
OH,Paris,1,96000
OH,Pataskala,96,11541000
OH,Peebles,5,496000
OH,Pemberville,4,472000
OH,Peninsula,24,3812000
OH,Perrysburg,233,50554000
OH,Petersburg,4,371000
OH,Pickerington,71,12889000
OH,Piketon,10,2176000
OH,Piqua,53,9911000
OH,Plain City,55,7106000
OH,Pleasant City,4,464000
OH,Pleasant Plain,2,192000
OH,Pleasantville,4,3216000
OH,Polk,11,1075000
OH,Pomeroy,3,328000
OH,Port Clinton,17,2682000
OH,Port Washington,7,1593000
OH,Portage,2,232000
OH,Portland,1,96000
OH,Portsmouth,4,480000
OH,Powell,86,8445000
OH,Prospect,2,208000
OH,Quaker City,14,2784000
OH,Radnor,4,246000
OH,Ravenna,79,14466000
OH,Rawson,4,595000
OH,Ray,5,480000
OH,Rayland,2,184000
OH,Raymond,3,408000
OH,Reedsville,1,144000
OH,Reno,1,96000
OH,Republic,3,296000
OH,Reynoldsburg,152,28573000
OH,Richfield,186,50833000
OH,Richmond Dale,2,216000
OH,Richwood,9,912000
OH,Ripley,4,1404000
OH,Rittman,4,284000
OH,Rock Creek,2,216000
OH,Rockbridge,20,3579000
OH,Rockford,1,120000
OH,Rocky River,44,10416000
OH,Rome,5,3920000
OH,Rootstown,25,4938000
OH,Roseville,7,1636000
OH,Rossford,15,2465000
OH,Rushville,2,1620000
OH,Russells Point,2,232000
OH,Sabina,29,6618000
OH,Saint Clairsville,12,3531000
OH,Saint Louisville,2,208000
OH,Salem,9,1955000
OH,Salesville,2,355000
OH,Sandusky,43,4974000
OH,Sandyville,1,12000
OH,Sardinia,6,1792000
OH,Scott,1,120000
OH,Seaman,3,304000
OH,Senecaville,4,1460000
OH,Seville,43,7771000
OH,Shade,3,384000
OH,Shadyside,1,88000
OH,Sheffield Lake,9,1187000
OH,Sheffield Village,3,256000
OH,Shiloh,4,432000
OH,Shreve,1,96000
OH,Sidney,95,17448000
OH,Smithville,1,120000
OH,Solon,50,4978000
OH,Somerset,6,572000
OH,Somerville,3,248000
OH,South Bloomfield,4,416000
OH,South Charleston,15,2938000
OH,South Lebanon,12,1386000
OH,South Point,19,2016000
OH,South Solon,4,456000
OH,South Vienna,24,5789000
OH,Southington,9,730000
OH,Spencer,1,144000
OH,Spring Valley,8,839000
OH,Springboro,46,11939000
OH,Springfield,146,34006000
OH,St Clairsville,19,6636000
OH,St Marys,3,196000
OH,St Paris,3,344000
OH,Sterling,1,144000
OH,Steubenville,19,5602000
OH,Stone Creek,7,1949000
OH,Stoutsville,1,144000
OH,Stow,70,8302000
OH,Strasburg,4,432000
OH,Streetsboro,93,15129000
OH,Strongsville,121,29285000
OH,Stryker,4,3420000
OH,Sugar Grove,4,448000
OH,Sugarcreek,7,752000
OH,Sunbury,99,14628000
OH,Swanton,41,10023000
OH,Sycamore,5,1201000
OH,Sylvania,17,1940000
OH,Tallmadge,30,6552000
OH,Terrace Park,1,88000
OH,Thompson,1,120000
OH,Thornville,50,14678000
OH,Thurman,4,686000
OH,Thurston,1,11000
OH,Tiffin,5,552000
OH,Tipp City,49,8821000
OH,Toledo,558,112032000
OH,Toronto,4,344000
OH,Trenton,4,352000
OH,Trotwood,3,223000
OH,Troy,74,15778000
OH,Twinsburg,24,5981000
OH,Uhrichsville,2,154000
OH,Union City,10,1120000
OH,Uniontown,34,7661000
OH,University Heights,1,120000
OH,Upper Sandusky,20,2602000
OH,Urbana,8,832000
OH,Utica,3,288000
OH,Valley City,6,2100000
OH,Van Buren,7,769000
OH,Van Wert,7,704000
OH,Vandalia,117,27356000
OH,Vaughnsville,1,120000
OH,Vermilion,14,1062000
OH,Versailles,4,408000
OH,Vickery,9,1282000
OH,Vienna,8,848000
OH,Vincent,1,1200000
OH,Wadsworth,40,5718000
OH,Wakeman,10,1263000
OH,Walbridge,3,813000
OH,Waldo,8,896000
OH,Walhonding,2,288000
OH,Wapakoneta,55,11272000
OH,Warren,103,16873000
OH,Washington Court House,33,8650000
OH,Washington Township,27,2816000
OH,Waterville,10,2076000
OH,Wauseon,22,4874000
OH,Waverly,17,4140000
OH,Wayne,1,88000
OH,Waynesfield,1,88000
OH,Waynesville,35,7912000
OH,Wellington,12,1352000
OH,Wellsville,2,192000
OH,West Alexandria,10,896000
OH,West Chester,169,29506000
OH,West Farmington,8,952000
OH,West Jefferson,53,9965000
OH,West Manchester,1,88000
OH,West Mansfield,1,120000
OH,West Milton,3,304000
OH,West Salem,22,3557000
OH,West Union,2,264000
OH,West Unity,8,1315000
OH,Westerville,211,30796000
OH,Westlake,62,10487000
OH,Weston,1,120000
OH,Whitehouse,1,96000
OH,Wickliffe,59,12438000
OH,Wilkesville,2,200000
OH,Willard,1,88000
OH,Williamsburg,11,1228000
OH,Williamstown,1,96000
OH,Williston,1,88000
OH,Willoughby,62,12743000
OH,Willoughby Hills,4,828000
OH,Willowick,1,96000
OH,Wilmington,108,22101000
OH,Winchester,2,240000
OH,Windham,10,1518000
OH,Windsor,4,504000
OH,Woodstock,1,144000
OH,Woodville,3,296000
OH,Wooster,17,1864000
OH,Worthington,5,432000
OH,Xenia,49,5683000
OH,Yellow Springs,4,480000
OH,Youngstown,149,25672000
OH,Zaleski,1,80000
OH,Zanesfield,2,216000
OH,Zanesville,89,18680000
OK,Adair,1,250000
OK,Arcadia,2,216000
OK,Ardmore,7,1331000
OK,Beggs,1,88000
OK,Bethany,20,2258000
OK,Bixby,13,864000
OK,Bristow,4,2434000
OK,Broken Arrow,106,9222000
OK,Caddo,2,396000
OK,Calera,1,96000
OK,Calumet,2,224000
OK,Carney,1,144000
OK,Catoosa,15,1672000
OK,Chandler,4,2344000
OK,Checotah,1,80000
OK,Chelsea,1,96000
OK,Chickasha,1,144000
OK,Choctaw,54,7240000
OK,Claremore,3,524000
OK,Cleveland,1,15000
OK,Clinton,1,80000
OK,Collinsville,2,200000
OK,Cordell,1,88000
OK,Coweta,3,247000
OK,Davis,4,1512000
OK,Del City,2,208000
OK,Depew,1,80000
OK,Edmond,357,38682000
OK,El Reno,20,4555000
OK,Enid,1,96000
OK,Eufaula,2,176000
OK,Fort Gibson,1,120000
OK,Fort Sill,1,300000
OK,Glenpool,2,160000
OK,Guthrie,22,5662000
OK,Henryetta,1,96000
OK,Hinton,2,1580000
OK,Hydro,5,544000
OK,Jenks,12,737000
OK,Jones,37,4633000
OK,Kiefer,1,144000
OK,Lawton,3,475000
OK,Leon,1,80000
OK,Lindsay,6,520000
OK,Lone Grove,1,88000
OK,Luther,18,1952000
OK,Marietta,5,1993000
OK,Maysville,1,96000
OK,McAlester,3,288000
OK,McLoud,6,506000
OK,Moore,19,2064000
OK,Muldrow,1,1500000
OK,Mulhall,2,525000
OK,Muskogee,2,232000
OK,Mustang,56,6340000
OK,Newalla,38,4838000
OK,Newcastle,2,106000
OK,Noble,1,144000
OK,Norman,24,6914000
OK,Oklahoma City,6573,740453000
OK,Okmulgee,3,320000
OK,Oktaha,1,96000
OK,Overbrook,2,1244000
OK,Owasso,9,730000
OK,Pauls Valley,2,370000
OK,Perry,1,250000
OK,Piedmont,6,656000
OK,Porter,1,144000
OK,Purcell,6,2540000
OK,Quapaw,1,96000
OK,Randlett,1,275000
OK,Roland,1,88000
OK,Sallisaw,1,300000
OK,Sand Springs,12,651000
OK,Sapulpa,7,1151000
OK,Sayre,1,120000
OK,Seminole,6,4320000
OK,Shawnee,8,4330000
OK,Skiatook,3,288000
OK,Smithville,1,18000
OK,Spencer,27,2464000
OK,Sperry,2,264000
OK,Springer,3,770000
OK,Stigler,1,120000
OK,Stillwater,3,256000
OK,Stroud,2,240000
OK,Talala,4,392000
OK,Tatums,2,200000
OK,Thackerville,1,450000
OK,Tonkawa,2,1811000
OK,Tulsa,7853,792353000
OK,Tuttle,1,88000
OK,Wagoner,3,304000
OK,Walters,2,184000
OK,Warner,1,450000
OK,Warr Acres,13,1304000
OK,Washington,3,975000
OK,Weatherford,1,80000
OK,Webbers Falls,1,96000
OK,Weleetka,4,1264000
OK,Wellston,3,320000
OK,Wewoka,1,144000
OK,Yukon,345,37684000
OR,Adair Village,1,96000
OR,Adams,62,7623000
OR,Adel,70,9684000
OR,Adrian,23,2648000
OR,Albany,671,88845000
OR,Alsea,45,8596000
OR,Amity,66,10500000
OR,Antelope,119,20052000
OR,Arch Cape,18,1872000
OR,Arlington,385,43865000
OR,Ashland,818,97206000
OR,Astoria,348,51267000
OR,Athena,22,2256000
OR,Aumsville,62,14980000
OR,Aurora,278,40630000
OR,Azalea,84,8808000
OR,Baker City,668,160351000
OR,Bandon,113,14620000
OR,Banks,155,20840000
OR,Bates,39,4304000
OR,Bay City,34,3880000
OR,Beatty,21,2296000
OR,Beavercreek,4,523000
OR,Beaverton,472,70408000
OR,Bend,1291,166250000
OR,Blachly,25,2704000
OR,Blodgett,44,9248000
OR,Blue River,391,63320000
OR,Boardman,178,20153000
OR,Bonanza,106,12984000
OR,Boring,131,27470000
OR,Bridal Veil,40,6621000
OR,Brightwood,8,1844000
OR,Broadbent,19,2136000
OR,Brogan,6,592000
OR,Brookings,173,20424000
OR,Brothers,145,15088000
OR,Brownsville,19,2092000
OR,Burns,222,30540000
OR,Butte Falls,23,2288000
OR,Buxton,59,7344000
OR,Camas Valley,67,7384000
OR,Camp Sherman,97,16728000
OR,Canby,73,12696000
OR,Cannon Beach,16,4072000
OR,Canyon City,37,3784000
OR,Canyonville,36,3960000
OR,Carlton,15,1600000
OR,Cascade Locks,283,55040000
OR,Cascadia,6,672000
OR,Cave Junction,143,14802000
OR,Central Point,321,40869000
OR,Chemult,174,20218000
OR,Cheshire,45,4920000
OR,Chiloquin,464,50788000
OR,Clackamas,387,49113000
OR,Clatskanie,196,27904000
OR,Cloverdale,137,21760000
OR,Colton,40,9204000
OR,Columbia City,7,736000
OR,Condon,33,3552000
OR,Coos Bay,294,31524000
OR,Coquille,169,19284000
OR,Corbett,214,36664000
OR,Cornelius,30,5708000
OR,Corvallis,193,28874000
OR,Cottage Grove,271,33722000
OR,Cove,21,2096000
OR,Crabtree,2,288000
OR,Crawfordsville,4,528000
OR,Crescent,98,11264000
OR,Crescent Lake,38,4112000
OR,Creswell,145,15267000
OR,Culver,134,15839000
OR,Dairy,18,2016000
OR,Dallas,172,25596000
OR,Damascus,203,43035000
OR,Dayton,193,36096000
OR,Dayville,8,760000
OR,Deadwood,21,2120000
OR,Deer Island,29,3232000
OR,Depoe Bay,78,8456000
OR,Detroit,119,13514000
OR,Dexter,48,4928000
OR,Dorena,1,96000
OR,Drain,78,7866000
OR,Drewsey,55,5888000
OR,Dufur,48,6784000
OR,Dundee,97,15064000
OR,Durkee,23,5612000
OR,Eagle Creek,69,12128000
OR,Eagle Point,239,30002000
OR,East Linn,3,256000
OR,Echo,165,19326000
OR,Eddyville,58,7700000
OR,Elgin,136,26402000
OR,Elkton,81,8184000
OR,Elmira,2,264000
OR,Enterprise,99,11460000
OR,Estacada,86,26488000
OR,Eugene,1001,123984000
OR,Fairview,66,9411000
OR,Fields,2,216000
OR,Florence,208,23140000
OR,Forest Grove,113,23386000
OR,Fort Klamath,13,1344000
OR,Fort Rock,14,1600000
OR,Fossil,38,4040000
OR,Foster,48,4952000
OR,Frenchglen,7,736000
OR,Gales Creek,79,13988000
OR,Gardiner,68,8776000
OR,Garibaldi,10,960000
OR,Gaston,40,5288000
OR,Gates,64,14230000
OR,Gervais,106,16559000
OR,Gilchrist,170,19608000
OR,Gladstone,78,12539000
OR,Glendale,92,11107000
OR,Gleneden Beach,16,4728000
OR,Glide,79,12224000
OR,Gold Beach,127,16420000
OR,Gold Hill,221,27618000
OR,Government Camp,282,44448000
OR,Grand Ronde,151,19016000
OR,Grants Pass,715,82127000
OR,Grass Valley,66,9560000
OR,Gresham,28,5540000
OR,Haines,99,32380000
OR,Halfway,15,1472000
OR,Halsey,135,17046000
OR,Hammond,2,176000
OR,Happy Valley,224,31079000
OR,Harper,96,9808000
OR,Harrisburg,138,18783000
OR,Hebo,50,6263000
OR,Helix,43,7704000
OR,Heppner,57,5912000
OR,Hereford,32,6752000
OR,Hermiston,306,37351000
OR,Hillsboro,273,59094000
OR,Hines,66,8008000
OR,Hood River,340,42355000
OR,Hubbard,134,19887000
OR,Huntington,736,155421000
OR,Idanha,55,5800000
OR,Idleyld Park,165,26396000
OR,Imbler,17,2852000
OR,Independence,108,15887000
OR,Ione,13,2424000
OR,Ironside,19,1880000
OR,Irrigon,133,15312000
OR,Jacksonville,112,11716000
OR,Jamieson,4,408000
OR,Jefferson,206,23968000
OR,John Day,102,12492000
OR,Jordan Valley,421,49208000
OR,Joseph,40,4040000
OR,Junction City,134,32972000
OR,Juntura,115,13364000
OR,Keizer,1,120000
OR,Keno,64,7052000
OR,Kent,26,2832000
OR,Kerby,62,6426000
OR,Kimberly,19,1896000
OR,Klamath Falls,889,106730000
OR,La Grande,1075,175689000
OR,La Pine,393,60023000
OR,Lafayette,7,720000
OR,Lake Oswego,145,22786000
OR,Lakeside,4,408000
OR,Lakeview,245,27088000
OR,Langlois,22,2384000
OR,Lebanon,149,20256000
OR,Lexington,44,5776000
OR,Lincoln City,108,12544000
OR,Long Creek,68,6936000
OR,Lostine,13,1472000
OR,Lowell,64,7058000
OR,Lyons,41,4296000
OR,Madras,436,59712000
OR,Malin,18,1904000
OR,Manning,12,3724000
OR,Manzanita,2,168000
OR,Mapleton,98,11756000
OR,Maupin,377,71995000
OR,McDermitt,34,3384000
OR,Mckenzie Bridge,8,824000
OR,McMinnville,256,41088000
OR,Meacham,208,29560000
OR,Medford,352,40909000
OR,Merrill,36,3856000
OR,Midland,1,144000
OR,Mill City,19,2072000
OR,Milton Freewater,108,16720000
OR,Milton-Freewater,1,96000
OR,Mitchell,114,15496000
OR,Molalla,124,17552000
OR,Monmouth,108,16232000
OR,Monroe,26,7908000
OR,Moro,71,7400000
OR,Mosier,42,4599000
OR,Mount Angel,33,4876000
OR,Mount Hood Parkdale,116,17108000
OR,Mount Vernon,17,1952000
OR,Mulino,38,8592000
OR,Murphy,4,440000
OR,Myrtle Creek,210,24866000
OR,Myrtle Point,90,13320000
OR,Nehalem,75,11108000
OR,Neotsu,1,80000
OR,Neskowin,67,7672000
OR,New Pine Creek,6,520000
OR,Newberg,183,23300000
OR,Newport,144,16216000
OR,North Bayside,6,680000
OR,North Bend,154,16216000
OR,North Plains,9,3516000
OR,North Powder,330,55214000
OR,Noti,60,8960000
OR,Nyssa,64,7288000
OR,O Brien,22,2280000
OR,Oakland,194,22879000
OR,Oakridge,183,25000000
OR,Obrien,1,11000
OR,Ontario,344,62400000
OR,Oregon City,482,91649000
OR,Otis,184,30360000
OR,Otter Rock,16,1752000
OR,Oxbow,7,720000
OR,Paisley,30,3256000
OR,Paulina,6,576000
OR,Pendleton,1976,297138000
OR,Philomath,82,10395000
OR,Phoenix,34,3704000
OR,Pilot Rock,68,7888000
OR,Pleasant Hill,34,3640000
OR,Plush,2,216000
OR,Port Orford,70,7040000
OR,Portland,8856,1278565000
OR,Post,7,808000
OR,Powell Butte,142,23300000
OR,Powers,5,600000
OR,Prairie City,67,8036000
OR,Princeton,18,1976000
OR,Prineville,224,28944000
OR,Prospect,99,10592000
OR,Rainier,148,17706000
OR,Redmond,535,74671000
OR,Reedsport,145,16320000
OR,Rhododendron,26,5400000
OR,Richland,60,7580000
OR,Rickreall,76,13804000
OR,Riddle,88,11280000
OR,Riley,57,5976000
OR,Riverside,26,2760000
OR,Rockaway Beach,51,5336000
OR,Rogue River,25,2616000
OR,Roseburg,469,55864000
OR,Saint Helens,42,4219000
OR,Saint Paul,61,8888000
OR,Salem,1093,147396000
OR,Sandy,112,16203000
OR,Scappoose,87,11276000
OR,Scio,55,6656000
OR,Scottsburg,61,6384000
OR,Seal Rock,56,11550000
OR,Seaside,473,56432000
OR,Selma,87,14280000
OR,Seneca,27,2856000
OR,Shady Cove,27,3640000
OR,Shaniko,136,24626000
OR,Shedd,58,6320000
OR,Sheridan,137,18944000
OR,Sherwood,77,8354000
OR,Siletz,63,6624000
OR,Silver Lake,108,14952000
OR,Silverton,114,26212000
OR,Sisters,188,24800000
OR,Sixes,14,1576000
OR,South Beach,37,3968000
OR,Sprague River,3,296000
OR,Spray,30,3280000
OR,Springfield,297,40016000
OR,Stanfield,131,20515000
OR,Stayton,70,10664000
OR,Sublimity,52,9312000
OR,Summer Lake,25,2704000
OR,Summerville,6,656000
OR,Sumpter,54,5792000
OR,Sutherlin,71,8100000
OR,Sweet Home,62,8148000
OR,Swisshome,25,2680000
OR,Talent,104,13019000
OR,Tangent,101,10656000
OR,Tenmile,19,2032000
OR,Terrebonne,78,10397000
OR,The Dalles,626,76100000
OR,Tidewater,31,3376000
OR,Tillamook,278,47976000
OR,Tiller,22,2168000
OR,Timber,62,9960000
OR,Toledo,122,12728000
OR,Tolovana Park,2,160000
OR,Trail,38,4128000
OR,Troutdale,136,24750000
OR,Tualatin,399,51075000
OR,Turner,19,2072000
OR,Tygh Valley,6,536000
OR,Umatilla,120,16392000
OR,Union,264,39657000
OR,Unity,45,9496000
OR,Unknown,2,184000
OR,Vale,262,34805000
OR,Veneta,58,7152000
OR,Vernonia,95,15394000
OR,Vida,105,14992000
OR,Waldport,91,9316000
OR,Wallowa,73,8664000
OR,Walterville,44,4408000
OR,Walton,105,11376000
OR,Warm Springs,44,9020000
OR,Warren,34,4824000
OR,Warrenton,166,22410000
OR,Wasco,283,34860000
OR,Welches,23,4080000
OR,West Linn,303,39926000
OR,Westfir,73,10206000
OR,Westlake,12,1136000
OR,Weston,231,82388000
OR,Wheeler,4,408000
OR,White City,138,14024000
OR,Wilderville,105,12708000
OR,Willamina,62,6416000
OR,Wilsonville,228,33461000
OR,Winchester,8,840000
OR,Winston,44,4472000
OR,Wolf Creek,353,44383000
OR,Wood Village,3,288000
OR,Woodburn,280,39701000
OR,Yachats,31,4340000
OR,Yamhill,51,7412000
OR,Yoncalla,94,10554000
PA,Aaronsburg,12,1240000
PA,Abbottstown,46,11996000
PA,Abington,461,48912000
PA,Acme,31,3922000
PA,Acosta,2,224000
PA,Adah,5,2904000
PA,Adamsburg,7,6784000
PA,Addison,27,2896000
PA,Airville,21,7148000
PA,Akron,13,1304000
PA,Albion,20,12528000
PA,Albrightsville,7,1708000
PA,Alburtis,1,88000
PA,Aldan,8,848000
PA,Alexandria,68,7064000
PA,Aliquippa,42,10791000
PA,Allensville,13,1480000
PA,Allentown,1099,180574000
PA,Allenwood,106,17832000
PA,Allison Park,31,8581000
PA,Allport,9,960000
PA,Altoona,869,119246000
PA,Alum Bank,65,9913000
PA,Alverda,1,1500000
PA,Alverton,4,3564000
PA,Ambler,650,71959000
PA,Ambridge,24,11104000
PA,Amity,5,1752000
PA,Analomink,1,144000
PA,Andreas,3,272000
PA,Anita,2,264000
PA,Annville,203,55004000
PA,Apollo,98,30076000
PA,Archbald,12,1368000
PA,Ardara,5,3228000
PA,Ardmore,162,18334000
PA,Armagh,2,288000
PA,Armbrust,1,96000
PA,Arona,8,1968000
PA,Ashland,86,19251000
PA,Ashley,1,120000
PA,Ashville,49,4904000
PA,Aspers,25,4617000
PA,Aspinwall,2,288000
PA,Aston,175,32044000
PA,Atglen,36,3832000
PA,Athens,18,3664000
PA,Auburn,9,4260000
PA,Austin,10,3068000
PA,Avella,21,7672000
PA,Avis,11,1088000
PA,Avondale,108,13592000
PA,Avonmore,16,5172000
PA,Baden,9,6404000
PA,Bainbridge,26,3735000
PA,Bala Cynwyd,668,93420000
PA,Bangor,17,5168000
PA,Barnesville,93,24808000
PA,Barto,26,4630000
PA,Bartonsville,17,2991000
PA,Bath,13,6912000
PA,Beach Lake,2,216000
PA,Beallsville,8,3984000
PA,Bear Creek Township,8,4567000
PA,Bear Lake,2,200000
PA,Beaver,13,4530000
PA,Beaver Falls,79,21110000
PA,Beaver Springs,67,19489000
PA,Beaverdale,3,304000
PA,Beavertown,31,9416000
PA,Beccaria,2,240000
PA,Bechtelsville,15,3876000
PA,Bedford,316,63197000
PA,Beech Creek,71,14799000
PA,Belle Vernon,136,24627000
PA,Bellefonte,639,113506000
PA,Belleville,88,19912000
PA,Bellwood,36,4275000
PA,Belmont Hills,1,144000
PA,Belsano,5,464000
PA,Bendersville,1,80000
PA,Benezett,5,528000
PA,Bensalem,498,89808000
PA,Bentleyville,50,11171000
PA,Benton,86,15347000
PA,Berlin,202,33706000
PA,Bernville,100,30234000
PA,Berwick,149,26775000
PA,Berwyn,193,22818000
PA,Bessemer,2,288000
PA,Bethel,113,20978000
PA,Bethel Park,6,1996000
PA,Bethlehem,811,129248000
PA,Big Cove Tannery,8,832000
PA,Big Run,25,4980000
PA,Biglerville,48,9537000
PA,Bird in Hand,64,10216000
PA,Birdsboro,110,20374000
PA,Blairs Mills,6,584000
PA,Blairsville,111,39320000
PA,Blakeslee,14,1960000
PA,Blanchard,1,144000
PA,Blandburg,7,712000
PA,Blandon,15,7988000
PA,Bloomsburg,458,68817000
PA,Blossburg,40,4440000
PA,Blue Bell,331,41990000
PA,Blue Ridge Summit,1,1000000
PA,Boalsburg,159,41758000
PA,Boiling Springs,3,275000
PA,Bolivar,2,240000
PA,Boswell,108,19333000
PA,Bowmanstown,1,144000
PA,Boyertown,21,3160000
PA,Brackenridge,1,1000000
PA,Braddock,7,3096000
PA,Bradenville,15,7964000
PA,Bradford,268,32875000
PA,Brandamore,1,120000
PA,Breezewood,163,29116000
PA,Breinigsville,94,23996000
PA,Bridgeport,146,18247000
PA,Bridgeville,140,25220000
PA,Brisbin,1,88000
PA,Bristol,133,26078000
PA,Broad Top,7,848000
PA,Brockport,54,8242000
PA,Brockway,55,10784000
PA,Brodheadsville,9,5828000
PA,Brogue,26,9952000
PA,Brookhaven,55,6804000
PA,Brookline,5,560000
PA,Brookville,322,55472000
PA,Broomall,137,28636000
PA,Brownstown,12,1330000
PA,Brownsville,10,2532000
PA,Bryn Athyn,10,1080000
PA,Bryn Mawr,196,21470000
PA,Buena Vista,1,144000
PA,Buffalo Mills,2,240000
PA,Bulger,15,5602000
PA,Burgettstown,27,16560000
PA,Burnham,18,2024000
PA,Burnside,1,120000
PA,Burnt Cabins,23,5330000
PA,Bushkill,13,1432000
PA,Butler,42,20460000
PA,Byrnedale,5,656000
PA,Cabot,2,1288000
PA,Cairnbrook,29,3088000
PA,California,2,176000
PA,Calvin,2,444000
PA,Cambridge Springs,15,6624000
PA,Cammal,3,304000
PA,Camp Hill,261,37429000
PA,Canadensis,3,368000
PA,Canonsburg,156,53200000
PA,Canton,36,9876000
PA,Carbondale,32,8632000
PA,Carlisle,735,157819000
PA,Carlton,2,1144000
PA,Carmichaels,6,2740000
PA,Carnegie,282,46728000
PA,Carrolltown,97,13682000
PA,Cassville,4,408000
PA,Catasauqua,4,1360000
PA,Catawissa,90,15867000
PA,Cedar Run,3,256000
PA,Center Valley,129,27506000
PA,Centerville,10,8232000
PA,Central City,66,11468000
PA,Centre Hall,196,50096000
PA,Chadds Ford,126,24276000
PA,Chalfont,39,4788000
PA,Chambersburg,435,103089000
PA,Champion,9,808000
PA,Charleroi,73,20194000
PA,Cheltenham,102,10401000
PA,Cherry Tree,20,7428000
PA,Cherryville,1,96000
PA,Chester,602,117545000
PA,Chester Springs,168,18882000
PA,Cheswick,14,1331000
PA,Cheyney,4,528000
PA,Christiana,32,6540000
PA,Clairton,79,27237000
PA,Clarence,6,608000
PA,Clarendon,7,4656000
PA,Clarion,151,26002000
PA,Clarks Mills,3,2820000
PA,Clarks Summit,44,8187000
PA,Clarksburg,2,1244000
PA,Clarksville,3,384000
PA,Claysburg,56,8832000
PA,Claysville,65,22009000
PA,Clearfield,532,99697000
PA,Clearville,11,1184000
PA,Cleona,11,3576000
PA,Clifton Heights,29,2976000
PA,Clinton,18,6760000
PA,Clymer,17,14516000
PA,Coal Center,9,888000
PA,Coal Township,65,14396000
PA,Coal Twp,9,864000
PA,Coalport,67,21224000
PA,Coatesville,715,106251000
PA,Cochranton,10,4228000
PA,Cochranville,62,11980000
PA,Cocolamus,14,1352000
PA,Cogan Station,63,7112000
PA,Cokeburg,1,88000
PA,Collegeville,564,77692000
PA,Collingdale,1,96000
PA,Colmar,128,19143000
PA,Columbia,486,83063000
PA,Columbia Cross Roads,9,2576000
PA,Columbus,8,5712000
PA,Colver,2,184000
PA,Commodore,8,3512000
PA,Concord,3,1400000
PA,Conestoga,13,1528000
PA,Confluence,63,10535000
PA,Conneaut Lake,4,440000
PA,Connellsville,45,23060000
PA,Conshohocken,1287,186534000
PA,Conway,7,4424000
PA,Cooksburg,3,296000
PA,Coolspring,3,360000
PA,Coopersburg,119,27707000
PA,Cooperstown,2,1280000
PA,Coral,1,80000
PA,Coraopolis,152,38671000
PA,Corry,26,15072000
PA,Corsica,100,22302000
PA,Coudersport,72,10614000
PA,Covington,20,1984000
PA,Covington Township,2,1188000
PA,Cowansville,3,1284000
PA,Crabtree,4,1432000
PA,Cranberry,28,9116000
PA,Cranberry Township,46,11126000
PA,Cranberry Twp,34,10940000
PA,Cranesville,2,1920000
PA,Creekside,4,3176000
PA,Creighton,9,1840000
PA,Crescent,8,2924000
PA,Cresco,9,3228000
PA,Cresson,70,15092000
PA,Cressona,6,3664000
PA,Crosby,2,216000
PA,Cross Fork,3,272000
PA,Crown,3,376000
PA,Croydon,6,624000
PA,Crum Lynne,110,17317000
PA,Crystal Spring,60,8796000
PA,Curwensville,88,14477000
PA,Custer City,7,688000
PA,Cyclone,27,6524000
PA,Dallas,7,2776000
PA,Dallastown,61,6394000
PA,Dalmatia,33,5412000
PA,Dalton,16,6326000
PA,Danielsville,4,1520000
PA,Danville,366,54821000
PA,Darby,67,6884000
PA,Darragh,2,160000
PA,Dauphin,105,22288000
PA,Davidsville,37,3920000
PA,Dawson,5,1540000
PA,Dayton,1,144000
PA,De Lancey,1,144000
PA,Delano,13,1400000
PA,Delaware Water Gap,30,7411000
PA,Delmont,38,8924000
PA,Delta,38,5390000
PA,Denver,263,48371000
PA,Derrick City,30,5482000
PA,Derry,18,5440000
PA,Devon,68,7166000
PA,Dillsburg,216,32642000
PA,Dingmans Ferry,46,5104000
PA,Donegal,65,18218000
PA,Dornsife,15,2808000
PA,Douglassville,56,11232000
PA,Dover,127,15471000
PA,Downingtown,817,102826000
PA,Doylesburg,12,5492000
PA,Doylestown,54,19556000
PA,Dravosburg,21,7406000
PA,Dresher,128,13409000
PA,Drexel Hill,88,11360000
PA,Drifting,4,480000
PA,Driftwood,15,2440000
PA,Drumore,6,632000
PA,Drums,148,38470000
PA,Dry Run,3,1416000
PA,Du Bois,302,43190000
PA,Dubois,93,15110000
PA,Dudley,8,888000
PA,Duke Center,35,5012000
PA,Dunbar,12,6040000
PA,Duncannon,232,63854000
PA,Duncansville,346,49422000
PA,Dunmore,1,80000
PA,Duquesne,37,12764000
PA,Dushore,86,21487000
PA,Dysart,37,12140000
PA,Eagles Mere,4,400000
PA,Eagleville,2,224000
PA,East Berlin,107,22432000
PA,East Brady,2,224000
PA,East Earl,91,12951000
PA,East Freedom,127,17841000
PA,East Greenville,52,5280000
PA,East Mc Keesport,10,3191000
PA,East Millsboro,1,80000
PA,East Norriton,3,344000
PA,East Petersburg,36,5274000
PA,East Pittsburgh,17,5340000
PA,East Smithfield,2,1588000
PA,East Springfield,3,3444000
PA,East Stroudsburg,119,20807000
PA,East Waterford,16,3060000
PA,Easton,398,75959000
PA,Ebensburg,247,37803000
PA,Eddystone,1,88000
PA,Edinboro,26,8014000
PA,Edinburg,35,9680000
PA,Effort,4,2168000
PA,Eighty Four,53,15870000
PA,Eldred,43,5009000
PA,Elizabeth,20,7567000
PA,Elizabethtown,475,82901000
PA,Elizabethville,9,944000
PA,Elkins Park,590,62608000
PA,Elkland,16,3828000
PA,Elliottsburg,27,6510000
PA,Ellsworth,1,1800000
PA,Ellwood City,75,15248000
PA,Elmhurst Township,4,1080000
PA,Elmora,9,896000
PA,Elrama,2,1880000
PA,Elverson,75,8363000
PA,Elysburg,81,19505000
PA,Emlenton,133,38707000
PA,Emmaus,42,8742000
PA,Emporium,39,5792000
PA,Enola,140,26667000
PA,Enon Valley,24,8390000
PA,Ephrata,710,96295000
PA,Erie,223,58767000
PA,Erwinna,1,120000
PA,Essington,263,44927000
PA,Etters,119,18692000
PA,Evans City,6,2932000
PA,Everett,155,26289000
PA,Export,68,15904000
PA,Exton,637,89067000
PA,Factoryville,14,3514000
PA,Fairfield,72,10374000
PA,Fairhope,5,432000
PA,Fairless Hills,11,2516000
PA,Fairmount City,31,6240000
PA,Fairview,26,10301000
PA,Fallentimber,36,3904000
PA,Falls Creek,53,8239000
PA,Fannettsburg,2,176000
PA,Farmington,8,1788000
PA,Fawn Grove,6,482000
PA,Fayette City,7,1664000
PA,Fayetteville,30,6980000
PA,Feasterville Trevose,136,22953000
PA,Feasterville-Trevose,70,14569000
PA,Felton,19,2891000
PA,Fenelton,3,1976000
PA,Finleyville,27,11460000
PA,Fishertown,4,336000
PA,Fleetwood,69,21232000
PA,Fleming,3,352000
PA,Flinton,9,840000
PA,Flourtown,108,11664000
PA,Fogelsville,47,9391000
PA,Folcroft,25,2680000
PA,Folsom,37,6036000
PA,Fombell,6,1704000
PA,Force,4,424000
PA,Ford City,3,1260000
PA,Forest City,7,3012000
PA,Forksville,19,4572000
PA,Fort Hill,5,472000
PA,Fort Littleton,42,9910000
PA,Fort Loudon,13,4312000
PA,Fort Washington,500,81382000
PA,Foxburg,2,184000
PA,Frackville,32,10487000
PA,Franklin,70,41284000
PA,Franklintown,1,144000
PA,Frederick,11,1056000
PA,Fredericksburg,113,31621000
PA,Fredericktown,7,2180000
PA,Fredonia,10,4276000
PA,Freeburg,13,1392000
PA,Freedom,10,6656000
PA,Freeland,11,1275000
PA,Freeport,6,1716000
PA,Frenchville,21,2456000
PA,Friedens,49,7295000
PA,Friendsville,6,4684000
PA,Fryburg,5,624000
PA,Furlong,3,1488000
PA,Gaines,20,3136000
PA,Galeton,32,6208000
PA,Gallitzin,50,7372000
PA,Gap,162,42338000
PA,Gardners,60,20519000
PA,Garnet Valley,14,1424000
PA,Garrett,24,6244000
PA,Genesee,16,1696000
PA,Georgetown,8,5252000
PA,German Twp,1,1800000
PA,Gettysburg,399,60802000
PA,Gibsonia,46,14856000
PA,Gifford,11,3224000
PA,Gilbert,4,2892000
PA,Gilberton,2,1344000
PA,Gilbertsville,181,18167000
PA,Gillett,6,592000
PA,Girard,89,21212000
PA,Gladwyne,252,33156000
PA,Glasgow,1,96000
PA,Glassport,3,288000
PA,Glen Campbell,10,1008000
PA,Glen Hope,6,608000
PA,Glen Mills,135,26584000
PA,Glen Richey,3,352000
PA,Glen Rock,136,20016000
PA,Glenmoore,134,26234000
PA,Glenolden,53,5312000
PA,Glenshaw,3,1340000
PA,Glenside,420,45458000
PA,Glenville,22,6596000
PA,Gordonville,78,14787000
PA,Gouldsboro,35,8762000
PA,Grampian,58,8744000
PA,Grantville,276,45946000
PA,Granville,1,120000
PA,Granville Summit,8,4216000
PA,Grassflat,53,8693000
PA,Graysville,16,9924000
PA,Great Bend,16,2118000
PA,Greeley,13,1280000
PA,Green Lane,111,12606000
PA,Greencastle,126,29937000
PA,Greensboro,14,8544000
PA,Greensburg,487,144158000
PA,Greentown,92,11816000
PA,Greenville,7,3714000
PA,Grindstone,1,80000
PA,Grove City,48,20411000
PA,Gulph Mills,1,88000
PA,Hadley,6,2740000
PA,Halifax,100,31302000
PA,Hallam,5,496000
PA,Hallstead,22,4970000
PA,Hamburg,234,71465000
PA,Hanover,556,90695000
PA,Hanover Township,2,224000
PA,Harborcreek,17,7940000
PA,Harford,15,2790000
PA,Harleysville,442,60107000
PA,Harmony,26,7490000
PA,Harrisburg,1860,382981000
PA,Harrison City,20,3656000
PA,Harrison Valley,9,2004000
PA,Harrisonville,34,3800000
PA,Harrisville,77,23220000
PA,Hartleton,2,224000
PA,Harveys Lake,3,360000
PA,Harwick,1,1100000
PA,Hastings,12,2216000
PA,Hatboro,359,41699000
PA,Hatfield,423,48914000
PA,Haverford,81,8834000
PA,Havertown,93,9392000
PA,Hawk Run,6,624000
PA,Hawley,95,19014000
PA,Hawthorn,4,1356000
PA,Hazle Township,6,1704000
PA,Hazleton,71,13839000
PA,Hegins,1,144000
PA,Heilwood,4,3500000
PA,Hellam,1,96000
PA,Hellertown,109,19854000
PA,Henryville,2,240000
PA,Hereford,2,1344000
PA,Herminie,5,512000
PA,Hermitage,2,1620000
PA,Herndon,33,11576000
PA,Hershey,38,14164000
PA,Hesston,10,5164000
PA,Hickory,16,9312000
PA,Highspire,14,5464000
PA,Hillsgrove,4,408000
PA,Holbrook,1,96000
PA,Hollidaysburg,169,29789000
PA,Hollsopple,75,11232000
PA,Holmes,10,1000000
PA,Holtwood,29,10056000
PA,Home,3,239000
PA,Homer City,27,10876000
PA,Homestead,28,12048000
PA,Honesdale,9,880000
PA,Honey Brook,94,12498000
PA,Honey Grove,30,6924000
PA,Hookstown,1,1200000
PA,Hooversville,30,2831000
PA,Hop Bottom,2,224000
PA,Hopewell,55,9636000
PA,Hopwood,4,1420000
PA,Horsham,318,32940000
PA,Houston,10,4496000
PA,Houtzdale,62,10632000
PA,Howard,269,40320000
PA,Hughesville,149,33634000
PA,Hummelstown,53,21506000
PA,Hunker,33,10113000
PA,Hunlock Creek,2,1880000
PA,Huntingdon,248,31226000
PA,Huntingdon Valley,767,89418000
PA,Hustontown,32,3440000
PA,Hyndman,27,4212000
PA,Ickesburg,15,9300000
PA,Imler,33,7546000
PA,Immaculata,1,96000
PA,Imperial,31,6037000
PA,Indian Head,2,176000
PA,Indiana,34,14448000
PA,Indianola,1,10000
PA,Industry,4,448000
PA,Intercourse,5,520000
PA,Irvona,17,1656000
PA,Irwin,259,81749000
PA,Jackson,1,80000
PA,Jackson Center,8,3476000
PA,Jacobus,2,240000
PA,James City,13,2228000
PA,James Creek,53,9384000
PA,Jeannette,134,45504000
PA,Jefferson,5,2280000
PA,Jefferson Township,2,1296000
PA,Jenkintown,445,48052000
PA,Jenners,8,728000
PA,Jennerstown,4,360000
PA,Jermyn,30,9868000
PA,Jersey Shore,204,27397000
PA,Jessup,4,408000
PA,Jim Thorpe,39,9256000
PA,Johnsonburg,55,15587000
PA,Johnstown,935,143917000
PA,Jones Mills,5,1648000
PA,Jonestown,257,56763000
PA,Julian,43,5495000
PA,Kane,244,47712000
PA,Karns City,2,240000
PA,Karthaus,28,3844000
PA,Kempton,2,184000
PA,Kennerdell,2,1580000
PA,Kennett Square,311,36070000
PA,Kent,2,1280000
PA,Kersey,80,11062000
PA,King of Prussia,1478,213898000
PA,Kingsley,28,5370000
PA,Kingston,6,696000
PA,Kinzers,94,26309000
PA,Kirkwood,26,4488000
PA,Kittanning,50,19972000
PA,Klingerstown,1,96000
PA,Knox,111,16994000
PA,Knoxville,27,5080000
PA,Koppel,3,1440000
PA,Kossuth,1,96000
PA,Kresgeville,6,4212000
PA,Kulpmont,8,824000
PA,Kulpsville,40,7321000
PA,Kunkletown,9,2888000
PA,Kutztown,160,27058000
PA,La Jose,26,3863000
PA,Laceyville,23,10708000
PA,Lackawaxen,11,1288000
PA,Lafayette Hill,163,18688000
PA,Lairdsville,6,528000
PA,Lake Ariel,45,14969000
PA,Lake City,4,1504000
PA,Lake Harmony,63,15041000
PA,Lake Lynn,6,616000
PA,Lakewood,4,360000
PA,Lancaster,4211,517866000
PA,Landenberg,59,6120000
PA,Landisburg,17,4000000
PA,Landisville,60,6584000
PA,Langhorne,256,60017000
PA,Lansdale,785,89691000
PA,Lansdowne,141,15304000
PA,Lanse,2,176000
PA,Lansford,2,224000
PA,Laporte,1,88000
PA,Larimer,2,176000
PA,Latrobe,169,55382000
PA,Laughlintown,15,1616000
PA,Laurel Run,17,5796000
PA,Lawrence,1,96000
PA,Lawrenceville,49,8500000
PA,Lawton,11,7492000
PA,Le Raysville,1,120000
PA,Lebanon,197,48525000
PA,Leck Kill,4,376000
PA,Leechburg,30,7268000
PA,Leeper,32,7132000
PA,Leesport,25,5132000
PA,Leetsdale,11,3096000
PA,Lehighton,92,32079000
PA,Lemont Furnace,4,440000
PA,Lemoyne,349,64836000
PA,Lenhartsville,256,56233000
PA,Leola,239,32975000
PA,Levittown,29,6696000
PA,Lewis Run,88,15580000
PA,Lewisberry,130,20469000
PA,Lewisburg,291,56533000
PA,Lewistown,393,66132000
PA,Liberty,85,12944000
PA,Lickingville,9,1908000
PA,Ligonier,103,25301000
PA,Lilly,39,5340000
PA,Limestone,2,1596000
PA,Lincoln University,27,2936000
PA,Linden,67,10595000
PA,Line Lexington,14,4026000
PA,Linesville,10,6372000
PA,Linfield,5,448000
PA,Lititz,545,85008000
PA,Littlestown,123,21553000
PA,Liverpool,86,23269000
PA,Lock Haven,229,41084000
PA,Locust Gap,6,2764000
PA,Loganton,262,47935000
PA,Long Pond,39,6102000
PA,Lopez,5,536000
PA,Loretto,54,12399000
PA,Lower Merion,2,240000
PA,Loyalhanna,4,1764000
PA,Loysburg,1,80000
PA,Loysville,18,4248000
PA,Lucinda,31,5140000
PA,Ludlow,4,3264000
PA,Lurgan,11,2036000
PA,Luthersburg,29,2944000
PA,Luzerne,1,144000
PA,Lykens,5,544000
PA,Macungie,1,88000
PA,Madera,11,2800000
PA,Madisonburg,33,15188000
PA,Mahaffey,72,13788000
PA,Mahanoy City,15,1659000
PA,Mainesburg,27,5160000
PA,Malvern,637,85623000
PA,Manchester,51,9768000
PA,Manheim,589,108710000
PA,Manns Choice,98,14459000
PA,Manor,7,4556000
PA,Mansfield,148,22910000
PA,Mapleton Depot,55,11983000
PA,Marble,3,344000
PA,Marcus Hook,302,50382000
PA,Marianna,7,3956000
PA,Marienville,12,4500000
PA,Marietta,91,10874000
PA,Marion Center,4,440000
PA,Markleton,10,912000
PA,Markleysburg,12,7644000
PA,Mars,33,8156000
PA,Martinsburg,83,13103000
PA,Marysville,49,17521000
PA,Masontown,4,1296000
PA,Matamoras,31,3532000
PA,Mayport,16,1664000
PA,Maytown,6,619000
PA,Mc Alisterville,53,12456000
PA,Mc Clellandtown,13,4552000
PA,Mc Clure,53,11207000
PA,Mc Connellsburg,93,14400000
PA,Mc Donald,9,2091000
PA,Mc Kean,6,1381000
PA,Mc Kees Rocks,48,14880000
PA,Mc Sherrystown,15,1688000
PA,Mc Veytown,73,11452000
PA,McAdoo,46,9413000
PA,McAlisterville,15,2496000
PA,McClure,9,2664000
PA,McConnellsburg,15,2980000
PA,McDonald,7,704000
PA,McEwensville,2,288000
PA,McKean,17,1760000
PA,McKees Rocks,23,8398000
PA,McKeesport,61,15201000
PA,McSherrystown,2,232000
PA,McVeytown,19,5416000
PA,Meadville,15,8823000
PA,Mechanicsburg,465,96102000
PA,Media,229,40466000
PA,Melcroft,5,1884000
PA,Mercer,119,46026000
PA,Mercersburg,17,2820000
PA,Merion Station,103,10552000
PA,Mertztown,8,1696000
PA,Meshoppen,15,7880000
PA,Meyersdale,100,17811000
PA,Middleburg,168,28533000
PA,Middlebury Center,31,5764000
PA,Middletown,251,65905000
PA,Midland,11,3544000
PA,Mifflin,36,6712000
PA,Mifflinburg,212,44240000
PA,Mifflintown,196,29132000
PA,Mifflinville,6,608000
PA,Milan,21,7632000
PA,Milanville,11,6268000
PA,Mildred,8,952000
PA,Milesburg,4,472000
PA,Milford,121,19583000
PA,Mill Creek,40,6048000
PA,Mill Hall,275,56106000
PA,Mill Run,6,568000
PA,Millersburg,12,4624000
PA,Millerstown,69,19324000
PA,Millersville,43,4217000
PA,Millerton,30,3152000
PA,Millheim,28,5991000
PA,Millmont,38,5026000
PA,Mills,9,3328000
PA,Millville,52,8680000
PA,Milroy,83,11360000
PA,Milton,269,52501000
PA,Mineral Point,28,3752000
PA,Mineral Springs,1,80000
PA,Mohnton,33,4896000
PA,Monaca,9,5124000
PA,Monessen,7,680000
PA,Monongahela,27,9826000
PA,Monroe,2,208000
PA,Monroe Township,5,2772000
PA,Monroeton,13,4184000
PA,Monroeville,219,37650000
PA,Mont Clare,21,2144000
PA,Montandon,10,3744000
PA,Montgomery,110,20216000
PA,Montgomeryville,232,28796000
PA,Montoursville,182,31445000
PA,Montrose,92,47852000
PA,Moosic,96,27149000
PA,Morann,3,320000
PA,Morgantown,185,39343000
PA,Morris,31,10848000
PA,Morrisdale,165,42130000
PA,Morrisville,172,35279000
PA,Morton,25,2632000
PA,Moscow,146,31633000
PA,Moshannon,8,736000
PA,Mount Bethel,13,5844000
PA,Mount Carmel,58,15836000
PA,Mount Gretna,14,5328000
PA,Mount Holly Springs,3,2896000
PA,Mount Jewett,38,6628000
PA,Mount Joy,179,25117000
PA,Mount Morris,16,5694000
PA,Mount Pleasant,109,40328000
PA,Mount Pleasant Mills,53,11236000
PA,Mount Pocono,7,760000
PA,Mount Union,56,9502000
PA,Mount Washington,1,120000
PA,Mount Wolf,31,11040000
PA,Mountain Top,115,22891000
PA,Mountville,123,19501000
PA,Mt Bethel,2,1644000
PA,Mt Carmel,21,2144000
PA,Mt Holly Springs,3,312000
PA,Mt Jewett,4,400000
PA,Mt Joy,35,6569000
PA,Mt Pleasant,53,14944000
PA,Mt Pleasant Mills,9,1032000
PA,Mt Pocono,2,200000
PA,Mt Union,20,6384000
PA,Mt Wolf,4,416000
PA,Muir,1,88000
PA,Muncy,312,51059000
PA,Muncy Valley,35,7556000
PA,Munson,12,1216000
PA,Murrysville,72,12406000
PA,Muse,3,360000
PA,Myerstown,138,49460000
PA,Nanty Glo,44,4736000
PA,Narberth,244,40028000
PA,Narvon,73,16640000
PA,Natrona Heights,36,22670000
PA,Nazareth,39,17968000
PA,Needmore,16,1656000
PA,Neelyton,22,4065000
PA,Nelson,1,96000
PA,Nescopeck,112,25950000
PA,Nesquehoning,2,264000
PA,Neville,4,1850000
PA,New Albany,30,14888000
PA,New Alexandria,91,23950000
PA,New Berlin,14,5964000
PA,New Bethlehem,53,14798000
PA,New Bloomfield,19,3380000
PA,New Brighton,16,6720000
PA,New Buffalo,1,88000
PA,New Castle,368,97560000
PA,New Columbia,143,25295000
PA,New Cumberland,290,50770000
PA,New Derry,2,264000
PA,New Eagle,2,1220000
PA,New Enterprise,19,2344000
PA,New Florence,20,5716000
PA,New Freedom,125,22804000
PA,New Galilee,28,10163000
PA,New Germantown,6,2344000
PA,New Holland,182,22436000
PA,New Kensington,133,38986000
PA,New Milford,126,29999000
PA,New Millport,9,952000
PA,New Oxford,168,42287000
PA,New Paris,41,4394000
PA,New Park,4,1428000
PA,New Philadelphia,3,296000
PA,New Providence,31,4984000
PA,New Ringgold,26,5752000
PA,New Salem,7,2972000
PA,New Stanton,74,18496000
PA,New Tripoli,37,17624000
PA,New Wilmington,20,3004000
PA,Newburg,17,3900000
PA,Newfoundland,5,1656000
PA,Newmanstown,47,20544000
PA,Newport,67,21639000
PA,Newry,2,160000
PA,Newtown,22,9484000
PA,Newtown Square,73,10682000
PA,Newville,178,45063000
PA,Nicholson,82,26366000
PA,Nicktown,28,14944000
PA,Normalville,2,1588000
PA,Norristown,2086,239850000
PA,North Bend,17,2848000
PA,North East,96,24242000
PA,North Versailles,63,11972000
PA,North Wales,600,78099000
PA,North Washington,1,120000
PA,Northampton,11,6596000
PA,Northern Cambria,89,10656000
PA,Northumberland,88,13194000
PA,Norwood,7,728000
PA,Nottingham,66,13461000
PA,Noxen,5,1616000
PA,Oakdale,36,14414000
PA,Oakland Mills,10,1144000
PA,Oakmont,16,4256000
PA,Oaks,8,840000
PA,Ohiopyle,4,1296000
PA,Oil City,16,6216000
PA,Olanta,10,2680000
PA,Oley,9,6716000
PA,Olyphant,43,8783000
PA,Orangeville,90,19350000
PA,Orbisonia,27,3899000
PA,Orefield,6,1684000
PA,Oreland,83,9680000
PA,Orrstown,24,10420000
PA,Orrtanna,29,5148000
PA,Orwigsburg,6,1528000
PA,Osceola,7,872000
PA,Osceola Mills,48,8796000
PA,Osterburg,47,12929000
PA,Ottsville,3,304000
PA,Oxford,94,11317000
PA,Palm,11,4220000
PA,Palmerton,8,3844000
PA,Palmyra,88,38517000
PA,Paoli,127,13093000
PA,Paradise,145,44538000
PA,Parker,41,12967000
PA,Parkesburg,174,30211000
PA,Parkhill,2,176000
PA,Patton,44,4704000
PA,Paupack,3,3088000
PA,Paxinos,55,20880000
PA,Peach Bottom,40,9154000
PA,Peckville,2,1288000
PA,Pen Argyl,12,13132000
PA,Penfield,353,55151000
PA,Penllyn,1,80000
PA,Penn,4,424000
PA,Penn Run,18,8640000
PA,Penn Valley,50,5114000
PA,Pennsburg,125,16341000
PA,Pennsylvania Furnace,18,2592000
PA,Pequea,15,1464000
PA,Perkasie,6,568000
PA,Perkiomenville,71,9588000
PA,Perryopolis,24,6923000
PA,Petersburg,72,7352000
PA,Philadelphia,7633,1447676000
PA,Philipsburg,377,81456000
PA,Phoenixville,608,76720000
PA,Pine Grove,112,25651000
PA,Pine Grove Mills,12,1312000
PA,Pipersville,3,1984000
PA,Pitman,1,96000
PA,Pittsburgh,4948,1027466000
PA,Pittston,133,25832000
PA,Pleasant Gap,11,1184000
PA,Pleasant Mount,3,264000
PA,Pleasant Unity,5,432000
PA,Pleasantville,3,2040000
PA,Plymouth,15,10600000
PA,Plymouth Meeting,778,102642000
PA,Pocono Lake,19,4955000
PA,Pocono Manor,1,88000
PA,Pocono Pines,1,12000
PA,Pocono Summit,26,6305000
PA,Polk,5,2248000
PA,Port Allegany,56,6992000
PA,Port Clinton,5,608000
PA,Port Matilda,260,50414000
PA,Port Royal,113,16204000
PA,Port Trevorton,29,4480000
PA,Portage,81,15028000
PA,Portersville,83,26989000
PA,Pottstown,1230,161082000
PA,Pottsville,90,26346000
PA,Presto,11,1224000
PA,Primos,1,88000
PA,Prospect,6,951000
PA,Prospect Park,31,5344000
PA,Prosperity,13,1280000
PA,Pulaski,24,7296000
PA,Punxsutawney,213,44386000
PA,Quakertown,191,55677000
PA,Quarryville,122,21585000
PA,Quecreek,1,88000
PA,Radnor,11,1098000
PA,Ralston,5,2264000
PA,Ramey,2,232000
PA,Reading,920,156528000
PA,Rebersburg,35,5552000
PA,Red Hill,31,3320000
PA,Red Lion,113,17132000
PA,Reedsville,109,24095000
PA,Reinholds,89,11968000
PA,Renfrew,2,1896000
PA,Renovo,67,17020000
PA,Rew,12,1264000
PA,Reynoldsville,185,33562000
PA,Rices Landing,11,5304000
PA,Richfield,31,3208000
PA,Richland,4,1796000
PA,Ridgway,169,37313000
PA,Ridley Park,202,30506000
PA,Riegelsville,2,1080000
PA,Rimersburg,45,4512000
PA,Ringgold,1,96000
PA,Ringtown,13,5792000
PA,Rixford,12,1288000
PA,Roaring Branch,28,8643000
PA,Roaring Spring,110,15103000
PA,Robertsdale,14,2492000
PA,Robesonia,15,7384000
PA,Rochester,12,2096000
PA,Rochester Mills,17,12548000
PA,Rockton,116,13879000
PA,Rockwood,90,15170000
PA,Rogersville,7,1740000
PA,Rome,11,3968000
PA,Ronks,146,32436000
PA,Rose Valley,1,96000
PA,Roulette,9,2640000
PA,Rouseville,8,3960000
PA,Royersford,524,58598000
PA,Ruffs Dale,70,23281000
PA,Rural Valley,2,380000
PA,Russell,1,1200000
PA,Sabinsville,13,1424000
PA,Saegertown,20,6098000
PA,Saint Benedict,1,144000
PA,Saint Clair,8,4828000
PA,Saint Marys,154,20052000
PA,Saint Michael,12,1168000
PA,Saint Thomas,27,9668000
PA,Salisbury,37,3826000
PA,Salix,4,464000
PA,Saltsburg,52,14776000
PA,Salunga,4,464000
PA,Sandy Lake,3,1316000
PA,Sandy Ridge,20,3152000
PA,Sarver,8,1860000
PA,Saxonburg,7,3480000
PA,Saxton,49,7492000
PA,Saylorsburg,32,6216000
PA,Sayre,16,3108000
PA,Scenery Hill,1,96000
PA,Schaefferstown,2,240000
PA,Schellsburg,43,6984000
PA,Schnecksville,20,6000000
PA,Schuylkill Haven,13,5556000
PA,Schwenksville,228,26309000
PA,Sciota,3,360000
PA,Scotrun,47,6120000
PA,Scott Township,4,2676000
PA,Scottdale,30,9856000
PA,Scranton,250,52456000
PA,Secane,4,400000
PA,Selinsgrove,360,55130000
PA,Sellersville,29,4962000
PA,Seneca,2,1096000
PA,Seven Valleys,22,2588000
PA,Seward,33,10280000
PA,Sewickley,232,48650000
PA,Shade Gap,22,2264000
PA,Shamokin,51,6756000
PA,Shamokin Dam,126,21064000
PA,Sharon,1,88000
PA,Sharon Hill,21,2136000
PA,Sharpsville,4,1328000
PA,Shawville,3,256000
PA,Sheffield,15,8580000
PA,Shelocta,9,7988000
PA,Shenandoah,13,2228000
PA,Sheppton,3,2696000
PA,Shermans Dale,78,30068000
PA,Shickshinny,9,4480000
PA,Shinglehouse,35,5740000
PA,Shippensburg,254,62819000
PA,Shippenville,88,25966000
PA,Shippingport,2,288000
PA,Shirleysburg,34,3464000
PA,Shoemakersville,6,576000
PA,Shohola,20,2232000
PA,Shrewsbury,43,7936000
PA,Shunk,5,560000
PA,Sidman,52,5232000
PA,Sigel,33,5856000
PA,Sinnamahoning,7,736000
PA,Six Mile Run,7,720000
PA,Skippack,3,368000
PA,Slatington,40,12564000
PA,Sligo,23,2740000
PA,Slippery Rock,66,23287000
PA,Slovan,2,1888000
PA,Smethport,84,11712000
PA,Smicksburg,6,2320000
PA,Smithfield,18,6912000
PA,Smithmill,9,2600000
PA,Smithton,44,7228000
PA,Smock,6,2176000
PA,Smokerun,1,80000
PA,Smoketown,2,240000
PA,Snow Shoe,107,22357000
PA,Somerset,524,87848000
PA,Souderton,190,19231000
PA,South Abington Township,2,184000
PA,South Fork,78,15684000
PA,South Gibson,3,1200000
PA,South Park,10,4124000
PA,Southampton,27,2720000
PA,Spangler,4,472000
PA,Spartansburg,6,2352000
PA,Spraggs,1,144000
PA,Spring Brook Township,6,2424000
PA,Spring City,115,17091000
PA,Spring Grove,132,21294000
PA,Spring House,19,1887000
PA,Spring Mills,119,28506000
PA,Spring Run,39,12583000
PA,Springboro,2,1296000
PA,Springfield,227,35228000
PA,Springs,5,2928000
PA,Springville,8,3224000
PA,Spruce Creek,24,2672000
PA,St Clair,17,4220000
PA,St Marys,32,3255000
PA,Stahlstown,39,9021000
PA,Starlight,2,176000
PA,Starrucca,2,1180000
PA,State College,537,93570000
PA,Steelton,1,1100000
PA,Sterling,54,8385000
PA,Stevens,104,13802000
PA,Stevensville,2,288000
PA,Stewartstown,39,8762000
PA,Stillwater,7,1648000
PA,Stockertown,4,336000
PA,Stoneboro,10,6360000
PA,Stoystown,127,18294000
PA,Strasburg,46,10060000
PA,Strattanville,41,7118000
PA,Strongstown,37,14010000
PA,Stroudsburg,252,64528000
PA,Stump Creek,2,160000
PA,Sturgeon,1,144000
PA,Sugar Grove,8,3736000
PA,Sugar Run,3,304000
PA,Sugarloaf,58,12416000
PA,Summerdale,13,5206000
PA,Summerhill,39,3851000
PA,Summerville,27,5064000
PA,Summit Hill,2,216000
PA,Sunbury,224,41768000
PA,Susquehanna,20,5476000
PA,Swarthmore,28,3178000
PA,Sweet Valley,8,2528000
PA,Swengel,12,1400000
PA,Swiftwater,8,776000
PA,Sycamore,3,360000
PA,Sykesville,7,688000
PA,Tafton,14,1384000
PA,Tamaqua,25,8472000
PA,Tannersville,107,19432000
PA,Tarentum,45,14070000
PA,Tarrs,4,416000
PA,Taylor,14,3954000
PA,Telford,216,24521000
PA,Temple,9,3228000
PA,Templeton,15,3688000
PA,Terre Hill,4,392000
PA,Thomasville,77,14619000
PA,Thompson,2,1588000
PA,Thompsontown,113,19808000
PA,Thorndale,45,4616000
PA,Thornton,8,824000
PA,Three Springs,48,7380000
PA,Throop,1,80000
PA,Tioga,43,5752000
PA,Tionesta,18,7356000
PA,Tipton,6,648000
PA,Titusville,32,15880000
PA,Tobyhanna,60,13204000
PA,Toughkenamon,34,4552000
PA,Towanda,61,20132000
PA,Tower City,9,3128000
PA,Townville,2,1244000
PA,Trafford,37,9674000
PA,Transfer,3,320000
PA,Trappe,48,5152000
PA,Tremont,76,22205000
PA,Trevorton,9,952000
PA,Trout Run,207,39631000
PA,Troutville,1,144000
PA,Troy,20,2224000
PA,Tunkhannock,15,12768000
PA,Turbotville,54,5784000
PA,Turtle Creek,4,331000
PA,Turtlepoint,14,2548000
PA,Tyrone,429,85331000
PA,Ulster,7,4652000
PA,Ulysses,31,6056000
PA,Union City,29,9468000
PA,Union Dale,8,5332000
PA,Uniontown,71,38032000
PA,Unionville,1,144000
PA,Unityville,36,6980000
PA,University Park,25,2824000
PA,Upper Black Eddy,2,2200000
PA,Upper Chichester,24,2767000
PA,Upper Darby,110,11824000
PA,Upper Macungie,13,5488000
PA,Upper Merion,38,12404000
PA,Utica,2,1644000
PA,Valencia,2,1120000
PA,Valley Forge,3,336000
PA,Valley View,2,168000
PA,Vanderbilt,1,80000
PA,Vandergrift,18,9228000
PA,Venango,2,208000
PA,Venetia,6,3400000
PA,Venus,7,696000
PA,Verona,20,7890000
PA,Villanova,212,34595000
PA,Vintondale,13,1328000
PA,Volant,36,10304000
PA,Wall,1,88000
PA,Wallaceton,2,200000
PA,Wallingford,28,3401000
PA,Walnut Bottom,38,6440000
PA,Walnutport,11,4332000
PA,Wampum,54,18254000
PA,Wapwallopen,2,224000
PA,Warfordsburg,136,23408000
PA,Warminster,38,4869000
PA,Warren,13,2376000
PA,Warrendale,15,2190000
PA,Warrington,26,2864000
PA,Warriors Mark,19,3486000
PA,Washington,338,118630000
PA,Washington Boro,31,7260000
PA,Washington Crossing,3,376000
PA,Waterfall,34,5552000
PA,Waterford,43,21752000
PA,Waterville,28,10978000
PA,Watsontown,102,16501000
PA,Wattsburg,2,1188000
PA,Waymart,22,5432000
PA,Wayne,541,66590000
PA,Waynesboro,17,6520000
PA,Waynesburg,39,14408000
PA,Weedville,61,10536000
PA,Wellersburg,3,256000
PA,Wells Tannery,15,1512000
PA,Wellsboro,197,34843000
PA,Wellsville,21,2131000
PA,Wernersville,1,88000
PA,West Alexander,35,9188000
PA,West Brandywine,1,80000
PA,West Chester,1656,194385000
PA,West Decatur,78,11915000
PA,West Elizabeth,1,144000
PA,West Grove,78,9959000
PA,West Hazleton,4,1376000
PA,West Middlesex,57,18011000
PA,West Mifflin,62,22208000
PA,West Milton,10,1032000
PA,West Newton,116,39943000
PA,West Salisbury,3,1992000
PA,West Springfield,29,9208000
PA,Westfield,46,9256000
PA,Westover,17,2756000
PA,Westport,14,1416000
PA,Wexford,119,26861000
PA,White Deer,1,18000
PA,White Haven,87,29900000
PA,White Oak,7,3060000
PA,Whiteford,1,144000
PA,Whitehall,308,43460000
PA,Wilburton,1,144000
PA,Wilcox,71,12048000
PA,Wilkes Barre,149,34980000
PA,Wilkes-Barre,62,8911000
PA,Williamsburg,94,13126000
PA,Williamsport,701,106971000
PA,Williamstown,11,3124000
PA,Willow Grove,555,71081000
PA,Willow Hill,22,5800000
PA,Willow Street,87,15926000
PA,Wilmerding,3,312000
PA,Wilmore,6,616000
PA,Winburne,6,544000
PA,Wind Gap,58,9135000
PA,Wind Ridge,6,3664000
PA,Windber,209,51765000
PA,Windsor,29,4321000
PA,Winfield,84,12981000
PA,Womelsdorf,23,9884000
PA,Woodbury,5,600000
PA,Woodland,222,40471000
PA,Woodlyn,238,46832000
PA,Woodward,8,864000
PA,Woolrich,3,352000
PA,Worthington,13,5524000
PA,Wrightsville,99,16584000
PA,Wyalusing,55,21368000
PA,Wyncote,235,25792000
PA,Wynnewood,218,23796000
PA,Wyoming,1,80000
PA,Wysox,20,3384000
PA,Yardley,5,2684000
PA,Yeagertown,14,2396000
PA,Yoe,7,728000
PA,York,3211,498119000
PA,York Haven,101,19630000
PA,York New Salem,3,304000
PA,York Springs,90,15978000
PA,Youngsville,3,1292000
PA,Youngwood,16,2616000
PA,Yukon,4,1560000
PA,Zelienople,25,7240000
PA,Zieglerville,20,2040000
PA,Zion Grove,2,1880000
PA,Zionsville,3,264000
RI,Ashaway,26,3086000
RI,Barrington,3,183000
RI,Bradford,1,144000
RI,Bristol,2,28000
RI,Charlestown,4,448000
RI,Coventry,2,29000
RI,Cranston,318,47850000
RI,Cumberland,27,5099000
RI,East Greenwich,104,14213000
RI,East Providence,170,41376000
RI,Exeter,7,575000
RI,Foster,4,339000
RI,Greene,1,96000
RI,Greenville,1,120000
RI,Harrisville,3,272000
RI,Hope,2,208000
RI,Hope Valley,22,3626000
RI,Jamestown,12,1391000
RI,Johnston,130,22128000
RI,Lincoln,157,17948000
RI,Narragansett,1,80000
RI,Newport,22,1971000
RI,North Kingstown,61,6349000
RI,North Providence,24,2427000
RI,North Scituate,8,848000
RI,North Smithfield,36,5582000
RI,Pawtucket,298,53805000
RI,Portsmouth,2,200000
RI,Providence,1623,342880000
RI,Riverside,2,168000
RI,Rockville,1,88000
RI,Saunderstown,9,976000
RI,Shannock,2,176000
RI,Smithfield,58,11129000
RI,Tiverton,5,440000
RI,Wakefield,4,416000
RI,Warren,4,424000
RI,Warwick,397,62316000
RI,West Greenwich,52,12207000
RI,West Kingston,3,408000
RI,West Warwick,31,6232000
RI,Westerly,28,2482000
RI,Wood River Junction,5,544000
RI,Woonsocket,4,416000
RI,Wyoming,30,4612000
SC,Abbeville,179,23285000
SC,Adams Run,7,696000
SC,Aiken,1043,123922000
SC,Alcolu,190,33418000
SC,Allendale,68,9034000
SC,Anderson,3767,417887000
SC,Andrews,188,18677000
SC,Arcadia,5,504000
SC,Awendaw,12,1324000
SC,Aynor,176,18704000
SC,Bamberg,103,10581000
SC,Barnwell,176,17736000
SC,Batesburg,146,18697000
SC,Batesburg-Leesville,180,22966000
SC,Beaufort,724,74804000
SC,Beech Island,275,29873000
SC,Belton,567,55411000
SC,Bennettsville,404,47092000
SC,Bethune,68,6835000
SC,Bishopville,361,41891000
SC,Blacksburg,628,98901000
SC,Blackstock,82,8586000
SC,Blackville,82,8224000
SC,Blair,29,2762000
SC,Blenheim,46,4426000
SC,Bluffton,353,35421000
SC,Blythewood,656,81256000
SC,Boiling Springs,1468,150281000
SC,Bonneau,124,14651000
SC,Bowman,573,85037000
SC,Bradley,56,6992000
SC,Branchville,53,6647000
SC,Brunson,31,3123000
SC,Buffalo,44,4659000
SC,Cades,41,4276000
SC,Calhoun Falls,26,3952000
SC,Camden,575,76042000
SC,Cameron,49,5256000
SC,Campobello,241,24516000
SC,Carlisle,27,2630000
SC,Cassatt,98,9821000
SC,Catawba,83,8239000
SC,Cayce,94,11652000
SC,Central,305,31950000
SC,Chapin,820,121906000
SC,Chappells,31,2854000
SC,Charleston,2119,359670000
SC,Charleston Afb,2,264000
SC,Cheraw,151,20072000
SC,Chesnee,511,53630000
SC,Chester,428,45320000
SC,Chesterfield,89,8915000
SC,Clarks Hill,23,3232000
SC,Clemson,107,10499000
SC,Cleveland,74,7586000
SC,Clinton,637,98864000
SC,Clio,66,6593000
SC,Clover,603,63954000
SC,Columbia,10707,1484663000
SC,Conway,2052,232769000
SC,Coosawhatchie,44,9264000
SC,Cope,100,11635000
SC,Cordesville,29,2941000
SC,Cordova,66,6970000
SC,Cottageville,94,10484000
SC,Coward,79,9142000
SC,Cowpens,834,150465000
SC,Cross,130,14171000
SC,Cross Hill,71,13585000
SC,Dalzell,169,20228000
SC,Daniel Island,2,208000
SC,Darlington,637,67641000
SC,Daufuskie Island,1,96000
SC,Denmark,55,5494000
SC,Dillon,473,56527000
SC,Donalds,76,8487000
SC,Dorchester,173,19779000
SC,Due West,19,1876000
SC,Duncan,1345,177405000
SC,Early Branch,46,4451000
SC,Easley,1414,143222000
SC,Eastover,303,31854000
SC,Edgefield,82,10025000
SC,Edgemoor,74,8804000
SC,Edisto Island,6,600000
SC,Effingham,251,26965000
SC,Ehrhardt,41,5357000
SC,Elgin,607,72661000
SC,Elliott,4,432000
SC,Elloree,87,8878000
SC,Enoree,266,30681000
SC,Estill,66,6636000
SC,Eutawville,108,10968000
SC,Fair Play,309,43901000
SC,Fairfax,44,4490000
SC,Florence,2927,344978000
SC,Folly Beach,3,178000
SC,Fork,24,2426000
SC,Fort Lawn,82,8978000
SC,Fort Mill,2045,251115000
SC,Fountain Inn,563,75584000
SC,Gable,106,14985000
SC,Gadsden,50,4854000
SC,Gaffney,1579,244103000
SC,Galivants Ferry,151,15710000
SC,Garnett,37,3952000
SC,Gaston,611,80146000
SC,Georgetown,448,49777000
SC,Gilbert,217,29799000
SC,Glendale,7,722000
SC,Gloverville,12,1440000
SC,Goose Creek,457,45432000
SC,Graniteville,253,28788000
SC,Gray Court,495,60548000
SC,Great Falls,70,7338000
SC,Greeleyville,33,3464000
SC,Green Pond,58,5927000
SC,Green Sea,67,6918000
SC,Greenville,11796,1348712000
SC,Greenwood,859,101605000
SC,Greer,3296,397779000
SC,Gresham,65,6454000
SC,Hamer,124,15376000
SC,Hampton,39,3726000
SC,Hanahan,22,2264000
SC,Hardeeville,608,84975000
SC,Harleyville,279,43627000
SC,Hartsville,584,61266000
SC,Heath Springs,101,10004000
SC,Hemingway,168,16760000
SC,Hickory Grove,16,1698000
SC,Hilton Head Island,94,9969000
SC,Hodges,149,17780000
SC,Holly Hill,253,31216000
SC,Hollywood,4,323000
SC,Honea Path,240,26645000
SC,Hopkins,316,38048000
SC,Huger,106,10924000
SC,Inman,1035,116534000
SC,Irmo,1265,211403000
SC,Islandton,21,2159000
SC,Isle Of Palms,1,96000
SC,Iva,201,23350000
SC,Jackson,67,7008000
SC,Jacksonboro,4,392000
SC,Jamestown,46,4376000
SC,Jefferson,84,9679000
SC,Jenkinsville,30,3304000
SC,Joanna,36,3461000
SC,Johns Island,26,2513000
SC,Johnsonville,139,17005000
SC,Johnston,65,6804000
SC,Jonesville,97,9975000
SC,Kershaw,213,25032000
SC,Kinards,109,15282000
SC,Kingstree,219,22779000
SC,Ladson,955,117118000
SC,Lake City,315,32995000
SC,Lake View,47,4799000
SC,Lamar,183,23686000
SC,Lancaster,965,101219000
SC,Landrum,210,22394000
SC,Lane,13,1336000
SC,Langley,2,184000
SC,Latta,481,59752000
SC,Laurens,615,75623000
SC,Leesville,303,50083000
SC,Lexington,2799,375791000
SC,Liberty,525,52771000
SC,Liberty Hill,7,752000
SC,Little Mountain,277,57627000
SC,Little River,509,53115000
SC,Little Rock,18,1858000
SC,Livingston,9,904000
SC,Lockhart,2,200000
SC,Lodge,29,2815000
SC,Long Creek,6,584000
SC,Longcreek,4,440000
SC,Longs,415,46258000
SC,Loris,525,55244000
SC,Lugoff,674,98394000
SC,Luray,17,3592000
SC,Lyman,207,20569000
SC,Lynchburg,233,32819000
SC,Manning,419,58667000
SC,Marietta,164,16926000
SC,Marion,351,35292000
SC,Martin,20,2003000
SC,Mauldin,176,23216000
SC,Mayesville,58,6022000
SC,Mayo,1,96000
SC,Mc Bee,52,5696000
SC,Mc Clellanville,4,206000
SC,Mc Coll,72,8057000
SC,Mc Connells,32,3048000
SC,Mc Cormick,61,6162000
SC,McBee,15,1275000
SC,McClellanville,1,96000
SC,McColl,29,2721000
SC,McConnells,14,1512000
SC,McCormick,26,2634000
SC,Modoc,18,1744000
SC,Moncks Corner,761,80196000
SC,Monetta,48,5951000
SC,Moore,421,45632000
SC,Mount Carmel,3,179000
SC,Mount Croghan,27,2792000
SC,Mount Pleasant,104,17798000
SC,Mountain Rest,64,5940000
SC,Mountville,47,7356000
SC,Mt Carmel,2,184000
SC,Mt Croghan,6,600000
SC,Mt Pleasant,56,9306000
SC,Mullins,199,22332000
SC,Murrells Inlet,618,65047000
SC,Myrtle Beach,3310,353696000
SC,Neeses,83,9555000
SC,Nesmith,22,2180000
SC,New Ellenton,18,1831000
SC,New Zion,44,4501000
SC,Newberry,478,55297000
SC,Nichols,127,17353000
SC,Ninety Six,122,14943000
SC,Norris,6,712000
SC,North,159,15974000
SC,North Augusta,638,90089000
SC,North Charleston,1715,263660000
SC,North Myrtle Beach,101,10487000
SC,Norway,40,4060000
SC,Okatie,248,25559000
SC,Olanta,77,8080000
SC,Olar,48,5264000
SC,Orangeburg,1605,186500000
SC,Pacolet,105,10325000
SC,Pageland,139,15012000
SC,Pamplico,172,19149000
SC,Patrick,42,4438000
SC,Pauline,87,8626000
SC,Pawleys Island,314,31641000
SC,Peak,1,88000
SC,Pelion,136,16095000
SC,Pelzer,634,72730000
SC,Pendleton,354,38252000
SC,Pickens,492,50230000
SC,Piedmont,2028,236461000
SC,Pineland,41,4294000
SC,Pineville,50,5296000
SC,Pinewood,81,8313000
SC,Pinopolis,13,1528000
SC,Plum Branch,33,4280000
SC,Pomaria,153,19737000
SC,Port Royal,14,1408000
SC,Prosperity,206,28330000
SC,Ravenel,31,2937000
SC,Reevesville,41,4360000
SC,Reidville,7,530000
SC,Rembert,169,25467000
SC,Richburg,362,49443000
SC,Ridge Spring,52,5570000
SC,Ridgeland,635,75559000
SC,Ridgeville,564,68924000
SC,Ridgeway,246,28356000
SC,Rock Hill,1222,157559000
SC,Roebuck,500,60818000
SC,Round O,134,13411000
SC,Rowesville,37,3984000
SC,Ruby,27,2880000
SC,Ruffin,87,9013000
SC,Saint George,393,58439000
SC,Saint Helena Island,95,10013000
SC,Saint Matthews,436,57377000
SC,Saint Stephen,94,10143000
SC,Salem,127,12968000
SC,Salley,67,6787000
SC,Salters,49,4320000
SC,Saluda,202,20246000
SC,Santee,221,26708000
SC,Scranton,164,17355000
SC,Seabrook,110,11818000
SC,Sellers,19,1950000
SC,Seneca,1207,133201000
SC,Sharon,53,5312000
SC,Shaw Afb,5,448000
SC,Shaw Air Force Base,1,120000
SC,Sheldon,1,96000
SC,Silverstreet,36,3588000
SC,Simpsonville,2180,238629000
SC,Six Mile,127,16199000
SC,Slater,5,584000
SC,Smoaks,55,5874000
SC,Smyrna,24,2594000
SC,Society Hill,75,9702000
SC,Spartanburg,5421,626245000
SC,Springfield,42,5867000
SC,St George,122,14101000
SC,St Helena,32,3496000
SC,St Matthews,138,15568000
SC,St Stephen,38,5255000
SC,Starr,163,17794000
SC,Startex,5,648000
SC,Sullivans Island,2,240000
SC,Summerton,271,47447000
SC,Summerville,2820,317180000
SC,Sumter,1343,168617000
SC,Sunset,80,8301000
SC,Surfside Beach,26,2800000
SC,Swansea,460,62674000
SC,Tamassee,17,1816000
SC,Taylors,1441,148719000
SC,Tillman,37,3731000
SC,Timmonsville,442,54772000
SC,Townville,264,35240000
SC,Travelers Rest,575,58694000
SC,Trenton,78,8268000
SC,Troy,23,3258000
SC,Turbeville,51,5515000
SC,Ulmer,23,2144000
SC,Una,3,408000
SC,Union,284,28456000
SC,Vance,68,9725000
SC,Varnville,74,7234000
SC,Wagener,100,10936000
SC,Walhalla,261,27578000
SC,Wallace,87,9415000
SC,Walterboro,1120,145214000
SC,Ward,30,3163000
SC,Ware Shoals,103,9971000
SC,Warrenville,196,21808000
SC,Waterloo,129,16521000
SC,Wedgefield,80,8042000
SC,Wellford,406,55542000
SC,West Columbia,1702,257015000
SC,West Union,133,15157000
SC,Westminster,535,68713000
SC,Westville,5,456000
SC,Whitmire,57,6528000
SC,Williamston,405,45297000
SC,Williston,116,12406000
SC,Windsor,57,5962000
SC,Winnsboro,454,56885000
SC,Woodruff,409,42127000
SC,Yemassee,671,96688000
SC,York,399,41854000
SD,Aberdeen,2,176000
SD,Beresford,2,1220000
SD,Box Elder,1,80000
SD,Brookings,1,144000
SD,Buffalo,1,120000
SD,Cherry Creek,1,120000
SD,Deadwood,2,2500000
SD,Edgemont,1,96000
SD,Huron,1,96000
SD,Kimball,11,2004000
SD,Langford,1,88000
SD,Milbank,1,88000
SD,Montrose,1,120000
SD,Newell,1,144000
SD,Parkston,1,1200000
SD,Reva,4,2200000
SD,Vale,1,1100000
SD,Valley Springs,1,96000
SD,Wakpala,5,2604000
SD,Wall,1,88000
SD,White Lake,1,80000
SD,Wolsey,1,120000
TN,Adams,11,2808000
TN,Afton,5,3352000
TN,Alamo,1,11000
TN,Alcoa,30,3948000
TN,Alexandria,1,96000
TN,Allons,3,1292000
TN,Andersonville,42,5018000
TN,Antioch,2989,365118000
TN,Apison,48,4930000
TN,Ardmore,24,4172000
TN,Arlington,202,39444000
TN,Arrington,22,7890000
TN,Ashland City,16,4308000
TN,Athens,97,15058000
TN,Atoka,3,336000
TN,Auburntown,2,1920000
TN,Baxter,35,3967000
TN,Bean Station,3,1700000
TN,Beech Grove,14,1568000
TN,Beechgrove,13,4960000
TN,Beersheba Springs,4,1804000
TN,Bell Buckle,2,224000
TN,Bells,7,3045000
TN,Belvidere,4,416000
TN,Benton,18,4424000
TN,Bethpage,8,2660000
TN,Big Rock,3,1332000
TN,Birchwood,33,4383000
TN,Blaine,12,4380000
TN,Bloomington Springs,6,1560000
TN,Blountville,71,25696000
TN,Bluff City,5,1576000
TN,Bolivar,3,1276000
TN,Bon Aqua,9,5018000
TN,Bradford,1,96000
TN,Bradyville,1,88000
TN,Brentwood,986,118500000
TN,Briceville,4,2332000
TN,Bristol,18,5659000
TN,Brownsville,35,9985000
TN,Brush Creek,8,1159000
TN,Buena Vista,1,1100000
TN,Buffalo Valley,19,2196000
TN,Bulls Gap,47,14363000
TN,Burlison,1,96000
TN,Burns,38,9174000
TN,Butler,9,3808000
TN,Bybee,2,240000
TN,Byrdstown,3,1276000
TN,Calhoun,105,17618000
TN,Camden,2,176000
TN,Caryville,151,30426000
TN,Castalian Springs,6,1648000
TN,Cedar Grove,3,328000
TN,Cedar Hill,28,6129000
TN,Celina,17,2848000
TN,Centerville,13,7116000
TN,Charleston,94,17887000
TN,Charlotte,1,120000
TN,Chattanooga,8009,995374000
TN,Christiana,60,13817000
TN,Chuckey,14,2267000
TN,Church Hill,2,216000
TN,Clairfield,2,1344000
TN,Clarkrange,2,288000
TN,Clarksville,174,48301000
TN,Cleveland,289,49764000
TN,Clifton,3,1708000
TN,Clinton,33,13330000
TN,College Grove,15,4924000
TN,Collierville,37,6358000
TN,Columbia,58,22329000
TN,Cookeville,264,38392000
TN,Copperhill,9,2112000
TN,Cordova,226,33007000
TN,Cornersville,33,7199000
TN,Corryton,8,2816000
TN,Cosby,76,18275000
TN,Cottontown,10,6416000
TN,Counce,3,1708000
TN,Cowan,1,80000
TN,Crab Orchard,62,9871000
TN,Crawford,2,1088000
TN,Cross Plains,69,14811000
TN,Crossville,170,29593000
TN,Culleoka,7,1592000
TN,Cumberland City,6,2624000
TN,Cumberland Furnace,9,2019000
TN,Cunningham,5,1584000
TN,Dandridge,179,40954000
TN,Dayton,14,4220000
TN,Decatur,19,1920000
TN,Decherd,118,13428000
TN,Del Rio,8,5648000
TN,Delano,5,2152000
TN,Denmark,5,870000
TN,Dickson,74,14986000
TN,Dixon Springs,2,1588000
TN,Dover,9,3732000
TN,Dowelltown,7,2132000
TN,Doyle,2,1180000
TN,Dresden,2,1320000
TN,Drummonds,1,88000
TN,Duck River,5,2312000
TN,Duff,2,1588000
TN,Dunlap,32,7192000
TN,Dyersburg,1,144000
TN,Eads,3,304000
TN,Elizabethton,12,4288000
TN,Elmwood,1,96000
TN,Englewood,9,1892000
TN,Enville,1,88000
TN,Erin,21,7036000
TN,Erwin,23,6370000
TN,Estill Springs,7,3820000
TN,Ethridge,1,120000
TN,Etowah,16,4032000
TN,Evensville,3,179000
TN,Fairview,54,13742000
TN,Fall Branch,31,8171000
TN,Farragut,45,7105000
TN,Fayetteville,31,10888000
TN,Flag Pond,12,1548000
TN,Flintville,5,3564000
TN,Fort Campbell,2,168000
TN,Franklin,260,53958000
TN,Friendship,3,186000
TN,Gainesboro,18,4508000
TN,Gallatin,29,12496000
TN,Gatlinburg,10,6856000
TN,Georgetown,43,4536000
TN,Germantown,20,1776000
TN,Gleason,3,1684000
TN,Goodlettsville,567,106837000
TN,Gordonsville,66,12663000
TN,Grandview,5,2232000
TN,Greenback,4,440000
TN,Greenbrier,17,5544000
TN,Greeneville,84,35509000
TN,Greenfield,1,80000
TN,Guild,177,28364000
TN,Guys,1,88000
TN,Hampshire,1,80000
TN,Hampton,11,2072000
TN,Harriman,96,16090000
TN,Harrison,170,18679000
TN,Hartford,18,5143000
TN,Hartsville,11,8248000
TN,Heiskell,59,14563000
TN,Henderson,3,1384000
TN,Hendersonville,123,24262000
TN,Henning,2,240000
TN,Hermitage,738,89017000
TN,Hickman,9,2072000
TN,Hilham,1,144000
TN,Hillsboro,61,10469000
TN,Hixson,724,78048000
TN,Hohenwald,12,3568000
TN,Holladay,31,5010000
TN,Humboldt,5,2072000
TN,Huntingdon,6,1520000
TN,Huntland,3,328000
TN,Huntsville,9,3028000
TN,Hurricane Mills,41,9424000
TN,Indian Mound,2,1088000
TN,Iron City,5,2264000
TN,Jackson,97,22539000
TN,Jamestown,16,5750000
TN,Jasper,81,14404000
TN,Jefferson City,5,1508000
TN,Jellico,53,8381000
TN,Joelton,361,55894000
TN,Johnson City,500,70522000
TN,Jonesborough,110,12628000
TN,Kingsport,131,32997000
TN,Kingston,115,25399000
TN,Kingston Springs,66,11828000
TN,Knoxville,2408,446252000
TN,Kodak,70,13577000
TN,La Follette,20,4187000
TN,La Vergne,355,49666000
TN,Lafayette,7,3832000
TN,Lake City,13,5468000
TN,Lakeland,4,875000
TN,Lancaster,19,1824000
TN,Lancing,2,1880000
TN,Lawrenceburg,9,3280000
TN,Lebanon,179,52901000
TN,Lenoir City,287,57054000
TN,Leoma,1,120000
TN,Lewisburg,36,10082000
TN,Lexington,1,450000
TN,Liberty,7,2124000
TN,Limestone,19,1779000
TN,Livingston,16,1943000
TN,Lobelville,3,1740000
TN,Lookout Mountain,7,824000
TN,Loretto,8,792000
TN,Loudon,59,14168000
TN,Louisville,29,5517000
TN,Lupton City,1,96000
TN,Luttrell,3,2880000
TN,Lutts,3,296000
TN,Lyles,7,3304000
TN,Lynchburg,2,1280000
TN,Lynnville,4,392000
TN,Madison,1822,214383000
TN,Madisonville,3,304000
TN,Manchester,170,29914000
TN,Martin,1,144000
TN,Maryville,26,12711000
TN,Mascot,1,96000
TN,Mason,51,11164000
TN,Maynardville,5,1496000
TN,Mc Donald,154,29405000
TN,Mc Ewen,27,10043000
TN,McDonald,51,8449000
TN,McKenzie,1,1200000
TN,McMinnville,24,5056000
TN,Medon,3,1168000
TN,Memphis,5238,914781000
TN,Middleton,2,1320000
TN,Milan,1,88000
TN,Millington,21,3277000
TN,Mohawk,33,7618000
TN,Monroe,3,304000
TN,Monteagle,70,12588000
TN,Monterey,110,20437000
TN,Mooresburg,4,1396000
TN,Morrison,10,1474000
TN,Morristown,48,11561000
TN,Mosheim,15,3072000
TN,Moss,5,1532000
TN,Mount Juliet,85,20109000
TN,Mount Pleasant,5,1580000
TN,Mountain City,1,96000
TN,Mt Juliet,38,6522000
TN,Mt Pleasant,2,1180000
TN,Mulberry,2,1096000
TN,Munford,1,144000
TN,Murfreesboro,489,114030000
TN,Nashville,24617,3085273000
TN,New Market,4,1764000
TN,New Tazewell,13,5572000
TN,Newbern,1,96000
TN,Newcomb,12,2319000
TN,Newport,65,16723000
TN,Niota,45,8437000
TN,Nolensville,3,288000
TN,Normandy,1,1800000
TN,Nunnelly,28,5530000
TN,Oak Ridge,18,3824000
TN,Oakland,1,88000
TN,Obion,1,120000
TN,Ocoee,8,2228000
TN,Old Fort,5,544000
TN,Old Hickory,210,21950000
TN,Oldfort,3,352000
TN,Oliver Springs,8,1944000
TN,Oneida,9,783000
TN,Only,29,6747000
TN,Ooltewah,907,119420000
TN,Orlinda,2,288000
TN,Pall Mall,2,1288000
TN,Palmer,4,1304000
TN,Palmyra,4,1360000
TN,Paris,1,275000
TN,Parrottsville,1,120000
TN,Pegram,27,2844000
TN,Pelham,69,10371000
TN,Petersburg,4,2668000
TN,Philadelphia,12,5849000
TN,Pikeville,26,10470000
TN,Piney Flats,11,1106000
TN,Pioneer,117,30986000
TN,Pleasant Shade,1,1000000
TN,Pleasant View,43,12893000
TN,Pleasantville,2,1220000
TN,Portland,90,24428000
TN,Powell,99,16588000
TN,Prospect,4,1364000
TN,Pulaski,37,9898000
TN,Puryear,3,264000
TN,Quebeck,1,88000
TN,Readyville,2,184000
TN,Reagan,1,15000
TN,Reliance,3,1324000
TN,Riceville,40,9842000
TN,Rickman,2,208000
TN,Ridgely,1,88000
TN,Ripley,3,1740000
TN,Roan Mountain,15,1664000
TN,Rock Island,6,648000
TN,Rockwood,135,22855000
TN,Rocky Top,45,8027000
TN,Rogersville,10,6008000
TN,Rossville,3,1968000
TN,Russellville,10,3516000
TN,Rutledge,6,4464000
TN,Sale Creek,62,7922000
TN,Saltillo,2,232000
TN,Santa Fe,4,2564000
TN,Saulsbury,1,88000
TN,Savannah,2,1580000
TN,Sevierville,27,6540000
TN,Sewanee,5,520000
TN,Seymour,27,8143000
TN,Shady Valley,2,1896000
TN,Sharps Chapel,1,80000
TN,Shelbyville,15,5920000
TN,Signal Mountain,158,19846000
TN,Silver Point,69,13252000
TN,Smithville,24,2608000
TN,Smyrna,223,35020000
TN,Soddy Daisy,151,16564000
TN,Soddy-Daisy,28,2800000
TN,Somerville,1,120000
TN,South Fulton,5,1368000
TN,South Pittsburg,106,13019000
TN,Sparta,36,8600000
TN,Spencer,1,96000
TN,Spring City,15,2508000
TN,Spring Hill,15,2707000
TN,Springfield,11,3144000
TN,Springville,2,208000
TN,Stanton,21,6642000
TN,Strawberry Plains,27,3795000
TN,Summertown,2,200000
TN,Sweetwater,51,12867000
TN,Taft,3,1216000
TN,Talbott,2,184000
TN,Tazewell,9,928000
TN,Telford,17,2771000
TN,Tellico Plains,9,3792000
TN,Ten Mile,2,1080000
TN,Thompsons Station,37,7524000
TN,Thompson's Station,13,1916000
TN,Thorn Hill,4,432000
TN,Tracy City,9,2340000
TN,Trenton,2,1920000
TN,Trezevant,2,160000
TN,Trimble,3,1464000
TN,Tullahoma,1,120000
TN,Turtletown,1,88000
TN,Unicoi,10,3369000
TN,Union City,1,120000
TN,Unknown,1,144000
TN,Vanleer,1,1500000
TN,Vonore,1,88000
TN,Walland,5,2444000
TN,Wartrace,30,6619000
TN,Washburn,1,1800000
TN,Watertown,3,1376000
TN,Waverly,56,10395000
TN,Waynesboro,10,4164000
TN,Westmoreland,6,3400000
TN,Westport,2,346000
TN,White Bluff,6,624000
TN,White House,120,18984000
TN,White Pine,30,7430000
TN,Whites Creek,313,48549000
TN,Whitesburg,2,1220000
TN,Whiteside,2,208000
TN,Whitwell,9,1024000
TN,Wildersville,28,4027000
TN,Williamsport,3,1364000
TN,Williston,1,88000
TN,Winchester,21,4248000
TN,Winfield,1,88000
TN,Woodbury,14,2480000
TN,Woodlawn,3,2820000
TX,Abbott,2,900000
TX,Abernathy,1,88000
TX,Abilene,25,5089000
TX,Addison,66,6469000
TX,Adkins,1,96000
TX,Adrian,8,1642000
TX,Alamo,8,880000
TX,Albany,3,336000
TX,Aledo,100,18158000
TX,Allen,282,33679000
TX,Alleyton,7,3794000
TX,Alto,1,144000
TX,Alvarado,47,6505000
TX,Alvin,11,1236000
TX,Amarillo,33,10749000
TX,Amherst,3,1663000
TX,Anahuac,5,1010000
TX,Andrews,15,14660000
TX,Angleton,22,2296000
TX,Anna,25,4184000
TX,Anson,1,88000
TX,Archer City,4,528000
TX,Argyle,56,9305000
TX,Arlington,1651,270420000
TX,Atascosa,4,512000
TX,Athens,7,2902000
TX,Atlanta,1,120000
TX,Aubrey,1,1500000
TX,Austin,20829,2371761000
TX,Azle,5,456000
TX,Baird,6,4169000
TX,Balch Springs,464,102148000
TX,Balmorhea,11,4983000
TX,Barksdale,3,336000
TX,Barstow,1,80000
TX,Bartlett,1,15000
TX,Bastrop,8,735000
TX,Baytown,141,37379000
TX,Beasley,7,1760000
TX,Beaumont,58,17331000
TX,Bedford,239,28292000
TX,Bee Cave,4,336000
TX,Beeville,2,1300000
TX,Bellaire,194,34507000
TX,Bellevue,3,474000
TX,Bells,4,3000000
TX,Bellville,1,144000
TX,Belton,8,3282000
TX,Benbrook,1,120000
TX,Big Spring,18,6486000
TX,Bishop,2,396000
TX,Bivins,4,3216000
TX,Bloomburg,4,1404000
TX,Bloomington,1,88000
TX,Boerne,58,14963000
TX,Bogata,1,1500000
TX,Borger,9,6240000
TX,Brackettville,4,496000
TX,Brashear,1,88000
TX,Brazoria,6,704000
TX,Breckenridge,2,200000
TX,Bremond,1,80000
TX,Brenham,2,176000
TX,Bridge City,2,184000
TX,Briggs,2,168000
TX,Brookshire,89,22849000
TX,Brownfield,1,144000
TX,Brownsville,4,367000
TX,Brownwood,7,7488000
TX,Bruceville,2,396000
TX,Bryan,17,1800000
TX,Buckholts,1,144000
TX,Buda,295,37403000
TX,Buffalo,4,770000
TX,Burkburnett,4,392000
TX,Burkeville,1,250000
TX,Burleson,184,34286000
TX,Burnet,1,80000
TX,Byers,2,264000
TX,Caddo Mills,5,479000
TX,Calvert,2,216000
TX,Cameron,8,880000
TX,Canadian,3,1984000
TX,Canton,5,464000
TX,Canyon,1,96000
TX,Carrollton,883,190207000
TX,Carthage,5,818000
TX,Castroville,4,2400000
TX,Catarina,3,1368000
TX,Cedar Creek,33,8726000
TX,Cedar Hill,54,6592000
TX,Cedar Park,149,16476000
TX,Centerville,3,240000
TX,Channelview,112,29741000
TX,Channing,2,1888000
TX,Chappell Hill,1,88000
TX,Childress,2,184000
TX,Chillicothe,5,528000
TX,Chilton,3,2444000
TX,Cisco,39,8655000
TX,Clarendon,8,3360000
TX,Clarksville,3,312000
TX,Claude,5,472000
TX,Cleburne,4,344000
TX,Cleveland,12,1983000
TX,Clint,40,7023000
TX,Clute,6,1568000
TX,Clyde,3,1530000
TX,College Station,6,680000
TX,Colleyville,7,720000
TX,Colmesneil,1,1000000
TX,Colorado City,12,4289000
TX,Columbus,9,1050000
TX,Comanche,8,792000
TX,Comfort,7,5964000
TX,Comstock,3,280000
TX,Concan,1,1100000
TX,Conroe,416,72497000
TX,Converse,110,25214000
TX,Coppell,91,11764000
TX,Copperas Cove,15,1624000
TX,Corpus Christi,28,6468000
TX,Corrigan,4,416000
TX,Corsicana,15,2455000
TX,Cotulla,16,5758000
TX,Coupland,46,8847000
TX,Coyanosa,4,1844000
TX,Crandall,9,900000
TX,Creedmoor,26,3066000
TX,Cresson,4,408000
TX,Crockett,6,640000
TX,Crosby,10,2174000
TX,Crossroads,1,96000
TX,Crowley,11,1136000
TX,Crystal City,6,4476000
TX,Cumby,5,496000
TX,Cypress,201,21421000
TX,Dale,20,4623000
TX,Dalhart,16,7151000
TX,Dallas,42573,6155544000
TX,Damon,3,272000
TX,Danbury,3,2008000
TX,Dawn,1,88000
TX,Dayton,2,184000
TX,De Berry,11,3928000
TX,De Leon,3,248000
TX,Decatur,11,1960000
TX,Deer Park,58,6346000
TX,Del Rio,3,1724000
TX,Del Valle,910,97281000
TX,Dell City,2,224000
TX,Denison,2,455000
TX,Denton,881,199390000
TX,Desdemona,4,1484000
TX,Desoto,102,24145000
TX,Detroit,2,1144000
TX,Devine,2,750000
TX,Diboll,3,368000
TX,Dickinson,78,14230000
TX,Dilley,9,1330000
TX,Dimmitt,8,5571000
TX,Donna,11,1063000
TX,Dripping Springs,25,2508000
TX,Dryden,8,1728000
TX,Dublin,1,96000
TX,Dumas,2,394000
TX,Duncanville,431,74577000
TX,Eagle Lake,3,1368000
TX,Early,1,88000
TX,East Bernard,5,755000
TX,Eastland,25,5426000
TX,Edcouch,10,5695000
TX,Eddy,5,1435000
TX,Eden,5,2556000
TX,Edinburg,45,5358000
TX,Edna,8,4196000
TX,El Campo,3,360000
TX,El Paso,2519,383426000
TX,Electra,13,1594000
TX,Elgin,99,9774000
TX,Elkhart,1,11000
TX,Elm Mott,2,208000
TX,Elmendorf,15,5520000
TX,Encinal,6,584000
TX,Ennis,63,19404000
TX,Etoile,1,375000
TX,Euless,218,22922000
TX,Fabens,7,760000
TX,Fairfield,2,224000
TX,Falfurrias,7,4692000
TX,Farwell,1,144000
TX,Fate,10,3475000
TX,Fayetteville,2,168000
TX,Ferris,91,17791000
TX,Flatonia,8,2064000
TX,Flint,5,584000
TX,Florence,13,3013000
TX,Floydada,4,400000
TX,Fluvanna,1,300000
TX,Forest Hill,32,6284000
TX,Forney,384,69296000
TX,Forreston,12,3245000
TX,Fort Bliss,32,3508000
TX,Fort Davis,14,1628000
TX,Fort Hancock,22,6016000
TX,Fort Hood,11,1304000
TX,Fort Stockton,31,12038000
TX,Fort Worth,6571,1178220000
TX,Frankston,1,96000
TX,Fredericksburg,12,4540000
TX,Freeport,9,4021000
TX,Freer,1,88000
TX,Fresno,1,88000
TX,Friendswood,107,18057000
TX,Frisco,57,6998000
TX,Fritch,2,1344000
TX,Gail,1,96000
TX,Gainesville,6,704000
TX,Galena Park,4,464000
TX,Galveston,61,15629000
TX,Ganado,2,176000
TX,Garden City,2,192000
TX,Garland,1085,191192000
TX,Garrison,1,250000
TX,Garwood,1,88000
TX,Gary,1,120000
TX,Gatesville,3,336000
TX,George West,1,88000
TX,Georgetown,221,42097000
TX,Giddings,3,320000
TX,Gilmer,3,312000
TX,Gladewater,3,846000
TX,Godley,1,80000
TX,Goldsmith,3,274000
TX,Goldthwaite,7,751000
TX,Goliad,7,1994000
TX,Goodrich,1,144000
TX,Gordon,6,2507000
TX,Graford,4,472000
TX,Graham,3,432000
TX,Granbury,2,176000
TX,Grand Prairie,1267,238488000
TX,Grandview,28,6966000
TX,Granger,1,96000
TX,Grapeland,3,215000
TX,Grapevine,262,29012000
TX,Greenville,11,1717000
TX,Groom,7,1800000
TX,Groves,2,240000
TX,Groveton,4,612000
TX,Gruver,2,184000
TX,Hale Center,1,88000
TX,Hallsville,8,3173000
TX,Haltom City,118,15214000
TX,Hamilton,3,352000
TX,Hamlin,1,1500000
TX,Hamshire,3,551000
TX,Harker Heights,1,80000
TX,Harlingen,2,240000
TX,Harper,3,280000
TX,Harrold,2,200000
TX,Harwood,3,1740000
TX,Haskell,6,2984000
TX,Haslet,29,3192000
TX,Hawley,3,4000000
TX,Hemphill,3,1176000
TX,Hempstead,42,6967000
TX,Henderson,4,392000
TX,Henrietta,13,2380000
TX,Hereford,27,14293000
TX,Hickory Creek,8,1903000
TX,Hidalgo,1,80000
TX,Highlands,11,1160000
TX,Hillsboro,26,8166000
TX,Hitchcock,21,6178000
TX,Hobson,2,1180000
TX,Hockley,48,9513000
TX,Holliday,4,384000
TX,Hondo,3,336000
TX,Hooks,8,2855000
TX,Horizon City,1,88000
TX,Horseshoe Bay,1,120000
TX,Houston,44363,5987165000
TX,Howe,2,463000
TX,Huffman,38,5524000
TX,Humble,688,106919000
TX,Huntsville,14,1882000
TX,Hurst,304,52909000
TX,Hutchins,129,36358000
TX,Hutto,53,5654000
TX,Idalou,5,1600000
TX,Industry,1,120000
TX,Inez,3,264000
TX,Iola,2,208000
TX,Iowa Park,9,808000
TX,Irving,1850,243511000
TX,Italy,11,3527000
TX,Jacksonville,5,544000
TX,Jarrell,20,2409000
TX,Jasper,1,300000
TX,Jbsa Ft Sam Houston,3,288000
TX,Jbsa Lackland,4,408000
TX,Jefferson,14,3396000
TX,Jersey Village,3,264000
TX,Jonestown,21,2204000
TX,Joshua,1,120000
TX,Junction,10,6209000
TX,Justiceburg,6,688000
TX,Justin,20,6830000
TX,Karnes City,7,5720000
TX,Katy,301,64320000
TX,Kaufman,3,1424000
TX,Keller,4,376000
TX,Kemah,1,120000
TX,Kemp,1,12000
TX,Kendleton,1,88000
TX,Kennard,2,184000
TX,Kennedale,18,4581000
TX,Kermit,29,13644000
TX,Kerrville,6,1508000
TX,Kilgore,6,2674000
TX,Killeen,1,88000
TX,Kingsbury,3,1968000
TX,Kingwood,533,61724000
TX,Knox City,1,80000
TX,Krum,1,96000
TX,Kyle,139,24016000
TX,La Feria,1,96000
TX,La Grange,13,1392000
TX,La Marque,50,13936000
TX,La Porte,87,16895000
TX,La Pryor,3,288000
TX,La Ward,1,1500000
TX,Lago Vista,13,1276000
TX,Lake Dallas,224,49984000
TX,Lake Jackson,16,1965000
TX,Lakeway,12,1216000
TX,Lamesa,4,1544000
TX,Lampasas,2,2200000
TX,Lancaster,433,81443000
TX,Langtry,2,224000
TX,Laredo,41,17581000
TX,League City,98,20819000
TX,Leander,200,20755000
TX,Ledbetter,4,464000
TX,Leonard,2,1588000
TX,Levelland,5,3794000
TX,Lewisville,924,183164000
TX,Liberty,6,552000
TX,Liberty Hill,15,5643000
TX,Lindale,7,2704000
TX,Linden,7,1616000
TX,Linn,2,200000
TX,Little Elm,2,156000
TX,Littlefield,10,2670000
TX,Live Oak,13,3934000
TX,Liverpool,2,160000
TX,Livingston,2,264000
TX,Llano,2,208000
TX,Lockhart,41,6483000
TX,Lockney,1,120000
TX,Lolita,3,3096000
TX,Long Branch,11,3660000
TX,Longview,43,6269000
TX,Loraine,2,1450000
TX,Lorena,2,2250000
TX,Los Fresnos,1,80000
TX,Louise,2,176000
TX,Lubbock,31,6518000
TX,Lufkin,11,1486000
TX,Luling,16,4309000
TX,Lytle,3,1100000
TX,Mabank,4,360000
TX,Madisonville,1,80000
TX,Magnolia,28,2608000
TX,Malakoff,4,3232000
TX,Manchaca,74,8108000
TX,Manor,1332,140330000
TX,Mansfield,72,9188000
TX,Manvel,47,7935000
TX,Marathon,1,144000
TX,Marble Falls,24,2561000
TX,Marfa,1,144000
TX,Marion,25,7426000
TX,Marlin,11,12780000
TX,Marshall,17,3457000
TX,Mart,1,120000
TX,Mason,2,232000
TX,Mathis,6,2339000
TX,Maxwell,1,10000
TX,Mc Gregor,15,1592000
TX,McAllen,16,1802000
TX,McGregor,1,96000
TX,McKinney,213,24454000
TX,McLean,2,1588000
TX,Meadow,10,3796000
TX,Meadows Place,3,312000
TX,Melissa,21,2256000
TX,Memphis,4,1456000
TX,Menard,3,2080000
TX,Mentone,6,3704000
TX,Mercedes,2,264000
TX,Merkel,3,655000
TX,Mesquite,2715,507602000
TX,Midkiff,3,256000
TX,Midland,65,27986000
TX,Midlothian,15,1456000
TX,Milano,2,208000
TX,Milford,17,3763000
TX,Millsap,14,3796000
TX,Mineola,6,3716000
TX,Mineral Wells,2,160000
TX,Mingus,4,612000
TX,Mission,48,4825000
TX,Missouri City,130,17262000
TX,Monahans,12,4262000
TX,Montalba,3,384000
TX,Montgomery,20,1942000
TX,Moore,1,80000
TX,Moulton,3,264000
TX,Mount Pleasant,4,909000
TX,Mountain Home,2,2175000
TX,Mt Enterprise,1,300000
TX,Mt Pleasant,2,1188000
TX,Muenster,2,240000
TX,Muleshoe,6,5444000
TX,Mullin,2,216000
TX,Munday,1,144000
TX,Nacogdoches,9,4304000
TX,Naples,9,912000
TX,Natalia,1,450000
TX,Navasota,8,956000
TX,Nederland,2,208000
TX,Needville,6,584000
TX,Nevada,1,80000
TX,New Boston,2,394000
TX,New Braunfels,206,50672000
TX,New Caney,31,4363000
TX,New Waverly,3,288000
TX,Newcastle,1,144000
TX,Nixon,2,240000
TX,Nocona,5,528000
TX,Normanna,1,80000
TX,North Richland Hills,223,41526000
TX,Northeast Dallas,2,216000
TX,Oakhurst,3,4100000
TX,Odem,1,80000
TX,Odessa,57,17762000
TX,Odonnell,1,80000
TX,Oklaunion,5,1440000
TX,Olton,2,240000
TX,Orange,14,6890000
TX,Paducah,2,21000
TX,Paige,1,120000
TX,Palacios,1,144000
TX,Palestine,7,2780000
TX,Palmer,29,6342000
TX,Palmview,1,88000
TX,Pampa,7,4352000
TX,Panhandle,6,1797000
TX,Pantego,1,88000
TX,Pasadena,259,36828000
TX,Pearland,52,6462000
TX,Pearsall,10,6308000
TX,Pecos,35,19198000
TX,Penitas,1,88000
TX,Perryton,4,2976000
TX,Petrolia,5,1456000
TX,Pflugerville,993,116279000
TX,Pharr,13,5821000
TX,Pilot Point,1,80000
TX,Pinehurst,8,706000
TX,Pipe Creek,1,96000
TX,Plains,2,2900000
TX,Plainview,8,6668000
TX,Plano,847,92546000
TX,Plantersville,2,208000
TX,Pleasanton,7,2047000
TX,Pointblank,1,120000
TX,Ponder,1,120000
TX,Port Arthur,2,224000
TX,Port Bolivar,1,144000
TX,Port Isabel,1,80000
TX,Port Lavaca,9,4220000
TX,Port O Connor,1,144000
TX,Porter,62,9307000
TX,Portland,11,4640000
TX,Post,4,1320000
TX,Princeton,4,384000
TX,Prosper,3,296000
TX,Quanah,1,80000
TX,Queen City,4,2508000
TX,Quitman,4,1520000
TX,Ralls,2,240000
TX,Randolph,2,1644000
TX,Ranger,11,1096000
TX,Ravenna,2,1096000
TX,Raymondville,4,1444000
TX,Red Oak,58,11170000
TX,Red Rock,1,120000
TX,Rhome,1,144000
TX,Rice,8,3054000
TX,Richards,1,120000
TX,Richardson,1041,115943000
TX,Richland Hills,6,744000
TX,Richland Springs,1,80000
TX,Richmond,41,5702000
TX,Riesel,1,120000
TX,Rio Grande City,5,488000
TX,Rio Vista,1,96000
TX,Rising Star,3,3444000
TX,Riviera,6,4768000
TX,Roanoke,88,19216000
TX,Robinson,1,375000
TX,Robstown,1,144000
TX,Rocksprings,1,88000
TX,Rockwall,506,110781000
TX,Roosevelt,2,575000
TX,Roscoe,13,3150000
TX,Rosenberg,19,2705000
TX,Rosharon,21,3790000
TX,Rotan,4,2251000
TX,Round Mountain,11,1012000
TX,Round Rock,537,94730000
TX,Round Top,1,120000
TX,Rowlett,199,44275000
TX,Roxton,1,96000
TX,Royse City,191,40975000
TX,Rule,1,80000
TX,Runge,4,2508000
TX,Sabinal,2,1880000
TX,Sachse,9,874000
TX,Saginaw,4,456000
TX,Saint Jo,2,224000
TX,Salado,7,2194000
TX,Salt Flat,11,2580000
TX,Saltillo,1,300000
TX,San Angelo,2,1188000
TX,San Antonio,8794,1458029000
TX,San Augustine,1,88000
TX,San Benito,4,360000
TX,San Elizario,13,1320000
TX,San Juan,4,472000
TX,San Marcos,243,61673000
TX,Sanger,114,24976000
TX,Santa Fe,5,1798000
TX,Santo,15,4330000
TX,Savoy,7,7024000
TX,Schertz,232,45511000
TX,Schulenburg,4,336000
TX,Seabrook,1,275000
TX,Seadrift,3,384000
TX,Seagoville,46,4808000
TX,Sealy,18,2756000
TX,Seguin,48,11819000
TX,Selma,14,4994000
TX,Seminole,1,80000
TX,Seymour,6,688000
TX,Shallowater,14,6816000
TX,Shamrock,4,1250000
TX,Shenandoah,3,360000
TX,Shepherd,13,5524000
TX,Sheppard AFB,5,480000
TX,Sherman,5,1392000
TX,Shiner,1,144000
TX,Sierra Blanca,9,2975000
TX,Silsbee,1,96000
TX,Simms,1,375000
TX,Sinton,1,96000
TX,Slaton,2,240000
TX,Smithville,1,80000
TX,Snyder,2,216000
TX,Socorro,15,1600000
TX,Somerville,1,120000
TX,Sonora,3,1992000
TX,South Houston,13,1279000
TX,Southlake,72,10294000
TX,Spicewood,152,23426000
TX,Splendora,12,1088000
TX,Spring,749,141662000
TX,Springlake,2,200000
TX,Springtown,2,184000
TX,Stafford,119,17979000
TX,Stanton,19,6448000
TX,Stephenville,6,720000
TX,Sterling City,5,1664000
TX,Stinnett,3,272000
TX,Stratford,15,9304000
TX,Strawn,1,96000
TX,Streetman,2,700000
TX,Sugar Land,142,27740000
TX,Sullivan City,1,18000
TX,Summerfield,2,519000
TX,Sunnyvale,227,24506000
TX,Sunset,1,96000
TX,Sunset Valley,6,495000
TX,Sweeny,3,368000
TX,Sweetwater,13,3483000
TX,Talco,1,96000
TX,Talpa,5,2636000
TX,Tatum,1,120000
TX,Taylor,6,642000
TX,Teague,1,250000
TX,Temple,17,2020000
TX,Tenaha,1,18000
TX,Tennessee Colony,5,2556000
TX,Terrell,196,46934000
TX,Texarkana,45,15091000
TX,Texas City,28,4900000
TX,The Colony,13,1352000
TX,The Hills,4,392000
TX,Thorndale,4,1328000
TX,Thrall,2,132000
TX,Tilden,1,1800000
TX,Timpson,7,3480000
TX,Tomball,134,22902000
TX,Trent,1,250000
TX,Trenton,1,88000
TX,Trinity,2,264000
TX,Troy,1,80000
TX,Tyler,2189,236862000
TX,Universal City,13,3412000
TX,Uvalde,8,4572000
TX,Van,6,831000
TX,Van Horn,19,10697000
TX,Vancourt,1,80000
TX,Vega,3,1519000
TX,Venus,8,1876000
TX,Vernon,3,1764000
TX,Victoria,15,1850000
TX,Vidor,1,450000
TX,Volente,7,800000
TX,Von Ormy,83,18097000
TX,Waco,101,19965000
TX,Waelder,1,450000
TX,Waller,17,5624000
TX,Wallis,4,3468000
TX,Wallisville,6,1272000
TX,Waskom,9,3572000
TX,Watauga,1,80000
TX,Waxahachie,104,24282000
TX,Weatherford,192,35309000
TX,Webberville,8,764000
TX,Webster,258,46143000
TX,Weimar,3,384000
TX,Weinert,1,80000
TX,Weslaco,12,975000
TX,West,9,3624000
TX,West Columbia,2,176000
TX,West Lake Hills,38,4128000
TX,Westbrook,17,4507000
TX,Wharton,15,4048000
TX,Whitehouse,3,272000
TX,Whitesboro,2,168000
TX,Whitewright,3,1368000
TX,Whitney,1,120000
TX,Wichita Falls,923,99947000
TX,Wildorado,10,1904000
TX,Willis,42,9794000
TX,Wills Point,33,8779000
TX,Wilmer,41,10067000
TX,Wilson,1,80000
TX,Windcrest,1,80000
TX,Windthorst,2,160000
TX,Winfield,1,275000
TX,Wingate,1,144000
TX,Wink,2,2100000
TX,Winnie,6,3090000
TX,Winnsboro,3,360000
TX,Winona,6,1104000
TX,Winters,1,275000
TX,Woodsboro,1,96000
TX,Woodville,4,344000
TX,Woodway,2,224000
TX,Wylie,3,175000
TX,Yorktown,2,1144000
TX,Zephyr,4,4144000
UT,Alpine,19,3656000
UT,Altamont,7,920000
UT,Alton,5,672000
UT,American Fork,365,64922000
UT,Aneth,19,1872000
UT,Antimony,5,512000
UT,Apple Valley,3,280000
UT,Aurora,15,1632000
UT,Axtell,1,88000
UT,Ballard,1,96000
UT,Beaver,220,27705000
UT,Beryl,12,1370000
UT,Bicknell,1,144000
UT,Blanding,41,4064000
UT,Bluff,14,1472000
UT,Boulder,11,1072000
UT,Bountiful,169,21661000
UT,Brian Head,26,3704000
UT,Brigham City,239,29844000
UT,Brighton,10,1064000
UT,Bryce,12,1200000
UT,Bryce Canyon City,3,304000
UT,Cannonville,4,432000
UT,Castle Dale,8,690000
UT,Cedar City,502,59353000
UT,Cedar Valley,77,8114000
UT,Centerfield,5,640000
UT,Centerville,256,35362000
UT,Central,11,1104000
UT,Central Valley,1,144000
UT,Chester,13,1232000
UT,Circleville,3,272000
UT,Clearfield,543,71618000
UT,Cleveland,8,904000
UT,Coalville,407,52876000
UT,Collinston,19,2948000
UT,Corinne,13,1250000
UT,Croydon,5,1316000
UT,Dammeron Valley,6,616000
UT,Delta,52,5544000
UT,Deweyville,7,792000
UT,Draper,762,113304000
UT,Duchesne,100,10755000
UT,Duck Creek Village,2,160000
UT,Dugway,88,10791000
UT,Dutch John,12,2175000
UT,Eagle Mountain,15,1752000
UT,East Carbon,17,1840000
UT,Eden,15,1472000
UT,Elberta,6,503000
UT,Elmo,15,1496000
UT,Elsinore,1,88000
UT,Emery,1,80000
UT,Enterprise,9,912000
UT,Ephraim,28,2936000
UT,Escalante,7,696000
UT,Eureka,22,2152000
UT,Fairview,178,18630000
UT,Farmington,350,49055000
UT,Fayette,9,803000
UT,Ferron,76,8399000
UT,Fillmore,358,45310000
UT,Fort Duchesne,16,1640000
UT,Fountain Green,10,944000
UT,Fruit Heights,3,272000
UT,Fruitland,6,680000
UT,Garland,49,5937000
UT,Garrison,9,1024000
UT,Genola,2,200000
UT,Glendale,9,1032000
UT,Glenwood,1,96000
UT,Goshen,2,216000
UT,Grantsville,211,30079000
UT,Green River,171,24565000
UT,Greenville,22,2144000
UT,Greenwich,3,304000
UT,Grouse Creek,13,1336000
UT,Gunnison,11,1152000
UT,Hanksville,31,3184000
UT,Hanna,1,80000
UT,Hatch,6,600000
UT,Heber City,597,79286000
UT,Helper,98,10795000
UT,Henefer,17,1855000
UT,Henrieville,5,408000
UT,Herriman,47,8110000
UT,Highland,10,960000
UT,Hildale,3,256000
UT,Hill AFB,3,482000
UT,Hinckley,1,96000
UT,Holden,17,1856000
UT,Honeyville,50,6647000
UT,Hooper,2,184000
UT,Howell,16,1640000
UT,Huntington,45,7338000
UT,Huntsville,56,7460000
UT,Hurricane,226,25957000
UT,Hyde Park,2,264000
UT,Hyrum,1,120000
UT,Jensen,20,2000000
UT,Joseph,29,3055000
UT,Junction,2,224000
UT,Kamas,117,12618000
UT,Kanab,18,2187000
UT,Kanarraville,20,2255000
UT,Kanosh,80,8914000
UT,Kaysville,443,56738000
UT,Kingston,7,640000
UT,Koosharem,10,976000
UT,La Sal,7,728000
UT,La Verkin,4,368000
UT,Lake Powell,5,464000
UT,Layton,488,67137000
UT,Leamington,4,384000
UT,Leeds,10,3058000
UT,Lehi,601,90380000
UT,Levan,7,703000
UT,Lindon,193,25355000
UT,Loa,8,808000
UT,Logan,68,8413000
UT,Lyman,2,240000
UT,Lynndyl,2,264000
UT,Magna,280,32431000
UT,Manila,13,1223000
UT,Manti,25,2680000
UT,Mantua,26,2928000
UT,Mapleton,6,458000
UT,Marysvale,14,1512000
UT,Mayfield,2,200000
UT,Meadow,10,992000
UT,Mendon,1,88000
UT,Mexican Hat,30,3224000
UT,Midvale,473,69572000
UT,Midway,23,2322000
UT,Milford,50,5575000
UT,Moab,104,10656000
UT,Modena,14,1504000
UT,Mona,103,10872000
UT,Monroe,34,3664000
UT,Monticello,88,9352000
UT,Morgan,241,29668000
UT,Moroni,6,744000
UT,Mount Pleasant,37,3904000
UT,Mountain Home,14,1488000
UT,Mt Carmel,2,216000
UT,Mt Pleasant,8,751000
UT,Myton,10,782000
UT,Nephi,389,45071000
UT,New Harmony,101,19055000
UT,Newcastle,6,696000
UT,North Davis,1,96000
UT,North Salt Lake,407,56125000
UT,Oak City,1,144000
UT,Oakley,3,312000
UT,Ogden,2464,314583000
UT,Orangeville,6,528000
UT,Orderville,3,320000
UT,Orem,456,64965000
UT,Panguitch,68,8092000
UT,Paragonah,152,18676000
UT,Park City,849,110189000
UT,Park Valley,25,2528000
UT,Parowan,45,4640000
UT,Payson,132,18706000
UT,Peoa,48,6216000
UT,Pine Valley,2,176000
UT,Pleasant Grove,134,24353000
UT,Plymouth,4,424000
UT,Portage,32,4409000
UT,Price,74,9714000
UT,Provo,534,75417000
UT,Randlett,7,680000
UT,Redmond,5,552000
UT,Richfield,233,26594000
UT,Richmond,2,184000
UT,Riverside,1,80000
UT,Riverton,193,23948000
UT,Rockville,4,360000
UT,Roosevelt,44,4546000
UT,Roy,459,55596000
UT,Rush Valley,25,2596000
UT,Saint George,149,20359000
UT,Salem,3,304000
UT,Salina,157,19680000
UT,Salt Lake City,5823,830147000
UT,Sandy,623,84700000
UT,Santaquin,102,17202000
UT,Saratoga Springs,108,15534000
UT,Scipio,40,4566000
UT,Sevier,136,15535000
UT,Sigurd,26,2792000
UT,Skull Valley,8,912000
UT,Smithfield,4,424000
UT,Snowville,228,27147000
UT,South Jordan,270,40573000
UT,South Salt Lake,26,2896000
UT,Spanish Fork,411,60548000
UT,Spring City,3,312000
UT,Springdale,7,672000
UT,Springville,157,21037000
UT,Springville-Mapleton,69,8279000
UT,St George,71,10697000
UT,Sterling,1,96000
UT,Stockton,58,6240000
UT,Summit,35,3776000
UT,Syracuse,107,10731000
UT,Tabiona,6,624000
UT,Talmage,28,2728000
UT,Taylorsville,42,4151000
UT,Teasdale,13,1448000
UT,Thompson,253,29583000
UT,Tooele,533,62375000
UT,Toquerville,24,2921000
UT,Torrey,12,2111000
UT,Tremonton,127,16230000
UT,Trenton,3,360000
UT,Tropic,6,592000
UT,Vernal,129,14677000
UT,Vernon,20,2119000
UT,Veyo,7,776000
UT,Vineyard,5,536000
UT,Virgin,14,2328000
UT,Wales,1,80000
UT,Wallsburg,56,5940000
UT,Washington,109,17065000
UT,Wellington,20,2184000
UT,Wellsville,31,3991000
UT,Wendover,222,29701000
UT,West Haven,33,3707000
UT,West Jordan,345,41985000
UT,West Valley City,1170,140385000
UT,Whiterocks,11,1192000
UT,Willard,138,20776000
UT,Woodruff,1,120000
UT,Woods Cross,238,32303000
VA,Abingdon,347,84957000
VA,Accomac,21,6052000
VA,Afton,152,42831000
VA,Alberta,126,30628000
VA,Aldie,208,45650000
VA,Alexandria,2808,421825000
VA,Altavista,42,10128000
VA,Alton,18,5831000
VA,Amelia Court House,190,80364000
VA,Amherst,67,19492000
VA,Amissville,13,4576000
VA,Annandale,672,102947000
VA,Appomattox,44,17992000
VA,Ararat,11,6156000
VA,Arlington,2536,387001000
VA,Arrington,31,6351000
VA,Ashburn,831,134132000
VA,Ashland,1051,167496000
VA,Assawoman,3,1416000
VA,Atkins,64,14143000
VA,Atlantic,2,1888000
VA,Austinville,196,29634000
VA,Axton,30,14520000
VA,Aylett,28,14148000
VA,Bandy,4,1820000
VA,Barboursville,74,13992000
VA,Barhamsville,31,11870000
VA,Barren Springs,2,1620000
VA,Baskerville,22,9876000
VA,Bassett,98,43645000
VA,Bastian,66,16891000
VA,Basye,3,2188000
VA,Bealeton,288,71685000
VA,Beaverdam,7,3784000
VA,Bedford,160,81262000
VA,Belle Haven,4,1508000
VA,Belspring,2,1296000
VA,Bent Mountain,1,120000
VA,Bentonville,11,5748000
VA,Bergton,9,5076000
VA,Berryville,223,47559000
VA,Big Island,19,10460000
VA,Big Rock,4,3200000
VA,Big Stone Gap,22,6616000
VA,Birdsnest,8,1712000
VA,Blacksburg,38,5956000
VA,Blackstone,106,35475000
VA,Blairs,42,12912000
VA,Bland,139,24632000
VA,Bloxom,16,4732000
VA,Blue Ridge,51,16240000
VA,Bluefield,21,7715000
VA,Bluemont,77,17936000
VA,Boones Mill,104,25406000
VA,Boston,4,2740000
VA,Bowling Green,93,33639000
VA,Boyce,53,16792000
VA,Boydton,90,33001000
VA,Bracey,75,28319000
VA,Brandy Station,20,1875000
VA,Bremo Bluff,30,12352000
VA,Bridgewater,42,24486000
VA,Brightwood,2,200000
VA,Bristol,290,60374000
VA,Bristow,105,19532000
VA,Broad Run,84,29133000
VA,Broadlands,5,520000
VA,Broadway,193,61011000
VA,Brodnax,178,49267000
VA,Brookland,1,375000
VA,Brookneal,13,6100000
VA,Bruington,1,88000
VA,Buchanan,419,87157000
VA,Buckingham,15,5183000
VA,Buena Vista,43,27042000
VA,Buffalo Junction,36,9028000
VA,Bumpass,26,15188000
VA,Burgess,8,4860000
VA,Burke,228,28976000
VA,Burkeville,75,22752000
VA,Callao,43,20743000
VA,Callaway,18,12932000
VA,Cana,135,23679000
VA,Cape Charles,103,32195000
VA,Capron,34,10064000
VA,Caret,12,3732000
VA,Carrollton,172,37144000
VA,Carrsville,16,8492000
VA,Carson,67,30843000
VA,Cartersville,10,7536000
VA,Cascade,6,2004000
VA,Castlewood,14,10492000
VA,Catawba,1,120000
VA,Catharpin,9,3236000
VA,Catlett,133,62848000
VA,Cedar Bluff,11,5254000
VA,Center Cross,20,8548000
VA,Centreville,1830,268011000
VA,Ceres,3,1332000
VA,Champlain,28,11915000
VA,Chantilly,967,135332000
VA,Charles City,156,69218000
VA,Charlotte Court House,14,6300000
VA,Charlottesville,1642,419294000
VA,Chase City,94,40488000
VA,Chatham,105,35131000
VA,Chesapeake,3403,608100000
VA,Chester,1101,163292000
VA,Chesterfield,688,106941000
VA,Chilhowie,87,19219000
VA,Chincoteague,4,1780000
VA,Christiansburg,381,60246000
VA,Church Road,27,10891000
VA,Church View,15,6215000
VA,Churchville,42,25176000
VA,Clarksville,57,20508000
VA,Claudville,11,8356000
VA,Clear Brook,128,36961000
VA,Cleveland,4,2432000
VA,Clifton,150,24884000
VA,Clifton Forge,78,23180000
VA,Clinchco,12,9108000
VA,Clintwood,5,2144000
VA,Clover,8,3528000
VA,Cloverdale,27,4880000
VA,Cobbs Creek,9,3584000
VA,Coeburn,22,7688000
VA,Coleman Falls,3,1176000
VA,Collinsville,15,9278000
VA,Colonial Beach,52,21496000
VA,Colonial Heights,572,106047000
VA,Concord,31,7568000
VA,Copper Hill,14,9172000
VA,Courtland,46,17556000
VA,Covesville,17,2770000
VA,Covington,201,61347000
VA,Craigsville,18,11664000
VA,Crewe,70,25944000
VA,Criders,4,3200000
VA,Crimora,33,13076000
VA,Cripple Creek,5,1352000
VA,Crockett,4,3540000
VA,Cross Junction,35,8975000
VA,Crozet,159,55077000
VA,Crozier,3,312000
VA,Cullen,5,3268000
VA,Culpeper,198,62272000
VA,Cumberland,48,30067000
VA,Dahlgren,9,3092000
VA,Daleville,63,13575000
VA,Damascus,4,408000
VA,Dante,6,3328000
VA,Danville,93,37194000
VA,Dayton,41,25740000
VA,Delaplane,179,54018000
VA,Deltaville,18,8040000
VA,Dendron,11,8948000
VA,DeWitt,96,29381000
VA,Dillwyn,54,29516000
VA,Dinwiddie,195,55255000
VA,Disputanta,50,24348000
VA,Dolphin,27,3912000
VA,Doswell,373,41698000
VA,Drakes Branch,23,13062000
VA,Draper,153,27431000
VA,Drewryville,29,5058000
VA,Dry Fork,13,4316000
VA,Dryden,6,2548000
VA,Dublin,157,28947000
VA,Duffield,28,9190000
VA,Dugspur,2,264000
VA,Dumfries,935,125076000
VA,Dundas,9,2268000
VA,Dunn Loring,208,31833000
VA,Dunnsville,46,27140000
VA,Dutton,16,8460000
VA,Dyke,6,3688000
VA,Eagle Rock,52,19940000
VA,Earlysville,30,16704000
VA,Ebony,5,1592000
VA,Edinburg,215,67472000
VA,Elberon,9,4968000
VA,Elkton,146,69512000
VA,Elkwood,30,9950000
VA,Elliston,332,65294000
VA,Emporia,257,57721000
VA,Esmont,8,6696000
VA,Evington,31,7632000
VA,Ewing,1,120000
VA,Exmore,42,9632000
VA,Faber,39,11532000
VA,Fairfax,3386,481712000
VA,Fairfax Station,414,52138000
VA,Fairfield,118,20129000
VA,Falls Church,1484,231948000
VA,Fancy Gap,155,33328000
VA,Farmville,76,35520000
VA,Farnham,29,11663000
VA,Ferrum,22,13792000
VA,Fieldale,41,16232000
VA,Fincastle,156,41115000
VA,Fishersville,139,43384000
VA,Flint Hill,2,1880000
VA,Floyd,45,21032000
VA,Ford,19,6020000
VA,Forest,119,49768000
VA,Fork Union,13,4364000
VA,Fort A P Hill,1,144000
VA,Fort Belvoir,54,5936000
VA,Fort Blackmore,4,2104000
VA,Fort Defiance,40,16608000
VA,Fort Eustis,2,264000
VA,Fort Lee,1,80000
VA,Fort Monroe,99,19107000
VA,Fort Myer,64,6850000
VA,Fort Valley,22,14484000
VA,Foster,9,5676000
VA,Franklin,48,24188000
VA,Franktown,4,1496000
VA,Fredericksburg,3635,638862000
VA,Free Union,2,1080000
VA,Freeman,29,6622000
VA,Front Royal,259,64728000
VA,Fulks Run,35,22880000
VA,Gainesville,395,51534000
VA,Galax,17,7336000
VA,Gasburg,13,5832000
VA,Gate City,32,13340000
VA,Glade Hill,25,8459000
VA,Glade Spring,120,31702000
VA,Gladstone,34,19800000
VA,Gladys,38,18464000
VA,Glasgow,150,36550000
VA,Glen Allen,1341,159719000
VA,Glen Lyn,1,96000
VA,Gloucester,313,113563000
VA,Gloucester Point,25,3660000
VA,Goldvein,12,5420000
VA,Goochland,53,14456000
VA,Goode,48,19364000
VA,Goodview,19,12358000
VA,Gordonsville,158,51461000
VA,Gore,37,11416000
VA,Goshen,54,19205000
VA,Great Falls,141,31139000
VA,Green Bay,17,9816000
VA,Greenbush,5,2364000
VA,Greenville,263,60353000
VA,Greenwood,182,31599000
VA,Gretna,90,38373000
VA,Grottoes,56,31568000
VA,Grundy,21,9912000
VA,Gum Spring,72,10788000
VA,Hague,27,16632000
VA,Halifax,49,20040000
VA,Hallwood,14,3584000
VA,Hamilton,155,38840000
VA,Hampton,1919,362191000
VA,Hanover,18,2032000
VA,Hardy,35,14320000
VA,Hardyville,6,1456000
VA,Harrisonburg,803,198741000
VA,Hartfield,22,6960000
VA,Hayes,137,26472000
VA,Haymarket,177,30159000
VA,Haysi,8,4736000
VA,Head Waters,10,4212000
VA,Heathsville,112,56622000
VA,Henrico,3515,408414000
VA,Henry,8,4904000
VA,Herndon,442,52280000
VA,Hillsville,239,47770000
VA,Hiltons,1,80000
VA,Hinton,11,2726000
VA,Honaker,14,6496000
VA,Hopewell,103,24615000
VA,Horntown,2,1920000
VA,Hot Springs,34,20448000
VA,Howardsville,10,6456000
VA,Huddleston,27,18228000
VA,Hudgins,2,216000
VA,Hume,5,4568000
VA,Huntly,6,5120000
VA,Hurley,4,1384000
VA,Hurt,6,552000
VA,Hustle,2,1144000
VA,Independence,7,2290000
VA,Irvington,5,2544000
VA,Ivor,25,5687000
VA,Jamaica,9,2268000
VA,Jarratt,148,29544000
VA,Java,13,8772000
VA,Jeffersonton,11,5152000
VA,Jetersville,59,20888000
VA,Jewell Ridge,3,2296000
VA,Jonesville,14,7520000
VA,Keeling,7,6268000
VA,Keene,2,184000
VA,Keezletown,4,3232000
VA,Kenbridge,51,12987000
VA,Kents Store,2,160000
VA,Keswick,184,57496000
VA,Keysville,52,16880000
VA,Kilmarnock,29,12360000
VA,King and Queen Court House,1,80000
VA,King George,601,210739000
VA,King William,45,15188000
VA,Kinsale,6,2336000
VA,La Crosse,105,25824000
VA,Lambsburg,43,9768000
VA,Lancaster,43,16360000
VA,Laneview,4,1796000
VA,Lanexa,382,75849000
VA,Laurel Fork,4,1280000
VA,Lawrenceville,107,35857000
VA,Lebanon,41,14016000
VA,Leesburg,975,188003000
VA,Leon,2,208000
VA,Lexington,376,84912000
VA,Lignum,9,4932000
VA,Linden,81,16950000
VA,Linville,12,7088000
VA,Little Plymouth,11,5640000
VA,Locust Grove,99,22722000
VA,Locust Hill,6,3716000
VA,Long Island,2,1144000
VA,Loretto,16,4620000
VA,Lorton,1761,242078000
VA,Lottsburg,19,10468000
VA,Louisa,283,73679000
VA,Lovettsville,89,35240000
VA,Lovingston,48,15388000
VA,Low Moor,1,88000
VA,Lunenburg,11,3170000
VA,Luray,207,108726000
VA,Lynch Station,10,4216000
VA,Lynchburg,340,100272000
VA,Lyndhurst,48,15703000
VA,Machipongo,4,472000
VA,Madison,40,14300000
VA,Madison Heights,100,33455000
VA,Maidens,96,23827000
VA,Manakin Sabot,136,28262000
VA,Manassas,2189,302406000
VA,Manassas Park,11,1152000
VA,Manquin,10,1152000
VA,Marion,237,51307000
VA,Markham,62,12517000
VA,Marshall,235,65645000
VA,Martinsville,146,76738000
VA,Mathews,7,1904000
VA,Mattaponi,15,1552000
VA,Maurertown,70,12944000
VA,Max Meadows,253,49707000
VA,Mc Clure,2,1088000
VA,Mc Dowell,3,1276000
VA,Mc Gaheysville,17,8080000
VA,Mc Kenney,88,24751000
VA,Mc Lean,1206,171162000
VA,McDowell,11,6476000
VA,McGaheysville,20,9420000
VA,McKenney,41,8470000
VA,McLean,426,57403000
VA,Meadows of Dan,13,5080000
VA,Meadowview,64,14088000
VA,Mechanicsville,535,86957000
VA,Meherrin,19,10920000
VA,Melfa,27,10132000
VA,Middlebrook,3,2444000
VA,Middleburg,55,21548000
VA,Middletown,284,54947000
VA,Midland,102,44438000
VA,Midlothian,1385,163645000
VA,Milford,37,13044000
VA,Millboro,4,3164000
VA,Millwood,4,552000
VA,Mineral,219,64643000
VA,Mitchells,5,2864000
VA,Moneta,97,48866000
VA,Monroe,27,12668000
VA,Monterey,42,28068000
VA,Montpelier,10,3372000
VA,Montross,58,25334000
VA,Montvale,13,3976000
VA,Moseley,108,15912000
VA,Mount Crawford,199,44805000
VA,Mount Jackson,109,22973000
VA,Mount Sidney,94,15981000
VA,Mount Solon,18,8264000
VA,Mouth Of Wilson,13,4332000
VA,Mt Crawford,83,15235000
VA,Mt Jackson,53,13924000
VA,Mt Sidney,31,6114000
VA,Mt Solon,9,6100000
VA,Narrows,13,3600000
VA,Nassawadox,16,3756000
VA,Nathalie,35,22406000
VA,Natural Bridge,144,34638000
VA,Natural Bridge Station,2,1580000
VA,Nellysford,3,312000
VA,Nelson,1,1200000
VA,New Canton,5,2160000
VA,New Castle,2,1244000
VA,New Church,54,19984000
VA,New Kent,309,79667000
VA,New Market,175,44212000
VA,Newport,7,800000
VA,Newport News,2031,339102000
VA,Newsoms,3,2396000
VA,Nickelsville,9,6784000
VA,Nokesville,94,18920000
VA,Nora,1,1200000
VA,Norfolk,5184,891544000
VA,North,15,6160000
VA,North Chesterfield,769,97149000
VA,North Dinwiddie,98,37367000
VA,North Garden,57,19300000
VA,North Prince George,9,1948000
VA,North Tazewell,20,6064000
VA,Norton,11,1024000
VA,Oak Hall,30,9200000
VA,Oakton,53,7196000
VA,Oakwood,8,1804000
VA,Occoquan,32,3376000
VA,Oilville,53,11061000
VA,Onancock,14,10112000
VA,Onley,21,4980000
VA,Orange,94,39364000
VA,Paeonian Springs,48,10512000
VA,Painter,25,4900000
VA,Palmyra,43,21240000
VA,Pamplin,22,13464000
VA,Pamplin City,6,2656000
VA,Paris,29,10464000
VA,Parksley,54,15720000
VA,Partlow,16,11488000
VA,Patrick Springs,13,6952000
VA,Pearisburg,22,10260000
VA,Pembroke,13,4698000
VA,Penhook,20,11324000
VA,Penn Laird,40,9812000
VA,Pennington Gap,35,12736000
VA,Petersburg,1148,249694000
VA,Phenix,3,2980000
VA,Piankatank,1,88000
VA,Pilot,3,1288000
VA,Pittsville,4,2144000
VA,Poquoson,10,844000
VA,Port Haywood,1,120000
VA,Port Republic,23,13472000
VA,Port Royal,51,13004000
VA,Portsmouth,785,142299000
VA,Pound,16,7224000
VA,Pounding Mill,18,6292000
VA,Powhatan,424,148438000
VA,Prince George,90,13499000
VA,Prospect,12,3468000
VA,Providence Forge,225,54029000
VA,Pulaski,99,20919000
VA,Purcellville,302,71636000
VA,Quantico,386,58875000
VA,Quicksburg,52,16343000
VA,Quinton,468,101126000
VA,Radford,145,21744000
VA,Randolph,4,408000
VA,Raphine,240,56225000
VA,Rapidan,20,8012000
VA,Rappahannock Academy,22,9779000
VA,Raven,11,1392000
VA,Red House,3,2288000
VA,Red Oak,6,2420000
VA,Reedville,15,7560000
VA,Remington,77,22338000
VA,Reston,229,27928000
VA,Reva,2,168000
VA,Rhoadesville,36,11680000
VA,Rice,36,16516000
VA,Rich Creek,11,5236000
VA,Richlands,6,3060000
VA,Richmond,13377,1772270000
VA,Ridgeway,76,20832000
VA,Rileyville,31,18192000
VA,Riner,6,2536000
VA,Ringgold,21,9452000
VA,Rixeyville,10,2872000
VA,Roanoke,911,153505000
VA,Rochelle,12,1192000
VA,Rockbridge Baths,4,2688000
VA,Rockingham,98,42254000
VA,Rockville,28,9429000
VA,Rocky Gap,50,11024000
VA,Rocky Mount,264,88760000
VA,Rose Hill,1,96000
VA,Rosedale,4,2112000
VA,Roseland,11,5168000
VA,Round Hill,111,21402000
VA,Ruckersville,185,48531000
VA,Rural Retreat,111,19919000
VA,Rustburg,68,15308000
VA,Ruther Glen,737,166571000
VA,Saint Paul,4,1420000
VA,Saint Stephens Church,8,1752000
VA,Salem,742,124773000
VA,Saltville,5,2520000
VA,Saluda,70,17500000
VA,Sandston,571,81570000
VA,Sandy Hook,1,88000
VA,Sandy Level,6,3372000
VA,Saxe,7,4204000
VA,Schuyler,12,7384000
VA,Scottsburg,17,10592000
VA,Scottsville,85,49192000
VA,Seaford,5,512000
VA,Sedley,1,88000
VA,Selma,3,1216000
VA,Shacklefords,17,4016000
VA,Shawsville,40,5050000
VA,Shenandoah,56,34736000
VA,Shipman,3,1276000
VA,Singers Glen,4,1444000
VA,Skippers,49,15819000
VA,Skipwith,17,6688000
VA,Smithfield,116,36612000
VA,Somerset,3,2008000
VA,South Boston,54,24627000
VA,South Chesterfield,189,26623000
VA,South Hill,172,47789000
VA,South Prince George,5,3616000
VA,Speedwell,1,96000
VA,Spencer,5,4176000
VA,Sperryville,14,9444000
VA,Spotsylvania,299,110715000
VA,Spout Spring,22,9127000
VA,Spring Grove,20,10860000
VA,Springfield,1928,277088000
VA,St Paul,4,2568000
VA,St Stephens Church,5,3128000
VA,Stafford,1880,314120000
VA,Staffordsville,5,2152000
VA,Stanardsville,63,31243000
VA,Stanley,87,52064000
VA,Stanleytown,15,4344000
VA,Star Tannery,15,6304000
VA,Staunton,804,232874000
VA,Steeles Tavern,22,2288000
VA,Stephens City,211,56786000
VA,Stephenson,8,3560000
VA,Sterling,1288,178080000
VA,Stevensburg,10,3500000
VA,Stony Creek,171,42839000
VA,Strasburg,325,92953000
VA,Stuart,93,50386000
VA,Stuarts Draft,69,30904000
VA,Suffolk,1441,292454000
VA,Sugar Grove,11,6976000
VA,Sumerduck,8,7024000
VA,Surry,22,9968000
VA,Sutherland,74,26807000
VA,Sutherlin,8,2700000
VA,Swoope,36,19940000
VA,Swords Creek,19,8816000
VA,Tappahannock,153,60768000
VA,Tazewell,14,8704000
VA,Temperanceville,25,7920000
VA,Thaxton,31,11904000
VA,The Plains,188,57847000
VA,Timberville,121,34716000
VA,Toano,250,53781000
VA,Toms Brook,155,42026000
VA,Topping,28,12552000
VA,Triangle,477,63201000
VA,Troutdale,9,3660000
VA,Troutville,198,48181000
VA,Troy,67,25881000
VA,Tyro,4,1384000
VA,Union Hall,13,6072000
VA,Unionville,36,13408000
VA,Upperville,20,6628000
VA,Urbanna,8,2888000
VA,Valentines,11,3992000
VA,Vansant,7,2752000
VA,Vernon Hill,18,11344000
VA,Verona,212,41154000
VA,Vesuvius,17,8580000
VA,Victoria,53,25752000
VA,Vienna,948,125705000
VA,Vinton,45,20735000
VA,Virgilina,9,5652000
VA,Virginia Beach,3480,493763000
VA,Virginia State University,1,120000
VA,Wakefield,35,9959000
VA,Walkerton,4,3508000
VA,Wallops Island,10,5816000
VA,Warfield,100,25722000
VA,Warm Springs,18,12100000
VA,Warrenton,652,175936000
VA,Warsaw,134,63539000
VA,Washington,41,4456000
VA,Waterford,47,12296000
VA,Waverly,58,19312000
VA,Waynesboro,348,98613000
VA,Weber City,2,168000
VA,Weems,10,6964000
VA,West Augusta,18,10052000
VA,West Point,62,16672000
VA,Weyers Cave,304,68175000
VA,White Plains,2,208000
VA,White Post,34,17008000
VA,White Stone,26,9988000
VA,Williamsburg,1209,220531000
VA,Willis,8,6804000
VA,Wilsons,24,8078000
VA,Winchester,923,208107000
VA,Windsor,84,33494000
VA,Wirtz,43,27492000
VA,Wise,9,3848000
VA,Woodberry Forest,1,88000
VA,Woodbridge,3161,445003000
VA,Woodford,526,107610000
VA,Woodlawn,13,4435000
VA,Woodstock,223,57839000
VA,Woolwine,3,2296000
VA,Wylliesburg,7,2700000
VA,Wytheville,434,93911000
VA,Yorktown,265,44030000
VA,Zion Crossroads,4,424000
VA,Zuni,35,10444000
VT,Alburgh,4,2876000
VT,Barnet,1,450000
VT,Bellows Falls,4,440000
VT,Bennington,2,538000
VT,Bondville,2,264000
VT,Brattleboro,5,970000
VT,Chester,3,3680000
VT,Colchester,4,1491000
VT,Derby Line,1,275000
VT,East Dover,1,144000
VT,East Montpelier,2,419000
VT,Essex Junction,1,96000
VT,Fair Haven,1,300000
VT,Fairfax,4,2025000
VT,Fairlee,1,96000
VT,Franklin,1,96000
VT,Grafton,1,144000
VT,Grand Isle,1,88000
VT,Jacksonville,4,480000
VT,Jamaica,1,80000
VT,Londonderry,2,264000
VT,Marshfield,1,88000
VT,Montpelier,6,1719000
VT,Newfane,6,632000
VT,Newport,1,450000
VT,Newport Center,1,120000
VT,North Ferrisburgh,1,88000
VT,North Montpelier,1,96000
VT,Norwich,1,80000
VT,Orleans,1,80000
VT,Putney,10,2224000
VT,Randolph,1,120000
VT,Randolph Center,3,875000
VT,Readsboro,1,96000
VT,Richmond,6,3988000
VT,Ripton,1,300000
VT,Roxbury,3,1388000
VT,Saint Albans,2,346000
VT,Saint Johnsbury,1,450000
VT,Shaftsbury,1,80000
VT,Sharon,2,525000
VT,Shelburne,1,88000
VT,South Burlington,11,3852000
VT,South Hero,1,80000
VT,South Londonderry,1,88000
VT,South Newfane,1,80000
VT,South Royalton,2,550000
VT,Springfield,2,570000
VT,Stowe,2,385000
VT,Stratton,1,120000
VT,Swanton,1,275000
VT,Townshend,2,315000
VT,Vernon,1,80000
VT,Wallingford,1,80000
VT,Washington,1,88000
VT,Waterbury,5,2371000
VT,Westminster,3,336000
VT,Weston,2,240000
VT,White River Junction,2,1375000
VT,Whitingham,3,280000
VT,Williston,5,2200000
VT,Wilmington,2,184000
VT,Windsor,2,1450000
VT,Winooski,1,375000
WA,Aberdeen,34,4713000
WA,Acme,1,120000
WA,Addy,3,408000
WA,Airway Heights,10,1122000
WA,Allyn,16,4292000
WA,Amanda Park,2,208000
WA,Amboy,11,1379000
WA,Anacortes,52,12157000
WA,Anatone,2,240000
WA,Ariel,15,4304000
WA,Arlington,245,54244000
WA,Ashford,5,512000
WA,Auburn,518,84404000
WA,Bainbridge Island,2,200000
WA,Baring,4,464000
WA,Battle Ground,29,3194000
WA,Beaver,6,746000
WA,Belfair,64,10083000
WA,Bellevue,897,171344000
WA,Bellingham,309,77941000
WA,Benton City,3,1316000
WA,Bingen,12,1248000
WA,Black Diamond,4,1240000
WA,Blaine,33,6148000
WA,Bonney Lake,36,3799000
WA,Bothell,397,75007000
WA,Bow,29,7030000
WA,Bremerton,156,18021000
WA,Brinnon,33,7064000
WA,Brush Prairie,9,912000
WA,Buckley,33,3540000
WA,Burien,3,218000
WA,Burlington,85,18729000
WA,Camano Island,11,4816000
WA,Camas,40,4828000
WA,Carnation,12,3484000
WA,Castle Rock,85,16487000
WA,Cathlamet,8,808000
WA,Centerville,4,440000
WA,Centralia,54,11284000
WA,Chattaroy,6,616000
WA,Chehalis,160,34556000
WA,Cheney,33,9243000
WA,Chimacum,3,384000
WA,Chinook,8,936000
WA,Cinebar,1,144000
WA,Clallam Bay,3,280000
WA,Clayton,5,375000
WA,Cle Elum,144,40166000
WA,Clinton,8,5216000
WA,Colbert,11,1042000
WA,Colfax,12,2320000
WA,Colville,2,395000
WA,Concrete,14,6464000
WA,Connell,3,264000
WA,Cosmopolis,7,1162000
WA,Coulee City,2,1580000
WA,Coupeville,24,11488000
WA,Covington,11,1120000
WA,Creston,1,96000
WA,Curlew,1,80000
WA,Cusick,9,2680000
WA,Custer,5,674000
WA,Dallesport,8,720000
WA,Darrington,1,120000
WA,Davenport,4,1456000
WA,Deer Park,13,2208000
WA,Deming,34,10256000
WA,Des Moines,7,2008000
WA,Dupont,158,31709000
WA,Duvall,11,4488000
WA,East Wenatchee,1,96000
WA,East Whatcom,2,519000
WA,Easton,11,5324000
WA,Eatonville,57,11742000
WA,Edgewood,8,770000
WA,Edmonds,23,2412000
WA,Elbe,2,224000
WA,Elk,1,120000
WA,Ellensburg,14,5784000
WA,Elma,20,2309000
WA,Entiat,1,88000
WA,Enumclaw,41,10216000
WA,Ethel,6,528000
WA,Everett,641,111025000
WA,Everson,47,9678000
WA,Fairchild Air Force Base,1,88000
WA,Fall City,13,4590000
WA,Federal Way,549,102599000
WA,Ferndale,92,17456000
WA,Fife,166,32164000
WA,Fircrest,2,184000
WA,Forks,25,3042000
WA,Fox Island,1,88000
WA,Freeland,1,88000
WA,Gig Harbor,236,32318000
WA,Gig Harbor Peninsula,1,120000
WA,Glenoma,4,408000
WA,Gold Bar,16,2640000
WA,Goldendale,75,14420000
WA,Graham,78,11658000
WA,Grandview,2,176000
WA,Granite Falls,5,464000
WA,Grapeview,11,2056000
WA,Grayland,2,338000
WA,Grays River,1,144000
WA,Greenacres,21,4365000
WA,Hanford Site,5,1648000
WA,Hoodsport,27,3436000
WA,Hoquiam,32,3428000
WA,Humptulips,4,432000
WA,Issaquah,158,34698000
WA,Joint Base Lewis Mcchord,1,80000
WA,Kalama,59,10307000
WA,Kelso,114,21714000
WA,Kenmore,2,216000
WA,Kennewick,13,2046000
WA,Kent,562,78982000
WA,Kettle Falls,9,2560000
WA,Kingston,14,1552000
WA,Kirkland,264,49349000
WA,Klickitat,2,208000
WA,La Center,3,312000
WA,Lacey,47,7231000
WA,Lacrosse,2,240000
WA,Lake Forest Park,2,200000
WA,Lake Stevens,114,25974000
WA,Lake Tapps,6,552000
WA,Lakebay,1,96000
WA,Lakewood,391,65635000
WA,Langley,3,1184000
WA,Leavenworth,23,12316000
WA,Liberty Lake,59,13222000
WA,Lilliwaup,23,2618000
WA,Lind,5,480000
WA,Longview,60,10522000
WA,Loon Lake,8,659000
WA,Lyle,17,3255000
WA,Lynden,28,4128000
WA,Lynnwood,554,94620000
WA,Maple Falls,6,1664000
WA,Maple Valley,47,9158000
WA,Marblemount,2,240000
WA,Marysville,300,62732000
WA,Mattawa,5,6044000
WA,McCleary,17,1936000
WA,McKenna,1,96000
WA,Mead,19,2088000
WA,Medical Lake,17,3636000
WA,Medina,23,4048000
WA,Mercer Island,155,33089000
WA,Mesa,2,1920000
WA,Mill Creek,6,768000
WA,Milton,93,14463000
WA,Mineral,17,2728000
WA,Monroe,89,23596000
WA,Montesano,40,7383000
WA,Morton,18,5148000
WA,Moses Lake,3,483000
WA,Mossyrock,13,1208000
WA,Mount Vernon,184,43454000
WA,Mountlake Terrace,223,51542000
WA,Moxee,1,88000
WA,Mukilteo,7,674000
WA,Naches,18,11744000
WA,Naselle,18,6780000
WA,Nespelem,2,176000
WA,Newman Lake,2,208000
WA,Newport,4,3240000
WA,Nine Mile Falls,9,2144000
WA,Nordland,6,648000
WA,North Bend,78,24940000
WA,North Bonneville,1,1500000
WA,Northport,3,1976000
WA,Oak Bay-Port Ludlow,3,360000
WA,Oak Harbor,46,12550000
WA,Oakville,5,512000
WA,Ocean Park,2,192000
WA,Ocean Shores,3,264000
WA,Okanogan,1,1100000
WA,Olalla,1,88000
WA,Olympia,631,116451000
WA,Omak,1,144000
WA,Onalaska,4,360000
WA,Orondo,6,5708000
WA,Orting,33,3564000
WA,Othello,6,2068000
WA,Otis Orchards,6,656000
WA,Pacific,122,16660000
WA,Pacific Beach,7,720000
WA,Packwood,5,608000
WA,Palouse,3,352000
WA,Pasco,12,4214000
WA,Pateros,3,1276000
WA,Pe Ell,4,504000
WA,Peshastin,16,4127000
WA,Plymouth,4,368000
WA,Port Angeles,80,13587000
WA,Port Gamble,2,176000
WA,Port Ludlow,28,4396000
WA,Port Orchard,125,15585000
WA,Port Townsend,35,5876000
WA,Poulsbo,99,11974000
WA,Prosser,1,144000
WA,Pullman,10,1048000
WA,Puyallup,507,61496000
WA,Quilcene,35,5186000
WA,Quinault,1,96000
WA,Quincy,14,4984000
WA,Rainier,14,4168000
WA,Randle,11,5132000
WA,Raymond,6,3416000
WA,Reardan,1,144000
WA,Redmond,116,18543000
WA,Renton,880,156853000
WA,Richland,15,2969000
WA,Ridgefield,193,35865000
WA,Ritzville,35,5900000
WA,Riverside,5,1408000
WA,Rochester,103,18303000
WA,Rock Island,3,258000
WA,Rockport,4,352000
WA,Roosevelt,2,232000
WA,Rosalia,5,600000
WA,Rosburg,5,536000
WA,Roslyn,1,88000
WA,Roy,89,10685000
WA,Royal City,8,5900000
WA,Salkum,5,576000
WA,Sammamish,5,488000
WA,Seatac,8,615000
WA,Seattle,6796,1097418000
WA,Seaview,3,256000
WA,Sedro Woolley,33,9840000
WA,Sekiu,7,768000
WA,Selah,1,250000
WA,Sequim,20,2347000
WA,Shelton,90,12190000
WA,Shoreline,37,8390000
WA,Silver Creek,3,256000
WA,Silverdale,36,5976000
WA,Silverlake,2,168000
WA,Skamokawa,6,672000
WA,Skokomish Nation,1,120000
WA,Skykomish,27,5636000
WA,Snohomish,186,30081000
WA,Snoqualmie,70,15507000
WA,Snoqualmie Pass,4,531000
WA,Soap Lake,4,416000
WA,South Bend,7,672000
WA,South Prairie,3,360000
WA,South Yakima,2,200000
WA,Spanaway,188,22410000
WA,Spangle,11,1112000
WA,Spokane,870,122372000
WA,Spokane Valley,82,9029000
WA,Sprague,12,4069000
WA,Stanwood,51,10270000
WA,Steilacoom,5,346000
WA,Stevenson,28,8074000
WA,Sultan,34,8772000
WA,Sumas,5,416000
WA,Sumner,241,33900000
WA,Sunnyside,8,3052000
WA,Suquamish,1,11000
WA,Tacoma,2333,390731000
WA,Tenino,17,1712000
WA,Thornton,1,88000
WA,Thorp,8,936000
WA,Toledo,86,18432000
WA,Tonasket,4,4320000
WA,Toppenish,4,1464000
WA,Toutle,3,442000
WA,Tukwila,15,1866000
WA,Tulalip,6,544000
WA,Tumwater,14,3949000
WA,Underwood,7,1740000
WA,Union,10,1024000
WA,Uniontown,1,80000
WA,University Place,6,584000
WA,Usk,1,144000
WA,Vader,3,304000
WA,Valley,15,4596000
WA,Valleyford,3,242000
WA,Vancouver,953,157322000
WA,Veradale,12,1256000
WA,Wahkiacus,1,300000
WA,Waitsburg,3,1316000
WA,Walla Walla,3,360000
WA,Walla Walla-College Place,1,96000
WA,Wapato,1,120000
WA,Warden,3,2064000
WA,Washougal,56,15568000
WA,Wenatchee,1,275000
WA,West Richland,1,144000
WA,Westport,2,519000
WA,White Salmon,15,1544000
WA,Wilbur,1,88000
WA,Winlock,48,7965000
WA,Woodinville,48,5387000
WA,Woodland,101,23796000
WA,Yacolt,24,3742000
WA,Yakima,19,6237000
WA,Yarrow Point,1,88000
WA,Yelm,10,1359000
WI,Abbotsford,5,544000
WI,Abrams,3,296000
WI,Adams,1,1200000
WI,Albany,2,1280000
WI,Allenton,35,6682000
WI,Altoona,10,3440000
WI,Amery,2,176000
WI,Amherst,9,1856000
WI,Amherst Junction,2,240000
WI,Aniwa,2,1220000
WI,Antigo,2,216000
WI,Antioch,1,80000
WI,Appleton,220,47889000
WI,Arcadia,1,300000
WI,Arlington,13,2769000
WI,Ashland,2,176000
WI,Athens,3,328000
WI,Avalon,1,120000
WI,Baileys Harbor,7,6676000
WI,Baldwin,31,5815000
WI,Bancroft,1,375000
WI,Baraboo,56,9710000
WI,Barneveld,2,200000
WI,Bear Creek,1,80000
WI,Beaver Dam,3,336000
WI,Belgium,5,644000
WI,Belleville,3,1708000
WI,Beloit,49,13395000
WI,Berlin,1,96000
WI,Big Bend,20,4904000
WI,Black Creek,4,1312000
WI,Black Earth,3,296000
WI,Black River Falls,26,4714000
WI,Blair,5,2956000
WI,Blue Mounds,2,176000
WI,Bonduel,7,2912000
WI,Boscobel,1,80000
WI,Bowler,2,192000
WI,Brillion,3,567000
WI,Bristol,2,208000
WI,Brookfield,221,32631000
WI,Brooklyn,1,88000
WI,Brownsville,7,1162000
WI,Bruce,1,120000
WI,Brule,3,384000
WI,Bryant,2,1880000
WI,Burlington,6,2320000
WI,Cadott,1,120000
WI,Caledonia,42,6078000
WI,Cambria,2,192000
WI,Cambridge,22,5132000
WI,Cameron,5,3115000
WI,Camp Douglas,10,3283000
WI,Cedar Grove,4,1070000
WI,Cedarburg,3,2040000
WI,Chetek,1,144000
WI,Chilton,6,882000
WI,Chippewa Falls,33,4814000
WI,Cleveland,4,714000
WI,Clinton,9,4494000
WI,Clintonville,4,3208000
WI,Cobb,2,1596000
WI,Coloma,6,1432000
WI,Columbus,3,1324000
WI,Cottage Grove,30,6158000
WI,Cudahy,10,944000
WI,Curtiss,2,594000
WI,Custer,1,88000
WI,Dane,8,694000
WI,Darien,11,5319000
WI,De Pere,73,15188000
WI,Deer Park,1,96000
WI,Deerbrook,1,1800000
WI,Deerfield,20,2128000
WI,Deforest,80,14179000
WI,Delafield,73,14106000
WI,Delavan,10,4552000
WI,Denmark,2,420000
WI,Dodgeville,2,208000
WI,Durand,4,1884000
WI,East Troy,6,1988000
WI,Eau Claire,83,15261000
WI,Edgar,5,2932000
WI,Edgerton,55,11298000
WI,Eland,4,1352000
WI,Eldorado,1,250000
WI,Elk Mound,39,4877000
WI,Elkhart Lake,10,6492000
WI,Elkhorn,10,3788000
WI,Ellison Bay,3,3088000
WI,Ellsworth,4,2064000
WI,Elm Grove,1,80000
WI,Endeavor,8,5189000
WI,Ephraim,2,1880000
WI,Evansville,7,3112000
WI,Fall Creek,3,360000
WI,Fish Creek,10,4932000
WI,Fitchburg,1,88000
WI,Fond du Lac,92,16590000
WI,Fort Atkinson,4,2908000
WI,Fountain City,2,1196000
WI,Franklin,5,592000
WI,Franksville,20,4134000
WI,Fremont,13,3692000
WI,Germantown,18,5088000
WI,Glenbeulah,1,88000
WI,Grafton,30,5877000
WI,Grand View,1,1200000
WI,Granton,3,2444000
WI,Grantsburg,1,1800000
WI,Green Bay,143,23539000
WI,Greenleaf,1,144000
WI,Greenville,6,1620000
WI,Hager City,8,2892000
WI,Hammond,6,664000
WI,Hancock,2,395000
WI,Harshaw,3,328000
WI,Hartford,16,4132000
WI,Hartland,4,1560000
WI,Hatley,3,288000
WI,Hayward,1,96000
WI,Hazel Green,1,96000
WI,Hertel,3,1700000
WI,Hilbert,6,544000
WI,Hixton,17,6515000
WI,Holcombe,6,2456000
WI,Holmen,2,160000
WI,Hortonville,8,816000
WI,Hudson,42,6414000
WI,Iola,3,2171000
WI,Irma,4,578000
WI,Jackson,8,2040000
WI,Janesville,65,17423000
WI,Jefferson,1,144000
WI,Jim Falls,3,2320000
WI,Johnson Creek,12,1731000
WI,Junction City,6,656000
WI,Juneau,2,168000
WI,Kaukauna,46,9361000
WI,Kenosha,88,18446000
WI,Kewaunee,1,96000
WI,Kimberly,3,352000
WI,Kingston,1,88000
WI,Knapp,30,7599000
WI,Kohler,5,1830000
WI,La Crosse,15,2140000
WI,Ladysmith,1,96000
WI,Lake Geneva,6,1767000
WI,Lake Mills,20,3148000
WI,Lancaster,1,1000000
WI,Larsen,10,2842000
WI,Leopolis,3,1955000
WI,Little Chute,9,2859000
WI,Lodi,20,3921000
WI,Lomira,30,3999000
WI,Luxemburg,1,144000
WI,Lyndon Station,11,1421000
WI,Madison,974,121623000
WI,Maiden Rock,1,80000
WI,Manawa,2,1588000
WI,Manitowoc,13,4760000
WI,Marathon,1,96000
WI,Maribel,2,168000
WI,Marion,3,755000
WI,Markesan,2,216000
WI,Marshall,31,4750000
WI,Mauston,21,6695000
WI,Mazomanie,5,3288000
WI,Mc Farland,16,1538000
WI,McFarland,11,2342000
WI,Mellen,1,120000
WI,Menasha,27,4317000
WI,Menomonee Falls,27,3889000
WI,Menomonie,47,8501000
WI,Mequon,75,21518000
WI,Merrill,14,5099000
WI,Merrimac,2,1920000
WI,Middleton,28,4129000
WI,Milton,17,3130000
WI,Milwaukee,3132,559293000
WI,Mindoro,2,1920000
WI,Mineral Point,1,250000
WI,Mondovi,8,1904000
WI,Monona,1,120000
WI,Monroe,1,144000
WI,Montello,1,250000
WI,Montfort,5,3476000
WI,Mosinee,8,2239000
WI,Mount Horeb,3,386000
WI,Mount Pleasant,2,160000
WI,Mukwonago,13,3744000
WI,Muskego,2,200000
WI,Neenah,96,20971000
WI,Neillsville,12,4932000
WI,Nekoosa,4,424000
WI,Nelson,1,375000
WI,New Berlin,60,11796000
WI,New Franken,1,96000
WI,New Lisbon,14,2532000
WI,New London,7,540000
WI,New Richmond,1,96000
WI,Newton,2,2100000
WI,North Freedom,1,96000
WI,North Prairie,1,1100000
WI,Norwalk,1,1800000
WI,Oak Creek,149,25009000
WI,Oconomowoc,95,17949000
WI,Oconto,4,448000
WI,Okauchee,1,120000
WI,Omro,2,288000
WI,Onalaska,31,5769000
WI,Oostburg,2,725000
WI,Oregon,9,2943000
WI,Orfordville,6,2376000
WI,Osceola,4,1476000
WI,Oshkosh,85,15052000
WI,Osseo,48,9379000
WI,Oxford,2,394000
WI,Palmyra,1,275000
WI,Pardeeville,8,4736000
WI,Park Falls,3,2032000
WI,Pewaukee,76,19130000
WI,Plainfield,1,250000
WI,Platteville,2,224000
WI,Pleasant Prairie,26,5906000
WI,Plover,17,2218000
WI,Plymouth,11,3692000
WI,Port Washington,4,570000
WI,Portage,105,22826000
WI,Potosi,1,1100000
WI,Poy Sippi,1,80000
WI,Poynette,59,10844000
WI,Prairie du Sac,4,1328000
WI,Prentice,1,96000
WI,Prescott,7,2860000
WI,Pulaski,6,568000
WI,Racine,4,2128000
WI,Randolph,5,2264000
WI,Random Lake,2,208000
WI,Readstown,1,144000
WI,Redgranite,1,120000
WI,Reedsburg,2,1588000
WI,Reedsville,1,300000
WI,Rhinelander,4,2500000
WI,Rice Lake,3,1376000
WI,Richfield,50,9215000
WI,Ridgeway,1,375000
WI,Ringle,2,184000
WI,River Falls,5,1608000
WI,Roberts,24,3505000
WI,Rothschild,3,559000
WI,Rubicon,2,1344000
WI,Rudolph,2,1188000
WI,Saint Francis,16,1720000
WI,Salem,1,88000
WI,Sauk City,3,626000
WI,Saukville,5,2092000
WI,Saxon,1,80000
WI,Scandinavia,1,96000
WI,Schofield,1,120000
WI,Sharon,2,1296000
WI,Shawano,7,1220000
WI,Sheboygan,37,9602000
WI,Sheboygan Falls,6,1050000
WI,Siren,1,120000
WI,Slinger,35,7820000
WI,Sobieski,1,96000
WI,Solon Springs,4,3200000
WI,Somerset,3,320000
WI,South Milwaukee,1,96000
WI,Sparta,5,1250000
WI,Spencer,2,224000
WI,Spring Green,7,4344000
WI,Spring Valley,9,3704000
WI,Stevens Point,23,5462000
WI,Stoughton,25,5999000
WI,Sturgeon Bay,7,2432000
WI,Sturtevant,77,12367000
WI,Suamico,4,416000
WI,Sun Prairie,66,13095000
WI,Superior,29,4832000
WI,Superior city,4,360000
WI,Theresa,5,845000
WI,Thorp,1,88000
WI,Three Lakes,2,1296000
WI,Tigerton,2,330000
WI,Tomah,43,10445000
WI,Tomahawk,7,3480000
WI,Trego,2,240000
WI,Trempealeau,1,375000
WI,Turtle Lake,1,144000
WI,Union Grove,18,7672000
WI,Valders,1,1500000
WI,Van Dyne,27,3143000
WI,Verona,4,626000
WI,Vesper,2,1120000
WI,Waldo,2,232000
WI,Walworth,3,1424000
WI,Warrens,10,3118000
WI,Waterford,4,1844000
WI,Watertown,38,8333000
WI,Waukesha,328,187025000
WI,Waunakee,8,2600000
WI,Waupaca,23,5565000
WI,Waupun,8,1688000
WI,Wausau,39,4829000
WI,Wausaukee,2,1088000
WI,Wautoma,1,375000
WI,Wauzeka,1,96000
WI,Webster,3,352000
WI,West Bend,10,4220000
WI,West Salem,3,384000
WI,Westfield,2,2050000
WI,Weyauwega,12,1264000
WI,Wheeler,2,288000
WI,White Lake,8,3648000
WI,Whitelaw,3,1519000
WI,Whitewater,7,3860000
WI,Wilson,33,4408000
WI,Wilton,2,208000
WI,Windsor,32,6739000
WI,Winneconne,3,352000
WI,Wisconsin Dells,38,8827000
WI,Wisconsin Rapids,3,1368000
WI,Wittenberg,5,684000
WI,Woodruff,4,3088000
WI,Woodville,10,1641000
WI,Wrightstown,2,1596000
WV,Alderson,1,144000
WV,Alum Creek,11,1360000
WV,Amma,7,784000
WV,Ansted,2,240000
WV,Asbury,7,704000
WV,Augusta,5,472000
WV,Aurora,3,256000
WV,Barboursville,106,14448000
WV,Bartow,2,168000
WV,Beaver,34,8088000
WV,Beckley,186,22840000
WV,Belington,9,2040000
WV,Belle,48,5752000
WV,Benwood,8,784000
WV,Berkeley Springs,28,6352000
WV,Birch River,2,192000
WV,Blacksville,1,80000
WV,Bluefield,34,7488000
WV,Brandywine,1,1200000
WV,Bridgeport,26,3840000
WV,Bruceton Mills,119,12752000
WV,Buckhannon,3,2000000
WV,Buffalo,3,264000
WV,Bunker Hill,117,14564000
WV,Burlington,6,2508000
WV,Burnsville,26,2800000
WV,Cabin Creek,45,9128000
WV,Cabins,1,80000
WV,Cairo,4,480000
WV,Caldwell,18,4680000
WV,Camden on Gauley,1,120000
WV,Cameron,2,176000
WV,Camp Creek,13,1476000
WV,Capon Bridge,9,1744000
WV,Cedar Grove,15,3316000
WV,Chapmanville,18,2844000
WV,Charles Town,69,7120000
WV,Charleston,964,128654000
WV,Clarksburg,13,3596000
WV,Clendenin,47,5168000
WV,Cool Ridge,34,3712000
WV,Cottageville,1,96000
WV,Crab Orchard,1,120000
WV,Crawley,8,2228000
WV,Culloden,43,6992000
WV,Daniels,7,696000
WV,Danville,7,1700000
WV,Davis,1,120000
WV,Delbarton,2,176000
WV,Drybranch,18,3096000
WV,Duck,3,408000
WV,Dunbar,95,11540000
WV,Durbin,1,88000
WV,East Bank,2,192000
WV,Eglon,3,1364000
WV,Elizabeth,2,168000
WV,Elk Garden,2,192000
WV,Elkins,2,216000
WV,Elkview,126,16508000
WV,Ellenboro,1,120000
WV,Eskdale,65,9584000
WV,Exchange,11,1288000
WV,Fairmont,170,19672000
WV,Falling Waters,94,14255000
WV,Farmington,3,296000
WV,Fayetteville,3,328000
WV,Flat Top,54,7464000
WV,Flatwoods,23,3456000
WV,Flemington,1,88000
WV,Follansbee,1,80000
WV,Fort Gay,1,120000
WV,Foster,1,96000
WV,Frametown,17,3352000
WV,Franklin,3,1192000
WV,Fraziers Bottom,29,9684000
WV,Freeman,1,80000
WV,Gallagher,80,11604000
WV,Gandeeville,3,1464000
WV,Gassaway,16,4288000
WV,Gauley Bridge,1,144000
WV,Ghent,21,2484000
WV,Gilbert,1,80000
WV,Glasgow,1,120000
WV,Glen Daniel,2,216000
WV,Glen Jean,1,88000
WV,Glen Morgan,3,344000
WV,Glenwood,4,424000
WV,Gormania,3,280000
WV,Grafton,11,3612000
WV,Grassy Meadows,4,448000
WV,Green Sulphur Springs,28,5900000
WV,Hambleton,2,1296000
WV,Hansford,2,200000
WV,Harpers Ferry,65,8012000
WV,Heaters,1,144000
WV,Hedgesville,18,1720000
WV,Henderson,12,4056000
WV,Hernshaw,3,296000
WV,Hico,2,224000
WV,Hinton,3,328000
WV,Holden,6,640000
WV,Hometown,1,96000
WV,Horner,1,80000
WV,Huntington,374,54616000
WV,Hurricane,106,14788000
WV,Huttonsville,2,1244000
WV,Independence,1,88000
WV,Inwood,233,28575000
WV,Jane Lew,14,5684000
WV,Julian,2,240000
WV,Kearneysville,12,1264000
WV,Kenna,23,3688000
WV,Kenova,8,848000
WV,Kermit,1,80000
WV,Keyser,4,400000
WV,Kingwood,5,560000
WV,Le Roy,2,184000
WV,Left Hand,13,1448000
WV,Lerona,1,144000
WV,Lesage,3,1388000
WV,Lewisburg,33,3392000
WV,Liberty,1,96000
WV,Lindside,1,96000
WV,Linn,2,1180000
WV,Little Birch,4,2784000
WV,Littleton,1,88000
WV,Logan,5,528000
WV,London,3,320000
WV,Lookout,1,120000
WV,Lost Creek,21,2224000
WV,Maidsville,1,96000
WV,Man,1,80000
WV,Mannington,3,296000
WV,Martinsburg,367,49664000
WV,Mason,1,88000
WV,Masontown,1,80000
WV,Maxwelton,1,96000
WV,Meadow Creek,1,80000
WV,Metz,2,1144000
WV,Mill Creek,1,88000
WV,Millville,5,568000
WV,Millwood,1,144000
WV,Milton,65,8796000
WV,Mineral Wells,22,3296000
WV,Montgomery,21,2232000
WV,Montrose,3,1308000
WV,Morgantown,268,33888000
WV,Moundsville,2,232000
WV,Mount Clare,14,1384000
WV,Mount Hope,43,4648000
WV,Mount Lookout,3,280000
WV,Mount Nebo,2,184000
WV,Mount Storm,3,1200000
WV,Mt Clare,13,1336000
WV,Mt Hope,7,728000
WV,Mt Lookout,5,2240000
WV,Nebo,8,960000
WV,Nettie,1,80000
WV,New Creek,4,416000
WV,New Martinsville,1,144000
WV,Newburg,2,184000
WV,Newton,28,3860000
WV,Nitro,183,27608000
WV,Oak Hill,10,2116000
WV,Ona,68,7040000
WV,Orlando,27,4968000
WV,Osage,5,1368000
WV,Palestine,1,144000
WV,Parkersburg,142,23700000
WV,Parsons,2,1896000
WV,Paw Paw,1,88000
WV,Pennsboro,7,784000
WV,Petersburg,1,96000
WV,Petroleum,2,168000
WV,Philippi,4,2088000
WV,Poca,2,224000
WV,Pratt,1,120000
WV,Princeton,97,12532000
WV,Proctor,2,200000
WV,Purgitsville,2,288000
WV,Rainelle,2,200000
WV,Ranson,11,1168000
WV,Ravenswood,68,11508000
WV,Red House,3,256000
WV,Reedy,3,336000
WV,Ripley,111,17512000
WV,Riverton,2,1080000
WV,Rivesville,3,288000
WV,Rock,1,80000
WV,Rockport,21,2336000
WV,Romney,4,2120000
WV,Ronceverte,2,224000
WV,Rowlesburg,3,256000
WV,Saint Albans,96,13840000
WV,Salem,7,744000
WV,Salt Rock,3,304000
WV,Sandstone,13,1448000
WV,Scarbro,53,7032000
WV,Scott Depot,118,20136000
WV,Seneca Rocks,2,240000
WV,Shady Spring,36,4608000
WV,Shenandoah Junction,2,224000
WV,Shinnston,10,1112000
WV,Smithers,2,240000
WV,South Charleston,298,32332000
WV,Southside,10,3656000
WV,Spanishburg,29,2928000
WV,Spencer,15,3200000
WV,St Albans,15,1680000
WV,Sumerco,6,2320000
WV,Summersville,10,1952000
WV,Summit Point,2,184000
WV,Sutton,38,5336000
WV,Terra Alta,2,160000
WV,Thornton,2,176000
WV,Triadelphia,65,8872000
WV,Unknown,2,200000
WV,Valley Grove,34,4632000
WV,Vienna,11,1136000
WV,Walker,9,872000
WV,Walkersville,9,992000
WV,Walton,6,624000
WV,Wana,1,96000
WV,Wardensville,4,392000
WV,Washington,3,272000
WV,Waverly,2,168000
WV,Weirton,5,2660000
WV,West Union,9,2712000
WV,Weston,51,10676000
WV,Wheeling,164,22382000
WV,White Sulphur Springs,23,6848000
WV,Williamstown,70,10108000
WV,Winfield,31,4152000
WV,Winifrede,3,320000
WV,Worthington,3,304000
WY,Afton,1,96000
WY,Albin,1,144000
WY,Banner,14,4416000
WY,Basin,2,1220000
WY,Belle Fourche,5,3156000
WY,Beulah,2,1888000
WY,Bondurant,1,80000
WY,Bosler,14,1448000
WY,Buffalo,24,3388000
WY,Buford,18,4460000
WY,Burns,32,10952000
WY,Casper,36,15488000
WY,Cheyenne,167,39664000
WY,Chugwater,26,3752000
WY,Cody,3,2288000
WY,Cokeville,2,232000
WY,Douglas,33,14152000
WY,Elk Mountain,20,2968000
WY,Evanston,98,19756000
WY,Evansville,20,6872000
WY,Farson,1,88000
WY,Fort Bridger,99,22436000
WY,Gillette,26,6408000
WY,Glendo,30,6236000
WY,Glenrock,13,2344000
WY,Granite Canon,31,4840000
WY,Green River,82,10784000
WY,Greybull,6,592000
WY,Hanna,142,21920000
WY,Jackson,3,376000
WY,Jeffrey City,3,3020000
WY,Kaycee,6,1964000
WY,La Grange,4,3016000
WY,Lander,3,2032000
WY,Laramie,190,45826000
WY,Lingle,4,2940000
WY,Lusk,5,4316000
WY,Lyman,5,3784000
WY,Mc Kinnon,8,1752000
WY,Moorcroft,6,2264000
WY,Parkman,1,120000
WY,Pine Bluffs,20,2216000
WY,Rawlins,145,29120000
WY,Rock River,73,16172000
WY,Rock Springs,241,45888000
WY,Saratoga,2,200000
WY,Sheridan,22,4292000
WY,Shoshoni,4,368000
WY,Sinclair,37,13372000
WY,Smoot,2,1644000
WY,Sundance,5,544000
WY,Tie Siding,3,2008000
WY,Torrington,1,88000
WY,Wamsutter,203,46540000
WY,Wheatland,44,17036000
WY,Wilson,10,5772000
